,RpL6,br,dpn,awd,entropy,predicted,known
AAACCCACAACATACC-1,0.261643,0.15398207,0.19160423,0.39277074,1.32254,awd,A8
AAACCCACAATCCTTT-1,0.63876784,0.07824429,0.081349246,0.20163861,1.0126501,RpL6,A9p1
AAACCCACATGTGCCG-1,0.26118612,0.12536083,0.4239157,0.18953738,1.2900132,dpn,A9p1
AAACCCAGTCTGGTTA-1,0.46706626,0.11835137,0.24976324,0.16481912,1.251779,RpL6,A9p1
AAACCCATCAGATTGC-1,0.11341609,0.023648618,0.12683271,0.7361026,0.8228495,awd,A9p2
AAACCCATCATTACGG-1,0.11682205,0.49283457,0.2068374,0.18350603,1.2366246,br,A9p1
AAACCCATCTGCCTGT-1,0.042570524,0.17870055,0.7089508,0.069778144,0.8717449,dpn,A9p1
AAACCCATCTGTGCTC-1,0.7756907,0.005056058,0.018589359,0.20066397,0.6201316,RpL6,A9p1
AAACGAAAGTCGTCTA-1,0.222897,0.24578962,0.43309227,0.09822116,1.2698292,dpn,A10
AAACGAACACGTTCGG-1,0.042812325,0.110283166,0.11325763,0.7336469,0.85195625,awd,A9p1
AAACGAACACTAAACC-1,0.25834262,0.46596888,0.15688647,0.118802086,1.2491634,br,A8
AAACGAAGTGTGAATA-1,0.95201755,0.033245526,0.0031969107,0.011540085,0.22983384,RpL6,A10
AAACGAATCCGAACGC-1,0.14794978,0.26975077,0.16491577,0.41738364,1.2980772,awd,A10
AAACGAATCTTACGGA-1,0.1486303,0.51826024,0.04486148,0.28824794,1.1217933,br,A9p1
AAACGCTAGGGATCTG-1,0.41578937,0.0929402,0.12682526,0.36444515,1.2154447,RpL6,A9p2
AAACGCTAGTTGTCAC-1,0.39255258,0.13010865,0.20055193,0.27678686,1.3101696,RpL6,A9p1
AAACGCTCAACCGCTG-1,0.077384844,0.4001507,0.4626543,0.059810176,1.0895913,dpn,A8
AAACGCTCATGCACTA-1,0.44899896,0.3471541,0.065214224,0.13863263,1.1787814,RpL6,A10
AAACGCTGTCAACACT-1,0.28199458,0.2734947,0.20380263,0.2407081,1.3785248,RpL6,A9p1
AAACGCTGTGGCGTAA-1,0.34628668,0.43535066,0.048576556,0.16978611,1.1772649,br,A10
AAACGCTTCGCTGTCT-1,0.44929492,0.14663145,0.2028027,0.20127092,1.287212,RpL6,A9p2
AAAGAACAGCCTCGTG-1,0.3718149,0.089312114,0.09163623,0.44723675,1.1624832,awd,A9p2
AAAGAACCAAATGATG-1,0.33936152,0.52533436,0.031357534,0.10394657,1.0488044,br,A9p2
AAAGAACCAACTGCTA-1,0.34734777,0.09476618,0.19808035,0.35980567,1.2790958,awd,A9p2
AAAGAACCACAGTCGC-1,0.44020176,0.27906567,0.18869868,0.09203393,1.2515997,RpL6,A9p1
AAAGAACGTGCATGAG-1,0.5709329,0.08951557,0.12296135,0.21659024,1.1250716,RpL6,A9p2
AAAGAACTCAAGGCTT-1,0.116079316,0.33311495,0.113829985,0.43697575,1.2252778,awd,A9p1
AAAGAACTCATTGAGC-1,0.52897274,0.1808905,0.07768455,0.2124522,1.1737459,RpL6,A9p1
AAAGAACTCGCTCTCA-1,0.21261808,0.29132771,0.0732462,0.42280805,1.2439132,awd,A10
AAAGGATCACTGGACC-1,0.2693938,0.59181905,0.07233423,0.066452935,1.0339272,br,A8
AAAGGATCATATACCG-1,0.091113985,0.23011816,0.43908733,0.23968053,1.2601228,dpn,A9p1
AAAGGATCATTATGCG-1,0.43302843,0.22092395,0.068895824,0.27715182,1.235951,RpL6,A9p1
AAAGGATTCACGAGGA-1,0.17847204,0.10069603,0.10397554,0.6168564,1.0721018,awd,A9p2
AAAGGATTCTGGAGAG-1,0.114927016,0.24582484,0.07661947,0.5626286,1.1139812,awd,A10
AAAGGGCAGGCTCTAT-1,0.23868008,0.24890737,0.16003315,0.35237947,1.3488784,awd,A10
AAAGGGCCAACTCCCT-1,0.06630945,0.04404648,0.7436685,0.14597557,0.818609,dpn,A8
AAAGGGCCAGTCGCTG-1,0.31220707,0.18192223,0.16862702,0.3372437,1.3401983,awd,A9p2
AAAGGGCCATGAAGGC-1,0.17650053,0.30164546,0.28186506,0.23998894,1.3670875,br,A8
AAAGGGCGTATCAAGA-1,0.40124685,0.13905321,0.22565328,0.2340467,1.3165812,RpL6,A9p2
AAAGGGCTCTTGGCTC-1,0.49762633,0.13154301,0.10855494,0.26227576,1.206186,RpL6,A9p2
AAAGGTAAGAAGCGCT-1,0.41834554,0.061413955,0.109478295,0.4107622,1.1435595,RpL6,A9p2
AAAGGTAAGACATATG-1,0.13921286,0.2355944,0.19651979,0.4286729,1.2979269,awd,A9p1
AAAGGTAAGCCTATCA-1,0.22330335,0.5126248,0.078992955,0.18507896,1.1900619,br,A9p1
AAAGGTAAGGTGGTTG-1,0.14402023,0.19287327,0.24447595,0.4186306,1.3054061,awd,A10
AAAGGTACACAGCTTA-1,0.0879556,0.17938748,0.4506074,0.28204957,1.2382262,dpn,A10
AAAGGTACATCGAACT-1,0.38459152,0.25135615,0.2026613,0.16139105,1.3324564,RpL6,A9p2
AAAGGTAGTGCATGAG-1,0.094644554,0.4371742,0.15109171,0.31708956,1.234608,br,A8
AAAGGTATCGTTTACT-1,0.21604535,0.09445751,0.37486395,0.3146332,1.2855606,dpn,A10
AAAGTCCAGCTACTAC-1,0.108193375,0.62521225,0.17490038,0.09169405,1.058274,br,A9p2
AAAGTCCCACAAATGA-1,0.0993895,0.2571654,0.5443015,0.09914351,1.1389129,dpn,A10
AAAGTCCCACACACTA-1,0.27304,0.30973536,0.08213185,0.3350929,1.2891203,awd,A9p1
AAAGTCCGTTATAGCC-1,0.4944658,0.13165852,0.2215226,0.15235303,1.2357306,RpL6,A10
AAAGTCCTCGGTAGGA-1,0.30640584,0.10420437,0.13996719,0.44942266,1.232747,awd,A9p2
AAAGTGAAGATTAGAC-1,0.35169205,0.13528728,0.267651,0.24536964,1.3356655,RpL6,A9p1
AAAGTGACATAGCACT-1,0.13272487,0.49368092,0.26339316,0.11020099,1.2109448,br,A8
AAAGTGAGTTCCAAAC-1,0.064990416,0.40849328,0.32582465,0.2006917,1.2310545,br,A9p1
AAATGGACAAGGTCGA-1,0.21711917,0.3654529,0.36820716,0.04922078,1.2155843,dpn,A8
AAATGGACACGCCACA-1,0.23076001,0.42074546,0.07462034,0.27387422,1.250988,br,A10
AAATGGACAGAGTTGG-1,0.45187315,0.1009466,0.13621145,0.3109687,1.2252091,RpL6,A9p2
AAATGGACATCCGTGG-1,0.33036622,0.059409194,0.4531755,0.15704915,1.1830349,dpn,A10
AAATGGACATGAATCC-1,0.1557908,0.30678135,0.28419057,0.25323728,1.3574979,br,A8
AAATGGATCAGGAAGC-1,0.9483615,0.03308089,0.0034472463,0.015110237,0.24594209,RpL6,A9p2
AAATGGATCATTGCCC-1,0.07143657,0.33282316,0.28472212,0.3110182,1.2755896,br,A9p1
AAATGGATCGGCTCTT-1,0.07116279,0.3318862,0.5320134,0.0649376,1.0674335,dpn,A9p1
AACAAAGCAGAAGTGC-1,0.25766593,0.14042008,0.04269508,0.55921894,1.0847518,awd,A9p1
AACAAAGGTACGATGG-1,0.088515066,0.60541713,0.18810114,0.11796661,1.0848444,br,A9p1
AACAAAGGTTGTCATG-1,0.5835865,0.22160454,0.0985011,0.0963078,1.1019,RpL6,A10
AACAAAGTCTAGGCAT-1,0.11064011,0.2586109,0.29959157,0.3311574,1.3204153,awd,A8
AACAACCAGAGCAGAA-1,0.26252806,0.09636347,0.47487992,0.16622847,1.228478,dpn,A10
AACAACCAGGCTATCT-1,0.1642588,0.21264203,0.24864858,0.37445056,1.3397723,awd,A9p2
AACAACCAGGTAGTCG-1,0.24861182,0.18883818,0.28221056,0.28033948,1.3743491,dpn,A8
AACAACCCAGACAAGC-1,0.15132193,0.06882147,0.2849377,0.49491888,1.1757727,awd,A9p2
AACAACCGTAAGATTG-1,0.025259694,0.33807373,0.547025,0.08964155,1.0057654,dpn,A9p1
AACAACCGTTCAGGTT-1,0.2473671,0.4828802,0.24344186,0.026310805,1.1367391,br,A10
AACAAGAAGGCCTGCT-1,0.09304046,0.57259154,0.10239869,0.2319694,1.1125088,br,A10
AACAAGAAGTCCGTCG-1,0.027237417,0.49114528,0.3611871,0.12043019,1.0700836,br,A10
AACAAGAAGTCTCCTC-1,0.06948734,0.51885724,0.23443879,0.1772166,1.1724519,br,A8
AACAAGACACTACGGC-1,0.2270246,0.11206362,0.09349843,0.56741333,1.1249892,awd,A10
AACAAGAGTGGCTACC-1,0.11274634,0.38017875,0.13172081,0.3753541,1.2485694,br,A10
AACAAGATCCTTCACG-1,0.87651247,0.08562596,0.008706619,0.029154906,0.47034454,RpL6,A8
AACACACAGCCGATAG-1,0.057689592,0.5764209,0.09570246,0.270187,1.0602747,br,A9p1
AACACACCAAGTGATA-1,0.26665798,0.16025773,0.22755894,0.34552532,1.349945,awd,A9p1
AACACACCACATAGCT-1,0.46367228,0.06588279,0.3056304,0.16481455,1.1949987,RpL6,A9p2
AACACACGTACTAACC-1,0.44274482,0.38466686,0.053136736,0.11945149,1.1379998,RpL6,A10
AACACACTCGACCAAT-1,0.11503446,0.12717836,0.5840211,0.17376608,1.1292231,dpn,A9p1
AACACACTCGACTCCT-1,0.2997922,0.28768405,0.2522412,0.1602826,1.3604501,RpL6,A9p1
AACACACTCGGTAGAG-1,0.06671772,0.20152691,0.5261617,0.2055937,1.1665282,dpn,A9p1
AACACACTCGTGAGAG-1,0.2532249,0.0313,0.11860479,0.59687036,1.0171049,awd,A9p1
AACAGGGAGTCAATCC-1,0.12829365,0.35234794,0.48541337,0.033945084,1.0966606,dpn,A9p2
AACAGGGGTCCTCAGG-1,0.084077656,0.69029534,0.2193601,0.0062668743,0.8285924,br,A9p2
AACAGGGGTCTCTCAC-1,0.08083559,0.24471729,0.33602518,0.3384219,1.2809316,awd,A9p1
AACAGGGTCGACGCTG-1,0.19527194,0.028460303,0.09914287,0.67712486,0.91339606,awd,A9p2
AACCAACAGCCATTGT-1,0.067110546,0.14588985,0.5954081,0.19159153,1.0874251,dpn,A9p1
AACCAACAGTCATTGC-1,0.42469567,0.04401231,0.41479403,0.11649796,1.1166294,RpL6,A9p2
AACCAACCACGACGCT-1,0.046087544,0.18903016,0.05968529,0.70519704,0.87125975,awd,A10
AACCAACCACTACGGC-1,0.10889016,0.30879733,0.49082673,0.091485724,1.1724118,dpn,A9p2
AACCAACGTACCTATG-1,0.09139793,0.6776314,0.15289596,0.07807471,0.96860975,br,A10
AACCAACGTATCTTCT-1,0.32389587,0.24993962,0.22214474,0.20401978,1.3701864,RpL6,A8
AACCAACGTGCCGGTT-1,0.28915232,0.015688064,0.47089767,0.22426191,1.1138604,dpn,A9p1
AACCAACTCGCAGAGA-1,0.28531,0.06431725,0.55731523,0.09305756,1.0811003,dpn,A9p1
AACCACAAGAAACTAC-1,0.46005,0.1495146,0.15750843,0.23292704,1.2718246,RpL6,A9p2
AACCACAAGCATCCTA-1,0.14113824,0.48688737,0.25509268,0.11688171,1.2261614,br,A8
AACCACACAGAAGTTA-1,0.43531066,0.10543663,0.10615035,0.35310236,1.204904,RpL6,A9p1
AACCACAGTGGCACTC-1,0.18376489,0.32774445,0.33886683,0.14962383,1.3278558,dpn,A9p1
AACCACAGTTGGTACT-1,0.056416888,0.12557082,0.58575445,0.23225781,1.0751112,dpn,A9p1
AACCACAGTTTACGTG-1,0.39506912,0.12792635,0.27705416,0.19995032,1.3074216,RpL6,A9p1
AACCACATCTACAGGT-1,0.43115336,0.09726158,0.18202305,0.28956202,1.2583568,RpL6,A9p1
AACCACATCTAGGAAA-1,0.38647786,0.26241678,0.13385059,0.21725483,1.319341,RpL6,A8
AACCATGAGCCTAGGA-1,0.43270925,0.44301733,0.018192012,0.10608131,1.0340468,br,A10
AACCATGGTTGTAGCT-1,0.10504279,0.65813965,0.19546531,0.041352205,0.96283203,br,A8
AACCATGTCCTTCGAC-1,0.04186838,0.2950059,0.047266535,0.6158592,0.9357741,awd,A10
AACCCAACACGGCACT-1,0.06916933,0.44911042,0.39265284,0.08906735,1.1267323,br,A8
AACCTGAAGAGGGTCT-1,0.6070656,0.10206287,0.1327864,0.15808514,1.0956268,RpL6,A8
AACCTGAAGCGTACAG-1,0.059731357,0.5728531,0.30144352,0.06597205,1.0282977,br,A8
AACCTGAAGGCTAAAT-1,0.074250065,0.18364619,0.6729571,0.06914669,0.95557475,dpn,A9p1
AACCTGAAGGTCATTC-1,0.3572979,0.43312237,0.0579235,0.1516562,1.1811819,br,A9p2
AACCTGAAGTCTAGCT-1,0.2453383,0.1304061,0.053089473,0.57116616,1.0861344,awd,A9p1
AACCTGACAGACCAAG-1,0.44757798,0.07118679,0.048673123,0.43256217,1.0575378,RpL6,A10
AACCTGACAGGCACAA-1,0.12143286,0.2930643,0.080232844,0.50527,1.1630666,awd,A9p1
AACCTGAGTCTAACGT-1,0.06755268,0.2767828,0.3412392,0.31442532,1.2682613,dpn,A9p1
AACCTTTAGAGGTCAC-1,0.21207206,0.3838666,0.28227097,0.121790364,1.3098896,br,A9p1
AACCTTTAGCAAGGAA-1,0.23754267,0.09762404,0.21648225,0.44835103,1.2595098,awd,A10
AACCTTTAGGAATTAC-1,0.25858146,0.0902636,0.15135716,0.4997978,1.1992438,awd,A9p2
AACCTTTGTTGGGACA-1,0.03252165,0.30497393,0.23354426,0.42896017,1.1763107,awd,A10
AACCTTTTCATGCGGC-1,0.046836156,0.59107447,0.11588533,0.24620405,1.048994,br,A10
AACCTTTTCATTTGGG-1,0.3935494,0.11287129,0.14227036,0.35130897,1.258165,RpL6,A10
AACGAAAAGATTAGCA-1,0.23650357,0.14307009,0.1704355,0.44999084,1.280076,awd,A9p2
AACGAAAAGTCGCCAC-1,0.09594633,0.5663605,0.3057144,0.031978693,1.0192808,br,A9p1
AACGAAAGTATCCTTT-1,0.37204406,0.15363678,0.39663598,0.077683106,1.220916,dpn,A9p1
AACGAAAGTGTCCACG-1,0.06486553,0.30087504,0.6128636,0.021395843,0.9211282,dpn,A9p1
AACGAAATCACATCAG-1,0.069787085,0.071025945,0.2226545,0.6365324,0.99562895,awd,A10
AACGAAATCGCGTCGA-1,0.42442152,0.19329111,0.1775797,0.20470765,1.3130453,RpL6,A9p1
AACGAAATCGTACCTC-1,0.24414144,0.3040763,0.28697413,0.1648081,1.3616296,br,A9p1
AACGAAATCTCAGTCC-1,0.21384558,0.10685878,0.0910529,0.5882427,1.0991418,awd,A10
AACGGGAAGTATAACG-1,0.35924816,0.09878407,0.06798009,0.47398776,1.1330787,awd,A10
AACGGGAAGTTCGCAT-1,0.24827617,0.03438369,0.046911925,0.6704282,0.87337005,awd,A9p1
AACGGGAAGTTGTAGA-1,0.5357957,0.091040306,0.11744997,0.25571406,1.1527753,RpL6,A9p2
AACGGGAGTCTATGAC-1,0.13842347,0.04532604,0.2956868,0.5205637,1.1140841,awd,A10
AACGGGAGTGGTAATA-1,0.2254945,0.30410743,0.16240954,0.30798846,1.3557836,awd,A10
AACGGGATCTATGCCC-1,0.32940367,0.14171357,0.3382534,0.1906294,1.325301,dpn,A9p2
AACGTCAAGACTCCGC-1,0.4586137,0.0642505,0.3372903,0.13984549,1.1755537,RpL6,A9p2
AACGTCAAGCACGGAT-1,0.25236928,0.21786058,0.15138757,0.37838253,1.3330127,awd,A9p2
AACGTCACAGATACTC-1,0.43711233,0.14752497,0.08910431,0.3262584,1.2249464,RpL6,A9p2
AACGTCACAGGAACCA-1,0.14646146,0.3165759,0.39332408,0.14363848,1.2912178,dpn,A8
AACGTCAGTACTCGCG-1,0.041937437,0.12421795,0.76066965,0.073174916,0.79152244,dpn,A9p1
AACGTCAGTCGCGTTG-1,0.21564639,0.09129559,0.14879833,0.5442596,1.1639304,awd,A9p2
AACGTCATCGGCAGTC-1,0.3527552,0.16498135,0.12916277,0.35310066,1.2967815,awd,A10
AACGTCATCGTCCATC-1,0.29118598,0.3554639,0.31978843,0.03356169,1.205441,br,A9p2
AACTTCTGTATTTCTC-1,0.38578844,0.0921865,0.077756874,0.44426817,1.1462685,awd,A9p2
AACTTCTGTGAAAGTT-1,0.08117445,0.30409467,0.4391532,0.17557773,1.232671,dpn,A8
AACTTCTTCATGCCCT-1,0.035192806,0.07902058,0.88346225,0.002324285,0.44190738,dpn,A9p1
AACTTCTTCCGGGACT-1,0.08379161,0.091883674,0.55936587,0.2649589,1.1039801,dpn,A10
AAGAACAAGAGCATAT-1,0.37094554,0.21511787,0.13633607,0.2776005,1.325843,RpL6,A9p2
AAGAACAAGCCAGAGT-1,0.68413746,0.12888838,0.07768203,0.10929216,0.9641949,RpL6,A9p1
AAGAACAGTGTGAGCA-1,0.2501385,0.14656994,0.24684937,0.3564422,1.3411146,awd,A9p1
AAGACAACACCTCTAC-1,0.23141356,0.14140137,0.22284506,0.40434006,1.3159698,awd,A10
AAGACAACAGGTAGTG-1,0.1562979,0.24992014,0.56795865,0.02582338,1.0523509,dpn,A9p2
AAGACAAGTGAGCAGT-1,0.095097296,0.1352224,0.52711964,0.24256068,1.175425,dpn,A9p1
AAGACAAGTGGACAGT-1,0.13425986,0.30366755,0.3001572,0.2619154,1.3436292,br,A8
AAGACAAGTTAGGCTT-1,0.18550193,0.106523804,0.54443836,0.16353586,1.1781982,dpn,A10
AAGACTCAGACATAAC-1,0.35360795,0.27211592,0.23492162,0.13935453,1.3366807,RpL6,A9p1
AAGACTCAGACGCAGT-1,0.1543738,0.05142501,0.19115461,0.6030466,1.0623348,awd,A10
AAGACTCCAACAAAGT-1,0.49043489,0.07846848,0.078310974,0.35278568,1.1161523,RpL6,A9p2
AAGACTCCATGAATCC-1,0.2956486,0.073215395,0.15040115,0.48073485,1.1887197,awd,A10
AAGACTCGTAGCTGTT-1,0.21462533,0.1840558,0.370841,0.23047784,1.347913,dpn,A9p2
AAGACTCTCGTCAAAC-1,0.24483815,0.4153303,0.18912011,0.15071149,1.309629,br,A8
AAGATAGAGACCTTTG-1,0.18692377,0.0129720485,0.10097641,0.69912785,0.851603,awd,A9p2
AAGATAGCACGCGTGT-1,0.4551396,0.1470608,0.10899233,0.28880724,1.2404423,RpL6,A9p2
AAGATAGCAGAAATCA-1,0.3210951,0.3720837,0.15846866,0.14835255,1.307637,br,A8
AAGATAGTCGACACCG-1,0.14135455,0.14099362,0.11704983,0.60060203,1.1100608,awd,A9p2
AAGCATCAGCGGGTTA-1,0.16613166,0.32298398,0.2579669,0.2529174,1.3604324,br,A9p2
AAGCATCAGGTCCAGA-1,0.28093442,0.25269124,0.115459636,0.35091466,1.321023,awd,A9p1
AAGCATCCAACACACT-1,0.20801832,0.03436847,0.122885354,0.6347279,0.9886093,awd,A9p2
AAGCATCGTATCTCGA-1,0.2410938,0.2224302,0.2719774,0.2644986,1.383203,dpn,A8
AAGCATCGTCTCGGGT-1,0.893167,0.07092528,0.0093307905,0.02657693,0.42861852,RpL6,A8
AAGCATCTCCAAGAGG-1,0.771721,0.007434871,0.02621509,0.194629,0.650422,RpL6,A10
AAGCATCTCGAGCCTG-1,0.21599935,0.16658121,0.3240384,0.29338098,1.3544985,dpn,A9p2
AAGCCATAGAGATCGC-1,0.019984923,0.24043897,0.70901006,0.030566076,0.7713202,dpn,A9p1
AAGCCATCAATCAGCT-1,0.37105435,0.2797973,0.19776592,0.15138243,1.3305562,RpL6,A9p2
AAGCCATGTCTCAAGT-1,0.068707585,0.21305564,0.694039,0.024197772,0.8569525,dpn,A9p1
AAGCCATGTCTTACAG-1,0.123088956,0.11018613,0.71708834,0.049636647,0.8884098,dpn,A8
AAGCCATGTTGTTGAC-1,0.31335226,0.051123366,0.103345394,0.53217894,1.0858848,awd,A9p2
AAGCCATTCCGCATAA-1,0.31887034,0.11237592,0.25162476,0.317129,1.3215044,RpL6,A9p1
AAGCGAGAGCTTACGT-1,0.048835304,0.22323649,0.65593654,0.07199165,0.9482244,dpn,A8
AAGCGAGAGGCACCAA-1,0.4741239,0.3899984,0.07245878,0.06341895,1.0861541,RpL6,A9p1
AAGCGAGCACTTCCTG-1,0.28524756,0.25083628,0.19492134,0.2689948,1.3766437,RpL6,A9p2
AAGCGAGCAGCTTCCT-1,0.050056677,0.41573274,0.4286963,0.10551427,1.1151941,dpn,A9p1
AAGCGAGTCTAGTCAG-1,0.22284636,0.15942928,0.42765623,0.19006816,1.3061404,dpn,A10
AAGCGAGTCTCCCAAC-1,0.4819168,0.20405926,0.06466213,0.24936189,1.1995206,RpL6,A9p1
AAGCGTTAGACGGATC-1,0.29042092,0.24222988,0.06413628,0.4032129,1.2449338,awd,A9p2
AAGCGTTAGATTGACA-1,0.049307577,0.77351475,0.14730814,0.029869497,0.7340448,br,A10
AAGCGTTAGTTCCTGA-1,0.016116051,0.43813023,0.21005262,0.33570108,1.122283,br,A10
AAGCGTTCATGCCGCA-1,0.4674918,0.14848644,0.14588423,0.23813754,1.2611947,RpL6,A9p2
AAGCGTTGTCACTACA-1,0.21197985,0.5126204,0.22727545,0.048124347,1.154117,br,A8
AAGCGTTGTCCCTCAT-1,0.082222596,0.39204752,0.25801215,0.2677178,1.274867,br,A8
AAGCGTTGTCCGGCAT-1,0.093825385,0.57929534,0.19423316,0.13264614,1.1245267,br,A8
AAGCGTTGTCGCACGT-1,0.26968533,0.16896571,0.12084594,0.440503,1.270371,awd,A9p2
AAGCGTTGTCGTTATG-1,0.086190574,0.10899122,0.08621306,0.71860516,0.9016082,awd,A10
AAGCGTTTCATTCTTG-1,0.060318965,0.29147753,0.5434113,0.104792275,1.0965217,dpn,A9p2
AAGCGTTTCGAGAAGC-1,0.92894,0.04878147,0.0035642842,0.018714298,0.31035838,RpL6,A9p1
AAGGAATAGCACGATG-1,0.4508219,0.121105194,0.22114635,0.20692651,1.2745116,RpL6,A9p2
AAGGAATCACGCTGAC-1,0.35043427,0.098296314,0.20696957,0.34429982,1.2886059,RpL6,A9p2
AAGGAATTCAGTCACA-1,0.17435539,0.078814246,0.16394478,0.5828856,1.1158499,awd,A10
AAGGAATTCCGTGGTG-1,0.36184093,0.10897751,0.22882423,0.30035734,1.3081254,RpL6,A9p2
AAGGTAAAGGCGTCCT-1,0.14487281,0.2506414,0.09474818,0.50973755,1.1934688,awd,A9p1
AAGGTAAAGGGAGAAT-1,0.27361822,0.2577688,0.07887432,0.3897386,1.2716455,awd,A8
AAGGTAAAGTACAGAT-1,0.14118332,0.2000775,0.08587801,0.5728612,1.1282923,awd,A9p2
AAGGTAACAACTCATG-1,0.39085883,0.44320917,0.04636606,0.119565986,1.1241649,br,A8
AAGGTAAGTGTTGAGG-1,0.1826482,0.44807032,0.3146831,0.054598384,1.1928421,br,A9p1
AAGGTAATCACTGAAC-1,0.2615216,0.31617156,0.13848528,0.28382152,1.3460567,br,A8
AAGGTAATCTCCTGCA-1,0.07694125,0.30342445,0.6140216,0.0056127,0.887766,dpn,A9p2
AAGGTAATCTGGACTA-1,0.024991242,0.24161084,0.523128,0.21026991,1.102226,dpn,A9p1
AAGTACCAGCCATTTG-1,0.17165317,0.20358905,0.23777853,0.3869793,1.3354845,awd,A9p2
AAGTACCCACGCGTCA-1,0.39233184,0.39572382,0.045523886,0.1664204,1.1730138,br,A8
AAGTACCCAGGTGTGA-1,0.1297002,0.40444994,0.46233338,0.0035165485,1.0075809,dpn,A9p1
AAGTACCGTCCAGAAG-1,0.15477958,0.030430296,0.09127437,0.72351575,0.8477066,awd,A9p2
AAGTACCGTCTGTGGC-1,0.41978034,0.16756727,0.14232598,0.27032644,1.294821,RpL6,A9p1
AAGTACCTCATGCCGG-1,0.3157224,0.20932332,0.07616497,0.39878932,1.2540787,awd,A9p2
AAGTACCTCTAAGAAG-1,0.26117498,0.078111045,0.11392125,0.54679275,1.1273541,awd,A10
AAGTCGTAGTGCTAGG-1,0.13261485,0.12976204,0.23360552,0.5040176,1.2179191,awd,A8
AAGTCGTCACGGTGTC-1,0.27843222,0.14820527,0.1606748,0.41268766,1.2979738,awd,A9p2
AAGTCGTGTTAAAGTG-1,0.33543035,0.16454223,0.20790172,0.29212567,1.3493658,RpL6,A9p2
AAGTCGTGTTAGTCGT-1,0.044947907,0.14685516,0.05331997,0.754877,0.7897295,awd,A10
AAGTCGTTCCACGTGG-1,0.29473191,0.50056976,0.051815603,0.15288271,1.1469734,br,A10
AAGTCGTTCCGAAGGA-1,0.092307135,0.60435075,0.2041787,0.09916339,1.0778415,br,A8
AAGTGAAAGATTAGTG-1,0.13502109,0.034369826,0.030425476,0.8001836,0.67083454,awd,A9p1
AAGTGAAAGCAGGCAT-1,0.36203173,0.29198897,0.092363544,0.25361577,1.295239,RpL6,A10
AAGTGAACACTTCATT-1,0.02082565,0.09790227,0.7901608,0.09111137,0.7125027,dpn,A8
AAGTGAAGTCCGTTTC-1,0.25559518,0.16546635,0.11110638,0.46783206,1.2458618,awd,A9p2
AAGTGAAGTTACTCAG-1,0.24741405,0.11471927,0.04544811,0.59241855,1.0446036,awd,A8
AAGTGAATCAATGTCG-1,0.31495616,0.20302391,0.09312956,0.38889036,1.2759415,awd,A8
AAGTGAATCACAATGC-1,0.09420931,0.021316921,0.20688681,0.677587,0.89427364,awd,A9p2
AAGTGAATCGACGCGT-1,0.38310355,0.19652914,0.17413373,0.24623355,1.3367747,RpL6,A9p1
AAGTTCGAGCATCAAA-1,0.07796756,0.4324848,0.18174422,0.30780345,1.2340286,br,A8
AAGTTCGAGTCATACC-1,0.13031986,0.089762814,0.65701777,0.12289959,1.0155635,dpn,A9p1
AAGTTCGCAGGTATGG-1,0.42229596,0.05270074,0.158922,0.3660814,1.1793317,RpL6,A9p2
AAGTTCGCATTCATCT-1,0.31455913,0.089273684,0.18252881,0.41363838,1.2551017,awd,A10
AAGTTCGGTGAAAGTT-1,0.26520148,0.151875,0.10539543,0.47752807,1.2283312,awd,A9p1
AAGTTCGGTTCTTGCC-1,0.091651365,0.34703764,0.18187696,0.37943408,1.2639982,awd,A9p2
AATAGAGAGATAGTCA-1,0.24295856,0.28371462,0.13572049,0.33760646,1.3388267,awd,A8
AATAGAGCATGAGTAA-1,0.36311975,0.19175646,0.13243084,0.312693,1.3157907,RpL6,A9p1
AATAGAGGTACTTCCC-1,0.11056086,0.5300735,0.12728538,0.23208019,1.181304,br,A9p2
AATAGAGTCCTCTGCA-1,0.21772058,0.41531235,0.1372523,0.22971477,1.3073348,br,A8
AATAGAGTCGTGGTAT-1,0.061627522,0.34575382,0.5688447,0.023774002,0.94874173,dpn,A9p1
AATAGAGTCTGGACCG-1,0.10810916,0.10975676,0.05115774,0.73097634,0.8641604,awd,A10
AATCACGAGACCGTTT-1,0.2898189,0.09027505,0.39186493,0.22804111,1.2802534,dpn,A9p1
AATCACGAGACCTCCG-1,0.4270903,0.36748126,0.054501273,0.15092722,1.1752006,RpL6,A10
AATCACGAGCATGATA-1,0.108725466,0.1327193,0.23197751,0.5265778,1.185953,awd,A10
AATCACGAGGTATAGT-1,0.48789507,0.07474185,0.14795259,0.28941047,1.1855593,RpL6,A9p1
AATCACGAGTCACTCA-1,0.060260728,0.106341675,0.3918221,0.44157544,1.1356623,awd,A10
AATCACGCAACTAGAA-1,0.26306525,0.28883165,0.08700387,0.36109927,1.2902511,awd,A9p2
AATCACGCAATCTCGA-1,0.14796226,0.35429847,0.4518012,0.04593796,1.1508238,dpn,A9p1
AATCACGTCCAAGCTA-1,0.08865454,0.24708,0.58145463,0.08281081,1.0818149,dpn,A9p1
AATCGACAGGAGAATG-1,0.3375343,0.4726361,0.035023242,0.1548064,1.1269921,br,A8
AATCGACAGGCTCTAT-1,0.08553364,0.1292011,0.603704,0.1815613,1.0891544,dpn,A9p1
AATCGACCACCTTCGT-1,0.047900695,0.27071503,0.5538213,0.12756301,1.0892235,dpn,A9p1
AATCGACCAGAGCCCT-1,0.1365368,0.42032236,0.39146128,0.05167953,1.1564242,br,A10
AATCGACGTACCGGCT-1,0.109203406,0.43165383,0.36491245,0.09423029,1.1949222,br,A8
AATCGACGTATAGCTC-1,0.1473235,0.14675294,0.1462854,0.55963814,1.169802,awd,A10
AATCGACGTCGCCACA-1,0.4223701,0.038565967,0.33031684,0.20874718,1.1824994,RpL6,A9p1
AATCGACGTGGCTTGC-1,0.21709554,0.42495158,0.12853488,0.22941794,1.2967085,br,A9p1
AATCGACTCCCGAGTG-1,0.14300922,0.24552308,0.5035014,0.1079663,1.2087479,dpn,A8
AATCGACTCCTTCGAC-1,0.09059794,0.2218412,0.43237945,0.25518134,1.2626531,dpn,A9p1
AATCGTGAGCGTGTCC-1,0.11013702,0.38973972,0.3426248,0.1574984,1.2683107,br,A9p2
AATCGTGCATGACTAC-1,0.09896981,0.14410368,0.682645,0.07428157,0.96181655,dpn,A8
AATCGTGTCGATCCAA-1,0.029928926,0.31486642,0.55180585,0.10339882,1.0315901,dpn,A9p2
AATCGTGTCTGGGCCA-1,0.29135287,0.17054158,0.1362013,0.40190426,1.2988384,awd,A9p2
AATGAAGAGGTCCCTG-1,0.36638647,0.20452984,0.21201538,0.21706831,1.3529112,RpL6,A9p2
AATGAAGCAGCTGTAT-1,0.6110737,0.16480021,0.0885327,0.13559344,1.0836809,RpL6,A8
AATGAAGGTGATGTAA-1,0.16909868,0.33583805,0.04357786,0.4514854,1.1625414,awd,A8
AATGAAGTCCTACGAA-1,0.1237686,0.31875572,0.5313694,0.02610633,1.0541943,dpn,A9p2
AATGACCAGCCTGAGA-1,0.10420661,0.22471352,0.5524539,0.118626006,1.1518345,dpn,A8
AATGACCGTCACCCTT-1,0.18808673,0.13046506,0.61353433,0.06791392,1.0623555,dpn,A8
AATGACCGTGGCAACA-1,0.49681428,0.08375413,0.12652066,0.29291093,1.1764642,RpL6,A10
AATGACCTCACGTCCT-1,0.085913114,0.19448853,0.21181639,0.507782,1.2021908,awd,A9p1
AATGACCTCTAAGAAG-1,0.24591437,0.204222,0.23246287,0.31740075,1.3727933,awd,A9p2
AATGCCAAGAGAGCGG-1,0.4349143,0.14891331,0.10769243,0.30847993,1.2484943,RpL6,A9p1
AATGCCAAGTGAGTGC-1,0.47291574,0.13043633,0.18111524,0.21553278,1.2600423,RpL6,A9p2
AATGCCACAACGGTAG-1,0.21075621,0.4001119,0.11065878,0.27847305,1.2942686,br,A8
AATGCCACACCTGCAG-1,0.19984071,0.15902972,0.40084746,0.24028201,1.3232654,dpn,A10
AATGCCAGTCCCAAAT-1,0.08904741,0.3455551,0.5086135,0.05678391,1.0892984,dpn,A9p2
AATGCCAGTCCGGATC-1,0.09899604,0.46856442,0.25917453,0.17326498,1.2378291,br,A9p1
AATGGAAAGCATCCTA-1,0.32340127,0.26146704,0.14054908,0.27458256,1.3465035,RpL6,A9p2
AATGGAAAGGTCACCC-1,0.10400588,0.41740832,0.30939513,0.16919062,1.2636514,br,A8
AATGGAACAGTATACC-1,0.1417737,0.32902777,0.43755424,0.091644205,1.2233875,dpn,A8
AATGGAAGTCTCAGAT-1,0.15181898,0.15217772,0.616687,0.07931636,1.0718098,dpn,A9p1
AATGGAAGTGTGTCGC-1,0.27159566,0.5795743,0.032645017,0.11618501,1.0319542,br,A9p2
AATGGAAGTTATTCTC-1,0.10003437,0.38844162,0.16770996,0.34381405,1.2641424,br,A10
AATGGCTAGGGCAAGG-1,0.85454273,0.118678674,0.008589125,0.018189492,0.5010131,RpL6,A10
AATGGCTAGTGCTACT-1,0.17307375,0.28316477,0.4069581,0.13680334,1.2988588,dpn,A9p2
AATGGCTCAAGCAATA-1,0.4791009,0.1832021,0.09651758,0.24117944,1.2321376,RpL6,A9p1
AATGGCTCACCAGTTA-1,0.4707801,0.14927153,0.18722485,0.19272353,1.2695855,RpL6,A10
AATGGCTCACCCTAGG-1,0.12062613,0.124403514,0.11166713,0.6433032,1.0430028,awd,A9p1
AATGGCTCAGGCTACC-1,0.22052814,0.116413906,0.30877292,0.35428512,1.3142184,awd,A9p2
AATGGCTCATCTCGTC-1,0.16240075,0.5458477,0.20675577,0.0849957,1.161078,br,A8
AATGGCTGTGAATAAC-1,0.0053561428,0.08547209,0.8905916,0.018580116,0.41548052,dpn,A10
AATGGCTTCTAGAACC-1,0.35089114,0.17523493,0.28003788,0.19383608,1.3471508,RpL6,A9p1
AATTCCTAGGTTCCAT-1,0.18714805,0.06421637,0.16905059,0.579585,1.1065665,awd,A9p2
AATTCCTCAAGATGGC-1,0.2702672,0.08831601,0.041150548,0.6002662,1.0055875,awd,A10
AATTCCTGTAACTGCT-1,0.29770002,0.020960975,0.2580484,0.42329064,1.1551858,awd,A10
AATTCCTGTAGATTGA-1,0.17555158,0.5465407,0.06829139,0.20961633,1.1464319,br,A9p2
AATTCCTGTCCTCAGG-1,0.48567244,0.15299864,0.14250231,0.21882659,1.2481439,RpL6,A8
AATTCCTGTCCTCCAT-1,0.051536806,0.022333983,0.8430916,0.08303766,0.5882708,dpn,A9p1
AATTCCTTCAATCGGT-1,0.05180048,0.31397736,0.25781736,0.37640482,1.2343239,awd,A9p1
AATTCCTTCATGAGGG-1,0.13529094,0.1802546,0.67762536,0.006829142,0.87723076,dpn,A9p1
AATTTCCCACACGGTC-1,0.42293882,0.19062328,0.24884994,0.13758795,1.2989316,RpL6,A8
AATTTCCCATGTGCCG-1,0.4017806,0.08504575,0.0820619,0.43111166,1.1438742,awd,A9p1
AATTTCCGTCACTCTC-1,0.096098155,0.4353072,0.37905237,0.08954233,1.1709263,br,A9p1
AATTTCCGTGCACAAG-1,0.38121167,0.1820407,0.11732912,0.3194185,1.2936987,RpL6,A9p1
AATTTCCTCCGTATGA-1,0.88739824,0.07420162,0.0126826605,0.02571758,0.4485391,RpL6,A8
AATTTCCTCGACGATT-1,0.19182159,0.09720604,0.29373986,0.41723242,1.2678705,awd,A10
AATTTCCTCGCTAGCG-1,0.28711468,0.54288894,0.03972191,0.1302746,1.0835578,br,A10
ACAAAGACATCATCTT-1,0.49590302,0.30225822,0.060408067,0.14143066,1.1556318,RpL6,A9p2
ACAAAGAGTATCCCTC-1,0.24859911,0.2714621,0.14167535,0.33826345,1.3435152,awd,A10
ACAAAGAGTCAAGCGA-1,0.31526458,0.122515075,0.13200569,0.4302146,1.2513196,awd,A9p2
ACAAAGATCCCTGGTT-1,0.50155526,0.11923787,0.11991225,0.25929463,1.203996,RpL6,A10
ACAAAGATCGACCCAG-1,0.34225816,0.14306584,0.21129481,0.3033812,1.3354707,RpL6,A9p2
ACAACCAAGGCTTCCG-1,0.9083918,0.0810134,0.002232797,0.008361978,0.34451023,RpL6,A10
ACAACCAAGGGATGTC-1,0.66790164,0.22952938,0.011140744,0.091428205,0.8761949,RpL6,A10
ACAACCACAGGTTCGC-1,0.16505207,0.27855587,0.26958975,0.28680232,1.3649708,awd,A9p1
ACAACCACATCGCTGG-1,0.31830764,0.09694301,0.26820964,0.3165397,1.3076857,RpL6,A10
ACAACCAGTCTAGTGT-1,0.44596672,0.12124426,0.13195051,0.30083853,1.244547,RpL6,A10
ACAACCATCCTATTGT-1,0.11173406,0.5554467,0.14755727,0.18526204,1.1661785,br,A10
ACAACCATCGCTGACG-1,0.06637643,0.37983993,0.37652904,0.17725462,1.2221863,br,A9p1
ACAACCATCTAGCATG-1,0.14849056,0.6086818,0.20664783,0.03617984,1.031312,br,A9p1
ACAAGCTAGGGAACAA-1,0.37360618,0.43561175,0.036883704,0.15389833,1.1395608,br,A8
ACAAGCTAGTAGCCAG-1,0.5753994,0.015358783,0.20810086,0.20114103,1.0313997,RpL6,A9p1
ACAAGCTCAAAGCTAA-1,0.12157985,0.14550956,0.24725,0.48566064,1.2329248,awd,A9p1
ACAAGCTCAACTGAAA-1,0.1053061,0.35404894,0.32976368,0.2108813,1.2987092,br,A8
ACAAGCTCAAGCTGCC-1,0.08185137,0.4600968,0.3088693,0.14918254,1.2087468,br,A9p1
ACAAGCTCACGTCGGT-1,0.04933145,0.40445417,0.5006325,0.045581862,1.0017136,dpn,A9p1
ACAAGCTGTATTTCGG-1,0.3400935,0.077617206,0.10814551,0.4741438,1.1595625,awd,A9p2
ACAAGCTGTCAACCTA-1,0.07600247,0.11751192,0.50006044,0.3064252,1.156465,dpn,A10
ACACAGTAGAAAGTCT-1,0.16795412,0.1487119,0.106677964,0.576656,1.1392413,awd,A9p2
ACACAGTAGGCCCGTT-1,0.0951005,0.43632615,0.41378307,0.054790225,1.1098801,br,A8
ACACAGTAGGTACAAT-1,0.15509957,0.2732033,0.103711784,0.46798527,1.2339245,awd,A9p2
ACACAGTCATACCAGT-1,0.30282807,0.17844515,0.12478123,0.3939456,1.2959719,awd,A9p2
ACACAGTTCCGGGACT-1,0.31447038,0.14536436,0.10721029,0.43295497,1.2459693,awd,A10
ACACAGTTCGCAGTTA-1,0.07586838,0.02731366,0.2462706,0.6505474,0.91878724,awd,A9p2
ACACAGTTCGTAGCTA-1,0.23713653,0.13593397,0.22405489,0.40287462,1.3139567,awd,A9p1
ACACAGTTCGTCCTTG-1,0.30463254,0.20997018,0.2562904,0.22910687,1.3763497,RpL6,A9p2
ACACCAACAATGTGGG-1,0.38146394,0.18264677,0.10856497,0.32732433,1.2847834,RpL6,A9p2
ACACCAACACTACAGT-1,0.1445148,0.30502102,0.16567722,0.3847869,1.3070568,awd,A9p1
ACACCAAGTACCGGCT-1,0.16353677,0.06923241,0.0875467,0.6796841,0.956661,awd,A9p2
ACACCAAGTGCCTGCA-1,0.20723632,0.28186888,0.19022498,0.3206698,1.3635017,awd,A9p1
ACACCAATCATTATCC-1,0.06424742,0.12347599,0.58808744,0.22418909,1.0820616,dpn,A9p1
ACACCAATCGTGACTA-1,0.13803448,0.017042203,0.08532298,0.7596003,0.7616083,awd,A8
ACACCAATCTAGGCAT-1,0.29087952,0.17688361,0.33835447,0.19388238,1.3503268,dpn,A9p2
ACACGCGAGACCAACG-1,0.413557,0.06582142,0.09749017,0.4231314,1.135123,awd,A9p1
ACACGCGAGGTTCATC-1,0.7292748,0.06199637,0.177201,0.031527814,0.8182566,RpL6,A10
ACACGCGCAATCTAGC-1,0.073198475,0.050501835,0.6101298,0.2661699,0.995932,dpn,A10
ACACGCGCAGCAATTC-1,0.1555778,0.2500748,0.31804588,0.27630147,1.3558087,dpn,A9p2
ACACGCGCAGCTCGGT-1,0.45529136,0.064446345,0.11935302,0.36090922,1.1564564,RpL6,A10
ACACGCGGTCTCTCAC-1,0.30325028,0.22840455,0.13042007,0.33792508,1.3313982,awd,A9p1
ACACGCGGTTAAACAG-1,0.4019588,0.08055616,0.33150563,0.18597946,1.2481109,RpL6,A9p2
ACACGCGTCCCTGGTT-1,0.17031741,0.24567351,0.32103345,0.26297566,1.3623583,dpn,A9p1
ACACTGAAGCTCCATA-1,0.038704667,0.16826163,0.734843,0.05819071,0.8176415,dpn,A9p1
ACACTGAAGGCAGGGA-1,0.30342275,0.061651852,0.21483512,0.42009023,1.228378,awd,A8
ACACTGAAGGTCATAA-1,0.20063366,0.4392987,0.25173113,0.10833655,1.2716448,br,A10
ACACTGACAGGCGATA-1,0.079633184,0.4035277,0.35405332,0.16278574,1.2308278,br,A10
ACACTGAGTACCTAAC-1,0.27943534,0.32265386,0.19697411,0.20093672,1.3637305,br,A10
ACACTGAGTAGGGAGG-1,0.2599275,0.3580937,0.02780423,0.35417446,1.1851935,br,A9p2
ACAGAAAGTCCAGTTA-1,0.046141848,0.4479175,0.4804844,0.025456205,0.94729775,dpn,A9p1
ACAGAAAGTGCAAGAC-1,0.608306,0.20486236,0.0332452,0.15358646,1.0280718,RpL6,A10
ACAGAAAGTGTTAGCT-1,0.29223427,0.19497639,0.18150827,0.331281,1.3539999,awd,A10
ACAGCCGAGACCGCCT-1,0.27922624,0.10231027,0.16592057,0.45254287,1.2463026,awd,A9p2
ACAGCCGAGGTAGTCG-1,0.40099233,0.101992145,0.35783818,0.13917738,1.2414656,RpL6,A8
ACAGCCGAGGTGGGTT-1,0.113367334,0.37290213,0.27189466,0.24183585,1.3120444,br,A9p1
ACAGCCGAGTAGTGCG-1,0.31627795,0.09668835,0.19653334,0.39050034,1.2769101,awd,A9p1
ACAGCCGAGTCACACT-1,0.20410271,0.3227702,0.43101013,0.042116903,1.1854849,dpn,A9p1
ACAGCCGCAACCGCCA-1,0.19377384,0.5617818,0.10817365,0.1362707,1.1541249,br,A9p1
ACAGCCGCAGAACGCA-1,0.34146675,0.07230005,0.11305309,0.4731801,1.15735,awd,A8
ACAGCCGCATTGAGCT-1,0.15219471,0.057786446,0.22882654,0.56119233,1.1129376,awd,A8
ACAGCCGGTCCTCATC-1,0.14273803,0.39915758,0.42257777,0.03552661,1.1270303,dpn,A8
ACAGCCGGTCGCTTAA-1,0.38911757,0.04392196,0.14543293,0.42152756,1.1490946,awd,A9p2
ACAGCCGGTGTCCATA-1,0.25304562,0.16687419,0.32626748,0.25381276,1.3599718,dpn,A9p1
ACAGCCGGTTGGTACT-1,0.44494864,0.15405315,0.14949645,0.25150177,1.2797323,RpL6,A10
ACAGCCGTCCACCCTA-1,0.12796083,0.48650855,0.37059358,0.014937064,1.0442848,br,A8
ACAGCCGTCCATCTCG-1,0.044182986,0.13872102,0.7319651,0.085130796,0.8499543,dpn,A9p1
ACAGCCGTCGAGAACG-1,0.06436314,0.4869748,0.3440189,0.10464316,1.13025,br,A9p1
ACAGCCGTCGTTCCCA-1,0.35159504,0.35536364,0.17054771,0.12249364,1.2940317,br,A9p2
ACAGGGAAGAATAACC-1,0.90561396,0.057950925,0.0069173067,0.029517762,0.3932268,RpL6,A10
ACAGGGAAGAATACAC-1,0.051336873,0.14373441,0.43164736,0.37328136,1.1617382,dpn,A9p2
ACAGGGAAGACCGCCT-1,0.040380117,0.055936646,0.232127,0.6715563,0.8972918,awd,A9p1
ACAGGGAAGACTACCT-1,0.1887546,0.3971933,0.27890965,0.13514242,1.3080615,br,A8
ACAGGGAAGTGCGACA-1,0.23953794,0.2082714,0.26330557,0.2888852,1.3791516,awd,A9p1
ACAGGGACAACGTAAA-1,0.15287642,0.5202254,0.2893615,0.03753668,1.1091275,br,A9p1
ACAGGGACAGACAAGC-1,0.06987421,0.5524371,0.24718946,0.13049924,1.1249833,br,A9p1
ACAGGGAGTCACGTGC-1,0.28658712,0.09529377,0.09876042,0.51935875,1.1510667,awd,A9p1
ACATCCCCACCTGAAT-1,0.10032206,0.009337473,0.16958722,0.72075325,0.8112485,awd,A10
ACATCCCCAGCAGTTT-1,0.26630825,0.06657427,0.34546527,0.3216522,1.2647588,dpn,A9p1
ACATCCCCATGGCTGC-1,0.30264932,0.14698508,0.17098573,0.3793799,1.3132457,awd,A9p1
ACATCCCGTGAGACGT-1,0.2978853,0.116879486,0.3867936,0.19844164,1.2999811,dpn,A10
ACATCCCTCACGTAGT-1,0.2058461,0.22677588,0.4911988,0.07617913,1.2071866,dpn,A9p1
ACATCCCTCAGCTCTC-1,0.10676776,0.34759519,0.360149,0.18548806,1.2864611,dpn,A9p1
ACATCCCTCGTCAGAT-1,0.22440068,0.13621421,0.08468386,0.55470127,1.1428432,awd,A9p1
ACATCCCTCTAGTGTG-1,0.3673597,0.12407035,0.11439073,0.3941792,1.2417779,awd,A9p1
ACATCCCTCTCCGAAA-1,0.70565426,0.050449677,0.12394108,0.11995494,0.909858,RpL6,A9p2
ACATCGAAGTGGAAAG-1,0.069467306,0.3195093,0.24071953,0.37030387,1.260498,awd,A9p1
ACATCGACAGTTTCGA-1,0.49894392,0.1829202,0.17568651,0.14244935,1.2407532,RpL6,A9p1
ACATCGAGTGCCGGTT-1,0.30539936,0.3981781,0.11724291,0.17917962,1.288296,br,A10
ACATCGATCTCGTGAA-1,0.19038434,0.10442941,0.2725168,0.4326694,1.2684932,awd,A10
ACATGCACACTGGATT-1,0.3229392,0.13435158,0.38396162,0.15874761,1.294397,dpn,A10
ACATGCACATCTGTTT-1,0.49190477,0.06885013,0.055907827,0.38333735,1.0620227,RpL6,A9p1
ACATGCAGTACCCGAC-1,0.19638187,0.048338316,0.32997704,0.42530283,1.1955625,awd,A8
ACATGCAGTCTACGTA-1,0.2512205,0.19049549,0.11639027,0.44189373,1.2741292,awd,A8
ACATTTCGTGGTATGG-1,0.4259503,0.030167568,0.03617066,0.50771147,0.93335307,awd,A9p1
ACATTTCTCCGACGGT-1,0.1966587,0.068019345,0.1607746,0.57454735,1.1149113,awd,A8
ACATTTCTCGTCACCT-1,0.43209502,0.33726907,0.10349299,0.12714294,1.2261174,RpL6,A9p1
ACCAAACGTCCTACGG-1,0.45157552,0.1411097,0.0972498,0.31006503,1.2250476,RpL6,A8
ACCAAACGTTTAGTCG-1,0.2385989,0.34538007,0.275261,0.1407601,1.3401669,br,A10
ACCAAACTCGCCGAGT-1,0.41413948,0.05268454,0.29768515,0.23549084,1.2214092,RpL6,A10
ACCAACAAGAGCAACC-1,0.181751,0.2154981,0.3187384,0.28401247,1.3625915,dpn,A10
ACCAACAAGTCACAGG-1,0.34344667,0.15883979,0.14113708,0.35657647,1.3033462,awd,A9p2
ACCAACAAGTCTACCA-1,0.084878765,0.24381861,0.63638353,0.034919005,0.9582244,dpn,A8
ACCAACACAGACCTGC-1,0.08004072,0.13509431,0.55374247,0.23112251,1.1383923,dpn,A10
ACCAACACATCTATCT-1,0.06443276,0.10626705,0.6529554,0.17634481,0.9992463,dpn,A8
ACCAACAGTTCTCCTG-1,0.021357473,0.03774208,0.9346152,0.0062852483,0.30089086,dpn,A9p1
ACCAACATCATTTGTC-1,0.9208459,0.04900005,0.0054637752,0.024690319,0.34356776,RpL6,A10
ACCACAAAGCCGATTT-1,0.06499877,0.5721987,0.21513827,0.14766422,1.1101162,br,A8
ACCACAAAGGCCTAGA-1,0.2190506,0.23687397,0.10771252,0.4363629,1.2756523,awd,A10
ACCACAACACGCTGTG-1,0.46231914,0.07627711,0.17180015,0.2896036,1.2144711,RpL6,A9p2
ACCACAACAGGTCCCA-1,0.21351308,0.16418022,0.48488057,0.13742611,1.2500432,dpn,A9p1
ACCACAACATTGCTTT-1,0.104236424,0.058160838,0.18972087,0.64788187,0.99769473,awd,A9p2
ACCACAAGTCATTCCC-1,0.28906602,0.22008611,0.22273004,0.26811787,1.3793383,RpL6,A8
ACCACAATCACTGGTA-1,0.075301416,0.18059649,0.6450727,0.09902942,1.0156221,dpn,A9p1
ACCACAATCCTGTAGA-1,0.2130526,0.33481544,0.23616141,0.21597052,1.3676093,br,A9p1
ACCATTTGTCCAGCCA-1,0.025471712,0.45943218,0.48037496,0.034721095,0.91969806,dpn,A8
ACCATTTGTGCGCTCA-1,0.23195836,0.35702133,0.123304725,0.2877156,1.3231744,br,A9p1
ACCATTTGTGCGTTTA-1,0.06576978,0.029669948,0.06866928,0.83589095,0.61713314,awd,A9p1
ACCATTTTCGTCGGGT-1,0.19598463,0.21810798,0.17073019,0.4151772,1.3182833,awd,A9p2
ACCCAAAAGAGATCGC-1,0.03954323,0.6651669,0.24001129,0.055278525,0.90150344,br,A9p1
ACCCAAAAGTGACCTT-1,0.54614913,0.26607883,0.053307716,0.13446438,1.1087017,RpL6,A9p2
ACCCAAAAGTGCCTCG-1,0.04727491,0.606505,0.25567785,0.09054226,1.0137304,br,A8
ACCCAAACACTTGAAC-1,0.21489382,0.11718809,0.19706114,0.47085696,1.2563962,awd,A9p1
ACCCAAACATTAAAGG-1,0.39517438,0.20470755,0.14949454,0.25062358,1.32252,RpL6,A9p2
ACCCAAAGTATCAAGA-1,0.29342574,0.23537266,0.082190424,0.3890111,1.2729193,awd,A9p2
ACCCAAAGTATTCCTT-1,0.15403742,0.13132411,0.27400905,0.44062936,1.2705843,awd,A9p1
ACCCAAAGTCTCTCCA-1,0.04997673,0.18624876,0.6656778,0.09809668,0.9614215,dpn,A9p1
ACCCAAATCCAAGCTA-1,0.15604267,0.3850948,0.28352812,0.17533444,1.3199908,br,A8
ACCCAAATCGACATTG-1,0.9620253,0.026788402,0.0032767928,0.007909471,0.19123821,RpL6,A8
ACCCAAATCGTTGCCT-1,0.39248195,0.40713024,0.054864325,0.14552349,1.1726806,br,A10
ACCCAAATCTCGGGAC-1,0.30478808,0.5171046,0.049411766,0.12869564,1.1156406,br,A10
ACCCAAATCTGAACGT-1,0.08419657,0.24066249,0.66341335,0.011727561,0.8755177,dpn,A9p1
ACCCTCAAGACGGAAA-1,0.114161335,0.6890563,0.09954242,0.097239874,0.96065944,br,A8
ACCCTCAAGATGCTAA-1,0.09229552,0.17280488,0.7262435,0.008656118,0.79670846,dpn,A8
ACCCTCAAGGTCTACT-1,0.25019267,0.2917255,0.22285047,0.23523131,1.3810155,br,A9p1
ACCCTCACAGAGGCAT-1,0.33079407,0.05168005,0.16989468,0.44763112,1.1800065,awd,A9p2
ACCCTCACAGAGGTTG-1,0.18488805,0.18404838,0.4371788,0.19388475,1.303398,dpn,A9p2
ACCCTCACAGCACAAG-1,0.058720008,0.33796987,0.47307593,0.13023417,1.1526681,dpn,A8
ACCCTCAGTAGCTTTG-1,0.12529626,0.3861094,0.22932848,0.2592659,1.315377,br,A8
ACCCTCAGTTGCCTAA-1,0.47397035,0.16649295,0.096632466,0.26290426,1.2294059,RpL6,A10
ACCCTCATCCATCGTC-1,0.4061972,0.1475847,0.1497692,0.29644892,1.2931386,RpL6,A8
ACCCTTGAGAGTATAC-1,0.09683378,0.20412433,0.23267056,0.46637133,1.2454423,awd,A9p1
ACCCTTGAGGATTCAA-1,0.23826165,0.14280367,0.104453,0.51448166,1.197579,awd,A9p1
ACCCTTGAGGTGGCTA-1,0.2847476,0.5261437,0.04810158,0.14100711,1.1177523,br,A9p1
ACCCTTGGTCATCACA-1,0.44453564,0.3161842,0.06859008,0.17069009,1.2100188,RpL6,A8
ACCCTTGTCATTCATC-1,0.09791456,0.04800301,0.4186243,0.4354581,1.0998322,awd,A9p2
ACCCTTGTCGTAACCA-1,0.10621461,0.13348886,0.09730994,0.66298664,1.0061817,awd,A10
ACCGTTCAGCATTGAA-1,0.18932171,0.17435402,0.46243218,0.17389207,1.2804744,dpn,A10
ACCGTTCAGCTAGAGC-1,0.16065454,0.11406513,0.08625849,0.6390219,1.0389234,awd,A9p1
ACCGTTCGTCCTGGTG-1,0.055566363,0.3777529,0.44340524,0.12327551,1.1470102,dpn,A9p1
ACCGTTCGTGGCTAGA-1,0.07307163,0.53969735,0.34861,0.03862096,1.0170717,br,A8
ACCGTTCGTTGCTCGG-1,0.3775118,0.11806911,0.13170472,0.37271437,1.254846,RpL6,A9p1
ACCGTTCTCAGGAACG-1,0.03501684,0.2959789,0.6514699,0.017534336,0.8277907,dpn,A8
ACCGTTCTCCCAACTC-1,0.17602226,0.37639537,0.4203945,0.027187895,1.1358675,dpn,A8
ACCGTTCTCTAGCCTC-1,0.91726017,0.035895854,0.017330416,0.029513478,0.37290174,RpL6,A9p2
ACCTACCGTAGGAGTC-1,0.37036374,0.13071452,0.28591463,0.2130071,1.3212245,RpL6,A9p1
ACCTACCGTGAGGCAT-1,0.29380178,0.20620713,0.27867842,0.22131263,1.3752837,RpL6,A9p1
ACCTACCTCTCATTGT-1,0.21375503,0.34461987,0.14015117,0.30147395,1.3338267,br,A9p2
ACCTGAAAGACCTTTG-1,0.41464055,0.38543537,0.049765546,0.1501586,1.1665214,RpL6,A9p2
ACCTGAAAGATGTAGT-1,0.49306226,0.14718299,0.055751212,0.30400363,1.1535959,RpL6,A8
ACCTGAAAGGCCCACT-1,0.07946613,0.20050848,0.51786894,0.20215644,1.1874039,dpn,A9p1
ACCTGAACACAACGTT-1,0.19104011,0.16898501,0.05578457,0.58419025,1.091697,awd,A9p1
ACCTGAACATCCGTGG-1,0.09373741,0.10264854,0.7390856,0.06452841,0.8558803,dpn,A9p1
ACCTGAACATCGTTCC-1,0.3536434,0.25042364,0.16643713,0.22949587,1.35057,RpL6,A9p1
ACCTGAAGTACAGTAA-1,0.31181815,0.23353925,0.27301896,0.18162364,1.3672873,RpL6,A9p2
ACCTGAAGTAGCTTTG-1,0.18621089,0.26510313,0.16777721,0.38090873,1.3321114,awd,A9p2
ACCTGTCCAATCAAGA-1,0.28316846,0.08572995,0.24783437,0.3832672,1.2811673,awd,A9p2
ACCTGTCTCAAGCCGC-1,0.44025427,0.08674645,0.25362512,0.2193742,1.2539939,RpL6,A10
ACCTGTCTCTGGACTA-1,0.12369899,0.14432088,0.6196121,0.11236811,1.0801017,dpn,A9p1
ACCTGTCTCTTAATCC-1,0.055424865,0.01557586,0.02984493,0.89915437,0.4255445,awd,A9p1
ACGATCAAGATACGAT-1,0.15795958,0.13589932,0.06595252,0.6401886,1.0275669,awd,A9p1
ACGATCACAAACCATC-1,0.97168773,0.018646192,0.0026964277,0.0069696875,0.15272325,RpL6,A9p2
ACGATCACAAGGGCAT-1,0.6869566,0.03274502,0.05038894,0.22990951,0.85844094,RpL6,A9p2
ACGATCAGTCTGTGCG-1,0.060411695,0.16813304,0.18948232,0.58197296,1.0995673,awd,A10
ACGATCAGTGGGCTCT-1,0.63293505,0.045941863,0.2790267,0.042096287,0.9205304,RpL6,A9p2
ACGATCATCAAGCCAT-1,0.06156987,0.10617931,0.60532737,0.22692348,1.0501771,dpn,A9p2
ACGATCATCACCCTCA-1,0.21092057,0.05929455,0.18893759,0.54084736,1.1430199,awd,A10
ACGATGTGTCTTGAAC-1,0.44887266,0.07920504,0.24711424,0.22480811,1.2413657,RpL6,A10
ACGATGTTCAGCATTG-1,0.35323897,0.09383312,0.16541983,0.3875081,1.2546152,awd,A8
ACGATGTTCGCGTCGA-1,0.21964763,0.3553346,0.38872772,0.036290053,1.1882348,dpn,A10
ACGATGTTCGTCTACC-1,0.8969026,0.0767444,0.0046218624,0.02173107,0.4026742,RpL6,A9p2
ACGCACGAGCGCCTCA-1,0.40987024,0.41319096,0.035410013,0.14152874,1.125787,br,A10
ACGCACGAGGTATAGT-1,0.24570672,0.16120817,0.1360777,0.45700735,1.2683656,awd,A9p2
ACGCACGAGGTCCTGC-1,0.36659437,0.0625348,0.12037479,0.45049608,1.1553048,awd,A9p2
ACGCACGAGTAGCCAG-1,0.15172718,0.016317323,0.14593774,0.6860177,0.89265716,awd,A10
ACGCACGCACACGGTC-1,0.17784707,0.11695258,0.086730264,0.61847,1.0673208,awd,A10
ACGCACGCAGCTTCCT-1,0.4000902,0.34724373,0.07556787,0.1770982,1.2355353,RpL6,A10
ACGCACGGTAACGCGA-1,0.5053714,0.13486962,0.09863011,0.2611289,1.194194,RpL6,A9p2
ACGCACGGTCACTTCC-1,0.27592632,0.32094815,0.36992,0.033205472,1.2009782,dpn,A8
ACGCACGGTCAGGTAG-1,0.31067315,0.5130368,0.036683414,0.1396067,1.1017157,br,A9p2
ACGCACGGTTTACCTT-1,0.48471087,0.05376362,0.15229717,0.3092283,1.1577334,RpL6,A9p2
ACGCACGTCTCTATGT-1,0.19503908,0.33163476,0.18037038,0.2929558,1.3534341,br,A10
ACGGAAGCAATAGGAT-1,0.2216403,0.1576412,0.34188443,0.27883402,1.3482254,dpn,A9p2
ACGGAAGGTCAAGGCA-1,0.063201584,0.38512564,0.23898286,0.31268996,1.2475948,br,A10
ACGGAAGTCGTTCTCG-1,0.32466447,0.24837448,0.07289349,0.3540676,1.269683,awd,A9p2
ACGGAAGTCTACGCAA-1,0.08346152,0.27542707,0.3263053,0.31480613,1.2916993,dpn,A9p1
ACGGAAGTCTCATTGT-1,0.35395584,0.08682,0.054479383,0.5047447,1.0834202,awd,A10
ACGGAAGTCTGGACCG-1,0.041600898,0.13849534,0.8012109,0.0186928,0.658033,dpn,A10
ACGGGTCAGCGCCCAT-1,0.32838735,0.16783907,0.2322406,0.27153304,1.3582869,RpL6,A9p2
ACGGGTCAGCTCATAC-1,0.07846363,0.5643191,0.34799784,0.009219515,0.9331052,br,A8
ACGGGTCAGTCAACAA-1,0.20961042,0.49590483,0.20771155,0.08677314,1.2138845,br,A9p2
ACGGGTCCACGTAGAG-1,0.14683431,0.13372897,0.115880184,0.60355645,1.105239,awd,A9p2
ACGGGTCGTTCCGCTT-1,0.23882337,0.14153495,0.20901784,0.41062376,1.311403,awd,A9p2
ACGGGTCTCCGATGTA-1,0.12410556,0.4266379,0.30602095,0.14323561,1.2630845,br,A9p1
ACGGGTCTCTCTGCTG-1,0.1673168,0.5195484,0.21801192,0.09512295,1.1951996,br,A8
ACGGTCGAGGTCGACA-1,0.12063773,0.20619702,0.14296232,0.5302029,1.1952116,awd,A10
ACGGTCGAGTAACAGT-1,0.4004059,0.046065748,0.13909614,0.41443217,1.1476885,awd,A9p2
ACGGTCGCACATGGTT-1,0.3378492,0.20018604,0.21819307,0.24377169,1.3648809,RpL6,A9p1
ACGGTCGGTACGTACT-1,0.08596128,0.3134514,0.54716927,0.053418063,1.0610106,dpn,A8
ACGGTCGGTTGACTAC-1,0.18791328,0.33228853,0.3149107,0.16488753,1.3413252,br,A8
ACGGTTAAGCAACAAT-1,0.09525115,0.22612487,0.4447836,0.2338404,1.2602773,dpn,A10
ACGGTTAAGCCTCACG-1,0.21520795,0.49514803,0.23994212,0.04970201,1.1703048,br,A9p2
ACGGTTACAAGCAATA-1,0.07784967,0.024219142,0.52620095,0.37173027,0.9945767,dpn,A9p1
ACGGTTATCCTGTTGC-1,0.20342104,0.2658295,0.28566423,0.24508524,1.378687,dpn,A10
ACGTAACAGACACACG-1,0.40742308,0.09004734,0.2236195,0.27891004,1.2736783,RpL6,A9p1
ACGTAACGTTCTCGTC-1,0.08481508,0.34162754,0.20654899,0.36700845,1.2698336,awd,A9p2
ACGTAACTCAAGTTGC-1,0.3158051,0.27056542,0.20893139,0.20469804,1.3695309,RpL6,A8
ACGTAACTCTTCCACG-1,0.02690701,0.44530678,0.5051838,0.022602463,0.88814086,dpn,A9p1
ACGTACACACCGTGAC-1,0.27677435,0.14638619,0.1620686,0.4147709,1.2967458,awd,A8
ACGTACACATCGGAAG-1,0.86531687,0.1157489,0.0047438443,0.014190438,0.4605362,RpL6,A10
ACGTACACATGGAGAC-1,0.21757501,0.3213875,0.16057453,0.300463,1.3516337,br,A10
ACGTACACATGGTACT-1,0.40913793,0.25648764,0.05351711,0.28085724,1.227992,RpL6,A10
ACGTACAGTCAATGGG-1,0.5203705,0.06857605,0.21373123,0.19732222,1.173717,RpL6,A8
ACGTACATCCTCTAGC-1,0.16262087,0.37820673,0.24336465,0.21580778,1.3379438,br,A9p2
ACGTACATCTCGCTTG-1,0.08819638,0.6206309,0.17099865,0.12017402,1.0668373,br,A8
ACGTAGTAGGGCCCTT-1,0.46398354,0.18686743,0.09141519,0.25773385,1.2378783,RpL6,A10
ACGTAGTAGTGCTCAT-1,0.637788,0.039590627,0.15330262,0.16931877,1.0028895,RpL6,A9p2
ACGTAGTGTCGCCTAG-1,0.13660601,0.4832175,0.23920137,0.14097512,1.2417338,br,A8
ACGTAGTGTCTAGTGT-1,0.09821358,0.1854076,0.6485222,0.06785661,1.0037711,dpn,A9p2
ACGTAGTGTTTGGCTA-1,0.16548753,0.20531222,0.268117,0.36108318,1.3434911,awd,A9p1
ACGTAGTTCTGTGCAA-1,0.43682507,0.07021589,0.14089473,0.35206437,1.1919463,RpL6,A8
ACGTCCTAGAAACTGT-1,0.4717111,0.07162619,0.07702123,0.3796415,1.1084168,RpL6,A9p2
ACGTCCTCACAATCTG-1,0.12046982,0.07562285,0.23207952,0.5718278,1.1088123,awd,A9p2
ACGTCCTCACGGTGTC-1,0.07833066,0.6340863,0.20816574,0.07941734,1.0162314,br,A9p2
ACGTCCTTCGAACGCC-1,0.2793197,0.10798576,0.120374,0.49232045,1.2003146,awd,A9p2
ACGTCCTTCTTACCGC-1,0.24812765,0.106892064,0.13578093,0.5091993,1.1996292,awd,A10
ACGTTCCAGAGCCGAT-1,0.019184424,0.21634813,0.64761555,0.116851926,0.93927383,dpn,A8
ACGTTCCAGATACGAT-1,0.09210087,0.33683392,0.5639985,0.0070667425,0.9441808,dpn,A9p1
ACGTTCCAGCCGCACT-1,0.34644845,0.3543354,0.25889853,0.040317673,1.2141829,br,A8
ACGTTCCAGTTGGAGC-1,0.4323426,0.06216314,0.3290541,0.17644016,1.2070622,RpL6,A10
ACGTTCCCAATCGAAA-1,0.24920702,0.22493401,0.28225467,0.24360438,1.3829132,dpn,A9p2
ACGTTCCGTCGTTATG-1,0.040603537,0.38317016,0.5476352,0.028591147,0.92904365,dpn,A9p1
ACGTTCCGTCTGTGGC-1,0.39674786,0.030203912,0.058995456,0.51405275,0.9815228,awd,A9p2
ACGTTCCGTGCCCAGT-1,0.087559484,0.30613527,0.5825444,0.023760779,0.979263,dpn,A8
ACGTTCCTCCTGTACC-1,0.8098091,0.15609936,0.014179094,0.019912459,0.59908354,RpL6,A9p2
ACTACGAAGAACTTCC-1,0.10711507,0.20241153,0.5338015,0.15667196,1.1881131,dpn,A9p1
ACTACGAAGGACAACC-1,0.34746793,0.041042287,0.5174539,0.09403592,1.0615816,dpn,A9p1
ACTACGAAGTTCCATG-1,0.3340901,0.13494809,0.22414614,0.30681565,1.3342668,RpL6,A9p2
ACTACGAAGTTCGCAT-1,0.44979712,0.09377161,0.11210041,0.3443309,1.1937419,RpL6,A10
ACTACGACACGCGCAT-1,0.38691846,0.13974261,0.29061478,0.18272416,1.3121216,RpL6,A9p2
ACTACGACACTCCCTA-1,0.095302,0.4960823,0.2411325,0.16748321,1.2140473,br,A8
ACTACGATCTAGCCTC-1,0.53046685,0.070988715,0.36346188,0.0350825,1.0094776,RpL6,A9p2
ACTATCTAGGCGAACT-1,0.2998502,0.00919149,0.062831834,0.6281265,0.8702261,awd,A9p2
ACTATCTCACACCGCA-1,0.10634617,0.42926568,0.34592253,0.11846564,1.2212623,br,A9p1
ACTATCTGTTCACCGG-1,0.1217672,0.6973306,0.046162147,0.1347401,0.9198332,br,A10
ACTATGGAGGACACTG-1,0.109173134,0.53111595,0.19582263,0.16388832,1.193577,br,A10
ACTATGGAGGATGCGT-1,0.1909261,0.14414261,0.07298675,0.5919445,1.0967686,awd,A9p2
ACTATGGAGTCTGGTT-1,0.0859922,0.070587106,0.12950125,0.71391946,0.90339077,awd,A9p2
ACTATGGCAAGGCTTT-1,0.06294358,0.48398525,0.32926053,0.12381064,1.1497182,br,A10
ACTATGGGTACGAGTG-1,0.2265578,0.22407061,0.047194634,0.50217694,1.1615548,awd,A9p1
ACTATGGGTGTTACAC-1,0.19976348,0.08799566,0.12940614,0.5828347,1.1148678,awd,A9p1
ACTATGGTCAACACCA-1,0.0825585,0.5571381,0.32783133,0.03247214,1.0087249,br,A8
ACTATGGTCAGTGATC-1,0.3273548,0.07739855,0.06634024,0.5289064,1.0804689,awd,A9p1
ACTATGGTCCGTCACT-1,0.18286502,0.60786515,0.16663927,0.04263061,1.0463978,br,A9p1
ACTATGGTCGTGCGAC-1,0.2552,0.24677818,0.16953805,0.32848385,1.3604027,awd,A8
ACTATGGTCTACAGGT-1,0.43846887,0.094614096,0.3155668,0.15135022,1.2343413,RpL6,A9p2
ACTATTCCACAACCGC-1,0.35380605,0.34430313,0.12622815,0.17566276,1.3014748,RpL6,A9p2
ACTATTCCACGTCATA-1,0.27401826,0.15836236,0.045889873,0.5217295,1.1274248,awd,A9p1
ACTATTCCACTAGGTT-1,0.12438393,0.09270023,0.46540096,0.31751493,1.1999679,dpn,A9p2
ACTATTCCAGGCCCTA-1,0.43541718,0.30537713,0.07563332,0.18357241,1.2307253,RpL6,A9p1
ACTATTCGTATGCGGA-1,0.4822807,0.0422663,0.21257134,0.2628816,1.1657991,RpL6,A9p1
ACTATTCGTGGATACG-1,0.097514585,0.35168526,0.41621155,0.13458852,1.2292644,dpn,A9p1
ACTATTCTCCGGCTTT-1,0.40131384,0.35090533,0.0847127,0.16306818,1.2387366,RpL6,A8
ACTATTCTCTCGCAGG-1,0.31408107,0.16647592,0.19762631,0.3218167,1.347508,awd,A9p1
ACTCCCACAACCCGCA-1,0.10707942,0.558928,0.22792976,0.10606284,1.1394024,br,A8
ACTCCCACATGGGAAC-1,0.17417154,0.333906,0.22436935,0.26755312,1.3587255,br,A9p1
ACTCCCATCGTGTTCC-1,0.22819261,0.53530705,0.15173544,0.08476494,1.1669948,br,A9p2
ACTCTCGAGTCTAGAA-1,0.45677215,0.10857936,0.19994907,0.23469946,1.2610307,RpL6,A9p1
ACTCTCGGTGTGTTTG-1,0.086051814,0.5026034,0.18281248,0.22853225,1.2048199,br,A9p2
ACTGATGAGAGAGCAA-1,0.06806919,0.5319497,0.3132087,0.0867724,1.0943992,br,A9p2
ACTGATGCAAATTGCC-1,0.11878765,0.18945949,0.4171813,0.27457154,1.2878581,dpn,A9p1
ACTGATGCAGAAGTGC-1,0.3172749,0.16347718,0.2866464,0.23260154,1.357697,RpL6,A9p1
ACTGATGCAGGCGATA-1,0.05562359,0.57970524,0.35136947,0.013301731,0.90174556,br,A9p1
ACTGATGCATACAGAA-1,0.24753186,0.3260967,0.17905551,0.24731584,1.3645277,br,A10
ACTGATGCATCATTGG-1,0.05517166,0.14750119,0.74739844,0.049928688,0.8094089,dpn,A8
ACTGATGGTCACAATC-1,0.5789904,0.11547574,0.18075301,0.12478084,1.1345713,RpL6,A9p2
ACTGATGGTCGTCGGT-1,0.08912749,0.31912503,0.28619292,0.30555454,1.3003048,br,A8
ACTGCAAAGACAACTA-1,0.28899276,0.34381637,0.20786756,0.15932338,1.3449948,br,A8
ACTGCAACAAATGGTA-1,0.29532072,0.068187766,0.20578963,0.43070185,1.2314483,awd,A10
ACTGCAACACCGGTCA-1,0.055643026,0.5582179,0.08686561,0.29927352,1.0594754,br,A10
ACTGCAACACTGAGGA-1,0.04007107,0.19835778,0.5646511,0.1969202,1.0925043,dpn,A8
ACTGCAATCCTACGAA-1,0.5083238,0.05702333,0.1433177,0.29133517,1.1450022,RpL6,A8
ACTGTCCAGATACGAT-1,0.38360575,0.30809477,0.09738232,0.21091713,1.2853452,RpL6,A10
ACTGTCCCAAATAAGC-1,0.23355642,0.10705672,0.20695189,0.45243502,1.2637118,awd,A10
ACTGTCCCAATTGTGC-1,0.027458543,0.21824712,0.6207205,0.13357383,0.9958188,dpn,A8
ACTGTCCCACAACATC-1,0.1629781,0.115683995,0.116129726,0.6052082,1.0991409,awd,A9p1
ACTGTCCCACTTACAG-1,0.23427787,0.26736933,0.33468822,0.16366449,1.3552458,dpn,A8
ACTGTCCTCAACTTTC-1,0.48461273,0.143108,0.104300156,0.26797917,1.2179362,RpL6,A9p1
ACTGTCCTCTATTTCG-1,0.35604197,0.13635558,0.20640019,0.3012023,1.3264954,RpL6,A9p2
ACTGTGAAGCCATTTG-1,0.113451,0.49834177,0.16476713,0.22344011,1.2259543,br,A10
ACTGTGACACAAGCCC-1,0.44073027,0.09391301,0.1673149,0.29804182,1.2431653,RpL6,A9p2
ACTGTGATCATGAGTC-1,0.10273975,0.28767517,0.14418992,0.46539512,1.227419,awd,A10
ACTGTGATCCCTCAAC-1,0.98338395,0.0120106675,0.0017428619,0.0028625375,0.09742212,RpL6,A9p2
ACTTAGGAGCATGATA-1,0.066032596,0.022102479,0.114838436,0.7970265,0.6930627,awd,A9p1
ACTTAGGAGCGAAACC-1,0.3956846,0.21929248,0.25981617,0.12520681,1.3099259,RpL6,A9p1
ACTTAGGAGGTTCTAC-1,0.09883436,0.33244887,0.4670588,0.10165797,1.1828254,dpn,A8
ACTTAGGGTTGAAGTA-1,0.09430328,0.16209169,0.32930237,0.4143027,1.248462,awd,A8
ACTTAGGTCACGGAGA-1,0.9136306,0.051573906,0.008442507,0.026352985,0.37156305,RpL6,A10
ACTTATCCACTACGGC-1,0.22502023,0.26667643,0.2502294,0.258074,1.3843293,br,A10
ACTTATCCAGCGGTTC-1,0.16012467,0.512457,0.092915356,0.23450293,1.1967835,br,A9p1
ACTTCCGCAAGATCCT-1,0.042764556,0.08672372,0.090686835,0.77982485,0.7584487,awd,A10
ACTTCCGCACTGCGTG-1,0.13448945,0.5080353,0.2854132,0.07206207,1.1612614,br,A8
ACTTCCGTCAGCCTCT-1,0.19740675,0.45411602,0.12829113,0.22018602,1.2754142,br,A9p1
ACTTCCGTCATACGGT-1,0.5265661,0.052018993,0.20694429,0.21447064,1.1476996,RpL6,A10
ACTTCCGTCTAGTGTG-1,0.5171023,0.09996258,0.10689695,0.27603814,1.1655768,RpL6,A9p1
ACTTCGCCAGCTATTG-1,0.122899,0.6843488,0.12797089,0.064781256,0.957601,br,A8
ACTTCGCGTACTCCGG-1,0.14163792,0.29195553,0.2870263,0.2793802,1.3507923,br,A8
ACTTCGCGTGTTGAGG-1,0.070090264,0.2692676,0.55964553,0.10099661,1.0959893,dpn,A10
ACTTTCAAGCCTGACC-1,0.17000869,0.2948514,0.31573543,0.21940453,1.3581336,dpn,A10
ACTTTCAAGCGCAATG-1,0.2655993,0.098213896,0.12522404,0.5109627,1.1833007,awd,A8
ACTTTCAAGCGCTGAA-1,0.3196881,0.10067406,0.28343946,0.2961984,1.3134501,RpL6,A9p2
ACTTTCAAGGAAAGTG-1,0.074083075,0.2660185,0.54359996,0.11629849,1.1266392,dpn,A9p1
ACTTTCAAGGTAGGCT-1,0.09375805,0.08052608,0.7360499,0.089666,0.8666002,dpn,A8
ACTTTCAAGTTTGGCT-1,0.14016451,0.053053,0.6392276,0.1675549,1.0165813,dpn,A10
ACTTTCAGTGCCGGTT-1,0.27402633,0.6301866,0.012873916,0.082913175,0.9082025,br,A9p2
ACTTTCATCCTGGGAC-1,0.16420045,0.0641432,0.45403445,0.3176219,1.1956097,dpn,A10
ACTTTGTAGCATGGGT-1,0.44760224,0.046526834,0.4444607,0.06141027,1.0342927,RpL6,A9p1
ACTTTGTCAAAGGCGT-1,0.06181942,0.5162161,0.3403227,0.081641786,1.0847812,br,A9p1
ACTTTGTGTTTGCCGG-1,0.11185571,0.61978024,0.07505743,0.19330661,1.0535784,br,A10
ACTTTGTTCCACTTCG-1,0.24382593,0.18728933,0.29958785,0.26929688,1.3722491,dpn,A8
AGAAATGCAAACACGG-1,0.22203112,0.14567868,0.16763757,0.46465254,1.270304,awd,A9p1
AGAAATGCAATATCCG-1,0.04516749,0.42102483,0.45037404,0.08343364,1.0705914,dpn,A10
AGAAATGCATTGAAGA-1,0.41889346,0.16983365,0.18414055,0.22713235,1.3138363,RpL6,A10
AGAAATGGTCTCCTGT-1,0.11398617,0.34975398,0.41254213,0.12371778,1.2387779,dpn,A9p1
AGAAATGGTTACGATC-1,0.09936591,0.13288319,0.31933215,0.4484187,1.221796,awd,A9p1
AGAAATGGTTTCAGAC-1,0.13313955,0.0975053,0.5118939,0.25746122,1.1875637,dpn,A9p2
AGAAATGTCCACGTCT-1,0.46359783,0.34708583,0.051313136,0.13800324,1.1493682,RpL6,A9p2
AGAAATGTCGCCCAGA-1,0.057325248,0.16461009,0.7110134,0.067051254,0.88457274,dpn,A9p1
AGAACAAAGCACAAAT-1,0.6244493,0.041714273,0.1585601,0.17527631,1.023799,RpL6,A9p1
AGAACAAAGTACAGCG-1,0.12598129,0.2996644,0.40095454,0.17339972,1.2923673,dpn,A9p2
AGAACAAAGTGTAGTA-1,0.7229675,0.090370245,0.047592275,0.13907003,0.8710365,RpL6,A10
AGAACAACACGGCTAC-1,0.87065077,0.07762169,0.015995359,0.03573218,0.50418866,RpL6,A10
AGAACAACATGGAGAC-1,0.3459575,0.13010034,0.37984097,0.14410116,1.2793914,dpn,A10
AGAACAAGTTGGTGTT-1,0.51988846,0.2108289,0.15576313,0.113519534,1.2049019,RpL6,A8
AGAACAATCCAGCACG-1,0.5998421,0.070260465,0.23455077,0.09534664,1.0573578,RpL6,A9p2
AGAACAATCCTCATAT-1,0.6597601,0.12459268,0.11320794,0.10243928,1.0139034,RpL6,A9p1
AGAACAATCTTCTAAC-1,0.14528985,0.40038398,0.41581222,0.038513888,1.1370654,dpn,A9p1
AGAACCTAGACTTCAC-1,0.2860882,0.031424887,0.09737569,0.58511126,1.0071592,awd,A9p1
AGAACCTAGCATTTGC-1,0.3707722,0.12593985,0.15040119,0.35288677,1.2813064,RpL6,A9p2
AGAACCTAGCTAAGTA-1,0.4883342,0.10165013,0.15400551,0.25601017,1.2193425,RpL6,A8
AGAACCTCATGCAGCC-1,0.22073466,0.4392198,0.14622796,0.19381756,1.2940145,br,A9p2
AGAACCTGTATGCTTG-1,0.08541103,0.44027603,0.14691576,0.32739723,1.2186517,br,A9p2
AGAACCTGTGATGAAT-1,0.20791467,0.035879873,0.053378936,0.70282656,0.8502164,awd,A8
AGAACCTGTGTGTCCG-1,0.33186847,0.16210528,0.13281743,0.37320888,1.2969786,awd,A10
AGAACCTTCGACATTG-1,0.30913118,0.37968436,0.18966717,0.12151731,1.3020494,br,A9p1
AGAAGCGAGGCTATCT-1,0.2431685,0.3376733,0.12098135,0.29817674,1.3267858,br,A9p2
AGAAGCGCACCCAATA-1,0.21704556,0.066630326,0.12958726,0.58673686,1.0896782,awd,A9p1
AGAAGCGCAGAGGTTG-1,0.088581964,0.30715752,0.49284905,0.11141145,1.1704862,dpn,A9p2
AGAAGCGGTTAGAAAC-1,0.19230087,0.31901184,0.3630466,0.1256407,1.3099927,dpn,A9p1
AGAAGCGTCAATCAGC-1,0.18774275,0.25919288,0.21214922,0.34091508,1.3597881,awd,A9p1
AGAAGCGTCACTCGAA-1,0.07855381,0.37414062,0.43850625,0.1087993,1.1705055,dpn,A9p1
AGAAGTACAAATGGCG-1,0.24620348,0.44298357,0.0878576,0.22295538,1.2540462,br,A10
AGAAGTACACGACAAG-1,0.2230092,0.36377016,0.32631627,0.08690432,1.2802316,br,A8
AGAAGTACACTGCTTC-1,0.10275289,0.40723476,0.3563423,0.13367008,1.2363441,br,A8
AGAAGTAGTAAGCAAT-1,0.291747,0.1974873,0.17621803,0.33454767,1.3519763,awd,A10
AGACAAAAGAAACTCA-1,0.54812545,0.14248055,0.12740532,0.18198878,1.1797694,RpL6,A10
AGACAAAAGACCACGA-1,0.525857,0.097530924,0.046533875,0.33007824,1.0736067,RpL6,A10
AGACAAAAGAGCCGAT-1,0.09831885,0.36788693,0.43180695,0.10198727,1.1913829,dpn,A9p1
AGACAAAAGTCTACCA-1,0.12570721,0.15699504,0.6859363,0.03136149,0.9185311,dpn,A9p1
AGACAAAGTCGCGTCA-1,0.116329476,0.058404192,0.62477046,0.20049582,1.0322154,dpn,A9p1
AGACAAATCACGAACT-1,0.2883977,0.23615363,0.14694649,0.3285022,1.3469219,awd,A10
AGACACTAGAAGCGCT-1,0.087837376,0.19187501,0.15750116,0.5627864,1.1450462,awd,A10
AGACACTAGTCTAACC-1,0.07580521,0.6507653,0.13317798,0.14025155,1.0191137,br,A10
AGACACTCAATAAGGT-1,0.8976079,0.0735525,0.007881451,0.020958208,0.40809542,RpL6,A9p2
AGACACTCACGTAACT-1,0.32666364,0.13042694,0.44402212,0.09888726,1.2204473,dpn,A8
AGACACTCAGGTTCCG-1,0.069386765,0.47710416,0.28409413,0.169415,1.196493,br,A8
AGACACTTCGTCAAAC-1,0.15809813,0.33514902,0.15256724,0.3541856,1.3124671,awd,A9p2
AGACAGGAGTTTCGAC-1,0.05621645,0.14176464,0.74218076,0.05983818,0.8285726,dpn,A9p1
AGACAGGCAGCGTACC-1,0.14194232,0.44482547,0.23953895,0.17369327,1.2838145,br,A9p1
AGACAGGCATGCACTA-1,0.071308866,0.3474884,0.36517155,0.21603109,1.2545123,dpn,A8
AGACAGGTCTTCGATT-1,0.24912092,0.12800276,0.15155868,0.47131756,1.2498624,awd,A9p2
AGACCATAGAGTCTTC-1,0.24366587,0.45520204,0.2066247,0.0945073,1.2510626,br,A9p1
AGACCATAGCATTTGC-1,0.09449865,0.6941634,0.1764564,0.034881517,0.89949226,br,A9p1
AGACCATAGGCTCCCA-1,0.24197571,0.18134479,0.16858067,0.40809882,1.3188517,awd,A9p2
AGACCATAGGTTCATC-1,0.28306493,0.4679399,0.051515378,0.19747978,1.185735,br,A8
AGACCATCACCTGAAT-1,0.32098415,0.128643,0.10925929,0.44111356,1.231499,awd,A8
AGACCATCAGGTCAGA-1,0.5109386,0.12705018,0.08935858,0.2726527,1.1753621,RpL6,A9p2
AGACCATGTAGGTAGC-1,0.11157686,0.31155148,0.25840244,0.31846923,1.3221027,awd,A9p1
AGACCATGTTGGGTAG-1,0.3007712,0.12996721,0.12785582,0.44140574,1.2505008,awd,A9p2
AGACCCGAGCAATAAC-1,0.48459116,0.17595272,0.13688752,0.20256856,1.2524374,RpL6,A9p2
AGACCCGAGCTGTCCG-1,0.3228248,0.06441416,0.1649023,0.44785872,1.1986263,awd,A9p2
AGACCCGAGGAATTAC-1,0.4396839,0.07458825,0.16106756,0.32466027,1.2142353,RpL6,A10
AGACCCGAGGACGGAG-1,0.29525957,0.15040904,0.061027937,0.49330345,1.164365,awd,A10
AGACCCGGTACCCACG-1,0.1833872,0.42421466,0.24883984,0.14355832,1.2995955,br,A8
AGACCCGGTGCATGAG-1,0.71626884,0.015786719,0.038591925,0.22935252,0.7678373,RpL6,A9p1
AGACTCAAGCACACAG-1,0.06582309,0.0212659,0.06609326,0.84681773,0.58133304,awd,A9p2
AGACTCAAGTCATAGA-1,0.040762343,0.6345392,0.2785198,0.046178583,0.9170961,br,A10
AGACTCACAAATAAGC-1,0.2185891,0.058855098,0.10857608,0.61397964,1.0396628,awd,A10
AGAGAATAGCTAAACA-1,0.554201,0.04013689,0.097585015,0.30807707,1.0459783,RpL6,A9p2
AGAGAATAGCTGAAGC-1,0.3592391,0.29777122,0.26635647,0.07663321,1.2777239,RpL6,A9p2
AGAGAATAGTAAGCAT-1,0.19712816,0.3874484,0.31226715,0.10315631,1.2852519,br,A9p1
AGAGAATCAAGCAATA-1,0.16479611,0.375548,0.24138969,0.2182662,1.3402424,br,A9p1
AGAGAATCATAGTCGT-1,0.5482769,0.1689855,0.10496382,0.17777376,1.1736088,RpL6,A9p2
AGAGAATGTTATCTGG-1,0.6448924,0.08117079,0.06643963,0.20749721,0.99319863,RpL6,A9p2
AGAGAGCAGCATACTC-1,0.048775908,0.43446732,0.34629488,0.17046183,1.1783376,br,A8
AGAGAGCAGGGCGAAG-1,0.40884393,0.10770882,0.20975077,0.27369642,1.2879235,RpL6,A10
AGAGAGCAGTATGATG-1,0.81140274,0.02785854,0.05084308,0.1098956,0.66346264,RpL6,A9p1
AGAGAGCCACATAACC-1,0.13398203,0.217254,0.5889918,0.05977215,1.0811594,dpn,A9p1
AGAGAGCGTAAGGAGA-1,0.28140402,0.23408003,0.06784454,0.41667137,1.2440321,awd,A9p2
AGAGAGCGTTCTTGCC-1,0.44262335,0.23654225,0.1633001,0.15753432,1.2888279,RpL6,A10
AGAGAGCGTTTGTGGT-1,0.21158598,0.16657515,0.19319712,0.4286417,1.3079149,awd,A10
AGAGAGCTCAAAGGTA-1,0.12542285,0.5291632,0.20589298,0.13952099,1.1973615,br,A9p2
AGAGAGCTCCGTACGG-1,0.26100877,0.1965224,0.09062438,0.45184445,1.2468702,awd,A10
AGAGCAGAGACGACGT-1,0.04963335,0.2164978,0.63430876,0.09956005,0.99876714,dpn,A9p1
AGAGCAGAGCTCTATG-1,0.048754282,0.44033948,0.2576626,0.25324365,1.2056783,br,A10
AGAGCAGCACGGTGCT-1,0.122475326,0.3413929,0.24953316,0.2865986,1.3286288,br,A9p1
AGAGCAGCATTGCAAC-1,0.18486097,0.09076607,0.049716026,0.674657,0.9445946,awd,A9p2
AGAGCAGGTATAGGAT-1,0.45571655,0.101486854,0.12065106,0.32214558,1.2103949,RpL6,A10
AGAGCAGGTGAACTAA-1,0.42390877,0.24091524,0.1186129,0.21656309,1.2908951,RpL6,A8
AGAGCAGGTGCACAAG-1,0.45032668,0.17363563,0.1935232,0.18251447,1.2915411,RpL6,A9p1
AGAGCAGTCCCTCGAT-1,0.06841236,0.42620713,0.33339733,0.17198318,1.2159405,br,A9p1
AGAGCCCAGTAAACAC-1,0.050662585,0.27113977,0.5637815,0.11441612,1.0761157,dpn,A9p2
AGAGCCCGTCTGTGAT-1,0.2928799,0.24229424,0.20850992,0.25631595,1.3789608,RpL6,A9p2
AGAGCCCTCAGAGCAG-1,0.12103767,0.4584055,0.38649783,0.034058988,1.0956703,br,A8
AGAGCCCTCCCGTTGT-1,0.15179546,0.06925214,0.030421836,0.7485305,0.79412925,awd,A9p1
AGATAGACAGAATCGG-1,0.3599551,0.18400808,0.0649043,0.3911325,1.2239405,awd,A9p1
AGATAGATCGGTCAGC-1,0.17156506,0.3248063,0.13313547,0.37049323,1.3040098,awd,A9p1
AGATCCAAGTAGAATC-1,0.23918518,0.11695538,0.2044139,0.4394455,1.279,awd,A10
AGATCCAGTGTCGCTG-1,0.10946886,0.24800324,0.49314582,0.14938204,1.2205939,dpn,A9p1
AGATCCAGTTGGAGGT-1,0.14611357,0.48132235,0.19007125,0.1824928,1.2589966,br,A8
AGATCCATCAAACTGC-1,0.1423289,0.3580281,0.22279523,0.27684775,1.3353124,br,A9p1
AGATCCATCTCTCTTC-1,0.37662068,0.09259564,0.10596057,0.42482308,1.189641,awd,A10
AGATCGTAGCGCACAA-1,0.29419756,0.19616468,0.28849673,0.22114098,1.3717788,RpL6,A9p2
AGATCGTAGCGCTGCT-1,0.07626086,0.3635665,0.34727648,0.21289611,1.2607499,br,A8
AGATCGTAGTTGGCGA-1,0.19824629,0.4461056,0.07309176,0.28255638,1.2292349,br,A9p1
AGATCGTGTCATCGGC-1,0.2477788,0.5312286,0.08529528,0.13569736,1.1627393,br,A10
AGATCGTGTGTATACC-1,0.18028481,0.3483466,0.15986128,0.31150737,1.3326371,br,A10
AGATCGTGTTGTGTTG-1,0.52090967,0.22628687,0.19868015,0.05412338,1.1549066,RpL6,A8
AGATCGTTCAACCCGG-1,0.9082862,0.055895347,0.010799586,0.025018819,0.38976648,RpL6,A9p1
AGATCGTTCCCTTCCC-1,0.28296718,0.2503674,0.22070387,0.2459616,1.3823895,RpL6,A9p2
AGATGAAAGACAACTA-1,0.35250765,0.05430356,0.114021674,0.47916713,1.1258578,awd,A9p1
AGATGAAAGATAGGGA-1,0.26925504,0.09335668,0.08969446,0.54769385,1.1206851,awd,A9p1
AGATGAACACATCCCT-1,0.07506693,0.079778396,0.034517575,0.8106371,0.6824733,awd,A10
AGATGAAGTATCACGT-1,0.33677337,0.17463695,0.13169497,0.35689476,1.3059697,awd,A9p1
AGATGAAGTATCTCGA-1,0.4467946,0.14262791,0.14766404,0.26291347,1.2714212,RpL6,A10
AGATGAAGTCTCGGAC-1,0.089422114,0.59845394,0.28530294,0.026821053,0.9780311,br,A8
AGATGCTAGGGTATAT-1,0.3669707,0.18664277,0.3347945,0.11159208,1.292225,RpL6,A9p2
AGATGCTAGGGTTAGC-1,0.44047952,0.11203205,0.07421052,0.37327793,1.1672306,RpL6,A8
AGATGCTCAATTAGGA-1,0.12218189,0.2930863,0.3630851,0.2216467,1.3183541,dpn,A8
AGATGCTCATCTTAGG-1,0.23878673,0.16020694,0.2373256,0.36368075,1.3445779,awd,A9p2
AGATGCTTCTCTATAC-1,0.36358327,0.08982195,0.05252225,0.49407247,1.0874335,awd,A10
AGCATCAAGTCGAAGC-1,0.37953112,0.3273875,0.28294787,0.010133568,1.1370133,RpL6,A9p2
AGCATCACATCCAATG-1,0.46387854,0.06940604,0.079783805,0.3869317,1.1106029,RpL6,A8
AGCATCAGTATGGGAC-1,0.12944207,0.5227902,0.1925144,0.15525334,1.2100894,br,A10
AGCATCAGTGAGCCAA-1,0.044086296,0.46448433,0.46187344,0.029555965,0.95466065,br,A10
AGCATCAGTGTGTACT-1,0.075652115,0.33751774,0.5239545,0.0628756,1.0745045,dpn,A9p1
AGCATCATCACTTGGA-1,0.09523278,0.19953626,0.28960857,0.41562232,1.2693353,awd,A9p2
AGCATCATCGACGCTG-1,0.18463677,0.2777283,0.36285344,0.17478144,1.340422,dpn,A9p1
AGCCAATAGTATGACA-1,0.28091392,0.23632541,0.10947334,0.3732873,1.3075917,awd,A10
AGCCAATCACCATAAC-1,0.027980458,0.6708787,0.059316088,0.24182476,0.8786986,br,A9p1
AGCCAATCACGTTGGC-1,0.22813094,0.035842903,0.05747339,0.6785528,0.883754,awd,A10
AGCCAATCATTCTCCG-1,0.4693313,0.06915992,0.18842539,0.27308333,1.2087214,RpL6,A9p1
AGCCAATGTAGGCAAC-1,0.45713517,0.13225153,0.10610431,0.304509,1.225491,RpL6,A10
AGCCAATGTATGATCC-1,0.6090371,0.12797858,0.167468,0.0955163,1.0886922,RpL6,A8
AGCCAATTCCTATGGA-1,0.42065075,0.36090866,0.059991874,0.1584487,1.1927803,RpL6,A10
AGCCACGCAGCGTATT-1,0.28710434,0.19597858,0.12545596,0.39146107,1.3052372,awd,A10
AGCCACGCAGTTTCGA-1,0.17350367,0.15281108,0.40989155,0.26379365,1.3080604,dpn,A10
AGCCACGCATCGATCA-1,0.06282398,0.65594554,0.1115781,0.1696524,0.9961159,br,A9p1
AGCCACGGTCCTGGGT-1,0.09390734,0.6655696,0.22637042,0.014152754,0.8896465,br,A8
AGCCACGGTGCCTATA-1,0.27680156,0.08567939,0.15882844,0.47869068,1.2109505,awd,A8
AGCCAGCAGTTCGGTT-1,0.2090249,0.1572402,0.4303731,0.20336181,1.3048354,dpn,A10
AGCCAGCAGTTGCGAG-1,0.4710975,0.29264668,0.061204247,0.17505156,1.190226,RpL6,A10
AGCCAGCCAAGCAGGT-1,0.2947234,0.23380189,0.17802724,0.2934475,1.3668747,RpL6,A9p1
AGCCAGCGTACGGCAA-1,0.23983702,0.16503038,0.083835274,0.51129735,1.1905608,awd,A9p1
AGCCAGCGTGGCAGAT-1,0.89827865,0.09552422,0.0024977687,0.0036993115,0.35637176,RpL6,A10
AGCCAGCTCACCATAG-1,0.2483662,0.32843214,0.17134134,0.25186032,1.3611698,br,A10
AGCCAGCTCACTTATC-1,0.4633514,0.15639187,0.10422579,0.2760309,1.2376038,RpL6,A9p2
AGCCAGCTCTTGCAAG-1,0.055133745,0.030694682,0.07174096,0.8424306,0.6001692,awd,A9p1
AGCGATTGTGGAATGC-1,0.09047167,0.14331627,0.6765953,0.089616746,0.97630703,dpn,A9p1
AGCGATTTCAACCCGG-1,0.07908753,0.33857986,0.24832267,0.3340099,1.2795315,br,A9p2
AGCGATTTCATGGGAG-1,0.39833644,0.101565935,0.24021587,0.25988173,1.2917362,RpL6,A8
AGCGCCAAGAATTGTG-1,0.13289875,0.22185852,0.23477493,0.41046777,1.3079909,awd,A10
AGCGCCAAGACCTCAT-1,0.18537232,0.43039602,0.1953758,0.18885586,1.3090646,br,A10
AGCGCCAAGTATAACG-1,0.1951138,0.15932575,0.2621619,0.3833985,1.3300369,awd,A10
AGCGCCACAATGCAGG-1,0.38262457,0.04961786,0.06409691,0.5036606,1.0381446,awd,A9p1
AGCGCCAGTAACATAG-1,0.28463894,0.10143465,0.23001571,0.38391078,1.2953434,awd,A10
AGCGCCAGTACTCCGG-1,0.31908384,0.2071736,0.12626483,0.34747773,1.3192143,awd,A9p2
AGCGCCAGTCCATCTC-1,0.15775943,0.13645864,0.50330275,0.20247918,1.2320535,dpn,A9p2
AGCGCCAGTCGCTTGG-1,0.21099305,0.40578824,0.32015225,0.063066475,1.2332091,br,A8
AGCGCCAGTTACGTAC-1,0.3475274,0.080934815,0.23466912,0.33686867,1.2774903,RpL6,A9p2
AGCGCCATCTAGAACC-1,0.2399169,0.1521856,0.24010906,0.36778846,1.3394194,awd,A9p2
AGCGCTGAGCTTCGTA-1,0.49091184,0.066661105,0.13262142,0.30980563,1.1607691,RpL6,A9p2
AGCGCTGCAGAGACTG-1,0.41389096,0.05492958,0.024762563,0.50641686,0.96065044,awd,A9p2
AGCGCTGGTCCGGATC-1,0.08958938,0.3718358,0.42316487,0.11540996,1.197114,dpn,A8
AGCGCTGGTGAATATG-1,0.29687303,0.15575212,0.11465867,0.4327162,1.2609591,awd,A8
AGCGCTGTCTTCGACC-1,0.025027556,0.20903826,0.69667536,0.06925883,0.85620856,dpn,A10
AGCGTATAGCCGCACT-1,0.49910557,0.0461619,0.06288217,0.39185035,1.0299008,RpL6,A9p1
AGCGTATAGTGGTCAG-1,0.26524863,0.39085144,0.13423802,0.20966192,1.3162999,br,A9p1
AGCGTATCAATTCTCT-1,0.17123221,0.3787007,0.2635323,0.18653482,1.3345602,br,A8
AGCGTATCATGATCTG-1,0.2111915,0.11484475,0.16619623,0.5077675,1.2193282,awd,A9p1
AGCGTATGTTACCCAA-1,0.033850353,0.2992216,0.6047481,0.06217993,0.9525154,dpn,A8
AGCGTATTCAAGGTGG-1,0.468753,0.07597727,0.16305406,0.29221565,1.2062112,RpL6,A8
AGCGTATTCGTCAAAC-1,0.29518604,0.112109356,0.18087836,0.4118262,1.2801405,awd,A9p2
AGCGTATTCTGAGAGG-1,0.4377398,0.17632383,0.12895295,0.2569834,1.2809384,RpL6,A10
AGCGTATTCTTTGCAT-1,0.45122087,0.11243334,0.1529869,0.28335887,1.2493372,RpL6,A9p1
AGCGTCGAGTGAACAT-1,0.28086323,0.10064836,0.0956875,0.52280086,1.1513773,awd,A10
AGCGTCGGTAGCACAG-1,0.48112595,0.08285388,0.14502692,0.29099327,1.1976079,RpL6,A9p2
AGCTACACATCGAGCC-1,0.19456731,0.53606635,0.23424347,0.03512286,1.1103408,br,A8
AGCTACAGTCAGGTAG-1,0.4786451,0.111720674,0.074092865,0.3355414,1.1567644,RpL6,A9p1
AGCTACAGTCGAGTGA-1,0.17949565,0.2310041,0.294276,0.29522428,1.3669462,awd,A9p1
AGCTACATCACCACAA-1,0.54299206,0.2974379,0.047992844,0.111577176,1.0826752,RpL6,A8
AGCTACATCAGACCCG-1,0.055010177,0.41778225,0.40207344,0.12513417,1.150593,br,A9p1
AGCTACATCTCTTAAC-1,0.27974996,0.30130744,0.18118596,0.23775661,1.3688644,br,A9p2
AGCTCAACAACGGGTA-1,0.09933284,0.3964147,0.2804277,0.22382483,1.2877758,br,A9p1
AGCTCAAGTCAGGAGT-1,0.023391576,0.65830344,0.21640095,0.10190408,0.9270227,br,A8
AGCTCAAGTCTACGTA-1,0.36818227,0.20187335,0.1310633,0.29888105,1.3181919,RpL6,A9p2
AGCTCAAGTGACTAAA-1,0.3284926,0.18733314,0.28847787,0.19569635,1.357285,RpL6,A9p1
AGCTCAATCAAGCTGT-1,0.35263476,0.19748288,0.107171305,0.34271097,1.2942436,RpL6,A9p1
AGCTCAATCAAGGACG-1,0.2524149,0.20396408,0.19443311,0.34918788,1.3575723,awd,A9p2
AGCTCAATCCTCTTTC-1,0.06314399,0.20817567,0.30934316,0.4193372,1.2285215,awd,A10
AGCTCAATCGTAACCA-1,0.38699672,0.051091034,0.3424791,0.21943314,1.2191408,RpL6,A9p1
AGCTTCCAGCATAGGC-1,0.4981999,0.09231598,0.18987381,0.21961032,1.2154319,RpL6,A8
AGCTTCCCAATACAGA-1,0.3914567,0.071517386,0.18120667,0.3558192,1.232991,RpL6,A10
AGCTTCCGTGCCCACA-1,0.2685179,0.2246142,0.09454945,0.4123184,1.2767946,awd,A9p2
AGCTTCCTCCTACGGG-1,0.22138532,0.1758112,0.2533406,0.3494628,1.3546889,awd,A10
AGGAAATAGCCGTAAG-1,0.17665547,0.53848124,0.090339564,0.19452372,1.17523,br,A9p1
AGGAAATAGCGATGGT-1,0.35564595,0.48540822,0.037912097,0.12103377,1.0981619,br,A10
AGGAAATAGTAGGTTA-1,0.24746054,0.22868994,0.23809534,0.2857541,1.3826153,awd,A10
AGGAAATCAGAGAGGG-1,0.58404106,0.07672717,0.17667468,0.16255707,1.1126624,RpL6,A9p2
AGGAAATGTTCGGACC-1,0.31880817,0.22617723,0.16652183,0.28849277,1.3577816,RpL6,A9p1
AGGAAATTCCCAGCGA-1,0.36333868,0.14344333,0.26466638,0.22855167,1.3355495,RpL6,A9p2
AGGAAATTCCTAACAG-1,0.083162196,0.12061806,0.76390547,0.032314282,0.7785826,dpn,A9p1
AGGAATACATTGCTTT-1,0.41654047,0.37649038,0.062291563,0.14467762,1.1851883,RpL6,A9p2
AGGAATATCAAGAGTA-1,0.22700788,0.11982815,0.080973215,0.5721907,1.1138213,awd,A9p2
AGGAATATCAGTCATG-1,0.406081,0.18256147,0.24143308,0.16992454,1.3207278,RpL6,A9p1
AGGAATATCCACAGGC-1,0.46510848,0.32967937,0.0440669,0.16114528,1.1535984,RpL6,A8
AGGACGAAGCAAGCCA-1,0.3140817,0.22801371,0.22124949,0.23665512,1.3756255,RpL6,A9p1
AGGACGAAGGTCGACA-1,0.0285002,0.7847636,0.03892699,0.14780922,0.70055073,br,A10
AGGACGACATTCCTAT-1,0.08388378,0.590212,0.21701187,0.10889236,1.092103,br,A8
AGGACGATCACAGTGT-1,0.13304138,0.51890266,0.3077424,0.0403136,1.1008992,br,A9p1
AGGACGATCCAGTACA-1,0.32127333,0.06943805,0.15577607,0.45351258,1.1982545,awd,A9p2
AGGACGATCGCTCATC-1,0.18387592,0.18540862,0.112544924,0.51817054,1.2103572,awd,A9p1
AGGACGATCTACGCGG-1,0.13474257,0.26921254,0.086399704,0.5096453,1.1784464,awd,A10
AGGACTTAGAGCTGCA-1,0.078395605,0.36654073,0.32976255,0.22530112,1.2690742,br,A9p1
AGGACTTAGCCATCCG-1,0.17415892,0.08151009,0.11770784,0.62662315,1.0534725,awd,A9p1
AGGACTTAGGTCATCT-1,0.2470755,0.3472848,0.15960191,0.24603777,1.3506112,br,A9p1
AGGACTTAGTTAGTGA-1,0.11747416,0.3484612,0.24204403,0.29202062,1.3217624,br,A9p2
AGGACTTGTGCATCTA-1,0.531938,0.052612416,0.17872512,0.23672445,1.1395419,RpL6,A9p2
AGGACTTGTTGGAGAC-1,0.3232641,0.31983232,0.1640545,0.19284911,1.343591,RpL6,A9p1
AGGACTTTCAGCAATC-1,0.39745626,0.068562895,0.26704636,0.26693448,1.2556143,RpL6,A10
AGGACTTTCCGATCTC-1,0.045267973,0.1776337,0.6902195,0.08687886,0.9152299,dpn,A9p1
AGGAGGTAGACGCCCT-1,0.44831866,0.116872005,0.11394904,0.32086033,1.222786,RpL6,A10
AGGAGGTCACCGAATT-1,0.077567436,0.30045143,0.31448007,0.30750105,1.2860234,dpn,A8
AGGAGGTTCGACCTAA-1,0.17079009,0.2220942,0.04918581,0.5579299,1.109735,awd,A9p1
AGGAGGTTCGACGCTG-1,0.21799606,0.16772728,0.16351719,0.45075944,1.2868094,awd,A9p1
AGGATAAAGTGAGGCT-1,0.058103994,0.52351487,0.30025586,0.11812527,1.1177102,br,A9p1
AGGATAACACCGGAAA-1,0.13148443,0.5856696,0.23682824,0.0460178,1.0629058,br,A9p1
AGGATAACAGGACTAG-1,0.2870067,0.09356238,0.23703498,0.3823959,1.2887369,awd,A8
AGGATAAGTAGGAAAG-1,0.040607315,0.35460806,0.110645816,0.4941388,1.0896508,awd,A10
AGGATAAGTCCGAAGA-1,0.030154077,0.5447224,0.20803714,0.21708643,1.0947071,br,A10
AGGATAAGTGCCTTCT-1,0.24502783,0.14006905,0.43825188,0.17665121,1.2877052,dpn,A10
AGGATCTAGCCGGAAT-1,0.029255666,0.29499558,0.53301483,0.14273392,1.0766975,dpn,A9p1
AGGATCTGTCCAACGC-1,0.35262802,0.07285295,0.15322092,0.42129806,1.209983,awd,A9p1
AGGATCTGTGGCTACC-1,0.19150169,0.42665333,0.35225952,0.029585497,1.1516396,br,A9p2
AGGCATTAGGGTGAAA-1,0.1588822,0.4094132,0.27185425,0.1598504,1.3050725,br,A8
AGGCATTAGGTCACAG-1,0.13041951,0.49427003,0.22416434,0.15114605,1.234765,br,A8
AGGCATTCAAAGCGTG-1,0.0747916,0.28062198,0.2990195,0.34556693,1.2787167,awd,A9p1
AGGCATTCACTTCATT-1,0.15711106,0.077594236,0.17374335,0.59155136,1.1037827,awd,A9p2
AGGCATTCATGGGAAC-1,0.7396269,0.097514674,0.05812712,0.10473135,0.8517586,RpL6,A9p1
AGGCATTGTAATGATG-1,0.14957237,0.06562748,0.6906123,0.094187826,0.94110125,dpn,A10
AGGCATTGTCAAAGCG-1,0.2126162,0.2596618,0.20298131,0.32474062,1.3682356,awd,A9p2
AGGCATTGTGTGTCGC-1,0.36584088,0.1237115,0.1450049,0.36544275,1.2742805,RpL6,A10
AGGCATTTCCATCACC-1,0.45671588,0.11947549,0.067424506,0.3563841,1.161293,RpL6,A9p2
AGGCCACAGAGGATCC-1,0.07330013,0.35525873,0.42406356,0.14737755,1.2051923,dpn,A9p1
AGGCCACCATACCAGT-1,0.17113583,0.124540865,0.16535367,0.5389697,1.1922562,awd,A9p2
AGGCCACGTGTTGCCG-1,0.482139,0.082885064,0.18041179,0.25456423,1.2153931,RpL6,A10
AGGCTGCAGAGTAACT-1,0.15896653,0.34000856,0.18558851,0.31543636,1.3356676,br,A9p1
AGGCTGCCAACGATCT-1,0.33090937,0.16786693,0.079143174,0.4220805,1.2303447,awd,A10
AGGCTGCCATGAATAG-1,0.221619,0.33986208,0.28134936,0.15716963,1.3483458,br,A8
AGGCTGCTCAAGCTTG-1,0.8962581,0.05714111,0.011911161,0.034689628,0.43108794,RpL6,A9p2
AGGCTGCTCAGACATC-1,0.064127125,0.7400501,0.12157469,0.07424815,0.8481888,br,A10
AGGCTGCTCTGTCTCG-1,0.3413293,0.19665803,0.24850956,0.21350309,1.3623846,RpL6,A9p2
AGGGAGTAGCAGCACA-1,0.059577882,0.2194217,0.7121971,0.008803247,0.78423035,dpn,A10
AGGGAGTCACAATTCG-1,0.03362229,0.2772339,0.6110246,0.0781192,0.9698956,dpn,A9p2
AGGGAGTGTCACAGAG-1,0.2610777,0.32773623,0.064712256,0.34647384,1.2606297,awd,A10
AGGGAGTTCCTGCCAT-1,0.18995173,0.25244585,0.36835533,0.18924712,1.3459326,dpn,A9p2
AGGGAGTTCTATTTCG-1,0.21627046,0.23874791,0.08521337,0.45976827,1.2402298,awd,A9p1
AGGGAGTTCTTACACT-1,0.124833636,0.36853305,0.25681603,0.24981724,1.3232468,br,A8
AGGGCCTAGGGCTTCC-1,0.2160875,0.20919223,0.10886917,0.4658511,1.2556311,awd,A10
AGGGCCTAGGTGCCTC-1,0.1734146,0.22369938,0.11733647,0.48554948,1.2410285,awd,A9p1
AGGGCCTCACCCTATC-1,0.17699996,0.078564286,0.0464318,0.6980039,0.89983773,awd,A10
AGGGCCTCATGGACAG-1,0.31569427,0.111328535,0.22807807,0.3448991,1.3126466,awd,A9p2
AGGGCCTGTAGGACTG-1,0.29516467,0.40382528,0.2568293,0.044180717,1.2132838,br,A10
AGGGCCTGTGTGAGCA-1,0.06733995,0.61185414,0.1843512,0.13645475,1.0657707,br,A9p1
AGGGCCTGTGTTTGCA-1,0.17136359,0.13675801,0.16901037,0.52286804,1.2138729,awd,A8
AGGGCCTGTTTCGTGA-1,0.06749802,0.11185683,0.35347942,0.46716568,1.1501181,awd,A8
AGGGCCTGTTTGGGTT-1,0.24004972,0.23730235,0.2666909,0.25595704,1.38515,dpn,A9p2
AGGGCCTTCCAACCGG-1,0.35232785,0.05153971,0.11689754,0.4792349,1.1238058,awd,A9p1
AGGGCCTTCCGAGATT-1,0.42039123,0.038818162,0.2146611,0.3261295,1.1861265,RpL6,A8
AGGGCCTTCCGCAGTG-1,0.13146743,0.13794419,0.15650837,0.57408,1.1488757,awd,A9p2
AGGGCCTTCGGTCGGT-1,0.57715803,0.083620235,0.09064996,0.24857184,1.0883754,RpL6,A9p2
AGGGCCTTCTGTACAG-1,0.3120687,0.16214341,0.18438454,0.34140342,1.3370451,awd,A10
AGGGCTCAGACAACTA-1,0.16994974,0.33048275,0.20089005,0.29867744,1.3504518,br,A9p1
AGGGCTCAGAGTTGCG-1,0.05885176,0.075535595,0.776206,0.08940664,0.7743509,dpn,A9p1
AGGGCTCAGCGCCGTT-1,0.24781351,0.27372903,0.13253143,0.34592602,1.3354157,awd,A9p2
AGGGCTCCACAGCATT-1,0.09353998,0.37080622,0.20497693,0.33067694,1.2802892,br,A9p1
AGGGCTCGTCGGCTAC-1,0.021699628,0.4042472,0.56432545,0.009727697,0.8171883,dpn,A10
AGGGCTCGTGACCGAA-1,0.023114003,0.052705035,0.86263657,0.06154438,0.5412412,dpn,A9p1
AGGGTCCAGATGCTTC-1,0.17813532,0.5314285,0.18918614,0.10125004,1.1901616,br,A9p1
AGGGTCCCAACTGGTT-1,0.039183732,0.51344687,0.25087896,0.19649039,1.1358329,br,A8
AGGGTCCCAGATACCT-1,0.108496964,0.12220737,0.08710267,0.68219304,0.971348,awd,A10
AGGGTCCCAGCGTGAA-1,0.2571706,0.15320683,0.293306,0.29631656,1.3568217,awd,A10
AGGGTCCGTGTTCGAT-1,0.30178043,0.12573545,0.07002686,0.50245726,1.1542779,awd,A10
AGGGTCCTCCAACTGA-1,0.53004426,0.15324819,0.1373509,0.17935662,1.2047904,RpL6,A8
AGGGTCCTCCGTGCGA-1,0.052583262,0.51249737,0.399891,0.03502841,0.98138684,br,A9p2
AGGGTCCTCGCGATCG-1,0.32696322,0.13098349,0.17546913,0.3665841,1.3050075,awd,A9p2
AGGGTGACACTTGGGC-1,0.3273429,0.33129025,0.07651135,0.2648555,1.2800932,br,A9p1
AGGGTGAGTCAAGGCA-1,0.07627424,0.5906822,0.20077129,0.13227229,1.0971951,br,A10
AGGGTGAGTCTTTATC-1,0.31121486,0.15383554,0.13363057,0.40131903,1.2865914,awd,A10
AGGGTGATCTCCTGTG-1,0.39952943,0.21097171,0.1541452,0.23535368,1.3235421,RpL6,A9p1
AGGGTTTAGATCCAAA-1,0.13642995,0.6612271,0.13505955,0.06728338,0.9972644,br,A9p1
AGGGTTTAGGCGACAT-1,0.13182278,0.019996306,0.11385906,0.7343219,0.81949836,awd,A9p1
AGGGTTTAGTCATCGT-1,0.2577659,0.1246527,0.2255863,0.3919951,1.3120245,awd,A10
AGGGTTTGTAAGGTCG-1,0.06523942,0.15227674,0.7165693,0.06591449,0.8827429,dpn,A9p1
AGGGTTTTCCCTCATG-1,0.07302546,0.45260066,0.4422104,0.03216345,1.0212742,br,A9p2
AGGGTTTTCCCTCGTA-1,0.21750881,0.05471377,0.027575728,0.7002017,0.8393538,awd,A10
AGGGTTTTCGCTCTCA-1,0.24023168,0.12350479,0.21139349,0.42487,1.2931035,awd,A9p1
AGGTAGGAGAATTGTG-1,0.10704542,0.57613117,0.22986981,0.086953536,1.1072214,br,A9p2
AGGTAGGCACTGTGAT-1,0.40110028,0.19876637,0.1397755,0.26035786,1.3129565,RpL6,A9p1
AGGTAGGGTCAGGAGT-1,0.28380522,0.084680915,0.1644354,0.46707842,1.2189213,awd,A8
AGGTAGGTCAAGAGGC-1,0.114594646,0.38108593,0.2213972,0.28292224,1.3069327,br,A9p1
AGGTAGGTCAGACATC-1,0.35893193,0.0767874,0.3242697,0.24001095,1.2725596,RpL6,A10
AGGTAGGTCAGGACGA-1,0.53548706,0.13679951,0.13641559,0.19129787,1.1947193,RpL6,A9p1
AGGTAGGTCTTCGATT-1,0.4361835,0.076772586,0.060826186,0.42621765,1.092744,RpL6,A10
AGGTCATCAACACAAA-1,0.3147691,0.1695745,0.14738254,0.36827385,1.3148265,awd,A8
AGGTCATCACTCCGAG-1,0.18287191,0.3988722,0.22759658,0.19065936,1.3301604,br,A9p1
AGGTCATCAGGAAGTC-1,0.07938868,0.13653517,0.63054484,0.15353139,1.0514722,dpn,A8
AGGTCATGTCTCGGAC-1,0.29313746,0.5445676,0.042802088,0.119492814,1.0794201,br,A10
AGGTCATGTTCTCTAT-1,0.5446547,0.08860714,0.33438143,0.032356735,1.0229968,RpL6,A9p2
AGGTCATTCGTAGGAG-1,0.1830931,0.06574419,0.5446624,0.20650032,1.1464784,dpn,A8
AGGTCATTCTGACAGT-1,0.054023243,0.6372651,0.122931734,0.18577988,1.0151743,br,A8
AGGTCTAAGATGCTGG-1,0.32497075,0.512221,0.043611817,0.11919651,1.0980887,br,A9p2
AGGTCTAAGCACGGAT-1,0.04661871,0.6216599,0.20891863,0.12280285,1.0231011,br,A9p2
AGGTCTAAGCGGTAGT-1,0.17787685,0.13971782,0.34628835,0.336117,1.3158165,dpn,A9p2
AGGTCTACAGCTCGGT-1,0.070168056,0.1978722,0.32794636,0.40401334,1.2387958,awd,A9p1
AGGTCTACATCACGGC-1,0.12591547,0.17313197,0.6844396,0.016512996,0.8918083,dpn,A8
AGGTCTAGTCCTTGTC-1,0.05358459,0.11058757,0.039778348,0.79604954,0.7101596,awd,A10
AGGTCTAGTCTGATCA-1,0.4117789,0.15975422,0.28628895,0.14217803,1.2937868,RpL6,A9p2
AGGTGTTCACAGTCGC-1,0.51806784,0.027518509,0.23715368,0.21726002,1.1125355,RpL6,A9p2
AGGTGTTCATTGCCTC-1,0.24907348,0.3601712,0.24330856,0.14744683,1.3401661,br,A10
AGGTGTTGTGTTTACG-1,0.0752344,0.33440253,0.45349628,0.13686675,1.1917541,dpn,A9p1
AGGTGTTTCCTGCTAC-1,0.29368845,0.065024786,0.07638667,0.5649001,1.05663,awd,A9p2
AGGTTACAGCAGTAAT-1,0.09570274,0.48199373,0.3403377,0.08196578,1.1481934,br,A9p2
AGGTTACCAAGTGGAC-1,0.10286406,0.33030033,0.30841076,0.25842488,1.312318,br,A9p1
AGGTTACCACGTATAC-1,0.021614825,0.10373481,0.7477021,0.1269482,0.79734683,dpn,A9p1
AGGTTACTCTCTGGTC-1,0.48325646,0.069498256,0.1008177,0.34642756,1.1353035,RpL6,A9p2
AGGTTGTCAATAGGGC-1,0.45946077,0.2419644,0.041599024,0.2569758,1.1821058,RpL6,A9p2
AGGTTGTCATCCGCGA-1,0.3758432,0.26401302,0.07979595,0.28034776,1.2776668,RpL6,A9p1
AGGTTGTCATCGTGCG-1,0.3504695,0.19679515,0.17617735,0.27655795,1.3487295,RpL6,A9p1
AGTAACCAGATTGCGG-1,0.22685325,0.39037126,0.23882866,0.14394681,1.3247498,br,A9p1
AGTAACCCAAGAGTGC-1,0.09272958,0.62309855,0.20844574,0.07572611,1.0375545,br,A8
AGTAACCCACAATGAA-1,0.13974865,0.47186372,0.34814206,0.040245656,1.1260527,br,A8
AGTAACCCATACCAGT-1,0.29977173,0.04748036,0.21374908,0.4389988,1.197053,awd,A9p2
AGTAACCCATGACTTG-1,0.16051993,0.35691935,0.43144327,0.05111737,1.1760434,dpn,A8
AGTAACCGTCACCGCA-1,0.5047736,0.054456342,0.15204301,0.28872707,1.1486384,RpL6,A10
AGTACCAAGACAGTCG-1,0.06574678,0.23153172,0.51037204,0.19234937,1.1780597,dpn,A8
AGTACCAAGCATGATA-1,0.4016654,0.09367612,0.11527842,0.38938013,1.2045013,RpL6,A9p2
AGTACCAAGGCCTTCG-1,0.23965138,0.12027756,0.22059341,0.41947764,1.2949325,awd,A9p2
AGTACCACACGCTGAC-1,0.42825827,0.35482636,0.04370925,0.17320615,1.1713166,RpL6,A10
AGTACCACAGAAATTG-1,0.37110877,0.10538721,0.23469792,0.28880605,1.30388,RpL6,A9p2
AGTACCAGTTGCATAC-1,0.17039302,0.32401496,0.30165634,0.2039358,1.3524622,br,A8
AGTACCATCATCACAG-1,0.33403078,0.10669866,0.12424432,0.4350263,1.2262425,awd,A9p1
AGTACCATCCCGATCT-1,0.638711,0.061750747,0.05616752,0.24337073,0.96394414,RpL6,A9p1
AGTACCATCGCTGTCT-1,0.46066874,0.12338939,0.17772314,0.2382187,1.2639967,RpL6,A9p1
AGTACCATCGGTATGT-1,0.37923902,0.16559944,0.23607895,0.2190826,1.3389195,RpL6,A9p2
AGTACCATCTTGGAAC-1,0.21888526,0.4709636,0.286897,0.023254119,1.1328496,br,A8
AGTACTGAGAGCACTG-1,0.097184196,0.43268675,0.38404885,0.086080246,1.167669,br,A9p1
AGTACTGAGCATGTTC-1,0.16966905,0.2491554,0.12752005,0.4536555,1.2684251,awd,A9p1
AGTACTGAGCTGCCAC-1,0.07478924,0.44612622,0.34474298,0.13434157,1.1908362,br,A9p1
AGTACTGAGTTGAATG-1,0.2287943,0.1369977,0.03768337,0.59652466,1.0415106,awd,A9p1
AGTACTGCAAGAGGTC-1,0.27169505,0.34576425,0.13896978,0.24357097,1.3395035,br,A9p2
AGTACTGCAGGCCCTA-1,0.07592225,0.4437071,0.2873029,0.19306779,1.2321539,br,A8
AGTACTGTCCGCTTAC-1,0.050323386,0.65846914,0.1414179,0.14978953,0.98656166,br,A9p1
AGTAGCTAGCGAGAAA-1,0.03985372,0.3412009,0.5166418,0.10230357,1.0697439,dpn,A9p1
AGTAGCTGTAACACCT-1,0.059138935,0.27587497,0.409418,0.25556806,1.2367917,dpn,A9p1
AGTAGCTGTACGAGCA-1,0.117026135,0.102373295,0.6700746,0.11052596,0.9960941,dpn,A8
AGTAGCTGTTCCACAA-1,0.30738762,0.42755857,0.24429077,0.020763079,1.1506402,br,A9p1
AGTAGCTTCACCATAG-1,0.35340402,0.02717199,0.039724603,0.57969934,0.9097829,awd,A10
AGTAGTCAGGCTCTAT-1,0.14202093,0.08633104,0.16762337,0.6040247,1.0925617,awd,A9p2
AGTAGTCCAGAGGGTT-1,0.33483475,0.14856343,0.15343064,0.3631712,1.3050771,awd,A9p2
AGTAGTCGTTATGTCG-1,0.1949496,0.13589525,0.10034473,0.56881046,1.1416092,awd,A9p2
AGTAGTCTCGTGGACC-1,0.3451443,0.1887157,0.10721843,0.3589216,1.2890241,awd,A9p2
AGTAGTCTCTACTTCA-1,0.12882972,0.22303817,0.5870329,0.061099287,1.0821408,dpn,A10
AGTCAACCAACATCGT-1,0.83114517,0.15110594,0.0061450917,0.011603781,0.52227986,RpL6,A9p2
AGTCAACCAATGAAAC-1,0.13719386,0.4046248,0.21556513,0.24261619,1.3130131,br,A9p1
AGTCAACTCGCCTAGG-1,0.5889127,0.16601811,0.09020929,0.15485986,1.1157873,RpL6,A8
AGTCAACTCGCTCATC-1,0.14801896,0.4981408,0.22864218,0.12519805,1.2274458,br,A9p2
AGTCAACTCTGGAGAG-1,0.41707492,0.09605278,0.08140607,0.40546626,1.1599784,RpL6,A10
AGTCACAAGTTAGTGA-1,0.23769377,0.34818676,0.15851857,0.2556009,1.3495021,br,A9p1
AGTCACACAAGATGGC-1,0.3559283,0.30529943,0.068287075,0.27048522,1.266864,RpL6,A9p1
AGTCACACAATTTCTC-1,0.31475663,0.18249741,0.32613817,0.17660782,1.3458995,dpn,A9p1
AGTCACACATCGGAAG-1,0.34939063,0.061841566,0.2540464,0.33472136,1.2539653,RpL6,A10
AGTCACAGTAGTTCCA-1,0.2535809,0.4734458,0.07989754,0.19307584,1.2213836,br,A9p1
AGTCACAGTGCATTAC-1,0.21959329,0.18840359,0.5524325,0.039570652,1.1030029,dpn,A9p2
AGTCACAGTGTTCAGT-1,0.20909552,0.071902275,0.023324512,0.69567776,0.85660505,awd,A10
AGTCACAGTTCAAGGG-1,0.122761756,0.33521128,0.5291593,0.012867614,1.016683,dpn,A8
AGTCACATCCGTTGGG-1,0.43600354,0.35613737,0.12762116,0.08023792,1.194772,RpL6,A9p2
AGTCACATCGAGATGG-1,0.28270054,0.19806999,0.19275315,0.32647625,1.3606517,awd,A10
AGTCACATCGCACGGT-1,0.37439018,0.18604861,0.081960335,0.35760084,1.2534688,RpL6,A8
AGTCATGAGGATCACG-1,0.12315883,0.2575882,0.33167225,0.28758076,1.3317541,dpn,A10
AGTCATGCACCACTGG-1,0.5792402,0.07136537,0.038487233,0.3109072,0.9932778,RpL6,A10
AGTCATGGTCACTCGG-1,0.08792937,0.49960366,0.2483505,0.16411649,1.2029896,br,A9p2
AGTCATGTCACGACTA-1,0.18316975,0.3232934,0.26120082,0.23233597,1.3657271,br,A8
AGTCTCCAGCATGGGT-1,0.12012935,0.36475256,0.307791,0.20732704,1.3113437,br,A9p1
AGTCTCCGTATCCTCC-1,0.035431124,0.58649796,0.17820035,0.19987057,1.06047,br,A9p1
AGTCTCCGTTCGGCGT-1,0.56298506,0.16480653,0.13097079,0.14123768,1.1632605,RpL6,A9p1
AGTGACTAGATGCTAA-1,0.19609514,0.12195956,0.07662795,0.60531735,1.0767925,awd,A9p1
AGTGACTGTATGCTAC-1,0.3042807,0.10944024,0.028185511,0.5580936,1.0302464,awd,A10
AGTGACTGTCGACTGC-1,0.30651736,0.5151235,0.034982786,0.14337641,1.0999285,br,A10
AGTGACTGTGTCCACG-1,0.9302565,0.05076231,0.0053587323,0.0136224395,0.3050985,RpL6,A9p2
AGTGACTTCACTCGAA-1,0.45773777,0.09403172,0.13259134,0.31563917,1.2118855,RpL6,A9p1
AGTGATCAGAAACTGT-1,0.26579314,0.09323111,0.2438729,0.39710283,1.2842721,awd,A9p2
AGTGATCAGGGCAGGA-1,0.058460586,0.16472477,0.6137716,0.16304304,1.0583905,dpn,A9p1
AGTGATCAGTAGTCAA-1,0.45474273,0.14010258,0.07724661,0.327908,1.1971369,RpL6,A10
AGTGATCAGTGCGCTC-1,0.42365992,0.16451468,0.02267063,0.38915476,1.1138804,RpL6,A9p1
AGTGATCAGTTCATGC-1,0.40937942,0.12670298,0.21037713,0.25354055,1.3032424,RpL6,A9p2
AGTGATCGTAAGGCTG-1,0.36631408,0.09323596,0.077562466,0.4628875,1.1439404,awd,A9p2
AGTGATCGTATGGTAA-1,0.04211392,0.44331264,0.4196695,0.09490396,1.0818989,br,A9p2
AGTGATCTCAGGGTAG-1,0.12753756,0.06190231,0.05669373,0.7538664,0.8105819,awd,A10
AGTGATCTCATTTGCT-1,0.5324824,0.09125986,0.15432398,0.22193372,1.1765326,RpL6,A9p2
AGTGATCTCCTGCTAC-1,0.24836227,0.06886962,0.5615641,0.12120403,1.1100125,dpn,A9p1
AGTGATCTCGCAATGT-1,0.15889384,0.14896119,0.6767326,0.015412429,0.9044802,dpn,A8
AGTGATCTCGTCAACA-1,0.04905569,0.04545481,0.18209921,0.7233903,0.83278596,awd,A10
AGTGCCGAGACCATAA-1,0.4341211,0.13337292,0.1827964,0.24970959,1.2880406,RpL6,A9p1
AGTGCCGCATGCACTA-1,0.1265589,0.30440944,0.54871285,0.020318754,1.0321549,dpn,A8
AGTGCCGGTTTCCAAG-1,0.5188725,0.15004435,0.07790479,0.25317833,1.1716536,RpL6,A10
AGTGCCGTCCAGCTCT-1,0.40399563,0.11055673,0.14401771,0.3414299,1.2556181,RpL6,A9p1
AGTGCCGTCTCCGAGG-1,0.06310232,0.35722703,0.57737523,0.0022953756,0.87315476,dpn,A9p1
AGTGCCGTCTTGCAAG-1,0.09346786,0.28279322,0.6012405,0.022498416,0.96996385,dpn,A9p2
AGTGTTGAGCTCCGAC-1,0.1423993,0.10463282,0.4827062,0.2702617,1.2189193,dpn,A9p1
AGTGTTGAGTATGGAT-1,0.47924495,0.04432733,0.099538624,0.37688908,1.0880626,RpL6,A9p1
AGTGTTGCACTCCTTG-1,0.013777395,0.5238429,0.1036185,0.35876122,1.0004027,br,A10
AGTGTTGCAGCGGTTC-1,0.04772739,0.12717648,0.17388058,0.6512155,0.99095964,awd,A9p2
AGTGTTGCAGGTATGG-1,0.45575684,0.18126161,0.20371817,0.15926334,1.2844102,RpL6,A8
AGTGTTGGTCTAACGT-1,0.44386315,0.06500367,0.108626835,0.38250637,1.1469245,RpL6,A9p2
AGTGTTGTCACTACTT-1,0.08787939,0.056032877,0.22845477,0.6276329,1.0048265,awd,A10
AGTTAGCAGCGCCCAT-1,0.13303643,0.06519594,0.48628137,0.31548625,1.1609112,dpn,A9p1
AGTTAGCAGCTCAGAG-1,0.033330467,0.62995833,0.124418736,0.2122924,0.9927813,br,A10
AGTTAGCAGTAGATCA-1,0.012455334,0.23109439,0.12821215,0.6282381,0.94854546,awd,A10
AGTTAGCAGTGTAGAT-1,0.08622951,0.5200248,0.07495541,0.31879035,1.1100066,br,A9p1
AGTTAGCCAAGGATGC-1,0.0658822,0.057646573,0.8078664,0.06860485,0.69986683,dpn,A9p1
AGTTAGCCAAGTGATA-1,0.2892402,0.3701489,0.2100097,0.13060115,1.3202685,br,A9p1
AGTTAGCCACTTCAGA-1,0.3115941,0.40362737,0.089836404,0.19494206,1.2647569,br,A9p1
AGTTAGCTCACGATAC-1,0.043938685,0.22775155,0.6629701,0.06533959,0.92501926,dpn,A8
AGTTCCCCAACGCCCA-1,0.08156942,0.055301946,0.79759896,0.0655296,0.7234949,dpn,A9p1
AGTTCCCCAATAGTCC-1,0.07928001,0.6581376,0.24385256,0.018729832,0.8949058,br,A8
AGTTCCCCAATCTCTT-1,0.29532656,0.35675406,0.07470933,0.27321,1.2762127,br,A8
AGTTCCCCAGCATCTA-1,0.018449828,0.05789407,0.335078,0.58857805,0.91695786,awd,A10
AGTTCCCCATAGCACT-1,0.36053082,0.13232383,0.09494279,0.41220263,1.2242824,awd,A10
AGTTCCCGTACGGTTT-1,0.4374243,0.2116335,0.10807791,0.24286427,1.2745076,RpL6,A9p2
AGTTCCCTCATCCCGT-1,0.098692305,0.29601523,0.10010084,0.50519156,1.1642425,awd,A10
AGTTCGACACATATGC-1,0.877756,0.08072548,0.011347049,0.030171502,0.4740568,RpL6,A10
AGTTCGAGTCCGATCG-1,0.22001253,0.6892703,0.01223913,0.07847806,0.843219,br,A10
AGTTCGAGTCTGCAAT-1,0.45219976,0.15247954,0.17364731,0.22167337,1.2836235,RpL6,A9p2
AGTTCGATCGCTGTTC-1,0.26986566,0.5656099,0.03662438,0.12790011,1.0599372,br,A10
AGTTCGATCTGCCTGT-1,0.03516533,0.15475732,0.7124458,0.097631544,0.8751849,dpn,A8
ATACCGAAGATCACCT-1,0.16233668,0.25604153,0.18901972,0.39260215,1.325932,awd,A9p2
ATACCGAAGTCACACT-1,0.15044898,0.16083159,0.3719083,0.31681114,1.3108892,dpn,A9p2
ATACCGACACCTAAAC-1,0.40799794,0.17976099,0.13599718,0.2762439,1.3009707,RpL6,A8
ATACCGACAGTACTAC-1,0.16340087,0.28880697,0.21078737,0.3370048,1.349428,awd,A9p2
ATACCGATCATTTGGG-1,0.107629836,0.23502864,0.60571474,0.051626783,1.0369256,dpn,A10
ATACCTTAGAAGCGCT-1,0.16642031,0.009482574,0.20665751,0.6174396,0.96615267,awd,A9p1
ATACCTTAGCGATGGT-1,0.11437983,0.19328143,0.66048604,0.03185274,0.94942135,dpn,A9p1
ATACCTTCAGGTTCAT-1,0.15929808,0.5647833,0.2634169,0.012501845,1.0214795,br,A8
ATACCTTGTAACCCTA-1,0.4298516,0.19871618,0.13642105,0.23501118,1.2961082,RpL6,A9p1
ATACCTTTCAATCCGA-1,0.05625012,0.076638736,0.35515198,0.51195914,1.0691619,awd,A10
ATACCTTTCGCTTTAT-1,0.06863078,0.1314869,0.6977762,0.102106124,0.9347092,dpn,A8
ATACTTCAGTTTGTCG-1,0.34939283,0.4995605,0.047897942,0.10314879,1.0939729,br,A9p2
ATACTTCGTAATGATG-1,0.45533735,0.093378484,0.14975855,0.30152565,1.225481,RpL6,A10
ATACTTCGTGCTCTTC-1,0.023783673,0.022695912,0.43964067,0.5138798,0.87825763,awd,A9p1
ATACTTCGTTAATGAG-1,0.24441695,0.34271497,0.15593602,0.25693208,1.350286,br,A9p2
ATACTTCGTTGCATAC-1,0.03992366,0.050872188,0.054548632,0.85465544,0.57299834,awd,A9p2
ATACTTCGTTTGAAAG-1,0.1109261,0.09020242,0.12366009,0.6752114,0.9845664,awd,A9p2
ATAGACCAGATTAGTG-1,0.3351897,0.1614139,0.16983435,0.333562,1.3280973,RpL6,A8
ATAGACCAGCGACCCT-1,0.128247,0.062437832,0.36681172,0.44250342,1.165224,awd,A9p2
ATAGACCAGCGTCTCG-1,0.5126306,0.08478883,0.19524413,0.2073365,1.1969218,RpL6,A8
ATAGACCCAGTCTCTC-1,0.14952058,0.4486342,0.29439664,0.10744866,1.2434253,br,A9p1
ATAGACCGTCCGTTTC-1,0.12051294,0.4733266,0.10099063,0.3051698,1.2027851,br,A9p1
ATAGACCTCTCATTGT-1,0.105181046,0.29304975,0.56892836,0.032840796,1.0296313,dpn,A9p2
ATAGAGAAGATACATG-1,0.4193201,0.34620523,0.1635656,0.070909046,1.2154607,RpL6,A9p2
ATAGAGAAGTAAGCAT-1,0.0195296,0.24977261,0.6570145,0.07368325,0.89149356,dpn,A8
ATAGAGAAGTGATCGG-1,0.12317824,0.63519394,0.23539318,0.006234697,0.9183704,br,A8
ATAGAGACACTAGGCC-1,0.3435554,0.1008388,0.19963302,0.35597277,1.2877527,awd,A9p2
ATAGAGACATCATTTC-1,0.13762157,0.36835822,0.12571622,0.36830395,1.2693973,br,A9p1
ATAGAGAGTGACCTGC-1,0.10326836,0.0815612,0.1365032,0.67866725,0.97378945,awd,A9p1
ATAGGCTAGAGCCCAA-1,0.23668799,0.30701685,0.10594891,0.3503462,1.3089008,awd,A10
ATAGGCTAGATAACAC-1,0.109036446,0.44398606,0.39656973,0.05040784,1.1195202,br,A9p2
ATAGGCTCAAACTGCT-1,0.11256823,0.30648232,0.5146815,0.0662679,1.130025,dpn,A9p1
ATAGGCTCAAGAAATC-1,0.40021014,0.07854239,0.19106552,0.33018196,1.248438,RpL6,A10
ATAGGCTCATACACCA-1,0.8983712,0.062955074,0.009839321,0.0288344,0.41809526,RpL6,A9p2
ATAGGCTGTACAGCGA-1,0.23791586,0.29364687,0.3565791,0.11185824,1.3141689,dpn,A8
ATAGGCTGTGAGCGAT-1,0.20869404,0.5260862,0.13440378,0.130816,1.2007105,br,A8
ATAGGCTGTGTGTTTG-1,0.13406974,0.060800772,0.1421731,0.6629564,0.9894947,awd,A9p1
ATAGGCTTCTCTCGCA-1,0.17708905,0.53565687,0.117569864,0.16968423,1.1936224,br,A10
ATATCCTCAAGGTCGA-1,0.080453224,0.63483,0.16019845,0.12451837,1.0440016,br,A10
ATATCCTCATAGAGGC-1,0.048812073,0.7530223,0.16893466,0.029231062,0.76467055,br,A10
ATATCCTGTACACGCC-1,0.11539716,0.4994387,0.27146578,0.11369839,1.1971045,br,A9p2
ATATCCTGTGATGAAT-1,0.9208422,0.053195313,0.00695804,0.019004572,0.34188557,RpL6,A10
ATATCCTTCTTGGTGA-1,0.16966802,0.47724307,0.2873165,0.065772414,1.1913428,br,A8
ATCACAGAGACCTGGA-1,0.30121896,0.2696694,0.094766185,0.3343455,1.3044595,awd,A9p1
ATCACAGAGTCACTGT-1,0.31698102,0.070627466,0.1440105,0.46838102,1.1856982,awd,A9p1
ATCACAGCAGAATGTA-1,0.14181398,0.097214386,0.5095033,0.25146827,1.1942917,dpn,A9p2
ATCACAGCAGCTCCTT-1,0.1407096,0.34047973,0.49102658,0.027784145,1.091577,dpn,A9p2
ATCACAGTCTCATAGG-1,0.37884927,0.11146144,0.1187953,0.390894,1.2325225,awd,A9p2
ATCACGAAGAACCCGA-1,0.41171384,0.055492766,0.299747,0.23304641,1.2263997,RpL6,A9p1
ATCACGAGTATACCCA-1,0.016968487,0.14622237,0.777865,0.05894419,0.7125835,dpn,A8
ATCACGATCGCCTTTG-1,0.04667805,0.2702525,0.5998567,0.08321273,1.0101038,dpn,A9p1
ATCACGATCGCTCTCA-1,0.11519477,0.43603447,0.27446175,0.17430894,1.2702428,br,A8
ATCACGATCTGTGCGG-1,0.45510748,0.14667055,0.14470921,0.2535127,1.2674474,RpL6,A9p2
ATCACTTAGGAGTCTG-1,0.42064807,0.19235867,0.17185034,0.21514302,1.3145547,RpL6,A9p2
ATCACTTGTAGACGGT-1,0.50922984,0.12788513,0.0936249,0.26926008,1.1817051,RpL6,A9p1
ATCACTTGTCACGTGC-1,0.07020567,0.17299815,0.14093234,0.61586386,1.0646908,awd,A9p2
ATCACTTGTCGCTTGG-1,0.1514087,0.5421465,0.10355513,0.20288973,1.1761923,br,A9p2
ATCACTTGTTGCATGT-1,0.09706472,0.27206966,0.0424922,0.58837336,1.0268221,awd,A10
ATCACTTGTTTCGATG-1,0.1328211,0.26059455,0.092727534,0.5138568,1.1812234,awd,A10
ATCACTTTCCTGCCAT-1,0.13839172,0.24820805,0.37907413,0.23432611,1.3272954,dpn,A9p1
ATCACTTTCTGCCTGT-1,0.049610898,0.050083626,0.1593629,0.74094266,0.8138017,awd,A9p1
ATCAGGTAGGGCCCTT-1,0.34982517,0.30886492,0.066626824,0.27468303,1.2656963,RpL6,A10
ATCAGGTCACGACGAA-1,0.2525529,0.29941687,0.14307617,0.30495408,1.348975,awd,A9p1
ATCAGGTGTAAGGCTG-1,0.21625704,0.15686654,0.5752119,0.051664565,1.0929081,dpn,A9p2
ATCAGGTTCCTGCCAT-1,0.39443466,0.08935506,0.09927679,0.41693345,1.1768072,awd,A8
ATCAGGTTCTCGTTTA-1,0.17654757,0.6158602,0.12094576,0.086646445,1.0721095,br,A9p1
ATCATTCAGGTATTGA-1,0.45703343,0.09467404,0.075319484,0.37297305,1.1436551,RpL6,A9p2
ATCATTCCAATGTCTG-1,0.03510557,0.35399643,0.5780566,0.032841448,0.9142083,dpn,A8
ATCATTCCACAGCATT-1,0.2583343,0.084818654,0.10781706,0.54903,1.1282663,awd,A10
ATCATTCCAGGGAATC-1,0.30644813,0.19909507,0.13809861,0.3563581,1.3248754,awd,A9p2
ATCATTCCATCTTTCA-1,0.04820384,0.23503968,0.60031253,0.11644393,1.043244,dpn,A9p1
ATCATTCGTTCCATTT-1,0.23088545,0.05721519,0.0475096,0.6643897,0.91854197,awd,A9p1
ATCCACCAGCCACCGT-1,0.078491494,0.22493799,0.68883955,0.0077309483,0.82968897,dpn,A8
ATCCACCAGCTCCCTT-1,0.2635564,0.65945166,0.011772933,0.065219,0.8563527,br,A10
ATCCACCAGGACGCAT-1,0.16242218,0.43471614,0.3692143,0.03364741,1.13936,br,A8
ATCCACCAGTAGACCG-1,0.9214709,0.05057952,0.0045994017,0.023350136,0.33878466,RpL6,A8
ATCCACCCAGAGTTCT-1,0.07136785,0.21166593,0.43170184,0.28526443,1.2375245,dpn,A9p1
ATCCACCGTACAGAGC-1,0.3568017,0.07671801,0.23614782,0.33033243,1.2714198,RpL6,A10
ATCCACCGTCCCGTGA-1,0.10569346,0.4361833,0.3351099,0.123013414,1.2235582,br,A9p1
ATCCACCGTTTACTGG-1,0.17286642,0.11180296,0.32499492,0.3903357,1.2808678,awd,A10
ATCCACCTCCATCACC-1,0.30309492,0.22093593,0.30440304,0.17156616,1.3598868,dpn,A9p1
ATCCATTCAATTCGTG-1,0.251781,0.07997726,0.5443017,0.12394006,1.1391327,dpn,A9p1
ATCCATTCACCGGTCA-1,0.42863297,0.38586488,0.071343884,0.114158235,1.1666731,RpL6,A8
ATCCATTGTACAGTAA-1,0.10072884,0.15824638,0.09667277,0.644352,1.0320163,awd,A10
ATCCATTGTCCTGTTC-1,0.082664184,0.18198359,0.534748,0.20060426,1.1731355,dpn,A8
ATCCATTTCCGTGGGT-1,0.058983374,0.07404685,0.25463182,0.612338,1.0083548,awd,A9p2
ATCCATTTCGGTAAGG-1,0.35903913,0.18652608,0.28518805,0.16924687,1.3394325,RpL6,A8
ATCCCTGAGTACGTCT-1,0.21938862,0.46128157,0.16686341,0.15246639,1.2752507,br,A8
ATCCCTGAGTGACACG-1,0.35336587,0.29521087,0.13771124,0.21371204,1.3305762,RpL6,A9p1
ATCCCTGCAACCTAAC-1,0.29225132,0.1867681,0.19501464,0.32596594,1.3570684,awd,A8
ATCCCTGGTCACTACA-1,0.091053754,0.4290253,0.13896647,0.3409545,1.2223732,br,A8
ATCCCTGGTTCTTAGG-1,0.23291293,0.014386912,0.06267375,0.6900264,0.83000827,awd,A9p1
ATCCCTGTCCACCCTA-1,0.32190093,0.05103019,0.095573545,0.53149533,1.0770411,awd,A10
ATCCCTGTCTAGACCA-1,0.1895533,0.03946527,0.112686165,0.6582952,0.9640533,awd,A9p1
ATCCGTCGTTATGGTC-1,0.431802,0.15939608,0.11325485,0.29554707,1.2622637,RpL6,A10
ATCCGTCGTTTGCAGT-1,0.083913594,0.09485131,0.58500427,0.23623078,1.0858624,dpn,A10
ATCCGTCTCCGTGTGG-1,0.085737474,0.07912187,0.17057666,0.6645641,0.98455846,awd,A10
ATCCGTCTCGGCCAAC-1,0.20115313,0.57122356,0.21112202,0.016501246,1.0385462,br,A9p1
ATCCTATAGAAGATCT-1,0.17114492,0.31589878,0.2727587,0.24019758,1.3630849,br,A9p1
ATCCTATCACTTCCTG-1,0.24115849,0.21533,0.4201,0.12341153,1.2961996,dpn,A8
ATCCTATCATAGGAGC-1,0.043936264,0.43888775,0.05212311,0.46505287,1.0087564,awd,A10
ATCCTATGTTACCGTA-1,0.029321138,0.34000894,0.35434502,0.27632493,1.1933138,dpn,A10
ATCCTATTCTTCGTAT-1,0.038959816,0.27216235,0.6704812,0.018396601,0.8221502,dpn,A8
ATCGATGAGCATCCTA-1,0.08158852,0.4736547,0.42576715,0.01898969,0.99723655,br,A9p1
ATCGATGAGTCGCCAC-1,0.2197942,0.1429216,0.34909177,0.28819245,1.3369896,dpn,A8
ATCGATGGTAGAGTTA-1,0.3906005,0.1933067,0.08899367,0.32709914,1.2657101,RpL6,A10
ATCGATGGTCAAAGCG-1,0.1252294,0.011203039,0.09326009,0.7703074,0.73276734,awd,A9p2
ATCGATGGTTACCTGA-1,0.06582202,0.5165059,0.15533175,0.2623404,1.1606263,br,A9p2
ATCGATGTCTGTTCAT-1,0.26387814,0.22319636,0.26283166,0.2500938,1.384101,RpL6,A9p2
ATCGCCTAGTGCGTCC-1,0.25774473,0.15784729,0.2262541,0.35815385,1.3448379,awd,A9p2
ATCGCCTCAGAGGAAA-1,0.29496133,0.14708893,0.17072725,0.38722247,1.3112217,awd,A9p1
ATCGCCTGTCACCCTT-1,0.87385887,0.082895406,0.0153512815,0.027894458,0.48821098,RpL6,A9p2
ATCGCCTGTGGCTCTG-1,0.106097706,0.7941973,0.0129895415,0.086715415,0.689472,br,A10
ATCGCCTTCCAGTTCC-1,0.11876462,0.5242365,0.24275552,0.114243336,1.1831111,br,A8
ATCGCCTTCGAATCCA-1,0.049679022,0.41809046,0.10453425,0.42769623,1.1130677,awd,A9p2
ATCGGATAGACTTCGT-1,0.14865302,0.38359892,0.275867,0.19188114,1.322946,br,A9p1
ATCGGATAGCGAGTAC-1,0.12489114,0.023542274,0.16156481,0.6900018,0.89861274,awd,A9p1
ATCGGATCAAGTGATA-1,0.27458245,0.39696908,0.26848474,0.059963737,1.2434433,br,A9p1
ATCGGATCACTCGATA-1,0.098612614,0.36315638,0.31686208,0.22136898,1.2942643,br,A9p1
ATCGGATCATGGGTCC-1,0.3649021,0.09473528,0.15653056,0.3838321,1.248952,awd,A10
ATCGGATCATTGTAGC-1,0.3594407,0.4990019,0.032481637,0.10907575,1.0676584,br,A8
ATCGGATGTAGAGGAA-1,0.32387823,0.16869098,0.20633312,0.30109772,1.3524152,RpL6,A9p1
ATCGGATGTGTCATTG-1,0.39809662,0.12282967,0.2454338,0.23363991,1.3087137,RpL6,A10
ATCGGATTCCATAGAC-1,0.025078122,0.36147392,0.27743647,0.33601147,1.1824316,br,A10
ATCGGATTCCATTTCA-1,0.18480435,0.07058805,0.37828586,0.3663217,1.2347655,dpn,A8
ATCGGATTCTTAGTTC-1,0.13213688,0.515396,0.11750156,0.23496552,1.2009597,br,A9p2
ATCGGCGAGGTTATAG-1,0.24957965,0.120328315,0.07759328,0.55249876,1.1273593,awd,A9p2
ATCGGCGAGTTGCCCG-1,0.076783076,0.2977912,0.47240242,0.1530233,1.1993338,dpn,A9p2
ATCGGCGCAACGTTAC-1,0.112837315,0.38091594,0.20695575,0.29929098,1.300894,br,A9p2
ATCGGCGCACGAAGAC-1,0.05805074,0.3493182,0.47968552,0.11294552,1.131347,dpn,A8
ATCGGCGGTGTTAACC-1,0.6233834,0.11345746,0.08969021,0.1734689,1.0616813,RpL6,A9p2
ATCGGCGGTTAGGACG-1,0.09593257,0.5088302,0.11866893,0.27656838,1.1770686,br,A9p2
ATCGGCGTCAACACGT-1,0.15411043,0.22452302,0.13556142,0.48580512,1.2452095,awd,A9p2
ATCGGCGTCCGTGGTG-1,0.25772077,0.01657589,0.47707346,0.24862988,1.1165113,dpn,A9p1
ATCGGCGTCGAGTACT-1,0.22065957,0.21870717,0.2827419,0.2778913,1.3788981,dpn,A9p1
ATCGTAGAGTTCGCAT-1,0.26623735,0.12060072,0.21244931,0.4007126,1.3029839,awd,A9p1
ATCGTAGCAATAGTCC-1,0.22321428,0.1290678,0.12454642,0.5231715,1.1973672,awd,A9p1
ATCGTAGGTCGTTCAA-1,0.41031677,0.4196128,0.037197184,0.13287333,1.1205436,br,A8
ATCGTAGGTTGTATGC-1,0.0596652,0.26526102,0.5056672,0.16940652,1.165785,dpn,A9p1
ATCGTAGTCGAATGCT-1,0.13496636,0.059061076,0.68536067,0.12061192,0.9514475,dpn,A10
ATCGTCCAGCTACAAA-1,0.40288353,0.142693,0.045366723,0.40905672,1.1500709,awd,A9p2
ATCGTCCAGTAGGTTA-1,0.06388654,0.07189494,0.19716464,0.6670539,0.95521545,awd,A10
ATCGTCCCAAGATTGA-1,0.14377482,0.07017546,0.16911805,0.6169316,1.0638171,awd,A8
ATCGTCCCAATGGCCC-1,0.31734595,0.112793885,0.08968839,0.48017183,1.1789112,awd,A10
ATCGTCCGTAACTTCG-1,0.067841485,0.06874228,0.13111316,0.732303,0.8611219,awd,A9p1
ATCGTCCTCCTACTGC-1,0.11847754,0.15566677,0.23665266,0.48920307,1.2330865,awd,A9p1
ATCGTCCTCGGCATCG-1,0.25577447,0.13592036,0.25598845,0.35231674,1.3363537,awd,A8
ATCGTCCTCTTAGCTT-1,0.34868187,0.083246976,0.24339002,0.32468113,1.2834865,RpL6,A9p1
ATCGTGAAGAGTACCG-1,0.173412,0.22234222,0.37408578,0.23016,1.3440604,dpn,A9p1
ATCGTGAAGCCGAATG-1,0.3803158,0.07379003,0.2732834,0.2726108,1.2688384,RpL6,A9p1
ATCGTGACAATGGCAG-1,0.086793564,0.39475355,0.3030536,0.21539938,1.2715572,br,A9p2
ATCGTGACAGGCGAAT-1,0.38228348,0.43218848,0.03684638,0.14868164,1.1351705,br,A9p1
ATCGTGAGTCAACCAT-1,0.087301545,0.6134601,0.1719085,0.12732992,1.0777551,br,A9p1
ATCGTGAGTCGGTGAA-1,0.29137644,0.22798038,0.12276398,0.35787913,1.3216144,awd,A8
ATCGTGAGTGCTAGCC-1,0.2668256,0.09844635,0.34128132,0.29344678,1.3074188,dpn,A9p2
ATCGTGAGTGTCCGGT-1,0.112578884,0.15831564,0.21664813,0.5124573,1.2116417,awd,A9p2
ATCGTGATCAGTCTTT-1,0.49803522,0.0999209,0.29232165,0.109722175,1.1793191,RpL6,A9p2
ATCGTGATCGATTCCC-1,0.09862022,0.4699273,0.304769,0.12668344,1.2071931,br,A8
ATCTCTAAGTTGCGAG-1,0.4537609,0.038840506,0.025335,0.48206362,0.9295926,awd,A8
ATCTCTACACTTCCTG-1,0.23276147,0.03889768,0.15281945,0.5755214,1.0706341,awd,A10
ATCTCTACAGGTCTCG-1,0.20025884,0.37110043,0.10988571,0.31875506,1.2970157,br,A10
ATCTCTACATCCAATG-1,0.08915907,0.30995855,0.4736271,0.12725528,1.1948894,dpn,A8
ATCTCTAGTATGACAA-1,0.030143786,0.42821693,0.3290436,0.21259575,1.1636672,br,A9p1
ATCTCTAGTATGAGGC-1,0.091885336,0.3685398,0.35081255,0.18876234,1.2694232,br,A8
ATCTCTATCTCGTTTA-1,0.04639713,0.2650704,0.5819464,0.10658605,1.0480906,dpn,A10
ATCTTCAAGATTGTGA-1,0.08781553,0.26185265,0.5605523,0.08977945,1.1053587,dpn,A8
ATCTTCAAGGTCGCCT-1,0.52363837,0.12646955,0.09838074,0.2515113,1.1755668,RpL6,A9p2
ATCTTCAAGTCGCTAT-1,0.43299675,0.38468704,0.054720532,0.12759568,1.151627,RpL6,A9p1
ATCTTCACATAGAGGC-1,0.3552337,0.12578796,0.18727702,0.33170134,1.308197,RpL6,A9p1
ATCTTCAGTACTCGTA-1,0.25636077,0.113050975,0.38324836,0.24733995,1.3084867,dpn,A9p1
ATCTTCATCAACTTTC-1,0.3892206,0.1051927,0.28482035,0.2207664,1.2953677,RpL6,A10
ATCTTCATCCATTTCA-1,0.32128882,0.1776386,0.34024104,0.16083147,1.3324738,dpn,A10
ATGAAAGAGATCGGTG-1,0.26031062,0.09994734,0.2692797,0.37046227,1.3017033,awd,A9p1
ATGAAAGAGTAGCAAT-1,0.14513922,0.3296765,0.35440743,0.1707769,1.3154113,dpn,A8
ATGAAAGCAAGACGAC-1,0.07555552,0.39657187,0.20194867,0.32592395,1.2503961,br,A9p1
ATGAAAGCAGACCATT-1,0.07406858,0.32184112,0.30098745,0.30310285,1.2808539,br,A9p1
ATGAAAGCAGCTAACT-1,0.42285687,0.34438542,0.10471273,0.128045,1.2305429,RpL6,A9p1
ATGAAAGTCATAAGGA-1,0.38264474,0.13205437,0.17698593,0.30831495,1.3041941,RpL6,A10
ATGAAAGTCCTCTCTT-1,0.28843915,0.13873395,0.15550934,0.41731748,1.2867427,awd,A9p1
ATGAAAGTCGAACCTA-1,0.2451496,0.0778798,0.48952147,0.1874491,1.2069623,dpn,A9p2
ATGACCAAGACAGCGT-1,0.42734677,0.09289029,0.19898152,0.28078145,1.2619584,RpL6,A8
ATGACCACAGAGACTG-1,0.59246325,0.12252058,0.15483266,0.13018353,1.1216096,RpL6,A8
ATGACCAGTTAAGTCC-1,0.26796958,0.016855061,0.08125308,0.63392234,0.91462576,awd,A9p2
ATGACCATCGGCCAAC-1,0.32642603,0.11037896,0.14117739,0.42201763,1.2491744,awd,A9p1
ATGAGGGAGCAACTTC-1,0.11343258,0.1707618,0.5138496,0.20195602,1.2139142,dpn,A9p1
ATGAGGGAGGCGAAGG-1,0.048573412,0.37122336,0.54354495,0.036658257,0.96734804,dpn,A8
ATGAGGGCAAACCATC-1,0.09299472,0.41853812,0.38919395,0.09927317,1.1820062,br,A9p1
ATGAGGGGTTAGGGTG-1,0.056275684,0.71516347,0.116207175,0.11235369,0.89742607,br,A9p2
ATGAGGGTCCGAAGGA-1,0.04336433,0.50363994,0.3174716,0.13552408,1.1166415,br,A8
ATGAGGGTCTCTTGCG-1,0.32702008,0.13031563,0.18276484,0.3598994,1.3094891,awd,A9p2
ATGAGTCCATCTTTCA-1,0.0968375,0.09823914,0.115200765,0.6897226,0.9592041,awd,A9p1
ATGAGTCCATGAGATA-1,0.044821948,0.35338187,0.28637472,0.3154214,1.2288108,br,A9p1
ATGAGTCGTACTTCCC-1,0.031181037,0.6555889,0.069199346,0.24403065,0.91394866,br,A9p2
ATGAGTCGTTGCATAC-1,0.39763004,0.06186653,0.043445114,0.49705836,1.0225909,awd,A8
ATGAGTCTCATTGTGG-1,0.19896942,0.19812845,0.29966322,0.3032389,1.364953,awd,A9p2
ATGAGTCTCCTTGAAG-1,0.041361403,0.3958856,0.37584546,0.18690757,1.1798565,br,A9p1
ATGAGTCTCGACGCGT-1,0.05986514,0.22618066,0.6337236,0.080230586,0.99623764,dpn,A8
ATGATCGAGAGAGGTA-1,0.20227061,0.43906826,0.05099894,0.30766225,1.1990838,br,A9p1
ATGATCGCACGCTTAA-1,0.044081468,0.12786621,0.7675193,0.060532983,0.7734493,dpn,A8
ATGATCGCAGTAACAA-1,0.3229223,0.07481099,0.075527996,0.5267387,1.0917563,awd,A8
ATGATCGGTATGGAAT-1,0.31026852,0.08482384,0.119469136,0.48543856,1.1770515,awd,A9p2
ATGATCGTCCATACAG-1,0.045797132,0.19820054,0.71618134,0.03982089,0.82943404,dpn,A9p1
ATGATCGTCGCACTCT-1,0.10124785,0.20107523,0.59764224,0.10003471,1.092364,dpn,A9p1
ATGATCGTCTGAGAAA-1,0.4640319,0.14767674,0.119761646,0.26852968,1.2459759,RpL6,A9p1
ATGCATGAGCGTCTGC-1,0.071647756,0.23038456,0.6005296,0.09743806,1.0601932,dpn,A10
ATGCATGCAGTCAGCC-1,0.6169744,0.036190942,0.01032346,0.3365111,0.83178484,RpL6,A10
ATGCATGCATGCCGGT-1,0.04304853,0.3923766,0.508905,0.055669863,1.0070417,dpn,A8
ATGCATGGTAACACCT-1,0.2338742,0.14695711,0.3364722,0.28269643,1.3452721,dpn,A9p2
ATGCATGGTAACGCGA-1,0.9096019,0.046816267,0.007771163,0.035810616,0.38649127,RpL6,A8
ATGCATGGTCCAGCAC-1,0.3264357,0.106833674,0.19091657,0.37581414,1.2883204,awd,A9p2
ATGCATGGTCTGTAAC-1,0.2572027,0.07272768,0.43841,0.23165964,1.240187,dpn,A10
ATGCATGGTTGGGTAG-1,0.11351789,0.388298,0.19823353,0.29995057,1.2962996,br,A9p1
ATGCATGTCAACACGT-1,0.086650744,0.04093061,0.11141954,0.7609991,0.795097,awd,A10
ATGCATGTCGCTAATG-1,0.055521265,0.74175054,0.15127005,0.05145817,0.82048136,br,A9p1
ATGCATGTCGGAATGG-1,0.33633578,0.24671832,0.08912703,0.32781896,1.2928672,RpL6,A9p1
ATGCATGTCTTTACAC-1,0.08225169,0.41568354,0.29224306,0.20982172,1.2575067,br,A8
ATGCCTCAGAGTCAGC-1,0.38235852,0.07000728,0.44300452,0.10462966,1.1506253,dpn,A10
ATGCCTCAGATTGTGA-1,0.13350765,0.4302309,0.14685106,0.28941044,1.272254,br,A9p2
ATGCCTCCACAAGCCC-1,0.1497236,0.13604867,0.2678562,0.44637147,1.268595,awd,A9p2
ATGCCTCGTAGCGATG-1,0.09586114,0.3971882,0.3963767,0.110574014,1.201817,br,A10
ATGCCTCGTAGGCAGT-1,0.25614902,0.24262352,0.395602,0.10562546,1.2967792,dpn,A9p1
ATGCCTCGTCCTACAA-1,0.1495136,0.1982817,0.42707378,0.22513086,1.3040042,dpn,A9p1
ATGCCTCGTGCCGGTT-1,0.15133725,0.3455963,0.2298923,0.27317414,1.3454103,br,A9p2
ATGCGATAGGGAGGCA-1,0.11665256,0.24223243,0.5775885,0.06352648,1.0862181,dpn,A8
ATGCGATCAAATTGGA-1,0.181472,0.39586848,0.10681022,0.31584933,1.2794664,br,A10
ATGCGATCACATATCG-1,0.07612515,0.51228577,0.3553039,0.056285154,1.0683175,br,A9p1
ATGCGATCATAGAAAC-1,0.23286843,0.100097574,0.17577597,0.49125803,1.2245141,awd,A9p1
ATGCGATGTATAGGAT-1,0.08871783,0.26547432,0.25040987,0.39539796,1.2805892,awd,A10
ATGCGATGTGAGTCAG-1,0.15424636,0.032935657,0.08222408,0.73059386,0.8354866,awd,A10
ATGCGATTCCATGCAA-1,0.14209357,0.17470802,0.15699515,0.52620333,1.2106062,awd,A9p2
ATGCGATTCGCGTCGA-1,0.090280846,0.1107404,0.039180245,0.7597985,0.79644746,awd,A10
ATGGAGGCATAAGCAA-1,0.31061208,0.25129566,0.3547261,0.083366096,1.2850074,dpn,A9p1
ATGGAGGGTAACACGG-1,0.281589,0.218023,0.05605264,0.4443353,1.2108902,awd,A9p1
ATGGAGGGTTGGAGGT-1,0.2605917,0.2708417,0.45981848,0.008748087,1.1029232,dpn,A9p1
ATGGATCAGCATATGA-1,0.27281874,0.2866889,0.11882747,0.32166487,1.3305132,awd,A10
ATGGATCCAGAACTCT-1,0.53054595,0.14789195,0.18624292,0.13531911,1.2026215,RpL6,A9p1
ATGGATCGTGCCTACG-1,0.14852531,0.11869264,0.6075643,0.12521772,1.0991104,dpn,A9p1
ATGGGAGAGGTCATAA-1,0.15313928,0.2568021,0.2880098,0.30204886,1.3565673,awd,A10
ATGGGTTCACAAGCCC-1,0.25071052,0.5181837,0.22062823,0.010477525,1.0687064,br,A9p1
ATGGGTTCATAACAGA-1,0.28803957,0.21223915,0.30550468,0.19421662,1.3680332,dpn,A9p2
ATGGGTTGTTTGACAC-1,0.39856926,0.12083762,0.1794987,0.3010944,1.2917184,RpL6,A10
ATGGGTTTCACACCCT-1,0.03882118,0.3808635,0.5273275,0.05298786,0.9868914,dpn,A9p1
ATGGGTTTCAGAGCAG-1,0.3354661,0.15811493,0.14453763,0.3618814,1.3054372,awd,A8
ATGGGTTTCCATAGGT-1,0.24328288,0.17409255,0.16489857,0.41772607,1.3100934,awd,A9p2
ATGGGTTTCGGCAGTC-1,0.04505758,0.81406796,0.057567347,0.08330714,0.67851317,br,A9p1
ATGGGTTTCGTAACAC-1,0.0740795,0.73174113,0.11826505,0.07591428,0.86953783,br,A9p1
ATGGGTTTCTCGTCGT-1,0.16248739,0.46305484,0.19719979,0.17725801,1.2786193,br,A8
ATGGTTGAGCATGAAT-1,0.49532783,0.011396379,0.16161588,0.33165994,1.0595632,RpL6,A10
ATGGTTGAGCGAGAAA-1,0.80558383,0.044138253,0.07316617,0.0771117,0.70081776,RpL6,A9p1
ATGGTTGAGTGCTAGG-1,0.12216577,0.21096338,0.1841529,0.48271796,1.2482715,awd,A9p1
ATGGTTGCAAACTGCT-1,0.27161628,0.4799554,0.058400717,0.19002755,1.1877724,br,A10
ATGGTTGCACAAATCC-1,0.44193694,0.050463613,0.22941884,0.27818057,1.2052697,RpL6,A9p2
ATGGTTGGTACGCGTC-1,0.17395255,0.049059536,0.08012142,0.6968665,0.9060638,awd,A8
ATGGTTGGTGAAGCGT-1,0.1053856,0.13507822,0.16690722,0.59262896,1.1164169,awd,A9p1
ATGGTTGTCCTACGGG-1,0.33204058,0.16390714,0.16847835,0.33557394,1.3289615,awd,A8
ATGGTTGTCCTTCAGC-1,0.11130508,0.3199888,0.37213993,0.19656615,1.2966056,dpn,A8
ATGTCCCAGGTTGAGC-1,0.090483904,0.32250723,0.53549576,0.05151304,1.069588,dpn,A9p1
ATGTCCCGTGGCTCTG-1,0.15477626,0.6683607,0.035601974,0.14126104,0.953292,br,A10
ATGTCTTAGAGGGTCT-1,0.06257875,0.67808187,0.09128783,0.1680516,0.955089,br,A9p2
ATGTCTTAGGTATTGA-1,0.27778977,0.10282957,0.27626762,0.34311312,1.3121359,awd,A9p2
ATGTCTTCAGTCGAGA-1,0.28141728,0.09093336,0.056323145,0.5713262,1.0566856,awd,A9p2
ATGTCTTGTACCGCGT-1,0.37987113,0.24710707,0.08664413,0.28637764,1.2831514,RpL6,A9p2
ATGTCTTGTGTACATC-1,0.12175381,0.39454395,0.2561977,0.22750448,1.3090506,br,A8
ATGTCTTGTGTACGCC-1,0.15590188,0.36881784,0.24386124,0.23141903,1.3404403,br,A9p2
ATGTCTTGTTCCATTT-1,0.097508825,0.34369057,0.21436785,0.34443277,1.2913041,awd,A10
ATGTCTTTCATGAAAG-1,0.12846242,0.0769186,0.6443135,0.15030552,1.0289795,dpn,A9p1
ATGTCTTTCGTAGCTA-1,0.226875,0.12020539,0.25115374,0.40176588,1.3045791,awd,A9p1
ATTACCTCAGAAATCA-1,0.30374217,0.19947752,0.23502252,0.2617578,1.3746737,RpL6,A10
ATTACCTGTAGGAGTC-1,0.044855487,0.3802521,0.18023422,0.3946582,1.1826775,awd,A10
ATTACCTGTTAACCTG-1,0.08010399,0.1414665,0.4825589,0.29587063,1.1908206,dpn,A8
ATTACTCAGGGTTTCT-1,0.118237816,0.4715306,0.063368864,0.3468627,1.1490159,br,A10
ATTACTCAGTTTCAGC-1,0.06892615,0.22878917,0.6862581,0.016026666,0.8464352,dpn,A8
ATTACTCCAGGTGGAT-1,0.18752083,0.03210674,0.17704196,0.60333043,1.0356716,awd,A9p1
ATTACTCCATAATCCG-1,0.32872662,0.13835236,0.063207954,0.46971303,1.1688406,awd,A9p1
ATTACTCCATAATGAG-1,0.5426477,0.14359613,0.08754985,0.22620632,1.159846,RpL6,A9p2
ATTACTCCATCCTTGC-1,0.032365147,0.09493628,0.71787477,0.15482387,0.86133206,dpn,A9p1
ATTACTCGTCTAATCG-1,0.1505643,0.30474338,0.33071196,0.21398033,1.3430605,dpn,A9p2
ATTACTCGTCTTCATT-1,0.34789,0.07956478,0.26209906,0.3104461,1.2828214,RpL6,A10
ATTACTCTCGCTACAA-1,0.3275701,0.0846619,0.2126872,0.3750808,1.2716584,awd,A9p1
ATTATCCAGCCAGACA-1,0.039529853,0.18434255,0.5692919,0.20683573,1.0860803,dpn,A8
ATTATCCCAGAACGCA-1,0.42853183,0.4179618,0.11917528,0.034331154,1.0970083,RpL6,A10
ATTATCCCAGCTACCG-1,0.16976357,0.47608998,0.1173206,0.23682587,1.2469103,br,A9p2
ATTATCCGTCAACCAT-1,0.037499312,0.268015,0.5806371,0.11384863,1.0390565,dpn,A9p1
ATTATCCGTCCGAAAG-1,0.05212769,0.09955542,0.087419264,0.7608976,0.8046311,awd,A10
ATTATCCTCGAAATCC-1,0.07388781,0.44021967,0.45004746,0.03584506,1.0323161,dpn,A8
ATTCACTAGAAGAACG-1,0.16213292,0.14211912,0.16248523,0.5332627,1.202809,awd,A9p2
ATTCACTAGATGTTCC-1,0.41333413,0.11504457,0.10522673,0.36639455,1.2187657,RpL6,A9p1
ATTCACTCACTCAGAT-1,0.13624331,0.62562865,0.17103142,0.06709666,1.0482898,br,A9p2
ATTCACTCAGATCATC-1,0.25559586,0.14718303,0.3452086,0.25201252,1.3451964,dpn,A9p1
ATTCACTGTCTAGGTT-1,0.45872438,0.3010377,0.0767387,0.16349919,1.2119918,RpL6,A10
ATTCACTGTGCGTGCT-1,0.4102678,0.09571881,0.18339165,0.3106218,1.2643439,RpL6,A9p1
ATTCACTTCGACCACG-1,0.30091494,0.08263242,0.21262844,0.40382424,1.2627801,awd,A10
ATTCAGGAGGCATCGA-1,0.5607118,0.08077642,0.14532104,0.2131907,1.1374354,RpL6,A9p2
ATTCAGGCATGGAAGC-1,0.35264355,0.4167105,0.06953192,0.16111396,1.2118392,br,A10
ATTCAGGGTACTAAGA-1,0.17130281,0.08766914,0.055558078,0.68547,0.9350854,awd,A10
ATTCAGGTCCCATGGG-1,0.27519354,0.1454816,0.4605415,0.11878342,1.2456671,dpn,A9p1
ATTCAGGTCTTAGCAG-1,0.1162384,0.3354413,0.26332045,0.28499988,1.3256847,br,A8
ATTCATCCAAACACCT-1,0.41008013,0.36546606,0.069821976,0.1546319,1.2079233,RpL6,A9p1
ATTCATCCACGTATAC-1,0.081024356,0.6663147,0.12618996,0.12647095,0.9968523,br,A10
ATTCATCCAGAGTGAC-1,0.08623979,0.44286805,0.27984643,0.19104575,1.2446654,br,A8
ATTCATCCAGCCGGTT-1,0.21250902,0.13777019,0.25988814,0.38983265,1.3196489,awd,A9p2
ATTCATCGTATGCGTT-1,0.062402084,0.55165756,0.20699684,0.17894346,1.1351906,br,A8
ATTCATCGTTGCTCAA-1,0.5535415,0.24218981,0.054856095,0.14941262,1.1140974,RpL6,A8
ATTCATCTCAAGCGTT-1,0.048629366,0.77127665,0.16688289,0.0132111,0.7032971,br,A8
ATTCATCTCATTGCGA-1,0.25697824,0.03929091,0.1379245,0.5658064,1.0718119,awd,A9p2
ATTCATCTCTCACTCG-1,0.30547902,0.1437506,0.32798737,0.22278306,1.3412445,dpn,A10
ATTCCATAGGACGGAG-1,0.3580728,0.07263222,0.26038823,0.30890667,1.2714657,RpL6,A10
ATTCCATCACTTCAGA-1,0.18129775,0.486753,0.24063239,0.09131689,1.2213849,br,A9p1
ATTCCATGTAACATCC-1,0.4642429,0.080667116,0.27262577,0.18246415,1.2240367,RpL6,A9p1
ATTCCATGTTAAGAAC-1,0.114593156,0.49041066,0.2504286,0.14456753,1.2240081,br,A8
ATTCCATTCCAAGAGG-1,0.23517625,0.48239145,0.061698772,0.22073355,1.1974074,br,A10
ATTCCATTCGCAGAGA-1,0.10450534,0.2570093,0.62190455,0.016580777,0.94856924,dpn,A9p2
ATTCCATTCTTCCACG-1,0.024491565,0.18204509,0.77040505,0.023058247,0.68883866,dpn,A9p1
ATTCCCGCATACACCA-1,0.12227713,0.34335822,0.13486367,0.39950097,1.2607605,awd,A10
ATTCCCGGTCTGTGAT-1,0.033664905,0.48155168,0.33155617,0.15322728,1.1195105,br,A9p1
ATTCCCGTCCGCCTAT-1,0.36863968,0.31201443,0.119165,0.20018092,1.3067747,RpL6,A10
ATTCCTAAGAAATGGG-1,0.3191242,0.15362725,0.37318972,0.15405887,1.3082705,dpn,A10
ATTCCTACACATCATG-1,0.39630643,0.11027037,0.12475559,0.36866766,1.2374793,RpL6,A9p1
ATTCCTAGTTATCTGG-1,0.6161158,0.070650004,0.16845904,0.14477517,1.0654459,RpL6,A10
ATTCCTATCCTTATGT-1,0.037611585,0.14507055,0.6604255,0.15689234,0.9680331,dpn,A10
ATTCGTTCAAGCACAG-1,0.017667435,0.3448905,0.5755496,0.061892506,0.92860985,dpn,A9p1
ATTCGTTCATCATTTC-1,0.124617144,0.45886427,0.24315329,0.17336528,1.2646036,br,A9p1
ATTCGTTGTGACTGTT-1,0.28102943,0.11357203,0.30854678,0.2968518,1.3271124,dpn,A9p2
ATTCGTTTCCTAAGTG-1,0.2680669,0.21797323,0.18378097,0.33017892,1.3621768,awd,A9p2
ATTCTACAGAGAGCAA-1,0.032901984,0.35690004,0.5901052,0.020092811,0.8698127,dpn,A9p2
ATTCTACAGTCCCGAC-1,0.09640408,0.45146456,0.33517486,0.11695647,1.2019038,br,A9p1
ATTCTACCACGTAGAG-1,0.081413485,0.09712111,0.6932626,0.1282028,0.9479903,dpn,A9p2
ATTCTACCACTAGGTT-1,0.29975525,0.25696683,0.12098765,0.32229027,1.3307745,awd,A9p1
ATTCTACGTCGGTAAG-1,0.24181421,0.23388757,0.21128166,0.31301647,1.375114,awd,A10
ATTCTACGTGACGCCT-1,0.25795513,0.4557234,0.23496826,0.051353183,1.200435,br,A9p1
ATTCTACGTGATTCTG-1,0.17109366,0.20723896,0.14723663,0.47443074,1.264061,awd,A9p1
ATTCTACTCCATCTCG-1,0.08492635,0.3845553,0.40672195,0.12379633,1.2014555,dpn,A9p1
ATTCTTGCAGCTAACT-1,0.25313628,0.38330114,0.36135662,0.0022059565,1.0966405,br,A9p1
ATTCTTGGTGATACAA-1,0.11245747,0.38070494,0.34617922,0.16065846,1.2743846,br,A9p1
ATTCTTGGTTGCCAAT-1,0.17666689,0.40435287,0.33463085,0.0843494,1.2472861,br,A9p1
ATTCTTGTCAAACCTG-1,0.19254747,0.18873018,0.5640409,0.05468141,1.1138035,dpn,A8
ATTGGGTAGGCATCGA-1,0.39603046,0.066896446,0.19269451,0.3443786,1.2321701,RpL6,A9p1
ATTGGGTAGTATTAGG-1,0.098909155,0.8467108,0.008093828,0.046286125,0.5509393,br,A10
ATTGGGTCAACGGTAG-1,0.46826947,0.33839783,0.16246003,0.030872645,1.1245605,RpL6,A10
ATTGGGTCACATGGTT-1,0.33963084,0.1314963,0.20049419,0.32837868,1.3214093,RpL6,A9p1
ATTGGGTCAGAGGAAA-1,0.6962128,0.06988545,0.093863934,0.14003778,0.9354224,RpL6,A10
ATTGGGTGTCAAAGCG-1,0.40794268,0.334913,0.098349996,0.15879428,1.2524294,RpL6,A9p2
ATTGGGTTCACGATCA-1,0.60391587,0.12175199,0.20117058,0.07316149,1.0748698,RpL6,A9p1
ATTGGGTTCCATCCGT-1,0.09097368,0.37342313,0.12585956,0.40974367,1.2123567,awd,A9p2
ATTGGGTTCGTAGTGT-1,0.2708028,0.12656222,0.16272089,0.43991408,1.2720761,awd,A9p1
ATTGGGTTCTTCACGC-1,0.27880967,0.23006135,0.1656458,0.32548323,1.3573092,awd,A9p1
ATTGTTCAGAGCATAT-1,0.2409399,0.084391244,0.42582503,0.24884383,1.2612097,dpn,A8
ATTGTTCAGGACATCG-1,0.18950623,0.13417484,0.14020489,0.53611404,1.1943887,awd,A9p2
ATTGTTCCAACCTATG-1,0.12496642,0.49274942,0.33126146,0.05102269,1.1264502,br,A8
ATTGTTCCAATAACCC-1,0.17041984,0.55902725,0.21410985,0.056443058,1.1189096,br,A9p1
ATTGTTCCAGAAACCG-1,0.19210131,0.10945026,0.09091342,0.607535,1.0798098,awd,A9p1
ATTGTTCGTAGGTACG-1,0.28099278,0.03829267,0.19563532,0.48507917,1.1517361,awd,A9p2
ATTGTTCTCGGCATAT-1,0.1227154,0.5479218,0.30318704,0.026175812,1.0442667,br,A10
ATTTACCAGACGCCCT-1,0.022649344,0.1879755,0.67384624,0.11552892,0.9153192,dpn,A10
ATTTACCCAATGAGCG-1,0.14113723,0.13380001,0.13638125,0.58868146,1.1291137,awd,A9p1
ATTTACCCACTTGGCG-1,0.06539809,0.052514825,0.16056511,0.721522,0.86228293,awd,A9p2
ATTTACCGTCGGAAAC-1,0.17525525,0.38280633,0.24326791,0.1986705,1.3377442,br,A9p1
ATTTACCGTGTACAGG-1,0.07918693,0.29284683,0.3404392,0.28752705,1.2856748,dpn,A8
ATTTACCTCACCGGGT-1,0.036364134,0.12265044,0.8234552,0.017530195,0.60873085,dpn,A8
ATTTACCTCCGGCAAC-1,0.11240365,0.42276853,0.37378636,0.091041476,1.1956581,br,A8
ATTTACCTCCTTATAC-1,0.31177047,0.151421,0.4918461,0.04496238,1.1376797,dpn,A8
ATTTCACAGCCTAGGA-1,0.29305273,0.3021409,0.23011333,0.17469305,1.3641846,br,A9p1
ATTTCACAGGATTCCT-1,0.414888,0.36115432,0.068965815,0.15499184,1.2062026,RpL6,A10
ATTTCACAGTTCCGGC-1,0.49429122,0.30984807,0.06452762,0.13133314,1.1547904,RpL6,A9p2
ATTTCACCAGCTTTGA-1,0.17280799,0.17961563,0.09083801,0.5567384,1.1557163,awd,A9p1
ATTTCACGTACAGTTC-1,0.4147679,0.113951504,0.29010722,0.18117337,1.281019,RpL6,A9p2
ATTTCACGTTGACTGT-1,0.075172536,0.15120171,0.52244985,0.25117594,1.1663988,dpn,A9p1
ATTTCACTCAGCGCAC-1,0.08261948,0.37620425,0.38381642,0.1573599,1.2323306,dpn,A8
ATTTCACTCAGGTGTT-1,0.5599731,0.05178392,0.17614172,0.21210119,1.1127927,RpL6,A9p2
ATTTCACTCGTAACTG-1,0.9167391,0.048388317,0.0067967596,0.028075807,0.36047345,RpL6,A8
ATTTCTGCAAGTTGGG-1,0.22676143,0.26308945,0.13538428,0.37476483,1.3263096,awd,A9p1
ATTTCTGCACAGTGAG-1,0.38421986,0.0842862,0.09134894,0.44014508,1.1558166,awd,A9p2
ATTTCTGCACGCGCAT-1,0.37484875,0.29911005,0.24007015,0.08597101,1.2823117,RpL6,A10
ATTTCTGCATAAGATG-1,0.2656253,0.09159304,0.13230778,0.51047397,1.1819347,awd,A9p1
ATTTCTGCATAGGCGA-1,0.049562406,0.3376076,0.5066791,0.10615087,1.0980744,dpn,A8
ATTTCTGTCGATTTCT-1,0.08724682,0.6473232,0.17826355,0.08716641,1.0144179,br,A8
ATTTCTGTCTGGTGGC-1,0.15282239,0.31066146,0.39370868,0.14280744,1.2951863,dpn,A9p1
CAAAGAACAACCGTGC-1,0.52177155,0.13522871,0.12347184,0.2195279,1.2011259,RpL6,A9p1
CAAAGAACAAGCCCAC-1,0.48705512,0.05420536,0.15659432,0.30214518,1.1603467,RpL6,A9p2
CAAAGAACACACCGAC-1,0.27960745,0.2903973,0.090212636,0.33978269,1.2991931,awd,A9p2
CAAAGAACAGTCTACA-1,0.064790234,0.09120605,0.73853576,0.10546796,0.8567839,dpn,A8
CAAAGAACATGTAACC-1,0.56117153,0.23930645,0.04428414,0.15523781,1.0936315,RpL6,A10
CAAAGAAGTGACTAAA-1,0.37185138,0.060505804,0.2176302,0.35001263,1.2368932,RpL6,A10
CAAAGAAGTTGTTGCA-1,0.42614332,0.045355253,0.066895865,0.46160555,1.0415552,awd,A9p2
CAAAGAATCAAAGCCT-1,0.4412568,0.2215752,0.17474003,0.16242805,1.2949594,RpL6,A10
CAAAGAATCGGTCATA-1,0.21238384,0.13588142,0.38991356,0.26182118,1.3183719,dpn,A9p1
CAACAACCACTCCTTG-1,0.11023272,0.46408233,0.30393052,0.12175447,1.2177061,br,A8
CAACAACCATGGAAGC-1,0.06722585,0.7518628,0.1726485,0.008262741,0.73880655,br,A8
CAACAACGTTCCACAA-1,0.38802952,0.097820126,0.33021215,0.18393822,1.2720501,RpL6,A9p2
CAACAACTCTACGCGG-1,0.11947563,0.05969109,0.12211008,0.6987232,0.92935646,awd,A9p1
CAACAGTAGAGAGTTT-1,0.06019756,0.10433585,0.7749389,0.06052772,0.77232254,dpn,A8
CAACAGTAGGGATGTC-1,0.07671751,0.6298602,0.11447047,0.17895181,1.0441585,br,A8
CAACAGTTCACGAACT-1,0.13536847,0.050500613,0.10129346,0.71283746,0.89471877,awd,A9p1
CAACCAAAGAGTCGAC-1,0.07784034,0.032988727,0.04445674,0.8447142,0.5922336,awd,A9p2
CAACCAAAGATCGACG-1,0.20772745,0.38459137,0.22199824,0.18568291,1.3407185,br,A9p2
CAACCAAAGCCGAATG-1,0.04790592,0.4917953,0.27014816,0.19015072,1.1637907,br,A8
CAACCAAAGTTCATGC-1,0.060531415,0.27638242,0.39538705,0.26769906,1.2448597,dpn,A9p2
CAACCAACAATGAACA-1,0.23616223,0.016110176,0.08095274,0.66677487,0.8810976,awd,A9p1
CAACCAACATGACGAG-1,0.3142915,0.48752773,0.057539504,0.14064132,1.1541811,br,A9p1
CAACCAAGTGCAACAG-1,0.31218123,0.066417545,0.1081553,0.513246,1.1264358,awd,A10
CAACCAATCGTTATCT-1,0.21611975,0.41806155,0.33634782,0.029470844,1.1660347,br,A8
CAACCTCAGGGAGGGT-1,0.22349817,0.1871313,0.15425509,0.43511543,1.2989049,awd,A9p1
CAACCTCCATACACCA-1,0.41512117,0.057006717,0.38979235,0.13807978,1.1688957,RpL6,A10
CAACCTCGTCGTGGAA-1,0.21591757,0.3283332,0.114882246,0.340867,1.3120946,awd,A8
CAACCTCGTTGCATTG-1,0.23023044,0.48028454,0.2367264,0.052758604,1.1866676,br,A8
CAACCTCTCGGTGTAT-1,0.9563214,0.021857351,0.0069203638,0.014900865,0.22337085,RpL6,A9p2
CAACCTCTCGTTGTGA-1,0.39118487,0.34050858,0.1359543,0.1323522,1.272934,RpL6,A9p1
CAACCTCTCTACGCAA-1,0.2337922,0.18244873,0.18187392,0.40188518,1.3265204,awd,A9p1
CAACGATCAATGGCAG-1,0.18675692,0.5126047,0.15135519,0.14928313,1.2256174,br,A9p2
CAACGATGTATCCTCC-1,0.60860926,0.095580146,0.12230139,0.17350909,1.0875181,RpL6,A9p2
CAACGATGTTTATGCG-1,0.06752365,0.07954109,0.7089545,0.1439808,0.9062522,dpn,A10
CAACGGCCAACGTTAC-1,0.04522831,0.21966296,0.14926974,0.58583903,1.0701281,awd,A9p1
CAACGGCCATTCGGGC-1,0.025674833,0.078325756,0.8331491,0.06285028,0.6195057,dpn,A10
CAACGGCGTCGTCGGT-1,0.024254356,0.108105235,0.7640469,0.10359349,0.77120256,dpn,A9p1
CAACGGCGTGCAGGAT-1,0.3466641,0.4772813,0.04328249,0.13277218,1.1242666,br,A9p1
CAACGGCGTTTCCCAC-1,0.15087168,0.120558925,0.1482745,0.58029485,1.1392214,awd,A9p1
CAACGGCTCAAATGAG-1,0.7500733,0.123551756,0.0722933,0.054081623,0.82175416,RpL6,A9p1
CAACGGCTCCCTGGTT-1,0.09117516,0.54181606,0.19987915,0.16712953,1.1712087,br,A8
CAACGGCTCGCCTAGG-1,0.1769878,0.05062964,0.046158597,0.72622395,0.83180994,awd,A9p2
CAAGACTCACAAATCC-1,0.43220037,0.09496687,0.06947118,0.40336156,1.1376214,RpL6,A9p1
CAAGACTCATAGAGGC-1,0.034219086,0.4416181,0.31224513,0.21191764,1.1686726,br,A9p2
CAAGACTGTATTTCTC-1,0.060264513,0.36084306,0.08816006,0.4907324,1.100532,awd,A10
CAAGACTGTGGTATGG-1,0.13295396,0.023081442,0.6614878,0.18247679,0.93904185,dpn,A9p1
CAAGAGGAGCACTCCG-1,0.17042048,0.08111917,0.05331666,0.69514376,0.9143927,awd,A10
CAAGAGGAGTTCGCAT-1,0.458138,0.104075044,0.10050342,0.33728346,1.1905836,RpL6,A9p2
CAAGAGGCACTGTCGG-1,0.21153015,0.20397048,0.2725528,0.3119466,1.370548,awd,A8
CAAGAGGGTCGACGCT-1,0.073995285,0.24760787,0.43057108,0.24782577,1.2468455,dpn,A9p2
CAAGAGGGTGGGACAT-1,0.045431033,0.24826558,0.26647937,0.439824,1.200021,awd,A10
CAAGAGGTCAGGTAAA-1,0.2793986,0.26693174,0.11945549,0.3342142,1.3289292,awd,A10
CAAGAGGTCAGTGTTG-1,0.12492601,0.2547815,0.23827128,0.3820212,1.3175999,awd,A9p2
CAAGCTACAATTTCGG-1,0.04370097,0.40043578,0.051080342,0.50478286,1.0002947,awd,A9p1
CAAGCTACACGAGGTA-1,0.10283292,0.21782194,0.53853273,0.14081234,1.1752263,dpn,A9p1
CAAGCTACAGCGCTTG-1,0.08386126,0.06897633,0.7981395,0.0490229,0.72008497,dpn,A10
CAAGCTACAGTGGGTA-1,0.056870613,0.054614022,0.8755207,0.0129946,0.49466205,dpn,A8
CAAGCTAGTAAGTAGT-1,0.2523901,0.10504766,0.3037975,0.3387647,1.3128319,awd,A10
CAAGCTATCATCTGTT-1,0.047414437,0.10986341,0.83056766,0.012154527,0.5949874,dpn,A9p1
CAAGCTATCGGCAGTC-1,0.36058635,0.40214872,0.113140054,0.12412488,1.2396665,br,A9p2
CAAGGGAAGACAGCTG-1,0.46416208,0.16228424,0.14491652,0.2286371,1.2686547,RpL6,A9p2
CAAGGGAAGCGAGAAA-1,0.12741536,0.17067783,0.15962967,0.5422771,1.1890348,awd,A9p2
CAAGGGAAGGTTGCCC-1,0.09222368,0.18168062,0.056094885,0.67000085,0.9595884,awd,A9p1
CAAGGGAAGTCACACT-1,0.28001478,0.11038009,0.08610439,0.52350074,1.149656,awd,A10
CAAGGGAGTCGATTAC-1,0.38810846,0.12572734,0.12322542,0.36293876,1.2538946,RpL6,A9p2
CAAGGGAGTGCGTGCT-1,0.17523925,0.42878684,0.2592252,0.13674867,1.2903376,br,A9p2
CAAGGGAGTGGGAGAG-1,0.15571897,0.09533629,0.056582395,0.69236237,0.93071604,awd,A9p2
CAAGGGATCACAGAGG-1,0.24202068,0.2569998,0.19497107,0.3060085,1.3736596,awd,A9p1
CAATACGAGATAACAC-1,0.061284423,0.38367578,0.5209673,0.03407248,0.9935113,dpn,A8
CAATACGGTGTCGATT-1,0.399948,0.2547289,0.11834361,0.22697943,1.304028,RpL6,A8
CAATACGTCAGTCAGT-1,0.17994657,0.5010771,0.21790265,0.1010737,1.2185385,br,A9p2
CAATACGTCCTACACC-1,0.10059889,0.29546174,0.14349377,0.4604456,1.22696,awd,A9p1
CAATCGACAACCGTAT-1,0.07693776,0.6568045,0.2174494,0.048808344,0.9526029,br,A8
CAATCGACATGAGGGT-1,0.10953944,0.2660937,0.60379356,0.020573352,0.9790561,dpn,A9p1
CAATCGAGTGTTCATG-1,0.34420776,0.1707406,0.20644487,0.27860677,1.3506628,RpL6,A10
CAATCGATCAATGTCG-1,0.18378931,0.17131634,0.5230684,0.12182595,1.2090106,dpn,A8
CAATCGATCACCTGTC-1,0.02534471,0.12556168,0.7990744,0.05001915,0.6827399,dpn,A8
CAATCGATCGAGTCTA-1,0.2425923,0.2991302,0.37514287,0.08313466,1.2792028,dpn,A10
CAATGACAGTGCAACG-1,0.9611099,0.029774189,0.0027594634,0.006356552,0.19116777,RpL6,A9p2
CAATGACCAAGCACCC-1,0.252296,0.3772628,0.1302286,0.2402126,1.3232758,br,A9p1
CAATGACGTCGTTGCG-1,0.24786565,0.15946016,0.5474948,0.04517933,1.1082404,dpn,A10
CAATGACTCAACGAGG-1,0.398186,0.17379948,0.094424345,0.33359015,1.2598542,RpL6,A9p2
CAATGACTCCTTCACG-1,0.49416128,0.03349956,0.09332275,0.3790165,1.0511483,RpL6,A9p1
CAATTTCAGGGAGTGG-1,0.0853752,0.10694693,0.35369036,0.4539875,1.1752639,awd,A10
CAATTTCAGTGCGTCC-1,0.05503237,0.13993093,0.762394,0.042642687,0.77613837,dpn,A10
CAATTTCCAAGTATCC-1,0.23421837,0.2223241,0.09246916,0.45098838,1.2535453,awd,A10
CAATTTCCACAGCTTA-1,0.4694199,0.14436573,0.072356075,0.31385827,1.1881301,RpL6,A9p2
CAATTTCGTAGCACGA-1,0.07308592,0.13222325,0.6266045,0.1680864,1.0513684,dpn,A8
CAATTTCTCTTACGTT-1,0.129346,0.09271142,0.18153934,0.5964032,1.1030405,awd,A9p2
CACAACAAGGTATCTC-1,0.51588684,0.0382028,0.06595938,0.37995097,1.0131836,RpL6,A9p2
CACAACAAGTTCACTG-1,0.101198085,0.089700796,0.094005294,0.7150958,0.91017115,awd,A10
CACAACACAGTAGAGC-1,0.31293055,0.29942375,0.13592525,0.2517204,1.3431199,RpL6,A9p1
CACAACACATTAGGCT-1,0.23448592,0.28966096,0.078269154,0.39758393,1.2651016,awd,A10
CACAACAGTCGGTACC-1,0.124605276,0.031144273,0.07253093,0.7717195,0.7578282,awd,A8
CACAACATCCTCTAAT-1,0.113699526,0.061682977,0.099978864,0.72463864,0.8826624,awd,A10
CACAACATCTCCTGAC-1,0.26860845,0.14935705,0.10990039,0.4721341,1.2340887,awd,A9p1
CACAACATCTCGTCGT-1,0.056755163,0.10139657,0.756675,0.08517331,0.8156638,dpn,A9p1
CACAACATCTCTGCCA-1,0.21815765,0.1272029,0.042540763,0.61209863,1.0292115,awd,A9p1
CACACAAAGAGGGTAA-1,0.3689304,0.1645243,0.38347664,0.08306872,1.23903,dpn,A9p1
CACACAAAGGTCCTGC-1,0.17596065,0.08002431,0.091354534,0.65266055,1.0049272,awd,A10
CACACAAAGTTGGACG-1,0.22315,0.15800281,0.3185598,0.30028737,1.3519081,dpn,A9p1
CACACAACAACTGCCG-1,0.05134845,0.13675152,0.76819974,0.043700267,0.76391697,dpn,A9p1
CACACAACACACGTGC-1,0.26008016,0.13782956,0.17661977,0.4254705,1.2932144,awd,A9p1
CACACAACACCAGGTC-1,0.20555621,0.18137206,0.40752262,0.2055491,1.325846,dpn,A10
CACACAACACCGGTCA-1,0.07730557,0.039468203,0.18220742,0.7010188,0.88471735,awd,A10
CACACAATCAAGCCTA-1,0.4495531,0.06358276,0.17940985,0.3074543,1.2054764,RpL6,A10
CACACAATCATCCTAT-1,0.30954772,0.068070255,0.28455886,0.3378232,1.2701629,awd,A8
CACACAATCTCCCTAG-1,0.10023384,0.2128941,0.048802204,0.63806987,0.99397284,awd,A9p2
CACAGATAGCGGTATG-1,0.069139935,0.5489903,0.21420567,0.1676641,1.1433967,br,A9p1
CACAGATGTAACACCT-1,0.2438997,0.5461941,0.07521358,0.1346926,1.1391056,br,A9p1
CACAGGCAGAGTCACG-1,0.12521075,0.27851757,0.37976396,0.2165078,1.3151536,dpn,A9p1
CACAGGCAGCCTTTGA-1,0.3235256,0.09023518,0.18769996,0.3985392,1.2627783,awd,A8
CACAGGCAGCTATCTG-1,0.47272244,0.32847524,0.057194877,0.14160737,1.160326,RpL6,A9p1
CACAGGCAGTGCCCGT-1,0.10259615,0.19739814,0.433694,0.2663118,1.2685604,dpn,A10
CACAGGCCAAAGGAGA-1,0.11785096,0.591593,0.24985665,0.04069929,1.0393722,br,A8
CACAGGCCATGGATCT-1,0.20057364,0.104014926,0.24785088,0.44756055,1.2631925,awd,A9p1
CACAGGCGTACCATAC-1,0.26575473,0.5653254,0.04915692,0.11976299,1.0768715,br,A8
CACAGGCGTACGATGG-1,0.1332817,0.4142078,0.4274024,0.025108134,1.089496,dpn,A8
CACAGGCGTGTCGATT-1,0.20181867,0.029006174,0.05831747,0.7108577,0.83401006,awd,A10
CACAGGCTCGAAACAA-1,0.37663865,0.42061716,0.055514265,0.14722995,1.1745993,br,A10
CACAGGCTCGCCGAGT-1,0.2519167,0.044937737,0.23002125,0.47312427,1.1788453,awd,A9p2
CACATGAAGAGAGGGC-1,0.060254604,0.56317914,0.3224193,0.054146882,1.0154618,br,A8
CACATGACAACTAGAA-1,0.8189668,0.14824747,0.0088132145,0.02397247,0.5776802,RpL6,A8
CACATGACAATAACGA-1,0.3232502,0.21400358,0.20296341,0.2597828,1.3688338,RpL6,A9p2
CACATGACAGTAGGAC-1,0.33566555,0.059488945,0.07997821,0.5248673,1.0746613,awd,A10
CACATGAGTAATCAAG-1,0.36585,0.46582967,0.039027818,0.12929246,1.1148143,br,A10
CACATGAGTCTAGTGT-1,0.12825255,0.11611478,0.46635222,0.28928038,1.2279663,dpn,A9p2
CACATGATCTCCCTAG-1,0.08003262,0.09369256,0.80649847,0.019776382,0.6749755,dpn,A9p1
CACCAAATCTGGGTCG-1,0.046517164,0.12473853,0.75042075,0.078323595,0.8173039,dpn,A9p1
CACCGTTAGGGCATGT-1,0.10536145,0.49137005,0.3120276,0.091240965,1.1681088,br,A9p2
CACCGTTAGTACAACA-1,0.061432093,0.5354316,0.29555658,0.10757973,1.1059631,br,A9p1
CACCGTTAGTGATTCC-1,0.21918924,0.48006377,0.12049572,0.1802513,1.2488072,br,A9p2
CACCGTTAGTGTACAA-1,0.04698869,0.4843336,0.10688813,0.3617896,1.1016448,br,A9p1
CACCGTTCAATGCTCA-1,0.24026538,0.34430915,0.27679047,0.13863495,1.339195,br,A8
CACCGTTCACTCCGGA-1,0.3151366,0.13304335,0.0864617,0.4653583,1.1999004,awd,A10
CACCGTTGTACAGTAA-1,0.30021968,0.27125695,0.20255023,0.22597319,1.3746668,RpL6,A9p2
CACCGTTTCCACCTCA-1,0.29653782,0.1299847,0.4015128,0.17196476,1.2948033,dpn,A8
CACCGTTTCTCGTGAA-1,0.31313133,0.06946993,0.10695422,0.5104445,1.1311945,awd,A9p1
CACCGTTTCTTCCTAA-1,0.12003703,0.48905233,0.22070219,0.17020847,1.2391467,br,A10
CACGAATCAACTGCCG-1,0.39215124,0.08895787,0.26361212,0.2552788,1.2823628,RpL6,A9p1
CACGAATCAGAGTTGG-1,0.38510385,0.39186764,0.046148237,0.1768803,1.1829499,br,A9p1
CACGAATCATAGATCC-1,0.4833297,0.1123291,0.16732596,0.23701528,1.2373571,RpL6,A10
CACGAATGTCGAGCTC-1,0.36648652,0.053080402,0.117554486,0.46287864,1.131936,awd,A9p1
CACGAATTCTAGCAAC-1,0.63496643,0.072213285,0.18136205,0.111458234,1.0323603,RpL6,A9p2
CACGGGTAGACATATG-1,0.21879146,0.21200655,0.51003104,0.059170928,1.1720259,dpn,A9p1
CACGGGTAGCACTTTG-1,0.07871263,0.28454387,0.58259076,0.05415272,1.0303807,dpn,A8
CACGGGTAGGCATTTC-1,0.31041014,0.082023025,0.12222515,0.4853417,1.1760147,awd,A9p2
CACGGGTCAAGTTCCA-1,0.6454767,0.07204472,0.16287126,0.119607374,1.0216483,RpL6,A8
CACGGGTCATGTCGTA-1,0.085813075,0.32597053,0.5540087,0.03420765,1.0187622,dpn,A8
CACGGGTCATTAAAGG-1,0.09895935,0.3895076,0.401214,0.11031909,1.2057511,dpn,A9p1
CACGGGTTCAATCAGC-1,0.42575452,0.0958974,0.2344538,0.24389428,1.2725921,RpL6,A8
CACGGGTTCAGAGCAG-1,0.43781498,0.12301471,0.14049263,0.29867768,1.2560385,RpL6,A9p1
CACGGGTTCGGCATAT-1,0.48238277,0.18753304,0.1547026,0.17538156,1.2595748,RpL6,A9p1
CACGTGGAGGGAGTGG-1,0.14915904,0.4134189,0.2698065,0.16761558,1.3018168,br,A9p1
CACGTGGCAATCGAAA-1,0.05598306,0.071142666,0.64815897,0.22471525,0.965954,dpn,A10
CACGTGGCAGAGCGTA-1,0.23317033,0.19477032,0.15237105,0.41968828,1.3091922,awd,A9p1
CACGTGGGTGTCGCTG-1,0.15822892,0.5257301,0.15652455,0.15951645,1.212847,br,A8
CACGTGGTCCGAGCTG-1,0.2925667,0.22298847,0.22853407,0.25591078,1.380327,RpL6,A9p2
CACGTGGTCGCGCCAA-1,0.22128478,0.12406055,0.4121805,0.24247421,1.3015425,dpn,A9p2
CACGTGGTCTGGTTGA-1,0.27723455,0.09631901,0.38590237,0.24054416,1.2912416,dpn,A9p1
CACGTTCGTTAGCGGA-1,0.45735198,0.12482048,0.15133587,0.26649165,1.2556959,RpL6,A9p1
CACGTTCTCACCGGGT-1,0.049916837,0.19165275,0.56622845,0.19220205,1.1052723,dpn,A9p1
CACGTTCTCTCCTGTG-1,0.15021375,0.31077772,0.34336182,0.19564666,1.334189,dpn,A9p2
CACGTTCTCTGCGGAC-1,0.18735805,0.17891169,0.1186955,0.51503474,1.2163568,awd,A10
CACTAAGAGATGTTAG-1,0.54282796,0.14541344,0.107111044,0.20464756,1.1759708,RpL6,A9p1
CACTAAGCACAGCTTA-1,0.1928461,0.25615656,0.1447955,0.4062018,1.3120317,awd,A9p2
CACTAAGCACTTGACA-1,0.5024124,0.058436234,0.23423457,0.20491675,1.1765755,RpL6,A9p2
CACTAAGCAGACACAG-1,0.48189676,0.046231028,0.17323738,0.29863483,1.1585273,RpL6,A9p2
CACTAAGCATAGGCGA-1,0.19876936,0.41117856,0.31070507,0.07934709,1.2508056,br,A8
CACTAAGTCGGTAAGG-1,0.5337667,0.088698946,0.12964104,0.24789333,1.1605765,RpL6,A9p1
CACTGAAAGAACAAGG-1,0.3416535,0.24785274,0.14476815,0.2657256,1.3446023,RpL6,A9p2
CACTGAAAGCGTGTTT-1,0.2270508,0.08716388,0.12735452,0.55843085,1.1371034,awd,A9p2
CACTGAACAGATACTC-1,0.24376245,0.20586954,0.12775923,0.42260873,1.29634,awd,A9p1
CACTGAACAGGATCTT-1,0.046255082,0.522784,0.2784596,0.15250129,1.1240366,br,A9p1
CACTGAAGTGCATGTT-1,0.14671436,0.18931788,0.1644802,0.49948758,1.2402827,awd,A9p2
CACTGAAGTGGCTACC-1,0.12046661,0.52487814,0.31303003,0.041625224,1.0891836,br,A8
CACTGAATCGGTTCAA-1,0.049924087,0.32072502,0.44566837,0.1836825,1.1857932,dpn,A8
CACTGAATCTATCACT-1,0.1748022,0.04879127,0.075945,0.70046157,0.89737445,awd,A9p1
CACTGAATCTCGACGG-1,0.09295246,0.12188661,0.39920077,0.3859602,1.2113792,dpn,A10
CACTGGGAGCACCCAC-1,0.06086899,0.3082186,0.4818162,0.14909625,1.1687039,dpn,A8
CACTGGGAGCACGTCC-1,0.31002206,0.55911964,0.028107634,0.10275069,1.0223345,br,A10
CACTGGGAGTCCCTAA-1,0.23804393,0.1026381,0.110248506,0.5490694,1.1476088,awd,A10
CACTGGGCAGGAGGAG-1,0.1531316,0.5743383,0.25421712,0.018312963,1.0272584,br,A9p1
CACTGGGGTAGGAGGG-1,0.3193569,0.28656894,0.31291932,0.08115481,1.2900404,RpL6,A9p2
CACTGGGGTCATTCCC-1,0.17451836,0.4654753,0.26537728,0.094629005,1.235774,br,A8
CACTGGGGTCGCTCGA-1,0.5862968,0.17406717,0.09231811,0.1473179,1.119452,RpL6,A9p1
CACTGGGGTTACGTAC-1,0.17266004,0.30119777,0.36383674,0.16230538,1.3276722,dpn,A9p1
CACTGGGTCAGTCACA-1,0.381064,0.07079598,0.17258367,0.37555632,1.2261178,RpL6,A9p2
CACTGGGTCGTTCTAT-1,0.77915424,0.18121472,0.01033195,0.029299071,0.6546375,RpL6,A10
CACTGTCGTTGGGCCT-1,0.035578676,0.37915623,0.3597651,0.22550006,1.1900561,br,A9p1
CACTGTCTCACATTGG-1,0.14317955,0.39765182,0.2321972,0.22697146,1.3206277,br,A8
CACTGTCTCCATTGGA-1,0.08796481,0.35302526,0.2812453,0.27776462,1.2939807,br,A8
CACTTCGCAGTCGAGA-1,0.38235596,0.20551579,0.053932488,0.35819572,1.218007,RpL6,A9p1
CACTTCGCATGACTAC-1,0.46332142,0.089835174,0.11112101,0.33572242,1.1835109,RpL6,A10
CACTTCGGTGGGTTGA-1,0.2922429,0.19384949,0.24877438,0.26513326,1.3756196,RpL6,A9p1
CACTTCGGTTGGGTAG-1,0.16687034,0.1555399,0.51303554,0.1645543,1.2275704,dpn,A10
CACTTCGGTTGGTGTT-1,0.7862941,0.17346463,0.010677855,0.029563412,0.6454886,RpL6,A9p1
CACTTCGTCCTCTTTC-1,0.12856854,0.13051085,0.08426709,0.6566535,1.0141354,awd,A10
CACTTCGTCTCGTCGT-1,0.51808125,0.1023466,0.11160416,0.26796803,1.1715991,RpL6,A8
CACTTCGTCTTTCCAA-1,0.054562226,0.51415557,0.3001509,0.13113129,1.128344,br,A9p1
CAGAGCCAGAGGCGGA-1,0.13384272,0.58946896,0.23428072,0.04240756,1.0547462,br,A9p1
CAGAGCCAGTTGCCTA-1,0.07692738,0.19679828,0.25186074,0.47441363,1.2182653,awd,A9p1
CAGAGCCTCATCCTAT-1,0.50401574,0.14252856,0.1061943,0.24726146,1.206641,RpL6,A10
CAGATACAGAGTCACG-1,0.05937447,0.5449305,0.32414374,0.07155126,1.0523678,br,A10
CAGATACAGGGAGTTC-1,0.37094492,0.111138396,0.20297056,0.3149461,1.2995856,RpL6,A8
CAGATACAGGTAACTA-1,0.05399059,0.443589,0.33707395,0.16534643,1.182298,br,A8
CAGATACCAGATTCGT-1,0.19387111,0.05505403,0.03586643,0.7152085,0.8367696,awd,A9p1
CAGATACCAGTGTGCC-1,0.37991005,0.3444693,0.06758125,0.20803934,1.2435234,RpL6,A9p1
CAGATACCATACCATG-1,0.48172113,0.099537395,0.1884705,0.23027097,1.2341738,RpL6,A9p1
CAGATACTCTCCCATG-1,0.04704464,0.24961329,0.6678684,0.035473663,0.8782632,dpn,A8
CAGATCAAGTAACGAT-1,0.08824468,0.35039684,0.45498016,0.10637842,1.178349,dpn,A9p1
CAGATCACAGCGCGTT-1,0.13741608,0.48648214,0.21511155,0.16099022,1.2478471,br,A9p2
CAGATCACAGGAGGTT-1,0.3052055,0.27281836,0.13958943,0.2823867,1.3485161,RpL6,A10
CAGATCAGTACATTGC-1,0.0954441,0.29452917,0.42806146,0.18196532,1.2575074,dpn,A9p1
CAGATCAGTATGGGAC-1,0.28978986,0.2692254,0.08074974,0.3602351,1.283211,awd,A9p1
CAGATCAGTGGATTTC-1,0.049783934,0.12358843,0.13118619,0.6954415,0.92680085,awd,A10
CAGATTGAGTGGTTAA-1,0.04449894,0.28521448,0.38304183,0.28724477,1.2221853,dpn,A9p2
CAGATTGTCCGGACTG-1,0.110130765,0.077172145,0.17005813,0.642639,1.0260859,awd,A9p2
CAGCAATAGTAGGCCA-1,0.15626606,0.14558525,0.121560715,0.57658803,1.1442571,awd,A9p1
CAGCAATCAAAGCGTG-1,0.2131367,0.07484138,0.32259414,0.38942778,1.2557194,awd,A8
CAGCAATCACGGATCC-1,0.25415123,0.20786166,0.32023504,0.21775201,1.3712616,dpn,A9p1
CAGCAATCAGCGTGCT-1,0.30547532,0.10615336,0.2749075,0.31346378,1.3189813,awd,A9p1
CAGCAATGTGGACAGT-1,0.070247434,0.20019819,0.5489528,0.18060152,1.1468897,dpn,A9p1
CAGCAATTCACGATAC-1,0.25179526,0.108440906,0.38225138,0.25751257,1.3051337,dpn,A10
CAGCACGAGGCTAGCA-1,0.07589428,0.082018115,0.7155336,0.12655403,0.9019053,dpn,A10
CAGCACGCACGAAGAC-1,0.07652982,0.68379426,0.18405604,0.05561985,0.9288116,br,A9p2
CAGCACGCACTGCACG-1,0.16281036,0.036711838,0.15715338,0.64332443,0.9914403,awd,A10
CAGCACGCATGGGATG-1,0.87522876,0.09713396,0.0069703613,0.02066689,0.45791236,RpL6,A8
CAGCACGGTCGCATCG-1,0.5236461,0.13235483,0.13210139,0.21189767,1.2026134,RpL6,A10
CAGCACGGTGCACGCT-1,0.05755912,0.22213075,0.5626909,0.1576192,1.1132956,dpn,A8
CAGCACGGTGTGTACT-1,0.091961354,0.22374552,0.6641509,0.020142207,0.9049125,dpn,A8
CAGCACGTCAGCTGTA-1,0.49452487,0.3881485,0.09583044,0.021496251,1.0228367,RpL6,A8
CAGCACGTCCTCGCAT-1,0.31840292,0.19086272,0.15905477,0.33167952,1.3389595,awd,A9p2
CAGCAGCAGACTCCGC-1,0.1572712,0.32912073,0.20830369,0.3053044,1.345685,br,A9p2
CAGCAGCAGATCACTC-1,0.39032224,0.0996503,0.23974302,0.2702845,1.2930167,RpL6,A9p1
CAGCAGCAGCGAGTAC-1,0.27801496,0.17354244,0.22109814,0.32734448,1.3590415,awd,A9p2
CAGCAGCAGCTGACTT-1,0.4393028,0.22719726,0.09610493,0.23739506,1.2645367,RpL6,A9p1
CAGCAGCCAAAGAACT-1,0.16369215,0.5430082,0.22915293,0.06414675,1.1416327,br,A9p1
CAGCAGCGTCCGGTCA-1,0.10554781,0.4804603,0.37622273,0.037769187,1.0810437,br,A9p2
CAGCAGCGTTGCATTG-1,0.034550846,0.118273005,0.8101918,0.036984313,0.6612388,dpn,A9p2
CAGCAGCTCTGAGATC-1,0.07871843,0.22471164,0.6375263,0.059043698,0.98962456,dpn,A8
CAGCCAGAGACGACTG-1,0.16066594,0.07401362,0.5479288,0.21739168,1.147852,dpn,A9p1
CAGCCAGAGGGCAATC-1,0.26767498,0.28675672,0.19986235,0.24570592,1.377666,br,A9p2
CAGCCAGCAGCTTTGA-1,0.40947995,0.31680927,0.089175045,0.18453574,1.2571683,RpL6,A8
CAGCCAGGTCTGTGAT-1,0.5332952,0.11268187,0.12934959,0.22467335,1.1812897,RpL6,A8
CAGCCAGGTGCAGTGA-1,0.21959673,0.53596324,0.15896598,0.085474156,1.1697512,br,A9p1
CAGCCAGGTGGGTATG-1,0.088318326,0.37490538,0.3401741,0.19660221,1.2687413,br,A9p2
CAGCCAGTCTAGAGCT-1,0.10739704,0.56470513,0.29529476,0.032603025,1.034135,br,A8
CAGCGTGAGAAGGGAT-1,0.35874945,0.111374885,0.08233795,0.4475377,1.1776261,awd,A9p1
CAGCGTGAGTTGTCGT-1,0.037593544,0.16998073,0.75783056,0.03459519,0.7510819,dpn,A9p1
CAGCGTGCAGAACTAA-1,0.3118869,0.34606838,0.07325985,0.2687848,1.2752275,br,A9p2
CAGCGTGGTCGACTGC-1,0.16022307,0.2023518,0.47418916,0.16323602,1.2663962,dpn,A10
CAGCGTGGTGTTACAC-1,0.28047398,0.19277094,0.15672958,0.37002543,1.3322388,awd,A9p1
CAGCGTGGTTGAGTCT-1,0.094828896,0.061334737,0.19879691,0.64503944,0.99856126,awd,A10
CAGCGTGTCACCCATC-1,0.600209,0.09587862,0.063967906,0.23994443,1.0495529,RpL6,A9p1
CAGCGTGTCTAGTCAG-1,0.20146869,0.74033606,0.008588264,0.049606945,0.73521817,br,A10
CAGGCCACAAGAGTAT-1,0.30242902,0.15715055,0.22702059,0.31339985,1.3527296,awd,A9p2
CAGGCCACACTTTATC-1,0.12064033,0.36487466,0.43999207,0.074492946,1.1777092,dpn,A9p1
CAGGCCACAGCAGAAC-1,0.019698568,0.01777598,0.94986033,0.0126651125,0.25318974,dpn,A10
CAGGCCAGTCGTCATA-1,0.22678627,0.08317078,0.1629794,0.52706355,1.176543,awd,A9p2
CAGGCCAGTGATATAG-1,0.5313394,0.124543354,0.08968919,0.25442806,1.1599534,RpL6,A10
CAGGCCAGTGCAATGG-1,0.20822242,0.121738024,0.322363,0.34767658,1.3153521,awd,A10
CAGGGCTCAACCGTAT-1,0.1226096,0.13833922,0.70297587,0.036075357,0.8985676,dpn,A8
CAGGGCTCAGCACACC-1,0.10676018,0.3047234,0.40695006,0.18156642,1.27661,dpn,A8
CAGGGCTGTACCCGAC-1,0.4932434,0.1523074,0.2000936,0.15435556,1.2455788,RpL6,A8
CAGGGCTGTGCGTTTA-1,0.1907561,0.13224763,0.16095771,0.51603854,1.2189895,awd,A9p1
CAGGGCTTCGGTCACG-1,0.28195933,0.14074044,0.20935082,0.36794934,1.328178,awd,A9p1
CAGGTATAGTCCCTAA-1,0.16933063,0.35271665,0.4641015,0.0138512775,1.0838206,dpn,A9p1
CAGGTATCAGGATCTT-1,0.09773948,0.10956152,0.19650836,0.5961906,1.0976338,awd,A9p1
CAGGTATCATACAGAA-1,0.1026354,0.27579165,0.4339454,0.18762755,1.2651368,dpn,A9p1
CAGGTATGTTAATGAG-1,0.30029637,0.042006593,0.31744963,0.34024742,1.2254779,awd,A9p2
CAGGTATTCAACTACG-1,0.059160344,0.16006134,0.76767933,0.01309894,0.72028846,dpn,A9p1
CAGGTATTCGAGCCAC-1,0.32488707,0.16781922,0.10394707,0.40334666,1.2663436,awd,A9p1
CAGGTATTCTAACACG-1,0.12216059,0.44867927,0.33119154,0.09796861,1.210003,br,A9p1
CAGTGCGAGTTAGTGA-1,0.06303044,0.101367176,0.6681475,0.16745484,0.9749317,dpn,A8
CAGTGCGCAACCGTAT-1,0.13121383,0.3997254,0.22033663,0.2487241,1.3123833,br,A9p1
CAGTGCGCACAATTCG-1,0.37032276,0.1090916,0.27748993,0.24309574,1.3091153,RpL6,A9p2
CAGTGCGGTCATCCCT-1,0.06255704,0.331774,0.36080846,0.24486056,1.2517806,dpn,A9p1
CAGTGCGTCTCTTGCG-1,0.13265797,0.40400276,0.17222269,0.29111654,1.296309,br,A8
CAGTTAGAGACCTGGA-1,0.36675227,0.13862509,0.1419088,0.35271382,1.2864478,RpL6,A9p1
CAGTTAGAGTATGAAC-1,0.36761433,0.10603734,0.28500122,0.24134704,1.306654,RpL6,A9p1
CAGTTAGCAACTGTGT-1,0.06599983,0.1568476,0.77643204,0.0007205164,0.671638,dpn,A9p1
CAGTTAGGTCGAAACG-1,0.3418365,0.09821858,0.05157728,0.5083676,1.0917033,awd,A10
CAGTTAGGTGGCATCC-1,0.034174312,0.56975275,0.28116786,0.11490502,1.041259,br,A9p1
CAGTTAGGTTGGATCT-1,0.21067363,0.057944767,0.083182946,0.6481986,0.9810386,awd,A9p2
CAGTTCCAGCCGTTGC-1,0.049041126,0.25638664,0.6452659,0.049306378,0.9279074,dpn,A9p1
CAGTTCCAGGATTCCT-1,0.30969062,0.41196868,0.049096484,0.22924422,1.2139952,br,A10
CAGTTCCCAACAGCCC-1,0.063198954,0.05814619,0.7378114,0.14084354,0.84034824,dpn,A10
CAGTTCCCACCCTAGG-1,0.35182738,0.1592836,0.1880367,0.30085233,1.335735,RpL6,A9p2
CAGTTCCCAGAGGACT-1,0.18027215,0.47519094,0.21921715,0.12531982,1.2553977,br,A8
CAGTTCCGTACTAAGA-1,0.20099221,0.4597603,0.12038564,0.21886177,1.2671295,br,A10
CAGTTCCGTGTCGCTG-1,0.07591493,0.41665858,0.2797739,0.22765261,1.2537786,br,A9p1
CAGTTCCGTTTAGACC-1,0.35625654,0.23340157,0.20925458,0.20108734,1.357156,RpL6,A8
CAGTTCCTCATTCCTA-1,0.46716607,0.2645143,0.12467333,0.14364636,1.2456219,RpL6,A10
CATAAGCAGCATCAGG-1,0.21748403,0.42112607,0.15521671,0.20617323,1.3107134,br,A9p1
CATAAGCAGCTAGATA-1,0.048218682,0.449317,0.48794746,0.014516842,0.9172323,dpn,A8
CATAAGCCAAGACCGA-1,0.046218805,0.35459107,0.5951216,0.0040685236,0.84098715,dpn,A9p1
CATAAGCCAGCCATTA-1,0.4782188,0.22787389,0.12923093,0.16467635,1.2512579,RpL6,A9p1
CATAAGCCAGGACAGT-1,0.06302946,0.18214509,0.7404926,0.014332837,0.7677265,dpn,A9p1
CATAAGCCATACCATG-1,0.060719375,0.36931455,0.044662297,0.52530384,1.0149992,awd,A10
CATAAGCGTAGCGTCC-1,0.2408608,0.67935544,0.016737256,0.06304649,0.8482307,br,A10
CATAAGCGTCTACGAT-1,0.49506712,0.21536897,0.15582962,0.13373426,1.237487,RpL6,A8
CATAAGCTCCTTCTAA-1,0.1782516,0.40750337,0.38079965,0.033445425,1.1545211,br,A9p2
CATAAGCTCTGCTGAA-1,0.5165402,0.11896962,0.12711434,0.2373758,1.1980679,RpL6,A8
CATACAGAGACGAAGA-1,0.38684863,0.16940185,0.11716263,0.32658684,1.2848577,RpL6,A9p2
CATACAGAGCCTAGGA-1,0.29953262,0.05540326,0.09033049,0.55473363,1.0654503,awd,A10
CATACAGCATCACGGC-1,0.4842667,0.050250724,0.452164,0.013318543,0.91784215,RpL6,A9p1
CATACAGGTACGACTT-1,0.13076788,0.10359002,0.23426604,0.53137606,1.1768674,awd,A10
CATACAGGTCGAAACG-1,0.03285492,0.5727222,0.24669561,0.14772727,1.0592172,br,A8
CATACAGGTGGTATGG-1,0.17143807,0.24101797,0.3036244,0.28391957,1.3646597,dpn,A9p1
CATACAGTCATCACTT-1,0.05337866,0.40996042,0.34593132,0.19072966,1.2052083,br,A9p1
CATACAGTCTCGCCTA-1,0.32240227,0.06442852,0.123268045,0.4899012,1.1492392,awd,A9p1
CATACCCGTTCTTGCC-1,0.8595081,0.08469733,0.012859206,0.042935427,0.5303634,RpL6,A9p2
CATACCCGTTGGTAGG-1,0.4545877,0.12769401,0.20286894,0.21484937,1.275205,RpL6,A9p2
CATACCCTCAGACTGT-1,0.08332862,0.5442557,0.3516919,0.020723755,0.986012,br,A8
CATACCCTCCGTGTGG-1,0.48753673,0.07891314,0.15524213,0.278308,1.1957777,RpL6,A9p2
CATACTTAGCAGGCTA-1,0.13162856,0.22111349,0.6202229,0.027035005,0.9944694,dpn,A9p2
CATACTTCAACGGCCT-1,0.3527475,0.15519674,0.22589447,0.26616126,1.3450706,RpL6,A10
CATACTTCATGACGTT-1,0.1539157,0.3003674,0.17117593,0.37454098,1.3192526,awd,A9p2
CATACTTTCAACTGAC-1,0.35311607,0.4296229,0.07890168,0.13835935,1.204581,br,A10
CATACTTTCCTCTGCA-1,0.10870203,0.36528596,0.28674132,0.23927067,1.3094811,br,A10
CATAGACAGTCGAAGC-1,0.8345071,0.11747902,0.013265562,0.034748383,0.57663786,RpL6,A10
CATAGACCAAACGAGC-1,0.14950116,0.19012591,0.549228,0.111144975,1.1730386,dpn,A9p1
CATAGACCACCCTAGG-1,0.21805519,0.31762084,0.33509097,0.129233,1.3271794,dpn,A8
CATAGACGTCGTTTCC-1,0.07565367,0.643402,0.0360542,0.24489017,0.9433832,br,A10
CATAGACGTGCGAACA-1,0.25602436,0.13577281,0.29050547,0.31769738,1.3433291,awd,A10
CATCAAGAGGTCACAG-1,0.33595473,0.3150251,0.118989974,0.23003015,1.3216742,RpL6,A10
CATCAAGAGTCTCCTC-1,0.8645797,0.09431452,0.009359081,0.031746652,0.50173944,RpL6,A9p2
CATCAAGCAATTCGTG-1,0.42189553,0.058004517,0.1785917,0.34150827,1.2038096,RpL6,A10
CATCAAGGTCTGTTAG-1,0.064496584,0.40444463,0.30003253,0.23102625,1.2426177,br,A8
CATCAAGGTGAACTAA-1,0.03831822,0.14755543,0.76459014,0.049536232,0.761429,dpn,A9p1
CATCAAGGTGCAACGA-1,0.15859568,0.06275763,0.0951729,0.6834737,0.9497405,awd,A10
CATCAAGGTTCCATTT-1,0.3514624,0.060160223,0.50747925,0.08089815,1.084249,dpn,A8
CATCAAGTCTGGTGCG-1,0.09758963,0.34435028,0.5193651,0.038694955,1.0602988,dpn,A8
CATCCACAGTTCCGTA-1,0.026175158,0.75725985,0.04339226,0.17317276,0.7457044,br,A10
CATCCACGTAGCGTCC-1,0.6621937,0.06791425,0.19670466,0.073187284,0.9668276,RpL6,A9p1
CATCCACTCGCGCCAA-1,0.26734343,0.11832062,0.22225891,0.39207703,1.306582,awd,A9p1
CATCCCAAGAGATCGC-1,0.11180551,0.14639589,0.17702243,0.5647762,1.1554381,awd,A9p1
CATCCCAAGGTTTGAA-1,0.6387922,0.03610573,0.05269767,0.27240428,0.9155615,RpL6,A9p2
CATCCCACAGACAAGC-1,0.3719433,0.32011008,0.21620642,0.091740236,1.2827647,RpL6,A9p2
CATCCCAGTCAGCGTC-1,0.24299975,0.26311353,0.07013564,0.42375106,1.2452813,awd,A9p2
CATCCCATCAGCCTCT-1,0.5029096,0.07669159,0.085047774,0.33535105,1.1186143,RpL6,A9p1
CATCCCATCTCAACCC-1,0.38683817,0.07689835,0.13493831,0.40132517,1.2013404,awd,A8
CATCCGTAGCCGGAAT-1,0.4155116,0.38917372,0.045755796,0.1495589,1.1574981,RpL6,A9p1
CATCCGTAGGTGCATG-1,0.061630797,0.08595271,0.56556666,0.28684983,1.0632131,dpn,A9p1
CATCCGTCACAAATGA-1,0.0825345,0.46414068,0.23102841,0.22229646,1.2349279,br,A9p1
CATCCGTCACTGGATT-1,0.032054726,0.61882514,0.17057057,0.17854957,1.0165658,br,A10
CATCCGTGTCAGCGTC-1,0.086222105,0.19475071,0.17751008,0.5415171,1.1689572,awd,A8
CATCCGTTCCACGTGG-1,0.17899671,0.41075465,0.30010378,0.110144824,1.2776045,br,A8
CATCGCTAGAGAAGGT-1,0.47408774,0.12494821,0.29902872,0.10193533,1.2074687,RpL6,A8
CATCGCTAGGGATCTG-1,0.1604016,0.4020476,0.26087475,0.17667599,1.3166847,br,A10
CATCGCTCAAGCAGGT-1,0.21012512,0.11315965,0.22906634,0.44764888,1.2717571,awd,A9p2
CATCGCTCAAGTGGAC-1,0.06882652,0.3983054,0.39473677,0.13813138,1.1912059,br,A9p1
CATCGCTCAGACGCTC-1,0.115713015,0.85064995,0.0054994053,0.028137727,0.516232,br,A9p1
CATCGCTTCATGGAGG-1,0.2237966,0.37661058,0.32024783,0.079345,1.2685137,br,A10
CATCGCTTCGCCACTT-1,0.23018269,0.2074327,0.116525,0.44585964,1.2750237,awd,A9p2
CATCGCTTCTCCACTG-1,0.48879617,0.17324165,0.12773286,0.21022937,1.2443044,RpL6,A10
CATCGGGAGCTACGTT-1,0.07942116,0.3451782,0.38736337,0.18803732,1.2499416,dpn,A9p1
CATCGGGAGTCTGGAG-1,0.057137337,0.2547896,0.15870787,0.5293652,1.1407712,awd,A9p1
CATCGGGCATCCGATA-1,0.25547582,0.42941254,0.23195325,0.083158426,1.257378,br,A8
CATCGGGCATGTGGTT-1,0.056367073,0.09003698,0.2516027,0.60199326,1.0315762,awd,A9p2
CATCGGGGTAGGACTG-1,0.18337253,0.053283524,0.5210467,0.2422973,1.1504338,dpn,A10
CATCGGGGTCGCGTTG-1,0.39495692,0.06517215,0.08454586,0.4553251,1.111965,awd,A9p1
CATCGGGGTTACGCCG-1,0.44549817,0.09986101,0.058571275,0.39606956,1.123313,RpL6,A10
CATCGGGGTTCTCGTC-1,0.28723934,0.1368144,0.32145837,0.2544879,1.3435416,dpn,A9p1
CATCGGGTCACCATAG-1,0.30815557,0.411886,0.11599948,0.16395892,1.2744352,br,A10
CATCGGGTCCATACAG-1,0.9202637,0.03044302,0.02075545,0.028537812,0.36469495,RpL6,A9p1
CATCGGGTCGTGGGAA-1,0.36601186,0.40507495,0.083955675,0.14495753,1.2218901,br,A10
CATCGTCCAAACTCTG-1,0.1219578,0.4467885,0.3474422,0.08381146,1.1916583,br,A8
CATCGTCCAAATGGCG-1,0.4610283,0.058252003,0.12121709,0.35950264,1.1461536,RpL6,A9p2
CATCGTCCATCCAATG-1,0.22133665,0.16208915,0.22664738,0.38992676,1.3323879,awd,A9p2
CATCGTCCATGTTCGA-1,0.24671927,0.10582445,0.16850694,0.47894934,1.2356206,awd,A9p1
CATCGTCTCGTTGTTT-1,0.26969272,0.05427474,0.17922333,0.49680924,1.1672142,awd,A9p1
CATGAGTAGCAGCACA-1,0.030422125,0.09662478,0.86279917,0.010153933,0.5059878,dpn,A9p1
CATGAGTAGGAGGTTC-1,0.34864017,0.30653313,0.30278695,0.0420397,1.2247982,RpL6,A10
CATGAGTAGTAGGTTA-1,0.44501877,0.09775936,0.22388302,0.23333886,1.262259,RpL6,A9p2
CATGAGTCACCCTGTT-1,0.14856367,0.70009136,0.12168019,0.029664768,0.89354295,br,A8
CATGAGTCACCTGCAG-1,0.08350905,0.18574242,0.5004148,0.23033376,1.2046422,dpn,A9p1
CATGAGTGTACTCCGG-1,0.35535416,0.1779577,0.13380578,0.33288237,1.3101478,RpL6,A9p1
CATGAGTGTTAGAAAC-1,0.32077718,0.19617495,0.12971936,0.3533285,1.3167703,awd,A9p2
CATGAGTTCACTCGAA-1,0.07275121,0.4571465,0.45617408,0.01392821,0.966061,br,A8
CATGAGTTCCGATGTA-1,0.2361478,0.11287334,0.13122153,0.51975733,1.1936828,awd,A9p2
CATGAGTTCTACAGGT-1,0.037052657,0.2284038,0.54381764,0.1907259,1.1066531,dpn,A9p2
CATGCAACACGCCAGT-1,0.46428403,0.08624797,0.241983,0.20748496,1.2372367,RpL6,A9p2
CATGCAACAGCACGAA-1,0.34476644,0.14633742,0.22282597,0.28607017,1.3409398,RpL6,A9p1
CATGCAAGTGGGTATG-1,0.13535313,0.07079779,0.077517234,0.7163319,0.89536387,awd,A10
CATGCAATCTCTCTAA-1,0.2131306,0.25965428,0.12666684,0.40054825,1.3077753,awd,A8
CATGCCTAGACGGTCA-1,0.21725388,0.26833126,0.43750694,0.07690796,1.2436285,dpn,A9p2
CATGCCTAGCACCTGC-1,0.23578604,0.062271185,0.5335688,0.168374,1.1486918,dpn,A9p1
CATGCCTAGCGTTACT-1,0.3926973,0.22456707,0.220309,0.16242668,1.3309515,RpL6,A10
CATGCCTAGGGTAGCT-1,0.087656535,0.6668173,0.11691543,0.12861076,0.9983176,br,A9p2
CATGCCTCACACAGAG-1,0.08138104,0.34008345,0.28133294,0.2972026,1.2883546,br,A9p1
CATGCCTCACACGCCA-1,0.1567436,0.053272046,0.12416721,0.66581714,0.97652346,awd,A9p1
CATGCCTCACCATTCC-1,0.114582226,0.19012429,0.26944092,0.42585263,1.2807398,awd,A9p1
CATGCCTCACCCTGAG-1,0.18348368,0.45357177,0.30249798,0.060446557,1.2010188,br,A9p1
CATGCCTCACGACAGA-1,0.16682008,0.11502765,0.0887728,0.62937945,1.0538995,awd,A10
CATGCCTCATGAAAGT-1,0.393707,0.11096753,0.11754085,0.3777846,1.230356,RpL6,A10
CATGCCTGTAGACGGT-1,0.105381474,0.35086775,0.44074106,0.10300971,1.1998382,dpn,A8
CATGCCTTCTCTCCGA-1,0.32659948,0.105007894,0.117978595,0.45041406,1.2135248,awd,A10
CATGCGGCACGTCTCT-1,0.053898007,0.21004568,0.034155287,0.7019011,0.84896326,awd,A10
CATGCGGCATGATAGA-1,0.5897598,0.13153131,0.16441664,0.11429229,1.1229587,RpL6,A9p1
CATGCGGGTCTAGATC-1,0.08772094,0.2825576,0.5517913,0.07793014,1.0975543,dpn,A9p1
CATGCGGTCGGTCAGC-1,0.11516365,0.45565352,0.41185886,0.017324017,1.0426787,br,A8
CATGCGGTCTAGACCA-1,0.093576685,0.21289521,0.29145026,0.40207782,1.276682,awd,A8
CATGCTCAGGACGGAG-1,0.51604337,0.11609982,0.09592014,0.27193666,1.1703662,RpL6,A10
CATGCTCCAGACAAGC-1,0.06429762,0.13432896,0.70877194,0.09260147,0.9104232,dpn,A9p1
CATGCTCCAGGACAGT-1,0.47440398,0.085961685,0.16852903,0.27110532,1.218649,RpL6,A9p2
CATGCTCCATGTCTAG-1,0.13753235,0.62040794,0.21674147,0.025318231,0.9935032,br,A8
CATGCTCGTCCCAAAT-1,0.27322888,0.09290797,0.13560668,0.49825642,1.1933098,awd,A8
CATGCTCGTGCATCTA-1,0.037854638,0.3630299,0.58960825,0.009507148,0.84753424,dpn,A9p1
CATGCTCGTTCAAAGA-1,0.34794012,0.118971944,0.35717297,0.175915,1.2940236,dpn,A10
CATGCTCTCTTCCAGC-1,0.102236286,0.18659632,0.6084911,0.1026763,1.082397,dpn,A9p2
CATGGATAGCAGTAAT-1,0.07106026,0.65641165,0.167516,0.10501212,1.0001878,br,A8
CATGGATAGCTCATAC-1,0.4973299,0.16006486,0.20778558,0.13481973,1.2372895,RpL6,A8
CATGGATTCCGTGGCA-1,0.22703862,0.4758976,0.12452886,0.17253491,1.2525859,br,A9p2
CATGGATTCGACATCA-1,0.10109805,0.54922444,0.14251916,0.20715836,1.1645951,br,A9p1
CATGGATTCGTTGTGA-1,0.11678907,0.49408692,0.08674755,0.30237642,1.1728876,br,A9p2
CATGGTAAGAGTGTGC-1,0.3049094,0.19727421,0.28438094,0.21343549,1.3695873,RpL6,A9p2
CATGGTAAGATGCGAC-1,0.19615865,0.20254381,0.116296224,0.48500133,1.2441045,awd,A9p1
CATGGTAAGTACCATC-1,0.036196075,0.04991601,0.14750467,0.76638323,0.7559689,awd,A9p1
CATGGTACACTCCCTA-1,0.13659312,0.45121822,0.121031195,0.2911574,1.245843,br,A8
CATGGTACAGAACTTC-1,0.19558714,0.40463048,0.3188524,0.08093,1.2531798,br,A9p1
CATGGTACAGGTATGG-1,0.18755035,0.18502049,0.4598735,0.16755567,1.2826471,dpn,A9p1
CATGGTAGTTAGTCGT-1,0.2196987,0.7134451,0.010673434,0.05618273,0.7840632,br,A8
CATGGTATCTAATTCC-1,0.3762132,0.07798109,0.4007425,0.14506312,1.2132485,dpn,A9p1
CATTCATAGCGATGGT-1,0.058633424,0.06603373,0.11967242,0.7556605,0.81153584,awd,A10
CATTCATCAAGGCGTA-1,0.40975448,0.052416928,0.11053212,0.42729643,1.1268963,awd,A10
CATTCATCAAGTTCCA-1,0.07800214,0.1756291,0.68324184,0.06312694,0.93911695,dpn,A9p1
CATTCCGAGATAACAC-1,0.06605438,0.3426942,0.5247363,0.066515155,1.065144,dpn,A8
CATTCCGCAACACGTT-1,0.24091372,0.30222687,0.13311723,0.3237421,1.3380876,awd,A8
CATTCCGCAATGGCCC-1,0.19469932,0.024153452,0.07373479,0.7074124,0.8456296,awd,A10
CATTCCGCAGGAAGTC-1,0.05094086,0.18430012,0.68330073,0.08145828,0.92782676,dpn,A8
CATTCCGGTTGCTGAT-1,0.3515901,0.14755744,0.13118364,0.36966887,1.2841997,awd,A10
CATTCTAAGCAACTTC-1,0.2050192,0.2861492,0.4660165,0.04281503,1.1736499,dpn,A8
CATTCTACAAACTCTG-1,0.06042821,0.14999703,0.7165498,0.073024906,0.8840793,dpn,A8
CATTCTACAACAGAGC-1,0.12619102,0.65436786,0.19921643,0.020224705,0.9390202,br,A8
CATTCTACAAGATGGC-1,0.5199579,0.16968778,0.15623617,0.15411821,1.2192891,RpL6,A10
CATTCTACACAATGTC-1,0.17243278,0.29188347,0.38914058,0.14654317,1.3112221,dpn,A8
CATTCTACACACTGGC-1,0.11431343,0.1477466,0.72878367,0.009156358,0.80399865,dpn,A8
CATTCTACACGCTGTG-1,0.052075163,0.44583952,0.4334781,0.06860716,1.0602067,br,A8
CATTCTACAGATACTC-1,0.25236332,0.13159446,0.49782428,0.11821797,1.2140114,dpn,A9p2
CATTGAGAGCAGTACG-1,0.9903317,0.0066146497,0.0011408274,0.0019128252,0.06251977,RpL6,A9p2
CATTGAGAGTACAGAT-1,0.86128485,0.10036423,0.013952419,0.024398562,0.5095516,RpL6,A10
CATTGAGCAAGTCGTT-1,0.2987766,0.023403129,0.15209089,0.52572936,1.0732727,awd,A9p2
CATTGAGGTAACTAAG-1,0.22616445,0.11495348,0.3258096,0.33307248,1.3164172,awd,A10
CATTGAGGTACAGAGC-1,0.38828078,0.18869796,0.3084666,0.11455461,1.2930044,RpL6,A8
CATTGAGGTAGATCCT-1,0.06507935,0.018573828,0.10373781,0.812609,0.6555206,awd,A10
CATTGAGGTATGCAAA-1,0.18595102,0.36416176,0.22262709,0.22726023,1.3518461,br,A9p1
CATTGAGGTCTACGAT-1,0.12957044,0.4798996,0.18319255,0.20733735,1.254257,br,A9p2
CATTGAGGTGTGGACA-1,0.07617562,0.3018271,0.55525917,0.06673812,1.0650183,dpn,A9p1
CATTGAGTCCAAGCCG-1,0.39745945,0.35570192,0.1039845,0.14285408,1.2477511,RpL6,A9p1
CATTGCCAGGCTTAAA-1,0.36111927,0.09176679,0.18482283,0.36229107,1.2668862,awd,A10
CATTGCCAGGGCCCTT-1,0.042108543,0.095206395,0.11036512,0.75232,0.8146225,awd,A10
CATTGCCCAGTTCACA-1,0.090512656,0.07662895,0.6915971,0.14126131,0.9457748,dpn,A9p1
CATTGCCGTCGTCATA-1,0.25907063,0.3784235,0.14864221,0.21386361,1.3308554,br,A10
CATTGCCGTCTAGATC-1,0.073707364,0.5800884,0.18147798,0.1647263,1.1148978,br,A8
CATTGCCTCCTTGAAG-1,0.888078,0.04869825,0.013532588,0.04969124,0.45997816,RpL6,A9p2
CATTGTTAGAAGCGGG-1,0.5615304,0.09967795,0.070672445,0.26811916,1.094084,RpL6,A9p1
CATTGTTAGGGCCCTT-1,0.09957377,0.16132888,0.26149696,0.47760034,1.2277083,awd,A8
CATTGTTAGTTGGAAT-1,0.1326224,0.5297696,0.21307287,0.12453509,1.1933639,br,A8
CATTGTTCACATAACC-1,0.35075933,0.20250416,0.32130024,0.12543628,1.3160708,RpL6,A9p1
CATTGTTCACCTGCTT-1,0.060213592,0.5517191,0.32693613,0.061131183,1.0336647,br,A8
CATTGTTCACGGCTAC-1,0.16757408,0.12253451,0.6154408,0.09445061,1.0782052,dpn,A10
CATTGTTCAGACCTAT-1,0.87900025,0.092317335,0.0091883205,0.019494165,0.45316556,RpL6,A10
CATTGTTCATAGAATG-1,0.19355282,0.5509633,0.14133696,0.114146985,1.1705462,br,A9p2
CATTGTTGTTATGTGC-1,0.29152322,0.05966092,0.20695727,0.44185862,1.2144334,awd,A10
CATTGTTGTTGTAGCT-1,0.1377337,0.030410195,0.1507871,0.681069,0.926135,awd,A9p2
CATTTCAAGCCGAACA-1,0.050609898,0.5479279,0.1078285,0.2936337,1.0806222,br,A9p2
CATTTCACAAACACGG-1,0.8832089,0.09712635,0.0038426933,0.015822012,0.42313755,RpL6,A8
CATTTCACAGCACACC-1,0.21501638,0.5305694,0.23469989,0.019714355,1.0843581,br,A8
CATTTCAGTCCTACAA-1,0.25857294,0.1553257,0.23618145,0.34991995,1.3472724,awd,A9p2
CATTTCAGTCGTACAT-1,0.054095946,0.47482914,0.2869379,0.18413696,1.1812631,br,A8
CATTTCAGTCTTGCTC-1,0.20335709,0.15484108,0.20877601,0.4330258,1.3022099,awd,A9p1
CCAAGCGAGATGATTG-1,0.14597909,0.3375738,0.21045221,0.3059948,1.337846,br,A9p1
CCAAGCGCACTTGAAC-1,0.1420665,0.3553923,0.25948754,0.24305362,1.3387557,br,A9p1
CCAAGCGCAGAACTTC-1,0.4062513,0.06260241,0.22074069,0.31040558,1.2360361,RpL6,A9p2
CCAAGCGGTTCTGAGT-1,0.3152559,0.24461305,0.2806534,0.15947767,1.3577416,RpL6,A10
CCAAGCGTCCTCTCTT-1,0.11963323,0.16193607,0.6550665,0.06336414,1.0007514,dpn,A9p2
CCAAGCGTCTCAACGA-1,0.5344126,0.13064606,0.13136292,0.20357843,1.1914312,RpL6,A8
CCAAGCGTCTCTAAGG-1,0.042037852,0.2796941,0.38458103,0.293687,1.2169157,dpn,A9p1
CCAATGAAGCCTAACT-1,0.34085113,0.067405246,0.4075992,0.18414445,1.2260427,dpn,A9p1
CCAATGAAGTCACTCA-1,0.2615031,0.26740766,0.25985727,0.21123198,1.3820748,br,A9p2
CCAATGACAATACCTG-1,0.39359915,0.12519477,0.27895963,0.20224643,1.3065294,RpL6,A9p2
CCAATGACACCCTTGT-1,0.37259543,0.11999355,0.24928036,0.25813058,1.318152,RpL6,A9p1
CCAATGACAGCCTACG-1,0.15623635,0.3520826,0.41043946,0.08124152,1.2270205,dpn,A8
CCAATGACAGGTCTCG-1,0.21215323,0.30099007,0.19706188,0.28979492,1.3693342,br,A10
CCAATGAGTCTTCGAA-1,0.24908042,0.16041057,0.23287836,0.3576307,1.3468658,awd,A10
CCAATGAGTGCAATAA-1,0.26879653,0.045718372,0.030629894,0.6548552,0.8781941,awd,A10
CCAATGAGTGGAACCA-1,0.37983552,0.24910447,0.13777451,0.23328547,1.3265464,RpL6,A9p2
CCAATTTAGCTCCACG-1,0.052463662,0.5757889,0.333916,0.037831437,0.9626317,br,A10
CCAATTTAGGGCCTCT-1,0.3924592,0.50874263,0.017867703,0.08093057,0.9862768,br,A8
CCAATTTCAATAGAGT-1,0.034793667,0.36858866,0.58922476,0.007392952,0.83267504,dpn,A9p1
CCAATTTCAATTTCGG-1,0.13017769,0.042616334,0.101607226,0.72559875,0.86497086,awd,A10
CCAATTTCATAGAGGC-1,0.2710112,0.098692425,0.19226062,0.43803573,1.2609755,awd,A9p1
CCAATTTTCACGGGAA-1,0.15511063,0.17860478,0.21824254,0.44804206,1.2886438,awd,A10
CCAATTTTCTCGACCT-1,0.38110548,0.4347627,0.060600467,0.12353146,1.158009,br,A9p1
CCACAAAAGCCTCGTG-1,0.23832557,0.41100207,0.1841759,0.16649647,1.3173246,br,A9p1
CCACAAACAAACGGCA-1,0.29874074,0.22023831,0.18716817,0.29385278,1.3676841,RpL6,A9p2
CCACAAACAAGGAGTC-1,0.32587862,0.079433694,0.26206863,0.3326191,1.283659,awd,A9p1
CCACAAACAATTGTGC-1,0.28166106,0.25130174,0.19229326,0.27474397,1.3759383,RpL6,A9p1
CCACAAAGTATGAGCG-1,0.05037026,0.22342597,0.53591955,0.19028421,1.1353848,dpn,A10
CCACACTAGAGCTGAC-1,0.10733586,0.16860437,0.1631148,0.5609449,1.1597776,awd,A10
CCACACTAGAGTGGCT-1,0.1601151,0.049080167,0.11728468,0.6735201,0.9588104,awd,A9p2
CCACACTAGCCGCACT-1,0.30174014,0.26972726,0.13241841,0.29611415,1.3430732,RpL6,A10
CCACACTAGCTTCTAG-1,0.13608603,0.082019344,0.16134778,0.6205469,1.0669591,awd,A9p2
CCACACTAGGTCACTT-1,0.19184178,0.1707071,0.29507574,0.34237537,1.3456451,awd,A10
CCACACTCAGAGATTA-1,0.4006307,0.077682965,0.09300669,0.42867962,1.148962,awd,A9p2
CCACACTCAGTGGGTA-1,0.3001583,0.16385229,0.21908122,0.31690812,1.3544052,awd,A10
CCACACTCATGCGTGC-1,0.21003287,0.12017237,0.06627957,0.6035152,1.067019,awd,A10
CCACACTGTCCTGTTC-1,0.092234135,0.40291935,0.32576066,0.17908588,1.2594731,br,A9p1
CCACACTGTGACCGTC-1,0.09074228,0.3978109,0.40168178,0.10976504,1.1933389,dpn,A8
CCACACTTCCCTGTTG-1,0.049538415,0.3684594,0.3364322,0.24556999,1.2280605,br,A9p1
CCACCATCACCCTTAC-1,0.057750452,0.6447527,0.26331785,0.034179088,0.9144201,br,A9p1
CCACCATCACTGGCGT-1,0.31685647,0.31943277,0.12293466,0.2407761,1.3292263,br,A9p2
CCACCATCAGCAGAAC-1,0.25496805,0.16294926,0.3770306,0.20505215,1.336755,dpn,A9p1
CCACCATCATCCAACA-1,0.15182549,0.3826425,0.23003566,0.2354963,1.3323658,br,A9p1
CCACCATCATTCTCTA-1,0.061569203,0.41039577,0.48533008,0.04270501,1.0226674,dpn,A10
CCACCATGTGCCTTCT-1,0.14342178,0.16841625,0.23424055,0.4539214,1.2770225,awd,A8
CCACCATGTGGTCCCA-1,0.50548816,0.17784598,0.10264332,0.21402246,1.2155906,RpL6,A9p1
CCACCATGTGGTCTTA-1,0.25547174,0.37844774,0.24420781,0.12187273,1.3171403,br,A9p1
CCACCATGTGTCACAT-1,0.1546958,0.4064931,0.33081645,0.10799465,1.2609355,br,A9p1
CCACCATGTGTGAATA-1,0.1404177,0.102018915,0.6290061,0.12855726,1.0638629,dpn,A9p1
CCACCATTCAACCGAT-1,0.082177654,0.18220349,0.33483773,0.4007811,1.248376,awd,A10
CCACCATTCTACGGTA-1,0.17691231,0.40842733,0.10540404,0.3092563,1.2722455,br,A8
CCACCATTCTAGTCAG-1,0.034117647,0.08901338,0.46131155,0.41555744,1.0523915,dpn,A8
CCACCATTCTCTGCTG-1,0.017353198,0.6058317,0.27868277,0.098132335,0.9578398,br,A8
CCACGAGAGAATAACC-1,0.2634363,0.06432185,0.1518872,0.5203546,1.1540673,awd,A9p1
CCACGAGAGATGCCGA-1,0.30102426,0.17147607,0.055232972,0.47226676,1.17803,awd,A9p2
CCACGAGCACGTTCGG-1,0.33152896,0.13293026,0.20664535,0.32889545,1.3258305,RpL6,A8
CCACGAGCAGGCCTGT-1,0.05329405,0.037286527,0.12363699,0.7857824,0.7267787,awd,A10
CCACGAGGTGCAGTGA-1,0.36532396,0.429941,0.055250548,0.14948449,1.1748903,br,A9p1
CCACGAGGTGTCTCCT-1,0.15276104,0.074000165,0.2839047,0.48933405,1.186894,awd,A9p2
CCACGAGGTTAGTTCG-1,0.61644435,0.04205938,0.076387316,0.26510897,0.9799262,RpL6,A9p2
CCACGAGTCAAACGTC-1,0.09292287,0.14997746,0.73190683,0.025192821,0.8265004,dpn,A9p1
CCACGAGTCTTCGGAA-1,0.2221088,0.45392755,0.20219216,0.121771514,1.2723169,br,A9p1
CCACGAGTCTTCTGTA-1,0.048073325,0.11183464,0.7554264,0.08466561,0.8118237,dpn,A8
CCACGTTAGCTGTTAC-1,0.35138485,0.1819217,0.11711024,0.34958324,1.296107,RpL6,A10
CCACGTTCACCCTTAC-1,0.24104176,0.295684,0.38828683,0.07498738,1.2648045,dpn,A8
CCACGTTCAGCTTCCT-1,0.13053896,0.14135867,0.63798755,0.090114795,1.0459616,dpn,A9p2
CCACGTTGTTGCATTG-1,0.043592457,0.29578075,0.5343216,0.12630521,1.0930933,dpn,A9p1
CCACGTTTCATGCTAG-1,0.47513002,0.19443479,0.14645398,0.18398118,1.264804,RpL6,A8
CCACGTTTCCTTCGAC-1,0.29889908,0.061922178,0.032759607,0.60641915,0.9485369,awd,A8
CCACTTGAGACATAAC-1,0.6105822,0.079725526,0.23287448,0.0768178,1.0393617,RpL6,A10
CCACTTGAGTTTGAGA-1,0.07307398,0.045167487,0.78820527,0.09355326,0.740322,dpn,A9p1
CCACTTGGTACTCGCG-1,0.68486613,0.12557837,0.10771895,0.0818365,0.96465886,RpL6,A9p1
CCACTTGTCATGAGTC-1,0.16305313,0.5046431,0.25591052,0.076393254,1.1861136,br,A9p1
CCACTTGTCCTAGCCT-1,0.48374286,0.07643633,0.17284207,0.26697874,1.2038069,RpL6,A9p1
CCACTTGTCGTAGCCG-1,0.54412687,0.11902397,0.15679537,0.18005382,1.1836898,RpL6,A9p1
CCATAAGAGTGAGTGC-1,0.37064034,0.42071682,0.07367002,0.13497278,1.1945745,br,A9p1
CCATAAGCAAGAGATT-1,0.4753916,0.08639124,0.08760518,0.350612,1.1458486,RpL6,A10
CCATAAGCACAGCCAC-1,0.3259011,0.354138,0.13089126,0.18906963,1.314082,br,A8
CCATAAGCACTAGAGG-1,0.45369393,0.07136539,0.17469445,0.30024624,1.2130039,RpL6,A8
CCATAAGGTATACCTG-1,0.16987571,0.094235875,0.19498004,0.5409084,1.1748734,awd,A9p2
CCATAAGTCATGCTAG-1,0.047918078,0.4294949,0.4437078,0.07887923,1.0694659,dpn,A9p1
CCATAAGTCCAATCTT-1,0.42900458,0.032692574,0.17036043,0.3679424,1.1442797,RpL6,A9p2
CCATCACAGAAACACT-1,0.11093221,0.3100117,0.3050797,0.2739764,1.3238965,br,A10
CCATCACAGCGCCTAC-1,0.21767016,0.24996571,0.21215387,0.32021022,1.372039,awd,A9p2
CCATCACAGTCGCTAT-1,0.23039827,0.2993435,0.14503358,0.3252247,1.3446039,awd,A10
CCATCACCATCATCTT-1,0.031060282,0.115052305,0.79938704,0.05450031,0.69418347,dpn,A9p1
CCATCACGTACGACTT-1,0.21712461,0.05717218,0.17030123,0.555402,1.1232961,awd,A10
CCATCACGTAGGATAT-1,0.37564862,0.42904297,0.059185445,0.13612302,1.1696312,br,A10
CCATCACGTGCGTGCT-1,0.55175734,0.15563323,0.14778931,0.14482008,1.1800169,RpL6,A9p1
CCATCACTCACTTGGA-1,0.28725436,0.09535335,0.15893902,0.45845327,1.232286,awd,A9p1
CCATCACTCCTGTAGA-1,0.031026602,0.3691096,0.5644911,0.035372633,0.9166322,dpn,A10
CCCAACTAGACATCAA-1,0.37772065,0.44094136,0.058916938,0.1224211,1.1527613,br,A10
CCCAACTAGCGCCGTT-1,0.33978432,0.14313053,0.22997965,0.2871055,1.3413202,RpL6,A10
CCCAACTAGTCATAGA-1,0.27968264,0.17922163,0.20747812,0.33361766,1.3569882,awd,A8
CCCAACTTCACTACTT-1,0.13999073,0.19417723,0.062153067,0.60367894,1.0708555,awd,A10
CCCAACTTCAGGTAAA-1,0.37393874,0.10023294,0.25468048,0.27114785,1.3006022,RpL6,A10
CCCAACTTCCAGCACG-1,0.045187384,0.20045057,0.58151215,0.1728498,1.0807644,dpn,A8
CCCATTGAGACTCGAG-1,0.041738026,0.47528422,0.2939489,0.18902884,1.1609018,br,A9p1
CCCATTGAGTAACGTA-1,0.3910047,0.27951035,0.1882495,0.14123549,1.3142818,RpL6,A8
CCCATTGTCCTACCGT-1,0.41352054,0.25597915,0.1457474,0.1847529,1.3066618,RpL6,A9p2
CCCGAAGCAGTTTCAG-1,0.19470775,0.13652596,0.06611204,0.6026543,1.0752258,awd,A10
CCCGAAGGTGGCCCAT-1,0.4061656,0.19449607,0.204704,0.19463427,1.3276541,RpL6,A10
CCCGAAGGTGGCTACC-1,0.121789,0.45679867,0.29700685,0.124405496,1.2341833,br,A9p2
CCCGAAGGTGGTAACG-1,0.40582708,0.08441301,0.17549245,0.33426744,1.2463378,RpL6,A10
CCCGGAAGTCACAGAG-1,0.11567739,0.24227591,0.56636816,0.075678565,1.1103122,dpn,A10
CCCGGAAGTCCCACGA-1,0.07071672,0.1656001,0.6963997,0.06728352,0.9186793,dpn,A9p1
CCCGGAATCGAGTCTA-1,0.2865881,0.15907763,0.17495732,0.37937695,1.3232838,awd,A10
CCCGGAATCTGACCCT-1,0.17425182,0.3404239,0.14463246,0.34069183,1.3177953,awd,A9p2
CCCTAACAGGCACCAA-1,0.19081491,0.0286678,0.16950352,0.6110138,1.0197589,awd,A9p1
CCCTAACCACACACGC-1,0.23840564,0.36761352,0.14583611,0.24814473,1.3363252,br,A8
CCCTAACGTCCCGCAA-1,0.18907297,0.022772541,0.73338175,0.054772772,0.7875589,dpn,A9p2
CCCTAACGTTCTCGTC-1,0.054270957,0.29145142,0.461131,0.19314665,1.1919993,dpn,A9p2
CCCTAACTCGTGGCGT-1,0.07985493,0.75358397,0.13943845,0.027122598,0.78759074,br,A8
CCCTAACTCTCGACCT-1,0.3888947,0.07633634,0.20672989,0.3280391,1.2551905,RpL6,A9p2
CCCTAACTCTTCACAT-1,0.40780097,0.06733835,0.108579874,0.4162808,1.1533713,awd,A9p1
CCCTCAAAGCCTCACG-1,0.27037358,0.09630735,0.26661915,0.36669993,1.2993453,awd,A8
CCCTCAACAATCGCAT-1,0.035862163,0.24753217,0.57485515,0.14175053,1.0601573,dpn,A9p1
CCCTCAACACCAGGTC-1,0.373065,0.07847391,0.14933166,0.39912942,1.2181134,awd,A10
CCCTCAACAGTCAACT-1,0.2635076,0.37912643,0.090082854,0.26728308,1.2886398,br,A10
CCCTCAACATCTGGGC-1,0.3602421,0.085124224,0.21530245,0.3393312,1.2748997,RpL6,A10
CCCTCAAGTAGCGTTT-1,0.2512037,0.07637997,0.08176144,0.59065485,1.0592078,awd,A9p1
CCCTCAAGTCTACAGT-1,0.37411886,0.41198042,0.052532386,0.16136837,1.1822865,br,A10
CCCTCAAGTCTTGTCC-1,0.87882304,0.091007635,0.0067886645,0.023380661,0.45335388,RpL6,A8
CCCTCAAGTGACCGAA-1,0.33423933,0.12267937,0.31027052,0.23281075,1.3261372,RpL6,A9p2
CCCTCAAGTTCGGCTG-1,0.2129843,0.17964804,0.14926815,0.45809954,1.2793336,awd,A9p1
CCCTCAATCCAAGCAT-1,0.4373047,0.1144872,0.36000153,0.08820654,1.1917994,RpL6,A9p1
CCCTCAATCCCAGTGG-1,0.36788177,0.37227762,0.0589244,0.2009162,1.2250209,br,A9p2
CCCTCAATCGCCAATA-1,0.1341521,0.28196993,0.071829356,0.5120486,1.1583357,awd,A10
CCCTCTCAGATTAGCA-1,0.8928327,0.052905157,0.015174848,0.03908731,0.44698316,RpL6,A9p2
CCCTCTCAGTCGCCCA-1,0.07932152,0.37843132,0.26191935,0.28032786,1.2761678,br,A9p2
CCCTCTCCAGTTCTAG-1,0.6764009,0.09238264,0.11408642,0.11713012,0.9833312,RpL6,A9p2
CCCTCTCGTTAACCTG-1,0.36707282,0.06902608,0.47206116,0.09183997,1.1260421,dpn,A9p2
CCCTCTCGTTCTCCAC-1,0.0630621,0.065079205,0.19648063,0.6753781,0.9368726,awd,A9p1
CCCTCTCTCACACCGG-1,0.0105486885,0.2691337,0.7009359,0.019381674,0.72676563,dpn,A9p1
CCCTGATAGACGCAGT-1,0.3821626,0.4300329,0.048603926,0.13920054,1.1519696,br,A10
CCCTGATAGATCACTC-1,0.2459669,0.059966754,0.14311683,0.5509495,1.1203876,awd,A9p1
CCCTGATAGCGAGGAG-1,0.20000884,0.46970218,0.029171238,0.30111772,1.1413522,br,A9p2
CCCTGATAGCGCCCAT-1,0.1916163,0.19505966,0.21308401,0.40024,1.3313539,awd,A10
CCCTGATAGTCACTAC-1,0.1405956,0.5232168,0.12486462,0.21132305,1.203006,br,A9p2
CCCTGATGTCACCGAC-1,0.20931691,0.13503315,0.21468139,0.44096857,1.2890859,awd,A9p1
CCCTGATGTGATACAA-1,0.091833934,0.55025405,0.052285552,0.30562642,1.0645703,br,A10
CCCTGATGTTAACCTG-1,0.33613512,0.15534727,0.14864065,0.359877,1.3068738,awd,A9p2
CCCTGATGTTGTGCCG-1,0.13839486,0.29138073,0.47031283,0.099911496,1.2179316,dpn,A9p2
CCCTGATTCGGTATGT-1,0.038431168,0.41181773,0.30893597,0.24081515,1.1963344,br,A8
CCCTGATTCGTTCTCG-1,0.01860531,0.059839517,0.8815825,0.039972655,0.4824488,dpn,A9p1
CCCTGATTCTAACGCA-1,0.031144798,0.037190363,0.90705824,0.024606513,0.4101075,dpn,A9p1
CCCTTAGAGCAGGCAT-1,0.24975234,0.32150522,0.12876435,0.29997814,1.3364279,br,A8
CCCTTAGAGTGACCTT-1,0.62101525,0.13168344,0.117304705,0.12999666,1.0794272,RpL6,A9p1
CCCTTAGCACAAGGTG-1,0.33138376,0.20764536,0.03587616,0.42509475,1.1754377,awd,A9p2
CCCTTAGCACCGGAAA-1,0.20776391,0.14710717,0.51716375,0.12796521,1.2125268,dpn,A9p1
CCGAACGAGCATGGGT-1,0.4535436,0.0894172,0.060609933,0.39642927,1.1112001,RpL6,A9p2
CCGAACGCAATAGTCC-1,0.88093245,0.08022811,0.01420594,0.024633508,0.4657529,RpL6,A10
CCGAACGCACTTACAG-1,0.25916237,0.15997998,0.4060817,0.17477591,1.3139577,dpn,A10
CCGAACGCATCATGAC-1,0.45006576,0.10159614,0.08846696,0.35987115,1.1739752,RpL6,A9p1
CCGAACGGTGCCGTAC-1,0.4450142,0.083930284,0.40188897,0.069166504,1.1193792,RpL6,A8
CCGATCTGTACAACGG-1,0.07823899,0.38991666,0.41312817,0.11871614,1.1847748,dpn,A9p2
CCGATCTGTCGACTTA-1,0.23318557,0.22602749,0.26890546,0.27188146,1.3828995,awd,A9p2
CCGATCTGTTTCTTAC-1,0.10470657,0.3063003,0.33567414,0.253319,1.3129519,dpn,A9p1
CCGATCTTCCTGCCAT-1,0.5819086,0.097509086,0.203714,0.11686833,1.1170511,RpL6,A9p2
CCGATCTTCTGTGCAA-1,0.07648913,0.49120092,0.30822673,0.12408315,1.1675144,br,A9p1
CCGATGGAGGGATGTC-1,0.14048381,0.39935282,0.42942676,0.0307367,1.1123229,dpn,A9p1
CCGATGGAGTGCGACA-1,0.33547187,0.1408997,0.17217977,0.35144863,1.3129387,awd,A9p2
CCGATGGAGTTTGAGA-1,0.28404292,0.19636342,0.23294906,0.28664452,1.3747007,awd,A10
CCGATGGGTCGGAACA-1,0.11580133,0.34855744,0.16912949,0.3665117,1.2854519,awd,A9p1
CCGATGGTCAATGTCG-1,0.15901068,0.43576404,0.23709011,0.16813521,1.2953858,br,A9p2
CCGATGGTCAGCGCGT-1,0.19323891,0.48902276,0.24394879,0.07378951,1.2039696,br,A9p1
CCGATGGTCCATCACC-1,0.18630144,0.2845789,0.17771088,0.35140875,1.3452199,awd,A8
CCGCAAGAGCCTCAAT-1,0.20500533,0.2579552,0.08058442,0.45645517,1.2353268,awd,A9p1
CCGCAAGAGTCGAATA-1,0.09593053,0.15842621,0.43422294,0.31142032,1.2423029,dpn,A9p1
CCGCAAGCAACCGTAT-1,0.19755809,0.06839115,0.27260137,0.46144938,1.2150338,awd,A9p2
CCGCAAGGTATCTCTT-1,0.06830574,0.17905031,0.5376717,0.2149723,1.1553931,dpn,A9p1
CCGCAAGGTTCTTGTT-1,0.4241232,0.15068875,0.19662607,0.22856201,1.3061163,RpL6,A9p2
CCGCAAGTCAGCATTG-1,0.3789984,0.12924495,0.14086135,0.35089526,1.2757207,RpL6,A9p2
CCGCAAGTCTGGTGGC-1,0.16278085,0.29172218,0.16927262,0.37622437,1.3233474,awd,A8
CCGCAAGTCTTTCCGG-1,0.22415778,0.36286512,0.21652603,0.19645108,1.3540394,br,A10
CCGGACAAGAGAATCT-1,0.46710172,0.19602387,0.14656503,0.19030944,1.2721763,RpL6,A9p2
CCGGACAAGGGTACAC-1,0.2315451,0.14195272,0.13770348,0.4887987,1.2387773,awd,A9p1
CCGGACAAGTGAGGTC-1,0.11828729,0.40531307,0.2935148,0.18288484,1.2890383,br,A9p1
CCGGACACACAACGAG-1,0.40704548,0.11751828,0.13764344,0.33779284,1.2570637,RpL6,A9p1
CCGGACACACCACTGG-1,0.49757606,0.12445034,0.2800959,0.09787769,1.190575,RpL6,A8
CCGGACACATGTGGCC-1,0.45472476,0.04057005,0.098901905,0.40580332,1.0831783,RpL6,A9p2
CCGGACAGTACTGCGC-1,0.2384816,0.1764931,0.17982394,0.4052014,1.3225622,awd,A10
CCGGACAGTCATCCCT-1,0.3021379,0.023023171,0.044565696,0.6302732,0.8780164,awd,A9p2
CCGGACAGTCCGACGT-1,0.12834592,0.09451802,0.121482044,0.655654,1.0193111,awd,A9p2
CCGGACAGTCTCAGAT-1,0.17451055,0.2916086,0.07111671,0.46276417,1.2085866,awd,A8
CCGGACAGTTGGCCGT-1,0.2539249,0.22143513,0.13012351,0.39451647,1.3141952,awd,A9p1
CCGGACATCACGATCA-1,0.10597332,0.03943864,0.14857472,0.70601326,0.8944306,awd,A9p1
CCGGGTAAGAAATCCA-1,0.06560042,0.23018081,0.5167051,0.1875137,1.1718686,dpn,A10
CCGGGTACAGGGCTTC-1,0.13667971,0.38700172,0.38928545,0.08703311,1.219156,dpn,A9p2
CCGGGTATCTAGAACC-1,0.051648963,0.44008562,0.4797502,0.028515194,0.96807593,dpn,A8
CCGGTAGGTTGCATGT-1,0.3152185,0.2967146,0.24446791,0.14359893,1.347482,RpL6,A10
CCGGTAGTCCCGAACG-1,0.20828855,0.5070887,0.16982259,0.11480007,1.2207055,br,A9p2
CCGGTAGTCTAGAACC-1,0.10924202,0.43394578,0.44065744,0.016154729,1.0319163,dpn,A8
CCGGTAGTCTCAATCT-1,0.08554273,0.30887657,0.43585134,0.16972937,1.2361777,dpn,A9p1
CCGGTGACAAACCACT-1,0.11926552,0.380356,0.16466284,0.33571556,1.2847353,br,A9p1
CCGGTGACAACACACT-1,0.2949309,0.09701541,0.17884845,0.42920524,1.257308,awd,A9p2
CCGGTGAGTGGGAGAG-1,0.20021659,0.114058726,0.5100651,0.17565958,1.2185385,dpn,A9p1
CCGGTGATCACGGGAA-1,0.24513389,0.13447146,0.15473755,0.46565717,1.2590986,awd,A9p1
CCGGTGATCATGTCAG-1,0.16177946,0.5996574,0.20362188,0.034941237,1.0426059,br,A9p1
CCGGTGATCCTTACCG-1,0.19931327,0.08104982,0.5051094,0.21452752,1.2003268,dpn,A9p1
CCGGTGATCGGACTTA-1,0.08875808,0.3981328,0.2982046,0.21490449,1.2728753,br,A8
CCGGTGATCTGAGAGG-1,0.028007036,0.30113104,0.60888773,0.061974216,0.9359888,dpn,A9p1
CCGTAGGAGAATCGAT-1,0.05274088,0.13501301,0.804715,0.00753107,0.63718617,dpn,A8
CCGTAGGAGGAGAGTA-1,0.12944628,0.4363862,0.17547593,0.25869152,1.2816694,br,A9p1
CCGTAGGCAACACAAA-1,0.08876217,0.5236197,0.21595621,0.17166191,1.1872394,br,A10
CCGTAGGCACACGCCA-1,0.56024927,0.22139995,0.055517744,0.16283306,1.1144686,RpL6,A8
CCGTAGGCAGGCATGA-1,0.49108684,0.16970876,0.24909195,0.09011246,1.2133309,RpL6,A9p2
CCGTAGGGTACGGGAT-1,0.20833926,0.195375,0.25893897,0.33734682,1.3622581,awd,A9p2
CCGTAGGGTACTCCCT-1,0.07280439,0.5040281,0.38269415,0.040473334,1.0334549,br,A8
CCGTAGGGTGTTGACT-1,0.18079221,0.04060324,0.031444117,0.7471604,0.76587844,awd,A10
CCGTGAGAGGCGAAGG-1,0.21808662,0.2949351,0.45940185,0.027576428,1.1485896,dpn,A9p1
CCGTGAGAGTGTGTTC-1,0.2577402,0.19162719,0.20138212,0.34925047,1.3561769,awd,A8
CCGTGAGAGTTGCGAG-1,0.33068445,0.2147354,0.16064246,0.29393768,1.3499105,RpL6,A9p1
CCGTGAGAGTTTCGAC-1,0.4905391,0.11059953,0.22152585,0.1773355,1.2335356,RpL6,A9p2
CCGTGAGCACAATCTG-1,0.55847526,0.17436819,0.0686292,0.19852732,1.1347308,RpL6,A9p2
CCGTGAGGTTCGAACT-1,0.048367944,0.15312523,0.7368737,0.061633147,0.8305822,dpn,A10
CCGTGAGTCCACCTCA-1,0.18220201,0.13711835,0.29480705,0.38587257,1.3102001,awd,A10
CCGTGAGTCGGCCTTT-1,0.35083452,0.028847711,0.27764004,0.3426778,1.1925364,RpL6,A9p1
CCGTTCAAGAGAGAAC-1,0.49691316,0.06975286,0.102737695,0.33059624,1.1329594,RpL6,A10
CCGTTCAAGTGCACAG-1,0.19529153,0.22698066,0.17536327,0.40236446,1.3271502,awd,A9p2
CCGTTCACACTCTAGA-1,0.23645012,0.114229485,0.31697267,0.33234772,1.3190794,awd,A9p1
CCGTTCACAGCGGTTC-1,0.92088526,0.050720807,0.008839351,0.019554634,0.34585503,RpL6,A10
CCGTTCACATCATCCC-1,0.24848968,0.16275342,0.21274151,0.37601534,1.3385129,awd,A9p1
CCGTTCAGTAAGTTAG-1,0.15101041,0.59755653,0.22035775,0.031075334,1.0343215,br,A8
CCGTTCAGTCATAACC-1,0.06351117,0.063784085,0.6797245,0.19298024,0.9305254,dpn,A9p1
CCGTTCATCACACCCT-1,0.11677175,0.09733525,0.040750783,0.7451422,0.8271429,awd,A10
CCGTTCATCCCATGGG-1,0.20061956,0.07585405,0.17207113,0.5514552,1.1489296,awd,A8
CCGTTCATCGAGCTGC-1,0.8479668,0.011391266,0.068298675,0.07234319,0.5641181,RpL6,A9p2
CCGTTCATCGCCTTTG-1,0.04730479,0.44423753,0.20725271,0.30120507,1.192399,br,A9p1
CCGTTCATCTCTCGCA-1,0.40153906,0.41936162,0.057595517,0.12150382,1.1513213,br,A10
CCTAACCCAAGCACAG-1,0.35374957,0.16845207,0.21438998,0.26340833,1.3491867,RpL6,A9p2
CCTAACCCATGGAATA-1,0.23539537,0.06303648,0.14448597,0.5570822,1.1201676,awd,A10
CCTAACCGTGCATTAC-1,0.036180526,0.5634351,0.23664035,0.16374405,1.0806723,br,A9p1
CCTAACCTCGCCGAGT-1,0.06686361,0.48389092,0.43328127,0.015964232,0.96056026,br,A9p1
CCTAACCTCTTCGTAT-1,0.5031164,0.11142501,0.25443012,0.13102858,1.2046596,RpL6,A10
CCTAAGAAGACGCAGT-1,0.2151897,0.42064744,0.23380144,0.1303614,1.3002298,br,A9p2
CCTAAGAAGGCCATAG-1,0.2941329,0.06445732,0.06894907,0.5724607,1.0403848,awd,A9p2
CCTAAGAAGTATTAGG-1,0.5382769,0.088991575,0.15055111,0.2221804,1.1679685,RpL6,A9p2
CCTAAGAAGTGCGCTC-1,0.20041521,0.04000501,0.07519823,0.68438154,0.90503603,awd,A10
CCTAAGACAGGCACAA-1,0.41878593,0.10824302,0.09958874,0.3733823,1.2027347,RpL6,A9p1
CCTAAGAGTGGTTTAC-1,0.12472815,0.122507505,0.73518497,0.017579405,0.81405723,dpn,A9p1
CCTAAGATCGGCTTGG-1,0.3905201,0.27421832,0.08039188,0.25486973,1.2730515,RpL6,A10
CCTAAGATCTTGGTCC-1,0.1917565,0.027294392,0.6236743,0.15727487,1.0003548,dpn,A9p2
CCTACGTAGGTCACCC-1,0.08136026,0.1382523,0.6663958,0.11399172,0.9956974,dpn,A8
CCTACGTAGTCACGAG-1,0.45195645,0.18813825,0.2565827,0.10332261,1.2567921,RpL6,A9p1
CCTACGTCAAACTCTG-1,0.19243556,0.37514517,0.3888293,0.043589965,1.188799,dpn,A8
CCTACGTCAATTGCTG-1,0.18714748,0.24407448,0.30261326,0.26616478,1.3718662,dpn,A9p1
CCTACGTCACTTTAGG-1,0.23291576,0.029780617,0.28001145,0.4572922,1.1582564,awd,A9p2
CCTACGTCATCTTCGC-1,0.38920975,0.19894785,0.3008655,0.11097691,1.2938586,RpL6,A10
CCTACGTGTAAGAACT-1,0.19284698,0.2695569,0.18877268,0.3488234,1.3528825,awd,A9p2
CCTACGTGTAAGGCTG-1,0.0687642,0.18610455,0.6734936,0.07163761,0.95207435,dpn,A10
CCTACGTGTCATCTAG-1,0.87658775,0.093478896,0.0066055027,0.023327887,0.45783693,RpL6,A9p1
CCTACGTGTCTTGTCC-1,0.21077397,0.12873547,0.22420295,0.43628764,1.289185,awd,A9p2
CCTACGTGTGAATATG-1,0.15426968,0.2024652,0.16097142,0.4822937,1.2574215,awd,A9p2
CCTACGTGTGGATACG-1,0.17310591,0.24200416,0.24267662,0.34221333,1.3575565,awd,A10
CCTACGTTCTAGACAC-1,0.14562958,0.6035949,0.15066774,0.10010777,1.1008734,br,A8
CCTATCGAGAGATCGC-1,0.56474084,0.09323636,0.13440813,0.20761469,1.1400259,RpL6,A9p1
CCTATCGCATCCTCAC-1,0.08659182,0.49506646,0.29048225,0.12785944,1.1819965,br,A9p1
CCTCAACCAAGGCTTT-1,0.080375776,0.13672249,0.7029077,0.079994075,0.9245265,dpn,A9p1
CCTCAACCACCCTAGG-1,0.0668279,0.29840487,0.45222408,0.18254311,1.2110126,dpn,A8
CCTCAACCATAACCCA-1,0.29191807,0.28767326,0.24775822,0.17265041,1.3668098,RpL6,A10
CCTCAACCATGTGGTT-1,0.07001776,0.12934427,0.71959025,0.08104775,0.8911706,dpn,A9p1
CCTCAACGTAACGGTG-1,0.04442144,0.33225083,0.5067214,0.11660634,1.0994729,dpn,A8
CCTCAACGTACGCTTA-1,0.19629645,0.07959161,0.14033191,0.58378,1.1108148,awd,A8
CCTCAACGTCCGGTCA-1,0.0872125,0.53595614,0.25135663,0.12547466,1.1545599,br,A8
CCTCAACGTGTGTTTG-1,0.31737223,0.12211118,0.18524194,0.37527466,1.3011606,awd,A9p1
CCTCAACTCGTTCCTG-1,0.11380711,0.32562923,0.25722668,0.30333695,1.3238016,br,A10
CCTCACAAGATAGTCA-1,0.17898542,0.22410311,0.101306334,0.4956051,1.2229698,awd,A9p1
CCTCACAAGATTGTGA-1,0.35059324,0.13134564,0.108586185,0.40947494,1.2407844,awd,A8
CCTCACAAGCGTATAA-1,0.06510668,0.51095617,0.26620892,0.15772825,1.1645722,br,A9p1
CCTCACAAGCGTCTGC-1,0.62240314,0.20849343,0.08540434,0.08369917,1.0397524,RpL6,A8
CCTCACAAGGCCCGTT-1,0.051928986,0.13371496,0.8088657,0.005490389,0.6227948,dpn,A8
CCTCACACACCTCAGG-1,0.24985966,0.090822645,0.37960202,0.27971563,1.2884362,dpn,A9p1
CCTCACACATGGAAGC-1,0.9145448,0.054844588,0.0065074735,0.024103059,0.36348057,RpL6,A8
CCTCACAGTTTAAGGA-1,0.030604206,0.14938347,0.75060177,0.069410495,0.791219,dpn,A8
CCTCACATCATTTCGT-1,0.14236414,0.22109094,0.15113783,0.48540708,1.2476071,awd,A10
CCTCACATCGGCCCAA-1,0.18544585,0.109730415,0.0815029,0.6233209,1.0539265,awd,A10
CCTCACATCTAGCCAA-1,0.28753513,0.31781858,0.28486377,0.10978257,1.3229475,br,A9p1
CCTCACATCTCCTGCA-1,0.31797424,0.0700138,0.16261624,0.44939578,1.2053211,awd,A9p2
CCTCAGTCACATTCGA-1,0.15958594,0.33510143,0.27960548,0.2257071,1.3515328,br,A9p2
CCTCAGTGTATTGCCA-1,0.13720082,0.59053296,0.1927437,0.079522476,1.1022351,br,A9p1
CCTCAGTGTCTGATCA-1,0.23482898,0.0961791,0.18739957,0.48159236,1.2311325,awd,A10
CCTCAGTGTTACCCTC-1,0.18732713,0.16576666,0.22517051,0.42173567,1.3114884,awd,A9p1
CCTCAGTTCCCTAGGG-1,0.073364146,0.48857257,0.20990784,0.22815545,1.2064352,br,A8
CCTCATGAGAGGTTTA-1,0.090594165,0.36697048,0.2969925,0.24544287,1.2907627,br,A10
CCTCATGAGTGCAGCA-1,0.12354894,0.2407783,0.5966317,0.039041035,1.0359437,dpn,A9p1
CCTCATGCACAAGCCC-1,0.1163962,0.34979427,0.14340933,0.3904002,1.2634795,awd,A9p1
CCTCATGGTACAGAAT-1,0.07117852,0.5534004,0.2102109,0.16521017,1.1408473,br,A9p2
CCTCATGGTTCAAGTC-1,0.33122164,0.05248413,0.1432561,0.47303814,1.1531433,awd,A9p1
CCTCCAAAGGGTTAAT-1,0.046793878,0.06904864,0.07067464,0.8134829,0.6830381,awd,A10
CCTCCAACAGCTGCCA-1,0.0367496,0.146985,0.69407576,0.122189686,0.913563,dpn,A9p1
CCTCCAAGTAAGTCAA-1,0.17797264,0.29218924,0.5090914,0.020746786,1.0908022,dpn,A10
CCTCCAAGTGAATGTA-1,0.933911,0.032326933,0.009058361,0.02470363,0.3088311,RpL6,A8
CCTCCAAGTTTGTTCT-1,0.17123477,0.7002093,0.021025587,0.10753023,0.8727108,br,A10
CCTCCAATCAAGCTGT-1,0.32606837,0.08495545,0.18337804,0.4055981,1.251932,awd,A10
CCTCCTCAGGTTTACC-1,0.11545716,0.2809652,0.50348145,0.100096256,1.1818247,dpn,A9p1
CCTCCTCCAAAGGTTA-1,0.92461115,0.055078696,0.0065615736,0.01374853,0.32406497,RpL6,A9p1
CCTCCTCCAATGACCT-1,0.27324018,0.07364175,0.15685467,0.4962634,1.1848699,awd,A9p2
CCTCCTCGTATGGAAT-1,0.3749582,0.42078882,0.045286316,0.15896668,1.1645559,br,A10
CCTCCTCTCGTCAGAT-1,0.319144,0.26233935,0.21358904,0.20492765,1.3700871,RpL6,A9p1
CCTCCTCTCTGAGATC-1,0.55176973,0.2210551,0.08669859,0.14047652,1.1494647,RpL6,A8
CCTCTAGAGCCTAGGA-1,0.18426241,0.09580405,0.108844556,0.611089,1.0787324,awd,A9p1
CCTCTAGCAACCGCCA-1,0.08412312,0.41502845,0.21681425,0.28403425,1.2621738,br,A10
CCTCTAGCAGTGGGTA-1,0.43296447,0.08556149,0.17393889,0.30753508,1.239652,RpL6,A9p1
CCTCTAGGTCTTCATT-1,0.12501511,0.30122522,0.5198595,0.053900193,1.1188982,dpn,A8
CCTCTAGGTGTGACCC-1,0.30519503,0.08798915,0.123300515,0.48351535,1.1855094,awd,A8
CCTCTAGGTTGGAGAC-1,0.05141869,0.13870896,0.7933847,0.016487686,0.6779114,dpn,A8
CCTCTAGTCCTCACGT-1,0.113044545,0.026922386,0.09849558,0.7615375,0.7794955,awd,A9p2
CCTCTAGTCGATACAC-1,0.46733955,0.06716251,0.1108431,0.35465482,1.1483403,RpL6,A9p2
CCTCTCCCATTGTCGA-1,0.46275958,0.18139604,0.27318713,0.08265722,1.2267905,RpL6,A9p2
CCTCTCCGTAACAGGC-1,0.2918557,0.17843647,0.04511772,0.4845901,1.157817,awd,A9p1
CCTCTCCGTATCGCAT-1,0.29908153,0.11445413,0.19992629,0.3865381,1.2983484,awd,A10
CCTCTCCGTGGCTACC-1,0.095611826,0.47164094,0.39569375,0.037053492,1.0678599,br,A9p1
CCTCTCCTCGCGAAGA-1,0.26980078,0.264642,0.10338118,0.36217606,1.3077086,awd,A10
CCTCTCCTCTCATTGT-1,0.08729709,0.5862314,0.26590228,0.060569156,1.0479952,br,A8
CCTCTCCTCTTCTCAA-1,0.17569341,0.056057815,0.62305015,0.14519867,1.0420225,dpn,A8
CCTGCATAGCAGGTCA-1,0.04509756,0.051289923,0.8593386,0.04427391,0.5603853,dpn,A9p2
CCTGCATAGTTAACGA-1,0.21258715,0.3294609,0.19446859,0.26348338,1.3648345,br,A10
CCTGCATCACACCTAA-1,0.13480425,0.3710199,0.29615512,0.19802067,1.3190589,br,A9p1
CCTGCATGTAATGCGG-1,0.2193431,0.15385728,0.12911968,0.49767992,1.2323388,awd,A9p2
CCTGCATGTTGTGGCC-1,0.24266528,0.1487492,0.06483214,0.5437533,1.135737,awd,A10
CCTGCATGTTTGTTGG-1,0.4235487,0.13569985,0.09279816,0.3479532,1.2228413,RpL6,A9p1
CCTGCATTCTACGGTA-1,0.021861933,0.008979044,0.94784397,0.021315021,0.2586945,dpn,A9p1
CCTGTTGAGTCACAGG-1,0.49815673,0.11311727,0.042679705,0.3460463,1.0954871,RpL6,A10
CCTGTTGCAAGATCCT-1,0.20482393,0.099037625,0.51563436,0.18050413,1.2043276,dpn,A10
CCTGTTGCACGATAGG-1,0.16328624,0.5695424,0.12096144,0.14620987,1.1531479,br,A10
CCTGTTGCACTGTCGG-1,0.3291542,0.18034242,0.14531654,0.3451869,1.322131,awd,A10
CCTGTTGCATAATCGC-1,0.31394437,0.0045179846,0.032427717,0.64911,0.7798138,awd,A9p1
CCTGTTGGTGTCATGT-1,0.23967467,0.056962077,0.14348684,0.55987644,1.1089177,awd,A9p1
CCTGTTGTCCCTAGGG-1,0.26399142,0.47808626,0.23619989,0.02172234,1.128443,br,A8
CCTGTTGTCGCCTTGT-1,0.2994403,0.19360264,0.19007777,0.31687933,1.3587215,awd,A9p2
CCTGTTGTCGCTGTTC-1,0.04136017,0.69781256,0.058866706,0.20196056,0.87263805,br,A10
CCTGTTGTCGTGGACC-1,0.26143628,0.051317576,0.16218096,0.5250652,1.136411,awd,A10
CCTTCAGAGCTGTACT-1,0.16061248,0.49453837,0.105088666,0.23976044,1.2211064,br,A10
CCTTCAGCACCAGACC-1,0.38947523,0.053138833,0.12745452,0.42993143,1.1486855,awd,A10
CCTTCAGCAGATACTC-1,0.075856075,0.28179565,0.6143818,0.02796648,0.9518596,dpn,A9p1
CCTTCAGTCCTTCAGC-1,0.11578791,0.19306044,0.24542835,0.44572327,1.2721101,awd,A8
CCTTGTGAGACAGCTG-1,0.46288404,0.08896932,0.29607588,0.15207072,1.2185848,RpL6,A9p2
CCTTGTGCAGATAAAC-1,0.14572816,0.14955202,0.14715087,0.55756897,1.172539,awd,A9p1
CCTTGTGGTCAGTTTG-1,0.09919383,0.21966036,0.49243614,0.18870962,1.2256575,dpn,A10
CCTTGTGGTGTATTCG-1,0.031654183,0.5134524,0.3196834,0.13520999,1.0866845,br,A9p1
CCTTGTGTCATTTGGG-1,0.07299172,0.10327401,0.65180016,0.1719341,1.0072159,dpn,A9p1
CCTTGTGTCCATTGCC-1,0.18401489,0.5145612,0.14530122,0.15612267,1.2236003,br,A9p1
CCTTGTGTCCTTCAGC-1,0.15233943,0.23513784,0.24779181,0.36473095,1.3406069,awd,A10
CCTTGTGTCCTTGAAG-1,0.31850013,0.15738119,0.40250656,0.12161216,1.277943,dpn,A9p1
CCTTGTGTCGTTGTAG-1,0.3522124,0.07368123,0.06557165,0.50853467,1.0822418,awd,A9p2
CCTTTGGAGCTCCACG-1,0.03555539,0.10855996,0.7751039,0.080780685,0.76039827,dpn,A9p1
CCTTTGGAGGTACAGC-1,0.13894877,0.36776668,0.24403115,0.2492534,1.3325957,br,A8
CCTTTGGCAACCAACT-1,0.20461535,0.34373257,0.17433208,0.27732003,1.3519247,br,A9p1
CCTTTGGCAAGACTGG-1,0.45936182,0.14609611,0.34674644,0.047795694,1.1509584,RpL6,A10
CCTTTGGCATGGAACG-1,0.026642201,0.40192997,0.51589936,0.05552837,0.9649044,dpn,A9p1
CCTTTGGGTCGAGTTT-1,0.16500428,0.26237398,0.17879118,0.3938306,1.3231348,awd,A10
CCTTTGGGTGCAGATG-1,0.08353544,0.59407824,0.257263,0.065123364,1.0438956,br,A8
CCTTTGGGTGTTCATG-1,0.14125411,0.34584737,0.077172436,0.43572608,1.2033373,awd,A9p1
CCTTTGGTCACGTAGT-1,0.31084526,0.07242211,0.18924102,0.42749158,1.2316631,awd,A9p1
CCTTTGGTCCTACTGC-1,0.14847276,0.47544646,0.17983279,0.19624797,1.2647946,br,A9p1
CCTTTGGTCGCAAGAG-1,0.2236938,0.18191376,0.2523952,0.34199715,1.3594322,awd,A9p1
CCTTTGGTCGCGTTTC-1,0.12386694,0.16300884,0.12740259,0.5857217,1.1302013,awd,A9p2
CGAAGGAAGCATCTTG-1,0.43324438,0.16911209,0.19560672,0.20203686,1.3052137,RpL6,A9p2
CGAAGGAAGTCGAAAT-1,0.21786556,0.18437757,0.18879476,0.4089622,1.3241456,awd,A9p2
CGAAGGACACCGAATT-1,0.13604696,0.0688448,0.068430476,0.7266778,0.8711364,awd,A10
CGAAGGACAGACCAAG-1,0.48848325,0.28052026,0.07845106,0.15254542,1.1930557,RpL6,A9p2
CGAAGGAGTAACAGTA-1,0.22791697,0.04825706,0.3400917,0.38373426,1.2176602,awd,A10
CGAAGGAGTCGAAGCA-1,0.372193,0.448433,0.1630103,0.016363671,1.0904858,br,A8
CGAAGGAGTGCATTAC-1,0.06282467,0.5946286,0.317541,0.025005823,0.93946457,br,A8
CGAAGTTAGCACCGTC-1,0.23814319,0.055068396,0.05086121,0.6559271,0.92946696,awd,A8
CGAAGTTAGGTTATAG-1,0.07834968,0.08110681,0.09518584,0.74535763,0.84618646,awd,A8
CGAAGTTAGTACAGCG-1,0.22179677,0.05729545,0.09025206,0.63065577,1.0056617,awd,A9p1
CGAAGTTCAAGGCCTC-1,0.10777433,0.4561155,0.25920355,0.17690663,1.2545328,br,A8
CGAAGTTGTGCTTCAA-1,0.074912675,0.24506004,0.42722094,0.2528063,1.249721,dpn,A9p1
CGAAGTTGTTATGTGC-1,0.24108076,0.14169337,0.05415258,0.5630733,1.1011535,awd,A9p2
CGAATTGAGACGCAGT-1,0.17550923,0.18250476,0.11462262,0.52736336,1.2015609,awd,A9p2
CGAATTGAGGCACTAG-1,0.231961,0.068054214,0.11486988,0.58511496,1.0839944,awd,A9p1
CGAATTGCATCGCTGG-1,0.4982312,0.12289879,0.12721254,0.25165746,1.214265,RpL6,A9p1
CGAATTGGTTCGAGCC-1,0.435455,0.20688011,0.120446585,0.2372183,1.2842199,RpL6,A10
CGAATTGTCCTACCAC-1,0.40745583,0.22519144,0.07574785,0.2916049,1.256356,RpL6,A9p1
CGAATTGTCGACGCGT-1,0.082968116,0.06461117,0.84578997,0.0066307425,0.5584427,dpn,A9p1
CGAATTGTCGCGTGAC-1,0.09076532,0.54641217,0.20941952,0.153403,1.1630232,br,A9p1
CGAATTGTCGCGTGCA-1,0.3309389,0.07217034,0.17215447,0.4247363,1.2222537,awd,A9p2
CGAATTGTCTATACTC-1,0.20357537,0.16461499,0.26509023,0.3667194,1.3408582,awd,A9p2
CGAATTGTCTGCGGGT-1,0.09813737,0.17228583,0.653672,0.07590479,1.0044086,dpn,A9p1
CGACAGCAGATGACAT-1,0.12542449,0.5130667,0.25241405,0.10909476,1.1919806,br,A9p1
CGACAGCCATATACCG-1,0.19147804,0.29471415,0.1018648,0.41194302,1.2745869,awd,A9p1
CGACAGCGTAACTAAG-1,0.44413325,0.24538825,0.26641175,0.044066746,1.1951861,RpL6,A9p2
CGACAGCGTGTCCACG-1,0.32154182,0.25185677,0.13969423,0.2869072,1.3453056,RpL6,A9p1
CGACAGCGTTGTGCAT-1,0.075961165,0.52882326,0.37448496,0.020730646,0.9808817,br,A9p2
CGACAGCTCCTACTGC-1,0.30585876,0.06307602,0.12679039,0.50427485,1.143729,awd,A10
CGAGAAGAGGTCGTCC-1,0.07276277,0.0640869,0.41043893,0.4527114,1.0910397,awd,A9p1
CGAGAAGAGGTGGTTG-1,0.13016517,0.36804166,0.049092166,0.452701,1.1400225,awd,A10
CGAGAAGCACATGAAA-1,0.47887275,0.24529053,0.068796344,0.20704035,1.2075099,RpL6,A9p1
CGAGAAGCACTTTATC-1,0.36188576,0.16099758,0.31953856,0.15757814,1.3176033,RpL6,A8
CGAGAAGCAGGGCTTC-1,0.47820923,0.17436962,0.10415801,0.24326319,1.2367973,RpL6,A9p1
CGAGAAGGTCCACTCT-1,0.36596644,0.34686825,0.09163146,0.19553386,1.2732551,RpL6,A9p1
CGAGAAGGTGGATCGA-1,0.23244575,0.20399418,0.121998176,0.4415619,1.281046,awd,A9p2
CGAGAAGGTTTAGAGA-1,0.42500538,0.16541517,0.102637686,0.3069418,1.2574762,RpL6,A9p2
CGAGGAAAGAAACACT-1,0.59667414,0.045064967,0.092776015,0.26548493,1.0204653,RpL6,A10
CGAGGAAAGAGTGTTA-1,0.1026064,0.36847317,0.45733985,0.07158056,1.1480418,dpn,A9p1
CGAGGAAAGCTAGTTC-1,0.19633102,0.3802679,0.09640557,0.32699552,1.2783204,br,A10
CGAGGAACACCTAAAC-1,0.13396485,0.43207392,0.38661903,0.047342177,1.1436921,br,A9p1
CGAGGAACACCTGAAT-1,0.08851848,0.23554827,0.51420695,0.16172624,1.1918372,dpn,A8
CGAGGAAGTCACCCTT-1,0.35086197,0.24978043,0.13648987,0.26286772,1.3370073,RpL6,A9p1
CGAGGAAGTGTGAATA-1,0.18539941,0.109261036,0.14941716,0.5559224,1.1647894,awd,A9p2
CGAGGAAGTTATGTCG-1,0.2958154,0.56676966,0.029832859,0.10758211,1.0267539,br,A8
CGAGGAATCACAATGC-1,0.5525421,0.09672586,0.1316346,0.21909742,1.1532826,RpL6,A8
CGAGGAATCTTGAACG-1,0.22613426,0.0830152,0.16975321,0.52109736,1.1834825,awd,A9p1
CGAGGCTAGAAGAACG-1,0.06996107,0.6435375,0.24457467,0.041926768,0.947142,br,A8
CGAGGCTAGACGCATG-1,0.06845196,0.20019296,0.1038509,0.62750417,1.0331889,awd,A9p2
CGAGGCTAGAGTCCGA-1,0.06567069,0.18627945,0.7428496,0.005200234,0.74004096,dpn,A9p1
CGAGGCTCATGAAGGC-1,0.10118473,0.19388455,0.11606969,0.588861,1.1116648,awd,A9p2
CGAGGCTCATGTCTAG-1,0.5734596,0.37141094,0.033459827,0.021669647,0.88345635,RpL6,A9p1
CGAGGCTGTAGGCAAC-1,0.29307282,0.24246445,0.07767212,0.38679057,1.2691201,awd,A10
CGAGGCTTCAGGTGTT-1,0.39720258,0.12293395,0.12736024,0.3525032,1.2544329,RpL6,A9p1
CGAGTGCCACGACGTC-1,0.2562622,0.14115024,0.12539,0.47719753,1.2386703,awd,A10
CGAGTGCCAGATTCGT-1,0.45027924,0.14550318,0.23335601,0.17086157,1.2812108,RpL6,A9p2
CGAGTGCGTCTGTCCT-1,0.11565239,0.18278705,0.05594083,0.64561975,1.0039065,awd,A9p2
CGAGTGCTCACGAGGA-1,0.037812114,0.53873074,0.34162742,0.081829764,1.0288146,br,A9p1
CGAGTTAAGACGATAT-1,0.15058108,0.25154144,0.3981745,0.19970301,1.3206238,dpn,A8
CGAGTTAAGGACAACC-1,0.07173571,0.35968652,0.45595062,0.112627216,1.1608255,dpn,A9p2
CGAGTTACAAGCAGGT-1,0.11669975,0.22365056,0.4740073,0.18564236,1.2521148,dpn,A9p1
CGAGTTACACAAGCCC-1,0.25664246,0.07072051,0.20159273,0.47104433,1.2138476,awd,A9p2
CGAGTTACAGCTACTA-1,0.4779281,0.091964655,0.308163,0.12194425,1.1916528,RpL6,A10
CGAGTTACAGGATTCT-1,0.27000383,0.057101205,0.3406327,0.3322623,1.2499392,dpn,A9p2
CGAGTTACAGTCGGTC-1,0.13564263,0.79351634,0.009235301,0.061605614,0.66946274,br,A10
CGAGTTAGTACGAGCA-1,0.046537276,0.7853383,0.14972244,0.01840194,0.6903628,br,A8
CGAGTTAGTCGATGCC-1,0.42728755,0.17587288,0.16357936,0.23326021,1.3046749,RpL6,A9p2
CGAGTTATCTGCTGAA-1,0.1390112,0.08620737,0.7189833,0.05579818,0.88383055,dpn,A10
CGATCGGCAGCAGTCC-1,0.96202606,0.031072048,0.0015252032,0.005376737,0.18309756,RpL6,A10
CGATCGGTCGCTAAAC-1,0.6254448,0.091040865,0.17567572,0.107838504,1.0573807,RpL6,A9p1
CGATGCGAGAGGTCGT-1,0.56700253,0.16267855,0.07096941,0.19934948,1.1263734,RpL6,A8
CGATGCGAGCTGAGTG-1,0.085608855,0.1739483,0.59966576,0.14077714,1.097322,dpn,A10
CGATGCGCATACCGTA-1,0.26101488,0.21067046,0.14763518,0.38067946,1.3287873,awd,A10
CGATGCGGTAGTCTTG-1,0.07862437,0.32730946,0.37443444,0.21963173,1.2662427,dpn,A10
CGATGCGGTTCGAAGG-1,0.373318,0.071721725,0.119483136,0.43547714,1.1726928,awd,A9p2
CGATGCGTCGGTCATA-1,0.036876433,0.19308232,0.6935607,0.0764805,0.8896448,dpn,A9p1
CGATGGCAGACGGATC-1,0.09064336,0.2625793,0.53927416,0.10750324,1.1415163,dpn,A9p1
CGATGGCAGATGGTAT-1,0.883915,0.09549635,0.0041363603,0.01645232,0.42363387,RpL6,A10
CGATGGCAGCGATGGT-1,0.13501365,0.28104258,0.44690597,0.1370378,1.2593653,dpn,A9p1
CGATGGCCAACGGCTC-1,0.06966581,0.5042791,0.39616084,0.029894339,1.0025861,br,A9p2
CGATGGCCAGGTTCCG-1,0.11088107,0.40560246,0.18037972,0.3031368,1.2806187,br,A9p1
CGATGGCGTATCGCGC-1,0.31034672,0.16938674,0.2710958,0.2491707,1.3639926,RpL6,A10
CGATGGCTCGGCAGTC-1,0.2675977,0.15730914,0.20056027,0.3745329,1.333764,awd,A9p2
CGCAGGTCAACACAGG-1,0.0520927,0.17358874,0.6891694,0.08514916,0.9241933,dpn,A9p1
CGCAGGTCAGCCTACG-1,0.08874832,0.2232501,0.4363772,0.25162438,1.2587601,dpn,A8
CGCAGGTGTACTTGTG-1,0.16242105,0.14347643,0.57259774,0.12150476,1.1491544,dpn,A9p2
CGCAGGTGTATCGCAT-1,0.24309635,0.20238744,0.40616357,0.14835271,1.3161731,dpn,A8
CGCAGGTGTCACTCGG-1,0.08877484,0.38445655,0.25403118,0.27273747,1.2849447,br,A8
CGCAGGTGTCGAACGA-1,0.17307653,0.17230646,0.5075245,0.14709252,1.2327172,dpn,A8
CGCAGGTGTTCTCTAT-1,0.49501213,0.03573406,0.1903407,0.27891308,1.1390278,RpL6,A9p1
CGCAGGTTCCATGAGT-1,0.074107856,0.52768433,0.39382395,0.004383918,0.920961,br,A8
CGCAGGTTCCGAGAAG-1,0.26788613,0.18531184,0.15540424,0.39139777,1.3217041,awd,A9p1
CGCATAAAGCATCAAA-1,0.7565016,0.21250448,0.008411466,0.022582475,0.66601956,RpL6,A9p2
CGCATAAAGGCCACCT-1,0.16025597,0.16090618,0.079570144,0.5992677,1.0956453,awd,A9p2
CGCATAACAATCCTTT-1,0.138263,0.11794178,0.29972404,0.44407114,1.2472942,awd,A9p1
CGCATAACAATCGAAA-1,0.08341851,0.5816615,0.21392575,0.12099422,1.1078268,br,A8
CGCATAACAGCGCGTT-1,0.17785846,0.10213157,0.3249388,0.3950712,1.2723007,awd,A10
CGCATAACAGCTATAC-1,0.30817455,0.38176125,0.050342713,0.25972152,1.2309813,br,A10
CGCATAAGTGTTATCG-1,0.039047435,0.3116401,0.21784593,0.4314665,1.184639,awd,A8
CGCATAATCAGAGTGG-1,0.05753011,0.5992194,0.10202292,0.24122758,1.0470532,br,A9p2
CGCATGGAGACACACG-1,0.14963543,0.20069553,0.26340932,0.38625973,1.3253787,awd,A8
CGCATGGAGAGTTGCG-1,0.037023176,0.44005445,0.5130111,0.009911312,0.87140274,dpn,A9p1
CGCATGGAGCTGGAGT-1,0.26767716,0.2684176,0.13309696,0.33080825,1.3401763,awd,A8
CGCATGGAGGTTAAAC-1,0.27303705,0.25301188,0.12800683,0.34594423,1.3325136,awd,A9p2
CGCATGGCATCTCCCA-1,0.1785083,0.5379504,0.25425622,0.02928514,1.0926925,br,A9p1
CGCATGGGTAAGTTAG-1,0.19374779,0.3145438,0.23740505,0.25430337,1.3713746,br,A10
CGCATGGGTGTAGTGG-1,0.3383429,0.29255816,0.102376424,0.2667225,1.3120537,RpL6,A9p2
CGCATGGGTTAAGACA-1,0.105288744,0.07105221,0.08150846,0.74215055,0.85055363,awd,A10
CGCCAGACACCGTGCA-1,0.07488454,0.3150969,0.4642913,0.14572722,1.1948816,dpn,A9p2
CGCCAGAGTAGAATAC-1,0.3099817,0.25509486,0.1654225,0.26950094,1.3625557,RpL6,A10
CGCCAGAGTATGCAAA-1,0.26228252,0.083437294,0.28164643,0.37263376,1.2829751,awd,A9p1
CGCCAGAGTATTTCGG-1,0.3155759,0.12122799,0.18158355,0.3816125,1.2971873,awd,A9p1
CGCCAGAGTGAATGAT-1,0.20757857,0.2046385,0.19108559,0.39669737,1.3340578,awd,A9p1
CGCCAGAGTTGCAACT-1,0.20119762,0.04812516,0.08021076,0.6704665,0.9390429,awd,A9p1
CGCCAGAGTTTACGAC-1,0.38647702,0.11587006,0.14611767,0.35153526,1.2656955,RpL6,A10
CGCCAGATCCATAGGT-1,0.03578304,0.66232616,0.15272412,0.14916675,0.9628495,br,A10
CGCCATTAGACGGATC-1,0.1964103,0.38782728,0.12930763,0.28645483,1.3096408,br,A10
CGCCATTCAGAGTTGG-1,0.83666503,0.11708746,0.009019744,0.037227813,0.56531054,RpL6,A9p2
CGCGTGACAAGGTCGA-1,0.1381766,0.49459153,0.27428722,0.09294456,1.1973116,br,A9p1
CGCGTGACACTTGACA-1,0.35196143,0.13977632,0.22714315,0.2811191,1.335969,RpL6,A9p2
CGGAACCAGTTCGGTT-1,0.080162436,0.2055954,0.6542879,0.059954226,0.97380173,dpn,A9p1
CGGAACCCAACCAACT-1,0.23128206,0.11469998,0.18505575,0.46896222,1.2543204,awd,A9p1
CGGAACCCATGTAACC-1,0.44047195,0.08037683,0.13314937,0.34600192,1.1994616,RpL6,A10
CGGAACCGTGAAGCTG-1,0.5207955,0.12307609,0.09808703,0.25804144,1.1749047,RpL6,A10
CGGAACCTCCAATGCA-1,0.3275596,0.1792089,0.4287746,0.06445682,1.2135026,dpn,A10
CGGAACCTCGGAATGG-1,0.10266209,0.3655644,0.3430434,0.1887301,1.2832803,br,A8
CGGAACCTCTGTGTGA-1,0.11093269,0.5454622,0.33560482,0.008000379,0.9795872,br,A9p1
CGGAACCTCTTGAGCA-1,0.20506902,0.24746491,0.2614894,0.28597668,1.3792449,awd,A9p1
CGGAATTCATGTGTCA-1,0.19324948,0.442411,0.30506238,0.05927707,1.2081227,br,A9p1
CGGAATTTCGTGGACC-1,0.033637144,0.10374749,0.75841576,0.10419958,0.7945335,dpn,A8
CGGAATTTCTCCGAGG-1,0.077603,0.11538078,0.039982636,0.7670336,0.7796844,awd,A10
CGGACACAGCACTCAT-1,0.24410965,0.10465283,0.15666158,0.49457595,1.2190478,awd,A9p2
CGGACACAGTCGAGGT-1,0.09948351,0.52681243,0.36016306,0.01354094,0.99327576,br,A8
CGGACACCAGCGATTT-1,0.17483401,0.18169002,0.12841304,0.515063,1.2200551,awd,A10
CGGACACCATCCAATG-1,0.42579427,0.105650336,0.14011003,0.3284454,1.2420527,RpL6,A10
CGGACACGTTGTCAGT-1,0.09753549,0.53793997,0.18831839,0.17620616,1.180877,br,A8
CGGACACTCGGTCTAA-1,0.11299681,0.46539804,0.38033643,0.041268747,1.1015643,br,A8
CGGACACTCGTGAGAG-1,0.3441718,0.17665866,0.20382428,0.27534524,1.3526455,RpL6,A9p2
CGGACACTCTAAGCCA-1,0.40676013,0.11943449,0.15690896,0.31689644,1.274471,RpL6,A10
CGGAGAAAGAATCCCT-1,0.16517259,0.17104545,0.26445776,0.39932415,1.317794,awd,A10
CGGAGAAAGTGATAAC-1,0.36350572,0.31153193,0.080021605,0.24494079,1.2778374,RpL6,A9p2
CGGAGAATCTGTGCTC-1,0.08750843,0.31852335,0.42041188,0.17355634,1.2458186,dpn,A9p1
CGGCAGTCACCAGCCA-1,0.41493502,0.20382582,0.1777312,0.20350797,1.3201959,RpL6,A9p1
CGGGACTAGCACTCCG-1,0.12523605,0.07424046,0.3306443,0.4698792,1.1740613,awd,A9p1
CGGGACTGTACACTCA-1,0.26786798,0.3012026,0.32109442,0.10983499,1.3216574,dpn,A8
CGGGACTGTTAGGCTT-1,0.2729798,0.33980486,0.25849894,0.12871645,1.3348062,br,A8
CGGGACTTCCGTGACG-1,0.22310992,0.5582798,0.20126593,0.017344361,1.0530812,br,A9p2
CGGGCATAGATCCCGC-1,0.40702033,0.12386298,0.19267413,0.27644256,1.2972888,RpL6,A9p2
CGGGCATAGGACAACC-1,0.13453774,0.30945963,0.027923247,0.52807933,1.0699453,awd,A10
CGGGCATCATACATCG-1,0.26691195,0.17981702,0.12148655,0.43178448,1.2797927,awd,A9p1
CGGGCATGTGGCATCC-1,0.23906851,0.5893439,0.034658298,0.13692932,1.042505,br,A9p1
CGGGCATTCTTGGTCC-1,0.111723356,0.228294,0.3002101,0.35977256,1.3111093,awd,A9p1
CGGGTCAAGCCGTTGC-1,0.28990212,0.3981823,0.10736781,0.20454781,1.2898232,br,A8
CGGGTCAGTCAGTTTG-1,0.18847822,0.4537823,0.34875113,0.008988349,1.0828027,br,A9p2
CGGGTCAGTCGGATTT-1,0.3584126,0.10861851,0.13288604,0.40008283,1.2435887,awd,A9p2
CGGGTCAGTCGTCAGC-1,0.11879653,0.36680564,0.29877612,0.21562171,1.3127081,br,A9p1
CGGGTGTCAAGCACAG-1,0.18508303,0.22620867,0.18818551,0.40052286,1.3292427,awd,A9p2
CGGGTGTCACCTTCGT-1,0.17346206,0.23176074,0.1576344,0.4371428,1.2956755,awd,A9p2
CGGGTGTGTCATAAAG-1,0.92937064,0.042632706,0.005631107,0.022365507,0.3167463,RpL6,A9p1
CGGGTGTGTCATTCCC-1,0.4621118,0.295235,0.09556505,0.1470882,1.2232175,RpL6,A10
CGGGTGTGTCGGCCTA-1,0.21331656,0.16904104,0.1209314,0.49671102,1.2331024,awd,A10
CGGGTGTGTGCGGATA-1,0.36617807,0.41093576,0.07856576,0.14432044,1.2125492,br,A9p2
CGGGTGTTCCGAACGC-1,0.36590835,0.09646448,0.15837453,0.37925264,1.253021,awd,A9p1
CGGGTGTTCTTTCTAG-1,0.025299871,0.22425693,0.22391744,0.5265258,1.1011124,awd,A10
CGGTCAGAGTAAGCAT-1,0.04204848,0.27026007,0.50054586,0.18714553,1.1468863,dpn,A10
CGGTCAGCAAGTGACG-1,0.11122099,0.37351754,0.4745573,0.04070415,1.0961375,dpn,A8
CGGTCAGCAGCTTCCT-1,0.12095295,0.44409448,0.22331327,0.21163934,1.2794104,br,A9p1
CGGTCAGCATCGAACT-1,0.15340605,0.20079133,0.5352016,0.11060105,1.1880386,dpn,A8
CGGTCAGCATTAGGCT-1,0.12822667,0.2069092,0.5669473,0.09791684,1.1386118,dpn,A10
CGGTCAGGTAACCAGG-1,0.23426846,0.42004973,0.30325714,0.04242468,1.2002362,br,A8
CGGTCAGGTCAATCTG-1,0.12712473,0.2798397,0.102040224,0.49099538,1.2007428,awd,A10
CGGTCAGTCATGGAGG-1,0.3003209,0.07788627,0.091904484,0.5298884,1.115965,awd,A9p2
CGGTCAGTCCATAGAC-1,0.32932603,0.20073417,0.16970591,0.30023387,1.3503633,RpL6,A9p2
CGGTCAGTCTGTCCGT-1,0.1180493,0.014382914,0.044751823,0.822816,0.61273336,awd,A9p2
CGTAAGTAGGAACGCT-1,0.060198307,0.2935767,0.6135534,0.032671615,0.94046754,dpn,A10
CGTAAGTAGGTTCAGG-1,0.33350328,0.21806467,0.20706695,0.24136509,1.3674835,RpL6,A9p2
CGTAAGTCAGCCTACG-1,0.20469713,0.08309046,0.21846898,0.49374345,1.2121798,awd,A9p2
CGTAAGTTCATGGTAC-1,0.32039043,0.25495234,0.2750177,0.14963946,1.352381,RpL6,A8
CGTAAGTTCCATGATG-1,0.2347009,0.2933518,0.2705785,0.20136885,1.3763628,br,A9p2
CGTAATGAGTCATCGT-1,0.046843592,0.7682483,0.16314343,0.021764658,0.7250312,br,A8
CGTAATGGTAAGCGGT-1,0.07058827,0.097036205,0.37517023,0.4572053,1.1391022,awd,A10
CGTAATGGTCTAGGCC-1,0.20552102,0.42531392,0.04714,0.32202503,1.1976799,br,A9p2
CGTAATGGTCTGCGCA-1,0.04948947,0.16955495,0.6739848,0.106970794,0.9546738,dpn,A9p1
CGTAATGGTGGCTGCT-1,0.27462623,0.15203479,0.19808806,0.3752509,1.3298106,awd,A9p2
CGTAATGTCAGTGCGC-1,0.3174213,0.5101121,0.04381428,0.12865233,1.10848,br,A10
CGTAATGTCTGAGGCC-1,0.18263963,0.5109477,0.23397823,0.07243442,1.183632,br,A8
CGTAGTAGTTCTTGCC-1,0.17427625,0.03482093,0.7132225,0.07768037,0.8609202,dpn,A10
CGTAGTATCAACCCGG-1,0.038971335,0.34288043,0.31473804,0.30341023,1.2191793,br,A8
CGTAGTATCACTCCGT-1,0.5272911,0.090220496,0.16425112,0.21823734,1.1833842,RpL6,A9p2
CGTAGTATCCTCCACA-1,0.3286918,0.11907609,0.2072915,0.34494063,1.3124559,awd,A9p1
CGTAGTATCGGTGAAG-1,0.0647272,0.1968729,0.72988325,0.008516644,0.7675595,dpn,A9p1
CGTAGTATCTCCTGAC-1,0.59584427,0.08717853,0.011448308,0.30552888,0.93465364,RpL6,A9p1
CGTCAAAAGTCCTGCG-1,0.083088316,0.16335896,0.62605804,0.12749465,1.0584749,dpn,A9p2
CGTCAAACACAAGCTT-1,0.049542118,0.10141656,0.6986776,0.15036373,0.91638017,dpn,A9p1
CGTCAAACACCAGCGT-1,0.1253856,0.26150432,0.5300498,0.08306025,1.1542397,dpn,A8
CGTCAAAGTACACGTT-1,0.09542986,0.35199586,0.3562687,0.19630557,1.279027,dpn,A9p1
CGTCAAAGTGAATGTA-1,0.83866364,0.12079556,0.0063577257,0.034183063,0.5504402,RpL6,A10
CGTCAAAGTTTCGTAG-1,0.0849836,0.23969463,0.5800247,0.09529706,1.0918378,dpn,A9p1
CGTCAAATCGTTCAGA-1,0.34416547,0.12541106,0.16017048,0.370253,1.2886981,awd,A9p1
CGTCCATCATCGTCCT-1,0.11390107,0.41472378,0.30804354,0.1633316,1.2711356,br,A9p1
CGTCCATGTTCCTAGA-1,0.032575622,0.09921363,0.73205966,0.13615105,0.84058464,dpn,A10
CGTCCATTCACCTTAT-1,0.12390211,0.4556323,0.3401701,0.080295555,1.1862161,br,A9p1
CGTCCATTCAGTCATG-1,0.5931743,0.10048911,0.17579606,0.13054052,1.1120889,RpL6,A8
CGTCCATTCCGAGGCT-1,0.09077263,0.55749273,0.2756294,0.07610525,1.0947685,br,A9p2
CGTGAATAGACAGCTG-1,0.13579103,0.16253468,0.24195398,0.45972028,1.2670293,awd,A8
CGTGAATAGCAGATAT-1,0.16544606,0.35103947,0.1817999,0.30171454,1.3366218,br,A8
CGTGAATAGTTTCAGC-1,0.07996176,0.47542083,0.25347805,0.19113933,1.2196828,br,A9p1
CGTGAATCAAGGCCTC-1,0.114321284,0.34190342,0.32771716,0.21605812,1.3115221,br,A9p2
CGTGAATCACGCGTGT-1,0.17059582,0.43851936,0.34704536,0.04383941,1.1675591,br,A10
CGTGAATGTACAGAAT-1,0.41642836,0.19353251,0.115636505,0.27440268,1.2869579,RpL6,A9p1
CGTGAATGTACGAGTG-1,0.11704998,0.17105845,0.14129443,0.57059705,1.1497831,awd,A9p2
CGTGAATGTCTACGTA-1,0.18126279,0.32690793,0.45749438,0.034334913,1.1485897,dpn,A8
CGTGATAAGATAACGT-1,0.4828492,0.11465016,0.1473506,0.25515005,1.2305342,RpL6,A10
CGTGATAAGTATTAGG-1,0.34415674,0.10285508,0.15414236,0.3988458,1.2558734,awd,A9p1
CGTGATACACATAACC-1,0.15207165,0.22703588,0.5195611,0.10133142,1.1952038,dpn,A8
CGTGATACATCGATGT-1,0.30188772,0.08906264,0.09616432,0.5128854,1.1446041,awd,A10
CGTGATATCCCGAACG-1,0.12188699,0.49200317,0.34219098,0.04391884,1.1097193,br,A9p2
CGTGCTTAGCTGAGCA-1,0.14129122,0.28154147,0.5359818,0.041185606,1.0989804,dpn,A9p1
CGTGCTTAGTGGCGAT-1,0.112234384,0.27941224,0.48229626,0.12605715,1.2145003,dpn,A9p1
CGTGCTTCAATCAAGA-1,0.10329136,0.25326812,0.39177307,0.2516674,1.296639,dpn,A9p1
CGTGCTTCACTGTTCC-1,0.080685586,0.48068038,0.28755382,0.15108025,1.1991496,br,A9p2
CGTGCTTCATGGCGCT-1,0.23372701,0.13173454,0.45018026,0.18435812,1.2777861,dpn,A9p2
CGTGCTTGTCCCGCAA-1,0.034927685,0.39457306,0.52924585,0.041253436,0.9523748,dpn,A9p1
CGTGCTTGTGAATGTA-1,0.26821694,0.085278384,0.11801782,0.52848685,1.1521342,awd,A9p2
CGTGCTTGTGACCTGC-1,0.40393338,0.24668366,0.14453524,0.20484777,1.3157866,RpL6,A10
CGTGCTTTCCATCCGT-1,0.27470136,0.28282166,0.3494953,0.09298179,1.3003966,dpn,A9p1
CGTGTCTCAAGTGGTG-1,0.30940968,0.32544366,0.17083786,0.19430874,1.3485118,br,A9p1
CGTGTCTTCCAAAGGG-1,0.16069734,0.35248658,0.19893938,0.2878767,1.341054,br,A8
CGTGTCTTCGCGCTGA-1,0.0638094,0.16467892,0.63722354,0.13428815,1.0294094,dpn,A9p1
CGTTAGAAGCAATAGT-1,0.139706,0.047670238,0.58715785,0.22546586,1.0685432,dpn,A9p1
CGTTAGAGTAGACTGG-1,0.15817596,0.17773208,0.19596922,0.46812272,1.2734191,awd,A9p1
CGTTAGAGTCCTTGTC-1,0.041584224,0.16903949,0.73589206,0.053484254,0.81502664,dpn,A10
CGTTAGAGTGCCCAGT-1,0.074603006,0.20076147,0.34823796,0.37639758,1.2511148,awd,A10
CGTTAGAGTTGGAGGT-1,0.09888161,0.35819355,0.43414915,0.10877571,1.2001014,dpn,A8
CGTTAGATCAAGAGGC-1,0.2066797,0.45415872,0.20587936,0.13328221,1.2783065,br,A9p1
CGTTAGATCCGGGACT-1,0.067314446,0.625459,0.26562312,0.04160343,0.95956033,br,A10
CGTTAGATCCTCGCAT-1,0.10641094,0.49747598,0.11806423,0.27804887,1.1938881,br,A9p2
CGTTCTGAGACCATAA-1,0.27500173,0.11842447,0.10474051,0.5018333,1.1900078,awd,A10
CGTTCTGAGTCAGCGA-1,0.11306561,0.18883955,0.6422062,0.055888545,1.0068307,dpn,A9p1
CGTTCTGGTGCTGCAC-1,0.3981658,0.35875538,0.058526803,0.184552,1.2124064,RpL6,A10
CGTTCTGTCATCCTAT-1,0.041275635,0.1506298,0.18065308,0.6274415,1.0182799,awd,A9p2
CGTTCTGTCCTAGCGG-1,0.31184253,0.092758104,0.17028895,0.42511034,1.2490308,awd,A9p2
CGTTCTGTCGTGGTAT-1,0.1295506,0.04677258,0.10045038,0.7232264,0.8731929,awd,A9p2
CGTTGGGAGACCTGGA-1,0.43769595,0.19092199,0.14713019,0.22425191,1.2950028,RpL6,A9p1
CGTTGGGAGACTCCGC-1,0.15567055,0.18862951,0.6495731,0.0061268304,0.91564614,dpn,A9p1
CGTTGGGCACTTTAGG-1,0.07181813,0.38252938,0.511752,0.033900518,1.0142939,dpn,A9p1
CGTTGGGGTTCGTTCC-1,0.6431158,0.10042302,0.108132385,0.14832872,1.0382885,RpL6,A10
CGTTGGGTCCAGTACA-1,0.45133945,0.03784979,0.07503414,0.4357766,1.0392733,RpL6,A9p2
CGTTGGGTCGGCTATA-1,0.081306025,0.18328062,0.7190644,0.016349038,0.8194231,dpn,A9p2
CTAACCCAGCTCTTCC-1,0.3996804,0.06341764,0.17995037,0.3569516,1.2177935,RpL6,A10
CTAACCCCACGTGTGC-1,0.37715247,0.24652958,0.12554775,0.25077015,1.3203626,RpL6,A9p1
CTAACCCCACTATCCC-1,0.10177193,0.37512505,0.18482737,0.33827564,1.2790648,br,A9p2
CTAACCCGTATACCTG-1,0.20593475,0.11859159,0.12618169,0.54929197,1.1685576,awd,A9p1
CTAACCCTCGACGATT-1,0.39206326,0.053835303,0.16158845,0.39251298,1.1859989,awd,A10
CTAACTTAGAAGTATC-1,0.32284367,0.22101891,0.3600536,0.09608382,1.2915078,dpn,A9p1
CTAACTTAGTCCTACA-1,0.3028758,0.18222173,0.20025595,0.3146465,1.3578737,awd,A9p2
CTAACTTAGTCTGTAC-1,0.34512058,0.18667714,0.13606203,0.3321403,1.3179543,RpL6,A10
CTAACTTCATTATGCG-1,0.31079856,0.28619295,0.18840219,0.21460621,1.3660002,RpL6,A10
CTAACTTGTAAGCGGT-1,0.13584657,0.04067483,0.61816925,0.2053093,1.0238161,dpn,A9p2
CTAACTTGTAGCCCTG-1,0.2818682,0.039410517,0.538577,0.14014432,1.0930567,dpn,A10
CTAACTTGTGTTGACT-1,0.1059907,0.4861173,0.21341707,0.19447498,1.2365925,br,A9p2
CTAACTTGTTAGGGTG-1,0.25558805,0.16320199,0.43640813,0.14480184,1.2861906,dpn,A8
CTAAGTGAGGTGTGAC-1,0.16871127,0.7046609,0.11499936,0.011628456,0.847412,br,A9p1
CTAAGTGAGTGAGCCA-1,0.23014337,0.06218139,0.10690715,0.6007681,1.0559555,awd,A9p2
CTAAGTGCACGCGGTT-1,0.2977083,0.29080492,0.20947298,0.20201385,1.3704342,RpL6,A8
CTAAGTGTCACGGGCT-1,0.28287703,0.17839667,0.11873864,0.41998768,1.2820753,awd,A10
CTACAGAAGGAGATAG-1,0.387627,0.114716955,0.11969813,0.37795794,1.2375895,RpL6,A9p2
CTACAGAAGGTTTACC-1,0.14703923,0.5396012,0.17958757,0.13377196,1.1922425,br,A8
CTACAGAAGTGAATAC-1,0.9208651,0.05476877,0.0056360182,0.018730113,0.33868888,RpL6,A9p1
CTACAGACAACGGTAG-1,0.26621136,0.11498163,0.13283218,0.4859749,1.2198474,awd,A9p2
CTACAGACACCGTCGA-1,0.080606885,0.27927923,0.6030202,0.037093613,0.9864229,dpn,A9p1
CTACAGACAGAACCGA-1,0.03801676,0.32182163,0.5082765,0.13188511,1.1003141,dpn,A10
CTACAGACATTGTGCA-1,0.32053366,0.047234986,0.08845139,0.5437799,1.0546813,awd,A9p1
CTACAGATCCGTGGTG-1,0.23882979,0.025696056,0.10126972,0.63420445,0.95680016,awd,A9p2
CTACATTAGTCCGCCA-1,0.12357688,0.23101798,0.48270902,0.1626961,1.2438992,dpn,A9p1
CTACATTCACTGGATT-1,0.10571168,0.360619,0.29209462,0.24157463,1.3079952,br,A10
CTACATTGTCGTATTG-1,0.38516942,0.19277075,0.047940686,0.3741191,1.1982895,RpL6,A9p2
CTACATTGTTGCCATA-1,0.06571755,0.3319534,0.46001834,0.14231075,1.1796423,dpn,A10
CTACCCAAGAGATTCA-1,0.14748582,0.45700535,0.14900453,0.24650429,1.2690243,br,A10
CTACCCAAGGTATTGA-1,0.21497689,0.42876,0.11210468,0.24415848,1.283136,br,A10
CTACCCAGTCTCTCTG-1,0.108769074,0.14004593,0.23373054,0.51745445,1.1972715,awd,A10
CTACCCATCTCATGGA-1,0.15484264,0.79374444,0.016981665,0.034431197,0.6573874,br,A10
CTACCTGAGACCGTTT-1,0.055928774,0.2683689,0.6624717,0.013230561,0.844307,dpn,A9p1
CTACCTGAGACGCCAA-1,0.5389497,0.07165074,0.12795492,0.26144454,1.1358322,RpL6,A9p2
CTACCTGAGCCTCCAG-1,0.39272302,0.06549975,0.2544257,0.28735152,1.2521778,RpL6,A9p2
CTACCTGCACCAGACC-1,0.4462611,0.06341231,0.185827,0.30449957,1.2097751,RpL6,A10
CTACCTGCATACCAGT-1,0.46520358,0.20450392,0.24601033,0.08428211,1.2340726,RpL6,A10
CTACCTGTCCGGTTCT-1,0.07648813,0.19150947,0.6622526,0.06974977,0.9718045,dpn,A9p2
CTACCTGTCTCGACCT-1,0.08326903,0.3130851,0.27312535,0.3305205,1.2909431,awd,A8
CTACGGGCACAAAGTA-1,0.14063787,0.46173695,0.08147634,0.31614882,1.2010384,br,A10
CTACGGGGTCGATTCA-1,0.17465104,0.45369583,0.29753646,0.07411663,1.2168678,br,A9p1
CTACGGGGTTGGAGGT-1,0.12469468,0.02381774,0.7972647,0.05422295,0.687291,dpn,A10
CTACTATAGAAGGCTC-1,0.13908686,0.4481043,0.30759448,0.10521432,1.2336396,br,A9p1
CTACTATCAACAGAGC-1,0.904052,0.0567065,0.007142219,0.032099254,0.3996121,RpL6,A8
CTACTATCAATACGAA-1,0.10482779,0.31649765,0.2469881,0.3316864,1.3119733,awd,A9p1
CTACTATCATTATGCG-1,0.23261362,0.27874398,0.26444086,0.22420153,1.382294,br,A9p2
CTACTATGTAGCTCGC-1,0.409288,0.32941884,0.06710729,0.19418588,1.2309735,RpL6,A8
CTACTATGTCAAGCCC-1,0.16096161,0.22547618,0.518755,0.094807126,1.1936951,dpn,A9p1
CTACTATGTTCCCAAA-1,0.9068412,0.056453824,0.007267424,0.029437525,0.39051408,RpL6,A10
CTACTATGTTGGTGTT-1,0.27225444,0.14712316,0.27321082,0.30741158,1.3532743,awd,A9p2
CTACTATGTTTCACAG-1,0.08744993,0.32988742,0.49606445,0.08659819,1.1385608,dpn,A8
CTACTATTCACCTCTG-1,0.13709953,0.3547191,0.27139494,0.23678647,1.3351262,br,A8
CTACTATTCCCGTGTT-1,0.28641292,0.059813015,0.18502033,0.46875376,1.1939205,awd,A8
CTACTATTCCGGTAAT-1,0.32695395,0.08389992,0.11180031,0.47734582,1.1713915,awd,A10
CTACTATTCCTTATGT-1,0.41238403,0.10922421,0.4066166,0.07177519,1.1621302,RpL6,A10
CTACTATTCTCCTACG-1,0.17892912,0.04390341,0.1534458,0.62372166,1.0271752,awd,A10
CTAGACACAAAGCACG-1,0.081600256,0.26656038,0.6005995,0.051239833,1.0153655,dpn,A9p2
CTAGACATCCTAGCCT-1,0.79754174,0.10420974,0.013937308,0.084311195,0.68415403,RpL6,A10
CTAGACATCGAGTGAG-1,0.22936982,0.43905544,0.06361382,0.26796094,1.227261,br,A10
CTAGGTAAGTAATTGG-1,0.29573748,0.30092365,0.069309,0.33402994,1.2729411,awd,A9p1
CTAGGTACAAAGTATG-1,0.23736654,0.026936166,0.029463073,0.7062342,0.78820384,awd,A9p1
CTAGGTAGTTATCCAG-1,0.18594573,0.032517597,0.6922269,0.08930986,0.89459157,dpn,A10
CTAGGTATCAAGCCTA-1,0.23786022,0.105188645,0.25005525,0.40689585,1.2909441,awd,A9p2
CTAGGTATCGGTTGTA-1,0.03631893,0.378944,0.3975008,0.1872363,1.1685374,dpn,A9p2
CTAGGTATCGTTGCCT-1,0.5679782,0.12716193,0.10767425,0.19718567,1.143655,RpL6,A9p2
CTAGGTATCTACAGGT-1,0.1872058,0.115487285,0.2993541,0.39795282,1.2907041,awd,A9p2
CTAGGTATCTAGTGAC-1,0.22061141,0.06663943,0.10721361,0.60553557,1.0570745,awd,A10
CTATAGGAGGCCATAG-1,0.1363367,0.43069887,0.40553173,0.027432611,1.0991293,br,A9p1
CTATAGGCAAAGCACG-1,0.21680602,0.31132823,0.101489775,0.37037596,1.294793,awd,A8
CTATAGGCAACGTAAA-1,0.15446714,0.2857866,0.5139962,0.045750137,1.1296642,dpn,A9p1
CTATAGGCACGTAGAG-1,0.17645526,0.058265287,0.1037728,0.66150665,0.98018885,awd,A10
CTATAGGCACGTTCGG-1,0.10161296,0.036333933,0.5153575,0.34669563,1.0616788,dpn,A9p1
CTATAGGCAGGCTATT-1,0.03592205,0.09726919,0.7228721,0.14393674,0.859748,dpn,A8
CTATCCGAGATTAGCA-1,0.36431292,0.43135706,0.046226293,0.15810369,1.1642873,br,A10
CTATCCGAGTTCACTG-1,0.13355288,0.23423596,0.04210371,0.59010744,1.0534737,awd,A10
CTATCCGGTGAGACGT-1,0.15488572,0.40315965,0.12906602,0.31288865,1.2829133,br,A10
CTATCCGGTGTCATCA-1,0.45972076,0.3504359,0.052376784,0.13746661,1.1519843,RpL6,A10
CTATCCGTCCACAGCG-1,0.21041745,0.34016588,0.33574685,0.11366979,1.3083814,br,A9p2
CTATCCGTCGTTCATT-1,0.255621,0.10329601,0.13773188,0.5033512,1.2017604,awd,A10
CTATCCGTCTACACTT-1,0.22462869,0.093746565,0.25866947,0.4229553,1.2710748,awd,A10
CTATCTAAGCTAATGA-1,0.14993945,0.5783671,0.25296852,0.018724961,1.0233853,br,A9p1
CTATCTAAGGTTACCT-1,0.22723621,0.18584408,0.56153935,0.02538037,1.0667493,dpn,A8
CTATCTAAGTATCCTG-1,0.45024496,0.1349851,0.17085634,0.24391356,1.2756383,RpL6,A10
CTATCTAGTAGTTACC-1,0.21864897,0.20431285,0.43650818,0.14053002,1.2944887,dpn,A9p1
CTATCTAGTCAAAGTA-1,0.4968537,0.18731084,0.098146096,0.21768938,1.2210065,RpL6,A10
CTATCTATCGTTGCCT-1,0.24754761,0.46489817,0.1818205,0.10573379,1.2492186,br,A9p2
CTCAACCAGACGACTG-1,0.29761386,0.28854775,0.13299488,0.28084356,1.3442993,RpL6,A9p2
CTCAACCAGCAAATCA-1,0.363769,0.027651297,0.24409099,0.36448875,1.1791558,awd,A10
CTCAACCAGCGGGTTA-1,0.08216101,0.55343205,0.27969158,0.084715344,1.0982082,br,A10
CTCAACCCACTCGATA-1,0.40127495,0.306992,0.16418038,0.12755266,1.2882438,RpL6,A9p2
CTCAACCCATCCAATG-1,0.26709795,0.3788276,0.21160948,0.142465,1.3265727,br,A10
CTCAACCGTCCGGCAT-1,0.4060337,0.18134093,0.19116314,0.22146222,1.3257421,RpL6,A8
CTCAACCTCCATCACC-1,0.12737179,0.034241363,0.08133198,0.7570548,0.7927921,awd,A10
CTCAACCTCTGTGTGA-1,0.39014074,0.12559842,0.20174232,0.2825186,1.3078423,RpL6,A9p1
CTCAAGAAGACCTGGA-1,0.07718159,0.43142682,0.30145612,0.18993549,1.2373717,br,A9p1
CTCAAGAAGGCTCACC-1,0.06840718,0.40411216,0.40549606,0.12198455,1.1722952,dpn,A9p1
CTCAAGAAGTAAGAGG-1,0.29866865,0.17043501,0.31472692,0.21616939,1.3574303,dpn,A9p2
CTCAAGAAGTCCCTAA-1,0.06688222,0.08705131,0.7589854,0.08708108,0.81528413,dpn,A9p1
CTCAAGACATGGCCCA-1,0.10288754,0.289197,0.54426265,0.063652776,1.0991772,dpn,A10
CTCAAGACATTGCCTC-1,0.23464158,0.58689743,0.1616826,0.016778355,1.0161091,br,A9p1
CTCAAGAGTGTCATTG-1,0.082664825,0.4003664,0.37008467,0.14688414,1.2221786,br,A8
CTCAATTAGCTGAGCA-1,0.43702787,0.23494418,0.13328995,0.19473797,1.289269,RpL6,A10
CTCAATTCAACAAGAT-1,0.057987098,0.28493863,0.5199393,0.13713491,1.1353765,dpn,A9p1
CTCAATTGTTTACGAC-1,0.2715235,0.07804528,0.34828445,0.30214682,1.282009,dpn,A9p1
CTCAATTTCGCCGTGA-1,0.07463691,0.24557519,0.6241014,0.055686526,0.99356824,dpn,A9p1
CTCAATTTCTTCCACG-1,0.23212288,0.33691815,0.09107353,0.33988544,1.2905576,awd,A10
CTCACTGAGTGATAAC-1,0.93208003,0.04604984,0.0042005344,0.017669639,0.3016028,RpL6,A9p2
CTCACTGCAAGTTCCA-1,0.027659712,0.25153154,0.6721208,0.048687927,0.86059326,dpn,A9p1
CTCACTGCAGCGTTGC-1,0.06222132,0.60840786,0.105249256,0.22412162,1.0472654,br,A9p1
CTCACTGCATACAGGG-1,0.17874973,0.10448585,0.5813262,0.13543826,1.1298783,dpn,A8
CTCACTGGTTCCTAGA-1,0.31185842,0.14282475,0.23064993,0.31466687,1.3434963,awd,A8
CTCACTGTCAAACTGC-1,0.03934939,0.49915823,0.44251785,0.018974481,0.91013813,br,A8
CTCACTGTCCAGTTCC-1,0.062030304,0.52003676,0.4007782,0.017154668,0.9486739,br,A9p2
CTCAGAAAGATCCCAT-1,0.011406563,0.7465665,0.06344092,0.17858602,0.7518225,br,A10
CTCAGAAAGCGACTGA-1,0.16316222,0.52542156,0.13794291,0.17347333,1.211084,br,A10
CTCAGAAAGTTGCTGT-1,0.45214146,0.13058367,0.15684265,0.2604322,1.2656682,RpL6,A8
CTCAGAACACAGCCAC-1,0.061890777,0.4054025,0.39262533,0.14008138,1.1806313,br,A9p1
CTCAGAACAGGCGAAT-1,0.04711124,0.04011935,0.11942761,0.79334176,0.7104046,awd,A9p2
CTCAGAAGTCTTCATT-1,0.19775377,0.23645401,0.3581726,0.20761962,1.3556113,dpn,A9p2
CTCAGAATCAATGTCG-1,0.08943227,0.42766005,0.45423675,0.028671023,1.0394704,dpn,A8
CTCAGAATCAGATGCT-1,0.2617916,0.06412462,0.18486357,0.48922023,1.1888398,awd,A8
CTCAGAATCAGTGTTG-1,0.63354886,0.048324086,0.08887018,0.22925685,0.9883692,RpL6,A9p1
CTCAGAATCTCTATAC-1,0.27694672,0.17415372,0.1989358,0.34996375,1.3486412,awd,A9p1
CTCAGGGAGATACCAA-1,0.2868625,0.65682614,0.005782041,0.05052924,0.8149427,br,A9p1
CTCAGGGCACTGTGAT-1,0.20644441,0.30348322,0.36375865,0.12631372,1.3167922,dpn,A8
CTCAGGGCAGGCACTC-1,0.12743081,0.33474988,0.32931766,0.2085016,1.3215458,br,A9p1
CTCAGGGGTAGTGGCA-1,0.24925254,0.12098848,0.18106277,0.44869623,1.2708282,awd,A9p1
CTCAGGGTCATACAGC-1,0.033107046,0.37609243,0.50240874,0.08839172,1.0408825,dpn,A8
CTCAGGGTCTCGGTAA-1,0.010437068,0.049829666,0.32648644,0.6132468,0.86239266,awd,A10
CTCAGGGTCTGTAACG-1,0.289674,0.3189917,0.107411504,0.28392273,1.320501,br,A8
CTCAGGGTCTTCCAGC-1,0.09116886,0.032394916,0.72597563,0.1504606,0.846926,dpn,A10
CTCAGTCCAAGTATCC-1,0.104771025,0.017123835,0.8551545,0.02295063,0.5264424,dpn,A10
CTCAGTCCACATCATG-1,0.086873956,0.17162482,0.72854316,0.012958068,0.8017901,dpn,A9p1
CTCAGTCGTAGCTTAC-1,0.11809363,0.49139965,0.22614573,0.16436099,1.2343868,br,A9p1
CTCAGTCTCAACTGGT-1,0.2098486,0.14044061,0.1534401,0.4962706,1.238651,awd,A9p1
CTCATCGCAATCCTAG-1,0.07240093,0.03883266,0.08630072,0.8024656,0.70426416,awd,A9p2
CTCATCGCAATTTCGG-1,0.65467656,0.042262845,0.14678992,0.15627064,0.98276114,RpL6,A9p1
CTCATCGGTCGGTAAG-1,0.3255427,0.122995846,0.14797868,0.40348276,1.2720454,awd,A9p2
CTCATCGGTTCTCAGA-1,0.2099285,0.34850997,0.3001559,0.14140558,1.3328867,br,A9p2
CTCATCGTCATGAGGG-1,0.13208449,0.45642763,0.34063014,0.0708577,1.1797786,br,A9p2
CTCATCGTCATGGTAC-1,0.26941165,0.1792072,0.3493782,0.20200291,1.351937,dpn,A9p1
CTCATCGTCCAGTGTA-1,0.017961096,0.34908637,0.5827659,0.050186746,0.9044214,dpn,A9p2
CTCATCGTCTGGTTGA-1,0.26739365,0.08219809,0.18559952,0.46480873,1.2267668,awd,A9p2
CTCATGCAGCACTCGC-1,0.41169614,0.14705493,0.41857037,0.02267861,1.0976707,dpn,A9p2
CTCATGCAGTCGAGGT-1,0.1999152,0.7053958,0.012114165,0.08257476,0.8274264,br,A10
CTCATGCCAAGTGCAG-1,0.3530704,0.1039852,0.2479837,0.29496068,1.3088564,RpL6,A10
CTCATGCTCACGGGCT-1,0.057804458,0.5665981,0.35763615,0.017961206,0.9266011,br,A9p1
CTCATGCTCTTCCCGA-1,0.20786795,0.21676718,0.2839144,0.29145047,1.3747485,awd,A9p1
CTCATTAAGCATTTCG-1,0.8486575,0.11883711,0.0073647806,0.025140582,0.52115595,RpL6,A9p2
CTCATTAAGTGACCTT-1,0.54126096,0.17588672,0.052265536,0.23058678,1.130489,RpL6,A9p2
CTCATTACAGTGGGTA-1,0.2072887,0.19175668,0.066449,0.53450567,1.1578757,awd,A9p1
CTCATTAGTTTCGGCG-1,0.14621304,0.20532519,0.514376,0.13408579,1.2175579,dpn,A9p1
CTCATTATCTGGGCAC-1,0.013081766,0.5241634,0.19414161,0.2686132,1.0666319,br,A9p1
CTCCAACAGAAACTGT-1,0.5033739,0.28453842,0.05525126,0.15683638,1.1537073,RpL6,A8
CTCCAACCAACAGCCC-1,0.32110816,0.041048292,0.48024353,0.15759999,1.139276,dpn,A9p1
CTCCAACCACCAGGTC-1,0.097212076,0.37961388,0.23638184,0.28679213,1.2934198,br,A9p1
CTCCAACCACCAGTTA-1,0.33979422,0.06452581,0.05061582,0.54506415,1.0254092,awd,A9p2
CTCCAACCACGCCAGT-1,0.050694443,0.084403545,0.8634391,0.0014628931,0.49615481,dpn,A10
CTCCAACGTCACTTAG-1,0.19349152,0.57617474,0.0876068,0.14272694,1.1266621,br,A9p1
CTCCAACTCATGGAGG-1,0.26882446,0.09811296,0.07188628,0.5611763,1.0943921,awd,A10
CTCCAACTCTCTGCTG-1,0.10434711,0.4623173,0.35452023,0.07881533,1.1603833,br,A8
CTCCACAAGTCATTGC-1,0.3412554,0.13294442,0.19945107,0.32634914,1.3221444,RpL6,A9p2
CTCCACACAATTGAAG-1,0.4067632,0.11498885,0.13675694,0.34149095,1.2535993,RpL6,A9p2
CTCCACACAGCGAACA-1,0.23779318,0.13272406,0.54189944,0.08758331,1.1548772,dpn,A9p1
CTCCACACATGAAAGT-1,0.11507588,0.23651318,0.23928261,0.40912822,1.2976553,awd,A9p1
CTCCACAGTATCAGGG-1,0.045679085,0.14332294,0.6150408,0.19595718,1.0377314,dpn,A8
CTCCACAGTCAGGAGT-1,0.5528691,0.15153076,0.16814442,0.12745577,1.1759298,RpL6,A8
CTCCACAGTGATTCAC-1,0.22304176,0.19945759,0.25406966,0.32343093,1.3693992,awd,A9p2
CTCCACATCTAGGCCG-1,0.30093148,0.15646952,0.49281806,0.04978093,1.1496893,dpn,A9p1
CTCCATGAGGCCTTCG-1,0.30529568,0.15866841,0.19843006,0.33760583,1.3418472,awd,A9p1
CTCCATGAGTGAGGCT-1,0.06042374,0.007381334,0.8124453,0.11974959,0.6287062,dpn,A9p1
CTCCATGCAGAACTTC-1,0.089788325,0.24929787,0.5425327,0.11838114,1.1470878,dpn,A10
CTCCATGCAGTTAGAA-1,0.1535923,0.2873366,0.5401386,0.018932479,1.0538759,dpn,A8
CTCCATGGTAGCTTAC-1,0.18006225,0.19782685,0.028473936,0.593637,1.0401658,awd,A10
CTCCATGTCCATCTGC-1,0.40936357,0.046219993,0.118967265,0.42544925,1.1245831,awd,A9p1
CTCCCAAAGAATCCCT-1,0.15560345,0.033937883,0.50979495,0.30066377,1.1091101,dpn,A10
CTCCCAAAGTTCGGTT-1,0.17985432,0.193217,0.25234982,0.3745789,1.3414861,awd,A9p1
CTCCCAATCAGGAACG-1,0.6345806,0.13065146,0.06736185,0.16740608,1.0354371,RpL6,A9p1
CTCCCAATCCTGTAAG-1,0.37396193,0.41326356,0.05640921,0.15636526,1.1853466,br,A10
CTCCCAATCGGTCATA-1,0.43615088,0.372737,0.0632726,0.12783945,1.1673659,RpL6,A9p2
CTCCCAATCTAGCATG-1,0.026628396,0.35484788,0.57055086,0.047972906,0.9300602,dpn,A8
CTCCCTCAGGACTGGT-1,0.28568393,0.50694776,0.049539767,0.15782854,1.1425745,br,A8
CTCCCTCAGGGCAAGG-1,0.17643617,0.30291188,0.25074834,0.26990363,1.3682041,br,A8
CTCCCTCCAATTGCAC-1,0.43203908,0.11719195,0.23651034,0.21425861,1.2849096,RpL6,A9p2
CTCCCTCCAGATCCAT-1,0.30703437,0.29101536,0.27797642,0.1239738,1.3364571,RpL6,A8
CTCCCTCCATGAAGGC-1,0.31319946,0.19490357,0.17393605,0.31796086,1.3508682,awd,A10
CTCCCTCGTCTACGAT-1,0.9029957,0.04409357,0.015539086,0.03737161,0.4173205,RpL6,A10
CTCCCTCTCAAGCCAT-1,0.21233273,0.25958845,0.2667899,0.26128882,1.382318,dpn,A9p1
CTCCCTCTCATCTCTA-1,0.16111428,0.117619604,0.31116402,0.4101021,1.274686,awd,A9p2
CTCCCTCTCGCCATAA-1,0.22221364,0.17920236,0.41394332,0.18464063,1.3193574,dpn,A9p1
CTCCCTCTCGTGTCAA-1,0.21265346,0.49743062,0.07629729,0.21361862,1.2026181,br,A8
CTCCCTCTCTGTCCCA-1,0.28698766,0.062482096,0.20990148,0.44062874,1.2203056,awd,A9p2
CTCCGATAGCAGAAAG-1,0.42371303,0.1859655,0.11678661,0.27353495,1.2820507,RpL6,A10
CTCCGATAGCCAAGCA-1,0.3352834,0.11060048,0.26525295,0.28886312,1.3206348,RpL6,A9p1
CTCCGATAGCCGAATG-1,0.028152417,0.49234283,0.13082945,0.34867525,1.08283,br,A9p2
CTCCGATAGCTGACTT-1,0.10957737,0.44346648,0.22654855,0.2204075,1.272582,br,A8
CTCCGATCACGTCATA-1,0.24174011,0.29331115,0.21457207,0.2503766,1.379966,br,A9p1
CTCCGATCATCGCTCT-1,0.18514605,0.07956127,0.5993171,0.13597555,1.0917953,dpn,A8
CTCCGATCATCGGCCA-1,0.14925297,0.10723437,0.51642406,0.22708857,1.2012287,dpn,A10
CTCCGATCATGACTTG-1,0.2847003,0.15064801,0.1240126,0.44063908,1.2627993,awd,A9p2
CTCCGATGTCACTAGT-1,0.09839717,0.15754187,0.70087737,0.043183543,0.90410817,dpn,A9p2
CTCCGATGTTAAGACA-1,0.14049649,0.45837876,0.23998202,0.16114272,1.2699579,br,A8
CTCCGATTCCCAAGTA-1,0.099309884,0.13846341,0.033344053,0.7288826,0.84702265,awd,A9p1
CTCCTCCCAGGACAGT-1,0.5047755,0.08994401,0.27433667,0.13094378,1.1827557,RpL6,A9p1
CTCCTCCGTATAGGAT-1,0.5540217,0.09219095,0.14445966,0.20932768,1.1538037,RpL6,A10
CTCCTCCGTCATCTAG-1,0.28366837,0.10250838,0.24746652,0.36635673,1.3043609,awd,A10
CTCCTCCGTGACCGTC-1,0.05265053,0.45615485,0.4052664,0.08592826,1.0899833,br,A8
CTCCTCCTCAAGGACG-1,0.3366998,0.3597488,0.13967085,0.16388057,1.3056426,br,A9p1
CTCCTCCTCGCATAGT-1,0.5163641,0.12706576,0.13051724,0.22605291,1.2053337,RpL6,A8
CTCCTCCTCTGGACCG-1,0.2751851,0.13282123,0.21242829,0.37956536,1.3199867,awd,A9p1
CTCCTCCTCTGTACAG-1,0.044917207,0.18835425,0.7401853,0.026543241,0.7728327,dpn,A8
CTCCTTTAGGCTCTCG-1,0.42796433,0.09397863,0.18236122,0.29569578,1.2560691,RpL6,A10
CTCCTTTCAGACAAAT-1,0.0807386,0.44001973,0.3723023,0.10693939,1.171325,br,A9p1
CTCCTTTTCCTTCTGG-1,0.20883538,0.12811522,0.23190382,0.43114564,1.2919729,awd,A9p1
CTCGAGGAGCAACAAT-1,0.03774352,0.37445536,0.4653756,0.122425556,1.1045995,dpn,A9p1
CTCGAGGAGGCTTCCG-1,0.38667598,0.18907017,0.10974883,0.31450504,1.2886317,RpL6,A9p1
CTCGAGGCAATTTCCT-1,0.1089058,0.103664175,0.26853094,0.5188991,1.169922,awd,A9p2
CTCTCAGAGGAAAGTG-1,0.38922468,0.06176708,0.12501134,0.4239969,1.1629993,awd,A9p2
CTCTCAGCAGCCGTCA-1,0.09092842,0.66538686,0.22629195,0.017392788,0.8958114,br,A8
CTCTCAGTCCATAGAC-1,0.46699515,0.074265055,0.3444362,0.11430361,1.1637137,RpL6,A8
CTCTCGAAGAGATGCC-1,0.15539439,0.6080299,0.11401094,0.12256472,1.0966734,br,A9p2
CTCTCGAAGAGGGTAA-1,0.09536296,0.2889404,0.43343934,0.18225735,1.2554587,dpn,A9p1
CTCTCGAAGCGCCCAT-1,0.88456804,0.05665687,0.04817536,0.010599758,0.4654524,RpL6,A9p1
CTCTCGAAGGATTTCC-1,0.11523058,0.39700943,0.22684683,0.26091322,1.3028252,br,A9p1
CTCTCGACAATGGCCC-1,0.3537454,0.3486186,0.08085804,0.21677795,1.2697612,RpL6,A10
CTCTCGACACGGGCTT-1,0.05806223,0.3143902,0.5325039,0.09504361,1.0882891,dpn,A9p1
CTCTGGTAGCACACAG-1,0.052661873,0.23829019,0.63777345,0.07127446,0.971905,dpn,A9p2
CTCTGGTAGTCGCCAC-1,0.13491406,0.5344567,0.29335403,0.037275277,1.0874646,br,A9p1
CTCTGGTCAAGCGAAC-1,0.36364046,0.2564825,0.112170815,0.26770627,1.3150498,RpL6,A9p1
CTCTGGTCACCGTGGT-1,0.032649048,0.20483264,0.46686321,0.29565507,1.1523905,dpn,A9p2
CTCTGGTCAGGGACTA-1,0.43228295,0.092647664,0.2586693,0.21640013,1.2639508,RpL6,A9p2
CTCTGGTGTAAGTCAA-1,0.016497497,0.4390737,0.3219763,0.2224525,1.1283549,br,A10
CTCTGGTTCCTGGGAC-1,0.37354097,0.12115566,0.18265104,0.32265237,1.2990739,RpL6,A9p2
CTCTGGTTCTCTCTTC-1,0.32093087,0.0913624,0.12816203,0.45954472,1.203979,awd,A9p1
CTCTGGTTCTGTGCTC-1,0.369523,0.1022937,0.1674097,0.36077362,1.2681195,RpL6,A8
CTGAATGAGACGAGCT-1,0.3452055,0.07923695,0.09089315,0.48466438,1.1370662,awd,A10
CTGAATGCAAGTATCC-1,0.62993276,0.113473415,0.100788996,0.15580487,1.0590057,RpL6,A9p1
CTGAATGGTATCATGC-1,0.32469577,0.040159784,0.21465665,0.4204878,1.1889294,awd,A9p2
CTGAATGGTCGCTGCA-1,0.16949704,0.3353757,0.16268054,0.33244672,1.3287809,br,A9p1
CTGAATGGTTGAAGTA-1,0.25616798,0.14049692,0.099592015,0.50374305,1.199753,awd,A9p1
CTGAATGTCAACCTTT-1,0.49989712,0.08036979,0.28627193,0.13346128,1.176083,RpL6,A9p2
CTGAATGTCACTGGGC-1,0.119465366,0.29531378,0.5411558,0.044065036,1.0839013,dpn,A8
CTGAATGTCAGTCAGT-1,0.27052858,0.2604046,0.12753429,0.34153247,1.3336152,awd,A10
CTGAGCGAGATAACGT-1,0.06952338,0.40417194,0.31385148,0.21245317,1.2443005,br,A8
CTGAGCGAGGATACGC-1,0.26358086,0.1731518,0.45164874,0.11161854,1.2588298,dpn,A9p1
CTGAGCGCAGCCCACA-1,0.06672378,0.0839213,0.24683401,0.6025209,1.0391681,awd,A9p1
CTGAGCGGTAATACCC-1,0.084464036,0.36061364,0.15439469,0.4005276,1.2314727,awd,A9p1
CTGAGCGGTCACCACG-1,0.1994622,0.19469585,0.24539338,0.36044863,1.3526983,awd,A9p2
CTGAGCGGTGCATTAC-1,0.93329746,0.05989454,0.0011299679,0.0056780437,0.27006954,RpL6,A10
CTGAGCGTCATACGAC-1,0.31183928,0.22991046,0.07019962,0.38805062,1.2551749,awd,A9p2
CTGAGCGTCTTCCGTG-1,0.3563542,0.08843936,0.15936701,0.39583945,1.2417288,awd,A9p1
CTGAGGCAGCAAGCCA-1,0.17667007,0.110615574,0.10255383,0.6101605,1.0847865,awd,A8
CTGAGGCAGGATTTCC-1,0.04618387,0.16978124,0.7216774,0.06235743,0.85151327,dpn,A9p1
CTGAGGCCAATTGTGC-1,0.08919828,0.26299843,0.549824,0.09797934,1.1233323,dpn,A8
CTGAGGCCACATATGC-1,0.18943025,0.08291049,0.25813225,0.46952695,1.2261688,awd,A9p2
CTGAGGCCACTGCATA-1,0.03802206,0.17409977,0.7619162,0.025961904,0.73063433,dpn,A8
CTGAGGCGTACATTGC-1,0.23760745,0.07303393,0.12797752,0.5613811,1.1198169,awd,A9p2
CTGAGGCGTACCTTCC-1,0.111504085,0.8198378,0.010832294,0.057825837,0.62130624,br,A9p1
CTGAGGCTCCCAAGTA-1,0.28551355,0.08621947,0.091777906,0.53648907,1.1224707,awd,A9p2
CTGATCCCATATGGCT-1,0.11044379,0.24608567,0.48112434,0.16234623,1.2355199,dpn,A9p1
CTGATCCGTAACTTCG-1,0.082838744,0.057883266,0.42191023,0.43736777,1.0970557,awd,A10
CTGATCCGTCCAAAGG-1,0.09537617,0.2465029,0.63132805,0.026792852,0.9566716,dpn,A8
CTGATCCGTGGGCTTC-1,0.12852545,0.39069685,0.21379037,0.26698735,1.3132708,br,A9p2
CTGATCCGTTCTCCTG-1,0.20754695,0.08227391,0.48769253,0.22248657,1.216412,dpn,A9p2
CTGATCCGTTGCGGCT-1,0.36560428,0.43874708,0.05408355,0.14156498,1.1638594,br,A8
CTGATCCGTTGGGCCT-1,0.03215211,0.39794296,0.16788913,0.40201572,1.1431315,awd,A10
CTGATCCTCGCGTTTC-1,0.34581497,0.47188726,0.0574447,0.12485306,1.1454858,br,A8
CTGCAGGCAACACAAA-1,0.12636806,0.08545333,0.06841162,0.71976703,0.8917701,awd,A9p1
CTGCAGGCAGTCAGAG-1,0.060477342,0.039658982,0.21662277,0.6832409,0.8892627,awd,A9p1
CTGCAGGGTAGCTTGT-1,0.2619927,0.1463488,0.4291788,0.16247971,1.2904637,dpn,A9p1
CTGCAGGGTCTACATG-1,0.05576892,0.49780935,0.33932367,0.10709809,1.1142197,br,A9p1
CTGCAGGGTCTGATAC-1,0.1460944,0.19942378,0.20861758,0.44586426,1.2896476,awd,A9p2
CTGCAGGGTTGCTGAT-1,0.32614326,0.41097793,0.111397155,0.15148161,1.2612331,br,A10
CTGCAGGTCAGGACGA-1,0.08127204,0.39739317,0.50447464,0.016860077,0.98473203,dpn,A8
CTGCAGGTCCGACAGC-1,0.13707383,0.31696168,0.42113668,0.1248279,1.2605212,dpn,A8
CTGCAGGTCCTCACGT-1,0.030484512,0.28893173,0.65450495,0.026078774,0.83766353,dpn,A8
CTGCATCCACTAAACC-1,0.19787017,0.13907413,0.40603617,0.2570196,1.3100897,dpn,A9p1
CTGCATCCATCCGGTG-1,0.0446479,0.32496935,0.61245495,0.017927721,0.8764505,dpn,A9p1
CTGCATCCATGACTCA-1,0.28361857,0.37861967,0.08829339,0.24946843,1.2857828,br,A9p2
CTGCATCGTGAACCGA-1,0.03262531,0.2724707,0.6500456,0.04485844,0.8851731,dpn,A9p1
CTGCATCTCATTCTTG-1,0.21850201,0.12126172,0.15267567,0.5075606,1.2193127,awd,A9p1
CTGCCATAGAGTACCG-1,0.2912358,0.19783592,0.16744183,0.34348643,1.3461226,awd,A9p1
CTGCCATCATCCTCAC-1,0.50052434,0.15052198,0.21956258,0.1293911,1.2289245,RpL6,A10
CTGCCATGTCCTGGTG-1,0.5983619,0.069066174,0.13870959,0.19386235,1.083942,RpL6,A9p1
CTGCCATGTGGCGTAA-1,0.30187997,0.15791406,0.2041236,0.3360824,1.3438544,awd,A10
CTGCCATGTTATCCAG-1,0.3272889,0.24229641,0.25369495,0.17671964,1.3632933,RpL6,A9p2
CTGCCATTCCTAGCGG-1,0.14131871,0.20304398,0.15647118,0.49916613,1.2373078,awd,A9p1
CTGCCTAGTAATGTGA-1,0.057539817,0.19071011,0.6168291,0.13492098,1.0485839,dpn,A10
CTGCCTAGTACCGGCT-1,0.05500748,0.40274838,0.35001513,0.19222899,1.2102515,br,A10
CTGCCTATCACCACAA-1,0.14115435,0.43361652,0.12561136,0.29961783,1.2603962,br,A8
CTGCCTATCCATTGGA-1,0.30468506,0.27100572,0.19678539,0.22752377,1.372692,RpL6,A9p2
CTGCGAGAGAGGGTAA-1,0.30284485,0.14944597,0.069305316,0.47840384,1.1835479,awd,A10
CTGCGAGAGCGTGTTT-1,0.04189243,0.4984587,0.24948657,0.21016231,1.154156,br,A10
CTGCGAGAGTCTTCGA-1,0.11328845,0.35076413,0.26173607,0.27421132,1.3198225,br,A9p1
CTGCGAGCAACACACT-1,0.07853195,0.17692612,0.58704364,0.15749823,1.1100478,dpn,A9p2
CTGCGAGCATACAGGG-1,0.12131733,0.33553752,0.5136468,0.029498395,1.068451,dpn,A9p1
CTGCGAGGTCGGCTAC-1,0.29524902,0.38397154,0.2391891,0.08159033,1.2743466,br,A9p1
CTGCGAGTCATATGGC-1,0.16447169,0.16981436,0.400122,0.26559198,1.3165898,dpn,A10
CTGCGAGTCCATTTAC-1,0.3952085,0.0907132,0.14666474,0.36741352,1.2340226,RpL6,A9p2
CTGCGAGTCGCCATAA-1,0.58339465,0.049646486,0.060270797,0.30668804,0.99524325,RpL6,A9p1
CTGCTCAAGCTAAACA-1,0.2525028,0.30260274,0.1786403,0.26625407,1.3692613,br,A9p1
CTGCTCACAAAGAACT-1,0.22988434,0.31561765,0.17936315,0.27513486,1.3652161,br,A9p1
CTGCTCACAGCAGTAG-1,0.07485273,0.4714786,0.3110425,0.14262624,1.1895437,br,A9p2
CTGCTCACATACCAGT-1,0.049930878,0.3091648,0.5404324,0.10047192,1.0760177,dpn,A9p1
CTGGACGCAACGTTAC-1,0.30609977,0.5469615,0.0464004,0.100538336,1.0658267,br,A10
CTGGACGCAGTCGCAC-1,0.9099619,0.07160311,0.0048147053,0.013620205,0.3588539,RpL6,A10
CTGGACGGTACCGCGT-1,0.23024096,0.2944255,0.22530289,0.25003067,1.3804977,br,A9p2
CTGGACGGTAGATGTA-1,0.03478541,0.04599424,0.8233728,0.09584763,0.6432378,dpn,A9p1
CTGGACGGTCTGTGCG-1,0.1832781,0.18424697,0.11042665,0.52204823,1.2052703,awd,A9p2
CTGGACGTCAGGAGAC-1,0.21659859,0.4004898,0.09902919,0.28388247,1.2842605,br,A9p1
CTGGACGTCGGAGTAG-1,0.15197827,0.60066634,0.1919715,0.055383835,1.0695815,br,A9p2
CTGGCAGAGGGACCAT-1,0.5380968,0.09969886,0.060445573,0.3017588,1.0944898,RpL6,A9p2
CTGGCAGAGGTAAACT-1,0.19337486,0.17816637,0.2214457,0.40701306,1.3247974,awd,A10
CTGGCAGCACCGTCTT-1,0.31128082,0.18385081,0.24303353,0.2618349,1.3693128,RpL6,A8
CTGGCAGCACCTGATA-1,0.42928845,0.24685284,0.18152069,0.14233807,1.2955949,RpL6,A10
CTGGCAGGTGGGTTGA-1,0.02997805,0.8313406,0.06863946,0.07004184,0.62879837,br,A10
CTGGCAGGTGTTGCCG-1,0.34805557,0.45635593,0.04341719,0.1521713,1.1480342,br,A8
CTGGCAGTCAATCCGA-1,0.111523814,0.5453691,0.19628158,0.14682549,1.1765555,br,A10
CTGGCAGTCCCAAGTA-1,0.40217638,0.18007937,0.20975362,0.20799062,1.3292463,RpL6,A10
CTGGCAGTCTTAGTTC-1,0.6675151,0.12791334,0.16080178,0.043769743,0.96367234,RpL6,A9p2
CTGGCAGTCTTCGGTC-1,0.115864575,0.35421953,0.36219755,0.16771832,1.2846407,dpn,A9p1
CTGGTCTAGCGACCCT-1,0.055023704,0.14377159,0.74661267,0.054592047,0.8153307,dpn,A8
CTGGTCTGTCTGCCTT-1,0.09276093,0.49689424,0.31217188,0.09817294,1.1593701,br,A9p1
CTGGTCTGTGACATCT-1,0.28645107,0.14503247,0.18732652,0.3811899,1.319541,awd,A10
CTGGTCTTCCTCTTTC-1,0.09412872,0.18281597,0.55522674,0.16782856,1.1593156,dpn,A9p1
CTGTACCAGAGAGTTT-1,0.8960774,0.04866348,0.01483114,0.040427998,0.4375832,RpL6,A9p1
CTGTACCAGTACCCTA-1,0.18252969,0.2577978,0.35680532,0.2028672,1.3512453,dpn,A10
CTGTACCCACGCACCA-1,0.30297562,0.4864461,0.045404695,0.16517355,1.1501666,br,A9p2
CTGTACCCAGACGATG-1,0.47708863,0.1523602,0.16436426,0.2061869,1.2620889,RpL6,A8
CTGTACCGTCTCTCAC-1,0.41457686,0.036378957,0.12112687,0.42791736,1.1045008,awd,A9p2
CTGTACCTCCTTCGAC-1,0.30752492,0.10894646,0.31242293,0.27110565,1.3214883,dpn,A10
CTGTAGAAGCCATGCC-1,0.13004147,0.2789137,0.3796218,0.21142304,1.3176267,dpn,A9p1
CTGTAGAGTACTGCGC-1,0.10906936,0.20536304,0.41233158,0.27323607,1.286555,dpn,A9p2
CTGTAGAGTAGATGTA-1,0.89764476,0.068630375,0.009514629,0.024210233,0.41516632,RpL6,A10
CTGTATTAGGTCTTTG-1,0.3152626,0.16140679,0.09913353,0.42419705,1.2512007,awd,A8
CTGTATTAGTGGTTAA-1,0.10373704,0.11972917,0.15484425,0.6216895,1.0735198,awd,A9p1
CTGTATTCACGACGTC-1,0.29575,0.36413985,0.14910072,0.19100945,1.3281169,br,A10
CTGTATTGTAAGATTG-1,0.28760934,0.26180345,0.18741168,0.26317552,1.3743968,RpL6,A10
CTGTATTGTGCATGTT-1,0.34488103,0.11672427,0.16752997,0.3708647,1.285037,awd,A10
CTGTCGTAGCGGGTTA-1,0.14774515,0.30776632,0.09683924,0.4476493,1.2310913,awd,A9p1
CTGTCGTAGTTCTACG-1,0.29760438,0.5745393,0.03197335,0.09588293,1.0139849,br,A10
CTGTCGTCACTACAGT-1,0.09080614,0.5470053,0.2151991,0.14698943,1.1602769,br,A9p1
CTGTCGTCATCTCGTC-1,0.055547763,0.7111273,0.1295727,0.10375227,0.90284765,br,A9p2
CTGTCGTGTAAGTTGA-1,0.16851297,0.2723881,0.0616648,0.4974341,1.1734815,awd,A9p1
CTGTCGTTCGGAATTC-1,0.25120628,0.62035,0.027964,0.10047975,0.974141,br,A9p1
CTGTCGTTCTACCCAC-1,0.11629003,0.43748206,0.27231473,0.17391321,1.2703274,br,A10
CTGTCGTTCTCAGAAC-1,0.2948933,0.08380735,0.12688312,0.49441615,1.1780891,awd,A9p2
CTGTGAAAGATGTTCC-1,0.031445306,0.52157515,0.11670146,0.33027807,1.0648589,br,A10
CTGTGAAAGGCCTGAA-1,0.057656992,0.4225571,0.29898304,0.22080287,1.2230153,br,A8
CTGTGAAGTACACGTT-1,0.10450914,0.07741481,0.0978156,0.72026044,0.8978408,awd,A9p2
CTGTGAAGTCGCAGTC-1,0.43959916,0.21291505,0.28692183,0.060563926,1.2187128,RpL6,A10
CTGTGGGAGTCACGAG-1,0.116021104,0.081965126,0.13298218,0.66903156,0.99213684,awd,A9p1
CTGTGGGCAAATGGCG-1,0.69840974,0.042969912,0.0675802,0.19104028,0.8842453,RpL6,A9p2
CTGTGGGCAACCGGAA-1,0.92610276,0.04878921,0.0061355107,0.018972477,0.32492602,RpL6,A9p2
CTGTGGGCATAGTCGT-1,0.069523685,0.7128577,0.083452635,0.13416596,0.9033885,br,A10
CTGTGGGCATCGCTAA-1,0.3423035,0.13510534,0.089508705,0.43308243,1.2158467,awd,A9p1
CTGTGGGGTGGCTTGC-1,0.34038177,0.18089709,0.106293246,0.37242794,1.2822413,awd,A8
CTGTGGGTCAAACTGC-1,0.50417674,0.1616678,0.16671008,0.16744536,1.2377697,RpL6,A9p1
CTGTGGGTCATCTATC-1,0.17575108,0.05666402,0.41894156,0.34864333,1.2000933,dpn,A10
CTGTGGGTCTTAGCAG-1,0.37555167,0.20674595,0.092145436,0.3255569,1.2787426,RpL6,A9p2
CTTACCGCAAGGCAAC-1,0.28260964,0.18904053,0.30486926,0.22348051,1.3690491,dpn,A9p1
CTTACCGCAGTGTGCC-1,0.23472853,0.24038559,0.21165049,0.31323537,1.375129,awd,A10
CTTACCGGTTGGGATG-1,0.5437114,0.13443662,0.16572015,0.15613183,1.188892,RpL6,A9p1
CTTAGGAAGCTTTCTT-1,0.17231838,0.04924009,0.192342,0.58609957,1.0814757,awd,A9p1
CTTAGGAAGGCTTAAA-1,0.26670873,0.22770695,0.1386456,0.3669388,1.3312377,awd,A9p2
CTTAGGAAGTAATCCC-1,0.5082912,0.1186047,0.14183614,0.23126793,1.2124566,RpL6,A10
CTTAGGAGTTGGCCGT-1,0.3469046,0.15303414,0.2422074,0.25785393,1.3474553,RpL6,A10
CTTCAATAGACTCTTG-1,0.13645305,0.54484606,0.2420544,0.076646544,1.1428897,br,A10
CTTCAATCACCTGAAT-1,0.20370544,0.45694676,0.24483383,0.09451393,1.2494705,br,A8
CTTCAATTCAGCATTG-1,0.23090284,0.34349677,0.29151568,0.13408466,1.3342551,br,A10
CTTCCGAAGGACGGAG-1,0.4240569,0.1449839,0.20476253,0.22619665,1.3047177,RpL6,A10
CTTCCGAGTGTCATCA-1,0.20494543,0.17810252,0.09714087,0.5198112,1.1987383,awd,A9p2
CTTCCGAGTTGCAACT-1,0.37092322,0.07792274,0.22802351,0.32313052,1.2688575,RpL6,A10
CTTCCTTAGCCTAACT-1,0.32943082,0.115775734,0.07955597,0.4752375,1.1703485,awd,A9p2
CTTCCTTAGTTCATGC-1,0.36826363,0.39090246,0.077706315,0.16312762,1.229365,br,A8
CTTCCTTCATAGTCAC-1,0.53024924,0.13192916,0.20374267,0.13407892,1.1971577,RpL6,A9p1
CTTCCTTGTAGATCGG-1,0.10766425,0.16531384,0.27487478,0.4521472,1.2513802,awd,A9p2
CTTCCTTGTAGCGCTC-1,0.084103644,0.64705884,0.239058,0.029779403,0.93663895,br,A9p2
CTTCCTTGTATAGCTC-1,0.471098,0.1499191,0.13898186,0.24000102,1.2558626,RpL6,A10
CTTCCTTGTTGTTTGG-1,0.039008927,0.109379604,0.28349,0.56812143,1.0471817,awd,A9p2
CTTCCTTTCCCTTGGT-1,0.040931158,0.24081253,0.60510653,0.11314978,1.0241979,dpn,A9p1
CTTCCTTTCGTCCTCA-1,0.09170504,0.5123964,0.31555504,0.08034355,1.1282669,br,A8
CTTCCTTTCTTTCCGG-1,0.07308303,0.42021328,0.3665065,0.1401972,1.1988418,br,A8
CTTCGGTCATAGGAGC-1,0.095814876,0.19992031,0.5292259,0.1750389,1.1883733,dpn,A9p2
CTTCGGTCATCCGAGC-1,0.25426295,0.13643183,0.39792052,0.21138467,1.3151397,dpn,A9p1
CTTCGGTGTATGCGTT-1,0.10076411,0.101311885,0.13227426,0.6656497,1.0016983,awd,A10
CTTCGGTGTCGAATTC-1,0.0622801,0.5923833,0.24491866,0.10041796,1.0584301,br,A9p2
CTTCGGTGTCTTGTCC-1,0.048178546,0.13762999,0.79933137,0.014860048,0.6606449,dpn,A10
CTTCGGTGTGTTCATG-1,0.3540769,0.08863909,0.075394854,0.48188916,1.1291018,awd,A10
CTTCGGTGTTCAAGTC-1,0.34059834,0.19796997,0.18345742,0.27797425,1.3544542,RpL6,A10
CTTCGGTGTTGGTGTT-1,0.9003599,0.07735818,0.0061514666,0.016130384,0.39037427,RpL6,A9p2
CTTCGGTTCATGTCAG-1,0.2837357,0.11987492,0.21175526,0.38463408,1.3079331,awd,A8
CTTCTAAAGCAGGCTA-1,0.17711237,0.081367195,0.16389523,0.5776252,1.1241361,awd,A9p2
CTTCTAAGTACTAAGA-1,0.27510393,0.08133172,0.24342746,0.40013686,1.2695823,awd,A9p1
CTTCTAATCAGTGCGC-1,0.076185256,0.26604703,0.30377355,0.3539942,1.2779657,awd,A8
CTTCTCTCATCGATCA-1,0.06902333,0.56417954,0.21939532,0.14740175,1.1224582,br,A8
CTTCTCTCATGAGAAT-1,0.1440232,0.3090501,0.110550165,0.43637654,1.2473162,awd,A10
CTTCTCTTCAGAATAG-1,0.27507743,0.15205762,0.17118835,0.4016766,1.3099613,awd,A9p2
CTTCTCTTCGATCCCT-1,0.16336767,0.13141038,0.12732016,0.57790184,1.1419764,awd,A10
CTTGAGAAGATCGCCC-1,0.37054434,0.25575528,0.18813881,0.1855616,1.3434551,RpL6,A9p1
CTTGAGACAACACAAA-1,0.083557725,0.35519364,0.35629094,0.20495774,1.2676096,dpn,A9p1
CTTGAGACACAAATAG-1,0.23830242,0.5411287,0.16638991,0.054178968,1.1304469,br,A8
CTTGAGACACATTGTG-1,0.18410891,0.2564821,0.2524179,0.3069911,1.3705815,awd,A9p2
CTTGAGACAGCACAAG-1,0.066231765,0.2168251,0.64532954,0.071613625,0.982703,dpn,A9p1
CTTGAGACATGTGTCA-1,0.2353679,0.17065236,0.33935648,0.2546233,1.3572804,dpn,A9p1
CTTGAGAGTACACGCC-1,0.3409296,0.17609522,0.20002805,0.28294718,1.3518213,RpL6,A9p2
CTTGATTAGAGGATCC-1,0.2886418,0.12297003,0.3522611,0.23612711,1.324745,dpn,A9p1
CTTGATTAGTATGGCG-1,0.055877995,0.016833944,0.71850145,0.20878658,0.7945205,dpn,A9p1
CTTGATTCAACATACC-1,0.17410135,0.11127147,0.42598367,0.28864354,1.2708503,dpn,A9p1
CTTGATTCAGAGGAAA-1,0.4460224,0.11948855,0.1954061,0.23908298,1.275119,RpL6,A9p1
CTTGATTCAGAGTTCT-1,0.079920664,0.066251434,0.4364872,0.4173408,1.1083037,dpn,A10
CTTGATTCAGTCACGC-1,0.037327413,0.3307761,0.20528613,0.42661035,1.1771382,awd,A8
CTTGATTGTTCTATCT-1,0.07784397,0.02804304,0.39168552,0.5024275,1.0119138,awd,A9p1
CTTGATTTCATCGCCT-1,0.3036345,0.47913447,0.07081413,0.14641692,1.1832507,br,A8
CTTTCAACAACCACGC-1,0.30543962,0.18466751,0.18330505,0.32658777,1.3506587,awd,A9p1
CTTTCAACAAGCACCC-1,0.21217842,0.14519095,0.5066378,0.13599277,1.2249413,dpn,A9p1
CTTTCAAGTCGCTTGG-1,0.055513088,0.36750802,0.32786864,0.2491103,1.2402236,br,A9p1
CTTTCAAGTGGCAACA-1,0.072772935,0.22210366,0.60432607,0.10079734,1.0605322,dpn,A9p1
CTTTCAAGTGTGAGCA-1,0.10935874,0.37489098,0.34526214,0.17048818,1.2786155,br,A9p2
CTTTCAAGTTGATCGT-1,0.10384978,0.64412576,0.13487244,0.11715207,1.0399401,br,A9p1
CTTTCAATCCTAAGTG-1,0.25576982,0.30919516,0.10277647,0.33225858,1.3115975,awd,A8
CTTTCGGAGTCACGCC-1,0.23909608,0.051352218,0.31598234,0.39356938,1.2256234,awd,A9p1
CTTTCGGCAAACGTGG-1,0.11684085,0.229991,0.49342254,0.15974563,1.2304213,dpn,A10
CTTTCGGCACACCGAC-1,0.10686766,0.5590584,0.2039987,0.13007517,1.1536585,br,A8
CTTTCGGCACTTGTCC-1,0.33347145,0.06797859,0.23043208,0.3681179,1.2550898,awd,A9p2
CTTTCGGGTGCAGATG-1,0.20412496,0.30304128,0.20617262,0.28666115,1.3698812,br,A9p2
CTTTCGGTCCAGTGCG-1,0.07980729,0.1450797,0.044856578,0.73025644,0.8506471,awd,A9p1
GAAACCTAGCGTTAGG-1,0.37454382,0.09207353,0.39523107,0.13815151,1.2277749,dpn,A8
GAAACCTAGTGAGGTC-1,0.18163882,0.58738506,0.18182766,0.04914842,1.0804011,br,A9p1
GAAACCTCACACCGAC-1,0.08020527,0.13366914,0.16988118,0.6162444,1.0708373,awd,A10
GAAACCTGTCCATCTC-1,0.1323467,0.4899157,0.12912156,0.24861604,1.2275615,br,A9p2
GAAACCTGTTCGCGTG-1,0.70916605,0.06830515,0.094362505,0.12816632,0.91309273,RpL6,A9p1
GAAACCTTCTGTCGTC-1,0.032320417,0.3006793,0.56072646,0.106273845,1.0348856,dpn,A9p1
GAAATGAAGTTTCAGC-1,0.0355753,0.13641472,0.77765876,0.05035121,0.73647076,dpn,A9p2
GAAATGACAGTAGAGC-1,0.34105706,0.47338638,0.04922834,0.13632825,1.1407964,br,A9p1
GAAATGACATGTGGCC-1,0.020194085,0.21092536,0.71638393,0.052496687,0.8007075,dpn,A9p1
GAAATGATCCATGCAA-1,0.48606732,0.12572038,0.15180321,0.2364091,1.2384807,RpL6,A9p1
GAAATGATCGTTATCT-1,0.15639283,0.51837516,0.2832008,0.042031154,1.1212674,br,A9p1
GAACACTAGGATACAT-1,0.15030032,0.02888737,0.11992664,0.70088565,0.89067566,awd,A10
GAACACTAGGGACTGT-1,0.14379157,0.41707146,0.3127967,0.1263402,1.2684987,br,A8
GAACACTCAGTTAGGG-1,0.10039181,0.009068291,0.3798081,0.5107318,0.9842702,awd,A9p1
GAACACTGTCGTGATT-1,0.24971476,0.3483215,0.095418096,0.30654567,1.300453,br,A10
GAACACTGTTGTACGT-1,0.1863264,0.3533983,0.11205914,0.3482162,1.2932779,br,A9p1
GAACACTTCAGGAGAC-1,0.42285064,0.17575054,0.17894581,0.22245309,1.3118012,RpL6,A9p2
GAACACTTCGTTGTGA-1,0.04955218,0.13126825,0.766598,0.052581653,0.7740624,dpn,A10
GAACGTTAGACAGCTG-1,0.1986401,0.43872827,0.15214844,0.21048322,1.2969979,br,A9p2
GAACGTTAGTTTCTTC-1,0.39675412,0.18953376,0.07119943,0.3425127,1.2371172,RpL6,A9p1
GAACGTTCAATTGAAG-1,0.071176425,0.5822078,0.21512128,0.1314945,1.1003429,br,A9p2
GAACGTTGTCAGTCGC-1,0.0354014,0.41598383,0.5159464,0.032668382,0.936338,dpn,A8
GAACGTTTCGACTCCT-1,0.08266637,0.43051612,0.18486834,0.30194917,1.2425703,br,A9p2
GAACGTTTCGCGATCG-1,0.03297842,0.22252506,0.48864794,0.25584856,1.1456032,dpn,A9p1
GAACGTTTCTCTCGCA-1,0.3788722,0.15576422,0.12352053,0.34184298,1.2826066,RpL6,A9p2
GAACTGTAGATGTTGA-1,0.30008185,0.3062396,0.26633033,0.12734818,1.3384113,br,A9p2
GAACTGTAGTTGCCTA-1,0.2541673,0.12752946,0.20530525,0.41299805,1.3010542,awd,A9p2
GAACTGTCACTGTCCT-1,0.35338342,0.27201837,0.25176102,0.12283711,1.3265512,RpL6,A9p1
GAACTGTCATTGACCA-1,0.120521486,0.050054938,0.6471538,0.18226972,0.99680555,dpn,A9p1
GAACTGTGTGTCTTAG-1,0.4056248,0.19635859,0.12955941,0.26845726,1.3034492,RpL6,A9p2
GAACTGTTCATTGAGC-1,0.22928102,0.096091844,0.066915214,0.6077119,1.0464115,awd,A9p1
GAAGAATAGGTGTGAC-1,0.21172385,0.4699125,0.13846284,0.17990084,1.2659326,br,A9p2
GAAGAATCAAACCACT-1,0.33243623,0.26170474,0.13646442,0.26939464,1.3420668,RpL6,A9p1
GAAGAATCAGCGACAA-1,0.14620079,0.20438787,0.2623388,0.38707253,1.3240527,awd,A10
GAAGAATGTAGAGCTG-1,0.24405898,0.21727656,0.08655692,0.45210764,1.246598,awd,A9p1
GAAGAATGTATGTCAC-1,0.070321225,0.095906384,0.14995253,0.68381983,0.95594025,awd,A10
GAAGAATGTCAAACGG-1,0.12831114,0.44213232,0.27877784,0.15077876,1.2656642,br,A8
GAAGAATGTGACCTGC-1,0.07332104,0.39053392,0.31721976,0.21892527,1.255549,br,A8
GAAGAATGTGTAAATG-1,0.33593407,0.12665412,0.3548828,0.18252908,1.3062562,dpn,A10
GAAGAATTCCGGTAAT-1,0.047116667,0.50461715,0.43924588,0.0090202745,0.8929188,br,A9p2
GAAGAATTCTACGGTA-1,0.082850546,0.23437844,0.5393853,0.14338571,1.1578599,dpn,A9p2
GAAGCCCCATGAGATA-1,0.3373228,0.08124216,0.097206905,0.48422813,1.1482604,awd,A8
GAAGCCCGTACAGTCT-1,0.13559057,0.6180972,0.23950043,0.006811774,0.9445768,br,A8
GAAGCCCGTACTGCCG-1,0.16326971,0.09880917,0.25290877,0.48501238,1.2232285,awd,A8
GAAGCCCTCGCCGAGT-1,0.105725296,0.35234857,0.36315605,0.17877008,1.2807316,dpn,A8
GAAGCGAAGAGAGGTA-1,0.0779575,0.19319876,0.5379916,0.19085218,1.1661491,dpn,A8
GAAGCGAAGAGTCAGC-1,0.154389,0.45486155,0.3004388,0.09031063,1.2251976,br,A9p1
GAAGCGACACCTGAAT-1,0.46612564,0.1584322,0.1920856,0.18335657,1.2756312,RpL6,A9p1
GAAGCGACACGTAGAG-1,0.094029546,0.20291954,0.5342604,0.1687905,1.1811527,dpn,A9p1
GAAGCGACAGCATACT-1,0.3027779,0.13764255,0.12618181,0.4333977,1.2582678,awd,A10
GAAGCGAGTACCCAGC-1,0.41634473,0.23853415,0.16355751,0.18156351,1.3126062,RpL6,A10
GAAGCGATCAGACATC-1,0.08666405,0.20833914,0.6796654,0.025331426,0.8943209,dpn,A9p1
GAAGCGATCATTCACT-1,0.32532665,0.113025725,0.19555488,0.36609274,1.2987334,awd,A10
GAAGGACCAAGTGATA-1,0.38643286,0.42725697,0.039338082,0.14697209,1.1398473,br,A10
GAAGGACCACGCGCAT-1,0.56007725,0.177964,0.077490374,0.18446836,1.141855,RpL6,A9p2
GAAGGACCACGTAGTT-1,0.07234894,0.29156813,0.55174,0.08434295,1.0860356,dpn,A8
GAAGGACTCCGAGAAG-1,0.20983306,0.100783184,0.17485645,0.51452726,1.2057377,awd,A9p2
GAAGGACTCGATTGGT-1,0.34481633,0.083239615,0.15451618,0.41742784,1.2273127,awd,A9p1
GAAGGACTCTCCAAGA-1,0.106647044,0.47617424,0.33567846,0.08150025,1.1627688,br,A8
GAAGGACTCTGAGGCC-1,0.3666323,0.091700226,0.14116758,0.4004999,1.2298235,awd,A9p1
GAAGGGTCACCATATG-1,0.18646224,0.09736932,0.09467597,0.62149245,1.0587459,awd,A9p1
GAAGGGTCATAACCCA-1,0.15776466,0.17919992,0.06003285,0.60300255,1.0733095,awd,A8
GAAGGGTGTACAGCGA-1,0.2779463,0.29193985,0.13214655,0.2979673,1.3435152,awd,A9p1
GAAGGGTGTTGGTAGG-1,0.20429474,0.541687,0.09127178,0.16274652,1.1705227,br,A9p1
GAAGGGTTCCAAAGGG-1,0.11837579,0.38127577,0.29303235,0.20731616,1.3061427,br,A8
GAAGGGTTCTTTCGAT-1,0.33061618,0.26715785,0.11340017,0.28882578,1.324106,RpL6,A9p2
GAAGTAAAGAGCTTTC-1,0.19439553,0.20360635,0.2722153,0.32978278,1.3624771,awd,A10
GAAGTAACACGGTGCT-1,0.4650128,0.27891284,0.17023933,0.08583514,1.224358,RpL6,A8
GAAGTAAGTAGGGTAC-1,0.06607833,0.1904448,0.6776352,0.065841675,0.93818307,dpn,A9p2
GAAGTAAGTATCCCTC-1,0.23233455,0.19717672,0.54074836,0.029740311,1.0962546,dpn,A9p1
GAAGTAAGTGCACATT-1,0.27946353,0.559024,0.032408424,0.12910408,1.0568242,br,A9p2
GAAGTAAGTTATTCCT-1,0.34679458,0.070281886,0.110357545,0.47256604,1.151335,awd,A9p2
GAAGTAATCCGAACGC-1,0.22202836,0.049423765,0.23254988,0.49599805,1.1697695,awd,A9p1
GAAGTAATCGCGATCG-1,0.2960333,0.47566426,0.11069752,0.11760488,1.2091599,br,A9p1
GAAGTAATCTGCTAGA-1,0.30478927,0.6719896,0.011362138,0.011858954,0.732719,br,A10
GAATAGAAGGGCTAAC-1,0.23365113,0.28930813,0.33075064,0.14629014,1.3456626,dpn,A8
GAATAGAAGTAACCGG-1,0.31287712,0.19586761,0.24985965,0.24139565,1.3724914,RpL6,A9p2
GAATAGACAAGTGGCA-1,0.2270299,0.197016,0.3071428,0.2688113,1.372372,dpn,A9p1
GAATAGACACAGAAGC-1,0.44683346,0.080337316,0.07769007,0.39513913,1.1279213,RpL6,A9p2
GAATAGACACCTCAGG-1,0.06366275,0.05439779,0.07453611,0.8074033,0.69997287,awd,A9p2
GAATAGACAGAAATCA-1,0.069116265,0.16415344,0.54434127,0.22238901,1.1466743,dpn,A10
GAATAGACATTGTCGA-1,0.20805696,0.4660784,0.29237834,0.033486288,1.1557224,br,A8
GAATAGAGTAGGAAAG-1,0.25579053,0.090553395,0.10299052,0.55066556,1.1288884,awd,A9p2
GAATAGAGTATCTCTT-1,0.14094013,0.4924769,0.19057558,0.1760074,1.2466698,br,A9p2
GAATAGAGTGAACGGT-1,0.41204983,0.08152141,0.07741249,0.42901626,1.1308208,awd,A9p2
GAATAGAGTGAGATCG-1,0.15230586,0.33631474,0.11562248,0.39575693,1.2693995,awd,A9p1
GAATAGAGTTGATGTC-1,0.17629497,0.30854627,0.22103667,0.29412207,1.362365,br,A9p2
GAATAGATCGTTCGCT-1,0.27534303,0.38142526,0.165525,0.17770672,1.3274819,br,A9p1
GAATAGATCTCTATAC-1,0.21729061,0.2091916,0.12568797,0.44782987,1.2794111,awd,A10
GAATCACAGGTAAGTT-1,0.21850894,0.14535938,0.08530218,0.5508295,1.1511209,awd,A9p2
GAATCACAGGTTGCCC-1,0.082961656,0.33473232,0.27822313,0.30408287,1.2907987,br,A9p1
GAATCACCAAGGTCAG-1,0.19611326,0.10377333,0.5845272,0.1155862,1.117852,dpn,A9p2
GAATCACCAGCTCTGG-1,0.121479325,0.61757153,0.12167282,0.13927627,1.0845735,br,A10
GAATCACCATAGCTGT-1,0.30329853,0.12791875,0.060780246,0.5080025,1.1391623,awd,A10
GAATCACCATTCGATG-1,0.35841042,0.14552332,0.22944346,0.26662287,1.3384583,RpL6,A8
GAATCACGTAGTCTGT-1,0.078375,0.75218296,0.15224338,0.017198624,0.7702064,br,A10
GAATCACTCGTAATGC-1,0.40347257,0.080842026,0.12859088,0.38709447,1.2006905,RpL6,A9p2
GAATCGTAGATCCAAA-1,0.25071326,0.21424161,0.23620996,0.2988352,1.3787307,awd,A9p2
GAATCGTCAACACGAG-1,0.14703096,0.42922387,0.35334176,0.07040344,1.1993072,br,A9p1
GAATCGTCAACTGCTA-1,0.22138883,0.11556081,0.39562747,0.26742285,1.302762,dpn,A10
GAATCGTGTACACGCC-1,0.17736176,0.1659879,0.23678362,0.41986674,1.3103266,awd,A9p2
GAATCGTTCGACGAGA-1,0.100252435,0.08033838,0.25396466,0.5654446,1.103619,awd,A10
GACACGCAGAAACTAC-1,0.3146377,0.107524365,0.26385275,0.31398523,1.3188808,RpL6,A10
GACACGCAGACTCTAC-1,0.33876592,0.29539475,0.15124285,0.21459644,1.3428538,RpL6,A8
GACACGCAGGTAGTAT-1,0.4704213,0.23590645,0.19968839,0.09398385,1.2394162,RpL6,A8
GACACGCCAAAGTATG-1,0.28501612,0.19490309,0.15140653,0.36867428,1.3301725,awd,A9p2
GACACGCCATGGGATG-1,0.1383954,0.40752184,0.2275622,0.22652058,1.3127451,br,A9p1
GACACGCGTGCCGTAC-1,0.16935524,0.4094262,0.32973242,0.09148612,1.2509755,br,A8
GACAGCCAGGTCGTCC-1,0.20806766,0.09890445,0.49190837,0.20111948,1.2270266,dpn,A9p1
GACAGCCCAAACACCT-1,0.546229,0.18044129,0.14759092,0.12573874,1.1824054,RpL6,A8
GACAGCCGTAACATGA-1,0.090133466,0.33324754,0.020736087,0.55588293,0.98988223,awd,A10
GACAGCCGTAGCTTAC-1,0.036004033,0.39451012,0.35428736,0.2151985,1.1848319,br,A8
GACAGCCTCGATTGAC-1,0.25978377,0.080409475,0.18293522,0.47687146,1.2167113,awd,A9p2
GACAGCCTCTCAGGCG-1,0.07215737,0.570695,0.19250639,0.16464122,1.1239871,br,A9p1
GACATCAAGCAATAAC-1,0.27476165,0.08718973,0.4841218,0.15392683,1.2068962,dpn,A9p1
GACATCACAGCACCCA-1,0.14786866,0.2887581,0.29894084,0.26443243,1.3540401,dpn,A10
GACATCACATGCAGCC-1,0.28250906,0.29850572,0.12788455,0.29110068,1.3402416,br,A8
GACATCACATGGAGAC-1,0.3481311,0.102555655,0.36145848,0.18785475,1.2828271,dpn,A9p1
GACATCAGTGTTAGCT-1,0.083670475,0.66076833,0.1592137,0.09634743,0.9993558,br,A8
GACATCAGTTACCTTT-1,0.345231,0.13401243,0.25138757,0.26936904,1.3369385,RpL6,A10
GACATCATCACTACTT-1,0.06026176,0.2030293,0.7238088,0.012900067,0.783067,dpn,A8
GACATCATCCGCAAAT-1,0.23236552,0.1941888,0.16352771,0.40991798,1.3190608,awd,A9p2
GACATCATCGTTGCCT-1,0.124733366,0.07137464,0.74357057,0.060321454,0.8377582,dpn,A9p1
GACATCATCTTCCAGC-1,0.021904897,0.18147358,0.7646473,0.031974144,0.70867795,dpn,A9p1
GACCAATCAATTGGTC-1,0.3568785,0.32613894,0.14320298,0.17377962,1.3155522,RpL6,A10
GACCAATCATACAGCT-1,0.2438435,0.3551154,0.1428799,0.25816122,1.3393775,br,A8
GACCAATCATCATTGG-1,0.32565477,0.098739624,0.1650407,0.41056487,1.2567915,awd,A9p2
GACCAATGTATTCCTT-1,0.38941896,0.10332364,0.44742894,0.0598284,1.1301265,dpn,A8
GACCAATGTCGCAGTC-1,0.8691984,0.09766158,0.0056800065,0.02746002,0.4771222,RpL6,A10
GACCAATTCGCAGTTA-1,0.08987338,0.40240005,0.43942997,0.06829658,1.127479,dpn,A8
GACCAATTCGTCGACG-1,0.100894354,0.26545447,0.2601544,0.37349674,1.3016243,awd,A10
GACCCAGAGACCAGCA-1,0.10410413,0.48623487,0.08265986,0.32700115,1.1577196,br,A9p2
GACCCAGAGGTCATCT-1,0.66308385,0.056301933,0.14267612,0.13793807,0.98547703,RpL6,A9p2
GACCCAGCATCTCCCA-1,0.98955965,0.007100761,0.0007931956,0.0025463633,0.06638968,RpL6,A9p2
GACCCAGGTCGCATGC-1,0.06571259,0.2511441,0.18974853,0.4933948,1.1898425,awd,A9p1
GACCCAGGTTGATGTC-1,0.067532256,0.23137936,0.60401505,0.09707331,1.0515996,dpn,A9p1
GACCCAGGTTTAGTCG-1,0.049898624,0.2713251,0.34804747,0.33072874,1.2367829,dpn,A9p1
GACCCAGTCAACTGAC-1,0.037997432,0.14951131,0.72077507,0.09171625,0.8635068,dpn,A9p1
GACCCAGTCAGCTCTC-1,0.1737568,0.3069333,0.15513498,0.3641749,1.3235667,awd,A10
GACCCAGTCATCGCCT-1,0.14310923,0.043739572,0.11254961,0.7006016,0.9102427,awd,A9p1
GACCCTTCAACCCTAA-1,0.03759043,0.18559691,0.6704043,0.10640839,0.942395,dpn,A9p1
GACCCTTCAGCTGAGA-1,0.07494644,0.2542313,0.5624903,0.10833202,1.1067775,dpn,A9p1
GACCCTTCAGTACTAC-1,0.32224444,0.08276945,0.20163815,0.39334798,1.2610571,awd,A9p2
GACCCTTCATCGCCTT-1,0.4139398,0.1300865,0.33957726,0.11639636,1.2475296,RpL6,A8
GACCCTTGTCGAAGCA-1,0.6076859,0.08929637,0.090879224,0.21213852,1.0652812,RpL6,A8
GACCCTTGTCTGATCA-1,0.10717506,0.01816955,0.107284166,0.76737124,0.75485265,awd,A10
GACCCTTGTTCCGCTT-1,0.11241149,0.33922598,0.500667,0.04769548,1.1039207,dpn,A9p2
GACCGTGCACCCTTAC-1,0.25744128,0.23693225,0.23320329,0.27242318,1.3842831,awd,A10
GACCGTGCATAGGAGC-1,0.24133497,0.20454718,0.081018426,0.47309947,1.2253788,awd,A10
GACCGTGGTCACTCAA-1,0.26394913,0.05117247,0.41261315,0.27226523,1.2231678,dpn,A9p2
GACCGTGGTCGCGGTT-1,0.12477772,0.55908775,0.2047258,0.111408696,1.1539752,br,A9p1
GACCGTGTCACATTGG-1,0.13581544,0.20163667,0.62412804,0.03841977,1.0134591,dpn,A9p1
GACCGTGTCTGGACTA-1,0.36757806,0.120130934,0.20190069,0.3103903,1.3086278,RpL6,A10
GACCTTCAGAACTTCC-1,0.12710463,0.19894737,0.56139773,0.112550266,1.1533867,dpn,A8
GACCTTCAGGTGAGCT-1,0.2545388,0.082215585,0.16004308,0.5032025,1.1925237,awd,A9p1
GACCTTCCAATGGGTG-1,0.212148,0.13630803,0.26179874,0.3897452,1.3186685,awd,A9p2
GACCTTCCATGATCTG-1,0.19244571,0.5937065,0.20820035,0.005647434,0.9826336,br,A8
GACCTTCGTCACTTAG-1,0.040926404,0.21524395,0.66011995,0.08370974,0.9432148,dpn,A8
GACCTTCGTGTGTTTG-1,0.04985161,0.19449629,0.6948324,0.060819704,0.8912105,dpn,A8
GACCTTCGTTACGTAC-1,0.08533237,0.34926128,0.29230574,0.27310058,1.2914045,br,A9p1
GACCTTCTCTTGGCTC-1,0.10536938,0.3464826,0.35937348,0.18877451,1.2868614,dpn,A8
GACGCTGAGCGTGTCC-1,0.33641997,0.072308436,0.16271406,0.42855752,1.2150147,awd,A9p2
GACGCTGAGCTTAAGA-1,0.06283267,0.2553289,0.45219994,0.22963855,1.2191865,dpn,A10
GACGCTGAGGATTTCC-1,0.22400683,0.15950784,0.526689,0.08979629,1.1820464,dpn,A9p2
GACGCTGGTGGCTGAA-1,0.55394113,0.12216346,0.12760444,0.19629093,1.1663543,RpL6,A9p1
GACGCTGTCACCATGA-1,0.08182828,0.19891766,0.56007046,0.15918367,1.1432521,dpn,A9p2
GACGTTAAGCCGAACA-1,0.14940943,0.30813417,0.31289795,0.22955844,1.3481457,dpn,A9p1
GACGTTACACGGATCC-1,0.045501385,0.26694798,0.53814393,0.14940667,1.1106427,dpn,A8
GACGTTACATACATCG-1,0.035429664,0.10567949,0.08295968,0.7759311,0.7592076,awd,A9p1
GACGTTAGTGGCACTC-1,0.051676255,0.63920003,0.15225275,0.15687093,1.0163196,br,A9p1
GACGTTATCATCGACA-1,0.038227573,0.47098714,0.47258222,0.018203054,0.9065455,dpn,A9p1
GACTATGAGCGTTCCG-1,0.11948156,0.3497128,0.32643434,0.2043713,1.3112291,br,A9p1
GACTATGAGCTGTTAC-1,0.4153585,0.544653,0.0094472645,0.030541241,0.84646606,br,A8
GACTATGCAAAGTGTA-1,0.11754495,0.06556597,0.55405825,0.26283085,1.1086731,dpn,A10
GACTATGCAATCCAGT-1,0.81997895,0.1481457,0.010197652,0.021677634,0.5754592,RpL6,A9p2
GACTATGGTCGATTCA-1,0.2625997,0.06568453,0.068854064,0.6028617,1.0193064,awd,A9p1
GACTATGGTCGGAAAC-1,0.37475106,0.09936326,0.1723169,0.35356876,1.2678456,RpL6,A10
GACTATGGTCTACAAC-1,0.19736774,0.22671439,0.4767468,0.09917113,1.2390597,dpn,A8
GACTATGGTTACCTGA-1,0.14743765,0.114327125,0.40441,0.33382526,1.2625628,dpn,A9p1
GACTATGTCCTCACTG-1,0.065930195,0.052829042,0.8403547,0.04088608,0.6115041,dpn,A9p1
GACTCAAAGTGCCTCG-1,0.1906659,0.17144369,0.31079662,0.32709378,1.3470508,awd,A10
GACTCAACAAACCATC-1,0.34703767,0.11309508,0.093527414,0.4463398,1.1954356,awd,A9p2
GACTCAACAAGTAGTA-1,0.47027582,0.14432439,0.21995224,0.16544758,1.2649009,RpL6,A9p1
GACTCAACACACACTA-1,0.27435458,0.07772888,0.3937962,0.25412032,1.2685115,dpn,A9p2
GACTCAAGTGGCTTGC-1,0.38081017,0.4319124,0.043920454,0.14335693,1.1459863,br,A10
GACTCAAGTGTTGATC-1,0.29924563,0.1273593,0.46793187,0.105463214,1.2160828,dpn,A10
GACTCAATCCGAAATC-1,0.35935378,0.16267231,0.14483073,0.33314314,1.3092213,RpL6,A9p2
GACTCTCCAAAGGCAC-1,0.34045503,0.1486945,0.22053382,0.2903166,1.3426627,RpL6,A8
GACTCTCCACGTCTCT-1,0.045043986,0.6946017,0.11607349,0.14428079,0.92206067,br,A9p2
GACTCTCGTTATGTGC-1,0.15031043,0.09539199,0.1661711,0.58812654,1.1194133,awd,A9p1
GACTCTCTCCCTGTTG-1,0.14482567,0.4214404,0.13897671,0.2947572,1.2783325,br,A9p1
GACTCTCTCCTACCAC-1,0.42884025,0.10120418,0.20168678,0.26826882,1.2707938,RpL6,A9p2
GACTGATAGAGTAACT-1,0.3355996,0.09202477,0.20338516,0.36899048,1.2777631,awd,A10
GACTGATAGGCTAAAT-1,0.031563267,0.73514974,0.20474945,0.028537529,0.76148766,br,A9p1
GACTGATAGGTTGAGC-1,0.07937,0.31618375,0.43534544,0.16910075,1.2277347,dpn,A8
GACTGATAGTTACGGG-1,0.10329941,0.08761615,0.79459065,0.01449375,0.6918952,dpn,A8
GACTGATCAACACACT-1,0.26325357,0.13289316,0.2848184,0.3190349,1.3417418,awd,A9p2
GACTGATCACTATGTG-1,0.20715007,0.36545423,0.14536472,0.28203103,1.3313049,br,A9p1
GACTGATCAGACGGAT-1,0.3932715,0.16893569,0.2511343,0.1866585,1.3277411,RpL6,A9p1
GACTGATCAGCTGAGA-1,0.062899955,0.14068538,0.7360909,0.06032382,0.84484124,dpn,A9p1
GACTGATGTATGGTTC-1,0.2866924,0.05981018,0.56330365,0.09019387,1.0669264,dpn,A10
GACTGATTCACCTTGC-1,0.056485515,0.5011542,0.28965983,0.15270044,1.1544135,br,A8
GACTGATTCGTAACCA-1,0.2959919,0.28643188,0.020516604,0.39705962,1.1649499,awd,A10
GACTTCCGTAGCGAGT-1,0.06527889,0.040337395,0.10209695,0.7922868,0.7250917,awd,A9p1
GACTTCCGTGAGTAAT-1,0.3708981,0.44307557,0.042352855,0.14367348,1.1412021,br,A9p2
GACTTCCTCAGTCCGG-1,0.040491458,0.30194816,0.4891288,0.16843157,1.1412305,dpn,A10
GACTTCCTCCTCAGGG-1,0.112513974,0.38481066,0.41872063,0.083954655,1.1858162,dpn,A8
GACTTCCTCTGACAGT-1,0.23336719,0.24732696,0.21945395,0.29985186,1.3790973,awd,A9p2
GAGAAATAGCGCAATG-1,0.16232547,0.31222716,0.13260867,0.3928387,1.2935399,awd,A9p1
GAGAAATAGTGTGTTC-1,0.49570447,0.20141473,0.15852343,0.14435735,1.2419932,RpL6,A9p2
GAGAAATGTCAACCTA-1,0.04762492,0.2126866,0.58315265,0.15653583,1.0790033,dpn,A9p1
GAGAAATGTCACGCTG-1,0.3032088,0.107848145,0.27453503,0.314408,1.3206855,awd,A8
GAGAAATTCAACTTTC-1,0.093538254,0.37956733,0.14802489,0.37886953,1.2398238,br,A9p2
GAGAAATTCTCTGAGA-1,0.41066477,0.15430652,0.07913585,0.3558929,1.22227,RpL6,A9p2
GAGACCCAGGCGTTGA-1,0.3989139,0.08283884,0.12001294,0.3982343,1.1940519,RpL6,A10
GAGACCCAGGGCAAGG-1,0.2989176,0.1442623,0.075640246,0.4811798,1.1875539,awd,A9p2
GAGACCCGTCGCGGTT-1,0.3527772,0.51800764,0.019874664,0.109340504,1.0281698,br,A10
GAGACCCTCTCGCCTA-1,0.11451741,0.02315574,0.6784729,0.18385403,0.90992033,dpn,A9p1
GAGACTTAGGAATCGC-1,0.31727746,0.03494297,0.12930527,0.5184743,1.0864996,awd,A9p1
GAGACTTCAAGTGGAC-1,0.16917881,0.18290871,0.5312786,0.11663393,1.1979464,dpn,A10
GAGACTTCACTCTCGT-1,0.06333844,0.13816424,0.57571423,0.22278304,1.1006361,dpn,A9p1
GAGACTTGTGAGTAGC-1,0.5272747,0.030791204,0.06918422,0.37274978,0.99728024,RpL6,A8
GAGACTTGTGTGTCCG-1,0.06428925,0.56208646,0.22371082,0.14991345,1.119726,br,A9p2
GAGACTTTCCGCACGA-1,0.35047242,0.50495946,0.014586981,0.1299812,1.0393656,br,A10
GAGACTTTCTTCACGC-1,0.13935608,0.4431607,0.24612062,0.17136261,1.2826104,br,A8
GAGAGGTAGTAATACG-1,0.0952932,0.34929034,0.2139498,0.34146664,1.2882378,br,A9p1
GAGAGGTCACTCTCGT-1,0.42331716,0.22487265,0.053558677,0.2982515,1.2170525,RpL6,A10
GAGAGGTCAGATCCAT-1,0.20356624,0.35369647,0.27993616,0.16280119,1.3435657,br,A10
GAGAGGTGTAAGACCG-1,0.16098338,0.41655904,0.31744096,0.1050166,1.2597419,br,A9p2
GAGAGGTTCTTCCCGA-1,0.19312948,0.3139515,0.41141784,0.08150121,1.251033,dpn,A9p1
GAGATGGAGCCATATC-1,0.59833527,0.10366067,0.18728289,0.11072121,1.0996608,RpL6,A10
GAGATGGAGCGCATCC-1,0.15758534,0.1906194,0.37759215,0.2742031,1.3296714,dpn,A9p1
GAGATGGAGCTACTAC-1,0.07942322,0.22015242,0.46525183,0.23517251,1.2307595,dpn,A9p1
GAGATGGAGGGTGGGA-1,0.32712224,0.042661257,0.21102343,0.4191931,1.1928705,awd,A10
GAGATGGAGTTAGTGA-1,0.25174233,0.16775183,0.28313687,0.297369,1.3646356,awd,A8
GAGATGGCACACCAGC-1,0.2678099,0.09895664,0.074769974,0.55846345,1.1009734,awd,A10
GAGATGGCAGGCCTGT-1,0.16242121,0.42896032,0.36408648,0.04453198,1.1647019,br,A8
GAGATGGCATGTGACT-1,0.15761983,0.4643094,0.14898759,0.22908315,1.268683,br,A8
GAGATGGGTATACCTG-1,0.24551086,0.14477241,0.21376634,0.39595044,1.3212337,awd,A10
GAGATGGGTCTTGAAC-1,0.20238306,0.034109775,0.645971,0.1175362,0.9724902,dpn,A10
GAGATGGTCAAGAAAC-1,0.26215434,0.083096676,0.15495048,0.49979857,1.1932654,awd,A9p1
GAGATGGTCCACTGAA-1,0.62681335,0.11324926,0.13701025,0.12292712,1.0694746,RpL6,A9p2
GAGATGGTCCGGACGT-1,0.09014236,0.48582056,0.15065451,0.27338257,1.2073361,br,A8
GAGATGGTCGAACTCA-1,0.717117,0.11344707,0.10015428,0.06928168,0.9007734,RpL6,A9p2
GAGATGGTCGGTCTAA-1,0.41500732,0.40245372,0.045210548,0.13732846,1.1439255,RpL6,A9p1
GAGCCTGAGCGTGCCT-1,0.054922402,0.33620542,0.53631586,0.07255631,1.0503362,dpn,A9p1
GAGCCTGAGCTGAGTG-1,0.08947543,0.7372348,0.14745253,0.025837237,0.81744045,br,A9p1
GAGCCTGCACGGGCTT-1,0.24602027,0.24274874,0.2276791,0.28355187,1.3829719,awd,A9p2
GAGCCTGCACTTCAGA-1,0.22815183,0.25277272,0.1798173,0.3392581,1.3600483,awd,A9p1
GAGCCTGCAGACCCGT-1,0.099790245,0.4525672,0.12925784,0.31838477,1.2176331,br,A9p1
GAGCCTGCATTGTAGC-1,0.08338719,0.5780951,0.22083144,0.11768624,1.1093125,br,A10
GAGCCTGGTGATTCTG-1,0.35209286,0.29644457,0.055827368,0.29563525,1.2493403,RpL6,A9p1
GAGCCTGGTGTAAACA-1,0.27916205,0.21862075,0.14254913,0.35966808,1.3340776,awd,A10
GAGCTGCAGCATTGAA-1,0.11289671,0.28681618,0.33856252,0.2617246,1.3219792,dpn,A8
GAGCTGCAGGGTGAAA-1,0.35573417,0.2983253,0.16054428,0.18539627,1.3346285,RpL6,A9p1
GAGCTGCCAATAGAGT-1,0.19174977,0.04814503,0.15750103,0.60260415,1.0590655,awd,A9p2
GAGCTGCGTAATCAGA-1,0.11237267,0.48308468,0.27359325,0.13094938,1.2179345,br,A8
GAGCTGCGTAGCGAGT-1,0.22307916,0.041949708,0.26782027,0.46715084,1.1760911,awd,A10
GAGCTGCGTTCGATTG-1,0.10080503,0.46617937,0.18981081,0.24320471,1.2463541,br,A8
GAGCTGCGTTGGACCC-1,0.5208256,0.051132813,0.087078296,0.34096327,1.0712135,RpL6,A9p1
GAGCTGCTCGACATAC-1,0.8405387,0.12211018,0.008411443,0.028939746,0.5455005,RpL6,A10
GAGCTGCTCGCAAGAG-1,0.59769666,0.037822004,0.08369145,0.28078982,0.99573106,RpL6,A9p2
GAGCTGCTCTACAGGT-1,0.2872853,0.09496565,0.23612326,0.38162577,1.2903434,awd,A9p2
GAGCTGCTCTGACAGT-1,0.22040077,0.15730004,0.11603994,0.5062593,1.2187991,awd,A10
GAGGCAAAGAACTCCT-1,0.14853747,0.3609295,0.32290182,0.16763125,1.3154602,br,A9p1
GAGGCAAAGGTATAGT-1,0.029863901,0.70932573,0.193182,0.067628354,0.8482537,br,A9p1
GAGGCAAAGTCCCAAT-1,0.34105438,0.23784782,0.16600673,0.2550911,1.3550472,RpL6,A9p1
GAGGCAACAATCGAAA-1,0.055276997,0.29866695,0.27447534,0.3715807,1.2436943,awd,A10
GAGGCAATCACCGGTG-1,0.34523216,0.09124127,0.2572545,0.3062721,1.2972996,RpL6,A8
GAGGCAATCTCATGCC-1,0.51039624,0.15929198,0.14996731,0.18034436,1.2293463,RpL6,A9p2
GAGGCAATCTTACGGA-1,0.43049294,0.1682469,0.053820692,0.34743944,1.1872703,RpL6,A9p1
GAGGCCTAGAGGTTTA-1,0.011672666,0.028908676,0.9350451,0.024373576,0.30771822,dpn,A9p1
GAGGCCTCAAGATCCT-1,0.26697367,0.12914073,0.16907762,0.43480793,1.2795472,awd,A9p1
GAGGCCTCAAGCGCTC-1,0.4113756,0.15847027,0.21772237,0.21243176,1.3183465,RpL6,A10
GAGGCCTCACTCCTGT-1,0.16477188,0.12363387,0.064007394,0.6475868,1.0128824,awd,A10
GAGGCCTCATACTGTG-1,0.1450291,0.38748273,0.3334007,0.13408747,1.2830192,br,A9p2
GAGGCCTGTCACTGAT-1,0.07859472,0.38851845,0.33144218,0.20144466,1.2559879,br,A9p1
GAGGCCTGTCCACGCA-1,0.36173913,0.42848858,0.05662784,0.15314445,1.1809174,br,A9p2
GAGGCCTGTGAATAAC-1,0.24824664,0.50078464,0.19342278,0.057545964,1.1742957,br,A10
GAGGGATAGCGGTAAC-1,0.13415447,0.0651942,0.2849271,0.5157242,1.1467259,awd,A9p1
GAGGGATAGTGGTTGG-1,0.43121815,0.2765414,0.18585841,0.10638201,1.2693094,RpL6,A10
GAGGGATCACATGTTG-1,0.2860516,0.26200357,0.06961031,0.3823345,1.2620438,awd,A10
GAGGGATGTGAGACCA-1,0.07670774,0.40849367,0.44501588,0.069782704,1.1087745,dpn,A9p1
GAGGGTAAGATAACGT-1,0.19318369,0.04366063,0.07319481,0.6899609,0.90176684,awd,A9p2
GAGGGTAAGGGATGTC-1,0.04852731,0.3625095,0.08954399,0.4994192,1.0774891,awd,A9p1
GAGGGTAAGTTAACGA-1,0.5039656,0.03936133,0.19354033,0.2631327,1.1418269,RpL6,A9p1
GAGGGTAAGTTTGTCG-1,0.21342055,0.62136424,0.0288185,0.1363967,0.99923414,br,A10
GAGGGTACACTGTTCC-1,0.09649218,0.28165287,0.10810028,0.51375467,1.1651595,awd,A10
GAGGGTATCCAAGCCG-1,0.2811996,0.3196469,0.17528014,0.22387333,1.3616179,br,A9p1
GAGTCATAGACTTCAC-1,0.06313575,0.30052868,0.5876778,0.048657857,0.99519527,dpn,A9p1
GAGTCATAGCGTTACT-1,0.0996391,0.37366775,0.35051244,0.17618077,1.2709777,br,A9p1
GAGTCATAGGTCACAG-1,0.06778057,0.23363864,0.6917253,0.0068555023,0.8112415,dpn,A10
GAGTCATCAACAAGTA-1,0.46478623,0.10557368,0.19454585,0.23509425,1.2523258,RpL6,A9p2
GAGTCATGTAGGCTGA-1,0.049800698,0.20419192,0.57976884,0.16623849,1.0881212,dpn,A8
GAGTCATGTTGTATGC-1,0.14799199,0.4673433,0.2345363,0.1501284,1.2630517,br,A9p2
GAGTCTAAGCGAATGC-1,0.16563234,0.09078073,0.716081,0.027505962,0.8535978,dpn,A9p1
GAGTCTACAAGGTCTT-1,0.46496797,0.098464206,0.14038147,0.2961864,1.220326,RpL6,A8
GAGTCTACATTCAGGT-1,0.42352927,0.3325381,0.20224884,0.041683782,1.1856943,RpL6,A9p1
GAGTCTATCATAGAGA-1,0.37280443,0.30583093,0.0875141,0.23385055,1.2831539,RpL6,A9p2
GAGTCTATCCTCTCGA-1,0.81691194,0.050425127,0.045040302,0.08762267,0.66880256,RpL6,A10
GAGTCTATCGAGCTGC-1,0.23080736,0.072509795,0.073058754,0.6236241,1.0143089,awd,A8
GAGTCTATCGTGTGAT-1,0.21612005,0.2974475,0.31690893,0.16952352,1.3567765,dpn,A9p1
GAGTGAGAGATTGAGT-1,0.046183035,0.25524348,0.64418036,0.05439313,0.93222594,dpn,A8
GAGTGAGAGCGCCGTT-1,0.26866198,0.45896158,0.1737926,0.09858379,1.243059,br,A9p2
GAGTGAGAGGTGGGTT-1,0.20569849,0.033705384,0.03217918,0.72841704,0.7809482,awd,A9p1
GAGTGAGCATCACAGT-1,0.30631417,0.03752666,0.115677975,0.54048127,1.0676693,awd,A8
GAGTGAGTCACGATCA-1,0.38383704,0.11006538,0.13135286,0.37474468,1.2448621,RpL6,A8
GAGTGAGTCGTGCACG-1,0.3871823,0.15249768,0.08280315,0.3775169,1.2282106,RpL6,A10
GAGTGAGTCTTACACT-1,0.4167324,0.0723959,0.04103725,0.4698344,1.040798,awd,A10
GAGTGTTGTAGTATAG-1,0.36771163,0.18787001,0.19570373,0.24871458,1.3472955,RpL6,A9p2
GAGTGTTGTGAAGCTG-1,0.14226565,0.13807805,0.2058766,0.5137797,1.2183528,awd,A9p2
GAGTGTTTCCATGAGT-1,0.13509619,0.018717702,0.047406364,0.7987798,0.6688994,awd,A9p2
GAGTGTTTCTGCACCT-1,0.17288163,0.28773135,0.49271,0.04667706,1.153667,dpn,A8
GAGTTACAGTGGCAGT-1,0.24233875,0.5354837,0.20499828,0.01717931,1.0726398,br,A9p1
GAGTTACAGTTCATGC-1,0.07433075,0.18482709,0.657931,0.08291115,0.9871465,dpn,A8
GAGTTACCACTCCTTG-1,0.2062943,0.011094934,0.062171593,0.7204392,0.78449845,awd,A9p1
GAGTTACCACTGTCCT-1,0.36836547,0.29943413,0.099834725,0.23236565,1.2981226,RpL6,A9p2
GAGTTACCATCGAAGG-1,0.26450223,0.14345683,0.26026163,0.3317793,1.3466932,awd,A9p2
GAGTTACGTCTGATAC-1,0.37889734,0.20704466,0.15691543,0.2571425,1.3336209,RpL6,A10
GAGTTACGTGTATACC-1,0.1602436,0.12740922,0.11592843,0.59641874,1.1139604,awd,A10
GAGTTACGTTCGAACT-1,0.11352856,0.30154335,0.039864607,0.5450635,1.0677347,awd,A10
GAGTTACTCCGAGATT-1,0.028910583,0.33396542,0.61277103,0.024352994,0.8592988,dpn,A9p1
GAGTTACTCCGCGAGT-1,0.05492057,0.23097882,0.6159937,0.098106965,1.0240904,dpn,A9p2
GAGTTGTAGCGATTCT-1,0.22181281,0.1757196,0.32802424,0.27444333,1.3600817,dpn,A9p2
GAGTTGTCATCAGTCA-1,0.27166334,0.5307152,0.05814444,0.13947697,1.1304135,br,A10
GAGTTGTGTCTGATAC-1,0.4609903,0.13853171,0.19111425,0.20936367,1.2744606,RpL6,A10
GAGTTTGAGAGGGTCT-1,0.27511758,0.30313522,0.12896857,0.29277867,1.3406528,br,A10
GAGTTTGCAATTCGTG-1,0.10807461,0.036127765,0.13731942,0.7184782,0.87061155,awd,A9p1
GAGTTTGCATCCTAAG-1,0.4561987,0.07797996,0.24040443,0.2254169,1.2354949,RpL6,A9p1
GAGTTTGGTACTTCCC-1,0.0959228,0.040909357,0.6086259,0.25454196,1.0061271,dpn,A10
GAGTTTGGTAGATGTA-1,0.094934,0.710414,0.099532045,0.095120035,0.91985357,br,A8
GAGTTTGGTAGGACCA-1,0.2269784,0.41137516,0.104585014,0.25706142,1.2873201,br,A9p2
GAGTTTGTCACTGATG-1,0.16101718,0.17639793,0.42855978,0.2340251,1.3031197,dpn,A9p1
GAGTTTGTCAGCGGAA-1,0.33758917,0.19449486,0.16761298,0.30030295,1.3456794,RpL6,A9p2
GAGTTTGTCCGCACGA-1,0.02877705,0.26146123,0.5223496,0.18741211,1.1058829,dpn,A9p1
GAGTTTGTCGCCGAGT-1,0.30553108,0.4869817,0.051362373,0.15612487,1.1550932,br,A8
GATAGAAAGACACACG-1,0.19393595,0.34554794,0.28480956,0.17570655,1.3485318,br,A9p1
GATAGAAAGGCCTTGC-1,0.4493822,0.17921494,0.1255415,0.24586135,1.2730074,RpL6,A10
GATAGAAAGTCTAACC-1,0.27397245,0.16509813,0.4797068,0.081222616,1.2083945,dpn,A9p1
GATAGAAGTACTTGTG-1,0.30633524,0.10456263,0.3575918,0.23151019,1.3049809,dpn,A10
GATAGAAGTCTAGGCC-1,0.074350394,0.36523902,0.3356948,0.22471574,1.2630152,br,A8
GATAGCTAGCACGGAT-1,0.20792471,0.4187892,0.3517263,0.021559834,1.141314,br,A8
GATAGCTAGTCATCGT-1,0.45312166,0.16706547,0.1594305,0.22038236,1.2836728,RpL6,A10
GATAGCTCAGAAGCTG-1,0.3589283,0.18649572,0.10750054,0.34707546,1.2879945,RpL6,A10
GATAGCTCATGCTGCG-1,0.8749676,0.092494436,0.00706211,0.02547584,0.46553665,RpL6,A10
GATAGCTGTCATCCCT-1,0.2531814,0.13146916,0.0930775,0.52227193,1.1747776,awd,A9p1
GATAGCTTCAGTGCGC-1,0.10594794,0.22252272,0.57755566,0.09397368,1.1114962,dpn,A8
GATAGCTTCCTACCGT-1,0.23333466,0.10225122,0.20416766,0.4602465,1.2542658,awd,A9p1
GATAGCTTCTGGTCAA-1,0.10663546,0.56153953,0.22028576,0.111539245,1.1406384,br,A9p2
GATCACAAGAAGTCAT-1,0.09179066,0.023238583,0.08135751,0.8036132,0.68645847,awd,A9p2
GATCACAAGCGCCATC-1,0.09515807,0.5757422,0.2735035,0.05559618,1.056931,br,A9p2
GATCACAAGCGCTGCT-1,0.19839086,0.37694445,0.25675762,0.16790707,1.3373667,br,A10
GATCACACACCGTCTT-1,0.055616546,0.23209998,0.7098709,0.0024126857,0.75748795,dpn,A8
GATCACACAGGACATG-1,0.35538685,0.14805546,0.3656218,0.13093595,1.2845471,dpn,A8
GATCAGTAGCCTCTGG-1,0.07802103,0.32529104,0.3325663,0.26412162,1.2820921,dpn,A8
GATCAGTCAAACCATC-1,0.23177204,0.39113888,0.3271448,0.049944345,1.2212216,br,A8
GATCAGTCAAACTCGT-1,0.8545443,0.10638255,0.007002541,0.03207063,0.51775604,RpL6,A10
GATCAGTCAATTGCGT-1,0.50769705,0.09388628,0.23403905,0.16437761,1.2029426,RpL6,A9p2
GATCAGTCACGTCGTG-1,0.27624762,0.42433345,0.16577451,0.13364445,1.2860215,br,A10
GATCAGTGTTAACAGA-1,0.3732484,0.13735232,0.14479755,0.34460178,1.2874495,RpL6,A10
GATCAGTTCAGGCGAA-1,0.589736,0.060154952,0.21513896,0.13497011,1.0813731,RpL6,A9p1
GATCATGAGATGGTCG-1,0.30783758,0.18605837,0.1298623,0.37624177,1.3084528,awd,A10
GATCATGAGGGCCCTT-1,0.27587408,0.072754264,0.045054004,0.60631764,0.9889728,awd,A9p1
GATCATGCAGTGTATC-1,0.1311487,0.39201328,0.3491662,0.12767176,1.2637043,br,A8
GATCATGCATTCGATG-1,0.10728913,0.037872795,0.44044578,0.41439235,1.0896783,dpn,A8
GATCATGGTATGTCTG-1,0.025465664,0.87811136,0.034932513,0.06149049,0.49627292,br,A10
GATCATGGTGTGTACT-1,0.5216706,0.10986519,0.19856375,0.16990046,1.2042613,RpL6,A8
GATCATGGTTGTGCCG-1,0.1235802,0.3205852,0.2597517,0.29608288,1.3336096,br,A9p1
GATCATGTCATTGCCC-1,0.15453316,0.035030313,0.1150818,0.6953547,0.90743774,awd,A9p2
GATCCCTAGAGAGGGC-1,0.10557194,0.18554947,0.5258597,0.18301882,1.1986872,dpn,A9p1
GATCCCTAGCCAAGCA-1,0.41487765,0.3634743,0.054004695,0.16764335,1.1898702,RpL6,A10
GATCCCTAGTTCCGGC-1,0.055099573,0.39123818,0.057860397,0.49580184,1.0395956,awd,A10
GATCCCTCACAGAAGC-1,0.1680881,0.24967729,0.10048707,0.48174757,1.2289236,awd,A10
GATCCCTCATACAGCT-1,0.098715104,0.1323654,0.33884218,0.43007734,1.2258415,awd,A9p1
GATCCCTCATGCCGGT-1,0.25973758,0.21001413,0.30717853,0.2230698,1.3751278,dpn,A9p1
GATCCCTGTACTGCCG-1,0.22019207,0.33410558,0.10009682,0.34560555,1.2970618,awd,A10
GATCCCTTCACCGGGT-1,0.17738602,0.44171822,0.36160624,0.019289471,1.111681,br,A9p1
GATCCCTTCTCACGAA-1,0.33736807,0.14010333,0.041286536,0.48124212,1.1254956,awd,A9p1
GATCGTAAGGATACCG-1,0.35412923,0.20765807,0.09874371,0.33946902,1.2893963,RpL6,A10
GATCGTACACAGAGCA-1,0.3507898,0.1333612,0.244929,0.27091998,1.3345242,RpL6,A10
GATCGTACACATTGTG-1,0.35069025,0.25250953,0.13390003,0.26290017,1.3354592,RpL6,A10
GATCGTAGTCTGTGCG-1,0.3004068,0.49127543,0.034174524,0.17414325,1.1302123,br,A10
GATGACTAGCCTATCA-1,0.028081967,0.21802911,0.5556485,0.1982404,1.0797297,dpn,A8
GATGACTAGTCGAGGT-1,0.23939599,0.108411565,0.51068676,0.14150564,1.2030035,dpn,A9p2
GATGACTCAGGCCCTA-1,0.2794348,0.1779433,0.1769364,0.36568555,1.3377779,awd,A9p2
GATGACTCAGTCTTCC-1,0.5659885,0.09455154,0.13214467,0.20731527,1.1388161,RpL6,A10
GATGACTCATTATGCG-1,0.0957265,0.13093023,0.6085841,0.16475919,1.0901327,dpn,A9p2
GATGACTGTTGTTGCA-1,0.10478445,0.36298537,0.26601368,0.26621652,1.308805,br,A9p1
GATGAGGCAAGAAATC-1,0.11351177,0.4072016,0.36328363,0.11600295,1.2305707,br,A8
GATGAGGTCAAACTGC-1,0.18891701,0.1482427,0.13694006,0.5259002,1.2080338,awd,A8
GATGAGGTCCAAACCA-1,0.4028636,0.087023035,0.096298724,0.4138147,1.1692322,awd,A9p2
GATGATCAGAATTGCA-1,0.40729663,0.18793792,0.18729658,0.21746889,1.32553,RpL6,A9p2
GATGATCCAACTGTGT-1,0.51875037,0.15906875,0.17779875,0.14438213,1.2194061,RpL6,A8
GATGATCGTCGAACGA-1,0.1162642,0.055092238,0.06001167,0.76863194,0.7809721,awd,A9p1
GATGATCGTGTCTTAG-1,0.09309438,0.34529835,0.47809944,0.08350782,1.1483326,dpn,A9p1
GATGATCTCGAATGCT-1,0.49122703,0.07650394,0.30186534,0.13040371,1.1730494,RpL6,A9p1
GATGCTAAGAGACAAG-1,0.2312411,0.2792421,0.38470557,0.10481115,1.2987394,dpn,A8
GATGCTAAGCATCGAG-1,0.4859206,0.018290233,0.02908825,0.46670085,0.8824347,RpL6,A9p1
GATGCTAAGTTCCAGT-1,0.22143461,0.038405936,0.11229103,0.6278684,0.9967947,awd,A10
GATGCTACATAGATGA-1,0.10896977,0.24018458,0.29814643,0.35269925,1.3125081,awd,A8
GATGCTATCATTACTC-1,0.26581118,0.1672113,0.30892274,0.25805482,1.3636856,dpn,A10
GATGGAGAGCGACTTT-1,0.35054544,0.20195493,0.08526361,0.3622361,1.2682894,awd,A10
GATGGAGCATGCAGCC-1,0.11879342,0.055708908,0.12927173,0.69622594,0.930499,awd,A9p2
GATGGAGGTCTAATCG-1,0.30141225,0.19969131,0.30262986,0.19626667,1.3644698,dpn,A9p2
GATGGAGGTTAAGCAA-1,0.14936894,0.30273104,0.27997425,0.2679258,1.3550308,br,A9p1
GATGGAGTCCGATGCG-1,0.024101123,0.07463607,0.08440005,0.81686276,0.6573702,awd,A9p1
GATGTTGCATTAGGAA-1,0.21137252,0.39504933,0.19012687,0.20345126,1.334985,br,A8
GATGTTGGTCAGATTC-1,0.7165264,0.037995264,0.10155119,0.14392716,0.8743651,RpL6,A9p1
GATGTTGGTTTCCATT-1,0.11174924,0.08496036,0.05474573,0.74854463,0.83021015,awd,A8
GATGTTGTCAGCTCTC-1,0.13526571,0.012934491,0.0832536,0.76854616,0.7361188,awd,A9p1
GATGTTGTCATTTGTC-1,0.24045663,0.28370622,0.20513299,0.27070415,1.3788075,br,A9p2
GATTCGAAGACCTCAT-1,0.22241099,0.41353992,0.17917407,0.18487501,1.3196452,br,A9p2
GATTCGAAGCGGATCA-1,0.10904654,0.4404247,0.29023394,0.16029486,1.2552975,br,A9p2
GATTCGAGTCGAACAG-1,0.04385446,0.35743627,0.19721426,0.401495,1.1914161,awd,A8
GATTCGAGTGTTAAAG-1,0.44204035,0.11840159,0.14924061,0.29031748,1.2564355,RpL6,A9p1
GATTCGATCGATAACC-1,0.03233104,0.097849675,0.85414106,0.015678268,0.53819925,dpn,A10
GATTCGATCTCAACGA-1,0.031658035,0.2984131,0.43363252,0.23629628,1.173394,dpn,A9p1
GATTCTTCAACGCATT-1,0.066070065,0.4358269,0.29986712,0.19823591,1.223443,br,A9p1
GATTCTTCAGGCACAA-1,0.23451766,0.3275168,0.17892095,0.2590446,1.3634777,br,A10
GATTCTTCATGGGATG-1,0.112999186,0.11811908,0.04713997,0.72174174,0.87803686,awd,A10
GATTCTTCATTACTCT-1,0.08336568,0.27430096,0.49816635,0.14416705,1.1882931,dpn,A9p1
GATTCTTGTACCATAC-1,0.47577557,0.10002544,0.077428915,0.34677005,1.1490576,RpL6,A9p2
GATTCTTGTTAGGCCC-1,0.16381924,0.2597532,0.0538512,0.52257633,1.1429727,awd,A10
GATTCTTTCAGCCTCT-1,0.29172173,0.13240077,0.23194492,0.34393257,1.3331053,awd,A9p1
GATTCTTTCCGAGTGC-1,0.2600634,0.22549441,0.20039243,0.31404972,1.371986,awd,A9p2
GATTGGTAGATGCAGC-1,0.12074238,0.1707465,0.03423037,0.67428076,0.93832344,awd,A10
GATTGGTAGGGAGGTG-1,0.22242439,0.06708346,0.18095586,0.52953625,1.1615876,awd,A8
GATTGGTGTCCAACGC-1,0.099730626,0.61278063,0.101028785,0.18645999,1.0747756,br,A10
GATTGGTTCAAGAAAC-1,0.039612837,0.66189975,0.29110965,0.0073777754,0.79648614,br,A8
GATTGGTTCACGGAGA-1,0.10597114,0.3890907,0.19076717,0.31417096,1.2849381,br,A10
GATTTCTCAAGCGCTC-1,0.23626837,0.0862026,0.16802803,0.509501,1.1954396,awd,A10
GATTTCTCAGCGTGAA-1,0.4387451,0.03352424,0.06388679,0.46384382,1.0073434,awd,A9p2
GATTTCTCATTGAAAG-1,0.13305235,0.22152917,0.35211197,0.29330662,1.3295451,dpn,A10
GATTTCTGTCAAGTTC-1,0.9430912,0.016550032,0.016179278,0.024179447,0.2798613,RpL6,A9p2
GATTTCTTCACCGACG-1,0.07174569,0.25772688,0.29851425,0.37201318,1.2672048,awd,A10
GATTTCTTCTACGGTA-1,0.41376936,0.05972985,0.17069933,0.35580146,1.2028936,RpL6,A9p1
GCAACATAGTTGCATC-1,0.26295462,0.41042298,0.13764443,0.188978,1.3045781,br,A10
GCAACATCACCTTCCA-1,0.031225815,0.10381273,0.7598007,0.105160765,0.7889643,dpn,A9p2
GCAACATCACTAGAGG-1,0.16222453,0.16109984,0.1542364,0.5224393,1.2166758,awd,A10
GCAACATGTACTAACC-1,0.13202825,0.591388,0.16581272,0.11077106,1.1196455,br,A9p2
GCAACATGTTGCAAGG-1,0.09330262,0.11853611,0.06799762,0.72016364,0.8932977,awd,A9p2
GCAACATTCGGCATCG-1,0.22501153,0.13910499,0.1631847,0.47269875,1.2600412,awd,A9p2
GCAACATTCTGTCGCT-1,0.35555482,0.2033571,0.08596587,0.3551222,1.2701753,RpL6,A9p1
GCAACCGAGAGAGGTA-1,0.25985953,0.1482723,0.097113356,0.49475476,1.2078103,awd,A10
GCAACCGAGGCTCAAG-1,0.17009623,0.40765473,0.12727319,0.2949758,1.2895979,br,A9p1
GCAACCGAGGGCGAAG-1,0.1876409,0.29462844,0.46394035,0.053790294,1.18753,dpn,A9p2
GCAACCGAGGGTACAC-1,0.13299152,0.4406945,0.42130947,0.0050045215,1.0200987,br,A10
GCAACCGCAAGCTACT-1,0.43145025,0.23217148,0.119818695,0.21655957,1.2872541,RpL6,A9p2
GCAACCGCAATGTTGC-1,0.18109782,0.22051586,0.4237184,0.1746679,1.3114316,dpn,A9p1
GCAACCGCAGAATTCC-1,0.078423016,0.06710905,0.72706103,0.12740685,0.87517965,dpn,A9p2
GCAACCGCAGAGGCTA-1,0.39447033,0.08971152,0.17383741,0.34198073,1.2543468,RpL6,A9p2
GCAACCGTCCGAACGC-1,0.07980015,0.37857497,0.21268682,0.32893807,1.2644453,br,A9p1
GCAACCGTCGGCCAAC-1,0.06813249,0.35950354,0.4473023,0.12506159,1.1706684,dpn,A9p2
GCACATAAGGATAATC-1,0.06730014,0.08415848,0.6154122,0.23312917,1.0281463,dpn,A9p1
GCACATAAGGCAGCTA-1,0.21218045,0.36636275,0.16895235,0.25250447,1.3447728,br,A8
GCACATACAACACACT-1,0.3242058,0.07803158,0.3641856,0.23357704,1.2717472,dpn,A10
GCACATACACCGAATT-1,0.23443359,0.11927214,0.20108788,0.44520634,1.2764958,awd,A9p2
GCACATACATGGTACT-1,0.1822652,0.35373622,0.2937084,0.17029013,1.339171,br,A9p1
GCACATATCCACTAGA-1,0.47785482,0.2880627,0.05826882,0.17581366,1.1826496,RpL6,A8
GCACATATCGCTGATA-1,0.260544,0.12099608,0.21263696,0.40582296,1.3011553,awd,A9p2
GCACGGTCAAGCTGTT-1,0.43485615,0.08855697,0.15928856,0.3172983,1.2336439,RpL6,A8
GCACGGTCAGTCCCGA-1,0.29377916,0.07292201,0.20295578,0.43034306,1.2373152,awd,A8
GCACGGTCAGTTACCA-1,0.35893533,0.40886852,0.18714088,0.04505537,1.1867398,br,A8
GCACGGTGTCTTACAG-1,0.3537169,0.123981446,0.1220736,0.40022805,1.2496637,awd,A10
GCACGGTGTGCTGCAC-1,0.19833438,0.16315861,0.22676834,0.41173866,1.3185253,awd,A9p1
GCACGGTGTTGAGTCT-1,0.30260196,0.20337015,0.16432787,0.3297,1.3482089,awd,A10
GCACGGTTCATGCCAA-1,0.38166454,0.092267156,0.0952935,0.43077475,1.174304,awd,A9p1
GCACGTGCAATTCGTG-1,0.12721553,0.44633272,0.13625224,0.29019943,1.25297,br,A10
GCACGTGGTCGAATGG-1,0.15581682,0.3722743,0.41092464,0.060984235,1.1935637,dpn,A9p1
GCACGTGTCACGGACC-1,0.42141265,0.3421653,0.058582716,0.17783937,1.2044437,RpL6,A9p2
GCACTAACAACGACAG-1,0.3192092,0.23753552,0.26842406,0.17483126,1.3638725,RpL6,A9p2
GCACTAACAACTGAAA-1,0.4763731,0.11385426,0.12578964,0.28398302,1.2189124,RpL6,A9p2
GCACTAACAATTCACG-1,0.2816885,0.21881245,0.18710026,0.31239882,1.3664494,awd,A9p2
GCACTAACACAAGTTC-1,0.3688517,0.27218378,0.17606044,0.18290403,1.3385855,RpL6,A10
GCACTAACATTCTCTA-1,0.5299082,0.14146908,0.1594544,0.1691683,1.2065328,RpL6,A9p1
GCACTAATCTGTGTGA-1,0.14443435,0.5363241,0.07757378,0.24166787,1.155143,br,A10
GCAGCCAAGCTCCATA-1,0.03454918,0.80418193,0.10004779,0.061221,0.6928532,br,A10
GCAGCCAAGGGCAACT-1,0.15381621,0.38573697,0.22472803,0.23571876,1.3315257,br,A8
GCAGCCAAGTACCGGA-1,0.101743706,0.19842948,0.67938936,0.020437514,0.8955741,dpn,A9p1
GCAGCCAAGTTTGTCG-1,0.058352727,0.21960324,0.69689494,0.025149053,0.84298384,dpn,A9p1
GCAGCCACAACATCGT-1,0.15634623,0.35548225,0.35789588,0.13027567,1.2910551,dpn,A10
GCAGCCACAGAAGCGT-1,0.44962728,0.39281076,0.01802948,0.13953252,1.0736618,RpL6,A8
GCAGCCACAGCGTAGA-1,0.09842765,0.2587714,0.3816243,0.26117662,1.2962785,dpn,A9p1
GCAGCCAGTAACGCGA-1,0.1065493,0.13603917,0.6226879,0.13472363,1.0749831,dpn,A10
GCAGCCAGTAAGTAGT-1,0.22930513,0.1469111,0.14824142,0.4755423,1.2559133,awd,A10
GCAGCTGGTAGACGTG-1,0.5586466,0.195585,0.17771605,0.0680523,1.134319,RpL6,A10
GCAGCTGGTCCTCATC-1,0.48435903,0.15570001,0.13857523,0.22136572,1.2483785,RpL6,A10
GCAGCTGTCAAACCCA-1,0.35050797,0.22315568,0.36425295,0.062083352,1.2425791,dpn,A9p2
GCAGGCTAGCGCCATC-1,0.048478898,0.26230964,0.13886984,0.55034167,1.1005902,awd,A9p2
GCAGGCTCATCGTCCT-1,0.5120345,0.016018521,0.32932362,0.1426233,1.0525081,RpL6,A9p2
GCAGGCTGTCGCGGTT-1,0.68266255,0.092455365,0.084955335,0.13992678,0.96540195,RpL6,A9p1
GCAGGCTGTGTGTGTT-1,0.20913187,0.2708392,0.14820941,0.3718195,1.3318352,awd,A8
GCAGTTAAGCTGTTCA-1,0.08900046,0.23572308,0.4803077,0.19496875,1.2269258,dpn,A10
GCAGTTACATGGAGAC-1,0.03688533,0.100597955,0.7857644,0.07675236,0.7392379,dpn,A9p1
GCAGTTAGTATCGGTT-1,0.12053677,0.43344206,0.28467008,0.16135107,1.2693868,br,A9p1
GCAGTTAGTCCTGGTG-1,0.31302568,0.3092395,0.2295144,0.1482204,1.3472633,RpL6,A10
GCAGTTAGTGGAATGC-1,0.36933678,0.30588558,0.013134653,0.31164297,1.1504612,RpL6,A9p1
GCAGTTATCCGAGTGC-1,0.2085438,0.24946517,0.3292408,0.21275024,1.3683163,dpn,A8
GCAGTTATCGGCTGGT-1,0.31163794,0.49275258,0.059338182,0.13627127,1.1512916,br,A9p1
GCATCGGAGGCCTAGA-1,0.13712122,0.46021488,0.21922128,0.18344258,1.273398,br,A10
GCATCGGAGTACTGGG-1,0.95315075,0.02751693,0.0031308024,0.016201477,0.229448,RpL6,A8
GCATCGGGTCACATTG-1,0.42239442,0.08558931,0.18648112,0.30553517,1.2498727,RpL6,A9p2
GCATCGGGTGCGGTAA-1,0.11369456,0.47586334,0.22334981,0.18709227,1.2489873,br,A9p1
GCATCGGGTGGCTGCT-1,0.25727028,0.13338616,0.3476535,0.2616901,1.3361179,dpn,A9p2
GCATCGGGTTGACTGT-1,0.08603552,0.24281657,0.29876104,0.37238687,1.2835277,awd,A9p2
GCATCTCAGCTGCCTG-1,0.3391156,0.08519418,0.07056559,0.5051247,1.1086018,awd,A10
GCATCTCAGGGCGAAG-1,0.510135,0.29706421,0.14938761,0.043413267,1.1241446,RpL6,A8
GCATCTCAGTCACGCC-1,0.06735827,0.26285312,0.5071133,0.16267534,1.1726869,dpn,A8
GCATCTCAGTGCAACG-1,0.085206345,0.22332783,0.5890354,0.102430396,1.0897831,dpn,A8
GCATCTCGTCTAACGT-1,0.17072745,0.3475223,0.3810309,0.10071935,1.2679383,dpn,A8
GCATCTCGTGTTCCAA-1,0.295452,0.15102232,0.14195362,0.41157204,1.2882227,awd,A10
GCATGATCAAAGGGTC-1,0.11395344,0.40618452,0.44665778,0.033204265,1.0865065,dpn,A8
GCATGATCACCTGTCT-1,0.6128709,0.13573626,0.17635792,0.0750349,1.071482,RpL6,A9p2
GCATGATCATCATCCC-1,0.41287857,0.054468133,0.33467403,0.19797927,1.2107224,RpL6,A9p2
GCATGATGTGGAGGTT-1,0.04941981,0.29969367,0.58979714,0.061089348,0.9919239,dpn,A9p2
GCATGATTCCGTGGCA-1,0.1006447,0.37916717,0.48399362,0.03619446,1.0701544,dpn,A9p1
GCATGATTCTGCGGCA-1,0.8315846,0.12743428,0.011008766,0.029972283,0.57066345,RpL6,A10
GCATTAGCATGCTGCG-1,0.110578164,0.23861611,0.6432691,0.0075366483,0.9060537,dpn,A9p1
GCATTAGGTAGGCAGT-1,0.42616254,0.1189876,0.15836325,0.2964866,1.2690784,RpL6,A10
GCATTAGGTCTTGCGG-1,0.100592494,0.33473015,0.5391036,0.025573684,1.0242093,dpn,A8
GCATTAGTCTCTATAC-1,0.050129395,0.23876494,0.5692308,0.1418748,1.0898206,dpn,A8
GCCAACGCACCGCTAG-1,0.03601234,0.038558744,0.85453624,0.07089268,0.56718564,dpn,A10
GCCAACGCACTGGACC-1,0.28078306,0.1304946,0.22177294,0.36694944,1.324276,awd,A10
GCCAACGGTACTAAGA-1,0.22097725,0.21947931,0.15356152,0.405982,1.3201404,awd,A9p1
GCCAACGGTAGCGATG-1,0.07544154,0.15443644,0.69099766,0.07912434,0.93957716,dpn,A9p1
GCCAACGGTCTGTGAT-1,0.07239149,0.13158713,0.75733405,0.038687322,0.79326814,dpn,A9p1
GCCAACGTCTTGATTC-1,0.102639735,0.6860201,0.17564395,0.0356963,0.9166503,br,A8
GCCAGCAAGATAGTCA-1,0.3608134,0.28986025,0.26676556,0.082560845,1.2851864,RpL6,A9p1
GCCAGCAAGGCCTTCG-1,0.11776843,0.26021072,0.36025214,0.2617687,1.3208698,dpn,A8
GCCAGCAAGTGCAAAT-1,0.28850728,0.08684118,0.22691302,0.39773852,1.2740902,awd,A10
GCCAGCAGTACCCAGC-1,0.4902415,0.09131594,0.040787414,0.37765515,1.0662756,RpL6,A9p1
GCCAGCAGTTATGTCG-1,0.15773103,0.18716356,0.19396943,0.46113595,1.2800198,awd,A9p2
GCCAGCATCGATTCCC-1,0.2494037,0.22169435,0.10556514,0.42333683,1.2815657,awd,A10
GCCAGCATCGTTCTGC-1,0.02309974,0.5861632,0.24430738,0.14642963,1.0257728,br,A9p2
GCCAGGTAGGGAGTGG-1,0.42053708,0.3046601,0.16181202,0.11299075,1.2674673,RpL6,A9p2
GCCAGGTCACAGCATT-1,0.064888,0.26214892,0.5557964,0.11716669,1.1061234,dpn,A8
GCCAGGTCAGTCTCTC-1,0.05921761,0.32727268,0.5638996,0.049610145,1.0049851,dpn,A8
GCCAGGTCATATCGGT-1,0.35762557,0.066800155,0.16227731,0.41329694,1.2087772,awd,A9p2
GCCAGGTTCCTCACCA-1,0.29964554,0.05677248,0.1465824,0.49699956,1.1529307,awd,A9p1
GCCAGGTTCTACGGTA-1,0.16812935,0.20227532,0.12448018,0.50511515,1.2273855,awd,A10
GCCAGGTTCTCTCAAT-1,0.08393377,0.028316807,0.18870361,0.6990458,0.8738582,awd,A9p2
GCCAGTGAGATGAATC-1,0.2886147,0.23077092,0.030936515,0.44967785,1.16396,awd,A9p1
GCCAGTGTCGCGCCAA-1,0.27124196,0.123020105,0.32056975,0.2851682,1.3341702,dpn,A9p1
GCCAGTGTCTAGCAAC-1,0.44720966,0.05406375,0.09633502,0.40239152,1.1093434,RpL6,A8
GCCATGGAGTTGGACG-1,0.08280238,0.3042093,0.5727888,0.040199544,1.0166836,dpn,A8
GCCATGGCACCAGACC-1,0.13928472,0.15605886,0.13516353,0.5694928,1.1555741,awd,A9p2
GCCATGGCATTCATCT-1,0.06313251,0.2720431,0.50738865,0.15743579,1.1638587,dpn,A8
GCCATGGGTTTGACAC-1,0.37216678,0.14342864,0.123716824,0.3606878,1.2727283,RpL6,A8
GCCATGGTCAGCGCGT-1,0.24899152,0.38823232,0.25517198,0.10760412,1.3019084,br,A8
GCCATGGTCCAGCAAT-1,0.59470457,0.06857345,0.093581825,0.24314019,1.0583453,RpL6,A10
GCCATGGTCCGCAGTG-1,0.06492338,0.45849437,0.2596505,0.21693172,1.2167001,br,A9p1
GCCATTCAGATACAGT-1,0.11076457,0.055788487,0.04493504,0.7885119,0.73150593,awd,A9p1
GCCATTCAGGTAAGGA-1,0.13964841,0.30038917,0.47957438,0.08038809,1.1912544,dpn,A9p1
GCCATTCCAACACAAA-1,0.34429282,0.09042497,0.21293688,0.35234526,1.281328,awd,A10
GCCATTCCAAGGTACG-1,0.7468893,0.08638323,0.05928672,0.10744076,0.8367076,RpL6,A9p2
GCCATTCCACATTCTT-1,0.3801789,0.24240783,0.1947981,0.1826152,1.3403637,RpL6,A10
GCCATTCCAGCGTTGC-1,0.16091472,0.02802929,0.059607435,0.7514486,0.7769826,awd,A9p2
GCCATTCCATGAATCC-1,0.70616597,0.05466093,0.0870857,0.15208745,0.9035469,RpL6,A9p2
GCCATTCTCACCTGTC-1,0.06811231,0.20490019,0.6870339,0.039953575,0.89434975,dpn,A9p1
GCCCAGAAGAATTGCA-1,0.12331802,0.54911274,0.20693345,0.12063584,1.1684061,br,A8
GCCCAGAAGAGTTGCG-1,0.26577204,0.2862555,0.09022026,0.35775217,1.295011,awd,A9p2
GCCCAGACACCACATA-1,0.38860977,0.13717389,0.063604854,0.4106115,1.1805269,awd,A10
GCCCAGACATAGCACT-1,0.123558655,0.04592103,0.18192792,0.6485924,0.99068105,awd,A10
GCCCAGACATCATCTT-1,0.4639561,0.28117716,0.07388903,0.18097778,1.2149065,RpL6,A9p1
GCCCAGAGTGGACCAA-1,0.31986424,0.14767894,0.122071154,0.41038564,1.269315,awd,A9p1
GCCCAGATCCGGACGT-1,0.13241066,0.38170195,0.19171564,0.29417178,1.311948,br,A8
GCCCGAAAGAGCTGCA-1,0.11867302,0.20473047,0.08709152,0.5895051,1.1017623,awd,A9p1
GCCCGAAAGGCTCTAT-1,0.078533344,0.30873242,0.3808089,0.2319254,1.2692308,dpn,A8
GCCCGAAAGTAGCCAG-1,0.38342482,0.12124878,0.16357663,0.3317498,1.285575,RpL6,A9p2
GCCCGAAGTCAATCTG-1,0.17725606,0.24220972,0.25409108,0.32644317,1.3636966,awd,A8
GCCCGAAGTCACTCAA-1,0.20334546,0.31829268,0.29017094,0.18819095,1.3616341,br,A8
GCCCGAAGTCGACTTA-1,0.2994253,0.06865789,0.21863443,0.4132824,1.2425705,awd,A9p1
GCCCGAATCACGGGCT-1,0.17889045,0.33777806,0.2743314,0.20900008,1.3564783,br,A9p1
GCCGATGGTAGGCAAC-1,0.3958039,0.109658256,0.13779354,0.3567443,1.2500484,RpL6,A9p2
GCCGATGGTATGACAA-1,0.21821517,0.02694612,0.60412776,0.150711,1.0192304,dpn,A9p1
GCCGTGAAGTATCTGC-1,0.267978,0.27470204,0.12539606,0.3319239,1.33424,awd,A9p1
GCCGTGACAGCAGATG-1,0.035259586,0.2883104,0.575591,0.10083894,1.0258007,dpn,A9p1
GCCGTGACATAGGCGA-1,0.40884584,0.1284696,0.123885885,0.33879867,1.2547275,RpL6,A8
GCCTGTTAGGATCATA-1,0.8714917,0.030628486,0.042342104,0.055537816,0.52106565,RpL6,A10
GCCTGTTCACCCTTAC-1,0.3145754,0.13592646,0.14510587,0.40439227,1.2812979,awd,A8
GCCTGTTCACCGCTAG-1,0.18199916,0.5967387,0.14047457,0.080787554,1.097133,br,A9p1
GCCTGTTGTGTTCAGT-1,0.28193212,0.22267754,0.21935397,0.27603632,1.3795149,RpL6,A8
GCCTGTTGTTTCCATT-1,0.3745353,0.16713002,0.18482009,0.27351463,1.333442,RpL6,A9p2
GCCTGTTTCGAGTGAG-1,0.44723916,0.08953144,0.16651513,0.2967143,1.2349405,RpL6,A9p2
GCGAGAAAGAGCTGAC-1,0.26664,0.15289633,0.0449549,0.5355088,1.1134982,awd,A9p2
GCGAGAAAGCATATGA-1,0.3174697,0.17490233,0.20780143,0.29982653,1.3568513,RpL6,A10
GCGAGAAGTATCACGT-1,0.86218745,0.11743312,0.004296859,0.016082564,0.46921438,RpL6,A10
GCGAGAAGTGGTCTAT-1,0.15873884,0.42640358,0.16477814,0.2500794,1.2993361,br,A10
GCGAGAAGTTCCGCAG-1,0.35826984,0.18695009,0.14433268,0.31044734,1.3237703,RpL6,A8
GCGAGAATCGAAGAAT-1,0.1383761,0.42365038,0.30919027,0.12878327,1.2644126,br,A8
GCGATCGAGGATAATC-1,0.5050816,0.1298504,0.10099313,0.26407495,1.1932304,RpL6,A9p2
GCGATCGGTGACTGTT-1,0.04776022,0.36625642,0.44183487,0.14414851,1.1532435,dpn,A9p1
GCGATCGTCGATCCCT-1,0.09525775,0.4228654,0.21602501,0.2658519,1.2711611,br,A9p2
GCGGAAACAACAGCCC-1,0.5150266,0.12433839,0.14766161,0.21297336,1.2127873,RpL6,A8
GCGGAAACATCGCTCT-1,0.37741032,0.2048969,0.2373979,0.18029493,1.3428261,RpL6,A10
GCGGAAACATCTGGGC-1,0.30787587,0.012056872,0.3191113,0.36095595,1.1482723,awd,A9p1
GCGGAAAGTACCGTGC-1,0.08858788,0.5327864,0.03781378,0.34081188,1.040878,br,A10
GCGGAAAGTATGAGGC-1,0.2008161,0.21065234,0.32858992,0.25994173,1.3664052,dpn,A9p1
GCGGAAAGTATTTCTC-1,0.035942115,0.45363104,0.45294836,0.057478473,1.0010233,br,A9p1
GCGGAAAGTCAAGCCC-1,0.48493212,0.3038694,0.14826903,0.0629294,1.1699758,RpL6,A9p2
GCGGATCAGCGACATG-1,0.3299145,0.080051586,0.13111213,0.4589218,1.1918101,awd,A9p2
GCGGATCAGTGGCCTC-1,0.10568449,0.5580931,0.2285636,0.1076588,1.1402957,br,A9p2
GCGGATCCACTTCTCG-1,0.09072429,0.041181922,0.30469903,0.5633947,1.0344677,awd,A8
GCGGATCTCAGACCTA-1,0.06257722,0.41770282,0.48053986,0.0391802,1.0171608,dpn,A9p1
GCGGATCTCGAACGGA-1,0.14996551,0.53499234,0.029995339,0.28504685,1.0821241,br,A9p1
GCGGATCTCTGGACTA-1,0.17654724,0.29210332,0.37589565,0.15545379,1.3227942,dpn,A9p1
GCGGATCTCTTAGGAC-1,0.30368564,0.16794631,0.22094391,0.3074242,1.3577623,awd,A10
GCGTGCAGTCACTTAG-1,0.035767034,0.3658179,0.39376408,0.20465097,1.1786618,dpn,A9p1
GCGTGCATCCCAACTC-1,0.27486745,0.1144574,0.16893463,0.44174048,1.2643977,awd,A9p2
GCGTGCATCGCCGAAC-1,0.08607371,0.7092193,0.16010615,0.044600885,0.88679147,br,A8
GCGTTTCCACGCGTCA-1,0.065613426,0.54266095,0.13513888,0.25658667,1.129948,br,A10
GCGTTTCGTAGGACCA-1,0.02405963,0.5944483,0.3648997,0.016592357,0.8347372,br,A9p2
GCGTTTCGTGGAATGC-1,0.3862473,0.2084327,0.20835179,0.19696814,1.341102,RpL6,A9p1
GCGTTTCGTTGCGTAT-1,0.18253092,0.24284181,0.46466625,0.10996098,1.25305,dpn,A9p1
GCGTTTCTCAGACCGC-1,0.24257745,0.06435347,0.14718406,0.545885,1.1326051,awd,A9p1
GCGTTTCTCGCCTCTA-1,0.23254816,0.15689173,0.15570949,0.4548506,1.2777109,awd,A10
GCGTTTCTCGGTAACT-1,0.107493505,0.40272495,0.386856,0.10292554,1.2074494,br,A8
GCGTTTCTCGTTCTAT-1,0.24394695,0.07138425,0.06803111,0.61663765,1.0135744,awd,A10
GCTACAAAGATGATTG-1,0.14465386,0.15461555,0.13851984,0.5622108,1.1658968,awd,A9p2
GCTACAAAGGTTGTTC-1,0.91184634,0.054468527,0.008726417,0.024958758,0.37614572,RpL6,A8
GCTACAACAGATCCAT-1,0.22296543,0.35256463,0.15077871,0.2736912,1.3420702,br,A10
GCTACAATCCAGTGCG-1,0.5391712,0.23953319,0.12530987,0.09598578,1.1605783,RpL6,A9p1
GCTACCTAGCTCGTGC-1,0.16053459,0.1551943,0.4063687,0.27790248,1.3045789,dpn,A10
GCTACCTAGGTTGACG-1,0.3071734,0.20958185,0.12461633,0.35862842,1.3173487,awd,A9p2
GCTACCTAGTAAACAC-1,0.09176869,0.27870074,0.37576732,0.25376323,1.2910553,dpn,A8
GCTACCTCAACCGCCA-1,0.02474617,0.2899822,0.4848919,0.20037976,1.1236151,dpn,A8
GCTACCTCATCAGCGC-1,0.2245535,0.18680066,0.34556144,0.24308437,1.3597943,dpn,A8
GCTACCTGTCTTGTCC-1,0.7863705,0.18114805,0.008697068,0.023784388,0.6286558,RpL6,A9p2
GCTACCTTCCACTGGG-1,0.37857756,0.043706276,0.13555433,0.44216186,1.1362661,awd,A9p1
GCTCAAAAGGCCTGAA-1,0.15870509,0.22806479,0.13776112,0.47546908,1.2558019,awd,A9p2
GCTCAAACATGACTCA-1,0.37697825,0.3472513,0.19236335,0.08340709,1.2593287,RpL6,A10
GCTCAAAGTACGATCT-1,0.17709796,0.5681609,0.19894525,0.05579583,1.1100478,br,A8
GCTCAAAGTCCGTTTC-1,0.35274673,0.11637681,0.15435244,0.37652397,1.27407,awd,A10
GCTCAAAGTCTCTCTG-1,0.27607372,0.27546486,0.16779777,0.2806636,1.3666157,awd,A8
GCTCAAATCGGTAAGG-1,0.3456826,0.162527,0.14032274,0.35146767,1.305568,awd,A9p2
GCTCAAATCGTAACTG-1,0.3441438,0.18450145,0.21311383,0.2582409,1.3580036,RpL6,A9p2
GCTGAATAGTGCACTT-1,0.09054302,0.4489044,0.22826162,0.23229098,1.2533184,br,A8
GCTGAATAGTTTCGAC-1,0.3947048,0.3360092,0.110785685,0.1585003,1.2690849,RpL6,A9p2
GCTGAATCACCTGTCT-1,0.38007468,0.19885927,0.14781983,0.27324626,1.3259696,RpL6,A9p2
GCTGAATCATGAATCC-1,0.3374805,0.088017836,0.21087968,0.36362204,1.2765718,awd,A9p1
GCTGAATGTAGGCTGA-1,0.27881896,0.11990314,0.12586938,0.47540858,1.2247988,awd,A8
GCTGAATGTATCAGGG-1,0.15874021,0.10279101,0.5641304,0.17433837,1.1534891,dpn,A9p2
GCTGAATGTATCGCAT-1,0.04667349,0.16321428,0.66161907,0.12849312,0.97583604,dpn,A8
GCTGAATGTGGACCAA-1,0.21327761,0.14986119,0.0855702,0.551291,1.1526484,awd,A9p2
GCTGAATTCACCCATC-1,0.5068964,0.19267045,0.12430781,0.1761253,1.226728,RpL6,A9p2
GCTGAATTCCTCGATC-1,0.5091734,0.15568331,0.18350051,0.15164281,1.2304002,RpL6,A10
GCTGAATTCGATTCCC-1,0.37791064,0.25926006,0.17810163,0.18472767,1.3370035,RpL6,A9p1
GCTGCAGCAATCTCTT-1,0.17385647,0.36088938,0.41399118,0.05126299,1.1893736,dpn,A9p2
GCTGCAGCAGCAGTAG-1,0.051694173,0.5806039,0.18556263,0.18213926,1.0915408,br,A9p1
GCTGCAGCATAGATGA-1,0.34432748,0.44458002,0.0527149,0.1583776,1.1744831,br,A10
GCTGCAGCATATTCGG-1,0.16734484,0.10628992,0.41818208,0.30818313,1.2647576,dpn,A9p1
GCTGCAGGTAGGACTG-1,0.30489796,0.14638002,0.12502274,0.42369926,1.267226,awd,A8
GCTGCAGGTGTTCCAA-1,0.3675357,0.090809084,0.16740175,0.37425345,1.2527615,awd,A9p2
GCTGCAGGTTAGCTAC-1,0.02152887,0.47538644,0.42015713,0.08292759,1.0069474,br,A9p1
GCTGCAGGTTTACTTC-1,0.043409623,0.47123128,0.37857163,0.106787436,1.0973365,br,A9p1
GCTGCAGTCGCTGACG-1,0.253446,0.051535394,0.3903962,0.30462244,1.2300119,dpn,A10
GCTGCAGTCTCATTTG-1,0.06979357,0.207193,0.6378843,0.08512913,1.0084634,dpn,A8
GCTGGGTAGGCATCAG-1,0.94866395,0.03452903,0.0043184664,0.012488503,0.24446818,RpL6,A9p1
GCTGGGTAGTTTGTCG-1,0.39148894,0.48692375,0.020000484,0.101586714,1.0281059,br,A9p2
GCTGGGTCAGGAATAT-1,0.3253106,0.15720025,0.077753164,0.43973604,1.21605,awd,A9p1
GCTGGGTCATACCAGT-1,0.07896225,0.23122822,0.53131795,0.15849166,1.16702,dpn,A9p2
GCTGGGTTCAAAGACA-1,0.23544516,0.21539624,0.29049453,0.25866407,1.3800845,dpn,A8
GCTGGGTTCACTGGGC-1,0.046671156,0.15707962,0.69275594,0.103493325,0.92282826,dpn,A10
GCTTCACAGAAATTCG-1,0.19485058,0.085497625,0.14040536,0.57924646,1.1208751,awd,A9p1
GCTTCACAGCGTCAGA-1,0.32363257,0.44183904,0.11887153,0.115656905,1.2286522,br,A9p1
GCTTCACAGTCCCAAT-1,0.1701258,0.092892416,0.7120518,0.024929997,0.85592103,dpn,A9p1
GCTTCACCACTGAGTT-1,0.14901999,0.281164,0.34535572,0.22446029,1.3429631,dpn,A8
GCTTCACCATACATCG-1,0.16677828,0.06247775,0.19656791,0.5741761,1.1102924,awd,A9p2
GCTTCACGTCCTCAGG-1,0.079479255,0.21070167,0.43834087,0.27147818,1.2448888,dpn,A9p1
GCTTCACGTCCTCATC-1,0.05304373,0.61563236,0.18059315,0.15073074,1.0487254,br,A8
GCTTCACGTTTCCAAG-1,0.09260838,0.46671206,0.3646186,0.07606089,1.1398194,br,A9p1
GCTTCACTCGAATGCT-1,0.4011492,0.09589557,0.37468347,0.1282717,1.2224815,RpL6,A9p1
GCTTGGGCACAAATCC-1,0.24911396,0.19725807,0.29367074,0.25995728,1.3764853,dpn,A10
GCTTGGGGTACTCGAT-1,0.20207505,0.2630862,0.39014384,0.14469483,1.3213661,dpn,A9p1
GCTTGGGGTCCTATAG-1,0.03796871,0.10744193,0.7728186,0.08177076,0.7677816,dpn,A9p2
GCTTGGGGTCGTTTCC-1,0.36507294,0.2660989,0.13849407,0.23033413,1.3321286,RpL6,A9p2
GCTTGGGGTTACCTTT-1,0.2398669,0.3869096,0.23430024,0.13892324,1.3240632,br,A9p1
GCTTGGGGTTTGGCTA-1,0.1341236,0.39375952,0.20672703,0.2653899,1.314373,br,A9p1
GCTTGGGTCCGTGTCT-1,0.6110404,0.07786993,0.119154066,0.19193563,1.0700625,RpL6,A9p1
GCTTGGGTCGTGTCAA-1,0.084814206,0.60161215,0.13722366,0.17634994,1.0935292,br,A9p1
GCTTGGGTCGTGTTCC-1,0.9273143,0.054229874,0.004803991,0.013651798,0.3122963,RpL6,A9p2
GCTTTCGAGCCTTCTC-1,0.43979135,0.23397446,0.28582367,0.040410556,1.1887506,RpL6,A9p2
GCTTTCGAGTATTAGG-1,0.08981423,0.47483513,0.20319097,0.23215967,1.2329414,br,A10
GCTTTCGCACAGTGTT-1,0.034219448,0.26711467,0.615024,0.083641976,0.974594,dpn,A9p2
GCTTTCGCATACGCAT-1,0.2566386,0.14307936,0.4783714,0.12191069,1.2365404,dpn,A9p1
GCTTTCGGTAGGGAGG-1,0.06365429,0.5239269,0.18029705,0.23212172,1.1618782,br,A8
GCTTTCGGTGGTGATG-1,0.15887661,0.2879083,0.18235765,0.37085742,1.3289533,awd,A8
GCTTTCGGTGTCCCTT-1,0.21149002,0.096698314,0.22868672,0.46312496,1.248368,awd,A9p2
GCTTTCGGTTAAACCC-1,0.16277067,0.6218792,0.13147958,0.08387058,1.0655254,br,A9p2
GCTTTCGGTTCTCACC-1,0.07367741,0.36932334,0.20778887,0.34921038,1.2539139,br,A9p1
GCTTTCGTCATACGAC-1,0.07918052,0.098950356,0.15932253,0.66254663,0.9950839,awd,A9p2
GGAACCCAGACCTCAT-1,0.08787236,0.093666926,0.06586374,0.7525969,0.828566,awd,A9p1
GGAACCCAGCGTGTCC-1,0.21196885,0.43804467,0.13466756,0.215319,1.2910602,br,A9p1
GGAACCCCACACCGCA-1,0.17313723,0.20535518,0.29910108,0.32240647,1.3546585,awd,A9p1
GGAACCCGTGGTCTGC-1,0.22857444,0.37563506,0.0658303,0.32996017,1.250107,br,A10
GGAACCCGTGTCGATT-1,0.3861221,0.2933115,0.1655279,0.1550385,1.3139124,RpL6,A9p2
GGAAGTGAGCATGGGT-1,0.12858145,0.025424201,0.09351568,0.75247866,0.79269344,awd,A9p2
GGAAGTGCAATAGTAG-1,0.10250266,0.016479628,0.039939083,0.8410786,0.57533205,awd,A9p2
GGAAGTGCAGAGCCCT-1,0.12891723,0.35128254,0.27145934,0.24834085,1.3314918,br,A9p1
GGAAGTGTCCACGAAT-1,0.5034007,0.10011972,0.08800343,0.30847612,1.1526167,RpL6,A10
GGAATCTAGAATCCCT-1,0.3203102,0.29924726,0.27652404,0.10391849,1.3164463,RpL6,A9p1
GGAATCTAGGATTTAG-1,0.100189,0.3807605,0.4808528,0.03819773,1.0749533,dpn,A8
GGAATCTAGTCACTCA-1,0.18120605,0.36545673,0.048052516,0.40528476,1.1892939,awd,A10
GGAATCTAGTGCCAGA-1,0.29681024,0.18735467,0.05907756,0.45675758,1.199338,awd,A10
GGAATCTAGTTGTCGT-1,0.31158915,0.30565104,0.20400107,0.17875873,1.3576846,RpL6,A10
GGAATCTCAGGTCAAG-1,0.16385753,0.03097088,0.07397554,0.73119605,0.82554543,awd,A9p2
GGAATCTCATACCATG-1,0.5215622,0.11614483,0.070583805,0.29170918,1.1360486,RpL6,A10
GGAATCTGTAGTTCCA-1,0.5363254,0.074653044,0.10426074,0.28476074,1.1212645,RpL6,A9p2
GGAATCTGTCGGTACC-1,0.16630954,0.15158482,0.1703593,0.51174635,1.2286668,awd,A10
GGAATCTTCAAGGACG-1,0.3060125,0.17379716,0.06482937,0.45536092,1.2020696,awd,A10
GGAATCTTCCTAGCTC-1,0.16264814,0.48482242,0.27791807,0.07461145,1.1958996,br,A9p1
GGAATGGAGCGAGTCA-1,0.26973912,0.21404967,0.29590085,0.2203103,1.3770019,dpn,A8
GGAATGGCACTCATAG-1,0.5514751,0.036965527,0.056489237,0.35507005,0.9801061,RpL6,A9p2
GGAATGGCAGACTGCC-1,0.20368628,0.22790234,0.44465587,0.12375557,1.2800851,dpn,A9p1
GGAATGGGTACAACGG-1,0.058577117,0.26289794,0.1360894,0.5424355,1.120659,awd,A10
GGAATGGGTCTCGACG-1,0.13722913,0.3284139,0.076938145,0.45741886,1.193334,awd,A9p2
GGACGTCAGCCTCCAG-1,0.17406388,0.4234807,0.222716,0.17973949,1.3111614,br,A8
GGACGTCAGGCTAGCA-1,0.1250888,0.07854432,0.35036534,0.4460015,1.187422,awd,A10
GGACGTCCAAGCGCAA-1,0.04421885,0.6371958,0.18959236,0.12899292,1.0045177,br,A8
GGACGTCCACTGTTCC-1,0.11695441,0.35420513,0.4924541,0.036386333,1.088003,dpn,A9p2
GGACGTCCAGACTCTA-1,0.14698721,0.6565521,0.1025099,0.093950875,1.01377,br,A10
GGACGTCCATGCGGTC-1,0.2142212,0.46528882,0.28196552,0.038524482,1.168465,br,A9p2
GGACGTCGTACCGGAA-1,0.18950684,0.29773206,0.16555557,0.34720558,1.3409636,awd,A8
GGACGTCTCGAAGCAG-1,0.030177593,0.32812643,0.5261899,0.115506075,1.0584661,dpn,A8
GGACGTCTCGTCGATA-1,0.36990532,0.14484385,0.13956988,0.34568092,1.2897619,RpL6,A9p2
GGAGAACAGGTCGACA-1,0.3722421,0.28524068,0.12410334,0.2184139,1.3169118,RpL6,A9p2
GGAGAACGTGGATCGA-1,0.14212707,0.040955923,0.49907956,0.31783742,1.1193248,dpn,A10
GGAGAACGTGGTGATG-1,0.3405172,0.12834534,0.107403904,0.42373356,1.2338067,awd,A9p1
GGAGAACTCCCTTGGT-1,0.0746949,0.13198707,0.1699727,0.62334526,1.0569036,awd,A9p2
GGAGATGCAACCGATT-1,0.21408576,0.06261938,0.1141793,0.6091156,1.0532203,awd,A10
GGAGATGCACACACGC-1,0.4006446,0.491915,0.020430889,0.087009504,1.0073956,br,A9p2
GGAGATGGTCACTCGG-1,0.12426018,0.28020504,0.5066441,0.08889062,1.1752529,dpn,A8
GGAGATGTCACTCTTA-1,0.18225516,0.29073742,0.47298715,0.054020245,1.1811916,dpn,A9p1
GGAGATGTCCGGGACT-1,0.24228731,0.51338863,0.1911801,0.053143978,1.158041,br,A9p1
GGAGATGTCGCACGGT-1,0.9236882,0.054995123,0.0040435176,0.017273221,0.3252244,RpL6,A10
GGAGATGTCTCGCTTG-1,0.03170867,0.29748505,0.62321216,0.047594223,0.9097239,dpn,A8
GGAGATGTCTTACCAT-1,0.14883278,0.10430628,0.41726023,0.32960075,1.2498121,dpn,A10
GGAGCAAAGGATGGCT-1,0.40009096,0.112884164,0.18503109,0.30199382,1.2865356,RpL6,A9p1
GGAGCAAAGGCCTTGC-1,0.17378795,0.25511795,0.17068927,0.40040487,1.3208591,awd,A9p2
GGAGCAATCATGAGTC-1,0.0500031,0.6637048,0.2223029,0.0639891,0.93204606,br,A9p2
GGAGCAATCCAGCACG-1,0.10721889,0.44126773,0.2646516,0.18686178,1.2656615,br,A9p1
GGAGCAATCTCAGTCC-1,0.11336587,0.14436832,0.1884287,0.55383706,1.1679695,awd,A9p2
GGAGGATAGATCCCAT-1,0.21172914,0.39570826,0.2624453,0.13011728,1.3119779,br,A10
GGAGGATCACCACATA-1,0.52851474,0.1467154,0.16128652,0.16348341,1.2089654,RpL6,A9p2
GGAGGATCACCAGTAT-1,0.059025872,0.48727134,0.23024014,0.22346264,1.1903456,br,A9p2
GGAGGATCACGGTCTG-1,0.10082019,0.25607553,0.38765025,0.255454,1.2961497,dpn,A9p1
GGAGGATGTAAGATCA-1,0.37252778,0.1462157,0.15456672,0.3266898,1.3030535,RpL6,A9p2
GGAGGATGTGCCTACG-1,0.10502556,0.21991813,0.57640237,0.09865393,1.1158111,dpn,A9p2
GGAGGATGTGTGTGTT-1,0.1306111,0.3180724,0.49648276,0.054833658,1.1370547,dpn,A9p2
GGAGGATTCATCCTGC-1,0.38251796,0.116245925,0.30252793,0.19870818,1.3005517,RpL6,A10
GGAGGATTCGAGTGAG-1,0.04395026,0.42209417,0.52651244,0.007443169,0.8756211,dpn,A8
GGAGGTAAGCGCCTTG-1,0.304289,0.16902074,0.2165937,0.31009653,1.3569236,awd,A8
GGAGGTAAGCTTCATG-1,0.05356202,0.3164508,0.51587486,0.11411232,1.1100178,dpn,A9p1
GGAGGTAGTAAGGAGA-1,0.07303527,0.5621935,0.17735583,0.18741535,1.1354597,br,A9p1
GGAGGTAGTCCTATAG-1,0.023030888,0.4747177,0.07731345,0.424938,1.0021096,br,A9p2
GGAGGTATCGAACGGA-1,0.11261061,0.25149176,0.5001374,0.13576028,1.210693,dpn,A9p1
GGAGGTATCGACGCGT-1,0.22780241,0.4592405,0.19887063,0.11408646,1.2632099,br,A8
GGAGGTATCGCTAGCG-1,0.22609998,0.20298755,0.12349157,0.4474209,1.2779801,awd,A9p1
GGATCTAGTACCGGCT-1,0.31770065,0.25624326,0.15500133,0.2710548,1.3560145,RpL6,A10
GGATCTAGTTGCGGAA-1,0.3876564,0.08909055,0.21658601,0.30666703,1.2765917,RpL6,A9p1
GGATCTATCCTCAGAA-1,0.8893928,0.072845995,0.009218462,0.028542757,0.43977553,RpL6,A9p2
GGATGTTAGTAGCATA-1,0.35973287,0.21148193,0.2726953,0.15608992,1.3405999,RpL6,A9p1
GGATGTTCATAATCGC-1,0.22686663,0.1272189,0.20074774,0.4451667,1.2814562,awd,A9p1
GGATGTTGTACCTATG-1,0.07302187,0.3139299,0.4883695,0.124678686,1.1644018,dpn,A8
GGATGTTTCATGCAGT-1,0.03756042,0.36028153,0.5459846,0.056173414,0.98321766,dpn,A8
GGATGTTTCGAAGTGG-1,0.086460695,0.24755453,0.10000015,0.56598467,1.1096889,awd,A9p1
GGCACGTAGGATAATC-1,0.36608282,0.20310555,0.0975538,0.33325785,1.2848699,RpL6,A9p2
GGCACGTCACGTCGGT-1,0.19747944,0.1831956,0.6095696,0.009755321,0.9781601,dpn,A9p1
GGCACGTCATGGAATA-1,0.032179423,0.30139878,0.53808933,0.12833242,1.06901,dpn,A8
GGCACGTGTTGCGGCT-1,0.057903808,0.34678304,0.38035238,0.2149608,1.2303585,dpn,A9p1
GGCACGTTCTCGTGGG-1,0.19399613,0.187101,0.05425787,0.56464505,1.1125741,awd,A9p1
GGCAGTCAGGCGAACT-1,0.14639734,0.19280086,0.21545817,0.44534358,1.2896297,awd,A9p1
GGCAGTCCAGTAGTTC-1,0.13155667,0.5853474,0.2590351,0.024060778,1.0199025,br,A8
GGCAGTCCAGTATGAA-1,0.45219013,0.101576574,0.1721239,0.2741094,1.2488006,RpL6,A9p2
GGCAGTCCATAAGCAA-1,0.46537706,0.11115083,0.18539983,0.23807228,1.254274,RpL6,A10
GGCAGTCGTTCAGCGC-1,0.1605678,0.33691183,0.45416015,0.04836026,1.1651807,dpn,A9p2
GGCAGTCTCGTTGTTT-1,0.06261663,0.4120225,0.20714054,0.31822032,1.2293036,br,A9p1
GGCAGTCTCTACTGCC-1,0.3408847,0.2027,0.24066475,0.21575059,1.3640518,RpL6,A9p1
GGCGTCAAGCAAGTCG-1,0.27896193,0.19146074,0.29621658,0.23336072,1.3726193,dpn,A8
GGCGTCAAGCGACTTT-1,0.22939838,0.17536679,0.11337733,0.4818575,1.2416676,awd,A9p1
GGCGTCACAAGGGTCA-1,0.08527448,0.2164736,0.6601908,0.03806111,0.9397359,dpn,A9p1
GGCGTCACAGTCAGAG-1,0.1404898,0.23753272,0.22419187,0.39778563,1.3190886,awd,A9p1
GGCGTCAGTCACCGAC-1,0.1560809,0.19178256,0.10663334,0.5455032,1.1758941,awd,A9p2
GGCGTCATCCCTTCCC-1,0.085673936,0.67137706,0.20751114,0.035437904,0.92269903,br,A9p1
GGCGTCATCTACACAG-1,0.105311856,0.34347683,0.15597844,0.3952329,1.2607912,awd,A9p2
GGCTGTGAGGTGAGAA-1,0.21768378,0.40347928,0.23318818,0.1456487,1.3182166,br,A9p1
GGCTGTGCACTGGCGT-1,0.16760325,0.38136438,0.40739247,0.043639876,1.1695011,dpn,A8
GGCTGTGCAGATCATC-1,0.36276692,0.14434159,0.22835454,0.26453698,1.3362486,RpL6,A9p2
GGCTGTGGTTACAGCT-1,0.10464424,0.12580353,0.1075187,0.66203356,1.0098217,awd,A10
GGCTGTGTCGTGCACG-1,0.083775975,0.58431715,0.15628985,0.17561707,1.1172496,br,A9p2
GGCTTGGCATGTCTAG-1,0.45102617,0.10423289,0.18048626,0.26425472,1.2554963,RpL6,A9p1
GGCTTGGGTCTTAGTG-1,0.037676737,0.3120775,0.50077254,0.14947328,1.1173772,dpn,A10
GGCTTGGTCCACAAGT-1,0.47640052,0.1364584,0.085179284,0.30196178,1.1964202,RpL6,A10
GGCTTGGTCGTTGTAG-1,0.18418194,0.19496457,0.11015798,0.5106955,1.2165285,awd,A10
GGCTTTCAGGTGCTGA-1,0.13434222,0.25159815,0.39377275,0.22028694,1.3171039,dpn,A10
GGCTTTCCAATGACCT-1,0.2188797,0.14336203,0.36233783,0.27542046,1.3339734,dpn,A10
GGCTTTCCACCCGTAG-1,0.2518078,0.3261117,0.08381337,0.33826715,1.2871199,awd,A10
GGCTTTCGTGCGGATA-1,0.049378727,0.6342211,0.13992694,0.17647323,1.0186335,br,A9p1
GGCTTTCGTTGCCATA-1,0.45528033,0.10534904,0.20719914,0.23217152,1.2605013,RpL6,A9p2
GGCTTTCTCAATCAGC-1,0.07437048,0.13497092,0.720141,0.07051765,0.88700545,dpn,A8
GGCTTTCTCATCCCGT-1,0.050290957,0.23956458,0.58488864,0.12525585,1.0665896,dpn,A9p1
GGCTTTCTCCAACACA-1,0.427439,0.33466253,0.076433375,0.16146512,1.2205937,RpL6,A9p1
GGCTTTCTCGAGAATA-1,0.060530603,0.46283558,0.27654514,0.20008866,1.2037328,br,A8
GGGAAGTAGATAACGT-1,0.27456462,0.13008913,0.09707337,0.49827287,1.1937187,awd,A10
GGGAAGTAGTGCTACT-1,0.25084805,0.34913537,0.101552576,0.29846406,1.3074368,br,A9p1
GGGAAGTTCCGATCTC-1,0.09416974,0.5210318,0.34137085,0.04342758,1.0652926,br,A9p1
GGGAAGTTCGCACGGT-1,0.35008913,0.15548457,0.16736506,0.32706124,1.3215356,RpL6,A9p1
GGGAAGTTCTTGGTCC-1,0.17973955,0.092132315,0.14445847,0.5836697,1.121922,awd,A9p1
GGGACAAAGCTTCGTA-1,0.46317387,0.14702764,0.24369566,0.14610283,1.2634337,RpL6,A9p1
GGGACAAAGGGAGGAC-1,0.4679714,0.24369231,0.1980109,0.09032535,1.237248,RpL6,A9p2
GGGACAAAGGTGAGAA-1,0.07706248,0.5812225,0.2000301,0.141685,1.1116853,br,A8
GGGACAACAAAGAGTT-1,0.20785181,0.19062212,0.26461172,0.33691433,1.3608067,awd,A9p1
GGGACAAGTGGACTGA-1,0.08593486,0.26255265,0.63259435,0.018918142,0.92675257,dpn,A9p1
GGGACAAGTTCTCCCA-1,0.2581284,0.12930499,0.10514262,0.507424,1.1951545,awd,A8
GGGACAATCAGTGATC-1,0.16567244,0.4514463,0.36115688,0.021724313,1.1078781,br,A9p1
GGGACAATCTACCCAC-1,0.9565612,0.027082842,0.0022919127,0.014064013,0.21412137,RpL6,A9p2
GGGACCTCAAACGAGC-1,0.30481362,0.06891102,0.42056844,0.20570698,1.2360276,dpn,A9p2
GGGACCTCAACCGATT-1,0.10910598,0.29656315,0.39330304,0.2010278,1.2917202,dpn,A8
GGGACCTCAAGACCTT-1,0.4348841,0.17853436,0.14587224,0.24070933,1.2933449,RpL6,A10
GGGACCTCACCACTGG-1,0.23643899,0.13599828,0.1262573,0.50130534,1.2197448,awd,A9p2
GGGACCTCACGGGCTT-1,0.27073738,0.117458574,0.2683038,0.34350023,1.3253477,awd,A9p2
GGGACCTCAGATCCAT-1,0.103351966,0.3636745,0.4555384,0.07743515,1.1587065,dpn,A9p2
GGGACCTCAGTCGAGA-1,0.27668035,0.05981462,0.15481932,0.5086857,1.156621,awd,A9p1
GGGACCTCATCAGCGC-1,0.30462328,0.154588,0.13791414,0.4028746,1.2902043,awd,A8
GGGACCTTCATGCCAA-1,0.11502091,0.30419168,0.12706314,0.45372424,1.2314696,awd,A8
GGGACCTTCCGATGTA-1,0.61029553,0.081109725,0.18009563,0.12849922,1.077506,RpL6,A8
GGGACCTTCGGTAACT-1,0.117962,0.44497856,0.22086392,0.21619551,1.2771128,br,A9p1
GGGACCTTCTCGTGAA-1,0.18308167,0.07857488,0.09731497,0.6410285,1.0224894,awd,A9p1
GGGACTCCACATACTG-1,0.15598331,0.30446535,0.39590085,0.14365053,1.2974613,dpn,A10
GGGACTCCACGAAAGC-1,0.2166707,0.06747555,0.28124493,0.43460888,1.2322154,awd,A9p1
GGGACTCCAGAGGTTG-1,0.13659263,0.49339992,0.20995648,0.16005102,1.2414443,br,A9p2
GGGACTCCATCCTAAG-1,0.1085243,0.47444293,0.17326228,0.2437705,1.2425689,br,A9p1
GGGACTCCATGGGCAA-1,0.01878574,0.16670568,0.6667831,0.1477255,0.92607534,dpn,A10
GGGACTCGTAGCGAGT-1,0.26397845,0.39258757,0.14349999,0.19993395,1.3190985,br,A8
GGGACTCTCCTACAAG-1,0.0967327,0.4466414,0.25238022,0.20424564,1.2578534,br,A8
GGGACTCTCGGCTGGT-1,0.14909366,0.2127568,0.13658707,0.5015624,1.2310241,awd,A10
GGGAGATCACGACAGA-1,0.35144657,0.21167551,0.13012467,0.3067532,1.3240278,RpL6,A9p2
GGGAGATCAGTAGAAT-1,0.39446157,0.046249058,0.07715977,0.4821296,1.0585057,awd,A9p2
GGGAGATGTAGAGTTA-1,0.22532234,0.20070216,0.19512957,0.3788459,1.3446721,awd,A10
GGGAGATGTTGCCGCA-1,0.9707104,0.02438872,0.0010250099,0.0038759552,0.14800553,RpL6,A10
GGGAGATTCGGAAGGT-1,0.30362198,0.06457595,0.2186581,0.41314393,1.236458,awd,A10
GGGAGTACATACCAGT-1,0.6183872,0.09077582,0.14746842,0.14336859,1.0757713,RpL6,A10
GGGAGTACATTGTGCA-1,0.04925366,0.63548625,0.06720183,0.24805832,0.9636632,br,A10
GGGAGTAGTGTATTCG-1,0.16071886,0.5141323,0.10109934,0.22404943,1.2026865,br,A9p2
GGGAGTATCGAAACAA-1,0.07506147,0.33055997,0.57080674,0.023571797,0.96868086,dpn,A9p1
GGGAGTATCGCATTAG-1,0.51553446,0.09460773,0.16134463,0.22851315,1.1963037,RpL6,A9p1
GGGATCCAGAGCATCG-1,0.32417476,0.32755128,0.08748002,0.26079392,1.2944025,br,A9p2
GGGATCCAGAGTTGTA-1,0.17860922,0.17474993,0.14405221,0.50258857,1.2373831,awd,A10
GGGATCCAGGCTCACC-1,0.35977495,0.16470356,0.28052285,0.19499864,1.3401994,RpL6,A9p2
GGGATCCCACTATCCC-1,0.43487093,0.09062271,0.0962677,0.37823868,1.1727706,RpL6,A9p1
GGGATCCCAGCTCTGG-1,0.22802909,0.045693994,0.060929008,0.6653479,0.9196683,awd,A9p2
GGGATCCGTGAACGGT-1,0.28239843,0.3029064,0.15971535,0.25497976,1.3602692,br,A9p1
GGGATCCTCCTCCACA-1,0.2156635,0.30746996,0.13219099,0.3446756,1.3280802,awd,A9p2
GGGATCCTCTAGTGAC-1,0.039102454,0.25203598,0.67101413,0.037847426,0.8657361,dpn,A8
GGGATGACACTACCCT-1,0.19134909,0.298643,0.2929526,0.21705534,1.3685828,br,A9p1
GGGATGAGTAACCAGG-1,0.046573073,0.66199845,0.17740846,0.11401993,0.9702696,br,A9p1
GGGATGAGTGCGACAA-1,0.062447317,0.40585214,0.39444348,0.13725707,1.1786985,br,A8
GGGATGATCAAGCCGC-1,0.5122723,0.11928668,0.1250242,0.24341683,1.2001882,RpL6,A10
GGGATGATCGTTCTCG-1,0.091516,0.37209895,0.28374547,0.2526396,1.2916994,br,A8
GGGATGATCTACCCAC-1,0.17436199,0.114988364,0.13260384,0.5780458,1.1379951,awd,A10
GGGATGATCTTGGAAC-1,0.024564108,0.64118654,0.2317373,0.10251204,0.948346,br,A10
GGGCCATCAGTGAGCA-1,0.06504459,0.17491673,0.60711366,0.15292506,1.0728413,dpn,A8
GGGCCATGTGTAGGAC-1,0.45303115,0.06317052,0.29392076,0.18987757,1.2085271,RpL6,A9p1
GGGCCATGTTGCCAAT-1,0.07463648,0.483101,0.21621543,0.22604713,1.2124257,br,A10
GGGCCATTCTGTCCCA-1,0.08921779,0.34784427,0.5072688,0.055669162,1.0880156,dpn,A8
GGGCGTTAGAGTCAGC-1,0.6597013,0.10018287,0.13605985,0.104056016,1.0117651,RpL6,A9p1
GGGCGTTAGTGATCGG-1,0.44979894,0.21742864,0.12882535,0.20394704,1.2793958,RpL6,A9p2
GGGCGTTCACGCGGTT-1,0.057486936,0.14400788,0.09173676,0.70676845,0.90769434,awd,A10
GGGCGTTTCATTCACT-1,0.7864759,0.18440603,0.0053182077,0.023799902,0.6174811,RpL6,A9p2
GGGCGTTTCTAAGAAG-1,0.20469241,0.40000057,0.1615807,0.23372637,1.3254759,br,A9p1
GGGCTACAGTACGAGC-1,0.35345113,0.16862738,0.2278797,0.25004178,1.3513697,RpL6,A9p2
GGGCTACAGTCACTAC-1,0.28237545,0.15402436,0.26502085,0.29857934,1.3580259,awd,A9p1
GGGCTACCACGACAAG-1,0.21594438,0.11146712,0.29901648,0.37357202,1.3043723,awd,A10
GGGCTACGTACCGGAA-1,0.27694994,0.12982495,0.1961152,0.39710987,1.3068575,awd,A9p1
GGGCTACGTCGGTGTC-1,0.39187267,0.08553603,0.23730877,0.28528255,1.276597,RpL6,A9p1
GGGCTACGTGTTTGCA-1,0.05918716,0.5379531,0.37848952,0.024370272,0.95909595,br,A9p2
GGGCTACGTTGTAGCT-1,0.057508063,0.81340194,0.10132736,0.02776272,0.66370714,br,A8
GGGCTACTCATTCGTT-1,0.23112229,0.37064296,0.110096656,0.28813806,1.3078705,br,A9p2
GGGCTACTCGGTTGTA-1,0.3351769,0.049197,0.058371034,0.5572551,1.0062317,awd,A8
GGGCTACTCTTTGGAG-1,0.35126504,0.18110803,0.15584967,0.31177732,1.33002,RpL6,A9p2
GGGCTCAAGATGCTGG-1,0.3698866,0.116247684,0.2537098,0.26015586,1.3163152,RpL6,A10
GGGCTCAAGGTTCAGG-1,0.054840405,0.20120047,0.7239632,0.01999595,0.79391474,dpn,A9p1
GGGCTCACAATCGAAA-1,0.53431726,0.10217278,0.091797605,0.27171233,1.1412294,RpL6,A9p2
GGGCTCAGTGAGCGAT-1,0.13315178,0.23125705,0.33085644,0.30473477,1.3351529,dpn,A8
GGGCTCAGTGGCACTC-1,0.19407393,0.08789479,0.4400543,0.27797702,1.2490063,dpn,A9p1
GGGCTCATCACTACTT-1,0.056638848,0.27891156,0.36434704,0.3001026,1.2478199,dpn,A9p1
GGGTAGAAGAAAGCGA-1,0.07848666,0.3795745,0.4995324,0.04240645,1.0481709,dpn,A8
GGGTAGACAAGACCTT-1,0.36607444,0.18936522,0.2591812,0.18537906,1.3453761,RpL6,A9p1
GGGTAGACATGATAGA-1,0.31733063,0.23707893,0.22703716,0.21855326,1.3744524,RpL6,A9p2
GGGTAGAGTCTACACA-1,0.15035515,0.3766993,0.20276432,0.27018124,1.32979,br,A9p1
GGGTAGAGTGGCCACT-1,0.06631694,0.53847486,0.2710495,0.1241586,1.1261239,br,A9p1
GGGTAGATCTGGGAGA-1,0.0653701,0.25017938,0.66772705,0.016723461,0.86304575,dpn,A9p1
GGGTATTCAGAAATCA-1,0.096506424,0.54934615,0.24160247,0.112544924,1.1437495,br,A9p1
GGGTATTCAGGTTCGC-1,0.11573864,0.45468417,0.16471645,0.26486072,1.2568935,br,A9p1
GGGTATTGTATCACGT-1,0.40526116,0.121383175,0.1755287,0.29782692,1.288167,RpL6,A9p1
GGGTATTGTCATGCAT-1,0.1485476,0.36571005,0.31643093,0.16931143,1.315932,br,A9p2
GGGTATTGTGCAATAA-1,0.40338144,0.1852769,0.16620529,0.24513638,1.3214858,RpL6,A10
GGGTATTGTGTTAAAG-1,0.40856016,0.13380247,0.09843916,0.3591982,1.2308271,RpL6,A9p2
GGGTATTTCTTAGGAC-1,0.038279258,0.37130135,0.5218334,0.068586014,1.0159546,dpn,A9p2
GGGTCACAGCTGGCTC-1,0.12239336,0.1348471,0.51189536,0.23086417,1.2084835,dpn,A9p1
GGGTCACCAGGACGAT-1,0.17208727,0.10485255,0.5340031,0.1890571,1.1892171,dpn,A10
GGGTCACGTAAGATAC-1,0.16211903,0.14324121,0.06353713,0.6311027,1.038918,awd,A8
GGGTCACGTACATACC-1,0.23871613,0.0985944,0.17279169,0.48989785,1.2233094,awd,A8
GGGTCACGTGCTAGCC-1,0.3069375,0.110661045,0.0671254,0.5152761,1.1290973,awd,A9p1
GGGTCACGTTAAAGTG-1,0.8122103,0.15407598,0.0057624313,0.027951188,0.5868092,RpL6,A8
GGGTCACTCAGATGCT-1,0.42199844,0.03887644,0.4214802,0.11764493,1.1062483,RpL6,A10
GGGTCACTCCTTACCG-1,0.34316188,0.18859543,0.13501343,0.3332293,1.3181776,RpL6,A9p1
GGGTCTGAGAGTCAGC-1,0.26578793,0.18470204,0.17987522,0.36963472,1.3405976,awd,A9p2
GGGTCTGAGGTTTGAA-1,0.14426729,0.48300418,0.19144654,0.18128201,1.2568755,br,A8
GGGTCTGAGTCTACCA-1,0.4396452,0.14110895,0.14671442,0.2725314,1.2734929,RpL6,A9p2
GGGTCTGCAAGGCAAC-1,0.24742989,0.10048694,0.45036045,0.20172267,1.2586449,dpn,A9p1
GGGTCTGGTATCACGT-1,0.3107955,0.19073716,0.10503233,0.39343503,1.2829272,awd,A9p1
GGGTCTGGTTGCGGAA-1,0.38886353,0.10997332,0.03721691,0.46394625,1.0888451,awd,A10
GGGTGAACACTGTCCT-1,0.2390965,0.08392036,0.27094454,0.4060386,1.2698414,awd,A10
GGGTGAACAGCTGTTA-1,0.02056771,0.2521423,0.6762991,0.050990824,0.8435459,dpn,A8
GGGTGAAGTAATCAAG-1,0.6050154,0.10111298,0.124129444,0.16974223,1.0957441,RpL6,A9p2
GGGTGAAGTAGCACGA-1,0.3784939,0.0773279,0.11896332,0.42521486,1.1825569,awd,A9p2
GGGTGAAGTTCATCGA-1,0.3275208,0.13032745,0.26876634,0.27338544,1.3388305,RpL6,A9p1
GGGTGAATCGATGGAG-1,0.06653297,0.5797687,0.34479117,0.008907076,0.90554404,br,A9p1
GGGTGTCAGGCCGCTT-1,0.17869078,0.7575744,0.008603848,0.0551309,0.7187389,br,A10
GGGTGTCCAACTGCTA-1,0.49522576,0.090627074,0.1369289,0.27721822,1.1935235,RpL6,A9p1
GGGTGTCCAGATTTCG-1,0.34540638,0.13867877,0.16767505,0.34823975,1.3079193,awd,A9p1
GGGTGTCCAGCGTGAA-1,0.48480636,0.20779036,0.036095496,0.27130783,1.1513038,RpL6,A10
GGGTGTCCATGACGGA-1,0.38785648,0.1079543,0.31338447,0.19080475,1.2873546,RpL6,A10
GGGTGTCGTCATCCCT-1,0.47476414,0.084821194,0.1024476,0.3379671,1.1629871,RpL6,A8
GGGTGTCGTCGGTGAA-1,0.12026838,0.36248174,0.50539047,0.011859441,1.0200545,dpn,A8
GGGTGTCGTGAGTGAC-1,0.40423098,0.18118611,0.13105953,0.28352332,1.2993441,RpL6,A10
GGGTGTCGTGCACGCT-1,0.13603736,0.05406795,0.116751455,0.69314325,0.93391275,awd,A9p2
GGGTGTCGTGGCCCAT-1,0.10369069,0.19785322,0.07022482,0.6282313,1.0341187,awd,A9p1
GGGTTATAGAGGTCAC-1,0.15949513,0.07163121,0.07220591,0.6966678,0.9232101,awd,A10
GGGTTATGTATGAAAC-1,0.879199,0.110968076,0.0013380678,0.008494867,0.40651572,RpL6,A10
GGGTTATGTTCTCGTC-1,0.36698383,0.0524324,0.07147506,0.5091088,1.0547376,awd,A10
GGGTTTAAGAGCCATG-1,0.434389,0.41641143,0.098324336,0.050875217,1.1065978,RpL6,A9p1
GGGTTTACAACCGTGC-1,0.116780095,0.4866924,0.26996034,0.12656716,1.216379,br,A9p2
GGGTTTAGTAAGACCG-1,0.108486906,0.5205232,0.19248162,0.17850824,1.2055771,br,A10
GGGTTTAGTCAGGAGT-1,0.075518906,0.36108202,0.37413684,0.18926224,1.2457863,dpn,A8
GGGTTTAGTCTGTTAG-1,0.07797196,0.26830515,0.44589502,0.20782787,1.2385724,dpn,A9p1
GGTAACTAGTCTCGTA-1,0.03312933,0.18049547,0.76437414,0.022001076,0.71125644,dpn,A9p1
GGTAACTGTTATTCTC-1,0.794011,0.1532382,0.01080396,0.041946802,0.6525301,RpL6,A10
GGTAACTTCGATTGGT-1,0.19419941,0.6115713,0.090619005,0.1036103,1.071473,br,A9p2
GGTAATCAGATTGATG-1,0.08541089,0.7037748,0.12884693,0.081967406,0.9264289,br,A9p2
GGTAATCAGTCTCGTA-1,0.44956544,0.23851638,0.057792462,0.25412577,1.2141793,RpL6,A10
GGTAATCCACCCTTAC-1,0.54953647,0.18560532,0.07249108,0.19236718,1.1489067,RpL6,A9p1
GGTAATCCATTGCCTC-1,0.05794995,0.22897233,0.675587,0.03749074,0.8906463,dpn,A9p2
GGTAATCGTTCGGTTA-1,0.90278906,0.06969894,0.005371459,0.022140497,0.3904107,RpL6,A9p2
GGTAATCGTTGTACGT-1,0.0851467,0.19356464,0.6925588,0.028729878,0.8840153,dpn,A9p1
GGTAATCGTTTACTTC-1,0.4325723,0.22895563,0.17295134,0.16552074,1.3012315,RpL6,A8
GGTAATCTCTTTGCGC-1,0.55114657,0.1618484,0.13333507,0.15366995,1.1795607,RpL6,A9p2
GGTAGAGCAACTTCTT-1,0.28016147,0.1089874,0.15085213,0.45999897,1.240581,awd,A10
GGTAGAGCATCAACCA-1,0.033769004,0.65668577,0.24309787,0.06644743,0.91455853,br,A8
GGTAGAGGTGCTGATT-1,0.3424775,0.44555438,0.043761175,0.16820699,1.1639519,br,A10
GGTAGAGGTTGTGCCG-1,0.13365868,0.5997629,0.093574755,0.17300366,1.1007979,br,A9p1
GGTAGAGTCTGTCGCT-1,0.39757636,0.24712954,0.107013434,0.24828066,1.2972172,RpL6,A10
GGTCACGCAAGAATAC-1,0.14263816,0.027458899,0.15137273,0.6785302,0.9254415,awd,A10
GGTCACGCACGGAAGT-1,0.073807426,0.068179846,0.20449848,0.65351427,0.9780462,awd,A10
GGTCACGCAGAAACCG-1,0.12136481,0.3011064,0.50923103,0.06829774,1.1443275,dpn,A8
GGTCACGCATGGCACC-1,0.93895906,0.030755777,0.008628619,0.021656536,0.29022703,RpL6,A9p1
GGTCACGGTTCAATCG-1,0.12246066,0.078911096,0.78641677,0.012211443,0.70029974,dpn,A8
GGTCACGGTTCCTAGA-1,0.045760486,0.42486915,0.3256974,0.20367296,1.1942731,br,A9p1
GGTCACGTCTAGCCAA-1,0.12812307,0.2985857,0.3450785,0.22821273,1.3284996,dpn,A9p1
GGTCTGGGTACTTCCC-1,0.33466986,0.11575078,0.2491657,0.30041367,1.3234543,RpL6,A9p1
GGTCTGGGTGCATTTG-1,0.08116487,0.12828304,0.20989937,0.5806528,1.1105821,awd,A10
GGTCTGGTCACATTGG-1,0.29415628,0.3106883,0.076285094,0.31887037,1.2838886,awd,A9p1
GGTCTGGTCTCTCGAC-1,0.23640655,0.33403966,0.12945752,0.30009624,1.3330939,br,A10
GGTGAAGAGGAGACCT-1,0.20429774,0.54367405,0.07280692,0.1792213,1.1546342,br,A10
GGTGAAGAGTCACTCA-1,0.37575465,0.21419616,0.17683564,0.23321362,1.3437289,RpL6,A9p1
GGTGAAGAGTGGCAGT-1,0.4843271,0.13013914,0.120871626,0.2646621,1.2237287,RpL6,A9p2
GGTGAAGGTAGTGTGG-1,0.042720597,0.50924426,0.32268524,0.12534992,1.1036428,br,A9p1
GGTGAAGTCCCATAAG-1,0.29077995,0.19229263,0.18704236,0.32988507,1.3556157,awd,A9p2
GGTGAAGTCGACATTG-1,0.17081963,0.4053675,0.39590845,0.027904393,1.1346014,br,A9p2
GGTGAAGTCTAGTACG-1,0.42047864,0.106628776,0.23300253,0.23989008,1.2848418,RpL6,A10
GGTGAAGTCTCTAGGA-1,0.07566997,0.49791607,0.16650161,0.2599124,1.1912458,br,A9p1
GGTGAAGTCTTACGTT-1,0.3335738,0.15394932,0.22245602,0.29002088,1.3476329,RpL6,A8
GGTGATTAGACTGGGT-1,0.8949493,0.056631174,0.01008906,0.038330477,0.4333156,RpL6,A10
GGTGATTCATGGGCAA-1,0.2567874,0.049018104,0.18135557,0.51283884,1.1490196,awd,A10
GGTGATTGTGTCTTAG-1,0.07622062,0.7401491,0.16115628,0.022473983,0.79838413,br,A10
GGTGATTGTTGGAGGT-1,0.2136468,0.24137667,0.21339814,0.33157837,1.3684813,awd,A9p1
GGTGGCTAGTGGAAAG-1,0.1637564,0.15171836,0.15915497,0.5253702,1.2130595,awd,A9p2
GGTGGCTCAGACGGAT-1,0.20508546,0.13766101,0.11342784,0.5438257,1.1760435,awd,A9p2
GGTGGCTCAGCGTGAA-1,0.25470155,0.55885565,0.1163514,0.07009136,1.1101118,br,A8
GGTGGCTCATGGGTCC-1,0.2458852,0.30725902,0.18476823,0.26208755,1.3705001,br,A10
GGTGGCTGTCTACTGA-1,0.254877,0.16289711,0.10834718,0.47387865,1.2386962,awd,A9p2
GGTGGCTGTTAAACAG-1,0.36975855,0.08583296,0.18876188,0.3556466,1.2610154,RpL6,A9p1
GGTGGCTGTTTACGTG-1,0.3893038,0.14040674,0.28023362,0.1900558,1.3149854,RpL6,A10
GGTGGCTTCCACATAG-1,0.06319975,0.2688631,0.64719105,0.020746088,0.8896902,dpn,A9p2
GGTGGCTTCTGAATCG-1,0.3856247,0.06703582,0.15716833,0.39017117,1.2066718,awd,A8
GGTGTCGAGCAAATCA-1,0.08021323,0.124930054,0.75604707,0.03880969,0.7997638,dpn,A9p1
GGTGTCGGTCAAGCCC-1,0.20649752,0.4936161,0.20551586,0.09437049,1.2221725,br,A8
GGTGTCGGTCATTCCC-1,0.08578102,0.32919696,0.067870654,0.5171513,1.1000471,awd,A9p2
GGTGTCGGTGCAATGG-1,0.0670546,0.06622873,0.461848,0.40486866,1.0838512,dpn,A10
GGTGTCGTCGCCATAA-1,0.07997339,0.16541745,0.5730522,0.18155698,1.1284835,dpn,A8
GGTGTTAAGGTCTGGA-1,0.37123907,0.32352751,0.1160399,0.18919356,1.2978891,RpL6,A10
GGTGTTAAGTTGAATG-1,0.23089395,0.68570226,0.009931747,0.07347204,0.834797,br,A8
GGTGTTACAGCGTTTA-1,0.26314503,0.105209336,0.162668,0.46897763,1.2387447,awd,A9p2
GGTGTTACATAAGCAA-1,0.18379994,0.043910537,0.070719615,0.7015699,0.8845862,awd,A10
GGTGTTAGTCCGAAAG-1,0.28228837,0.16655079,0.15418774,0.3969731,1.3106058,awd,A9p1
GGTGTTAGTGATTAGA-1,0.2387401,0.5825562,0.11363527,0.06506848,1.081656,br,A9p1
GGTGTTAGTGCTTATG-1,0.22773345,0.0115807345,0.44464836,0.31603748,1.112998,dpn,A10
GGTGTTATCGCGATCG-1,0.11706537,0.31936333,0.32300544,0.24056591,1.3234104,dpn,A9p2
GGTGTTATCTGTCGTC-1,0.42062122,0.23614892,0.15479328,0.18843658,1.3083913,RpL6,A9p1
GGTTAACCAGAATCGG-1,0.5362018,0.13318098,0.12612809,0.2044892,1.1884003,RpL6,A9p2
GGTTAACCAGATTAAG-1,0.13383047,0.026166465,0.053713016,0.78629,0.7105986,awd,A9p2
GGTTAACCAGTCGCTG-1,0.086183704,0.2268682,0.5009204,0.18602768,1.2069558,dpn,A8
GGTTAACGTAGTGGCA-1,0.28635672,0.14112666,0.40667108,0.16584557,1.2983108,dpn,A10
GGTTAACGTATCGCGC-1,0.3560957,0.14699228,0.27071804,0.22619398,1.3394754,RpL6,A9p1
GGTTAACGTCGATTAC-1,0.707347,0.19440424,0.015119651,0.08312906,0.8334558,RpL6,A9p2
GGTTAACTCACTGTTT-1,0.34888333,0.09114872,0.29336074,0.26660714,1.2979181,RpL6,A9p1
GGTTAACTCGCAGTGC-1,0.0848952,0.34933984,0.41839087,0.147374,1.2235339,dpn,A8
GGTTAACTCGGTAACT-1,0.17494692,0.16850145,0.098144926,0.5584067,1.1582398,awd,A9p2
GGTTAACTCTATCCAT-1,0.21902934,0.13222964,0.19768062,0.4510604,1.27971,awd,A9p2
GGTTCTCAGAGTATAC-1,0.21361816,0.08414895,0.1383877,0.5638452,1.1347747,awd,A10
GGTTCTCAGTAAGAGG-1,0.39559987,0.09515371,0.14819194,0.36105442,1.2414376,RpL6,A9p2
GGTTCTCAGTGAACAT-1,0.038374897,0.10316528,0.7513666,0.10709322,0.8134867,dpn,A8
GGTTCTCCACATAACC-1,0.25818464,0.18036965,0.3289464,0.23249926,1.3634586,dpn,A10
GGTTCTCCATAGGTAA-1,0.09521843,0.2988927,0.06371864,0.54217017,1.0922163,awd,A9p2
GGTTCTCCATCGCCTT-1,0.0212994,0.13096516,0.7679205,0.07981491,0.75277185,dpn,A9p1
GGTTCTCGTACGTTCA-1,0.6650428,0.04974891,0.11943994,0.1657683,0.9722741,RpL6,A9p2
GGTTCTCGTATTGCCA-1,0.2953347,0.14897947,0.12177892,0.43390685,1.2625439,awd,A9p2
GGTTCTCGTCACAGAG-1,0.07572424,0.22387552,0.56475246,0.13564776,1.1241491,dpn,A9p1
GGTTCTCTCAGTCAGT-1,0.1868546,0.403048,0.28488135,0.12521608,1.2975677,br,A9p2
GGTTCTCTCCATTTAC-1,0.19660835,0.14967081,0.15828554,0.4954353,1.2437937,awd,A9p2
GGTTCTCTCTTTCGAT-1,0.022607569,0.16143121,0.76101995,0.0549413,0.74731183,dpn,A8
GGTTGTAAGATTGCGG-1,0.86560315,0.09348561,0.0120617375,0.028849531,0.50206345,RpL6,A9p2
GGTTGTACAAGAAACT-1,0.13171187,0.19231318,0.48917216,0.18680282,1.2472289,dpn,A8
GGTTGTAGTCCAGTTA-1,0.1592288,0.20594126,0.07801228,0.55681765,1.1430173,awd,A9p1
GGTTGTAGTTCTCGCT-1,0.43084767,0.18242888,0.15381071,0.23291278,1.3004714,RpL6,A9p2
GGTTGTATCAGGGTAG-1,0.4454122,0.12292392,0.16537185,0.2662921,1.2678452,RpL6,A10
GGTTGTATCCATTTCA-1,0.9461795,0.042752415,0.0016541919,0.009413836,0.24163026,RpL6,A10
GTAACACCACACCTTC-1,0.07789977,0.36370626,0.38017845,0.1782155,1.2417371,dpn,A9p2
GTAACACGTATCACCA-1,0.14211924,0.072319925,0.10557267,0.6799882,0.9668695,awd,A10
GTAACACGTCCCAAAT-1,0.4116044,0.17963716,0.10765697,0.30110142,1.275143,RpL6,A9p1
GTAACACGTCGCGTCA-1,0.10845866,0.36974233,0.23789935,0.28389964,1.3078727,br,A10
GTAACACGTGTCGCTG-1,0.32783148,0.40869096,0.24747534,0.016002221,1.143066,br,A9p1
GTAACACTCGGCTTCT-1,0.44445547,0.33324102,0.051425893,0.1708777,1.1811265,RpL6,A9p2
GTAACCACAGAGGTTG-1,0.23041104,0.35377955,0.12142769,0.2943817,1.3218393,br,A9p1
GTAACCAGTACGAAAT-1,0.17600127,0.17573053,0.20956947,0.4386988,1.3002782,awd,A9p1
GTAAGTCAGGACTTCT-1,0.20254016,0.1623555,0.27732566,0.35777867,1.3420036,awd,A9p2
GTAAGTCCAAGGGCAT-1,0.28955978,0.34285495,0.1687325,0.19885276,1.3473214,br,A9p2
GTAAGTCGTACTGTTG-1,0.12531468,0.25749284,0.2906988,0.3264937,1.3342342,awd,A9p1
GTAAGTCGTCATGGCC-1,0.41055793,0.28734785,0.04496427,0.25713,1.2125361,RpL6,A9p1
GTAAGTCTCCATTCGC-1,0.14058383,0.39319906,0.31527236,0.15094475,1.2921833,br,A9p1
GTAATCGAGGGTCAAC-1,0.031183558,0.17276323,0.7823384,0.013714754,0.6623491,dpn,A8
GTAATCGCATACCACA-1,0.31349456,0.13794817,0.24491851,0.3036388,1.3433745,RpL6,A10
GTAATCGGTCTTCCGT-1,0.46982622,0.035219662,0.0800852,0.41486886,1.0399404,RpL6,A9p2
GTAATCGGTTTCGTGA-1,0.1047918,0.7065594,0.09462846,0.0940203,0.9272108,br,A8
GTAATCGTCTTACTGT-1,0.03646375,0.57295465,0.047374375,0.34320718,0.9513631,br,A9p1
GTAATGCAGACATCCT-1,0.13636094,0.007855252,0.11443478,0.74134904,0.7797031,awd,A10
GTAATGCAGCATCCCG-1,0.070789926,0.17485674,0.6475451,0.106808305,1.0126694,dpn,A10
GTAATGCAGGATTCAA-1,0.09834548,0.3550981,0.41238117,0.13417523,1.23054,dpn,A8
GTAATGCCAGTTAGAA-1,0.11997777,0.110106826,0.15678588,0.61312956,1.0877705,awd,A10
GTAATGCCATAACTCG-1,0.2713442,0.39138424,0.25305608,0.08421546,1.2771928,br,A9p1
GTAATGCGTCTAGGTT-1,0.04054455,0.826046,0.03547565,0.0979338,0.6338166,br,A9p1
GTAATGCGTGTCCACG-1,0.2931314,0.1477946,0.30673268,0.25234124,1.352242,dpn,A10
GTAATGCGTTGCCTAA-1,0.21906166,0.35431036,0.2346713,0.19195667,1.3572439,br,A8
GTAATGCTCCATCACC-1,0.31869745,0.15629792,0.173143,0.35186166,1.3256779,awd,A9p1
GTAATGCTCCCTCTAG-1,0.13762143,0.31890264,0.3505475,0.19292846,1.3223175,dpn,A8
GTAATGCTCGGAACTT-1,0.07483864,0.32071215,0.1262981,0.47815108,1.1728489,awd,A9p1
GTACAACCACTTGTCC-1,0.099515,0.52491844,0.17443252,0.20113403,1.1951146,br,A8
GTACAACCATACCATG-1,0.3887609,0.4231062,0.04839146,0.13974144,1.1527809,br,A8
GTACAACGTATCTCGA-1,0.27895284,0.052096125,0.30495334,0.36399773,1.2400895,awd,A8
GTACAACTCCGCAACG-1,0.06046621,0.03554147,0.3707489,0.5332435,0.99141175,awd,A9p1
GTACAACTCTGGCCAG-1,0.39925557,0.11944606,0.33627895,0.14501938,1.2668855,RpL6,A8
GTACAGTAGCTTGTGT-1,0.13677879,0.43039584,0.10874873,0.32407662,1.2413956,br,A9p2
GTACAGTAGGGCAATC-1,0.42763573,0.28534383,0.20724046,0.07977996,1.2490009,RpL6,A10
GTACAGTAGTAGGTTA-1,0.104549095,0.26865157,0.277787,0.34901235,1.3123863,awd,A9p2
GTACAGTTCTGACGCG-1,0.33459464,0.18054423,0.2961112,0.18874992,1.3504602,RpL6,A9p1
GTAGAAAAGACGCATG-1,0.10559614,0.47681028,0.3625311,0.055062436,1.1180196,br,A9p2
GTAGAAAAGATGTAGT-1,0.25743085,0.6877249,0.0074615306,0.047382824,0.7878361,br,A10
GTAGAAAAGGTCCTGC-1,0.09856723,0.38562667,0.29760242,0.2182037,1.2887104,br,A9p1
GTAGAAACAGAGACTG-1,0.25069168,0.10268506,0.118436314,0.5281869,1.1703742,awd,A9p2
GTAGAAACAGCGAACA-1,0.10662935,0.3386961,0.28531587,0.2693587,1.3165209,br,A8
GTAGAAACAGGGTTGA-1,0.28348026,0.49690285,0.15380782,0.06580908,1.1718757,br,A8
GTAGAAAGTGGCTCTG-1,0.070796125,0.35268712,0.35057035,0.22594646,1.2585775,br,A8
GTAGAAATCGCACTCT-1,0.14222097,0.3409149,0.331658,0.18520615,1.3225952,br,A8
GTAGAAATCTAACACG-1,0.21215957,0.57661164,0.06631648,0.14491238,1.1062644,br,A9p2
GTAGAGGAGGTGCTGA-1,0.17410718,0.6242609,0.15959033,0.04204164,1.024603,br,A8
GTAGAGGCATACCAGT-1,0.3867558,0.12977341,0.20129322,0.2821776,1.312084,RpL6,A9p2
GTAGAGGCATTCTTCA-1,0.35549846,0.18837965,0.12758145,0.3285405,1.3105172,RpL6,A9p2
GTAGAGGGTGATACAA-1,0.08228843,0.3502678,0.5490392,0.018404601,0.9756935,dpn,A8
GTAGAGGGTGTGAATA-1,0.01352141,0.60050946,0.13703042,0.24893878,0.9829516,br,A9p2
GTAGAGGTCCATCTCG-1,0.13309613,0.48934639,0.27437305,0.10318443,1.207335,br,A8
GTAGAGGTCTACACTT-1,0.22979698,0.21352413,0.2529272,0.30375174,1.3772335,awd,A10
GTAGATCAGATACAGT-1,0.19630097,0.3768002,0.10003917,0.32685968,1.283183,br,A9p1
GTAGATCAGGTCGTGA-1,0.43345395,0.17747043,0.11148623,0.2775894,1.2695386,RpL6,A9p2
GTAGATCAGTCTAGCT-1,0.07240834,0.13468538,0.30886447,0.48404175,1.1742057,awd,A9p1
GTAGATCAGTTGTAGA-1,0.21065561,0.20013307,0.19063127,0.39857998,1.3326589,awd,A10
GTAGATCCACAGCATT-1,0.8603983,0.104092486,0.0069345306,0.028574668,0.50093895,RpL6,A10
GTAGATCCATTCGGGC-1,0.35996735,0.16503988,0.21220705,0.26278564,1.3452773,RpL6,A9p2
GTAGATCGTCACAGTT-1,0.47381955,0.13646598,0.106394835,0.28331956,1.221411,RpL6,A9p1
GTAGATCGTGTTGATC-1,0.4203901,0.12442456,0.20611373,0.24907157,1.2953403,RpL6,A10
GTAGCTAAGCACTCCG-1,0.24326965,0.22062646,0.22548547,0.3106185,1.376344,awd,A9p2
GTAGCTACAATTTCTC-1,0.07567742,0.4679303,0.31005144,0.14634083,1.1950231,br,A9p2
GTAGCTACAGTTCACA-1,0.27794364,0.31230524,0.16275766,0.24699344,1.3601937,br,A9p1
GTAGGTTAGAAACTGT-1,0.9137453,0.060143843,0.004866462,0.021244366,0.35923016,RpL6,A8
GTAGGTTGTATCAGGG-1,0.21389659,0.3875348,0.14894746,0.24962118,1.3272953,br,A9p2
GTAGGTTTCGGTAAGG-1,0.047779333,0.39391166,0.42910138,0.12920764,1.1397325,dpn,A9p1
GTAGTACAGGTAAAGG-1,0.20524313,0.24719188,0.3325603,0.21500465,1.3670974,dpn,A9p1
GTAGTACAGGTTATAG-1,0.20250963,0.09332314,0.16284442,0.5413228,1.172522,awd,A9p2
GTAGTACCAACCCTCT-1,0.16741298,0.15937097,0.3575312,0.31568485,1.3236245,dpn,A10
GTAGTACCACCAGTAT-1,0.040181637,0.16019695,0.7807718,0.018849589,0.6906107,dpn,A9p1
GTAGTACTCCCGAGGT-1,0.21832311,0.4500572,0.23644665,0.09517308,1.2563729,br,A9p2
GTAGTACTCGAGCCTG-1,0.903664,0.062787704,0.006142273,0.027406035,0.39519438,RpL6,A10
GTAGTACTCGTGCATA-1,0.5591435,0.24167238,0.12096655,0.07821757,1.1231033,RpL6,A8
GTATTGGGTGGTCAAG-1,0.16754758,0.37190118,0.25966203,0.20088921,1.3397284,br,A9p1
GTATTGGGTTTGTGGT-1,0.06893125,0.055982184,0.20925198,0.6658346,0.9438673,awd,A9p2
GTATTTCAGCCGGAAT-1,0.24418005,0.14903478,0.116010696,0.49077448,1.2271705,awd,A9p1
GTATTTCGTTGTAAAG-1,0.11662572,0.07760964,0.34033686,0.4654278,1.1717589,awd,A9p2
GTATTTCTCTGTACAG-1,0.44548285,0.3787307,0.035688683,0.14009783,1.1222347,RpL6,A9p2
GTCAAACAGATGGCAC-1,0.1727065,0.3482219,0.04972159,0.42935002,1.1828835,awd,A8
GTCAAACAGTGCAGGT-1,0.6230749,0.07214361,0.099852815,0.20492879,1.03934,RpL6,A8
GTCAAACCAAGGAGTC-1,0.04130441,0.6404327,0.26308435,0.05517857,0.92816603,br,A10
GTCAAACCAGGAATCG-1,0.41356072,0.40924802,0.0772158,0.09997548,1.1587778,RpL6,A9p1
GTCAAACCATCTAACG-1,0.11232484,0.032466862,0.04199174,0.81321657,0.6581285,awd,A9p2
GTCAAACGTGCATTAC-1,0.4458535,0.04532678,0.3673622,0.14145751,1.1449149,RpL6,A9p1
GTCAAACGTTGCGTAT-1,0.31783527,0.16327856,0.21973313,0.2991531,1.3542079,RpL6,A9p2
GTCAAACTCCTCGCAT-1,0.20923886,0.3950457,0.1880038,0.20771165,1.3348582,br,A9p1
GTCAAACTCCTCTAGC-1,0.2237412,0.046675965,0.41847137,0.31111148,1.2058446,dpn,A9p1
GTCAAGTAGAGAGCAA-1,0.47786447,0.13663001,0.15166582,0.23383969,1.250678,RpL6,A9p2
GTCAAGTAGAGATCGC-1,0.16851273,0.45388308,0.28872597,0.08887818,1.2324138,br,A10
GTCAAGTCAAACACCT-1,0.06481449,0.4960314,0.35897803,0.08017611,1.0952203,br,A9p1
GTCAAGTCAACCTATG-1,0.030330257,0.36839274,0.53140444,0.06987258,0.9958093,dpn,A8
GTCAAGTCACAACGCC-1,0.16222683,0.12990642,0.16156642,0.5463003,1.1849782,awd,A9p2
GTCAAGTCAGCAGTCC-1,0.26734015,0.31994227,0.1954226,0.21729495,1.3680408,br,A8
GTCAAGTCATAATCCG-1,0.104283884,0.31428277,0.41626948,0.16516386,1.2617763,dpn,A9p2
GTCAAGTCATATCTGG-1,0.07692653,0.37651315,0.4177473,0.12881306,1.1937194,dpn,A9p1
GTCAAGTCATTGGCAT-1,0.20814946,0.08680692,0.5612847,0.14375894,1.1418469,dpn,A10
GTCAAGTGTACGCTAT-1,0.043439317,0.6089992,0.25933936,0.08822214,1.002472,br,A10
GTCAAGTGTATGCTTG-1,0.15011671,0.50264335,0.24324004,0.10399979,1.209688,br,A8
GTCAAGTGTGACACAG-1,0.09743472,0.07308056,0.046396196,0.78308856,0.7520105,awd,A9p1
GTCAAGTGTTCACCGG-1,0.079050265,0.35427946,0.47926578,0.08740447,1.1337514,dpn,A9p1
GTCAAGTTCAGTGTGT-1,0.09981036,0.464936,0.24730259,0.18795118,1.2457762,br,A10
GTCAAGTTCCTTCAGC-1,0.009737474,0.20951146,0.09160809,0.689143,0.84810066,awd,A10
GTCACGGAGACCTCCG-1,0.35219482,0.020217357,0.0897682,0.5378196,0.9963739,awd,A9p1
GTCACGGAGACTCCGC-1,0.12313483,0.49675462,0.33627096,0.043839723,1.109039,br,A9p1
GTCACGGAGATGCCGA-1,0.28544968,0.14773446,0.18686384,0.379952,1.3215078,awd,A10
GTCACGGAGCTGCCTG-1,0.09225576,0.66830415,0.19013499,0.04930514,0.95322067,br,A8
GTCACGGAGGCCACCT-1,0.24718203,0.24324654,0.14639567,0.36317575,1.3384819,awd,A8
GTCACGGCAGCTAACT-1,0.20237581,0.08697055,0.09624684,0.6144068,1.0602944,awd,A9p2
GTCACGGCATCGCTGG-1,0.89906883,0.029496087,0.023952883,0.04748214,0.43366772,RpL6,A10
GTCACGGGTAGTGATA-1,0.0604339,0.30806747,0.5961909,0.03530768,0.95872307,dpn,A10
GTCACGGGTATCGCGC-1,0.34793782,0.11843043,0.14822167,0.3854101,1.2704222,awd,A10
GTCACGGGTCCGATCG-1,0.6440842,0.079072595,0.20185408,0.07498913,1.0012488,RpL6,A10
GTCACGGGTCGTACTA-1,0.3354687,0.48298606,0.042330626,0.1392146,1.126264,br,A10
GTCACGGGTGATACAA-1,0.2617384,0.16817966,0.26883447,0.30124745,1.3652549,awd,A10
GTCACGGGTGGACAGT-1,0.075953715,0.59061635,0.31479934,0.018630577,0.94484854,br,A9p1
GTCACGGGTTCAACGT-1,0.90668535,0.064102545,0.006766822,0.022445276,0.3839484,RpL6,A9p2
GTCACGGTCCGTGTGG-1,0.13193627,0.36371437,0.03668628,0.46766302,1.1117727,awd,A9p2
GTCACGGTCGTGCATA-1,0.061514195,0.2380524,0.5484591,0.15197432,1.1289538,dpn,A10
GTCACGGTCTCCGAAA-1,0.20270835,0.14616767,0.18320604,0.46791792,1.2708936,awd,A10
GTCACGGTCTGTAAGC-1,0.04643953,0.09190312,0.59501046,0.26664683,1.0233028,dpn,A9p1
GTCACTCAGCTGGTGA-1,0.0416592,0.06471391,0.06356407,0.83006275,0.6393414,awd,A9p2
GTCACTCAGTAATTGG-1,0.15264863,0.19678615,0.28927425,0.36129096,1.3334539,awd,A10
GTCACTCCAACACAAA-1,0.18157901,0.3619575,0.31432977,0.14213376,1.3186959,br,A9p1
GTCACTCCACACCGCA-1,0.53537285,0.05656268,0.23675448,0.17131007,1.1403062,RpL6,A9p2
GTCACTCTCCAACCAA-1,0.18096705,0.32294813,0.42816386,0.067921,1.2202259,dpn,A9p2
GTCACTCTCGTCACCT-1,0.8230327,0.12900934,0.017991435,0.029966637,0.6018879,RpL6,A10
GTCAGCGCACACCTGG-1,0.12335813,0.4410692,0.23936449,0.19620822,1.280962,br,A8
GTCAGCGCACTACCGG-1,0.14685225,0.01313896,0.021414047,0.81859475,0.5847954,awd,A9p2
GTCAGCGCAGATTTCG-1,0.47401887,0.18101099,0.26544553,0.0795246,1.2166464,RpL6,A10
GTCAGCGGTACAGGTG-1,0.32484654,0.23084311,0.20400478,0.2403056,1.3706048,RpL6,A9p2
GTCAGCGTCAAGGACG-1,0.5057214,0.27941927,0.018994503,0.19586483,1.0956677,RpL6,A10
GTCATCCAGAAACTGT-1,0.29684967,0.27400902,0.09082536,0.33831587,1.2997949,awd,A9p1
GTCATCCCAAATGCTC-1,0.055997454,0.56944585,0.18263373,0.19192305,1.1093869,br,A10
GTCATCCCAGCGATTT-1,0.090102024,0.30421898,0.18413985,0.4215392,1.2546006,awd,A9p1
GTCATCCGTACGCTAT-1,0.16736381,0.41731372,0.29476315,0.12055935,1.2790092,br,A8
GTCATCCTCTAAGAAG-1,0.3184965,0.15999438,0.45681047,0.064698614,1.192665,dpn,A9p1
GTCATGAAGTGGTCAG-1,0.055951852,0.57064134,0.27648905,0.0969178,1.0630962,br,A9p2
GTCATGACACTATCCC-1,0.11851233,0.64557546,0.10331101,0.13260114,1.0376939,br,A8
GTCATGAGTCTCAGAT-1,0.091416664,0.44404066,0.08037108,0.38417166,1.1493357,br,A9p1
GTCATTTCACAGCATT-1,0.021903908,0.098799184,0.86378175,0.015515268,0.50350755,dpn,A8
GTCATTTCACTTGTGA-1,0.35238862,0.111251794,0.27187106,0.26448858,1.3177038,RpL6,A9p2
GTCATTTGTATCAGGG-1,0.40004775,0.12891307,0.22846738,0.24257183,1.311499,RpL6,A9p1
GTCATTTGTGTTCGAT-1,0.057468243,0.48197848,0.44458255,0.015970793,0.94239247,br,A9p1
GTCATTTTCACCTTGC-1,0.1156914,0.022311687,0.471317,0.39067993,1.0560932,dpn,A9p1
GTCATTTTCATTCACT-1,0.4480029,0.1393335,0.10270734,0.30995622,1.2311447,RpL6,A10
GTCCACTAGAAATTCG-1,0.15713705,0.38770747,0.17313321,0.28202224,1.3187559,br,A10
GTCCACTAGACTTCGT-1,0.62146914,0.06675807,0.18332295,0.12844986,1.0509218,RpL6,A8
GTCCACTAGAGGTCGT-1,0.23417631,0.27730045,0.28940922,0.19911404,1.3758179,dpn,A10
GTCCACTCATGTGACT-1,0.3069753,0.05876524,0.084651545,0.54960793,1.0670774,awd,A9p2
GTCCACTGTTAGCGGA-1,0.30237234,0.103327975,0.12312415,0.47117552,1.2086674,awd,A9p2
GTCCACTTCCTGGCTT-1,0.85554695,0.11208849,0.007431713,0.024932833,0.507251,RpL6,A10
GTCCACTTCGCCATAA-1,0.05127085,0.48487413,0.45432538,0.009529625,0.90607166,br,A9p1
GTCCACTTCGTTCTAT-1,0.16717096,0.021323413,0.20961359,0.6018921,1.0141623,awd,A9p1
GTCCCATCAAGAGCTG-1,0.46140748,0.31049028,0.14246027,0.08564191,1.20812,RpL6,A8
GTCCCATCAATAGTGA-1,0.13443023,0.59983194,0.20428772,0.061450075,1.072212,br,A9p2
GTCCCATGTCGCACAC-1,0.10770279,0.36357754,0.21613394,0.3125857,1.3024417,br,A10
GTCCCATGTGAATGTA-1,0.20130673,0.32555917,0.21528065,0.25785342,1.3681419,br,A9p1
GTCCTCACAGTCTTCC-1,0.19788106,0.1595613,0.14696601,0.49559164,1.2431543,awd,A9p2
GTCCTCACATACAGAA-1,0.12261944,0.37344632,0.40279648,0.10113778,1.2231818,dpn,A9p1
GTCCTCAGTCTGATAC-1,0.07289182,0.36011994,0.4482599,0.11872839,1.1713606,dpn,A9p1
GTCCTCAGTTGCTCGG-1,0.094162576,0.50319445,0.2920519,0.110591136,1.1710409,br,A8
GTCCTCATCCCGAAAT-1,0.17864674,0.09223169,0.5838461,0.14527547,1.1219535,dpn,A9p1
GTCCTCATCTTCGCTG-1,0.19192848,0.4620471,0.1824772,0.16354725,1.2800894,br,A10
GTCGAATGTCAAACGG-1,0.2559339,0.10812149,0.25496206,0.38098252,1.3054025,awd,A10
GTCGAATGTGCACGCT-1,0.83142084,0.13354953,0.010111599,0.024918081,0.56082416,RpL6,A10
GTCGAATTCTAAGCGT-1,0.19419892,0.23406157,0.19950753,0.37223193,1.3476053,awd,A9p1
GTCGCGAAGAAAGTCT-1,0.3524998,0.19160175,0.22819178,0.22770667,1.3582498,RpL6,A8
GTCGCGAAGCTGTTAC-1,0.09584169,0.3597408,0.3946142,0.14980328,1.2438651,dpn,A9p1
GTCGCGACACACAGAG-1,0.088874154,0.20063159,0.6840812,0.026413115,0.89310795,dpn,A9p2
GTCGCGATCAGTAGGG-1,0.41857886,0.21316624,0.07896509,0.28928977,1.25331,RpL6,A10
GTCGCGATCCTCCACA-1,0.34741938,0.084783725,0.093188144,0.47460875,1.1513734,awd,A9p1
GTCGCGATCGTAACCA-1,0.26370656,0.09746399,0.11640423,0.52242523,1.1679678,awd,A9p2
GTCGTAAAGGCTTAAA-1,0.3225556,0.12802953,0.42844447,0.12097038,1.2467909,dpn,A10
GTCGTAACAAGACCTT-1,0.8910126,0.037963882,0.029760225,0.041263305,0.4631375,RpL6,A10
GTCGTAACACACACGC-1,0.087916024,0.045153644,0.04707645,0.8198539,0.6603401,awd,A9p1
GTCGTAAGTCGTCATA-1,0.21395099,0.21162775,0.02213851,0.55228275,1.0708015,awd,A8
GTCGTAAGTTTACCAG-1,0.31645188,0.085799985,0.14869596,0.4490522,1.2177175,awd,A9p2
GTCGTAATCAGGAGAC-1,0.38483816,0.17295618,0.09723822,0.34496742,1.2647568,RpL6,A9p2
GTCGTAATCGCTCATC-1,0.20656858,0.17266576,0.56207037,0.058695327,1.1193027,dpn,A9p1
GTCGTTCAGATCCAAA-1,0.4772699,0.09482451,0.15401675,0.27388883,1.2192177,RpL6,A10
GTCGTTCAGTAGCCAG-1,0.21099687,0.064511746,0.3384451,0.38604632,1.2392205,awd,A8
GTCGTTCCAACCTAAC-1,0.15222485,0.20156711,0.4604562,0.1857518,1.2791693,dpn,A8
GTCGTTCGTACAATAG-1,0.048784643,0.39034396,0.2934746,0.26739678,1.2270448,br,A8
GTCGTTCGTATCGATC-1,0.38990304,0.38213873,0.07817037,0.14978783,1.2184627,RpL6,A9p2
GTCGTTCGTTCTCCCA-1,0.09587933,0.17489748,0.06711222,0.6621109,0.98404753,awd,A9p1
GTCGTTCTCATTGAGC-1,0.03579071,0.4316724,0.16688576,0.36565116,1.148501,br,A10
GTCGTTCTCCGGGACT-1,0.06486731,0.24832685,0.48403877,0.20276704,1.1981292,dpn,A9p1
GTCGTTCTCTCCATAT-1,0.25051543,0.10929074,0.17223628,0.4679576,1.2470148,awd,A9p2
GTCGTTCTCTCGACCT-1,0.3680031,0.03047651,0.50683427,0.09468614,1.0418897,dpn,A9p2
GTCTACCCAGGATTCT-1,0.28276998,0.17373423,0.39846566,0.14503013,1.3079154,dpn,A8
GTCTACCTCCAACACA-1,0.3148489,0.36782995,0.13133398,0.18598716,1.3111929,br,A9p1
GTCTAGAAGCGTTAGG-1,0.8416879,0.12551822,0.007904311,0.024889605,0.53573453,RpL6,A10
GTCTAGACAGTCTGGC-1,0.13737598,0.13915376,0.18434472,0.53912556,1.1919243,awd,A9p1
GTCTAGAGTGGGTATG-1,0.23428601,0.16503668,0.16267218,0.43800506,1.2943265,awd,A10
GTCTCACAGAGTACCG-1,0.006381109,0.2877533,0.3831445,0.32272103,1.123247,dpn,A9p1
GTCTCACAGTATCCTG-1,0.14014903,0.56402963,0.19400822,0.10181303,1.1491395,br,A10
GTCTCACGTACCCGAC-1,0.47232628,0.12305289,0.1995654,0.20505542,1.2586256,RpL6,A9p1
GTCTCACGTGGTGATG-1,0.15112115,0.05789831,0.07555049,0.7154301,0.88524634,awd,A9p2
GTCTCACGTTCGGGTC-1,0.5997261,0.14742154,0.17340711,0.07944531,1.0939008,RpL6,A9p2
GTCTCACGTTGTTGAC-1,0.20286466,0.060003094,0.2029633,0.53416896,1.151042,awd,A9p1
GTCTCACTCTTCCACG-1,0.11957394,0.3772527,0.12857889,0.37459442,1.2532758,br,A9p2
GTCTGTCAGCGTGAGT-1,0.37222168,0.15875758,0.15513548,0.3138852,1.3128234,RpL6,A9p2
GTCTGTCAGTAGCTCT-1,0.21872704,0.19482224,0.28810894,0.2983417,1.3704909,awd,A10
GTCTGTCCACGAAGAC-1,0.08730136,0.2854528,0.5639442,0.06330156,1.0684705,dpn,A9p1
GTCTGTCGTGAGGCAT-1,0.47771338,0.06413103,0.068978205,0.38917744,1.0807847,RpL6,A10
GTCTGTCTCAACGAGG-1,0.111964695,0.51896673,0.2852143,0.08385428,1.151206,br,A9p1
GTCTGTCTCCAGTGCG-1,0.25485379,0.16145594,0.27283224,0.310858,1.360414,awd,A10
GTCTGTCTCGCACGAC-1,0.6620884,0.17429087,0.029503925,0.13411678,0.9509034,RpL6,A10
GTCTTTAAGCGTATAA-1,0.3602984,0.36594826,0.17496793,0.09878541,1.2693398,br,A9p1
GTCTTTACAGTCGTTA-1,0.34032252,0.079315715,0.1680106,0.41235113,1.2328107,awd,A10
GTCTTTACATGCCATA-1,0.057446603,0.56173056,0.34301803,0.037804835,0.97893035,br,A9p2
GTCTTTACATTCACCC-1,0.24316788,0.08672233,0.22728018,0.44282967,1.2533278,awd,A9p2
GTCTTTATCCATTTAC-1,0.10832995,0.105431646,0.051507052,0.7347313,0.857213,awd,A9p2
GTCTTTATCGACGCTG-1,0.08633267,0.23803322,0.6529101,0.022724044,0.917477,dpn,A9p2
GTCTTTATCTTCGTGC-1,0.10199889,0.30671567,0.3873298,0.20395564,1.2869629,dpn,A9p1
GTGACGCCAAGTGACG-1,0.68845534,0.17632325,0.024379008,0.11084245,0.89735997,RpL6,A9p1
GTGACGCCACCAGTTA-1,0.19383428,0.5127287,0.0956195,0.19781753,1.2055418,br,A10
GTGACGCCAGCTCGGT-1,0.20326373,0.10345216,0.4659698,0.22731434,1.2511253,dpn,A8
GTGACGCGTCAATGGG-1,0.072858505,0.32735774,0.3742131,0.2255706,1.2601221,dpn,A9p1
GTGACGCGTTGCCAAT-1,0.89789,0.06790165,0.009883493,0.024324887,0.4153729,RpL6,A10
GTGACGCTCGAAGTGG-1,0.29597026,0.50164354,0.046444297,0.15594195,1.1387525,br,A9p1
GTGACGCTCGTGTGGC-1,0.2574248,0.032678578,0.47256026,0.23733635,1.1567091,dpn,A10
GTGACGCTCTGGACTA-1,0.107180744,0.381125,0.16376542,0.34792885,1.2706364,br,A9p1
GTGAGCCAGATGCTAA-1,0.23176491,0.23508802,0.10341269,0.42973444,1.2768016,awd,A9p2
GTGAGCCAGCACGATG-1,0.85436326,0.11243889,0.007309775,0.025888072,0.51074135,RpL6,A10
GTGAGCCGTAACAAGT-1,0.14485833,0.3802427,0.24958895,0.22531004,1.3297291,br,A9p2
GTGAGCCGTAACCCTA-1,0.30505505,0.03053994,0.05605736,0.6083476,0.9326025,awd,A9p2
GTGAGCCGTAGGTACG-1,0.13734762,0.18907411,0.35619867,0.31737956,1.3195277,dpn,A9p1
GTGAGCCGTTCGTAAC-1,0.17535718,0.37135077,0.36657155,0.08672051,1.2530622,br,A8
GTGAGGAAGAGAGCAA-1,0.04013563,0.5378487,0.24500251,0.17701316,1.1137143,br,A10
GTGAGGAAGCCAAGGT-1,0.14515114,0.029299075,0.5155708,0.3099789,1.0881891,dpn,A10
GTGAGGAAGCTGTTAC-1,0.048993587,0.17816482,0.7612098,0.011631824,0.714612,dpn,A9p1
GTGAGGAAGGCTAGCA-1,0.31669998,0.024469648,0.5409157,0.11791463,1.0393975,dpn,A10
GTGAGGAAGTCTCGTA-1,0.113978155,0.5478781,0.209122,0.12902176,1.1686409,br,A8
GTGAGGACAATTGCCA-1,0.5209995,0.19657104,0.15200226,0.13042718,1.2114865,RpL6,A9p1
GTGAGGACAGACGCTC-1,0.038824927,0.44249514,0.5055465,0.013133367,0.8886506,dpn,A9p1
GTGAGGAGTATTTCTC-1,0.9024708,0.06549055,0.0055655534,0.026472991,0.3961597,RpL6,A10
GTGAGGAGTCTTGCTC-1,0.3277043,0.3938995,0.12508935,0.15330683,1.2801064,br,A9p1
GTGAGGATCTCACGAA-1,0.22128138,0.16640843,0.3965948,0.21571542,1.3298352,dpn,A9p1
GTGAGGATCTCATTTG-1,0.081842504,0.11153767,0.6975719,0.109047964,0.94237137,dpn,A9p2
GTGAGGATCTTACTGT-1,0.14286454,0.016178284,0.3691469,0.47181034,1.0670056,awd,A9p1
GTGAGTTAGGTACATA-1,0.35321665,0.17404442,0.16141483,0.31132412,1.3295656,RpL6,A9p1
GTGAGTTAGTTAGAAC-1,0.15565437,0.5659282,0.26737028,0.011047117,1.014179,br,A8
GTGAGTTGTACCGGCT-1,0.041063767,0.2827265,0.4849474,0.19126235,1.1555952,dpn,A8
GTGAGTTGTCGCACGT-1,0.26841906,0.093640156,0.114425786,0.523515,1.1616629,awd,A10
GTGAGTTTCACGAGGA-1,0.258034,0.21256663,0.2977084,0.23169097,1.378238,dpn,A9p2
GTGAGTTTCGCCAACG-1,0.13297561,0.29958388,0.34210777,0.22533274,1.3321375,dpn,A9p2
GTGAGTTTCTGACGCG-1,0.6117764,0.011977183,0.021810824,0.3544356,0.8046806,RpL6,A9p1
GTGAGTTTCTTTGGAG-1,0.473586,0.12911591,0.15922345,0.23807466,1.252517,RpL6,A8
GTGATGTAGATGGGCT-1,0.061920032,0.3219855,0.4064188,0.20967564,1.2306274,dpn,A9p1
GTGATGTAGATTCGAA-1,0.14256021,0.4396142,0.17888851,0.23893705,1.2889237,br,A9p1
GTGATGTAGTTTGTCG-1,0.77470803,0.18478745,0.0041782646,0.036326233,0.6530989,RpL6,A10
GTGATGTCACTCCGAG-1,0.4696388,0.09463381,0.11349955,0.3222278,1.1899629,RpL6,A9p2
GTGATGTCAGCTCTGG-1,0.047222074,0.03924467,0.88727075,0.02626252,0.47294337,dpn,A9p2
GTGATGTGTAACGGTG-1,0.09883749,0.29253665,0.39321065,0.21541521,1.2860429,dpn,A9p1
GTGATGTTCTGTTCAT-1,0.3215386,0.45400262,0.05846754,0.16599126,1.1874304,br,A10
GTGCACGCACAAAGTA-1,0.22683254,0.07049841,0.091245435,0.6114236,1.0427485,awd,A8
GTGCACGCATATTCGG-1,0.42081097,0.12170853,0.19108334,0.26639715,1.2892085,RpL6,A9p2
GTGCACGGTGACTATC-1,0.19471276,0.1982353,0.07582219,0.5312298,1.1710072,awd,A10
GTGCACGGTGGAAGTC-1,0.043730084,0.37572902,0.3966209,0.18392004,1.1828674,dpn,A9p2
GTGCACGTCCGATCGG-1,0.25451007,0.49604726,0.20062903,0.048813667,1.1657209,br,A8
GTGCACGTCTTAGCAG-1,0.34188148,0.09745827,0.21927723,0.341383,1.2934902,RpL6,A9p1
GTGCAGCAGCCAACCC-1,0.4748106,0.09229512,0.15366495,0.27922937,1.2176055,RpL6,A9p2
GTGCAGCCACCGTGAC-1,0.45372018,0.12730405,0.27196002,0.14701581,1.2569399,RpL6,A10
GTGCAGCGTTCCGTTC-1,0.5335705,0.18762091,0.12124745,0.1575612,1.1961083,RpL6,A10
GTGCAGCGTTGCTTGA-1,0.3188434,0.19042341,0.1803411,0.31039208,1.3523147,RpL6,A9p1
GTGCGTGCACAACCGC-1,0.067559004,0.15949264,0.12930222,0.6436462,1.0229402,awd,A10
GTGCGTGCACCATATG-1,0.28893358,0.110699326,0.18521978,0.4151473,1.2796551,awd,A9p2
GTGCGTGCATCCGCGA-1,0.15683424,0.057059724,0.11607361,0.67003244,0.97221386,awd,A10
GTGCGTGGTGCGTGCT-1,0.2787731,0.19599572,0.21211681,0.31311437,1.3679961,awd,A9p2
GTGCGTGTCGAGTACT-1,0.0703737,0.24638766,0.5906175,0.092621185,1.0632982,dpn,A9p1
GTGCTGGAGTATCCTG-1,0.33965766,0.22614023,0.09400321,0.3401989,1.2920228,awd,A9p2
GTGCTGGCACAACCGC-1,0.26961982,0.6297675,0.01620153,0.08441109,0.9200717,br,A9p2
GTGCTGGCACGCGTCA-1,0.089055106,0.6021548,0.22687104,0.081919014,1.0623151,br,A8
GTGCTGGCACTACGGC-1,0.08819071,0.037176505,0.23276933,0.6418634,0.9604362,awd,A10
GTGCTGGCATGACTGT-1,0.43628526,0.106134415,0.11239981,0.34518045,1.2127812,RpL6,A9p2
GTGCTGGTCCGTGGGT-1,0.131701,0.1391885,0.11012748,0.618983,1.0813228,awd,A10
GTGCTGGTCTTGGCTC-1,0.079653434,0.24122098,0.62065977,0.058465753,1.0065953,dpn,A10
GTGCTTCAGTGTTGTC-1,0.36728957,0.054404672,0.17426717,0.40403864,1.196899,awd,A9p2
GTGCTTCCATTCCTCG-1,0.27419263,0.09687537,0.1617329,0.46719915,1.2311084,awd,A8
GTGCTTCGTAAGGCTG-1,0.22803828,0.12410484,0.595116,0.05274088,1.0601039,dpn,A9p1
GTGCTTCGTAGTCCTA-1,0.1481798,0.31804094,0.52870226,0.005076967,1.0110433,dpn,A9p2
GTGCTTCGTGTCCCTT-1,0.14812139,0.25032446,0.08950401,0.51205015,1.1883168,awd,A9p1
GTGCTTCTCGGTGCAC-1,0.13474184,0.3907283,0.29341474,0.18111512,1.306493,br,A10
GTGGAAGAGTTGTCGT-1,0.38700902,0.29382068,0.13342723,0.18574299,1.3086851,RpL6,A8
GTGGAAGCACGCTTAA-1,0.9037113,0.064936906,0.00726622,0.024085484,0.39458463,RpL6,A10
GTGGAAGCAGCGCGTT-1,0.41414276,0.10910716,0.15186314,0.32488692,1.2582952,RpL6,A8
GTGGAAGGTAGTATAG-1,0.36258864,0.18039575,0.09533857,0.36167708,1.2686905,RpL6,A10
GTGGAAGTCTGGTTGA-1,0.30154768,0.24144065,0.2193657,0.237646,1.3788944,RpL6,A8
GTGGAGAAGCCTTTCC-1,0.16603203,0.41233763,0.15813614,0.2634942,1.3064969,br,A9p1
GTGGAGAAGTTATGGA-1,0.19445439,0.18725006,0.03782316,0.58047235,1.0717233,awd,A8
GTGGAGACAACCGCCA-1,0.2850425,0.3803894,0.19460407,0.13996401,1.3191776,br,A10
GTGGAGACAATACGCT-1,0.13983575,0.31875044,0.10428933,0.43712455,1.2370311,awd,A9p2
GTGGAGAGTACTTCCC-1,0.61341596,0.08106012,0.18156202,0.123961896,1.0720313,RpL6,A8
GTGGAGAGTATCCCTC-1,0.08749782,0.084039964,0.38256735,0.44589478,1.1490059,awd,A8
GTGGAGAGTGTCCGTG-1,0.32616097,0.16131419,0.16525035,0.3472745,1.3245114,awd,A9p2
GTGGAGAGTTGACTAC-1,0.9902172,0.0077794814,0.0005498939,0.0014533934,0.061137658,RpL6,A8
GTGGCGTCAGCTACCG-1,0.21855402,0.059417743,0.0993481,0.6226802,1.0244905,awd,A8
GTGGCGTGTCAGTCCG-1,0.0820874,0.30490422,0.29556167,0.31744674,1.2918746,awd,A10
GTGGCGTGTCCAGTTA-1,0.26107636,0.17170142,0.23711549,0.3301068,1.3602768,awd,A9p2
GTGGGAACACAGCTTA-1,0.25889418,0.27773672,0.123154156,0.34021503,1.3303926,awd,A9p2
GTGGGAACACGTTGGC-1,0.2687023,0.068188556,0.057174366,0.60593474,1.0034103,awd,A9p2
GTGGGAACACTCAAGT-1,0.22943743,0.036970325,0.033157382,0.70043486,0.8220182,awd,A9p1
GTGGGAAGTTTGCCGG-1,0.10780861,0.3671753,0.22255753,0.30245852,1.3041029,br,A9p1
GTGGTTACAGAACCGA-1,0.080246694,0.38356197,0.5276449,0.008546406,0.9480243,dpn,A9p2
GTGGTTAGTCGTTGGC-1,0.37587762,0.21446471,0.19996129,0.20969637,1.3474147,RpL6,A9p1
GTGGTTAGTGAACGGT-1,0.12771831,0.36968297,0.33617648,0.1664223,1.2956154,br,A9p2
GTGGTTAGTTAGGGAC-1,0.07504399,0.62551135,0.2775601,0.021884562,0.927217,br,A9p2
GTGGTTATCATGTCAG-1,0.13647957,0.5656273,0.21484633,0.08304683,1.131163,br,A9p1
GTGGTTATCGGCATAT-1,0.109489605,0.38045478,0.2701806,0.23987493,1.3058801,br,A8
GTGTAACAGCTTACGT-1,0.18018843,0.060297728,0.07892393,0.68058985,0.9404392,awd,A9p2
GTGTAACGTAAGGCTG-1,0.08776163,0.1997046,0.680496,0.03203779,0.9074254,dpn,A9p1
GTGTAACGTCGCATTA-1,0.10545223,0.6395855,0.067425735,0.18753655,1.0187918,br,A8
GTGTAACTCGACGAGA-1,0.58455324,0.23720182,0.041774083,0.13647084,1.0596014,RpL6,A9p1
GTGTCCTAGATTTGCC-1,0.09622978,0.25903088,0.574904,0.069835335,1.0792906,dpn,A9p1
GTGTCCTCAACGTAAA-1,0.16343589,0.38609275,0.28501916,0.16545218,1.3188891,br,A10
GTGTCCTCACCAACAT-1,0.29461166,0.17653187,0.31747764,0.21137883,1.358957,dpn,A8
GTGTCCTCATACACCA-1,0.06156706,0.5083961,0.30152982,0.128507,1.1407201,br,A9p1
GTGTCCTGTATGGTTC-1,0.17161043,0.40237197,0.17693031,0.24908726,1.3214417,br,A9p1
GTGTGATAGCGAATGC-1,0.35437825,0.107011765,0.14452744,0.39408255,1.2533053,awd,A10
GTGTGATAGCGTCAAG-1,0.41581005,0.2987164,0.22971007,0.05576342,1.2246697,RpL6,A8
GTGTGATAGGTGGTTG-1,0.17244528,0.44037053,0.29989758,0.08728662,1.2382922,br,A9p2
GTGTGGCCACACGGAA-1,0.04108384,0.24010612,0.5845589,0.13425113,1.057129,dpn,A10
GTGTGGCGTGTCATGT-1,0.27338824,0.10921916,0.17461757,0.44277495,1.2618628,awd,A8
GTGTGGCTCAAGCCAT-1,0.04817674,0.11321145,0.8339683,0.0046435273,0.56910664,dpn,A9p1
GTGTGGCTCACAGTGT-1,0.23959287,0.15244699,0.2714505,0.3365097,1.349544,awd,A10
GTGTTAGAGCGATGAC-1,0.11623337,0.2135266,0.52952796,0.14071211,1.1924356,dpn,A9p1
GTGTTAGAGCGTGAAC-1,0.14026453,0.12130111,0.14480612,0.5936282,1.120789,awd,A10
GTGTTAGAGGACTATA-1,0.34682518,0.11404144,0.086162165,0.4529712,1.1848197,awd,A9p2
GTGTTAGAGTCTAACC-1,0.2772374,0.12027689,0.24868882,0.3537969,1.3240741,awd,A10
GTGTTAGAGTTGAAAC-1,0.13945724,0.11118836,0.16645478,0.5828996,1.132032,awd,A9p1
GTGTTAGGTCTGTCAA-1,0.06549181,0.23597088,0.6784896,0.020047732,0.86082864,dpn,A9p1
GTGTTAGGTGACTAAA-1,0.07444539,0.18079108,0.4863636,0.25839993,1.2028626,dpn,A9p1
GTGTTAGTCCGCACTT-1,0.096404545,0.652056,0.13152488,0.12001458,1.025599,br,A9p1
GTGTTAGTCCGTTTCG-1,0.18272343,0.03751298,0.25163484,0.52812874,1.1181128,awd,A9p2
GTGTTCCAGACAACTA-1,0.0900695,0.027014367,0.7187255,0.16419059,0.8483975,dpn,A10
GTGTTCCAGTTTGCTG-1,0.053606387,0.6612912,0.23623016,0.048872333,0.9187325,br,A9p1
GTGTTCCCACACCTAA-1,0.2720327,0.15868698,0.11627747,0.45300284,1.255172,awd,A9p2
GTGTTCCCACATAGCT-1,0.5032879,0.15989865,0.10985079,0.22696273,1.2178813,RpL6,A10
GTGTTCCCAGCACAAG-1,0.18135355,0.49848276,0.30532983,0.014833889,1.0813581,br,A9p1
GTGTTCCGTGTGGACA-1,0.9143746,0.05019613,0.009850333,0.025578938,0.37131083,RpL6,A9p2
GTGTTCCTCAAGAAAC-1,0.43709943,0.19097444,0.2202133,0.15171283,1.2972339,RpL6,A10
GTGTTCCTCACCCATC-1,0.03323942,0.60507697,0.30729246,0.054391082,0.938092,br,A9p1
GTGTTCCTCGCTGTTC-1,0.0959149,0.5138067,0.3485819,0.041696474,1.0668488,br,A9p1
GTTACAGAGACTACGG-1,0.14475963,0.44963434,0.32499295,0.08061309,1.207444,br,A9p1
GTTACAGAGAGCCTGA-1,0.055684518,0.1644673,0.75313735,0.026710767,0.76797545,dpn,A9p1
GTTACAGGTGAATATG-1,0.19113089,0.2888514,0.10140198,0.41861576,1.2715971,awd,A9p1
GTTACAGTCCGATCTC-1,0.03179729,0.1924326,0.64944553,0.12632455,0.968457,dpn,A9p1
GTTACCCAGCATCTTG-1,0.46069214,0.11659156,0.28608495,0.13663131,1.2375987,RpL6,A9p2
GTTACCCAGCCGATCC-1,0.39079237,0.4166958,0.047651835,0.14485995,1.1568673,br,A9p1
GTTACCCCAAACCGGA-1,0.33863887,0.15850838,0.11153323,0.39131948,1.2704382,awd,A9p1
GTTACCCCACACCGAC-1,0.14025067,0.28146243,0.3480217,0.23026524,1.3378069,dpn,A8
GTTACCCGTAGTTAGA-1,0.76650953,0.204327,0.0062002526,0.022963168,0.646476,RpL6,A8
GTTACCCTCAATGTCG-1,0.36360797,0.10937546,0.15635517,0.3706614,1.2679045,awd,A8
GTTACCCTCATCACTT-1,0.19974785,0.0884375,0.31672242,0.39509225,1.2672772,awd,A9p2
GTTACCCTCGTCAGAT-1,0.05979871,0.38076842,0.5362063,0.023226524,0.9576676,dpn,A10
GTTACGAAGACTCTAC-1,0.937126,0.030365657,0.0060830954,0.026425298,0.2940177,RpL6,A10
GTTACGAAGCGTATAA-1,0.033919144,0.65954334,0.22068374,0.085853815,0.9335208,br,A9p2
GTTACGACACGCGTCA-1,0.16154395,0.047557574,0.24355125,0.54734725,1.113212,awd,A8
GTTACGACATGGCGCT-1,0.11020835,0.20118354,0.15959567,0.5290124,1.1953781,awd,A9p2
GTTACGAGTGTCATCA-1,0.16337936,0.40608343,0.27647096,0.1540662,1.3055582,br,A9p2
GTTACGAGTGTTGAGG-1,0.60058665,0.20942684,0.013728377,0.17625822,0.99844325,RpL6,A10
GTTACGATCACTCACC-1,0.34170717,0.12381212,0.098098606,0.4363821,1.2151955,awd,A9p2
GTTACGATCTGCTTAT-1,0.07396943,0.072059155,0.18833521,0.6656361,0.9675126,awd,A10
GTTACGATCTTCTTCC-1,0.018087681,0.34295538,0.58609146,0.05286552,0.90815413,dpn,A8
GTTAGACAGAGGTTTA-1,0.16916649,0.42555416,0.29977512,0.10550426,1.2625903,br,A10
GTTAGACAGCTTTGTG-1,0.14734456,0.46114135,0.24714626,0.14436789,1.2639719,br,A8
GTTAGACAGTTAACGA-1,0.16951564,0.44066557,0.13400511,0.2558137,1.280056,br,A9p1
GTTAGACCAACATCGT-1,0.22881582,0.4612457,0.21574037,0.09419807,1.2477953,br,A9p1
GTTAGACGTCCAACGC-1,0.035268877,0.4028346,0.37107325,0.19082323,1.1681814,br,A9p1
GTTAGACGTCCAGAAG-1,0.095229946,0.4308009,0.4556017,0.018367494,1.018294,dpn,A8
GTTAGACGTTAGAGAT-1,0.97606385,0.018447513,0.0015374398,0.0039512077,0.12912898,RpL6,A8
GTTAGACTCCGGTAAT-1,0.2466066,0.017846676,0.15323323,0.58231354,1.019407,awd,A9p1
GTTAGTGAGACATCCT-1,0.44526476,0.24714436,0.12653,0.18106095,1.2767031,RpL6,A9p2
GTTAGTGAGATTAGAC-1,0.3823543,0.32864767,0.09619992,0.19279811,1.27591,RpL6,A9p1
GTTAGTGGTAGGACTG-1,0.07673192,0.056182347,0.2099096,0.65717614,0.9623319,awd,A9p2
GTTAGTGTCGGCTATA-1,0.13777646,0.47875094,0.2158705,0.16760206,1.2560363,br,A8
GTTAGTGTCTCTTCAA-1,0.015708847,0.4582595,0.5012003,0.024831299,0.86080766,dpn,A9p1
GTTATGGAGGATTCCT-1,0.052390356,0.25852236,0.1960819,0.49300534,1.1723548,awd,A10
GTTATGGAGGGAGTGG-1,0.2918874,0.4379948,0.12998317,0.14013474,1.2616093,br,A8
GTTATGGAGTAAATGC-1,0.2629709,0.04034846,0.46034828,0.23633239,1.1788186,dpn,A9p1
GTTATGGAGTCAGCCC-1,0.30372283,0.21980508,0.23529121,0.24118091,1.3783958,RpL6,A9p1
GTTATGGAGTGGTGAC-1,0.18501784,0.122911505,0.3005127,0.3915579,1.2982687,awd,A9p2
GTTATGGAGTTGCTCA-1,0.115791626,0.3316742,0.3183776,0.23415655,1.3200078,br,A9p1
GTTATGGGTATAGGAT-1,0.11905415,0.3433042,0.35386974,0.18377186,1.2993379,dpn,A9p2
GTTATGGGTCTAGGTT-1,0.087909974,0.53357303,0.24479926,0.13371773,1.1624703,br,A8
GTTCATTAGGGCAACT-1,0.5043797,0.17771114,0.091068454,0.22684073,1.2069566,RpL6,A8
GTTCATTCAACAGCTT-1,0.119058445,0.071938895,0.7675429,0.041459724,0.7777414,dpn,A10
GTTCATTCATGTACGT-1,0.27723545,0.1683711,0.47677055,0.077622905,1.2071788,dpn,A9p2
GTTCATTGTTCATCGA-1,0.6635128,0.06925751,0.08760399,0.17962559,0.9787952,RpL6,A8
GTTCATTTCCCTCTTT-1,0.29685882,0.015805798,0.052934244,0.63440114,0.87034476,awd,A10
GTTCATTTCGACATTG-1,0.43776786,0.1041758,0.16277635,0.29527998,1.2529297,RpL6,A8
GTTCATTTCGTGTGGC-1,0.14759198,0.3263194,0.36242402,0.16366465,1.3118876,dpn,A9p1
GTTCCGTCAGAATGTA-1,0.2838698,0.11544792,0.06262015,0.53806216,1.1136851,awd,A8
GTTCCGTCAGCGTTTA-1,0.21810606,0.29250726,0.03990645,0.44948027,1.1796756,awd,A10
GTTCCGTCATGCCGGT-1,0.8182687,0.1525428,0.005928729,0.023259755,0.56882626,RpL6,A8
GTTCCGTCATGTCGTA-1,0.08500857,0.23131475,0.5560999,0.12757674,1.1371944,dpn,A9p1
GTTCCGTTCGGTCGAC-1,0.19040833,0.09271193,0.16439404,0.5524857,1.1609179,awd,A9p2
GTTCCGTTCTAGACAC-1,0.0686537,0.43916225,0.4499938,0.042190198,1.0381676,dpn,A10
GTTCCGTTCTAGTCAG-1,0.035672806,0.15127157,0.53923535,0.27382025,1.0923222,dpn,A10
GTTCGCTAGACTGTTC-1,0.198911,0.42893597,0.1487835,0.22336946,1.3025793,br,A10
GTTCGCTAGTCTTCCC-1,0.056983557,0.040004596,0.65155464,0.25145712,0.918277,dpn,A9p2
GTTCGCTCAGTTAGGG-1,0.05953409,0.53292924,0.20636222,0.20117447,1.1516305,br,A8
GTTCGCTGTACAGGTG-1,0.3242824,0.073129326,0.19718775,0.4054005,1.242641,awd,A9p2
GTTCGCTGTTAAACCC-1,0.059032887,0.21392226,0.69980216,0.027242685,0.84489596,dpn,A10
GTTCGCTGTTTACACG-1,0.11478285,0.1486236,0.18659233,0.55000114,1.1738653,awd,A9p2
GTTCGCTTCCACTGAA-1,0.50005865,0.18223566,0.14644964,0.17125611,1.2403417,RpL6,A9p2
GTTCGCTTCCCAAGCG-1,0.20949343,0.46155024,0.108197436,0.22075887,1.2584118,br,A9p2
GTTCTATAGCACACAG-1,0.057764713,0.43364757,0.11870212,0.38988557,1.1472361,br,A9p2
GTTCTATAGGTACATA-1,0.09770969,0.25248444,0.21429373,0.43551207,1.2668815,awd,A9p2
GTTCTATCAGAACCGA-1,0.0947498,0.19922292,0.6308569,0.07517034,1.0298533,dpn,A9p1
GTTCTATGTGCATGAG-1,0.08522179,0.37809175,0.24823385,0.2884526,1.2820939,br,A9p1
GTTCTATGTTGTCTAG-1,0.06923111,0.12196802,0.7116206,0.09718026,0.91013455,dpn,A9p2
GTTCTATTCATAGGCT-1,0.19842698,0.1607829,0.13262643,0.5081637,1.2267224,awd,A9p2
GTTCTATTCATTCATC-1,0.26800486,0.11781188,0.5197349,0.0944483,1.1678591,dpn,A9p1
GTTCTATTCCCTGGTT-1,0.30430046,0.24902049,0.21964225,0.22703685,1.3777702,RpL6,A9p1
GTTCTATTCCTGCTAC-1,0.3861238,0.3740101,0.06520491,0.17466119,1.2180544,RpL6,A10
GTTCTATTCGACGATT-1,0.2946756,0.1558648,0.35798553,0.1914741,1.3340269,dpn,A8
GTTCTATTCGCGGACT-1,0.032740746,0.6297232,0.26122186,0.076314226,0.9501851,br,A9p1
GTTCTATTCTGGGAGA-1,0.0915533,0.572322,0.108119935,0.22800474,1.115869,br,A10
GTTGAACAGCCAGTAG-1,0.039519142,0.0745389,0.8513678,0.03457414,0.5745449,dpn,A9p1
GTTGAACAGCTGGCCT-1,0.050382122,0.32563493,0.5190424,0.104940556,1.0928493,dpn,A9p2
GTTGAACAGCTTGTGT-1,0.0831795,0.37846044,0.458549,0.07981105,1.1338707,dpn,A10
GTTGAACAGGTTTACC-1,0.35571727,0.043053925,0.32047567,0.28075314,1.2244136,RpL6,A9p1
GTTGAACCAAACCATC-1,0.029591566,0.6443688,0.2585254,0.067514285,0.91906226,br,A10
GTTGAACCACCAGCGT-1,0.23182663,0.48232156,0.091714,0.1941378,1.2278985,br,A9p2
GTTGAACGTACGATCT-1,0.4527757,0.09148415,0.17334677,0.28239337,1.2384102,RpL6,A9p1
GTTGAACGTCAACCTA-1,0.34230617,0.13822898,0.08024917,0.43921566,1.2043121,awd,A10
GTTGAACTCCAAGCCG-1,0.1622678,0.06947143,0.120508485,0.6477523,1.016639,awd,A10
GTTGAACTCCGCGGAT-1,0.257897,0.074675724,0.08573564,0.5816917,1.069032,awd,A10
GTTGCGGAGTGCAGGT-1,0.055403415,0.20278768,0.15346281,0.58834606,1.0835727,awd,A9p2
GTTGCGGCAAGATCCT-1,0.24910992,0.22383459,0.45768997,0.069365606,1.2240809,dpn,A9p2
GTTGCGGCACCGTCTT-1,0.26574853,0.036272757,0.14424106,0.5537376,1.0790608,awd,A9p1
GTTGCGGCATACAGAA-1,0.10845368,0.03345042,0.34701446,0.5110815,1.0649043,awd,A10
GTTGCGGCATATCTGG-1,0.0061155916,0.037061688,0.9545117,0.002310966,0.21176068,dpn,A9p1
GTTGCGGCATTCCTAT-1,0.04190442,0.1453825,0.74554646,0.067166574,0.8135991,dpn,A9p1
GTTGCGGCATTGCAAC-1,0.19578087,0.32498536,0.40441683,0.07481697,1.244648,dpn,A9p1
GTTGCGGGTGTAGTGG-1,0.25915304,0.5853944,0.031766545,0.123686045,1.0314833,br,A9p2
GTTGCGGGTTAAGTCC-1,0.35067397,0.4217727,0.073617004,0.15393636,1.2116883,br,A10
GTTGCGGTCCTCGCAT-1,0.21875931,0.21599114,0.1608081,0.40444148,1.3234807,awd,A8
GTTGCTCCAAGGTACG-1,0.106914856,0.1988137,0.22311878,0.47115266,1.2494595,awd,A10
GTTGCTCGTAACATCC-1,0.30701494,0.1334383,0.307975,0.2515718,1.3411908,dpn,A10
GTTGCTCTCAAACCTG-1,0.04586105,0.18944533,0.75027424,0.014419368,0.73321426,dpn,A10
GTTGCTCTCGTCCTTG-1,0.22679548,0.37725633,0.1681877,0.22776046,1.3410456,br,A8
GTTGCTCTCTACGCGG-1,0.42026946,0.26996925,0.13716404,0.17259723,1.2935299,RpL6,A9p2
GTTGTAGAGCATCAGG-1,0.8739668,0.09881456,0.0046227076,0.02259595,0.45693547,RpL6,A10
GTTGTAGAGTATGAGT-1,0.13360558,0.58693,0.25992748,0.019536914,1.0087758,br,A8
GTTGTAGAGTTTCGAC-1,0.6297447,0.036655273,0.07624401,0.25735605,0.9579553,RpL6,A9p1
GTTGTAGCAACAAGAT-1,0.40750584,0.09157561,0.34030023,0.16061834,1.2452832,RpL6,A9p2
GTTGTAGCAACATACC-1,0.1555921,0.14537457,0.3491954,0.34983796,1.3046545,awd,A10
GTTGTAGCATGAAAGT-1,0.12238118,0.15037851,0.6980028,0.029237442,0.8962127,dpn,A9p1
GTTGTAGGTCTGTGCG-1,0.10241279,0.42437252,0.3930431,0.08017155,1.1664784,br,A9p1
GTTGTAGGTTCATCTT-1,0.41607028,0.100584894,0.1313417,0.35200313,1.2300205,RpL6,A9p2
GTTGTCCCACTAGTAC-1,0.3156998,0.13761535,0.24290489,0.30378005,1.3425922,RpL6,A9p2
GTTGTCCGTCCTGTCT-1,0.08347127,0.5236485,0.085748434,0.3071317,1.1192361,br,A9p1
GTTGTCCTCTCTCTAA-1,0.09498705,0.18491985,0.62235147,0.097741686,1.0581561,dpn,A9p1
GTTGTGAGTGAGGAAA-1,0.43643114,0.1289656,0.24148427,0.19311897,1.286716,RpL6,A9p2
GTTGTGATCATTGCTT-1,0.0949793,0.20342538,0.49613652,0.20545885,1.2204211,dpn,A9p2
GTTGTGATCGCCTTGT-1,0.22833513,0.050863,0.48454714,0.23625477,1.180692,dpn,A10
GTTGTGATCTCCGAAA-1,0.04682759,0.32594967,0.5230121,0.104210705,1.0833926,dpn,A9p1
GTTTACTAGGGTCTTT-1,0.070787914,0.19544494,0.5440712,0.18969595,1.1530108,dpn,A9p1
GTTTACTCACCGTACG-1,0.13666402,0.31039765,0.5077011,0.045237236,1.1193258,dpn,A8
GTTTACTCACTCCCTA-1,0.16226472,0.047992606,0.11447599,0.6752667,0.9540781,awd,A9p2
GTTTACTCATGGGCAA-1,0.0662439,0.101865575,0.21860327,0.61328727,1.0447196,awd,A9p2
GTTTACTGTATTGCCA-1,0.26399234,0.30746117,0.1294403,0.2991062,1.3398695,br,A9p1
GTTTACTGTCATCACA-1,0.12260655,0.16401312,0.538749,0.17463136,1.1917925,dpn,A10
GTTTACTTCCAGCAAT-1,0.9723452,0.016284937,0.0031076788,0.008262248,0.15189192,RpL6,A10
GTTTGGAAGACATAAC-1,0.04001201,0.29371426,0.6170714,0.049202375,0.93471736,dpn,A9p1
GTTTGGAAGAGGGCGA-1,0.06209886,0.24862346,0.5480124,0.14126535,1.1246912,dpn,A8
GTTTGGAAGCCACCGT-1,0.06435621,0.14168888,0.6574912,0.13646364,1.0009232,dpn,A10
GTTTGGAAGCCTATCA-1,0.07276821,0.35150972,0.40180135,0.17392068,1.2287729,dpn,A9p1
GTTTGGACATACGCAT-1,0.052201785,0.15079355,0.077084355,0.71992034,0.87354326,awd,A9p1
GTTTGGACATCGCCTT-1,0.04563,0.37162182,0.43585488,0.14689335,1.1524314,dpn,A8
GTTTGGAGTCCTGAAT-1,0.26034784,0.20493929,0.19239965,0.34231326,1.3592759,awd,A8
GTTTGGAGTGAGCTCC-1,0.29846498,0.19041874,0.11275082,0.39836535,1.2894269,awd,A9p1
GTTTGGATCCACACAA-1,0.10872469,0.47949338,0.40336892,0.0084130075,1.0001101,br,A8
GTTTGGATCGAACGGA-1,0.35896498,0.1411561,0.07284791,0.4270311,1.1983151,awd,A10
TAACACGAGAATTTGG-1,0.20004772,0.052018143,0.24394138,0.5039928,1.1651825,awd,A9p1
TAACACGAGACGATAT-1,0.09589054,0.2534476,0.5135467,0.13711509,1.1873753,dpn,A9p2
TAACACGCAAGTCGTT-1,0.6091924,0.1507131,0.16561715,0.07447736,1.0783641,RpL6,A8
TAACACGCAAGTTCCA-1,0.31322032,0.46325174,0.15090246,0.07262553,1.1958973,br,A10
TAACACGCACTGCACG-1,0.24725601,0.071923964,0.26266417,0.41815585,1.2505536,awd,A9p1
TAACACGGTAATGCTC-1,0.07697683,0.1694847,0.7455414,0.007997056,0.75576144,dpn,A8
TAACACGGTCACATTG-1,0.29415515,0.12919092,0.04794033,0.52871364,1.1069136,awd,A9p2
TAACACGGTTCGATTG-1,0.14544569,0.36466053,0.3554945,0.1343993,1.2856774,br,A8
TAACACGGTTGCCTAA-1,0.06547112,0.12700213,0.78819275,0.019333998,0.7044489,dpn,A9p2
TAACACGGTTTCACTT-1,0.122295946,0.15281537,0.19048873,0.5343999,1.1947714,awd,A10
TAACACGTCTCATTGT-1,0.21137819,0.04786267,0.45024335,0.29051584,1.1923641,dpn,A8
TAACCAGCAGAGTCAG-1,0.045589942,0.032772966,0.054450314,0.8671868,0.5348586,awd,A9p2
TAACCAGGTACGCTAT-1,0.28549138,0.03982644,0.2002056,0.47447652,1.1620009,awd,A9p1
TAACCAGGTTGTTTGG-1,0.43081757,0.03681775,0.38912937,0.14323527,1.1299644,RpL6,A8
TAACCAGTCACTTGTT-1,0.39998147,0.12605752,0.38395604,0.090004995,1.2118404,RpL6,A8
TAACCAGTCGGCAGTC-1,0.41969463,0.25231013,0.10792247,0.2200728,1.2852638,RpL6,A8
TAACGACAGATTGAGT-1,0.16651769,0.4599725,0.3225132,0.050996706,1.1724435,br,A8
TAACGACCACTGGCCA-1,0.38309202,0.16703445,0.16340388,0.28646958,1.3206198,RpL6,A10
TAACGACCAGTAGTTC-1,0.23565538,0.17253527,0.23643634,0.35537308,1.3524073,awd,A9p2
TAACGACCATGCCGGT-1,0.14215772,0.037129745,0.36712912,0.4535834,1.1260755,awd,A10
TAACGACTCCGAGATT-1,0.06217016,0.2986058,0.21150039,0.42772362,1.2254336,awd,A10
TAACGACTCGACTCCT-1,0.3574939,0.1421612,0.1823634,0.31798145,1.3197274,RpL6,A9p1
TAACGACTCGCGAAGA-1,0.279704,0.2703466,0.095901616,0.35404772,1.3024274,awd,A10
TAACGACTCGGATAAA-1,0.91809076,0.061135266,0.0037437174,0.01703036,0.33959112,RpL6,A10
TAACGACTCTCAGAAC-1,0.13276434,0.063284814,0.23550795,0.56844294,1.1043825,awd,A10
TAACTTCAGACCAGAC-1,0.25545937,0.41015288,0.2401973,0.094190486,1.2792732,br,A8
TAACTTCAGCATGCGA-1,0.08229019,0.21940714,0.59011924,0.10818351,1.0901617,dpn,A8
TAACTTCAGCGTCTCG-1,0.31307006,0.31959987,0.22394946,0.14338063,1.3417248,br,A10
TAACTTCAGGCCACTC-1,0.5988239,0.04352689,0.096216895,0.26143238,1.0194898,RpL6,A9p2
TAACTTCCAACAAGAT-1,0.26733932,0.14144194,0.47428685,0.11693187,1.2340713,dpn,A9p1
TAACTTCCAAGTTCCA-1,0.367497,0.20950347,0.12640303,0.29659644,1.3172514,RpL6,A9p2
TAACTTCCACATATCG-1,0.14363243,0.55900234,0.2893882,0.007977037,1.001211,br,A9p1
TAACTTCCAGGAATAT-1,0.30891246,0.1883078,0.09497836,0.40780133,1.2666688,awd,A9p2
TAACTTCCATGGACAG-1,0.10577467,0.22846664,0.5790794,0.08667926,1.1032548,dpn,A9p1
TAACTTCGTCAGGTGA-1,0.030931747,0.23432109,0.5567158,0.17803137,1.080847,dpn,A9p1
TAACTTCGTCTGTGAT-1,0.1708768,0.11868432,0.17294559,0.5374932,1.1920357,awd,A9p2
TAACTTCGTGACTCTA-1,0.16514632,0.23565963,0.26272878,0.33646527,1.3557006,awd,A9p1
TAAGCACAGCGACATG-1,0.28775758,0.116571665,0.13584979,0.459821,1.2374103,awd,A10
TAAGCACAGCTGGCCT-1,0.19231622,0.2702112,0.057787463,0.47968507,1.1877805,awd,A10
TAAGCACAGGATATGT-1,0.085346736,0.06992157,0.69087493,0.1538567,0.9395211,dpn,A9p1
TAAGCACAGTTGCCCG-1,0.27361938,0.13593285,0.25788856,0.3325592,1.3415067,awd,A9p2
TAAGCACCAAGATCCT-1,0.07886887,0.18060765,0.34588584,0.39463764,1.243559,awd,A10
TAAGCACCAATTGCCA-1,0.056886327,0.22053938,0.61119527,0.11137904,1.0418324,dpn,A9p1
TAAGCACCACAGCCAC-1,0.06237207,0.42584068,0.35271186,0.15907544,1.1965988,br,A9p1
TAAGCACGTACAAGCG-1,0.30162355,0.13528523,0.27367118,0.28941998,1.3456149,RpL6,A9p2
TAAGCACGTTGGGACA-1,0.056875307,0.43764207,0.11613161,0.38935104,1.1420023,br,A9p1
TAAGCACGTTGTGGCC-1,0.013228789,0.1766901,0.6795588,0.13052233,0.8917788,dpn,A8
TAAGCACTCCCTGGTT-1,0.16195014,0.05772048,0.46890414,0.3114253,1.1778872,dpn,A10
TAAGCACTCCTTCTAA-1,0.05264999,0.28573996,0.63426983,0.02734023,0.9001242,dpn,A8
TAAGCACTCTATCGGA-1,0.81847847,0.14894836,0.009552385,0.02302084,0.57881635,RpL6,A9p2
TAAGCACTCTCGCGTT-1,0.3460259,0.16755158,0.45786124,0.028561294,1.1257735,dpn,A9p1
TAAGCCAAGGTTCCGC-1,0.2642053,0.11113597,0.28039023,0.34426853,1.3194723,awd,A9p2
TAAGCCAAGTCCCAAT-1,0.18855588,0.13688262,0.041250948,0.63331056,1.0075924,awd,A9p2
TAAGCCACACGCACCA-1,0.4405969,0.18524791,0.16854952,0.20560567,1.2987962,RpL6,A9p2
TAAGCCACATAGGCGA-1,0.36833066,0.12918408,0.18157715,0.32090804,1.3067851,RpL6,A10
TAAGCCAGTCGAGCAA-1,0.29020083,0.1918177,0.25622267,0.26175886,1.3755068,RpL6,A10
TAAGCCAGTCTCAGGC-1,0.18772304,0.23935544,0.3649708,0.2079507,1.3506975,dpn,A9p2
TAAGCCATCATTCATC-1,0.4590862,0.26814044,0.097876735,0.17489663,1.2427578,RpL6,A10
TAAGCCATCTCGCCTA-1,0.37948352,0.08497584,0.2140199,0.32152075,1.2719756,RpL6,A10
TAAGCGTAGGTGATCG-1,0.09474796,0.2523191,0.24777366,0.40515924,1.2824906,awd,A10
TAAGCGTCAAGAGTAT-1,0.38725746,0.116614774,0.20321213,0.29291567,1.301451,RpL6,A9p2
TAAGCGTCACTATCCC-1,0.53558165,0.075911805,0.098601624,0.28990486,1.1175208,RpL6,A9p1
TAAGCGTCATATCTCT-1,0.37759545,0.14279942,0.16383414,0.31577098,1.3060458,RpL6,A9p2
TAAGCGTGTCCTCCAT-1,0.14071113,0.44073808,0.10438682,0.31416398,1.2366693,br,A10
TAAGCGTGTTAGGCCC-1,0.09576922,0.20230916,0.59019893,0.11172265,1.1040142,dpn,A9p1
TAAGCGTTCAAAGACA-1,0.31321123,0.20699881,0.28755948,0.19223052,1.3650241,RpL6,A8
TAAGCGTTCCGCATAA-1,0.39247766,0.10425415,0.15219073,0.3510774,1.2567927,RpL6,A10
TAAGCGTTCTCTTCAA-1,0.3155493,0.18214019,0.23368353,0.268627,1.366966,RpL6,A10
TAAGTCGAGAGGATCC-1,0.30579087,0.13316004,0.17627081,0.38477832,1.3042516,awd,A9p2
TAAGTCGAGAGTCGAC-1,0.12568964,0.42482206,0.033368047,0.41612026,1.1026595,br,A10
TAAGTCGCAAGACGAC-1,0.010773814,0.04071894,0.93801767,0.010489586,0.28698152,dpn,A8
TAAGTCGCAAGTATCC-1,0.2991517,0.112743884,0.104618385,0.483486,1.1946311,awd,A9p2
TAAGTCGCACTGCATA-1,0.41142365,0.09295196,0.11212148,0.3835029,1.1991153,RpL6,A10
TAAGTCGCAGGGACTA-1,0.2618766,0.37286213,0.113843456,0.25141782,1.3132207,br,A9p1
TAAGTCGCAGGTTACT-1,0.09951768,0.49106997,0.30113462,0.10827778,1.1809913,br,A9p1
TAAGTCGGTGCGTGCT-1,0.081524596,0.2716821,0.47360882,0.17318442,1.2160292,dpn,A9p2
TAAGTCGGTTACGCCG-1,0.36438447,0.24468957,0.11657118,0.2743547,1.3177013,RpL6,A9p1
TAATCTCAGACCATGG-1,0.45142293,0.10619129,0.22058935,0.22179638,1.2646096,RpL6,A9p1
TAATCTCAGCTGTGCC-1,0.24507983,0.1898508,0.5155228,0.04954656,1.150516,dpn,A10
TAATCTCAGGAAAGAC-1,0.63541144,0.07567624,0.16287175,0.1260406,1.0401179,RpL6,A8
TAATCTCAGTCGGCAA-1,0.12090367,0.34406114,0.4843478,0.05068743,1.1248145,dpn,A9p2
TAATCTCAGTGACACG-1,0.42338347,0.29390565,0.14500229,0.13770859,1.2767982,RpL6,A9p1
TAATCTCAGTTGCGCC-1,0.025907224,0.18200108,0.7020316,0.090060174,0.86989045,dpn,A10
TAATCTCTCAGTGCGC-1,0.08956169,0.52414805,0.2961766,0.09011356,1.1319491,br,A8
TAATCTCTCATGGTAC-1,0.0683925,0.17188774,0.71302986,0.04668986,0.8703797,dpn,A8
TAATTCCAGTGATGGC-1,0.29045397,0.11514205,0.20748027,0.3869237,1.3016839,awd,A9p2
TAATTCCCACAACATC-1,0.4664879,0.04422345,0.06454728,0.42474133,1.0341966,RpL6,A9p2
TAATTCCCACCCATAA-1,0.06194209,0.25452527,0.5813677,0.102164984,1.0689491,dpn,A9p1
TAATTCCCATTGCTGA-1,0.36879328,0.12389574,0.07129348,0.43601748,1.1768205,awd,A10
TAATTCCTCTGCAGCG-1,0.47345906,0.096706845,0.14347497,0.28635913,1.2165793,RpL6,A9p1
TACAACGAGATTGGGC-1,0.043001987,0.27206162,0.6683125,0.01662396,0.82689244,dpn,A9p1
TACAACGAGCTGACTT-1,0.14389014,0.44054174,0.36684996,0.04871814,1.1551845,br,A9p1
TACAACGAGGCGATAC-1,0.2119073,0.14516586,0.23635475,0.406572,1.3157848,awd,A8
TACAACGAGTGGTTAA-1,0.31697965,0.091529146,0.26361275,0.32787848,1.3001281,awd,A9p1
TACAACGAGTTGAATG-1,0.036895894,0.5075558,0.14192489,0.31362337,1.1067102,br,A10
TACAACGCACACTTAG-1,0.3357952,0.09740849,0.07664314,0.49015316,1.1396495,awd,A9p2
TACACCCAGGTAGTAT-1,0.16742928,0.47838244,0.23252575,0.12166249,1.247442,br,A9p1
TACACCCCACCAGGTC-1,0.37061527,0.18224908,0.21857798,0.22855769,1.3478427,RpL6,A10
TACACCCGTCCGGTCA-1,0.15479031,0.18312533,0.23515816,0.42692626,1.303427,awd,A9p1
TACACCCGTCTTGAGT-1,0.06147361,0.2856544,0.40882406,0.24404787,1.23926,dpn,A9p2
TACACCCGTGATACTC-1,0.19936597,0.099412315,0.15969853,0.5415232,1.1761069,awd,A9p1
TACACCCTCACCTCAC-1,0.29100984,0.20902213,0.19870086,0.30126712,1.3689468,awd,A9p1
TACACCCTCGAGATGG-1,0.17694673,0.5265276,0.1197296,0.1767961,1.2046704,br,A9p1
TACACCCTCTTCGTAT-1,0.3954446,0.1298108,0.27274546,0.20199917,1.3093547,RpL6,A9p1
TACACCCTCTTTGGAG-1,0.34038278,0.32624614,0.10190938,0.23146173,1.3036895,RpL6,A9p2
TACAGGTAGCGGACAT-1,0.29500994,0.2859401,0.05372833,0.36532155,1.2430838,awd,A9p2
TACAGGTAGGGCAATC-1,0.3242068,0.16324355,0.16113922,0.35141036,1.3227216,awd,A10
TACAGGTCAACCTATG-1,0.32743418,0.52103066,0.037831884,0.11370325,1.0763477,br,A9p2
TACAGGTGTGCTCGTG-1,0.18659602,0.61732835,0.16577318,0.030302498,1.0149003,br,A10
TACAGGTTCGTGCATA-1,0.05103488,0.2468621,0.3578532,0.34424978,1.2320282,dpn,A9p1
TACAGGTTCTTCGATT-1,0.29742748,0.1506171,0.2960188,0.2559367,1.3549266,RpL6,A8
TACATTCAGGTTGAGC-1,0.3371914,0.18547116,0.109786086,0.36755136,1.2894756,awd,A10
TACATTCCAACAAGTA-1,0.4609737,0.12228068,0.18510129,0.23164435,1.2649801,RpL6,A9p2
TACATTCCAAGTCGTT-1,0.14651659,0.532595,0.2270235,0.09386493,1.1756169,br,A8
TACATTCCAATACCTG-1,0.26411474,0.22878532,0.1734102,0.3336898,1.3591568,awd,A9p1
TACATTCCACTAGGTT-1,0.52853256,0.08262054,0.2520348,0.13681205,1.162524,RpL6,A9p1
TACATTCGTCATTGCA-1,0.5066811,0.2688847,0.07264516,0.15178908,1.174302,RpL6,A10
TACATTCTCGAATCCA-1,0.15169661,0.12520301,0.096504,0.62659633,1.0647767,awd,A9p1
TACATTCTCTACGCGG-1,0.46005028,0.1097364,0.27891955,0.15129381,1.2415302,RpL6,A8
TACATTCTCTAGCCTC-1,0.15254901,0.3128879,0.3479177,0.18664536,1.3310013,dpn,A9p2
TACATTCTCTGGTCAA-1,0.3904954,0.20567599,0.30028313,0.103545494,1.2885292,RpL6,A8
TACATTCTCTTCCACG-1,0.31788754,0.06301321,0.17788202,0.44121718,1.206661,awd,A10
TACCCACCACGACTAT-1,0.09247383,0.44356558,0.2512162,0.21274437,1.2570404,br,A9p1
TACCCACCAGAGAATT-1,0.051356237,0.18257956,0.693212,0.07285221,0.90779406,dpn,A9p1
TACCCACGTAACATCC-1,0.51264393,0.3049742,0.060244776,0.12213715,1.1307555,RpL6,A8
TACCCACGTCTGCATA-1,0.2979936,0.13890713,0.17315,0.38994926,1.3058372,awd,A10
TACCCACGTGCACATT-1,0.06718077,0.25144097,0.51138854,0.16998973,1.1727139,dpn,A8
TACCCACGTTCCGCTT-1,0.09225543,0.3969609,0.25379845,0.2569852,1.2838092,br,A8
TACCCGTAGCGCCATC-1,0.44100937,0.12258116,0.20823973,0.2281697,1.2822455,RpL6,A9p2
TACCCGTCAGCTTTCC-1,0.01732589,0.10968363,0.7681521,0.10483837,0.75174314,dpn,A9p1
TACCCGTGTAGGACTG-1,0.0926664,0.35290238,0.26945728,0.2849739,1.2990962,br,A9p1
TACCCGTGTTGTTGTG-1,0.2732543,0.29766196,0.26378864,0.16529506,1.3642745,br,A10
TACCCGTTCATCGCAA-1,0.41838846,0.119023,0.3062285,0.15636007,1.2704326,RpL6,A8
TACCGAAAGGTCGTCC-1,0.107161045,0.42487797,0.43727836,0.030682597,1.0716218,dpn,A8
TACCGAACAAGAGTTA-1,0.29432863,0.16511844,0.3019961,0.23855688,1.3608541,dpn,A9p1
TACCGAACACACCTTC-1,0.1558228,0.21856377,0.5298749,0.095738515,1.1831918,dpn,A10
TACCGAACACTGTCCT-1,0.93960917,0.033049874,0.005352241,0.021988774,0.2831505,RpL6,A9p2
TACCGAAGTGTCTTCC-1,0.12297207,0.5881262,0.13535242,0.15354936,1.1283083,br,A9p2
TACCGAATCATGGATC-1,0.18128857,0.12218079,0.1829612,0.5135694,1.2194186,awd,A9p1
TACCGAATCATGGTAC-1,0.1303182,0.44266534,0.3729451,0.054071367,1.1519008,br,A8
TACCGAATCGCTCTAC-1,0.35026747,0.0810459,0.18533619,0.38335043,1.2510564,awd,A9p2
TACCGAATCTATCACT-1,0.20431738,0.4554646,0.19039893,0.14981906,1.2828745,br,A9p1
TACCGAATCTTCTGGC-1,0.26936528,0.35935807,0.30170935,0.06956731,1.2680674,br,A9p1
TACCGGGAGCAGGCTA-1,0.121672966,0.07126201,0.13887736,0.6681877,0.9880958,awd,A10
TACCGGGAGCCATGCC-1,0.37662193,0.44037387,0.049239695,0.13376445,1.1462948,br,A10
TACCGGGAGTCGCCAC-1,0.53813356,0.067828745,0.23434839,0.15968922,1.1489462,RpL6,A10
TACCGGGAGTGGAAAG-1,0.03814849,0.13314435,0.10281218,0.725895,0.85948783,awd,A10
TACCGGGGTTCGTACA-1,0.20402656,0.09426629,0.0913649,0.61034226,1.0668976,awd,A9p1
TACCGGGTCAAGTGTC-1,0.14267705,0.5684986,0.21272078,0.0761036,1.1241407,br,A9p1
TACCGGGTCCTGCCAT-1,0.41659474,0.101913005,0.30978426,0.171708,1.263092,RpL6,A9p2
TACCTCGAGATGCTTC-1,0.36843035,0.17134221,0.31655207,0.14367531,1.3130208,RpL6,A8
TACCTCGCATGGCCCA-1,0.054118276,0.45396298,0.43342543,0.05849335,1.0447655,br,A9p1
TACCTGCAGATACAGT-1,0.32829443,0.09288145,0.16847274,0.41035137,1.2519591,awd,A10
TACCTGCAGCGACCCT-1,0.43581843,0.33707115,0.07075585,0.15635449,1.2060462,RpL6,A10
TACCTGCTCATGAAAG-1,0.11558779,0.1068538,0.5195235,0.25803488,1.1781192,dpn,A8
TACCTGCTCTCGTCGT-1,0.18552703,0.16054778,0.062740974,0.5911842,1.0906549,awd,A9p1
TACCTGCTCTCTTAAC-1,0.2827756,0.20565613,0.19642942,0.31513885,1.3660133,awd,A10
TACCTGCTCTGAGCAT-1,0.13452953,0.41025546,0.3395123,0.11570268,1.2516859,br,A8
TACGCTCAGCATATGA-1,0.16677177,0.034639772,0.10332266,0.69526577,0.90242887,awd,A9p1
TACGCTCAGGCACGAT-1,0.19389445,0.082962245,0.10009464,0.6230487,1.0497613,awd,A9p1
TACGCTCAGTCACGAG-1,0.06684472,0.4420531,0.48154756,0.00955459,0.93802655,dpn,A9p1
TACGCTCCACTAGAGG-1,0.18518747,0.05872481,0.4114339,0.34465387,1.2113038,dpn,A8
TACGCTCCAGAGCGTA-1,0.036040977,0.28168455,0.3772636,0.3050109,1.2065859,dpn,A9p1
TACGCTCGTCCCGCAA-1,0.5068647,0.046839517,0.08027829,0.36601743,1.0581545,RpL6,A10
TACGCTCTCACTTCTA-1,0.23118782,0.18742585,0.3082774,0.2731089,1.3696318,dpn,A9p2
TACGCTCTCCGCGGAT-1,0.026089521,0.2906284,0.6444878,0.03879431,0.863445,dpn,A9p1
TACGCTCTCGTACACA-1,0.22307387,0.30412373,0.2833316,0.1894708,1.3691804,br,A8
TACGCTCTCTACTCAT-1,0.34204134,0.20534474,0.29958758,0.1530263,1.3403842,RpL6,A9p2
TACGCTCTCTCGCTTG-1,0.31503838,0.2101444,0.16984284,0.30497432,1.3549821,RpL6,A8
TACGGGCAGGTTGCCC-1,0.16599971,0.5579182,0.22476232,0.05131968,1.1115749,br,A8
TACGGGCCAAATTGGA-1,0.30238485,0.4030797,0.17984338,0.11469207,1.2848334,br,A9p2
TACGGGCGTTCAGCGC-1,0.05039504,0.39500645,0.2692752,0.28532332,1.2286044,br,A10
TACGGGCTCAAGGAGC-1,0.28554747,0.027400456,0.38927242,0.29777974,1.1844548,dpn,A9p1
TACGGGCTCAGCCTCT-1,0.37322998,0.43448493,0.047914725,0.14437042,1.1550162,br,A8
TACGGGCTCGATACGT-1,0.40458915,0.2004226,0.37809348,0.016894765,1.1249329,RpL6,A9p2
TACGGGCTCTGTCCCA-1,0.21768984,0.21563637,0.08626421,0.4804096,1.226302,awd,A10
TACGGTAAGCATGGGT-1,0.4054503,0.05733819,0.043957625,0.49325386,1.0158856,awd,A10
TACGGTAAGTCTGCGC-1,0.12777834,0.22964744,0.47957957,0.16299458,1.2488536,dpn,A9p2
TACGGTACAACTACGT-1,0.49179065,0.051188163,0.14547248,0.3115487,1.1449339,RpL6,A9p1
TACGGTACAATTCTTC-1,0.50544554,0.05325485,0.20818481,0.23311485,1.1672297,RpL6,A9p1
TACGGTACATGGGTCC-1,0.15063165,0.36765537,0.36223882,0.11947413,1.2746902,br,A9p2
TACGGTAGTGACCTGC-1,0.34251857,0.03553244,0.55928093,0.06266802,0.98415166,dpn,A10
TACGGTATCAAGTCGT-1,0.09307621,0.43120715,0.31314498,0.16257162,1.2426342,br,A8
TACGTCCAGTGACCTT-1,0.52192855,0.26726303,0.095345505,0.11546294,1.1653779,RpL6,A9p1
TACGTCCCACACCAGC-1,0.29643577,0.16754545,0.12118195,0.41483676,1.2805161,awd,A9p1
TACGTCCGTACAGAAT-1,0.082232825,0.4594346,0.3004697,0.1578629,1.2154701,br,A9p1
TACGTCCGTCGCATTA-1,0.37424526,0.10780557,0.22626713,0.29168203,1.3035742,RpL6,A9p1
TACGTCCTCCGCATAA-1,0.0672997,0.26864484,0.6598745,0.0041810027,0.83192605,dpn,A9p1
TACGTCCTCGAAGCAG-1,0.13403514,0.12135423,0.62790036,0.116710246,1.0682143,dpn,A9p1
TACTGCCAGTTTCTTC-1,0.35427228,0.45624664,0.062729746,0.12675133,1.1611533,br,A10
TACTGCCCAACTCATG-1,0.16680841,0.45154247,0.20476755,0.17688161,1.2888981,br,A9p1
TACTGCCCAATCTCGA-1,0.26246417,0.13610037,0.33135542,0.27008,1.3420641,dpn,A9p1
TACTGCCGTCCAAGAG-1,0.08108547,0.06652669,0.17638643,0.67600137,0.954744,awd,A10
TACTGCCGTGCCAAGA-1,0.16937779,0.074140176,0.13236687,0.62411517,1.0555389,awd,A9p1
TACTGCCTCATACGAC-1,0.3045169,0.1717,0.24319902,0.280584,1.3650581,RpL6,A10
TACTGCCTCATTCACT-1,0.18515128,0.055592366,0.2583168,0.50093955,1.1688524,awd,A9p2
TACTGCCTCCAACCAA-1,0.029885052,0.046742033,0.89578056,0.027592363,0.4457364,dpn,A10
TACTTACAGGCATCGA-1,0.44296902,0.108526945,0.15160629,0.29689774,1.2482452,RpL6,A9p2
TACTTACAGGGCCCTT-1,0.10910431,0.31570697,0.09960353,0.47558522,1.1889073,awd,A10
TACTTACAGTGCAAAT-1,0.24044213,0.20007111,0.36161682,0.19786994,1.3530312,dpn,A9p2
TACTTACCAGGCACTC-1,0.027387446,0.14468335,0.117253974,0.71067524,0.8722815,awd,A9p1
TACTTACCATCTGGGC-1,0.26768053,0.031914413,0.11690194,0.5835031,1.027985,awd,A9p1
TACTTACGTTGGGACA-1,0.4565268,0.11732177,0.26880628,0.15734527,1.2534962,RpL6,A9p1
TACTTACTCACGGACC-1,0.2839806,0.28515983,0.24436705,0.18649243,1.3728029,br,A9p2
TACTTACTCCACACCT-1,0.2541046,0.036575135,0.51566213,0.19365813,1.1285762,dpn,A10
TACTTACTCGCTTACC-1,0.09131634,0.49231976,0.26498607,0.15137784,1.2051499,br,A8
TACTTCAAGCACACAG-1,0.08074772,0.4006052,0.22120208,0.297445,1.2640436,br,A8
TACTTCAAGCCGAATG-1,0.056317504,0.06946869,0.3748261,0.4993877,1.0618514,awd,A9p1
TACTTCACATAAGATG-1,0.07346487,0.36839733,0.4788731,0.07926468,1.1132287,dpn,A8
TACTTCATCTTTCGAT-1,0.020032525,0.16052598,0.70866567,0.11077583,0.8597636,dpn,A9p1
TACTTGTAGGCCGCTT-1,0.6465159,0.026140738,0.18899155,0.13835178,0.96577,RpL6,A9p1
TACTTGTGTAGACACG-1,0.44152135,0.121149555,0.2265911,0.21073803,1.2812178,RpL6,A8
TACTTGTGTTGCCGCA-1,0.039110772,0.4082058,0.30006683,0.25261652,1.201294,br,A9p2
TACTTGTTCGTTGTGA-1,0.101922415,0.35586593,0.3613709,0.1808408,1.2775097,dpn,A9p1
TACTTGTTCTAACGCA-1,0.16336885,0.041941904,0.07681967,0.7178696,0.86409235,awd,A9p1
TACTTGTTCTTACTGT-1,0.24642025,0.09290984,0.10047412,0.56019574,1.1214216,awd,A10
TAGACCAAGGTCACAG-1,0.031401392,0.5105402,0.430884,0.027174423,0.9126512,br,A8
TAGACCACACCATATG-1,0.41044676,0.38581556,0.05580589,0.1479318,1.1767029,RpL6,A9p2
TAGACCACACCGTGGT-1,0.4242539,0.374655,0.052196085,0.14889501,1.1692771,RpL6,A9p1
TAGACCACACTTCAAG-1,0.2833067,0.3063554,0.16327517,0.24706277,1.3610631,br,A8
TAGACCACATTGACCA-1,0.19902313,0.31081992,0.2777571,0.21239981,1.3693727,br,A9p2
TAGACCAGTAGGTGCA-1,0.1359889,0.020453967,0.05317807,0.79037905,0.692841,awd,A9p1
TAGACCAGTATAATGG-1,0.43438724,0.14992405,0.22852768,0.18716097,1.2976712,RpL6,A9p1
TAGACCATCAAGTCTG-1,0.18884914,0.41005197,0.12035871,0.2807401,1.291789,br,A9p1
TAGACCATCACCATGA-1,0.21564719,0.34722045,0.32499978,0.112132594,1.3087466,br,A9p2
TAGACCATCGGTGCAC-1,0.14413096,0.44288296,0.21632126,0.19666481,1.2909052,br,A10
TAGACCATCGTCGCTT-1,0.16662614,0.13762484,0.1444967,0.55125237,1.1793692,awd,A9p1
TAGACTGAGAAATTGC-1,0.36578766,0.16364673,0.21193999,0.25862563,1.3426547,RpL6,A8
TAGACTGAGTATTCCG-1,0.081867926,0.41463733,0.49558917,0.007905619,0.9560852,dpn,A9p2
TAGACTGCATAGGTAA-1,0.24221002,0.52512896,0.22866704,0.003994004,1.0411376,br,A9p1
TAGACTGGTGAATTGA-1,0.13183673,0.12678349,0.50104755,0.24033219,1.2178698,dpn,A10
TAGAGTCAGGACTGGT-1,0.23403734,0.11415397,0.3513495,0.30045918,1.3164117,dpn,A9p1
TAGAGTCAGTGATAGT-1,0.18431033,0.21027482,0.057903666,0.5475112,1.1343552,awd,A9p1
TAGAGTCCACCGGAAA-1,0.23511766,0.2335467,0.40435016,0.1269855,1.308223,dpn,A9p2
TAGAGTCCACGCGTGT-1,0.29072788,0.18502314,0.23751567,0.2867333,1.3709625,RpL6,A9p1
TAGAGTCCATGATGCT-1,0.0659037,0.29313594,0.44965398,0.19130644,1.2147374,dpn,A10
TAGAGTCGTCACCTTC-1,0.07426127,0.2366316,0.36962092,0.31948623,1.2665594,dpn,A9p1
TAGAGTCGTCTTTATC-1,0.08096142,0.42677218,0.2994928,0.1927736,1.2453573,br,A8
TAGAGTCGTTGGGAAC-1,0.3774601,0.12819822,0.083769836,0.41057187,1.204313,awd,A9p2
TAGAGTCTCACGAACT-1,0.2106759,0.29110095,0.041221205,0.45700198,1.176667,awd,A9p1
TAGAGTCTCTAGATCG-1,0.3063547,0.17269067,0.24906467,0.27188995,1.3660183,RpL6,A8
TAGATCGAGGCACAAC-1,0.105382204,0.58333534,0.26927426,0.042008147,1.0379965,br,A9p1
TAGATCGAGGCTATCT-1,0.0780537,0.20187737,0.55214226,0.1679267,1.1496519,dpn,A9p1
TAGATCGAGGGAGATA-1,0.30974805,0.19139934,0.14113227,0.35772026,1.3235649,awd,A10
TAGATCGCACACCTGG-1,0.3776596,0.026852923,0.21128312,0.38420442,1.1608617,awd,A9p1
TAGATCGGTTCTTGCC-1,0.18949129,0.08870987,0.12918447,0.59261435,1.104532,awd,A9p2
TAGATCGTCCATTGCC-1,0.2626251,0.07516967,0.16160387,0.5006014,1.1866058,awd,A9p1
TAGATCGTCCTGGTCT-1,0.33116645,0.14442872,0.3865217,0.1378832,1.2860581,dpn,A9p2
TAGATCGTCTCTCTTC-1,0.10774275,0.4156951,0.39005974,0.086502455,1.1838961,br,A10
TAGCACAAGAGGACTC-1,0.34488276,0.045414563,0.21155766,0.39814502,1.2028344,awd,A9p2
TAGCACAAGATCACCT-1,0.18979946,0.25205156,0.4115778,0.14657113,1.3095976,dpn,A8
TAGCACAAGATCCTAC-1,0.06761718,0.18904369,0.65298724,0.09035199,0.99256974,dpn,A8
TAGCACAAGTCCCGGT-1,0.05809201,0.29784256,0.59950143,0.04456399,0.97142804,dpn,A8
TAGCACACACGACGCT-1,0.14634283,0.08907478,0.3339424,0.43063995,1.2257202,awd,A10
TAGCACACAGCGGTCT-1,0.09327215,0.3048925,0.5239586,0.07787672,1.1208605,dpn,A8
TAGCACATCAACCCGG-1,0.17347299,0.09017784,0.05329157,0.68305755,0.93745863,awd,A10
TAGCACATCACACCGG-1,0.24661405,0.14505672,0.19729397,0.41103527,1.3109552,awd,A10
TAGGAGGAGCTCGGCT-1,0.41094753,0.20339502,0.20976728,0.17589012,1.3226635,RpL6,A9p2
TAGGAGGAGTACCATC-1,0.31042862,0.5827274,0.029290805,0.07755324,0.9795315,br,A9p2
TAGGAGGAGTGACACG-1,0.52115023,0.13737653,0.25596637,0.08550689,1.1714216,RpL6,A9p2
TAGGAGGCAGAAACCG-1,0.062479693,0.30860418,0.45822993,0.1706862,1.1954318,dpn,A9p1
TAGGAGGCATTCTGTT-1,0.27376574,0.4758511,0.16583137,0.0845518,1.2148888,br,A9p2
TAGGAGGGTTATGACC-1,0.3958134,0.13501509,0.19270606,0.27646545,1.3099456,RpL6,A10
TAGGAGGTCTTGTTAC-1,0.0948243,0.25534534,0.63989973,0.0099306395,0.90344274,dpn,A9p1
TAGGGTTAGTAACAGT-1,0.14296967,0.18604231,0.22955117,0.44143683,1.289762,awd,A10
TAGGGTTAGTACGTCT-1,0.13478388,0.5374849,0.099051386,0.22867984,1.170238,br,A9p2
TAGGGTTAGTCATAGA-1,0.08461768,0.37751442,0.4342417,0.10362617,1.1738685,dpn,A9p2
TAGGGTTCAAAGGAGA-1,0.072240256,0.13343,0.7044188,0.08991092,0.9219871,dpn,A9p2
TAGGGTTGTCGATTCA-1,0.3104319,0.2759802,0.1597344,0.25385353,1.3594687,RpL6,A9p2
TAGGGTTTCACCCTTG-1,0.1216383,0.0367415,0.11145321,0.7301669,0.8518137,awd,A8
TAGGGTTTCCGCAACG-1,0.09990943,0.63290644,0.26046684,0.006717235,0.9036603,br,A9p1
TAGGGTTTCGAGATAA-1,0.24160832,0.06470641,0.05066082,0.6430244,0.95539194,awd,A9p1
TAGGTACAGGAGGGTG-1,0.2953493,0.09212438,0.10499591,0.5075305,1.1607379,awd,A9p1
TAGGTACAGGTATCTC-1,0.03272222,0.40326396,0.52203953,0.04197426,0.9505497,dpn,A9p2
TAGGTACAGTGCTCAT-1,0.104976505,0.47831616,0.3774953,0.03921204,1.0841229,br,A10
TAGGTACCACGACGTC-1,0.6194981,0.17036475,0.11968788,0.09044923,1.0695858,RpL6,A9p2
TAGGTACCACTGGATT-1,0.10579332,0.28992668,0.46666798,0.13761203,1.2251996,dpn,A9p1
TAGGTACCAGCTATTG-1,0.0905657,0.31255862,0.4672856,0.12959015,1.2013235,dpn,A9p1
TAGGTACGTTCAAGGG-1,0.042321805,0.10417553,0.11853047,0.7349722,0.84854305,awd,A10
TAGGTACGTTCCTTGC-1,0.3388282,0.29280642,0.1865336,0.18183188,1.3495191,RpL6,A8
TAGGTACTCGGTAGGA-1,0.22072162,0.28507292,0.28215042,0.212055,1.3771347,br,A9p2
TAGGTTGAGAACTTCC-1,0.051939487,0.53548485,0.14188334,0.27069232,1.1188707,br,A9p1
TAGGTTGAGACTAAGT-1,0.042951696,0.19231284,0.39964214,0.36509335,1.1866661,dpn,A10
TAGGTTGCAATGACCT-1,0.34919992,0.03896785,0.0727713,0.53906095,1.0176408,awd,A10
TAGGTTGCACAGTCGC-1,0.2205183,0.18986379,0.16388558,0.42573237,1.3087759,awd,A10
TAGGTTGCAGCCCAGT-1,0.1305344,0.27763176,0.49574232,0.09609152,1.1945093,dpn,A9p1
TAGGTTGTCATAAGGA-1,0.08907359,0.4648835,0.118937455,0.32710543,1.19026,br,A8
TAGGTTGTCTAACGGT-1,0.14960277,0.27564752,0.2850628,0.28968692,1.3560951,awd,A9p2
TAGTGCAAGCCAGTAG-1,0.18281928,0.48904836,0.24845481,0.07967753,1.2080078,br,A9p1
TAGTGCACAGCATTGT-1,0.14173949,0.24787237,0.32424727,0.2861409,1.3458911,dpn,A8
TAGTGCACATAGAATG-1,0.09981451,0.20332187,0.6394611,0.057402525,1.0038606,dpn,A8
TAGTGCACATAGTCGT-1,0.11955621,0.460945,0.18011478,0.23938394,1.2619145,br,A10
TAGTGCAGTATAGCTC-1,0.22508074,0.1294499,0.30700397,0.3384653,1.3295276,awd,A10
TAGTGCATCCTAACAG-1,0.357184,0.16617589,0.25189433,0.22474585,1.3487552,RpL6,A9p1
TAGTGCATCTCATTGT-1,0.1354068,0.105479024,0.28821355,0.47090065,1.2211823,awd,A9p2
TAGTGCATCTGCGGCA-1,0.55063176,0.11435368,0.21859778,0.11641677,1.1592734,RpL6,A10
TATACCTAGAGCACTG-1,0.18376997,0.08324523,0.059259426,0.67372537,0.95179725,awd,A9p1
TATACCTAGTCGCGAA-1,0.28519487,0.16206631,0.21056253,0.3421763,1.3477311,awd,A9p1
TATACCTCAGCCGTTG-1,0.17536871,0.19349833,0.33143306,0.29969984,1.3502533,dpn,A9p1
TATACCTCATTCATCT-1,0.17507154,0.25105542,0.32677767,0.2470954,1.3629792,dpn,A8
TATACCTGTTACCCAA-1,0.25862908,0.12814456,0.28185254,0.3313738,1.3359802,awd,A9p2
TATACCTGTTTCGTGA-1,0.09436878,0.30351195,0.30934387,0.29277542,1.3072336,dpn,A10
TATACCTTCAGACATC-1,0.0575008,0.059827898,0.21051966,0.6721516,0.9277654,awd,A10
TATACCTTCTAGAACC-1,0.11363709,0.029621512,0.5847508,0.27199063,1.0192653,dpn,A10
TATATCCGTGAGTCAG-1,0.029619979,0.35425398,0.30354586,0.3125802,1.1972576,br,A10
TATATCCTCCTAGAGT-1,0.42266724,0.08162758,0.13750483,0.35820034,1.2090874,RpL6,A9p1
TATCAGGCACCGTGCA-1,0.18597315,0.33877283,0.40996224,0.06529177,1.223265,dpn,A9p2
TATCAGGCAGTTCACA-1,0.18815963,0.34618723,0.20857723,0.2570759,1.3576822,br,A8
TATCAGGCATCTCATT-1,0.03530801,0.18305677,0.72847956,0.05315567,0.8156464,dpn,A8
TATCCTACAGAGTAAT-1,0.056718692,0.2155147,0.08235347,0.6454131,0.9817373,awd,A9p2
TATCCTACATCTTAGG-1,0.37833315,0.18314959,0.22282177,0.21569552,1.3440135,RpL6,A9p2
TATCCTAGTCTGTCAA-1,0.1224445,0.4107182,0.20608126,0.260756,1.2986248,br,A9p2
TATCCTAGTGTTGAGG-1,0.2570359,0.36536726,0.1676793,0.20991744,1.3441793,br,A8
TATCGCCAGAGGCCAT-1,0.4149979,0.12385677,0.17525724,0.28588817,1.2868608,RpL6,A9p2
TATCGCCAGAGTGACC-1,0.3128152,0.24874091,0.21839003,0.22005387,1.3750303,RpL6,A10
TATCGCCAGCTACTAC-1,0.108564734,0.124659956,0.21222608,0.5545493,1.156555,awd,A9p1
TATCGCCAGTTTGAGA-1,0.31262666,0.15461142,0.09899477,0.43376717,1.2433871,awd,A9p1
TATCGCCCAAAGGGCT-1,0.22230633,0.37802827,0.15312348,0.24654195,1.3345741,br,A9p1
TATCGCCCAACCACGC-1,0.14256701,0.39396942,0.3132847,0.1501789,1.2930279,br,A9p2
TATCGCCCACCTATCC-1,0.32097667,0.5461706,0.04711441,0.085738294,1.0496459,br,A10
TATCGCCCACTCCTGT-1,0.024577385,0.4787751,0.3475658,0.1490817,1.0947609,br,A8
TATCGCCCAGAGTTGG-1,0.018584793,0.71078354,0.14110838,0.12952325,0.85777473,br,A10
TATCTGTAGCGCCATC-1,0.16583826,0.5488904,0.25998303,0.025288373,1.070453,br,A9p1
TATCTGTCAAACGAGC-1,0.18475921,0.1092778,0.09216131,0.61380166,1.073248,awd,A9p1
TATCTGTCATCATCTT-1,0.51688373,0.25683114,0.059939686,0.1663455,1.1572981,RpL6,A9p2
TATCTGTCATTCCTAT-1,0.2257048,0.18238947,0.21747613,0.37442955,1.3459412,awd,A9p2
TATCTGTGTAACAGTA-1,0.25739715,0.28010663,0.12299065,0.33950552,1.3302832,awd,A8
TATCTGTGTCCCTAAA-1,0.056672197,0.15079594,0.74604356,0.04648829,0.8091771,dpn,A9p1
TATCTGTGTGAAAGTT-1,0.039736856,0.054029632,0.833314,0.072919495,0.62872356,dpn,A10
TATCTGTTCGCATTAG-1,0.19727015,0.080872074,0.6156907,0.106167056,1.060311,dpn,A9p1
TATCTGTTCTCCTGTG-1,0.06538107,0.12256251,0.69858617,0.11347025,0.93311965,dpn,A9p1
TATCTTGAGAGTCAGC-1,0.07774585,0.38498083,0.3072763,0.22999705,1.2666876,br,A8
TATCTTGAGCTGTTCA-1,0.17676328,0.27419466,0.41445163,0.13459045,1.2960782,dpn,A8
TATCTTGCACCCATAA-1,0.13425969,0.025701862,0.10592311,0.7341153,0.828399,awd,A9p1
TATCTTGCAGCGGTTC-1,0.16055076,0.49624994,0.33801717,0.0051820786,1.035285,br,A9p2
TATCTTGGTCTCAAGT-1,0.26635802,0.03926267,0.013787413,0.68059194,0.8004327,awd,A8
TATCTTGTCAAACGTC-1,0.3391198,0.19948785,0.19502296,0.2663695,1.3594639,RpL6,A8
TATCTTGTCGCCAGTG-1,0.4349173,0.045382224,0.11439526,0.40530524,1.1165196,RpL6,A10
TATCTTGTCTGTCTCG-1,0.09475491,0.1637322,0.62253,0.1189829,1.0679079,dpn,A9p1
TATGTTCAGAAACTCA-1,0.20796864,0.068804786,0.0522342,0.6709924,0.9326626,awd,A10
TATGTTCAGCCGATCC-1,0.13145132,0.48792794,0.29923996,0.08138076,1.1820502,br,A9p2
TATGTTCAGCCGTCGT-1,0.11801585,0.048277337,0.1656386,0.66806823,0.96579576,awd,A9p1
TATGTTCAGCTGGCCT-1,0.15804999,0.22955471,0.274251,0.33814436,1.3508391,awd,A9p1
TATGTTCAGGAAGTAG-1,0.45638543,0.044445075,0.17007603,0.32909343,1.1634268,RpL6,A10
TATGTTCAGGCATGGT-1,0.0800487,0.22705705,0.55758667,0.13530749,1.1351068,dpn,A10
TATGTTCCAAATGGTA-1,0.16948684,0.39033028,0.3436032,0.096579716,1.260848,br,A8
TATGTTCCAAGGTCAG-1,0.19083014,0.10390031,0.12633198,0.5789376,1.1291349,awd,A9p2
TATGTTCCAATAGTGA-1,0.07023173,0.0811476,0.036989763,0.8116309,0.68168795,awd,A10
TATGTTCGTAGAATGT-1,0.0469092,0.10745119,0.75347835,0.09216126,0.8162222,dpn,A9p1
TATGTTCGTATACCTG-1,0.4206795,0.03855224,0.093605205,0.44716305,1.0713866,awd,A9p2
TATGTTCTCGAGCACC-1,0.0570245,0.41873828,0.4751699,0.0490673,1.0293316,dpn,A8
TATGTTCTCGATTCCC-1,0.27568668,0.19592863,0.16189094,0.3664938,1.3372374,awd,A9p2
TATGTTCTCGTGGCTG-1,0.4126162,0.3738154,0.0508822,0.16268623,1.1800618,RpL6,A9p2
TATGTTCTCTGCTAGA-1,0.3037716,0.13967052,0.18772145,0.36883646,1.3187726,awd,A8
TATTCCAAGGAAAGGT-1,0.11608958,0.43859017,0.2153029,0.23001733,1.2801445,br,A9p1
TATTCCACAACTCGTA-1,0.16048208,0.063660935,0.15730193,0.6185551,1.0570261,awd,A9p1
TATTCCACACGCGCTA-1,0.27553758,0.14251995,0.384975,0.19696751,1.320349,dpn,A9p2
TATTCCACATTGACAC-1,0.3878605,0.41289657,0.050808366,0.14843464,1.1671263,br,A10
TATTCCAGTCAAGCGA-1,0.09241188,0.55768704,0.31947914,0.030422045,1.0165418,br,A8
TATTCCAGTTCTCCAC-1,0.4487886,0.10700044,0.30952063,0.1346903,1.231717,RpL6,A9p1
TATTCCATCAAGAGTA-1,0.07148704,0.11291803,0.03840173,0.77719325,0.7559651,awd,A8
TATTCCATCGAGAAAT-1,0.17913665,0.41989335,0.20576502,0.19520496,1.3166349,br,A8
TATTGCTAGCAAATGT-1,0.4169134,0.17397036,0.25331518,0.15580116,1.3064933,RpL6,A10
TATTGCTAGCAAGTCG-1,0.55480695,0.11088002,0.21473223,0.119580775,1.1550128,RpL6,A9p1
TATTGCTCATGTTCAG-1,0.045446474,0.55994135,0.2907683,0.10384395,1.059566,br,A8
TATTGCTGTCGTACAT-1,0.3562743,0.12064243,0.08006401,0.44301927,1.1856806,awd,A9p2
TATTGCTGTTTCTATC-1,0.31671554,0.1199235,0.22728556,0.33607537,1.3216877,awd,A9p2
TATTGGGAGTAAACAC-1,0.19566816,0.72240347,0.013278277,0.068650045,0.7953842,br,A10
TATTGGGAGTCCTGCG-1,0.0513705,0.25830072,0.64595264,0.04437618,0.9226812,dpn,A8
TATTGGGCATCGATAC-1,0.33433315,0.12843433,0.17704692,0.36018562,1.3042188,awd,A10
TATTGGGGTAATGTGA-1,0.11073996,0.45086777,0.3251565,0.11323579,1.2148001,br,A9p2
TATTGGGGTATCGCTA-1,0.10033288,0.40879238,0.46119148,0.029683284,1.0577126,dpn,A9p1
TATTGGGGTGACCTGC-1,0.3504722,0.33250067,0.120034024,0.19699311,1.308084,RpL6,A9p1
TATTGGGGTTTACTGG-1,0.07736121,0.10906898,0.22666042,0.5869094,1.0888482,awd,A9p2
TATTGGGGTTTCCAAG-1,0.9219512,0.05502505,0.0071163755,0.015907409,0.33555645,RpL6,A9p1
TATTGGGTCACCATCC-1,0.080878764,0.29656786,0.6046803,0.017873038,0.93998337,dpn,A8
TATTGGGTCCATTTAC-1,0.21606466,0.107149415,0.24480112,0.43198487,1.2774746,awd,A9p2
TATTGGGTCGCAACAT-1,0.11590208,0.4069729,0.33060664,0.14651832,1.2629701,br,A9p1
TATTGGGTCTAGTTCT-1,0.30938664,0.21306545,0.2544093,0.22313857,1.3753312,RpL6,A10
TATTTCGCAGAAATCA-1,0.05889672,0.50322574,0.075486414,0.3623911,1.0752474,br,A9p2
TATTTCGGTACTAAGA-1,0.39298925,0.12903321,0.15178847,0.3261891,1.2828451,RpL6,A10
TATTTCGGTAGTCTGT-1,0.1397934,0.2855235,0.08615229,0.4885308,1.1941147,awd,A10
TATTTCGGTCGGCCTA-1,0.06511127,0.6460288,0.07756968,0.21129023,0.98688734,br,A10
TATTTCGGTGGTCTGC-1,0.099908605,0.12795322,0.4822657,0.2898725,1.2038732,dpn,A9p1
TATTTCGGTTCAGGTT-1,0.23421565,0.38933182,0.17752618,0.19892636,1.3353416,br,A8
TCAAGACAGTCACGCC-1,0.08715389,0.3058175,0.21532735,0.39170125,1.272765,awd,A9p1
TCAAGACGTCGAACAG-1,0.3603244,0.19434047,0.1510002,0.29433492,1.3316034,RpL6,A9p2
TCAAGACTCTTTCCAA-1,0.3771507,0.09049732,0.2720671,0.26028484,1.2896669,RpL6,A8
TCAAGCAAGGACTAAT-1,0.05987516,0.047057766,0.71818817,0.17487895,0.8550714,dpn,A8
TCAAGCAAGTCATACC-1,0.15874292,0.38530576,0.22255468,0.2333966,1.3336371,br,A9p1
TCAAGCACAGACCTAT-1,0.36854872,0.37858492,0.09031663,0.1625497,1.24808,br,A9p2
TCAAGCAGTTTCCCAC-1,0.092626914,0.1530029,0.6611171,0.09325316,1.0024314,dpn,A8
TCAAGCATCAGGTAAA-1,0.1812727,0.50979745,0.1743333,0.13459651,1.2274936,br,A9p1
TCAAGCATCATCCCGT-1,0.033160497,0.09650781,0.7844521,0.0858796,0.739865,dpn,A9p1
TCAAGCATCGGCAGTC-1,0.09113766,0.31005374,0.32258794,0.27622065,1.3017281,dpn,A8
TCAAGTGAGTGAGTGC-1,0.14281382,0.4585754,0.123302735,0.27530804,1.2486622,br,A10
TCAAGTGCAACCAGAG-1,0.05668815,0.22253798,0.5810394,0.13973449,1.0875708,dpn,A8
TCAAGTGCAATACAGA-1,0.3242017,0.2821161,0.08018564,0.31349662,1.2881644,RpL6,A9p2
TCAAGTGCAGCATACT-1,0.18989062,0.28625557,0.21944787,0.3044059,1.368417,awd,A10
TCAAGTGCATGATCTG-1,0.07573081,0.61615735,0.23620594,0.071905956,1.0239469,br,A8
TCAAGTGGTAGCGAGT-1,0.063886724,0.02892852,0.82569486,0.08148992,0.6406843,dpn,A9p1
TCAAGTGGTGGCCACT-1,0.11765202,0.33568257,0.09937311,0.44729227,1.2075115,awd,A10
TCAAGTGTCCACGTGG-1,0.09141158,0.03631898,0.2928418,0.5794276,1.0149518,awd,A10
TCAAGTGTCGTGCGAC-1,0.4388208,0.07687709,0.10944123,0.3748609,1.1686106,RpL6,A10
TCAAGTGTCGTTAGTG-1,0.12867203,0.10082254,0.56200725,0.20849822,1.1459072,dpn,A9p2
TCAATCTAGATTGGGC-1,0.21609737,0.20733564,0.095001146,0.4815658,1.2327982,awd,A9p2
TCAATCTAGCCGTAAG-1,0.23012546,0.15631486,0.3976293,0.21593036,1.3258721,dpn,A9p1
TCAATCTAGTGCTCGC-1,0.17679808,0.41496938,0.33184612,0.076386444,1.2338492,br,A8
TCAATCTCAACACGAG-1,0.5225464,0.2675406,0.057079233,0.15283376,1.1424217,RpL6,A10
TCAATCTCAATACAGA-1,0.016708747,0.115043625,0.8048196,0.063428104,0.6668259,dpn,A8
TCAATCTCAGCTACAT-1,0.2541997,0.054274175,0.41620758,0.27531853,1.2262486,dpn,A10
TCAATCTGTTCGGTTA-1,0.3775364,0.19933167,0.18728936,0.23584257,1.3436574,RpL6,A10
TCAATCTTCACTTGGA-1,0.14693409,0.20620362,0.44847324,0.19838905,1.2878919,dpn,A10
TCAATCTTCGCCAGAC-1,0.3304496,0.22733593,0.2717355,0.17047901,1.3583189,RpL6,A10
TCAATTCAGAAAGTCT-1,0.069974385,0.12984677,0.64389956,0.15627925,1.0246992,dpn,A9p1
TCAATTCAGAGAAGGT-1,0.032808118,0.07075319,0.0706185,0.8258202,0.6447176,awd,A9p2
TCAATTCAGAGTATAC-1,0.31223044,0.04814715,0.114096545,0.52552587,1.0952652,awd,A8
TCAATTCAGCCGATAG-1,0.08131916,0.12596518,0.15794395,0.6347717,1.0450138,awd,A9p1
TCAATTCAGCTGAGTG-1,0.31320313,0.10638811,0.07241064,0.5079981,1.1361411,awd,A10
TCAATTCAGTATCCTG-1,0.15515922,0.077891886,0.20255683,0.56439203,1.1341878,awd,A9p1
TCAATTCAGTCCCTAA-1,0.92598796,0.04546852,0.009863518,0.018680014,0.33164492,RpL6,A9p2
TCAATTCAGTGATAGT-1,0.28362402,0.4429065,0.1128229,0.16064663,1.2580202,br,A9p1
TCAATTCCAATCTGCA-1,0.3597695,0.07847544,0.28935552,0.27239951,1.2805882,RpL6,A10
TCAATTCCACCTTCGT-1,0.8625743,0.08382556,0.012917819,0.040682297,0.5217675,RpL6,A10
TCAATTCCACGAGAAC-1,0.11796974,0.29799137,0.48952404,0.09451488,1.1855533,dpn,A10
TCAATTCGTCACCGAC-1,0.08830473,0.19008791,0.5911742,0.13043322,1.1063353,dpn,A9p1
TCAATTCGTCTGTCCT-1,0.32211015,0.0370324,0.09362128,0.5472362,1.0386204,awd,A9p2
TCAATTCGTTCTCGCT-1,0.40319845,0.41468757,0.058026757,0.12408724,1.1553912,br,A9p1
TCACAAGCAATACAGA-1,0.366303,0.12672499,0.25466508,0.252307,1.325443,RpL6,A9p2
TCACAAGCATCGAACT-1,0.17374627,0.062613375,0.41152135,0.35211897,1.2104957,dpn,A8
TCACAAGCATGCGTGC-1,0.16763343,0.046207495,0.114528105,0.671631,0.95697457,awd,A9p1
TCACAAGGTACGGTTT-1,0.061844297,0.3189213,0.3128796,0.30635485,1.2625554,br,A9p1
TCACAAGTCGCAAGAG-1,0.26087844,0.3110439,0.13297917,0.2950985,1.342232,br,A9p1
TCACAAGTCGCAATGT-1,0.09334807,0.610673,0.14108984,0.154889,1.0877272,br,A9p1
TCACACCCAATACGAA-1,0.47826,0.22504379,0.18475103,0.11194518,1.245538,RpL6,A10
TCACACCCACCGTACG-1,0.085649334,0.30846092,0.56125057,0.044639207,1.0362433,dpn,A9p1
TCACACCCACTGGCGT-1,0.33046323,0.11704242,0.26271993,0.28977442,1.3270891,RpL6,A9p2
TCACACCGTAATACCC-1,0.072240286,0.6136515,0.25368217,0.06042593,1.0070378,br,A8
TCACACCGTCCACAGC-1,0.23931774,0.113667965,0.2321032,0.41491112,1.2933809,awd,A9p1
TCACACCGTCCATACA-1,0.38442734,0.104082234,0.07668243,0.43480808,1.1620635,awd,A8
TCACACCGTGATCGTT-1,0.3913332,0.08266825,0.31345448,0.2125441,1.2660184,RpL6,A10
TCACACCGTGCCCGTA-1,0.054011952,0.12359227,0.70621866,0.116177134,0.911771,dpn,A9p1
TCACACCTCCACTGAA-1,0.240138,0.24344073,0.2119893,0.30443192,1.3774251,awd,A9p2
TCACATTAGAGTGTTA-1,0.23536855,0.29594243,0.23783778,0.2308513,1.3808198,br,A9p1
TCACATTAGGCACGAT-1,0.23320994,0.39968738,0.32095924,0.04614344,1.2127416,br,A10
TCACATTAGGTATAGT-1,0.112727515,0.010499255,0.46223608,0.41453716,1.0156354,dpn,A9p1
TCACATTGTACAGCGA-1,0.14050533,0.41280186,0.3939623,0.05273055,1.1631237,br,A9p1
TCACATTGTACGACTT-1,0.022352073,0.28422588,0.5975339,0.09588811,0.9750221,dpn,A9p1
TCACATTGTCACTTCC-1,0.38433778,0.06910652,0.45988676,0.086668916,1.1213678,dpn,A9p2
TCACATTGTGACATCT-1,0.48329774,0.08246873,0.097247995,0.33698556,1.1503837,RpL6,A9p1
TCACATTGTGAGGATC-1,0.42911673,0.13832171,0.025993865,0.40656775,1.0974561,RpL6,A10
TCACATTGTTCTCTCG-1,0.19177777,0.25831163,0.5208531,0.029057566,1.1089182,dpn,A8
TCACATTTCGGCATAT-1,0.30859655,0.17350033,0.45750672,0.060396433,1.1939981,dpn,A9p1
TCACGCTAGTCGCGAA-1,0.020495513,0.090914644,0.18641214,0.7021777,0.85907793,awd,A9p1
TCACGCTCACAATTCG-1,0.49427027,0.3731358,0.01768471,0.11490919,1.0361187,RpL6,A10
TCACGCTCATTGTCGA-1,0.02856286,0.37896,0.48434672,0.10813038,1.06093,dpn,A9p1
TCACGCTGTAGTACGG-1,0.10638715,0.36028013,0.39564148,0.13769121,1.2460424,dpn,A10
TCACGCTGTGACTAAA-1,0.59791756,0.053420316,0.19372532,0.15493686,1.0708894,RpL6,A9p2
TCACGCTGTGAGGATC-1,0.06904554,0.4251792,0.49687916,0.008896116,0.93772036,dpn,A9p2
TCACGCTTCACGTAGT-1,0.055482775,0.48536435,0.4130272,0.046125647,1.018403,br,A9p2
TCACGCTTCCTTTGAT-1,0.037575655,0.08226481,0.22454225,0.65561724,0.94096684,awd,A9p2
TCACGGGAGAGGGTAA-1,0.14553042,0.39445046,0.25347003,0.20654911,1.3210961,br,A10
TCACGGGAGCCTATTG-1,0.24186175,0.05119442,0.20425928,0.50268453,1.165633,awd,A8
TCACGGGGTAGTCTTG-1,0.32606056,0.47256944,0.057353765,0.14401627,1.1626568,br,A9p2
TCACGGGTCTTCGCTG-1,0.032215595,0.22573844,0.7205229,0.021523077,0.7654453,dpn,A8
TCACTATAGGCGCTCT-1,0.08659549,0.049848255,0.18744966,0.6761066,0.9398079,awd,A10
TCACTATAGGTTAAAC-1,0.50936127,0.10880808,0.10868344,0.27314717,1.1806469,RpL6,A8
TCACTATCAATGTCAC-1,0.07200654,0.11859129,0.79139894,0.018003214,0.6997671,dpn,A8
TCACTATCATGAGGGT-1,0.04936616,0.60303915,0.196705,0.15088971,1.0587344,br,A9p1
TCACTCGAGATACCAA-1,0.36847094,0.07578981,0.19128661,0.36445263,1.247649,RpL6,A9p2
TCACTCGAGTACCATC-1,0.036617164,0.41575927,0.44195905,0.1056645,1.0843483,dpn,A9p1
TCACTCGAGTCCTACA-1,0.09240541,0.16212107,0.461473,0.28400046,1.2294006,dpn,A9p1
TCACTCGCAACCGGAA-1,0.26610664,0.31475863,0.12641913,0.29271567,1.3372033,br,A9p1
TCACTCGCAAGTATAG-1,0.11905303,0.34994173,0.4136181,0.11738716,1.2374249,dpn,A9p1
TCACTCGGTAGCCCTG-1,0.1412742,0.1972878,0.53962374,0.12181426,1.1860324,dpn,A8
TCACTCGGTATAGCTC-1,0.11062116,0.060625892,0.6385169,0.19023614,1.0156229,dpn,A9p1
TCACTCGGTTAAACCC-1,0.08037725,0.46424556,0.28696436,0.16841285,1.2171135,br,A9p1
TCACTCGTCCGTATAG-1,0.11320308,0.59323114,0.21405655,0.079509206,1.0876687,br,A9p1
TCAGCAAAGATAGCTA-1,0.21192245,0.13752389,0.41215748,0.23839618,1.3087798,dpn,A9p2
TCAGCAACAGCTATTG-1,0.26154828,0.20984022,0.36544582,0.16316569,1.3421073,dpn,A10
TCAGCAACATGGCCCA-1,0.023092933,0.119210474,0.8262645,0.031432178,0.6070016,dpn,A8
TCAGCAAGTGACTCTA-1,0.2540218,0.13195895,0.07673225,0.53728706,1.1461266,awd,A10
TCAGCAATCCCTCATG-1,0.19211005,0.2480164,0.2071861,0.3526875,1.3564217,awd,A9p1
TCAGCAATCCGCATAA-1,0.13326594,0.21202333,0.3032214,0.35148925,1.3267865,awd,A8
TCAGCAATCCTGATAG-1,0.104795754,0.14473946,0.50651175,0.243953,1.2048447,dpn,A9p1
TCAGCAATCCTGTAGA-1,0.81721586,0.13858889,0.008441003,0.035754323,0.5982456,RpL6,A9p2
TCAGCCTCAGAGCTAG-1,0.513352,0.28045928,0.039564617,0.16662408,1.1252346,RpL6,A10
TCAGCCTGTCACGTGC-1,0.17946187,0.24202624,0.20465475,0.37385714,1.3441448,awd,A9p2
TCAGCCTTCACTCTTA-1,0.18172133,0.104355715,0.24300708,0.47091594,1.2441335,awd,A10
TCAGCCTTCCGCGATG-1,0.20182405,0.031699724,0.26368964,0.5027866,1.1296053,awd,A10
TCAGCCTTCCTGTAAG-1,0.13517328,0.11903365,0.44454578,0.30124724,1.2456915,dpn,A9p1
TCAGCCTTCTGTGCAA-1,0.23918164,0.31842667,0.16326325,0.2791285,1.3586407,br,A10
TCAGCCTTCTTAGCAG-1,0.11131301,0.07618361,0.5934453,0.21905807,1.0828083,dpn,A9p2
TCAGGGCAGGCACGAT-1,0.40236247,0.08986581,0.2525075,0.25526422,1.2789195,RpL6,A9p2
TCAGGGCCAGACCCGT-1,0.31140625,0.11265332,0.34022734,0.23571306,1.3167276,dpn,A9p2
TCAGGGCGTCCCTGAG-1,0.030640215,0.19527888,0.63398993,0.14009096,0.9900158,dpn,A8
TCAGGGCGTCCGACGT-1,0.29805744,0.20091178,0.28770775,0.21332306,1.3712326,RpL6,A9p2
TCAGGGCTCAGCGGAA-1,0.02595099,0.41738874,0.36974293,0.18691736,1.1408011,br,A9p1
TCAGGTAAGTCCCAGC-1,0.43390012,0.18426557,0.093359,0.28847533,1.2539428,RpL6,A9p1
TCAGGTACATACATCG-1,0.1435745,0.26523334,0.5750094,0.016182767,1.0155941,dpn,A9p2
TCAGGTAGTCCCGGTA-1,0.46090332,0.17759308,0.117625885,0.24387766,1.2598089,RpL6,A9p1
TCAGGTAGTGAGACCA-1,0.16247621,0.37698656,0.17195667,0.28858057,1.3243976,br,A10
TCAGTCCAGATGACAT-1,0.3109516,0.2627462,0.1792425,0.24705967,1.3679471,RpL6,A9p1
TCAGTCCAGGACAGTC-1,0.17245264,0.2319899,0.048010375,0.547547,1.117627,awd,A9p2
TCAGTCCCAAGTACCT-1,0.45510623,0.13140044,0.17739174,0.23610163,1.2725401,RpL6,A9p1
TCAGTCCCATGAGTAA-1,0.4655928,0.24259411,0.12851384,0.1632993,1.259122,RpL6,A10
TCAGTCCGTGTAAACA-1,0.088385716,0.3457821,0.5560303,0.009801953,0.9533177,dpn,A8
TCAGTCCGTTAAACCC-1,0.12542999,0.42015818,0.16771883,0.28669307,1.2823572,br,A9p1
TCAGTCCGTTTCGACA-1,0.029535241,0.13420111,0.7702623,0.06600123,0.75401354,dpn,A10
TCAGTCCTCCACGGAC-1,0.5976521,0.13504569,0.13957432,0.12772784,1.1157091,RpL6,A10
TCAGTCCTCCTGGTCT-1,0.37430987,0.40493947,0.05916199,0.16158868,1.195703,br,A8
TCAGTCCTCGCACTCT-1,0.052121915,0.26219282,0.5310796,0.15460576,1.129688,dpn,A8
TCAGTCCTCGCCTATC-1,0.24145047,0.21827333,0.27048722,0.269789,1.3824615,dpn,A10
TCAGTCCTCTAGTGTG-1,0.055107787,0.3576891,0.5403255,0.046877526,1.0035357,dpn,A8
TCAGTGAGTAATCAGA-1,0.07567568,0.16499275,0.41633412,0.34299746,1.2244725,dpn,A9p2
TCAGTGAGTACGATTC-1,0.1760765,0.36553323,0.25471053,0.20367968,1.3461337,br,A9p2
TCAGTTTAGAGATCGC-1,0.87073696,0.091452055,0.007990817,0.029820126,0.48260793,RpL6,A9p2
TCAGTTTAGAGTTGTA-1,0.4093929,0.074745275,0.09699216,0.41886967,1.1502784,awd,A9p1
TCAGTTTCAATCTAGC-1,0.18159893,0.07002459,0.04689651,0.70148,0.88820195,awd,A10
TCAGTTTCACAGCCAC-1,0.20997038,0.31290057,0.08339274,0.3937363,1.2654243,awd,A8
TCAGTTTCACTTTATC-1,0.20276871,0.020511711,0.71014047,0.06657906,0.8267427,dpn,A9p1
TCAGTTTCAGTCACGC-1,0.503452,0.1622707,0.19726832,0.13700898,1.233128,RpL6,A9p2
TCAGTTTCATGATCTG-1,0.20519873,0.2625834,0.48210323,0.050114643,1.1778682,dpn,A9p2
TCAGTTTGTAAGTTGA-1,0.2037752,0.17464316,0.15679438,0.4647872,1.2755275,awd,A10
TCAGTTTGTCGCACAC-1,0.4100154,0.1495585,0.14799948,0.29242662,1.2920355,RpL6,A9p2
TCAGTTTGTTACTCAG-1,0.20943508,0.09563358,0.3663814,0.32854995,1.2854669,dpn,A10
TCAGTTTGTTTACTTC-1,0.06481377,0.09551266,0.82818764,0.011485957,0.60908675,dpn,A9p1
TCATACTAGACCAGCA-1,0.08778572,0.5182446,0.28484493,0.10912471,1.1536676,br,A8
TCATACTAGACTCCGC-1,0.49080378,0.017719775,0.033759348,0.4577171,0.8928768,RpL6,A9p1
TCATACTAGGTTCAGG-1,0.09301075,0.24737558,0.32405135,0.33556235,1.298025,awd,A9p2
TCATACTAGGTTGACG-1,0.117103875,0.5800483,0.23112437,0.071723394,1.0946093,br,A8
TCATACTAGTAAGACT-1,0.18330275,0.4449933,0.23632692,0.13537703,1.282927,br,A8
TCATACTCAACGCATT-1,0.39084882,0.38590303,0.0808019,0.14244625,1.2154975,RpL6,A9p2
TCATACTCACTGTCGG-1,0.065564364,0.0752546,0.6631371,0.19604395,0.9651556,dpn,A9p1
TCATACTGTTTGGCTA-1,0.084057316,0.50481826,0.1376576,0.2734668,1.1807628,br,A10
TCATACTTCAGCGTCG-1,0.42046857,0.13242203,0.15909646,0.28801298,1.2829759,RpL6,A10
TCATATCAGACCTTTG-1,0.06887233,0.103674635,0.68768084,0.1397722,0.9517704,dpn,A8
TCATATCAGCCTCTCT-1,0.15378433,0.4641807,0.20380895,0.17822601,1.2757254,br,A9p2
TCATATCAGCTGAAGC-1,0.06085385,0.5076134,0.30709895,0.124433756,1.1364008,br,A10
TCATATCAGTACTCGT-1,0.28954235,0.106742434,0.22644636,0.3772689,1.3017825,awd,A9p2
TCATATCAGTTCCGTA-1,0.11277269,0.27173316,0.5745608,0.04093329,1.0493712,dpn,A9p1
TCATATCCAGGTGGAT-1,0.44450757,0.116669066,0.12714079,0.31168264,1.236628,RpL6,A9p2
TCATATCGTCGCATTA-1,0.123013414,0.37130985,0.45287186,0.052804857,1.1396811,dpn,A8
TCATATCGTCTTTATC-1,0.05273688,0.27636212,0.60810816,0.0627929,0.98686856,dpn,A8
TCATATCGTGTACGCC-1,0.01240635,0.016540684,0.8478711,0.12318183,0.5201826,dpn,A10
TCATATCTCATTTCGT-1,0.2858789,0.36618552,0.2109609,0.13697472,1.3264221,br,A9p1
TCATATCTCGCCGTGA-1,0.17980604,0.16985579,0.15906549,0.4912727,1.2512534,awd,A10
TCATCATAGCGCAATG-1,0.271761,0.13579798,0.19227083,0.4001702,1.3087193,awd,A10
TCATCATAGTCTACCA-1,0.5866359,0.09963055,0.14365911,0.1700745,1.1226931,RpL6,A9p1
TCATCATCAGAGTTGG-1,0.26007268,0.1861117,0.194282,0.35953364,1.3492985,awd,A8
TCATCATTCCATTTAC-1,0.39508128,0.13588057,0.2673845,0.2016536,1.3136991,RpL6,A9p2
TCATCATTCGTTCCCA-1,0.19207385,0.2925935,0.27208576,0.24324696,1.3745168,br,A9p1
TCATCCGCACTGTTCC-1,0.110664636,0.47599095,0.359908,0.05343638,1.1212773,br,A9p1
TCATCCGGTGGGTATG-1,0.32434833,0.23308522,0.16986182,0.27270454,1.3601189,RpL6,A9p2
TCATCCGGTTCCTAGA-1,0.38844866,0.41180438,0.12074157,0.0790053,1.188465,br,A9p1
TCATCCGTCCGAGCTG-1,0.2970559,0.33716455,0.06791818,0.29786137,1.2705475,br,A9p1
TCATCCGTCTTTACAC-1,0.24594304,0.009841008,0.29986534,0.44435054,1.1120461,awd,A10
TCATGAGAGTAAGCAT-1,0.3451019,0.13325568,0.16759673,0.35404572,1.3027107,awd,A9p2
TCATGAGGTCTCCCTA-1,0.06946886,0.30367094,0.53903544,0.08782467,1.0939189,dpn,A9p1
TCATGAGTCATTCCTA-1,0.17570683,0.35283583,0.12612776,0.3453296,1.3014271,br,A9p1
TCATGAGTCCGCGAGT-1,0.882391,0.07112491,0.015130555,0.03135356,0.47038272,RpL6,A10
TCATGAGTCCGCGATG-1,0.43876162,0.24539816,0.26348442,0.052355796,1.2120634,RpL6,A9p1
TCATGAGTCCTGCTAC-1,0.21674687,0.08389739,0.22448435,0.4748714,1.228333,awd,A9p2
TCATGAGTCTTTCCAA-1,0.058575433,0.35170126,0.5717131,0.01801023,0.92572147,dpn,A9p1
TCATGCCAGGAAACGA-1,0.33819735,0.15873748,0.1743009,0.32876432,1.3290262,RpL6,A10
TCATGCCAGGCACGAT-1,0.8691609,0.03385018,0.03867938,0.058309514,0.52800786,RpL6,A9p2
TCATGCCAGGGTGGGA-1,0.11156904,0.23260082,0.63316983,0.022660365,0.95910275,dpn,A9p1
TCATGCCCAGATTTCG-1,0.1660866,0.22124799,0.20924953,0.4034159,1.3254422,awd,A10
TCATGCCCAGGATCTT-1,0.2864592,0.29247344,0.18025418,0.24081317,1.3693801,br,A9p1
TCATGCCGTGTCCACG-1,0.9404879,0.044439625,0.0026751936,0.012397224,0.2663477,RpL6,A10
TCATGCCTCCCTTCCC-1,0.14080617,0.12752415,0.5733114,0.15835825,1.1494477,dpn,A10
TCATGCCTCCTCGATC-1,0.098055415,0.05705026,0.052096087,0.7927982,0.7290919,awd,A9p1
TCATGCCTCTAGTCAG-1,0.076850116,0.2869189,0.50622666,0.13000435,1.1652813,dpn,A8
TCATGCCTCTGACCCT-1,0.18893243,0.43381372,0.34367228,0.03358154,1.1581591,br,A8
TCATGGAAGCAGCAGT-1,0.1330509,0.2527657,0.027983027,0.5862004,1.0291512,awd,A10
TCATGGAAGGAAGTAG-1,0.29334304,0.14308786,0.12050056,0.44306853,1.2536275,awd,A10
TCATGGACAGCGGATA-1,0.62052536,0.11530376,0.06852942,0.1956415,1.0480614,RpL6,A10
TCATGGACAGGCAATG-1,0.018826805,0.31328124,0.62248874,0.04540317,0.87387276,dpn,A8
TCATGGACAGTAGTGG-1,0.30496076,0.15458444,0.17658433,0.36387047,1.3248215,awd,A9p1
TCATGGATCTCATAGG-1,0.09669208,0.27460966,0.3528201,0.27587813,1.3036429,dpn,A9p1
TCATGGATCTGATGGT-1,0.086639956,0.039644003,0.5572474,0.31646863,1.0298395,dpn,A8
TCATGTTAGTGCAGGT-1,0.20998092,0.12673186,0.1562523,0.50703496,1.2239271,awd,A8
TCATGTTCAATCGTCA-1,0.91200405,0.0510597,0.009891924,0.027044391,0.3791951,RpL6,A8
TCATGTTCACCCTGAG-1,0.14503779,0.38550636,0.1429214,0.32653445,1.2910088,br,A8
TCATGTTCACGTACTA-1,0.046976916,0.579746,0.15151839,0.2217587,1.0796452,br,A10
TCATGTTCAGATCATC-1,0.2506869,0.16776998,0.44063815,0.14090493,1.2835784,dpn,A9p1
TCATGTTGTAATCAGA-1,0.39114514,0.12469896,0.21606553,0.2680903,1.310736,RpL6,A9p2
TCATGTTGTACAGAGC-1,0.1400511,0.10302093,0.031728342,0.72519964,0.8519463,awd,A9p1
TCATGTTGTCAGGTGA-1,0.0844717,0.62178767,0.22175044,0.07199025,1.0276283,br,A8
TCATGTTGTCGTGATT-1,0.46978366,0.17324477,0.15606423,0.20090733,1.2709461,RpL6,A9p2
TCATGTTTCATGGGAG-1,0.15219499,0.20939127,0.11054537,0.52786845,1.1946317,awd,A9p1
TCATGTTTCGTACCTC-1,0.18081106,0.31754166,0.3043794,0.19726798,1.3557655,br,A9p2
TCATTACCAAAGGATT-1,0.094542325,0.061469648,0.75363034,0.09035769,0.82483447,dpn,A9p2
TCATTACGTAGAAACT-1,0.54159987,0.18561508,0.15364677,0.1191383,1.1859735,RpL6,A9p2
TCATTACGTATGACAA-1,0.10948904,0.2626715,0.49441597,0.13342348,1.2103357,dpn,A8
TCATTACTCAGCTAGT-1,0.006951605,0.05419674,0.9144626,0.024389114,0.3648738,dpn,A9p1
TCATTCAAGATGACAT-1,0.16177699,0.27189174,0.29082358,0.27550778,1.3631275,dpn,A9p1
TCATTCAAGCATCTTG-1,0.40831128,0.13956422,0.18011826,0.2720063,1.3034503,RpL6,A9p2
TCATTCAAGCTCCCTT-1,0.2751494,0.049838107,0.2107805,0.464232,1.1889377,awd,A10
TCATTCAAGTATTCCG-1,0.3015309,0.10459587,0.15216082,0.44171238,1.2450538,awd,A9p2
TCATTCACACAAGTGG-1,0.26030412,0.073233955,0.14614661,0.52031535,1.1627787,awd,A9p2
TCATTCAGTATCGAAA-1,0.3041758,0.2663401,0.09102666,0.3384575,1.2992027,awd,A9p2
TCATTCAGTCCGGATC-1,0.21077034,0.3775395,0.1797518,0.23193838,1.3433341,br,A8
TCATTCAGTTGGGATG-1,0.0382008,0.6668022,0.1835655,0.11143144,0.9506476,br,A9p1
TCATTCATCAAGCTTG-1,0.13356884,0.50608665,0.27621743,0.08412714,1.1771842,br,A8
TCATTGTAGGGTTAGC-1,0.13529445,0.30620056,0.19710118,0.36140385,1.3209447,awd,A9p1
TCATTGTGTATCGATC-1,0.052597854,0.28685457,0.5302016,0.13034596,1.115123,dpn,A10
TCATTGTGTGAGTTGG-1,0.06738287,0.13447224,0.25685325,0.5412916,1.1329321,awd,A9p1
TCATTGTGTTCAAAGA-1,0.395513,0.015894566,0.11933183,0.4692606,1.0414208,awd,A8
TCATTGTTCAAGTCTG-1,0.07909368,0.3089669,0.6038688,0.008070565,0.90704525,dpn,A9p2
TCATTGTTCAGCCTCT-1,0.58033353,0.03135163,0.1581947,0.23012015,1.0541261,RpL6,A9p2
TCATTGTTCCCAAGTA-1,0.06570871,0.20160483,0.6563255,0.07636088,0.9745523,dpn,A10
TCATTGTTCCGATGCG-1,0.21879365,0.21618205,0.10576715,0.45925716,1.2585726,awd,A9p1
TCATTTGAGCCACCGT-1,0.25550163,0.271637,0.20091727,0.27194408,1.3792192,awd,A9p1
TCATTTGAGGCCGCTT-1,0.6047347,0.06175233,0.06418768,0.26932532,1.0056839,RpL6,A10
TCATTTGCAGTTGAAA-1,0.090202875,0.24398458,0.37096015,0.29485235,1.2891414,dpn,A8
TCATTTGCATCCGGTG-1,0.5113621,0.09400498,0.16570267,0.22893026,1.2006061,RpL6,A9p2
TCATTTGGTGAGACGT-1,0.3751378,0.15553902,0.11908681,0.35023642,1.278099,RpL6,A9p1
TCCACCAAGAAATGGG-1,0.07135703,0.1682365,0.7243116,0.036094863,0.84175664,dpn,A8
TCCACCACAGAAACCG-1,0.44769558,0.37394476,0.044083674,0.13427603,1.1348382,RpL6,A10
TCCACCAGTCCGCAGT-1,0.48138514,0.1148669,0.13632876,0.26741922,1.2248743,RpL6,A10
TCCACCATCGTCCTTG-1,0.2042613,0.49639443,0.18594751,0.113396734,1.2317734,br,A9p2
TCCACCATCTATGCCC-1,0.20612095,0.11415783,0.0408077,0.6389136,0.99003094,awd,A9p1
TCCACGTAGGTTATAG-1,0.12384383,0.04467429,0.039894562,0.7915873,0.7110673,awd,A10
TCCACGTCATCGATAC-1,0.19516736,0.31461695,0.2702508,0.21996495,1.3693938,br,A9p1
TCCACGTCATGACCCG-1,0.048138715,0.2512104,0.6697741,0.030876717,0.8689121,dpn,A9p1
TCCAGAAAGACGGATC-1,0.53873426,0.14210606,0.0723746,0.24678507,1.145859,RpL6,A9p1
TCCAGAACAAATGCTC-1,0.40905902,0.10164576,0.21737915,0.27191606,1.2838959,RpL6,A9p1
TCCAGAACATCACAGT-1,0.3485486,0.27506036,0.24250257,0.13388851,1.3351805,RpL6,A9p2
TCCAGAACATTCATCT-1,0.25637668,0.10211413,0.1767961,0.46471313,1.2444172,awd,A10
TCCAGAAGTATCTCGA-1,0.034055907,0.6975514,0.16105331,0.107339315,0.8999861,br,A10
TCCAGAAGTCAACATC-1,0.102582194,0.4914811,0.32988855,0.07604812,1.1444798,br,A9p1
TCCAGAAGTGCGGATA-1,0.25587267,0.15526281,0.11909239,0.4697722,1.2462996,awd,A9p1
TCCATCGAGCTCCCTT-1,0.31675634,0.12268242,0.19936036,0.3612009,1.3108723,awd,A9p1
TCCATCGAGGGATGTC-1,0.19138362,0.4171004,0.10309475,0.28842124,1.2740185,br,A9p2
TCCATCGAGTGCCCGT-1,0.035732467,0.40567636,0.43158534,0.12700585,1.109787,dpn,A10
TCCATCGCAATACAGA-1,0.028413309,0.42662004,0.5219187,0.023047907,0.89086705,dpn,A9p1
TCCATCGCACAGAGAC-1,0.41135082,0.17796421,0.054959018,0.35572597,1.1997254,RpL6,A10
TCCATCGCACGCTTAA-1,0.08055061,0.046308395,0.13933435,0.73380667,0.84690726,awd,A10
TCCATCGCAGCGCGTT-1,0.095335476,0.36194515,0.29071748,0.25200188,1.2983956,br,A8
TCCATCGTCCCAATAG-1,0.12436395,0.60159934,0.2189513,0.055085428,1.0572047,br,A10
TCCATCGTCGGCTGTG-1,0.42122424,0.07707272,0.16414401,0.33755907,1.2249283,RpL6,A9p1
TCCATGCAGGTTCTAC-1,0.050010692,0.1662179,0.23975357,0.5440179,1.1216645,awd,A9p1
TCCATGCCACGGGTAA-1,0.3883709,0.40881824,0.052053764,0.15075704,1.1720896,br,A9p2
TCCATGCCAGGACGAT-1,0.12612753,0.458895,0.36768055,0.047296878,1.130788,br,A8
TCCATGCTCAGCCTCT-1,0.018933875,0.012202273,0.8648134,0.10405051,0.4899323,dpn,A9p1
TCCATGCTCTAGTCAG-1,0.033128,0.10270914,0.114961706,0.7492011,0.8116409,awd,A10
TCCATGCTCTCAGAAC-1,0.32872835,0.09984645,0.0988896,0.47253558,1.178815,awd,A9p1
TCCCACAAGACCGTTT-1,0.343429,0.116173185,0.25990352,0.28049433,1.3239018,RpL6,A8
TCCCACAAGTATCCTG-1,0.5298296,0.05726959,0.15814061,0.25476012,1.1403594,RpL6,A10
TCCCACAGTCTTTCTA-1,0.4176151,0.037009683,0.1177868,0.42758846,1.101873,awd,A10
TCCCACAGTTATAGCC-1,0.061220396,0.19302075,0.2729241,0.47283477,1.1970828,awd,A9p1
TCCCACATCATGAGGG-1,0.3550264,0.28148797,0.11122648,0.25225917,1.3161951,RpL6,A10
TCCCAGTCAAACACCT-1,0.1149839,0.32660225,0.33597982,0.22243406,1.3149786,dpn,A8
TCCCAGTGTCATAAAG-1,0.93444574,0.05755219,0.0015780462,0.006424049,0.27027977,RpL6,A10
TCCCAGTGTTTGGAGG-1,0.18342313,0.123689264,0.13673984,0.5561478,1.1679581,awd,A10
TCCCAGTTCTCTAAGG-1,0.38964835,0.12830473,0.19678453,0.28526238,1.3084215,RpL6,A9p1
TCCCATGAGAAATTGC-1,0.32410255,0.039877117,0.06513366,0.5708867,0.9915663,awd,A9p2
TCCCATGAGTATGATG-1,0.034213588,0.38380486,0.5120645,0.06991708,1.0117527,dpn,A9p2
TCCCATGTCAGTAGGG-1,0.09243638,0.1711027,0.084936775,0.6515242,1.0107738,awd,A9p1
TCCGAAAAGCAACAAT-1,0.042991273,0.38220322,0.34563607,0.22916937,1.2077141,br,A9p1
TCCGAAAAGCTGTACT-1,0.018198336,0.1945449,0.7385519,0.048704788,0.7624114,dpn,A10
TCCGAAAGTCCACTCT-1,0.25134227,0.2928388,0.2425474,0.21327153,1.3798609,br,A9p1
TCCGAAATCGCATTGA-1,0.052729562,0.020626852,0.7320305,0.19461302,0.7820929,dpn,A10
TCCGAAATCGGCTGGT-1,0.39668304,0.05478879,0.11525868,0.4332695,1.1373113,awd,A9p2
TCCGAAATCTACGCAA-1,0.40934736,0.15036573,0.22488973,0.21539713,1.3167824,RpL6,A10
TCCGAAATCTTAGCTT-1,0.20802738,0.14468257,0.3359266,0.3113635,1.33607,dpn,A10
TCCGATCAGAGTCGAC-1,0.16648069,0.14686233,0.27586675,0.41079023,1.3009396,awd,A9p1
TCCGATCAGATGCCGA-1,0.45192543,0.36107275,0.04580561,0.14119618,1.1443934,RpL6,A9p1
TCCGATCAGGGTACAC-1,0.090491794,0.12740754,0.70415163,0.077948965,0.9258039,dpn,A9p1
TCCGATCGTAATGATG-1,0.0589797,0.36788025,0.44683537,0.12630475,1.1561118,dpn,A9p1
TCCGATCGTGGCGTAA-1,0.41691592,0.124602586,0.12770489,0.33077663,1.2530111,RpL6,A9p2
TCCGATCGTTGGTGTT-1,0.30503562,0.19257453,0.19328023,0.3091096,1.3599907,awd,A9p2
TCCGATCTCCTGGCTT-1,0.13417035,0.26537573,0.22613811,0.37431586,1.3255528,awd,A9p1
TCCGATCTCGAATGCT-1,0.09190968,0.625051,0.20327052,0.07976878,1.0386684,br,A9p2
TCCGATCTCGTCCTTG-1,0.18926087,0.08797897,0.11947685,0.60328335,1.0876205,awd,A10
TCCGATCTCTGCATGA-1,0.16867001,0.18688138,0.16407141,0.48037723,1.2624096,awd,A9p1
TCCGATCTCTTTCCGG-1,0.52734417,0.056027032,0.20678443,0.20984438,1.1524712,RpL6,A9p1
TCCGGGAAGAAAGTCT-1,0.07592697,0.4668652,0.19086161,0.26634622,1.2198278,br,A10
TCCGTGTCAACAAGAT-1,0.35760367,0.18788901,0.15157002,0.3029373,1.3296119,RpL6,A10
TCCGTGTCAACACAGG-1,0.33883607,0.22639696,0.15980124,0.2749657,1.3510644,RpL6,A10
TCCGTGTCACACGCCA-1,0.36307994,0.18703888,0.3077337,0.14214747,1.3213918,RpL6,A10
TCCGTGTCACAGCCTG-1,0.1621528,0.09890364,0.35065722,0.38828632,1.2586089,awd,A10
TCCGTGTGTCATCCGG-1,0.117798135,0.39238903,0.0968527,0.39296007,1.2121773,awd,A10
TCCGTGTGTGTAGTGG-1,0.9318899,0.050786216,0.003674401,0.013649484,0.29629722,RpL6,A10
TCCTAATAGGGCAACT-1,0.17027994,0.32699323,0.420612,0.08211483,1.2364926,dpn,A10
TCCTAATCAACCGACC-1,0.17600957,0.21845238,0.2401422,0.3653959,1.3485134,awd,A9p1
TCCTAATCAGCGACCT-1,0.05729431,0.37339118,0.39606184,0.17325266,1.2022138,dpn,A9p1
TCCTAATTCAGCTTGA-1,0.20621756,0.041691236,0.4828571,0.26923403,1.1628721,dpn,A8
TCCTAATTCCTAGAGT-1,0.17368983,0.066820934,0.15243685,0.6070524,1.07458,awd,A9p2
TCCTCCCCAATGGGTG-1,0.04187028,0.36348292,0.50218755,0.092459284,1.0667568,dpn,A9p1
TCCTCCCCATTCTGTT-1,0.2993101,0.07353998,0.17695548,0.45019442,1.218735,awd,A9p2
TCCTCCCGTCGTCTCT-1,0.21093443,0.119184345,0.2295291,0.4403521,1.280745,awd,A9p2
TCCTCCCGTCTCTCAC-1,0.849186,0.072482705,0.024248762,0.054082498,0.577009,RpL6,A9p2
TCCTCCCGTCTTGGTA-1,0.033667326,0.012958297,0.056965206,0.89640915,0.43174362,awd,A9p1
TCCTCCCGTGGCTAGA-1,0.18451028,0.040416032,0.1113244,0.6637493,0.957937,awd,A9p1
TCCTCCCTCGAACCAT-1,0.16866945,0.15232305,0.30580175,0.37320572,1.3169951,awd,A9p1
TCCTCGAAGGCGCTTC-1,0.25044212,0.023764763,0.3320038,0.3937893,1.1686716,awd,A9p1
TCCTCGACAAATTGCC-1,0.49095076,0.07448556,0.11038515,0.32417858,1.1511571,RpL6,A9p2
TCCTCGACACTGATTG-1,0.5066749,0.18107909,0.22031853,0.09192756,1.2065929,RpL6,A9p1
TCCTCGACATCCGCGA-1,0.3216885,0.13109063,0.06442046,0.48280033,1.1594224,awd,A10
TCCTCGAGTTTCCATT-1,0.23018502,0.642291,0.028038748,0.099485144,0.9522651,br,A9p2
TCCTCGATCTCCCATG-1,0.15773772,0.67219275,0.06790101,0.10216852,0.9740087,br,A8
TCCTCTTAGAACAGGA-1,0.21557792,0.12346102,0.12739664,0.53356445,1.1867157,awd,A8
TCCTCTTAGGCCTAGA-1,0.043189116,0.13166265,0.7740818,0.051066414,0.7527838,dpn,A9p2
TCCTCTTAGGGCCTCT-1,0.22020096,0.055427846,0.16285865,0.5615126,1.1131744,awd,A9p2
TCCTCTTAGGTTACAA-1,0.49778846,0.26164982,0.07854046,0.16202126,1.192755,RpL6,A10
TCCTCTTAGTCGGCAA-1,0.3970862,0.40539467,0.04355078,0.15396832,1.1573347,br,A8
TCCTCTTCACGGTGTC-1,0.48491365,0.06954931,0.35546753,0.09006961,1.1208526,RpL6,A10
TCCTCTTCACGTAGAG-1,0.3697487,0.106057584,0.14347243,0.38072127,1.2520696,awd,A9p1
TCCTCTTCATTCATCT-1,0.3097821,0.09215836,0.17539598,0.42266357,1.2520599,awd,A9p2
TCCTCTTGTACCCGCA-1,0.1052328,0.7405199,0.09907363,0.055173684,0.84829485,br,A8
TCCTCTTGTGAGCAGT-1,0.33269542,0.10993784,0.1269965,0.43037027,1.2337844,awd,A9p1
TCCTCTTGTTAATCGC-1,0.5963319,0.2694608,0.085556686,0.04865066,1.019054,RpL6,A9p1
TCCTCTTTCACCCTTG-1,0.5264039,0.123109706,0.18612464,0.16436179,1.2053859,RpL6,A9p2
TCCTCTTTCCATAAGC-1,0.36702716,0.07355456,0.12009369,0.43932465,1.1757241,awd,A9p1
TCCTCTTTCCTACACC-1,0.04427522,0.17106864,0.7395473,0.04510886,0.8029866,dpn,A8
TCCTCTTTCGACATTG-1,0.023026157,0.07783858,0.8864358,0.012699452,0.44787067,dpn,A8
TCCTGCACACAAAGTA-1,0.04888047,0.20065755,0.6189602,0.13150173,1.0335332,dpn,A9p1
TCCTGCAGTACTGCCG-1,0.39446205,0.05107041,0.10188049,0.45258707,1.1103431,awd,A9p2
TCCTGCAGTGGATACG-1,0.20594694,0.022696396,0.03703139,0.7343253,0.76015973,awd,A10
TCCTGCAGTTGGGATG-1,0.3978583,0.1212146,0.18681912,0.29410797,1.2958182,RpL6,A10
TCCTGCATCCGGTAGC-1,0.108956106,0.09788837,0.7140567,0.07909892,0.9101881,dpn,A9p1
TCCTGCATCTCCTGCA-1,0.17321007,0.44783455,0.3683005,0.010654842,1.0797108,br,A8
TCCTGCATCTTCACAT-1,0.1334449,0.1189566,0.19453561,0.5530629,1.1680772,awd,A9p2
TCCTTCTAGGTAGGCT-1,0.58601797,0.18019353,0.08414981,0.14963873,1.1145002,RpL6,A9p1
TCCTTCTCACGGGCTT-1,0.33365703,0.114735626,0.040089067,0.51151824,1.0865129,awd,A10
TCCTTCTTCAAGCGTT-1,0.682416,0.067233056,0.04727987,0.2030711,0.91028196,RpL6,A8
TCCTTCTTCAGCGCAC-1,0.38802746,0.11837312,0.14564028,0.34795907,1.2678585,RpL6,A8
TCCTTTCAGCAGGCTA-1,0.09948483,0.6869024,0.120741494,0.09287126,0.9635337,br,A9p1
TCCTTTCTCGATTGAC-1,0.08457486,0.27199385,0.5129445,0.13048682,1.1712089,dpn,A9p1
TCCTTTCTCTTCGTAT-1,0.07344454,0.03860123,0.3825022,0.50545204,1.0298703,awd,A10
TCGAACACAAATCCCA-1,0.10427398,0.119500786,0.7565151,0.019710181,0.7780939,dpn,A9p2
TCGAACACATGGGATG-1,0.20844588,0.48280793,0.12898315,0.17976306,1.2510701,br,A9p1
TCGAACAGTTACAGCT-1,0.4601612,0.29547408,0.0620391,0.18232562,1.2001808,RpL6,A9p1
TCGAAGTAGATGGTAT-1,0.0526847,0.28032342,0.5045404,0.16245146,1.1519874,dpn,A10
TCGAAGTAGCAACTCT-1,0.18343395,0.05022118,0.11105551,0.6552894,0.98235935,awd,A10
TCGAAGTGTCTTGAGT-1,0.02652678,0.1649265,0.6454578,0.1630889,0.9718549,dpn,A9p1
TCGAAGTGTTAGGAGC-1,0.09992346,0.43149903,0.09211294,0.37646458,1.1802748,br,A9p2
TCGAAGTTCCATGATG-1,0.15050425,0.059279583,0.495227,0.2949891,1.1606565,dpn,A9p1
TCGACCTAGCTATCTG-1,0.19654508,0.37507495,0.13124676,0.2971332,1.3146745,br,A8
TCGACCTAGGCACGAT-1,0.12548156,0.38330662,0.18657441,0.30463743,1.3033562,br,A10
TCGACCTCAAGAATGT-1,0.121311136,0.3056475,0.42839152,0.14464988,1.2610111,dpn,A8
TCGACCTTCCAAGGGA-1,0.22285058,0.19037308,0.2808402,0.3059362,1.369343,awd,A9p2
TCGACCTTCCTCTAGC-1,0.13634299,0.19575787,0.19124806,0.47665107,1.2604754,awd,A9p1
TCGACCTTCTCTTGCG-1,0.025858626,0.24964628,0.7227889,0.001706294,0.68647254,dpn,A8
TCGACGGAGTGTCATC-1,0.378104,0.13000755,0.14319083,0.3486976,1.2786481,RpL6,A9p1
TCGACGGCACTACTTT-1,0.36907035,0.46832561,0.051615253,0.110988826,1.1201193,br,A8
TCGACGGGTAACAGTA-1,0.23293114,0.098677054,0.25935465,0.4090372,1.2835829,awd,A10
TCGACGGGTAAGCGGT-1,0.21199517,0.2566964,0.13349086,0.3978176,1.3134232,awd,A10
TCGACGGGTACCCAGC-1,0.17245694,0.40478477,0.05093528,0.37182304,1.1887017,br,A8
TCGATTTAGAAATTGC-1,0.037587225,0.10442124,0.8409775,0.017014053,0.57420796,dpn,A9p1
TCGATTTAGGTGATAT-1,0.2560344,0.110625654,0.21694499,0.41639498,1.2887146,awd,A9p1
TCGATTTCAACGTATC-1,0.08958352,0.25473297,0.50110584,0.15457761,1.1993238,dpn,A8
TCGATTTCACTATCCC-1,0.07192754,0.17401485,0.7386501,0.015407521,0.78165907,dpn,A8
TCGATTTGTCACGACC-1,0.6691087,0.11100397,0.05481263,0.1650747,0.9693868,RpL6,A9p1
TCGATTTGTGATTGGG-1,0.271892,0.29164007,0.31598645,0.120481566,1.3324718,dpn,A9p2
TCGATTTGTTATAGCC-1,0.04545113,0.24322034,0.63039094,0.08093758,0.9787119,dpn,A10
TCGATTTTCAACTTTC-1,0.12063356,0.18215936,0.10223194,0.5949752,1.1074073,awd,A10
TCGCACTAGCCTGAAG-1,0.033376593,0.09086855,0.8644956,0.01125927,0.5078047,dpn,A9p1
TCGCACTAGGAAAGAC-1,0.10724537,0.38237444,0.13419594,0.3761843,1.2443502,br,A8
TCGCACTCAAGATGTA-1,0.08753251,0.40455663,0.3958191,0.11209173,1.1914661,br,A9p2
TCGCACTGTCCTGGGT-1,0.28137207,0.08740797,0.16535415,0.46586585,1.223267,awd,A9p2
TCGCACTGTGAGAGGG-1,0.07759222,0.025960892,0.2679183,0.62852854,0.9378758,awd,A9p1
TCGCACTGTGGTCTCG-1,0.4146358,0.26633105,0.16225316,0.15678005,1.3029593,RpL6,A8
TCGCACTGTTCATCTT-1,0.068795346,0.21074067,0.052095216,0.66836876,0.9355097,awd,A10
TCGCACTTCTATACTC-1,0.09146031,0.45303982,0.39352235,0.061977513,1.1168294,br,A10
TCGCAGGAGAGATCGC-1,0.1308909,0.37750423,0.33004412,0.16156073,1.2942754,br,A9p1
TCGCAGGAGCTGACCC-1,0.08240292,0.29695985,0.6081175,0.012519714,0.9235568,dpn,A8
TCGCAGGCAACCACAT-1,0.34296113,0.08385529,0.07188045,0.50130314,1.11028,awd,A9p2
TCGCAGGCACATTCGA-1,0.3681121,0.048672296,0.35591552,0.22730011,1.2194227,RpL6,A10
TCGCAGGCACCGTCGA-1,0.1266968,0.45583105,0.055249292,0.36222288,1.1476984,br,A10
TCGCAGGCACTGTGAT-1,0.16043688,0.4086972,0.31514835,0.11571756,1.2727329,br,A8
TCGCAGGCATTCTCCG-1,0.20112075,0.2052758,0.12442744,0.46917605,1.261974,awd,A9p1
TCGCAGGTCATGTCTT-1,0.058581647,0.049261924,0.18535843,0.706798,0.872205,awd,A10
TCGCAGGTCCTGTACC-1,0.19372998,0.17174189,0.23633653,0.39819163,1.3281142,awd,A10
TCGCAGGTCTGGGCCA-1,0.07916062,0.4565414,0.4416305,0.02266752,1.0055107,br,A8
TCGCTCAAGGGTTGCA-1,0.073914565,0.70067924,0.1866948,0.038711373,0.8809721,br,A9p2
TCGCTCACACAAACGG-1,0.09468531,0.34638,0.4097179,0.14921682,1.2398795,dpn,A9p1
TCGCTCACACGCAGTC-1,0.4054705,0.4054043,0.053657185,0.13546808,1.1598067,RpL6,A10
TCGCTCACACTAAACC-1,0.47771332,0.26772,0.07464993,0.17991677,1.2080299,RpL6,A10
TCGCTCACAGGTCCGT-1,0.43100828,0.37243557,0.056548264,0.14000788,1.1683074,RpL6,A9p2
TCGCTCACATTAGGAA-1,0.3765889,0.23796794,0.096718885,0.28872427,1.294016,RpL6,A9p1
TCGCTCACATTCTTCA-1,0.2912896,0.02738725,0.06830605,0.61301714,0.9411223,awd,A10
TCGCTCAGTCGTTGGC-1,0.07636207,0.060403634,0.07267459,0.7905597,0.7422873,awd,A9p1
TCGCTCATCAATCAGC-1,0.17461707,0.5266842,0.24161462,0.057084113,1.1490575,br,A8
TCGCTCATCATGTCTT-1,0.2838435,0.4336349,0.2323552,0.050166354,1.209016,br,A9p1
TCGCTCATCCATTGCC-1,0.046451375,0.27019164,0.59599566,0.08736129,1.0175563,dpn,A9p1
TCGCTCATCCTCACCA-1,0.34633967,0.13881811,0.04869031,0.46615195,1.1442882,awd,A10
TCGCTTGAGCCGCTTG-1,0.079191156,0.09665649,0.81625134,0.00790096,0.63063955,dpn,A9p1
TCGCTTGAGGAGTCTG-1,0.09184317,0.16076535,0.07955991,0.6678316,0.98414195,awd,A9p2
TCGCTTGAGTCTAGAA-1,0.12940541,0.414684,0.25585642,0.20005415,1.300318,br,A8
TCGCTTGGTAGAGATT-1,0.4071574,0.2723893,0.1502048,0.17024851,1.306278,RpL6,A10
TCGCTTGTCTTAGCCC-1,0.110680364,0.4582481,0.30527896,0.12579261,1.2242167,br,A10
TCGGATACAATCTAGC-1,0.14832209,0.34035623,0.3604044,0.15091735,1.3030677,dpn,A9p1
TCGGATACACACGTGC-1,0.48710775,0.10174606,0.18517381,0.22597238,1.2312663,RpL6,A8
TCGGATACAGACAATA-1,0.14510782,0.29802307,0.32743216,0.22943687,1.3442105,dpn,A9p2
TCGGATAGTAGGTGCA-1,0.78433895,0.043554284,0.07081922,0.10128753,0.7464452,RpL6,A9p2
TCGGGACAGGCAGGGA-1,0.32981765,0.048004277,0.24143304,0.38074502,1.2223748,awd,A9p1
TCGGGACAGTGGCGAT-1,0.23279239,0.1982593,0.32773575,0.24121264,1.3687669,dpn,A9p1
TCGGGACGTCAACCAT-1,0.31110835,0.04921624,0.3484846,0.29119077,1.2380941,dpn,A10
TCGGGACGTGAGATCG-1,0.39576697,0.08809742,0.26237112,0.25376448,1.2799152,RpL6,A8
TCGGGACGTGGACTAG-1,0.36794552,0.106233604,0.14004882,0.38577208,1.2488216,awd,A9p2
TCGGGACTCGCGTGCA-1,0.40862373,0.17957364,0.104525805,0.3072768,1.272702,RpL6,A10
TCGGGCACAAACCACT-1,0.43349215,0.37998953,0.05201902,0.13449925,1.1536381,RpL6,A10
TCGGGCACATGACAAA-1,0.22939712,0.25018266,0.23804899,0.28237128,1.3831198,awd,A9p2
TCGGGCAGTCAGTCTA-1,0.14004093,0.67944276,0.16926932,0.011246996,0.8890276,br,A9p2
TCGGGCATCAGCACCG-1,0.22693041,0.39508992,0.10316922,0.2748105,1.2927626,br,A9p2
TCGGGCATCGACGATT-1,0.21863118,0.22703794,0.21740368,0.33692724,1.3673122,awd,A9p1
TCGGGTGAGAAGTCAT-1,0.39153215,0.22443855,0.22493349,0.15909581,1.3305279,RpL6,A10
TCGGGTGAGGGAGGGT-1,0.3938453,0.34353903,0.05920996,0.20340578,1.2253408,RpL6,A10
TCGGGTGGTAAGCTCT-1,0.19011326,0.24278021,0.10306878,0.46403784,1.2497855,awd,A8
TCGGGTGGTGACTCTA-1,0.13347521,0.45211086,0.23053344,0.18388057,1.2773674,br,A10
TCGGGTGTCAGTGTTG-1,0.2855392,0.31062427,0.149125,0.2547115,1.3531908,br,A9p2
TCGGGTGTCGAACGCC-1,0.03316241,0.1064134,0.38895553,0.47146866,1.073159,awd,A10
TCGGGTGTCTTGCGCT-1,0.090421386,0.5770457,0.12478265,0.20775037,1.1207447,br,A9p2
TCGGTCTCACCATTCC-1,0.26239496,0.14382398,0.08093194,0.5128491,1.1758997,awd,A9p1
TCGGTCTCACTATCGA-1,0.3807558,0.1503119,0.36878723,0.10014501,1.2508298,RpL6,A9p2
TCGGTCTCAGGTATGG-1,0.29331636,0.11997624,0.28445178,0.30225566,1.3334123,awd,A10
TCGGTCTCATCCTCAC-1,0.07259903,0.34304392,0.09818845,0.48616865,1.1359415,awd,A9p1
TCGGTCTTCCGTTGGG-1,0.12568104,0.1445263,0.16884121,0.5609514,1.1648517,awd,A9p1
TCGGTCTTCGAGTGGA-1,0.093253985,0.1516507,0.69694656,0.05814877,0.9243271,dpn,A9p1
TCGGTCTTCTGAATCG-1,0.4873076,0.03643347,0.09035112,0.38590786,1.0556368,RpL6,A10
TCGTAGACACGTAGAG-1,0.36328906,0.07604874,0.22682269,0.33383957,1.2665459,RpL6,A9p1
TCGTCCAAGCGACAGT-1,0.12410094,0.29224965,0.52416164,0.05948775,1.1249249,dpn,A8
TCGTCCAAGTCTAGCT-1,0.20847157,0.2955558,0.34743723,0.14853539,1.3376733,dpn,A10
TCGTCCACACCCGTAG-1,0.086695224,0.2726546,0.5769795,0.0636707,1.0589889,dpn,A8
TCGTCCAGTCTGCCTT-1,0.07427876,0.33098122,0.51276696,0.08197313,1.1066225,dpn,A8
TCGTCCAGTTGATGTC-1,0.14789057,0.3622772,0.37303022,0.11680197,1.2691468,dpn,A9p1
TCGTCCATCTTCGATT-1,0.025630979,0.2615267,0.48274222,0.23010002,1.1343156,dpn,A8
TCGTGCTAGCAAGCCA-1,0.09643263,0.5129636,0.20047599,0.19012776,1.2057768,br,A9p2
TCGTGCTAGCAGATAT-1,0.47269726,0.08130756,0.08277869,0.36321652,1.1323346,RpL6,A9p2
TCGTGCTGTTCTATCT-1,0.060320385,0.4339898,0.25298208,0.25270772,1.2269638,br,A8
TCGTGCTTCGACACCG-1,0.34462434,0.16937897,0.120520085,0.36547664,1.2907653,awd,A10
TCGTGCTTCTAGCAAC-1,0.21885169,0.3811621,0.2824515,0.1175347,1.3088903,br,A8
TCGTGCTTCTTTGATC-1,0.19850731,0.07740345,0.35121256,0.37287667,1.2543681,awd,A10
TCGTGGGAGATTGCGG-1,0.0841623,0.5251487,0.2162576,0.1744314,1.1822852,br,A9p1
TCGTGGGAGTACTGGG-1,0.2942297,0.09100714,0.18944432,0.42531887,1.2568694,awd,A8
TCGTGGGCAACGATCT-1,0.08871266,0.02846958,0.08125633,0.8015614,0.69747996,awd,A10
TCGTGGGCAAGTGTCT-1,0.18862121,0.35327512,0.07355167,0.38455203,1.2416685,awd,A10
TCGTGGGCAAGTTGGG-1,0.16325921,0.29772,0.4191361,0.11988471,1.2753779,dpn,A9p1
TCGTGGGCATTGCTGA-1,0.35926855,0.22593747,0.09665796,0.318136,1.2940615,RpL6,A10
TCGTGGGGTCCGCAGT-1,0.0826911,0.31492242,0.51288867,0.08949784,1.1284506,dpn,A9p1
TCTAACTAGGATCACG-1,0.06677029,0.34657377,0.260392,0.326264,1.2637702,br,A8
TCTAACTAGTGAGTTA-1,0.45685324,0.15137747,0.12492703,0.26684228,1.2560692,RpL6,A9p2
TCTAACTAGTTCGGTT-1,0.2492494,0.082030445,0.13371041,0.5350098,1.1550817,awd,A9p1
TCTAACTCAAGGGCAT-1,0.18694699,0.32625294,0.15683447,0.32996562,1.3353281,awd,A8
TCTAACTCAGTACTAC-1,0.23363212,0.2442963,0.28052634,0.24154522,1.3837442,dpn,A8
TCTAACTGTATTTCGG-1,0.15304507,0.22702596,0.34331343,0.27661556,1.3464048,dpn,A10
TCTAACTGTCGATTTG-1,0.5292718,0.27486968,0.13575147,0.060107086,1.1318184,RpL6,A9p2
TCTAACTGTGCAACAG-1,0.091994785,0.26999348,0.49873823,0.13927351,1.194531,dpn,A10
TCTAACTGTGGCTCTG-1,0.13422927,0.34299126,0.46060777,0.06217168,1.1663489,dpn,A8
TCTAACTTCATCGTAG-1,0.4528012,0.09094256,0.09047201,0.36578423,1.1620445,RpL6,A9p2
TCTAACTTCCTATTTG-1,0.30425116,0.19847278,0.13739386,0.35988224,1.3234855,awd,A9p1
TCTACATAGTGCTACT-1,0.06297627,0.16796698,0.0940858,0.674971,0.961478,awd,A10
TCTACATAGTTCACTG-1,0.033301797,0.4589661,0.17810187,0.3296303,1.1438458,br,A9p1
TCTACATCAACTCGAT-1,0.02998122,0.49553716,0.0454388,0.42904285,0.9565971,br,A9p2
TCTACATCACGGTAGA-1,0.20209733,0.14206763,0.22759005,0.42824504,1.3004513,awd,A9p1
TCTACATGTCCTGGGT-1,0.34996542,0.43324414,0.047976475,0.168814,1.1758444,br,A10
TCTACATGTCGTTCAA-1,0.23332717,0.13713981,0.18818621,0.44134676,1.2873474,awd,A10
TCTACATGTCGTTGCG-1,0.17856617,0.42369473,0.29866397,0.09907514,1.2614435,br,A9p2
TCTACATGTGGACTAG-1,0.11926199,0.18058431,0.55781144,0.14234231,1.1657958,dpn,A9p1
TCTACATTCTAAGCCA-1,0.31167534,0.30319798,0.08716823,0.29795843,1.2986277,RpL6,A8
TCTACCGAGTATGCAA-1,0.667758,0.050477672,0.09178432,0.18998004,0.95513356,RpL6,A9p1
TCTACCGGTACACGCC-1,0.19898885,0.16932006,0.3138248,0.3178663,1.3499875,awd,A10
TCTACCGGTCGTACTA-1,0.039082274,0.2992402,0.39447308,0.26720443,1.2073253,dpn,A10
TCTACCGGTTCGGCTG-1,0.27128854,0.077361666,0.11798354,0.53336626,1.1393058,awd,A10
TCTACCGTCTAGCCTC-1,0.10138114,0.18172896,0.5013821,0.21550782,1.2188393,dpn,A9p1
TCTATACAGAGAATCT-1,0.15611415,0.34274814,0.4361157,0.06502199,1.1965476,dpn,A9p2
TCTATACTCGAAGCCC-1,0.20293331,0.112206355,0.2550591,0.42980123,1.2805109,awd,A9p2
TCTATCAAGATTAGTG-1,0.17742556,0.2928694,0.0837367,0.44596836,1.2342532,awd,A10
TCTATCAAGCTCAGAG-1,0.1373522,0.1725029,0.367976,0.32216892,1.3086125,dpn,A9p2
TCTATCACACACCTAA-1,0.17023273,0.26106122,0.43080753,0.13789849,1.2880075,dpn,A9p2
TCTATCACACAGTATC-1,0.32373828,0.201545,0.17158918,0.30312762,1.3522072,RpL6,A9p1
TCTATCACACGTACTA-1,0.9593393,0.020971538,0.004129834,0.0155593315,0.20831475,RpL6,A8
TCTATCACACTCACTC-1,0.11317783,0.10519647,0.16644882,0.61517686,1.0808208,awd,A10
TCTATCACATGAGGGT-1,0.61568993,0.10895405,0.2062835,0.06907249,1.0503718,RpL6,A10
TCTATCATCATCCCGT-1,0.38221556,0.08258963,0.19279213,0.34240267,1.2579111,RpL6,A10
TCTATCATCCACACCT-1,0.27015495,0.14739923,0.16764984,0.41479596,1.3001895,awd,A9p1
TCTCACGAGACTTCCA-1,0.3889233,0.3215118,0.10581588,0.1837491,1.281088,RpL6,A10
TCTCACGAGTAACAGT-1,0.55071974,0.16592968,0.06398166,0.21936893,1.1352403,RpL6,A9p1
TCTCACGCAGGAGGTT-1,0.047571328,0.334573,0.49648437,0.12137135,1.1148038,dpn,A9p1
TCTCACGCATACTGAC-1,0.32393944,0.09761782,0.21636885,0.36207393,1.2913156,awd,A9p1
TCTCACGGTATGCGGA-1,0.16088611,0.57486933,0.19748656,0.06675803,1.1132358,br,A10
TCTCACGTCGCTACGG-1,0.27753192,0.11818901,0.17164369,0.4326354,1.2731164,awd,A9p1
TCTCAGCAGCCTGTGC-1,0.58788896,0.043392006,0.15444973,0.21426927,1.0670193,RpL6,A8
TCTCAGCCAGCAGGAT-1,0.2262613,0.10266945,0.11657656,0.55449265,1.1474718,awd,A9p2
TCTCAGCGTTAGGCTT-1,0.22172444,0.15263166,0.08898301,0.5366609,1.1701832,awd,A10
TCTCAGCGTTCTAAGC-1,0.29642737,0.12087396,0.22113118,0.36156753,1.3173611,awd,A9p1
TCTCAGCTCATTCCTA-1,0.12947036,0.5702788,0.23517227,0.065078445,1.1031642,br,A8
TCTCCGAAGGAACGAA-1,0.4625583,0.14530501,0.22358286,0.16855378,1.2719374,RpL6,A9p2
TCTCCGAAGTCCGCGT-1,0.054307207,0.6841608,0.0649467,0.19658522,0.9152376,br,A10
TCTCCGACATCTGTTT-1,0.27886754,0.17261687,0.1813884,0.36712718,1.3368812,awd,A9p2
TCTCCGAGTTAACAGA-1,0.10384621,0.15446313,0.58012444,0.16156626,1.1340961,dpn,A9p1
TCTCCGATCCCTCTTT-1,0.115309834,0.4810925,0.10294035,0.30065733,1.1964688,br,A9p2
TCTCCGATCTATCCAT-1,0.13843122,0.35180223,0.27696374,0.23280287,1.3361642,br,A9p2
TCTCCGATCTGTCTCG-1,0.23250465,0.5322899,0.15631166,0.0788938,1.1652949,br,A9p2
TCTCTGGAGATGCCGA-1,0.42019364,0.19411351,0.13310555,0.25258732,1.2985193,RpL6,A10
TCTCTGGCAACAGTGG-1,0.45532334,0.14036576,0.23987837,0.16443251,1.2731318,RpL6,A10
TCTCTGGCAGGATGAC-1,0.36258867,0.10227179,0.12734604,0.40779343,1.2292626,awd,A10
TCTCTGGTCAACCTCC-1,0.20393607,0.12703277,0.37324688,0.29578432,1.3144985,dpn,A9p2
TCTGCCAAGAGCACTG-1,0.83464175,0.1393967,0.006529606,0.019432,0.5349668,RpL6,A9p1
TCTGCCAAGCCATTTG-1,0.26070508,0.18026018,0.23301657,0.32601815,1.3641568,awd,A9p1
TCTGCCACAGGGTCTC-1,0.11239548,0.6598933,0.15591976,0.07179146,0.9988303,br,A9p1
TCTGCCATCCGCATAA-1,0.15065965,0.28579608,0.12287535,0.44066888,1.2618412,awd,A9p2
TCTGCCATCCTAGCGG-1,0.32932836,0.091382556,0.26502442,0.31426468,1.3001385,RpL6,A8
TCTGGCTGTACGATTC-1,0.37753266,0.41070795,0.13959809,0.07216129,1.1978,br,A10
TCTGGCTTCCGTCACT-1,0.24854419,0.0944845,0.1311885,0.52578276,1.1733941,awd,A10
TCTGGCTTCTATTTCG-1,0.28709242,0.13678148,0.43252972,0.14359643,1.2715759,dpn,A10
TCTGGCTTCTTCACAT-1,0.055685133,0.1896847,0.5976888,0.15694128,1.0744098,dpn,A9p1
TCTGGCTTCTTTGCGC-1,0.64249647,0.03792833,0.04956809,0.2700071,0.91078514,RpL6,A9p1
TCTGTCGAGAAGGGAT-1,0.056400616,0.3808077,0.5478808,0.014910845,0.9221908,dpn,A8
TCTGTCGAGGTGCTGA-1,0.07468359,0.64669794,0.10162904,0.17698942,1.0145,br,A8
TCTGTCGCAAGTGCAG-1,0.3678976,0.5500975,0.010226961,0.07177802,0.93259394,br,A10
TCTGTCGCATCGGAGA-1,0.053152595,0.5140176,0.21259688,0.22023281,1.1604623,br,A9p2
TCTGTCGGTCGTACTA-1,0.07098514,0.56609267,0.2307583,0.13216388,1.1157234,br,A9p1
TCTGTCGGTGATGTAA-1,0.2421584,0.1877804,0.15660878,0.4134524,1.3129995,awd,A9p2
TCTGTCGGTGCGGATA-1,0.13140929,0.28794882,0.4919887,0.08865319,1.1889516,dpn,A9p2
TCTGTCGGTTAGCTAC-1,0.26299173,0.10486576,0.15906496,0.47307757,1.2342689,awd,A10
TCTGTCGGTTGCTCGG-1,0.40408626,0.23635633,0.16092272,0.19863464,1.3221068,RpL6,A10
TCTGTCGTCGGCTGTG-1,0.37679845,0.14199391,0.27623028,0.20497741,1.3251755,RpL6,A9p2
TCTTAGTCACGACAAG-1,0.34008962,0.21637306,0.13489372,0.30864367,1.3310754,RpL6,A9p1
TCTTAGTGTGCGGCTT-1,0.14820735,0.3558493,0.27246118,0.22348218,1.3397707,br,A8
TCTTAGTTCAATCTTC-1,0.54378927,0.15538938,0.11320556,0.18761578,1.1811527,RpL6,A8
TCTTAGTTCTTGTGCC-1,0.043915853,0.3149844,0.54907244,0.09202729,1.0498676,dpn,A8
TCTTCCTAGATCCCAT-1,0.31821615,0.078718364,0.17997237,0.4230931,1.2370307,awd,A10
TCTTCCTAGATGTTAG-1,0.060321923,0.20382139,0.55296266,0.18289405,1.1318879,dpn,A9p1
TCTTCCTAGCACGATG-1,0.19688408,0.10823309,0.3805731,0.31430975,1.2920547,dpn,A9p1
TCTTCCTAGTATGAAC-1,0.43185517,0.2539745,0.30091217,0.013258197,1.1293846,RpL6,A10
TCTTCCTCAAATCCCA-1,0.18256004,0.11203091,0.2623555,0.44305354,1.2674292,awd,A9p2
TCTTCCTGTCCAGCAC-1,0.017582208,0.21897767,0.65489644,0.10854361,0.92186314,dpn,A9p1
TCTTCCTGTCGAGATG-1,0.11753725,0.26868188,0.5241928,0.08958806,1.1594644,dpn,A8
TCTTCCTTCCGAGAAG-1,0.06350986,0.13881873,0.553881,0.24379052,1.1205113,dpn,A9p1
TCTTCCTTCCTACTGC-1,0.21226743,0.043647103,0.34363115,0.40045434,1.1992213,awd,A9p2
TCTTCCTTCTCAATCT-1,0.14339264,0.10653024,0.21290533,0.5371717,1.1802123,awd,A8
TCTTGCGCAGTCAGAG-1,0.12344321,0.53088915,0.14911604,0.1965515,1.1979284,br,A9p1
TCTTGCGGTTATCCAG-1,0.32291073,0.39840153,0.2151681,0.063519664,1.2373148,br,A9p1
TCTTGCGTCCAGTGTA-1,0.1938889,0.05773645,0.083522104,0.6648525,0.9614674,awd,A9p2
TCTTTGACACGGTGAA-1,0.305675,0.34398198,0.22135128,0.12899178,1.3273566,br,A9p1
TCTTTGAGTTCCTAGA-1,0.055308685,0.11921366,0.610906,0.2145716,1.0449687,dpn,A9p1
TCTTTGATCCAGTTCC-1,0.19571109,0.4826796,0.2958723,0.025736997,1.1253268,br,A9p1
TCTTTGATCTTGAACG-1,0.30137804,0.07685643,0.12609288,0.49567273,1.167657,awd,A9p1
TGAACGTCATCGATGT-1,0.5204682,0.090333745,0.22416559,0.16503245,1.1895992,RpL6,A10
TGAACGTTCCGCTTAC-1,0.0675525,0.0836192,0.27974454,0.5690838,1.0667121,awd,A9p2
TGAATCGAGCATGCAG-1,0.11944028,0.041962918,0.0472909,0.7913059,0.7163931,awd,A9p1
TGAATCGCACCAGCCA-1,0.35967475,0.096284166,0.3064271,0.23761404,1.297047,RpL6,A10
TGAATCGCAGGCCCTA-1,0.3546311,0.15964228,0.23812501,0.2476016,1.3478881,RpL6,A9p2
TGAATCGGTAAGCGGT-1,0.032675546,0.69087476,0.23739874,0.03905095,0.835291,br,A10
TGAATCGTCGAGAATA-1,0.071037605,0.5731804,0.097638264,0.25814375,1.0836108,br,A10
TGAATGCAGCATCAAA-1,0.22897126,0.2897198,0.17419653,0.3071124,1.3634366,awd,A9p2
TGAATGCAGTGGTGGT-1,0.12310732,0.4507203,0.31035367,0.11581876,1.2298564,br,A8
TGAATGCCAACGATTC-1,0.44658285,0.1865891,0.12714018,0.23968792,1.277855,RpL6,A9p2
TGAATGCTCTTACGTT-1,0.08106326,0.30623728,0.59023285,0.022466626,0.96254355,dpn,A10
TGACAGTAGCGCCTCA-1,0.37268618,0.10315525,0.15399507,0.37016356,1.2581391,RpL6,A9p1
TGACAGTAGTTGCCCG-1,0.2388674,0.18793131,0.19620752,0.37699378,1.3434899,awd,A9p2
TGACAGTCAAACACCT-1,0.23786153,0.4118632,0.180606,0.16966933,1.317007,br,A9p1
TGACAGTCAAATACGA-1,0.3692019,0.14322197,0.16123961,0.32633656,1.3058894,RpL6,A9p2
TGACAGTCAAGAGGTC-1,0.02357353,0.11747765,0.7541429,0.10480598,0.78912824,dpn,A9p1
TGACAGTCACCCGTAG-1,0.18503743,0.38050908,0.21047209,0.22398141,1.3429792,br,A9p1
TGACAGTTCAGCGCGT-1,0.9130512,0.058976796,0.006008004,0.021964043,0.3645898,RpL6,A10
TGACAGTTCCATGAGT-1,0.12953627,0.6156531,0.10316893,0.15164162,1.0837498,br,A9p1
TGACAGTTCCTAGCTC-1,0.552082,0.056825634,0.059712384,0.33138007,1.0252199,RpL6,A9p1
TGACAGTTCGGTCTGG-1,0.17232428,0.05575918,0.65643275,0.115483746,0.9895736,dpn,A9p1
TGACAGTTCTCGTGGG-1,0.16231541,0.1873127,0.19001277,0.46035913,1.2815385,awd,A9p2
TGACAGTTCTGAGTCA-1,0.14606044,0.19797856,0.3179694,0.33799157,1.3325875,awd,A10
TGACCCTAGAGGTATT-1,0.22606449,0.24878259,0.20077252,0.3243804,1.3698003,awd,A9p2
TGACCCTAGCGGCTCT-1,0.06012099,0.46711978,0.4550117,0.017747482,0.9544213,br,A8
TGACCCTAGTATGAAC-1,0.46283993,0.071041465,0.17799656,0.288122,1.2101796,RpL6,A9p1
TGACCCTAGTTAGTAG-1,0.22469138,0.5422593,0.19694363,0.036105737,1.1072586,br,A9p2
TGACCCTCAAATGAAC-1,0.048681602,0.1944662,0.687982,0.06887022,0.9071403,dpn,A8
TGACCCTCAAGTGCAG-1,0.07035968,0.23812047,0.62239885,0.06912105,1.0082515,dpn,A9p1
TGACCCTCACCATATG-1,0.35805982,0.17585132,0.17897618,0.2871127,1.3396087,RpL6,A9p2
TGACCCTGTCGCTGCA-1,0.1263926,0.33897823,0.11058653,0.42404264,1.2354409,awd,A9p2
TGACCCTTCCTTCACG-1,0.08854481,0.6496831,0.24143288,0.02033919,0.9171846,br,A8
TGACGCGCAGACCAGA-1,0.118710235,0.46300265,0.29995233,0.11833479,1.223239,br,A9p1
TGACGCGCAGCAGTCC-1,0.17676261,0.27806222,0.39203385,0.15314132,1.3166718,dpn,A9p1
TGACGCGGTACGACAG-1,0.55120593,0.25886974,0.14811237,0.041812006,1.0937663,RpL6,A10
TGACGCGGTAGAATGT-1,0.38222712,0.104231,0.099656306,0.4138856,1.1982106,awd,A10
TGACGCGGTATAGGGC-1,0.36044922,0.08317129,0.11271274,0.4436667,1.1812407,awd,A9p2
TGACGCGGTCCTCCAT-1,0.21293445,0.30803815,0.44650546,0.032522004,1.1635196,dpn,A8
TGACGCGGTCTGCCTT-1,0.23356955,0.19456872,0.08393675,0.4879249,1.2162789,awd,A9p1
TGACTCCAGCTACTGT-1,0.06740169,0.19047014,0.7299669,0.012161309,0.78102386,dpn,A8
TGACTCCAGCTGGTGA-1,0.049001884,0.14025353,0.07887685,0.7318677,0.8520785,awd,A10
TGACTCCCAAGGTACG-1,0.044489026,0.739675,0.12155558,0.09428042,0.84032327,br,A9p1
TGACTCCCAGAGAATT-1,0.07476151,0.66277397,0.055860955,0.20660357,0.95346034,br,A9p2
TGACTCCGTTCGTAAC-1,0.18817008,0.06836325,0.2146531,0.5288136,1.1649451,awd,A9p1
TGACTCCTCACCACAA-1,0.39873567,0.13146304,0.23492584,0.23487547,1.3139132,RpL6,A10
TGACTCCTCATCGCAA-1,0.8203751,0.050317105,0.05811088,0.071196936,0.6663204,RpL6,A9p2
TGACTCCTCCCGAGGT-1,0.35834485,0.13290302,0.105952546,0.4027996,1.2400817,awd,A10
TGACTCCTCCCTCTCC-1,0.12258674,0.480167,0.29072925,0.106516905,1.2072581,br,A8
TGACTCCTCCTTCTAA-1,0.07965851,0.5131428,0.18687348,0.22032519,1.1906283,br,A10
TGAGACTAGCCAAGCA-1,0.06293828,0.4728305,0.3656045,0.098626725,1.1245534,br,A8
TGAGACTAGGATGAGA-1,0.4350693,0.09433149,0.1548133,0.31578597,1.2376106,RpL6,A9p1
TGAGACTAGTGGATTA-1,0.12002432,0.499394,0.3781354,0.0024462165,0.98366547,br,A9p1
TGAGACTGTACTCGCG-1,0.14794724,0.07564876,0.045574885,0.7308292,0.8479348,awd,A10
TGAGACTGTATTCCTT-1,0.20836918,0.21846505,0.17143442,0.40173134,1.3278304,awd,A9p2
TGAGACTGTCCTGAAT-1,0.28526545,0.1594452,0.06671565,0.48857364,1.1811371,awd,A9p1
TGAGACTTCAAGCCGC-1,0.154838,0.51888245,0.24306628,0.08321313,1.1799535,br,A9p2
TGAGACTTCTTCTGGC-1,0.13734706,0.31924158,0.4029842,0.14042717,1.279103,dpn,A10
TGAGCATAGTAGTGCG-1,0.030291352,0.18875167,0.70951194,0.07144505,0.8526556,dpn,A9p1
TGAGCATCAAAGTATG-1,0.080312826,0.17198351,0.11088568,0.636818,1.036531,awd,A10
TGAGCATCAATTTCGG-1,0.11449603,0.21319102,0.56182456,0.11048841,1.144956,dpn,A8
TGAGCATCACACCGAC-1,0.31267157,0.44409484,0.046891842,0.19634174,1.1871014,br,A10
TGAGCATCACCGTCTT-1,0.25752616,0.31166193,0.18876724,0.2420447,1.3708085,br,A9p1
TGAGCATCATTGAAAG-1,0.39041674,0.117598005,0.16047205,0.33151323,1.2785443,RpL6,A9p2
TGAGCATGTGCATCTA-1,0.33581045,0.12802845,0.22800478,0.3081563,1.3294274,RpL6,A10
TGAGCATTCCCATTCG-1,0.109599635,0.35118368,0.12899345,0.41022325,1.2395196,awd,A9p2
TGAGCATTCGAAGCCC-1,0.4665454,0.10171221,0.1242431,0.3074993,1.2099078,RpL6,A10
TGAGCATTCTGTACAG-1,0.44392315,0.10645404,0.073370114,0.37625277,1.1584183,RpL6,A9p2
TGAGCGCAGACAGCTG-1,0.95141333,0.030345978,0.0030897993,0.0151509745,0.23478466,RpL6,A10
TGAGCGCAGGGCCTCT-1,0.10024973,0.062414728,0.77761364,0.05972184,0.7676083,dpn,A9p1
TGAGGAGAGGTCTGGA-1,0.3068308,0.33094266,0.12716779,0.23505871,1.3310654,br,A10
TGAGGAGCAATGAACA-1,0.05011458,0.22977342,0.6753392,0.04477277,0.892103,dpn,A8
TGAGGAGCACTGTTCC-1,0.067666866,0.21659118,0.28530568,0.4304363,1.2342342,awd,A9p1
TGAGGAGCAGTTTGGT-1,0.089834765,0.48908535,0.28431264,0.13676727,1.1959546,br,A9p1
TGAGGAGGTACCGTGC-1,0.1253463,0.4203565,0.23000865,0.22428854,1.2979074,br,A8
TGAGGAGGTTCGTTCC-1,0.26026055,0.10841898,0.16789,0.4634305,1.2472241,awd,A10
TGAGGGAGTCATCCCT-1,0.10881275,0.46475726,0.41175005,0.0146799935,1.024806,br,A9p2
TGAGGGAGTGCCGTTG-1,0.18493737,0.52435446,0.23859093,0.05211725,1.1465123,br,A9p1
TGAGGGATCGCCGTGA-1,0.13528727,0.3738943,0.1912683,0.29955012,1.3159256,br,A9p2
TGAGGGATCTGCATGA-1,0.21582504,0.03046474,0.23829944,0.5154108,1.1206651,awd,A9p1
TGAGGTTAGAAACACT-1,0.3481983,0.08218116,0.38026577,0.18935475,1.2554847,dpn,A10
TGAGGTTAGCATAGGC-1,0.13560846,0.08515489,0.077193886,0.7020428,0.9267865,awd,A9p1
TGAGGTTAGCGATTCT-1,0.36005342,0.12688604,0.22802015,0.28504044,1.3245957,RpL6,A9p1
TGAGGTTAGGTATCTC-1,0.43959147,0.17211986,0.11846031,0.26982832,1.2703241,RpL6,A10
TGAGGTTCAAATTGCC-1,0.47353578,0.3277976,0.053289317,0.14537732,1.1561874,RpL6,A8
TGAGGTTCACCTATCC-1,0.0480369,0.5351672,0.30494815,0.111847766,1.0875796,br,A8
TGAGGTTGTGCCCAGT-1,0.10603673,0.35745513,0.33287886,0.2036293,1.2958992,br,A8
TGAGGTTTCATCTCTA-1,0.30871928,0.08743872,0.1763361,0.4275059,1.2452133,awd,A9p2
TGAGGTTTCCATTGGA-1,0.44304997,0.15169473,0.31064057,0.094614744,1.2330256,RpL6,A9p1
TGAGGTTTCTAGTCAG-1,0.04708037,0.2941931,0.54287446,0.115852125,1.0851657,dpn,A9p1
TGAGTCAAGCCAAGGT-1,0.42802328,0.20539677,0.2326701,0.13390984,1.2968172,RpL6,A10
TGAGTCAAGGTTGTTC-1,0.099278584,0.5863876,0.26189885,0.05243501,1.047794,br,A8
TGAGTCACAAACACGG-1,0.114902996,0.4496924,0.38098174,0.05442288,1.1340743,br,A9p2
TGAGTCACAGGGAATC-1,0.47825003,0.06947448,0.11526996,0.33700547,1.1536262,RpL6,A10
TGAGTCAGTCTTGCTC-1,0.26710504,0.30049422,0.117266364,0.3151343,1.3291423,awd,A9p1
TGAGTCATCAGTCACA-1,0.39986062,0.48612046,0.014237778,0.099781096,1.0076761,br,A9p2
TGAGTCATCGGAATGG-1,0.08690911,0.1859884,0.08485777,0.6422447,1.0188575,awd,A9p2
TGAGTCATCTACTTCA-1,0.09878847,0.14918639,0.08724955,0.6647756,0.9967407,awd,A10
TGATCAGAGCAATTCC-1,0.6352388,0.09335936,0.11847524,0.15292653,1.0495042,RpL6,A9p2
TGATCAGAGGCCTGCT-1,0.057894602,0.6925727,0.12385436,0.1256783,0.93870914,br,A10
TGATCAGAGGTCATAA-1,0.3315835,0.10627823,0.21847677,0.34366146,1.3036542,awd,A9p2
TGATCAGCAACTTGCA-1,0.3627442,0.04828623,0.19200747,0.39696214,1.197794,awd,A9p2
TGATCAGCACGACCTG-1,0.90358377,0.042192016,0.01982828,0.034395915,0.41881865,RpL6,A10
TGATCAGCACTGGACC-1,0.13128297,0.34053507,0.22307928,0.3051027,1.3302534,br,A8
TGATCAGGTTCAGTAC-1,0.24765263,0.2756778,0.45138195,0.025287617,1.1529144,dpn,A9p1
TGATCTTAGAGTCGAC-1,0.25035277,0.21599096,0.18552123,0.34813496,1.3575861,awd,A8
TGATCTTCACCAATTG-1,0.35546634,0.44795585,0.047999837,0.14857803,1.1564432,br,A10
TGATCTTGTACGATTC-1,0.19101621,0.114979275,0.24746631,0.4465382,1.2705028,awd,A9p1
TGATGCAAGCAACAGC-1,0.068277046,0.16092911,0.5101583,0.26063552,1.1710649,dpn,A9p1
TGATGCAAGGATTTAG-1,0.0921722,0.49946058,0.4014571,0.0069101704,0.96725434,br,A9p1
TGATGCAAGGTAGTAT-1,0.2639712,0.018552758,0.026159178,0.6913168,0.77607656,awd,A9p1
TGATGCAAGGTATCTC-1,0.029961675,0.17349069,0.7898955,0.0066521284,0.62863886,dpn,A9p1
TGATGCAAGTTTCAGC-1,0.2826675,0.13583745,0.20126379,0.3802313,1.3186458,awd,A10
TGATGCACAACAAGAT-1,0.24037448,0.26778373,0.1142204,0.37762144,1.31106,awd,A10
TGATGCACATTGTGCA-1,0.41474605,0.12348473,0.12650691,0.3352624,1.2512352,RpL6,A9p1
TGATGCATCGGACGTC-1,0.04067066,0.0630536,0.86849624,0.027779616,0.5265013,dpn,A9p1
TGATGGTAGAGATGCC-1,0.30074692,0.41481584,0.15049474,0.13394247,1.2806299,br,A8
TGATGGTAGTAGGTTA-1,0.20879571,0.28489113,0.21111259,0.29520056,1.3733116,awd,A8
TGATGGTAGTCACTAC-1,0.6482257,0.037442345,0.07769015,0.23664168,0.9435631,RpL6,A9p2
TGATGGTAGTGACACG-1,0.41195136,0.0923919,0.11670064,0.3789561,1.2037945,RpL6,A9p2
TGATGGTCAAACGGCA-1,0.045526367,0.14480157,0.7578644,0.05180763,0.7839457,dpn,A9p1
TGATGGTCAACTGAAA-1,0.08149733,0.39456412,0.2520496,0.27188897,1.2727177,br,A8
TGATGGTGTCTAGTGT-1,0.0961192,0.34142306,0.15180182,0.41065592,1.243689,awd,A9p1
TGATGGTGTCTGATAC-1,0.20346953,0.2511203,0.2050136,0.3403965,1.3626829,awd,A9p2
TGATGGTTCAGCGGAA-1,0.3609374,0.26144144,0.102209,0.2754121,1.3068011,RpL6,A10
TGATGGTTCTGTACAG-1,0.25023383,0.10298489,0.25875828,0.38802293,1.2979093,awd,A9p1
TGATTCTAGCTGGCCT-1,0.061839838,0.04348573,0.8480371,0.046637297,0.59119743,dpn,A9p2
TGATTCTCAATAACCC-1,0.1853636,0.39169458,0.08875844,0.33418337,1.2607886,br,A10
TGATTCTCAATGGGTG-1,0.41597438,0.058879387,0.22739312,0.29775316,1.2291377,RpL6,A9p2
TGATTCTCACCACTGG-1,0.07383677,0.5083247,0.16314337,0.25469515,1.1805043,br,A9p2
TGATTCTCACGGTAGA-1,0.14769115,0.32556,0.14425838,0.38249046,1.2947237,awd,A8
TGATTCTCAGGCCCTA-1,0.4429582,0.1006013,0.052821048,0.40361944,1.1132674,RpL6,A10
TGATTCTGTCTAGGCC-1,0.29224077,0.26999652,0.2181458,0.21961696,1.3780847,RpL6,A9p2
TGATTCTTCCAACACA-1,0.28474164,0.21266735,0.15859382,0.34399718,1.3460224,awd,A9p1
TGATTCTTCCATTTCA-1,0.3521664,0.40809682,0.054311365,0.18542537,1.2039671,br,A10
TGATTCTTCCTCCACA-1,0.022044446,0.22899526,0.6567911,0.09216923,0.9174954,dpn,A9p1
TGATTCTTCTTACTGT-1,0.35931942,0.05128292,0.13330296,0.45609465,1.1467919,awd,A9p1
TGATTTCAGGTAGACC-1,0.29574707,0.08309659,0.24120517,0.37995118,1.2777209,awd,A9p2
TGATTTCCAACAAGTA-1,0.19147365,0.57562566,0.15673976,0.07616094,1.1209961,br,A8
TGATTTCCATCCCACT-1,0.32387176,0.1851954,0.2054391,0.2854938,1.3604443,RpL6,A8
TGATTTCGTCGGCTAC-1,0.26307744,0.2576786,0.03936672,0.43987724,1.1893104,awd,A9p2
TGATTTCGTTGGAGAC-1,0.11752073,0.23212247,0.33288833,0.31746846,1.3210568,dpn,A9p2
TGATTTCTCAAGAAAC-1,0.13185535,0.07729524,0.6074959,0.1833535,1.0788425,dpn,A10
TGCACGGAGGGCCTCT-1,0.16676135,0.22057392,0.3895993,0.2230654,1.3340173,dpn,A9p2
TGCACGGCACCCAAGC-1,0.040533576,0.066501744,0.81579006,0.07717471,0.67398083,dpn,A9p2
TGCACGGCAGTACTAC-1,0.22467524,0.29680607,0.33572015,0.14279845,1.3403485,dpn,A9p1
TGCACGGGTATGCTAC-1,0.059999913,0.20593603,0.4839934,0.25007063,1.1920496,dpn,A8
TGCACGGGTATTAAGG-1,0.38654953,0.1784133,0.25511092,0.17992625,1.3320429,RpL6,A9p1
TGCACGGGTCAGACTT-1,0.09729035,0.3756983,0.504072,0.02293935,1.0263902,dpn,A8
TGCACGGGTTTGCAGT-1,0.12922007,0.33485934,0.457045,0.07887561,1.1889551,dpn,A9p1
TGCACGGTCCGATCTC-1,0.6300522,0.09411542,0.034722097,0.24111028,0.97313,RpL6,A8
TGCACGGTCCTTATAC-1,0.1388992,0.3080768,0.47608435,0.07693966,1.1875801,dpn,A8
TGCACGGTCTTGCGCT-1,0.15850365,0.13993521,0.21126907,0.49029213,1.2450547,awd,A9p1
TGCAGATAGCAGTACG-1,0.29348913,0.0938874,0.21256219,0.40006125,1.2775663,awd,A8
TGCAGATAGCGTTGTT-1,0.23341617,0.1159607,0.105134144,0.545489,1.156865,awd,A9p2
TGCAGATGTCTTGAGT-1,0.057254545,0.425565,0.42959663,0.08758378,1.1035887,dpn,A8
TGCAGATGTGCATTTG-1,0.03412822,0.27275142,0.56978893,0.12333142,1.0482476,dpn,A8
TGCAGATGTTCCGGTG-1,0.18745953,0.42932913,0.2259031,0.15730828,1.3038684,br,A9p1
TGCAGGCAGAACTTCC-1,0.1903871,0.5162079,0.16202869,0.13137627,1.2186769,br,A8
TGCAGGCAGTCTGCGC-1,0.10613474,0.4333518,0.34250286,0.118010655,1.219606,br,A9p1
TGCAGGCCAATCGCCG-1,0.172493,0.08749318,0.087710015,0.6523038,1.0084443,awd,A10
TGCAGGCCACGAAGAC-1,0.0704559,0.3643133,0.23309658,0.3321343,1.260308,br,A9p1
TGCAGGCCATCGCTGG-1,0.3067978,0.20708089,0.47045723,0.015664052,1.1084353,dpn,A10
TGCAGGCTCGGAAACG-1,0.3662669,0.16951707,0.14153324,0.32268277,1.3104455,RpL6,A9p2
TGCAGTAAGATGAATC-1,0.3272888,0.49511433,0.051022716,0.12657413,1.1270385,br,A10
TGCAGTACATCCTGTC-1,0.4516266,0.31480268,0.08818377,0.14538696,1.2173469,RpL6,A8
TGCAGTAGTGCCCACA-1,0.48529932,0.10158674,0.058723543,0.35439038,1.1172844,RpL6,A9p1
TGCAGTATCACGGGCT-1,0.04145142,0.3610213,0.51974213,0.07778518,1.0385437,dpn,A9p2
TGCAGTATCGCCACTT-1,0.3688671,0.053214774,0.048321437,0.5295967,1.0070201,awd,A10
TGCATCCAGCGTGCTC-1,0.34524032,0.060244627,0.17457542,0.4199396,1.2054777,awd,A10
TGCATCCAGGATGTTA-1,0.26175678,0.5419973,0.17431705,0.02192882,1.0710912,br,A9p1
TGCATCCCAGCGTGCT-1,0.10708644,0.5928885,0.132965,0.16706008,1.1163926,br,A9p1
TGCATCCGTAACGTTC-1,0.40341523,0.09082127,0.2169147,0.28884882,1.2742912,RpL6,A10
TGCATCCGTCACCCTT-1,0.16762541,0.08851937,0.091233015,0.65262216,1.0109549,awd,A10
TGCATCCGTCGATGCC-1,0.18224056,0.36169997,0.3798937,0.07616583,1.241879,dpn,A9p1
TGCATCCGTTGCTCGG-1,0.93628,0.051950067,0.0018121053,0.009957897,0.27262643,RpL6,A9p2
TGCATGAAGAAGTATC-1,0.8719236,0.033700775,0.032460175,0.061915383,0.5172665,RpL6,A10
TGCATGAAGCGTCAAG-1,0.37075603,0.1060629,0.05922019,0.46396086,1.1295305,awd,A9p2
TGCATGAAGGTCATAA-1,0.9408535,0.030541662,0.007475567,0.02112921,0.28201,RpL6,A10
TGCATGAGTCAGGTGA-1,0.24482107,0.1996971,0.29512864,0.26035315,1.3767416,dpn,A10
TGCATGAGTGATTCAC-1,0.1331986,0.66551983,0.14856942,0.05271224,0.97791284,br,A9p1
TGCATGAGTGGGTTGA-1,0.15886599,0.43769705,0.09852562,0.30491138,1.2443833,br,A9p1
TGCATGATCGTTCTCG-1,0.030634955,0.38298005,0.5127072,0.073677875,1.0090253,dpn,A9p1
TGCCGAGAGAGCTGAC-1,0.4372556,0.088942915,0.19229113,0.28151032,1.2508123,RpL6,A10
TGCCGAGCAACGACTT-1,0.091837764,0.3658443,0.27114394,0.271174,1.2949098,br,A10
TGCCGAGCAGCAGTTT-1,0.088245116,0.04360806,0.24470598,0.6234408,0.98987865,awd,A9p1
TGCCGAGCAGGTATGG-1,0.1375654,0.30150178,0.5530474,0.007885301,1.0001398,dpn,A9p1
TGCCGAGCAGTCGAGA-1,0.067606956,0.30110982,0.5278042,0.10347906,1.1155654,dpn,A9p2
TGCCGAGGTACGTAGG-1,0.09352051,0.43998432,0.3878529,0.07864223,1.15016,br,A9p1
TGCCGAGGTCAACCAT-1,0.1669792,0.365432,0.29362166,0.17396712,1.3308169,br,A8
TGCCGAGGTTGCTGAT-1,0.24457556,0.1851682,0.38463363,0.18562259,1.3368027,dpn,A10
TGCCGAGGTTGTAAAG-1,0.06379852,0.68895906,0.21307456,0.034167834,0.877067,br,A9p2
TGCCGAGTCCGTGGCA-1,0.091659665,0.672718,0.08898063,0.14664166,0.98251295,br,A8
TGCCGAGTCTGGACCG-1,0.24111629,0.11340571,0.1368045,0.5086735,1.2058109,awd,A9p2
TGCGACGAGAACCGCA-1,0.17035948,0.19992425,0.3109925,0.3187237,1.3510247,awd,A10
TGCGACGAGATTAGTG-1,0.3986438,0.09476006,0.10913977,0.39745638,1.1984003,RpL6,A9p2
TGCGACGCACAAGCCC-1,0.11408725,0.033941537,0.08439979,0.76757145,0.774181,awd,A10
TGCGACGCAGGATCTT-1,0.12921757,0.11923069,0.15309274,0.59845895,1.1125379,awd,A9p2
TGCGACGCATACATCG-1,0.34385017,0.2620387,0.27503523,0.119075894,1.3264395,RpL6,A9p1
TGCGACGTCAGCAATC-1,0.08049139,0.36250976,0.5501677,0.0068312036,0.93345165,dpn,A9p1
TGCGATAAGCAGCAGT-1,0.28202254,0.07945762,0.15795812,0.48056167,1.2018596,awd,A9p2
TGCGATACAAAGCACG-1,0.55864006,0.1931697,0.12158905,0.12660119,1.1607246,RpL6,A8
TGCGATATCCGGACTG-1,0.14759544,0.058803637,0.08218822,0.7114127,0.8966197,awd,A9p1
TGCGATATCCTCATAT-1,0.36127865,0.5044835,0.019799646,0.114438176,1.0387237,br,A10
TGCGGCACAACACGAG-1,0.42672807,0.15074751,0.20098203,0.22154236,1.3050213,RpL6,A8
TGCGGCACACGCGTCA-1,0.031709917,0.4539435,0.5015937,0.012752923,0.8696618,dpn,A8
TGCGGCACAGGGTTGA-1,0.50300485,0.103031695,0.14002436,0.25393906,1.2031482,RpL6,A8
TGCGGCACATACTGTG-1,0.31808472,0.048576504,0.14429027,0.48904854,1.1404202,awd,A9p1
TGCGGCAGTCTTCTAT-1,0.8936258,0.09679221,0.0016159737,0.0079659885,0.37541595,RpL6,A10
TGCGGCAGTTCTTGTT-1,0.20083533,0.40987676,0.30767488,0.08161313,1.2551267,br,A8
TGCGGCAGTTGGACTT-1,0.088007234,0.48099908,0.2751121,0.15588154,1.2107093,br,A8
TGCGGCATCCCTCTCC-1,0.39937612,0.07025832,0.09845406,0.43191144,1.1439818,awd,A10
TGCGGCATCGAACACT-1,0.40705505,0.3636631,0.056796275,0.17248547,1.1997602,RpL6,A10
TGCGGCATCTCGTTTA-1,0.24773403,0.118805185,0.23404995,0.3994109,1.3052325,awd,A9p2
TGCGGCATCTGCTTAT-1,0.05697708,0.2952305,0.5312133,0.11657916,1.1100175,dpn,A9p1
TGCGGGTCAACTAGAA-1,0.10250653,0.039996054,0.06333414,0.7941633,0.72002625,awd,A10
TGCGGGTCAATCGAAA-1,0.13740823,0.18162535,0.066385835,0.6145806,1.0617895,awd,A10
TGCGGGTTCAAAGGAT-1,0.23978296,0.37921715,0.18889144,0.19210848,1.3418453,br,A9p1
TGCGGGTTCGACCATA-1,0.7782944,0.06599062,0.032202017,0.12351294,0.7434117,RpL6,A8
TGCTCCAAGGTGGGTT-1,0.5108711,0.12349086,0.24547628,0.12016174,1.20081,RpL6,A8
TGCTCCACAAGTTCCA-1,0.40010718,0.42128995,0.046717636,0.13188525,1.1409866,br,A8
TGCTCCACACAGTCAT-1,0.11368962,0.2803316,0.51727563,0.08870317,1.1595714,dpn,A9p1
TGCTCCACAGCAATTC-1,0.065518215,0.57013226,0.30715662,0.057192925,1.0251294,br,A8
TGCTCCACAGTTCACA-1,0.3811729,0.43350863,0.0598701,0.12544835,1.1589699,br,A8
TGCTCCAGTGCGTTTA-1,0.3254524,0.1499582,0.086304046,0.43828544,1.2228329,awd,A10
TGCTCCAGTTCGGTTA-1,0.10825583,0.19787316,0.6759221,0.0179489,0.8981628,dpn,A8
TGCTCCATCGCAATTG-1,0.28229073,0.09623266,0.37473166,0.246745,1.2954366,dpn,A9p1
TGCTCCATCTGCTAGA-1,0.43332344,0.07208632,0.16486225,0.329728,1.214972,RpL6,A9p2
TGCTCGTAGTAGGATT-1,0.305266,0.08042461,0.11574264,0.49856675,1.1615222,awd,A9p1
TGCTCGTCAACCTATG-1,0.46685803,0.090839475,0.2408281,0.2014744,1.2391539,RpL6,A9p2
TGCTCGTCACATAGCT-1,0.16733584,0.06811601,0.15983437,0.6047138,1.0793978,awd,A9p2
TGCTCGTCATAGCTGT-1,0.23406945,0.4162619,0.16944857,0.18022011,1.314357,br,A8
TGCTCGTGTACTCAAC-1,0.22646768,0.37513667,0.16246276,0.2359329,1.3401283,br,A8
TGCTCGTGTATCGAAA-1,0.3489691,0.19446574,0.15268973,0.30387542,1.3347368,RpL6,A9p2
TGCTCGTTCATGTCTT-1,0.08733979,0.0746345,0.732764,0.105261706,0.8714336,dpn,A10
TGCTGAAAGTCCTACA-1,0.14338617,0.07049647,0.49883685,0.28728053,1.1707098,dpn,A10
TGCTGAAAGTCTTGGT-1,0.3695108,0.1205933,0.23465768,0.27523825,1.3182267,RpL6,A9p2
TGCTGAACATGACTCA-1,0.33525994,0.097291246,0.35041967,0.21702914,1.2921005,dpn,A9p2
TGCTGAAGTAATACCC-1,0.060775433,0.34963745,0.5225677,0.06701942,1.0579104,dpn,A9p1
TGCTGAATCATCGGGC-1,0.2098293,0.24057133,0.19646719,0.35313225,1.3576745,awd,A10
TGCTGAATCCTGCCAT-1,0.14654365,0.16559196,0.25042593,0.4374385,1.2876196,awd,A9p2
TGCTGAATCGGTAGAG-1,0.2560375,0.36875337,0.050807748,0.32440135,1.2333066,br,A10
TGCTTCGAGAAGCTCG-1,0.13763507,0.15281808,0.36510473,0.3444421,1.2950062,dpn,A8
TGCTTCGAGGTAGTCG-1,0.16858508,0.25992027,0.07823211,0.49326253,1.1982826,awd,A9p1
TGCTTCGGTACAGAGC-1,0.3549408,0.13842633,0.15864728,0.34798554,1.3007884,RpL6,A10
TGCTTCGGTGTTCGTA-1,0.42553592,0.09946999,0.10898487,0.3660092,1.2025918,RpL6,A9p1
TGCTTCGTCACCGGTG-1,0.24544983,0.055894595,0.16339804,0.5352576,1.1365365,awd,A8
TGCTTCGTCCAGTGTA-1,0.08692613,0.34361085,0.43439916,0.1350639,1.2119923,dpn,A9p1
TGCTTGCAGTTAGTGA-1,0.121596135,0.38951182,0.17544794,0.31344408,1.2924538,br,A9p1
TGCTTGCCAATTGCCA-1,0.92307633,0.0485231,0.005498158,0.022902407,0.33580327,RpL6,A9p2
TGCTTGCCATGCTGCG-1,0.21250169,0.049538035,0.13039042,0.6075699,1.0463654,awd,A9p1
TGCTTGCGTGCTCGTG-1,0.2558573,0.24484986,0.07936035,0.41993248,1.2587378,awd,A10
TGCTTGCGTGGCTGCT-1,0.33867496,0.13439743,0.29702663,0.2299009,1.3349671,RpL6,A10
TGCTTGCGTTCCACGG-1,0.17133576,0.30382818,0.22009447,0.3047416,1.3594854,awd,A9p1
TGCTTGCTCGGCACTG-1,0.21064843,0.48907495,0.2630909,0.037185725,1.151607,br,A8
TGGAACTAGATGGGCT-1,0.025651673,0.27664122,0.5724141,0.12529296,1.0290508,dpn,A9p1
TGGAACTGTGTAACGG-1,0.69469815,0.022301095,0.14864562,0.13435516,0.8909106,RpL6,A9p2
TGGAACTTCCCTATTA-1,0.4020962,0.065258496,0.17737587,0.3552694,1.2188814,RpL6,A9p2
TGGAGAGAGCGCCTTG-1,0.050011273,0.5133831,0.36385977,0.07274588,1.0506071,br,A9p1
TGGAGAGAGGAAGTCC-1,0.13015516,0.39071774,0.42691848,0.052208673,1.1500981,dpn,A8
TGGAGAGCAATCGCGC-1,0.28251255,0.10140236,0.27240914,0.34367594,1.3105001,awd,A8
TGGAGAGGTAGTCACT-1,0.17397302,0.24076423,0.1994445,0.38581827,1.336084,awd,A8
TGGAGAGGTTGCTCAA-1,0.03496996,0.10369555,0.7721413,0.089193255,0.7675103,dpn,A9p2
TGGAGGACACACACGC-1,0.39580455,0.1151564,0.2145961,0.274443,1.3008728,RpL6,A9p2
TGGAGGACAGCTCCTT-1,0.64800465,0.112906456,0.22938874,0.009700162,0.91011643,RpL6,A9p1
TGGAGGACAGTGGCTC-1,0.09117118,0.34589735,0.1630238,0.39990765,1.247792,awd,A9p1
TGGAGGAGTATGAAGT-1,0.40936744,0.08428181,0.10426888,0.40208185,1.1761677,RpL6,A10
TGGAGGAGTCTCGACG-1,0.47578204,0.21410051,0.070215575,0.23990186,1.2123754,RpL6,A9p1
TGGAGGAGTGAGACCA-1,0.3224153,0.043508682,0.3123643,0.32171175,1.229653,RpL6,A8
TGGAGGAGTTCCGCGA-1,0.0995196,0.40896744,0.2618828,0.22963013,1.2840347,br,A8
TGGAGGAGTTCCTTGC-1,0.2769353,0.035019517,0.1705207,0.5175245,1.1154835,awd,A10
TGGAGGATCGCTAAAC-1,0.108843625,0.3681317,0.50654906,0.016475609,1.0214455,dpn,A8
TGGAGGATCTATCGCC-1,0.08062999,0.3775617,0.49938378,0.04242451,1.0515951,dpn,A9p2
TGGATCAAGAGTCCGA-1,0.41517118,0.40277782,0.03608027,0.14597073,1.131994,RpL6,A9p2
TGGATCAAGATCGCCC-1,0.24296263,0.42008278,0.25578046,0.0811741,1.2606757,br,A8
TGGATCAAGCGTATGG-1,0.09879962,0.3789177,0.264133,0.2581496,1.2976345,br,A8
TGGATCAAGGGTTGCA-1,0.053060282,0.44915456,0.3632791,0.13450605,1.1529896,br,A9p1
TGGATCAAGGTCATTC-1,0.075913034,0.15018122,0.6535387,0.1203671,1.0132742,dpn,A9p1
TGGATCAAGTAATCCC-1,0.22892231,0.18577303,0.3785603,0.20674443,1.3438268,dpn,A9p1
TGGATCACACTAACGT-1,0.15360074,0.1312015,0.40918705,0.30601075,1.2822291,dpn,A9p1
TGGATCACAGACCCGT-1,0.15726538,0.46379125,0.24959643,0.12934695,1.2582183,br,A8
TGGATCATCAGCAATC-1,0.29994416,0.15631685,0.118283674,0.42545536,1.267373,awd,A9p2
TGGATCATCCTTCTTC-1,0.071714744,0.32156605,0.4479206,0.15879859,1.2057569,dpn,A9p1
TGGATGTAGCCTCACG-1,0.2685052,0.07948466,0.37298435,0.27902585,1.2783308,dpn,A10
TGGATGTAGCGAGGAG-1,0.04462596,0.48725635,0.3684133,0.099704415,1.0868341,br,A9p1
TGGATGTAGCGGATCA-1,0.31357506,0.18249176,0.21316886,0.29076436,1.3627391,RpL6,A9p2
TGGATGTAGGTTGGTG-1,0.05757603,0.59330094,0.08590421,0.26321876,1.0362844,br,A9p2
TGGATGTCAAGGTACG-1,0.19351785,0.32923457,0.40164956,0.075598046,1.2451991,dpn,A9p1
TGGATGTCAGGGACTA-1,0.059057254,0.24177279,0.5735181,0.12565193,1.0898348,dpn,A9p2
TGGATGTGTAGGGAGG-1,0.37380356,0.19581299,0.2509772,0.17940632,1.3423113,RpL6,A10
TGGATGTGTCTACAAC-1,0.32712534,0.11367959,0.12389433,0.4353007,1.2334948,awd,A9p2
TGGATGTTCAGCTGAT-1,0.15000336,0.1170837,0.2111495,0.52176344,1.2035058,awd,A9p2
TGGCGTGAGACTCTTG-1,0.16150798,0.1978958,0.1590079,0.4815884,1.2593195,awd,A9p2
TGGCGTGAGCCATTGT-1,0.09651043,0.08514675,0.6542114,0.16413139,1.0095981,dpn,A9p1
TGGCGTGAGCGATTCT-1,0.8740193,0.1002087,0.004066104,0.021705879,0.45374075,RpL6,A10
TGGCGTGCATCATCTT-1,0.07284532,0.48403117,0.22848973,0.21463378,1.2096225,br,A9p1
TGGCGTGTCTCATGCC-1,0.3227472,0.13813724,0.09042767,0.44868788,1.2153411,awd,A10
TGGGAAGAGCGTACAG-1,0.30573592,0.120914765,0.08260813,0.49074113,1.1730843,awd,A8
TGGGAAGCACACAGCC-1,0.3330396,0.08900753,0.1274175,0.45053536,1.2032241,awd,A8
TGGGAAGGTCTTCATT-1,0.17081207,0.79162365,0.005527507,0.032036774,0.6258021,br,A10
TGGGAAGTCAGAATAG-1,0.46376345,0.07502767,0.11716989,0.34403896,1.1689782,RpL6,A9p2
TGGGAGAAGAAACTCA-1,0.38074312,0.06977414,0.11223577,0.43724692,1.1606228,awd,A8
TGGGAGAAGTGCCCGT-1,0.06668798,0.7373448,0.14556547,0.050401796,0.83635217,br,A9p1
TGGGAGAGTCACTAGT-1,0.98216003,0.014708497,0.0004698336,0.002661582,0.09912036,RpL6,A10
TGGGAGATCAAAGGTA-1,0.32334253,0.20748465,0.15452927,0.3146436,1.343769,RpL6,A9p2
TGGGAGATCCGTAGGC-1,0.09283101,0.42115203,0.1374692,0.3485478,1.2250031,br,A9p2
TGGGATTAGGCGAAGG-1,0.09132153,0.21471368,0.54253286,0.15143187,1.1665006,dpn,A9p1
TGGGATTCAAATAAGC-1,0.18450475,0.48756492,0.18047637,0.14745401,1.253327,br,A10
TGGGATTCACCATATG-1,0.13082553,0.05998413,0.23410684,0.57508343,1.0929378,awd,A10
TGGGATTGTAGACAGC-1,0.053405076,0.59281313,0.3138453,0.039936528,0.958752,br,A9p1
TGGGATTGTTGGGACA-1,0.35483453,0.4244558,0.050853867,0.16985582,1.1839864,br,A9p2
TGGGATTTCCTGTAGA-1,0.41160208,0.14673646,0.16076198,0.28089947,1.297503,RpL6,A10
TGGGATTTCGCGCTGA-1,0.15669838,0.24055946,0.19417831,0.40856388,1.3171386,awd,A9p1
TGGGCGTAGGATGGCT-1,0.30405518,0.16316111,0.12720448,0.40557918,1.2861066,awd,A10
TGGGCGTCAATCAAGA-1,0.18520376,0.31708428,0.10883525,0.3888767,1.2851871,awd,A9p1
TGGGCGTCACTGCATA-1,0.35510176,0.07067905,0.3218695,0.25234976,1.267271,RpL6,A10
TGGGCGTCAGGCTACC-1,0.84917915,0.10607626,0.006976756,0.03776779,0.5351999,RpL6,A9p2
TGGGCGTGTGCCTATA-1,0.069471404,0.34172904,0.18999565,0.39880392,1.234347,awd,A9p1
TGGGCGTTCGGTAGGA-1,0.2734713,0.028013753,0.06845229,0.63006264,0.9293339,awd,A9p1
TGGGCGTTCTTCGTGC-1,0.4343386,0.07247988,0.17539346,0.31778812,1.2220423,RpL6,A9p1
TGGGCTGAGCGATGAC-1,0.062208496,0.37494212,0.50939244,0.053456917,1.0407542,dpn,A9p2
TGGGCTGCAATAACCC-1,0.631188,0.16585842,0.024462622,0.17849101,0.98677677,RpL6,A9p1
TGGGCTGGTGCGGCTT-1,0.9639483,0.030657666,0.0013093929,0.004084634,0.17339157,RpL6,A10
TGGGCTGGTTCCAAAC-1,0.50458264,0.03937883,0.07566395,0.38037452,1.0355109,RpL6,A9p2
TGGGCTGTCACGAGGA-1,0.34807944,0.18926932,0.23321839,0.22943287,1.3596646,RpL6,A10
TGGGTTAAGCTCGGCT-1,0.04980181,0.5983201,0.3197496,0.03212853,0.9317477,br,A9p2
TGGGTTACAGTGGCTC-1,0.20649843,0.10065459,0.2645781,0.42826885,1.2718143,awd,A9p1
TGGGTTATCGCTGACG-1,0.12147729,0.3822776,0.11261734,0.38362777,1.2371551,awd,A9p1
TGGTACAAGCCTCCAG-1,0.3340158,0.13142383,0.1778446,0.35671583,1.3077911,awd,A10
TGGTACACATCATTGG-1,0.07823368,0.10183783,0.122496635,0.69743186,0.94050205,awd,A9p1
TGGTACAGTAACTAAG-1,0.261654,0.46281743,0.2275779,0.04795069,1.1899022,br,A9p2
TGGTACAGTTCAAGTC-1,0.06788999,0.6035837,0.18674567,0.14178061,1.0776721,br,A10
TGGTAGTAGCAACAGC-1,0.37968156,0.034179572,0.042733874,0.543405,0.94923943,awd,A8
TGGTAGTGTATCGTTG-1,0.1965616,0.16509552,0.11602276,0.52232015,1.2062806,awd,A9p1
TGGTAGTTCCCGTTGT-1,0.30708545,0.1134269,0.15313014,0.42635745,1.2602425,awd,A8
TGGTAGTTCTCATTTG-1,0.25510666,0.3317764,0.244235,0.16888195,1.359187,br,A10
TGGTAGTTCTGGTGGC-1,0.3164175,0.10796731,0.18908022,0.386535,1.2867699,awd,A9p1
TGGTGATAGCGTGTTT-1,0.0957148,0.30531448,0.4475209,0.15144984,1.2324954,dpn,A9p1
TGGTGATCAAGCAATA-1,0.6065157,0.10978584,0.19098875,0.092709765,1.0824939,RpL6,A9p1
TGGTGATCAGCCCACA-1,0.279414,0.2034746,0.18036863,0.33674273,1.3556947,awd,A9p1
TGGTGATGTAACGCGA-1,0.4528761,0.08572617,0.06792554,0.39347222,1.1190187,RpL6,A8
TGGTGATGTACCAATC-1,0.22489503,0.2272592,0.44487792,0.10296783,1.2667046,dpn,A9p1
TGGTGATTCACAATGC-1,0.08284158,0.1820485,0.43276584,0.30234417,1.2405878,dpn,A9p1
TGGTGATTCATCGCTC-1,0.07239113,0.5979194,0.1748151,0.15487435,1.0913296,br,A10
TGGTTAGGTCAGCGTC-1,0.12087032,0.34669903,0.04773756,0.48469308,1.1189144,awd,A9p2
TGGTTAGGTCCAAATC-1,0.08175149,0.14162058,0.58982,0.18680793,1.1063149,dpn,A8
TGGTTAGGTCCTACGG-1,0.4295486,0.06276061,0.13589172,0.371799,1.1758101,RpL6,A9p2
TGGTTAGTCACCGCTT-1,0.43068373,0.10032863,0.35365433,0.115333304,1.2101985,RpL6,A9p2
TGGTTAGTCGACGAGA-1,0.2661152,0.13327135,0.06951275,0.5311007,1.1423016,awd,A9p1
TGTAACGAGCCTCACG-1,0.041328482,0.13359472,0.8000626,0.025014237,0.6713262,dpn,A10
TGTAACGCATCATTTC-1,0.67405254,0.012125704,0.028098628,0.2857231,0.77768576,RpL6,A9p1
TGTAACGTCCGGTAAT-1,0.26409435,0.12615125,0.14248627,0.46726814,1.2459536,awd,A10
TGTAACGTCCTGTACC-1,0.16311572,0.3605111,0.2640138,0.21235943,1.3442292,br,A9p2
TGTAACGTCGTGGCTG-1,0.16995363,0.15861137,0.19607545,0.47535956,1.266222,awd,A9p2
TGTAAGCAGAGAGGTA-1,0.10128927,0.4989682,0.195841,0.20390157,1.2223556,br,A10
TGTAAGCAGATAACGT-1,0.4767606,0.10444839,0.06660389,0.35218704,1.1370808,RpL6,A9p2
TGTAAGCAGCGTATAA-1,0.21036108,0.31310198,0.14405234,0.33248463,1.3367524,awd,A9p1
TGTAAGCAGCTAAGTA-1,0.26562047,0.17285559,0.16619001,0.39533395,1.3206708,awd,A9p2
TGTAAGCAGGATTCCT-1,0.112078935,0.16281052,0.10126619,0.6238444,1.0670826,awd,A9p2
TGTACAGAGCAATTCC-1,0.40483475,0.043308027,0.19375448,0.35810274,1.1877756,RpL6,A10
TGTACAGAGTTTGCTG-1,0.22143883,0.2887564,0.10635506,0.3834497,1.2984214,awd,A9p2
TGTACAGCAACCGCCA-1,0.4441491,0.21234657,0.10194247,0.24156186,1.2654476,RpL6,A9p1
TGTACAGCAATTGAGA-1,0.09138311,0.3025166,0.4431279,0.16297242,1.2366673,dpn,A9p1
TGTACAGCATGACAGG-1,0.38619593,0.33551502,0.096156105,0.18213293,1.2691954,RpL6,A10
TGTACAGCATGGGTCC-1,0.40381825,0.07070479,0.30612713,0.2193498,1.248645,RpL6,A9p1
TGTACAGCATTGTCGA-1,0.20336145,0.20384045,0.104409605,0.48838848,1.2340069,awd,A10
TGTACAGGTCGAACGA-1,0.17931922,0.097167425,0.51974094,0.20377238,1.1989868,dpn,A9p2
TGTACAGGTTGGAGAC-1,0.51732904,0.16891983,0.27069533,0.043055832,1.1305104,RpL6,A10
TGTAGACAGAATTGTG-1,0.35859293,0.23858988,0.15555015,0.24726704,1.3446113,RpL6,A9p2
TGTAGACAGTTGGGAC-1,0.10038496,0.46462068,0.0854815,0.3495129,1.1645578,br,A9p1
TGTAGACCACTTCATT-1,0.45254466,0.0964844,0.13466586,0.31630507,1.218507,RpL6,A9p2
TGTAGACCAGATCCTA-1,0.39875996,0.1810233,0.09353033,0.3266864,1.2631097,RpL6,A9p2
TGTAGACCAGTCGGTC-1,0.40867612,0.1356442,0.19446883,0.26121086,1.3057718,RpL6,A10
TGTAGACGTAAGTTAG-1,0.9050687,0.05250516,0.01751435,0.024911756,0.4078255,RpL6,A8
TGTAGACGTCAATGGG-1,0.06622225,0.55386484,0.3073873,0.072525576,1.0599209,br,A8
TGTAGACTCCGATCTC-1,0.31356385,0.14610927,0.119635105,0.42069173,1.2629633,awd,A9p2
TGTAGACTCGATGCTA-1,0.14119841,0.48361984,0.028754184,0.3464276,1.0970263,br,A10
TGTAGACTCTAGGCAT-1,0.30601287,0.19065814,0.08826949,0.4150595,1.2575686,awd,A9p2
TGTAGACTCTCGCTTG-1,0.17644963,0.39057004,0.3516643,0.08131604,1.2448565,br,A9p1
TGTCAGAAGGATGTTA-1,0.043621607,0.07118642,0.88293713,0.002254806,0.44840762,dpn,A9p1
TGTCAGAAGTCTCCTC-1,0.2969021,0.19940989,0.13192931,0.3717587,1.3171513,awd,A9p1
TGTCAGACACTCTAGA-1,0.45000395,0.16534829,0.1953278,0.18932,1.2909787,RpL6,A10
TGTCAGAGTTAACAGA-1,0.30316383,0.25196254,0.15315546,0.29171813,1.3558977,RpL6,A9p2
TGTCCACAGGTTAAAC-1,0.06630346,0.31516823,0.47050476,0.14802353,1.1813424,dpn,A9p2
TGTCCACAGTGGAAGA-1,0.349275,0.17085513,0.13495708,0.34491286,1.3067305,RpL6,A9p2
TGTCCACTCCCTCGTA-1,0.75123775,0.06590639,0.06109313,0.12176272,0.8212831,RpL6,A10
TGTCCCAAGTTGGACG-1,0.19958702,0.13093574,0.48809084,0.18138635,1.2475685,dpn,A9p2
TGTCCCACAGCTTCGG-1,0.049405627,0.029983101,0.09094899,0.82966226,0.6267258,awd,A9p2
TGTCCCATCGATACGT-1,0.18564902,0.21396878,0.26002088,0.34036127,1.3596077,awd,A9p1
TGTCCTGAGACTGGGT-1,0.32186732,0.27393982,0.16746017,0.23673272,1.359927,RpL6,A10
TGTCCTGAGCACTCAT-1,0.21506055,0.24859476,0.17230862,0.36403605,1.347398,awd,A9p1
TGTCCTGCAAGTGTCT-1,0.022950694,0.09479244,0.81410074,0.06815607,0.66046363,dpn,A8
TGTCCTGTCCCGAATA-1,0.10762332,0.15533966,0.6632226,0.073814414,0.9938934,dpn,A9p1
TGTCCTGTCGATTTCT-1,0.45839325,0.1759327,0.22705467,0.13861936,1.273808,RpL6,A8
TGTGAGTCAGAGATTA-1,0.04698636,0.33118287,0.3381918,0.28363898,1.2337127,dpn,A9p1
TGTGAGTCAGGACTAG-1,0.022430839,0.20098554,0.26476076,0.5118229,1.102318,awd,A9p2
TGTGATGAGTGGATTA-1,0.43720996,0.060241666,0.08026597,0.4222824,1.0974697,RpL6,A9p1
TGTGATGCACCGTGCA-1,0.11940141,0.26015082,0.49117267,0.12927505,1.2177275,dpn,A8
TGTGATGCAGAGTAAT-1,0.22940312,0.12978315,0.08617782,0.5546359,1.1409252,awd,A9p2
TGTGATGGTCAACACT-1,0.36995476,0.43054798,0.057067882,0.14242928,1.1716914,br,A10
TGTGATGGTGATATAG-1,0.088272855,0.3740776,0.27607673,0.26157293,1.2882063,br,A9p1
TGTGATGGTGGCTTAT-1,0.13909486,0.09384476,0.23480669,0.53225374,1.1723168,awd,A10
TGTGATGTCGTCAGAT-1,0.43621483,0.089071535,0.13952506,0.3351886,1.2184738,RpL6,A10
TGTGCGGAGCACTCAT-1,0.029906508,0.2691648,0.6298645,0.07106416,0.93728364,dpn,A8
TGTGCGGCAACCTATG-1,0.09898256,0.2574713,0.5113909,0.13215518,1.1886795,dpn,A9p1
TGTGCGGGTAACATAG-1,0.75656587,0.039497964,0.094031766,0.10990438,0.80368125,RpL6,A9p2
TGTGCGGGTGACGCCT-1,0.1132799,0.3214752,0.25016013,0.3150848,1.3220639,br,A9p1
TGTGCGGGTTGACTAC-1,0.1420138,0.08941228,0.10516362,0.6634103,1.0021642,awd,A10
TGTGCGGTCTGCCCTA-1,0.50046206,0.26386738,0.17703086,0.05863973,1.1708235,RpL6,A10
TGTGGCGGTAACACCT-1,0.5491145,0.11003006,0.26065487,0.080200516,1.1248319,RpL6,A9p2
TGTGGCGGTAGTCTGT-1,0.04867982,0.36393356,0.2023389,0.3850477,1.2057768,awd,A9p1
TGTGGCGTCATCTCTA-1,0.04310605,0.24040672,0.6078553,0.10863195,1.0219524,dpn,A9p1
TGTGGCGTCTATACGG-1,0.24236752,0.13520683,0.08630778,0.53611785,1.159706,awd,A8
TGTGTGACAAGATCCT-1,0.34753996,0.4778901,0.03886532,0.13570464,1.1174288,br,A9p2
TGTGTGATCACACGAT-1,0.28578562,0.33459166,0.05026523,0.3293575,1.2403796,br,A9p2
TGTGTGATCCTACACC-1,0.328734,0.12371521,0.22597082,0.32157996,1.3251884,RpL6,A9p2
TGTGTGATCGAACACT-1,0.37527922,0.085773155,0.30638048,0.23256713,1.2801116,RpL6,A9p1
TGTGTGATCGAAGAAT-1,0.16718745,0.19571537,0.590174,0.046923187,1.0730388,dpn,A9p1
TGTGTGATCTTCTTCC-1,0.23648798,0.6667106,0.023098357,0.07370306,0.89049673,br,A10
TGTTACTAGCAAATCA-1,0.2751436,0.1376746,0.19582632,0.3913555,1.3144982,awd,A8
TGTTACTAGTCCTACA-1,0.48924917,0.2344272,0.14493558,0.13138807,1.236422,RpL6,A8
TGTTACTCACACTGGC-1,0.83836395,0.13722397,0.0045540403,0.019858014,0.52273285,RpL6,A9p2
TGTTACTGTGCGAGTA-1,0.20453863,0.030130677,0.4264186,0.3389121,1.1602852,dpn,A8
TGTTACTGTGTTACAC-1,0.2127865,0.03286981,0.46066567,0.29367805,1.1584262,dpn,A9p1
TGTTACTTCTAGAACC-1,0.45015088,0.13360423,0.065083474,0.35116148,1.1735337,RpL6,A9p2
TGTTACTTCTCGGCTT-1,0.88746715,0.09232754,0.004648254,0.015556928,0.41564578,RpL6,A10
TGTTACTTCTTGCAGA-1,0.040221352,0.77339727,0.07622564,0.11015572,0.76717687,br,A9p1
TGTTCATAGCATTGAA-1,0.018724548,0.16586806,0.7319737,0.083433665,0.8080852,dpn,A10
TGTTCATAGTATGACA-1,0.20283481,0.13590474,0.30560356,0.35565686,1.324791,awd,A9p2
TGTTCATCAGCTACAT-1,0.8706874,0.088786826,0.009122346,0.031403318,0.48709464,RpL6,A9p2
TGTTCATCATCGCTCT-1,0.0809599,0.7735334,0.05093425,0.09457246,0.77683103,br,A9p1
TGTTCCGAGGTAATCA-1,0.12765221,0.19018777,0.39544216,0.28671795,1.303484,dpn,A9p1
TGTTCCGCAATCGCAT-1,0.25816193,0.076510325,0.18821697,0.47711077,1.2136691,awd,A9p1
TGTTCCGCATTACTCT-1,0.18910299,0.12850688,0.20335814,0.47903198,1.2550789,awd,A10
TGTTCCGTCTGGACCG-1,0.47823963,0.14344214,0.16031194,0.21800625,1.2568561,RpL6,A10
TGTTCTACACGTTGGC-1,0.079434276,0.17082569,0.5574535,0.19228655,1.1458597,dpn,A9p1
TGTTCTAGTCTTCATT-1,0.12310674,0.27204958,0.10267747,0.5021662,1.1916332,awd,A9p2
TGTTCTATCGTCAAAC-1,0.319071,0.057122227,0.45547748,0.16832924,1.1861303,dpn,A8
TGTTGAGAGACATAAC-1,0.44884115,0.09980578,0.09366762,0.3576854,1.1791079,RpL6,A10
TGTTGAGAGCCGTTGC-1,0.12768042,0.41635522,0.12421666,0.33174774,1.2527385,br,A9p1
TGTTGAGGTCAGTCTA-1,0.19339743,0.22704735,0.37206268,0.20749255,1.3485441,dpn,A9p1
TGTTGAGTCAACCTCC-1,0.30859888,0.12202316,0.08455359,0.4848244,1.1793811,awd,A10
TGTTGAGTCAGTGCGC-1,0.10939761,0.24145421,0.4879262,0.16122192,1.2295532,dpn,A9p1
TGTTGAGTCGACGATT-1,0.31850883,0.23316242,0.2052892,0.24303949,1.3727254,RpL6,A9p1
TGTTGGAAGTCAGCCC-1,0.061984025,0.64752614,0.26381525,0.026674477,0.9019874,br,A9p2
TGTTGGACAGTGTATC-1,0.28040853,0.4905914,0.06330458,0.16569544,1.1784759,br,A10
TGTTGGATCAGTGCGC-1,0.030587537,0.13870063,0.8024544,0.028257336,0.65803945,dpn,A9p1
TGTTGGATCATCCTGC-1,0.31557247,0.06904214,0.083823204,0.53156215,1.0922375,awd,A9p2
TGTTGGATCATCGTAG-1,0.16517325,0.2980048,0.2368498,0.29997212,1.3605435,awd,A10
TGTTGGATCCACTTTA-1,0.10857725,0.10749811,0.7490976,0.034827035,0.8141552,dpn,A9p1
TGTTTGTAGATTGAGT-1,0.42182297,0.044318456,0.05426739,0.47959122,1.0127566,awd,A9p2
TGTTTGTAGGGAGGCA-1,0.14393237,0.041950475,0.12578082,0.6883363,0.92988515,awd,A9p1
TGTTTGTCAACCGGAA-1,0.061533477,0.05884274,0.09554999,0.7840738,0.7533499,awd,A9p1
TGTTTGTCATACAGCT-1,0.10805993,0.35890564,0.50937194,0.023662502,1.0404096,dpn,A8
TGTTTGTTCCATTTCA-1,0.18118922,0.26351312,0.31510514,0.24019256,1.3674337,dpn,A9p1
TTAATCCCAATGCAAA-1,0.09271018,0.27509227,0.53954595,0.09265159,1.1288623,dpn,A8
TTAATCCGTCTCGGGT-1,0.04653013,0.55727845,0.13319688,0.26299456,1.0883503,br,A10
TTAATCCGTCTTACAG-1,0.2911313,0.16879763,0.13452798,0.40554306,1.2954257,awd,A10
TTAATCCTCACCACAA-1,0.10060807,0.68966836,0.18157211,0.028151395,0.89757675,br,A10
TTACAGGCAATCGCCG-1,0.15560764,0.16031237,0.3889634,0.2951166,1.3104103,dpn,A9p2
TTACAGGGTACAGAAT-1,0.21343234,0.23804551,0.21258047,0.33594173,1.3669157,awd,A8
TTACAGGTCCGCTAGG-1,0.2931729,0.31575742,0.16806893,0.22300076,1.3580816,br,A10
TTACAGGTCTTAGGAC-1,0.10894614,0.3836232,0.49174672,0.015683975,1.0232764,dpn,A8
TTACCATCACAACCGC-1,0.048603605,0.5428317,0.22184598,0.18671863,1.1260182,br,A9p1
TTACCATCACACGGTC-1,0.33251432,0.09152882,0.16720589,0.40875098,1.2497183,awd,A8
TTACCATGTATTCCTT-1,0.06359287,0.037428457,0.19656613,0.70241255,0.8660606,awd,A10
TTACCATTCGCTCTAC-1,0.15887304,0.29243928,0.25969702,0.28899065,1.3606999,br,A10
TTACCATTCGTGAGAG-1,0.1992795,0.5137427,0.08608879,0.20088914,1.1971662,br,A10
TTACCGCAGGTAGACC-1,0.0061053624,0.074001506,0.6619244,0.2579687,0.84644294,dpn,A9p1
TTACCGCGTCTTACTT-1,0.50178206,0.039453816,0.04490041,0.4138637,0.978021,RpL6,A9p1
TTACCGCGTGAGATCG-1,0.3573296,0.19445598,0.044901427,0.403313,1.1917251,awd,A9p2
TTACCGCGTTCTCCTG-1,0.1073054,0.2826781,0.33836678,0.27164975,1.3173504,dpn,A9p1
TTACCGCTCTATCCAT-1,0.11989858,0.4312184,0.22035769,0.22852536,1.2876531,br,A9p1
TTACCGCTCTGCTGAA-1,0.11909343,0.24534106,0.30058348,0.33498204,1.3258157,awd,A10
TTACCGCTCTTACCAT-1,0.098981015,0.30274805,0.03809487,0.560176,1.0397719,awd,A9p1
TTACGCCAGTGCGCTC-1,0.032669123,0.20031881,0.6815031,0.08550896,0.9054567,dpn,A9p2
TTACGCCCAGTGTGGA-1,0.31902784,0.14620268,0.14685114,0.38791832,1.2946479,awd,A10
TTACGCCGTGGTCTTA-1,0.33323485,0.17316562,0.35773265,0.13586693,1.3087808,dpn,A10
TTACGTTAGATTTGCC-1,0.23564157,0.122943275,0.22456628,0.4168489,1.2984642,awd,A9p1
TTACGTTAGGCCTGCT-1,0.9393067,0.034056943,0.0055724834,0.021063957,0.28414774,RpL6,A9p2
TTACGTTCACACAGCC-1,0.2232484,0.15638801,0.066167004,0.5541966,1.1317071,awd,A9p1
TTACGTTCACTTGAGT-1,0.1906414,0.6007919,0.16979182,0.038774826,1.0491586,br,A8
TTACGTTCATAGGTAA-1,0.74915177,0.059755284,0.09323773,0.09785517,0.83338326,RpL6,A9p2
TTACGTTGTCCAGAAG-1,0.051830232,0.191407,0.69257134,0.06419145,0.9005439,dpn,A9p1
TTACGTTGTCCTCCAT-1,0.29049563,0.32810196,0.11692394,0.2644785,1.3274491,br,A9p2
TTACGTTGTGCATCTA-1,0.12724656,0.5060622,0.13092847,0.23576285,1.2138636,br,A9p1
TTACGTTTCACCATGA-1,0.056574803,0.2106051,0.5384492,0.1943709,1.1422786,dpn,A9p1
TTACGTTTCTAAACGC-1,0.07715385,0.47160858,0.4208618,0.030375721,1.0224998,br,A8
TTACGTTTCTAGCCTC-1,0.3019006,0.24980353,0.23197326,0.21632265,1.3782015,RpL6,A9p2
TTACTGTAGCCTATTG-1,0.24552225,0.40969732,0.22100715,0.12377328,1.302615,br,A9p1
TTACTGTAGGAACTCG-1,0.18431203,0.14731179,0.10555323,0.562823,1.1546726,awd,A9p1
TTACTGTTCATACAGC-1,0.16408707,0.46537253,0.14238718,0.22815329,1.267228,br,A9p1
TTACTGTTCTCTTGCG-1,0.032226015,0.5061934,0.31205845,0.14952211,1.1028814,br,A10
TTAGGCAAGAAATTCG-1,0.097166136,0.38291323,0.29805905,0.22186162,1.28895,br,A9p1
TTAGGCAAGTTGCGCC-1,0.12261382,0.21709336,0.074149854,0.58614296,1.0949519,awd,A9p1
TTAGGCACATCTGGGC-1,0.23628925,0.12207298,0.17835423,0.46328354,1.2615678,awd,A10
TTAGGCAGTCATCAGT-1,0.090195484,0.22318868,0.5838262,0.10278965,1.0997555,dpn,A9p1
TTAGGCAGTCGGAAAC-1,0.39730188,0.053058673,0.11365167,0.43598774,1.1316125,awd,A9p2
TTAGGGTAGGAAGTCC-1,0.14328167,0.144252,0.079819396,0.632647,1.0491232,awd,A9p1
TTAGGGTCACCCAATA-1,0.31472483,0.21525846,0.22539105,0.24462561,1.3747122,RpL6,A9p2
TTAGGGTCACCGCTGA-1,0.24038696,0.25261304,0.15719609,0.3498039,1.3485241,awd,A9p1
TTAGGGTCATGGGATG-1,0.4130372,0.11597832,0.21838419,0.25260022,1.2949089,RpL6,A9p2
TTAGGGTGTAAGTTGA-1,0.07854456,0.32267523,0.54663,0.05215021,1.0489928,dpn,A8
TTAGGGTGTCCACGCA-1,0.32035223,0.5077572,0.0468729,0.12501773,1.1121964,br,A10
TTAGTCTAGAATCGAT-1,0.3558213,0.09197476,0.24596982,0.3062341,1.2945367,RpL6,A9p1
TTAGTCTAGACGGATC-1,0.0683307,0.2501495,0.60512763,0.07639213,1.0304259,dpn,A9p2
TTAGTCTCAGCGATTT-1,0.21343756,0.5808204,0.19237565,0.01336643,1.0199732,br,A8
TTAGTCTCAGCTACTA-1,0.29655433,0.18397972,0.15639566,0.36307028,1.329953,awd,A8
TTAGTCTGTCTCGCGA-1,0.10675871,0.14361499,0.18851201,0.5611142,1.1563199,awd,A10
TTAGTCTTCACAACCA-1,0.43877012,0.4902371,0.011799371,0.059193395,0.9306456,br,A10
TTATTGCAGAGGGTGG-1,0.3389749,0.20078488,0.11601789,0.3442223,1.3060831,awd,A10
TTATTGCCAGGTGTTT-1,0.30270457,0.050404117,0.17744246,0.46944886,1.1741356,awd,A10
TTATTGCGTCACCGCA-1,0.097130656,0.3608906,0.38508108,0.15689763,1.2523752,dpn,A10
TTATTGCGTTGCATTG-1,0.3052707,0.05206985,0.10973939,0.53292,1.0939927,awd,A9p1
TTATTGCTCCCTTGGT-1,0.4408068,0.34257138,0.06991147,0.1467103,1.1956562,RpL6,A8
TTCAATCAGAGTGTTA-1,0.20990366,0.24495643,0.27917287,0.26596707,1.3807017,dpn,A9p1
TTCAATCCACTACACA-1,0.32492888,0.052004892,0.4032365,0.21982974,1.2182693,dpn,A9p1
TTCAATCCATCCCACT-1,0.09336139,0.65260166,0.2075884,0.046448544,0.9688483,br,A9p2
TTCAATCGTACGCTTA-1,0.5833256,0.04391244,0.15095158,0.22181033,1.0711191,RpL6,A9p2
TTCAATCGTAGTGATA-1,0.05171994,0.36306053,0.39055455,0.19466497,1.2067966,dpn,A9p1
TTCAATCGTGATAGTA-1,0.18314153,0.043609265,0.3167101,0.4565391,1.1695943,awd,A10
TTCAATCTCAAACCTG-1,0.12966758,0.22455207,0.12494451,0.52083594,1.1999062,awd,A9p1
TTCACCGAGTAGCCAG-1,0.04434638,0.23223609,0.5805938,0.14282373,1.0708627,dpn,A8
TTCACCGCAAACGTGG-1,0.7867879,0.046473812,0.067459375,0.099278815,0.74249333,RpL6,A8
TTCACCGCACTTCAGA-1,0.3266168,0.2958587,0.20001079,0.17751366,1.3545555,RpL6,A9p2
TTCACCGGTACAGGTG-1,0.88806427,0.028715838,0.03239237,0.050827503,0.46990484,RpL6,A10
TTCACCGTCTGGTGGC-1,0.9378402,0.0337492,0.0048501436,0.02356051,0.28871018,RpL6,A9p2
TTCACGCAGGTGGTTG-1,0.4200827,0.38061205,0.052282006,0.14702334,1.1681583,RpL6,A9p2
TTCACGCAGTCCGCCA-1,0.48412454,0.08646247,0.3581999,0.07121313,1.1187558,RpL6,A9p1
TTCACGCCAAGGCTTT-1,0.116059385,0.02741907,0.19275782,0.66376376,0.93793565,awd,A10
TTCACGCCACGTCGGT-1,0.13521522,0.072224446,0.20963703,0.5829233,1.1024904,awd,A10
TTCACGCCAGGAACCA-1,0.3709772,0.45079857,0.048427857,0.12979634,1.138674,br,A10
TTCACGCGTACGATCT-1,0.36215398,0.43404612,0.052279297,0.15152061,1.1703002,br,A9p2
TTCACGCGTCTGTGCG-1,0.11290388,0.60205555,0.0999138,0.18512675,1.0941565,br,A9p1
TTCACGCTCCCTCAAC-1,0.20839283,0.25663155,0.07092461,0.464051,1.2198335,awd,A8
TTCACGCTCGCTTTAT-1,0.0047186,0.47529212,0.4520006,0.06798874,0.92051125,br,A10
TTCAGGAAGGCTCAAG-1,0.13322155,0.2428932,0.10538468,0.5185006,1.1899551,awd,A9p1
TTCAGGAAGTTCATGC-1,0.4153803,0.08000259,0.42145088,0.083166264,1.1379819,dpn,A10
TTCAGGACAGAGTAAT-1,0.191065,0.21975271,0.090730086,0.49845222,1.2140067,awd,A10
TTCAGGACAGCACAGA-1,0.12464541,0.32267445,0.32819575,0.22448434,1.3255537,dpn,A9p2
TTCAGGAGTGGTCTTA-1,0.18179972,0.3350562,0.19696124,0.28618285,1.3543735,br,A10
TTCAGGATCCATAGAC-1,0.07134033,0.80893517,0.09435722,0.025367312,0.67583615,br,A9p1
TTCAGGATCCGCACGA-1,0.15758273,0.12362171,0.13307509,0.58572054,1.1313175,awd,A9p1
TTCATGTAGCGAGTAC-1,0.072221525,0.50707036,0.26312217,0.15758587,1.1766427,br,A8
TTCATGTGTCGCTTGG-1,0.1637883,0.20659633,0.5192671,0.11034822,1.2056377,dpn,A9p2
TTCATGTGTGGCCACT-1,0.015737446,0.8472195,0.05527442,0.08176869,0.570584,br,A10
TTCATGTGTTATGGTC-1,0.045310423,0.034834944,0.8821422,0.037712388,0.4913807,dpn,A9p2
TTCATGTTCAGCCTCT-1,0.38740683,0.39354303,0.07643083,0.14261928,1.2086685,br,A10
TTCATGTTCCACGGGT-1,0.3490557,0.11159716,0.18538,0.35396716,1.2921491,awd,A9p1
TTCATTGCATCTCAAG-1,0.13810553,0.067288734,0.06305314,0.7315526,0.857947,awd,A9p1
TTCATTGTCTGTGCTC-1,0.10925146,0.13520555,0.73146474,0.024078155,0.83089435,dpn,A9p1
TTCATTGTCTTCCCAG-1,0.66322774,0.09202158,0.043138336,0.20161238,0.95034695,RpL6,A9p2
TTCCAATAGCGTCTGC-1,0.46273983,0.110557035,0.134621,0.2920822,1.2294799,RpL6,A8
TTCCAATAGGCACAAC-1,0.042172916,0.20609482,0.49090326,0.26082897,1.1588359,dpn,A9p1
TTCCAATAGTCCCAAT-1,0.19365317,0.40529546,0.26385328,0.13719803,1.3080245,br,A9p2
TTCCAATGTACCCAGC-1,0.050835505,0.12889858,0.7125766,0.10768929,0.8969808,dpn,A10
TTCCAATTCGTGGGTC-1,0.14157991,0.07725586,0.1860182,0.595146,1.0963134,awd,A9p1
TTCCACGCACTCCTGT-1,0.14072135,0.26678506,0.39608213,0.1964115,1.3149505,dpn,A8
TTCCGGTCAAATTAGG-1,0.12045481,0.40371075,0.25404006,0.22179443,1.3032539,br,A9p1
TTCCGGTCACCCTTGT-1,0.10457761,0.2137415,0.08492536,0.5967555,1.0834167,awd,A10
TTCCGGTCATTCAGCA-1,0.16216047,0.2416615,0.14519954,0.45097852,1.2775232,awd,A9p2
TTCCGGTTCGTTCTAT-1,0.015880782,0.44715753,0.49870682,0.03825486,0.89749354,dpn,A9p1
TTCCGTGAGATCCCAT-1,0.10948846,0.13696185,0.6524382,0.10111152,1.0247855,dpn,A9p1
TTCCGTGAGCGTCAGA-1,0.119244084,0.63007325,0.07232885,0.17835382,1.0420789,br,A10
TTCCGTGAGGATGAGA-1,0.22292261,0.07151398,0.14004199,0.5655214,1.120883,awd,A9p1
TTCCGTGAGGTTCTAC-1,0.057800893,0.20322004,0.5512327,0.1877464,1.1309499,dpn,A10
TTCCGTGCAATCGCAT-1,0.085526094,0.5444643,0.3200739,0.049935658,1.0555991,br,A8
TTCCGTGCAGCGACAA-1,0.042914387,0.22632891,0.67554784,0.05520886,0.8962805,dpn,A8
TTCCGTGCAGCTTCCT-1,0.115306154,0.16991535,0.4352874,0.2794911,1.2685883,dpn,A9p1
TTCCGTGGTTCGGTCG-1,0.043537457,0.18076274,0.55923605,0.21646377,1.1019397,dpn,A9p2
TTCCGTGTCAAAGAAC-1,0.37692103,0.087090425,0.17808418,0.35790437,1.2553673,RpL6,A10
TTCCGTGTCATTCGTT-1,0.15736967,0.105402835,0.22847903,0.5087485,1.2092732,awd,A9p1
TTCCTAAAGCAAATGT-1,0.027727095,0.16523094,0.70771164,0.09933033,0.87094784,dpn,A8
TTCCTAAAGCAAGCCA-1,0.2567971,0.35010666,0.30191553,0.09118077,1.296497,br,A8
TTCCTAAAGCATCCCG-1,0.5061685,0.29125518,0.06198886,0.14058751,1.1521232,RpL6,A10
TTCCTAACAATAGTCC-1,0.1854133,0.059633005,0.10435036,0.65060335,0.9960877,awd,A9p1
TTCCTAACAGCGGATA-1,0.47197804,0.11070118,0.15175878,0.265562,1.2362626,RpL6,A9p1
TTCCTAACATCCGGTG-1,0.12880388,0.36286932,0.19946219,0.30886468,1.3162534,br,A9p1
TTCCTAAGTGTTTACG-1,0.14270999,0.2645581,0.06978274,0.52294916,1.1544294,awd,A9p2
TTCCTAATCATGAGGG-1,0.235951,0.15718353,0.11839254,0.4884729,1.2341841,awd,A9p2
TTCCTCTAGAAGAGCA-1,0.048968177,0.6929117,0.09225484,0.1658653,0.91976523,br,A9p2
TTCCTCTCAATAACCC-1,0.04679452,0.28149098,0.55201083,0.11970367,1.0822151,dpn,A8
TTCCTCTCAATCTCTT-1,0.13771047,0.4055157,0.38663527,0.070138566,1.192829,br,A10
TTCCTCTCAGCGATTT-1,0.08891242,0.6639685,0.18875256,0.05836645,0.96761656,br,A8
TTCCTCTCATCAGCAT-1,0.17289531,0.20273356,0.13952138,0.48484975,1.2527614,awd,A9p2
TTCCTCTGTACGGTTT-1,0.07375042,0.049172446,0.0754342,0.8016429,0.7125968,awd,A9p2
TTCCTCTGTCACTGAT-1,0.023515394,0.10230092,0.78229564,0.09188806,0.7328394,dpn,A9p1
TTCCTCTGTGTATTCG-1,0.47726357,0.124810845,0.2422237,0.15570189,1.245775,RpL6,A9p2
TTCCTCTGTTGGATCT-1,0.3783174,0.13196366,0.4040895,0.08562944,1.2115963,dpn,A9p1
TTCCTCTTCCACCCTA-1,0.19003184,0.21556792,0.3673847,0.22701554,1.3508279,dpn,A8
TTCCTTCAGATCCCGC-1,0.18449092,0.116876155,0.5549992,0.14363375,1.1682062,dpn,A9p2
TTCCTTCCAGCTGGTC-1,0.23765905,0.29965878,0.1493103,0.3133719,1.3501921,awd,A9p2
TTCCTTCGTCGGTGTC-1,0.379329,0.11868132,0.09384797,0.40814173,1.2084544,awd,A9p2
TTCCTTCTCAGACCTA-1,0.2215411,0.16747549,0.2323642,0.37861922,1.340008,awd,A9p2
TTCCTTCTCTATCCAT-1,0.06282089,0.65638536,0.07732622,0.2034675,0.9721023,br,A9p2
TTCGATTAGAAGGATG-1,0.28502756,0.14402305,0.3061856,0.26476386,1.3510824,dpn,A10
TTCGATTAGATACATG-1,0.20564067,0.111761555,0.18134612,0.5012516,1.2259681,awd,A9p1
TTCGATTCAGCACACC-1,0.16594908,0.51803416,0.18981025,0.12620653,1.2154155,br,A9p2
TTCGATTCAGGTATGG-1,0.21032454,0.1510122,0.08622778,0.5524355,1.1525397,awd,A8
TTCGATTCAGTGGGTA-1,0.1822417,0.03232324,0.1113649,0.6740701,0.9314916,awd,A9p1
TTCGATTGTTGGGCCT-1,0.12842482,0.060521323,0.174736,0.63631785,1.0258036,awd,A9p2
TTCGATTTCCCGATCT-1,0.53563815,0.14224751,0.12530619,0.1968081,1.1919832,RpL6,A10
TTCGATTTCTGCCCTA-1,0.07680032,0.29313502,0.24547511,0.38458955,1.269114,awd,A9p1
TTCGCTGAGGAACGAA-1,0.21337025,0.4781141,0.0804722,0.22804344,1.2222774,br,A9p1
TTCGCTGCAACTAGAA-1,0.5218566,0.094926044,0.25556004,0.1276573,1.1743448,RpL6,A10
TTCGCTGCAATTAGGA-1,0.48939314,0.13432655,0.24719839,0.12908196,1.2291192,RpL6,A10
TTCGCTGCACGATAGG-1,0.31469777,0.074096404,0.4056237,0.20558214,1.2478817,dpn,A8
TTCGCTGCATATCGGT-1,0.17078735,0.04039151,0.11817066,0.6706505,0.9517585,awd,A9p1
TTCGCTGCATGAGTAA-1,0.2735102,0.19602205,0.15883228,0.37163544,1.3341033,awd,A9p1
TTCGCTGGTCGTCTCT-1,0.053125035,0.26526445,0.4426764,0.23893404,1.2107356,dpn,A9p1
TTCGCTGGTGTCCGGT-1,0.08577792,0.7576523,0.12903903,0.02753079,0.7840704,br,A8
TTCGCTGTCTCGGTCT-1,0.48816848,0.15676817,0.117553584,0.23750979,1.2336496,RpL6,A9p2
TTCGGTCAGCCGTTAT-1,0.39814404,0.09205053,0.07210972,0.43769577,1.1375015,awd,A9p2
TTCGGTCAGTTGGGAC-1,0.1764217,0.16939151,0.22934851,0.42483822,1.3082321,awd,A10
TTCGGTCCAGAAGTTA-1,0.61641514,0.07502446,0.050582163,0.25797826,0.99302655,RpL6,A10
TTCGGTCCATACTGAC-1,0.33463433,0.116782926,0.22938332,0.3191994,1.3193554,RpL6,A10
TTCGGTCTCAGGTGTT-1,0.34116057,0.14455143,0.13166276,0.38262525,1.2810001,awd,A9p1
TTCGGTCTCCGTCACT-1,0.031347916,0.1479251,0.7534098,0.0673172,0.7862073,dpn,A9p1
TTCGGTCTCTCCTACG-1,0.43732077,0.14940423,0.34092224,0.0723527,1.2026148,RpL6,A10
TTCTAACAGTCGTTAC-1,0.13612,0.059388082,0.105156586,0.6993353,0.9260893,awd,A9p2
TTCTAACAGTCTCGTA-1,0.060807504,0.4090183,0.14095302,0.3892212,1.1793694,br,A9p1
TTCTAACCAAAGGGTC-1,0.9280486,0.039831843,0.007929096,0.02419047,0.3260668,RpL6,A10
TTCTAACCAATGCAAA-1,0.30148906,0.1252753,0.284954,0.28828162,1.3380278,RpL6,A9p2
TTCTAACCACCCAATA-1,0.29064453,0.20166348,0.2788019,0.22889005,1.375633,RpL6,A9p2
TTCTAACCATTGCAAC-1,0.2556067,0.11045596,0.25899988,0.37493744,1.3097291,awd,A9p2
TTCTAACGTAGACGGT-1,0.30225304,0.51758343,0.04599937,0.13416421,1.1136477,br,A9p1
TTCTAACGTGTTCATG-1,0.36532897,0.065305136,0.19710097,0.37226495,1.2340208,awd,A10
TTCTAACGTTCCGCGA-1,0.2731309,0.3969337,0.093937196,0.23599823,1.2841703,br,A10
TTCTAACGTTGCCAAT-1,0.07785556,0.39771843,0.29866406,0.22576196,1.2623703,br,A10
TTCTAACTCAGCTTCC-1,0.10916589,0.4244477,0.16688648,0.2994999,1.2654175,br,A9p1
TTCTAACTCCCGAACG-1,0.43873513,0.07755994,0.17946471,0.30424017,1.230061,RpL6,A9p1
TTCTAACTCCTACCAC-1,0.29566112,0.27482983,0.2670896,0.16241948,1.3630595,RpL6,A10
TTCTAGTAGAAGGTAG-1,0.37796244,0.07477173,0.1153761,0.43188977,1.1734188,awd,A9p1
TTCTAGTCAAAGGCTG-1,0.350597,0.15006801,0.25756413,0.24177094,1.344736,RpL6,A9p1
TTCTAGTCACCTGCTT-1,0.06899895,0.4840689,0.2496415,0.19729064,1.2023383,br,A8
TTCTAGTCAGCATACT-1,0.16136868,0.34702066,0.19887173,0.29273894,1.3424423,br,A9p1
TTCTAGTCAGGCTTGC-1,0.103511855,0.26895276,0.5982013,0.029334132,0.9988589,dpn,A8
TTCTAGTGTACTTGTG-1,0.30430755,0.22660074,0.22176424,0.2473275,1.3779784,RpL6,A9p2
TTCTAGTGTCCACTTC-1,0.32678688,0.10664316,0.2517758,0.31479412,1.3152936,RpL6,A9p2
TTCTAGTGTGAGCTCC-1,0.12482859,0.23294935,0.053232674,0.5889894,1.0670526,awd,A10
TTCTAGTGTTCAAACC-1,0.22831708,0.21099122,0.18490747,0.37578416,1.3454187,awd,A10
TTCTAGTTCACATCAG-1,0.5832336,0.06645474,0.08057589,0.2697358,1.051008,RpL6,A8
TTCTAGTTCCAAAGGG-1,0.27816784,0.100382715,0.14656214,0.47488722,1.2217627,awd,A9p1
TTCTAGTTCTCAGTCC-1,0.16548932,0.3019746,0.49017859,0.042357493,1.1426864,dpn,A9p1
TTCTAGTTCTGCCTGT-1,0.04028869,0.56210226,0.3600251,0.037583977,0.9443203,br,A10
TTCTCTCAGCAACTTC-1,0.33345154,0.054950777,0.33762202,0.27397564,1.2469656,dpn,A8
TTCTCTCAGTGGATAT-1,0.37917224,0.108756065,0.17788826,0.33418342,1.2824279,RpL6,A8
TTCTCTCCAAGATGTA-1,0.6958145,0.17791581,0.020942302,0.10532747,0.8775355,RpL6,A10
TTCTCTCCAAGTACCT-1,0.37246773,0.17246449,0.11483453,0.3402332,1.286314,RpL6,A9p2
TTCTCTCCACTTCTCG-1,0.049572125,0.26818708,0.59674734,0.0854935,1.0202172,dpn,A8
TTCTCTCGTAGACACG-1,0.1523468,0.42129207,0.37647238,0.049888764,1.1681765,br,A9p1
TTCTCTCTCCATATGG-1,0.044221196,0.3675571,0.32882416,0.25939757,1.2215436,br,A10
TTCTCTCTCTTGAACG-1,0.075903326,0.11087943,0.7757137,0.037503574,0.75970525,dpn,A8
TTCTGTAAGAAACTGT-1,0.2087834,0.05739902,0.60356903,0.13024852,1.0613071,dpn,A10
TTCTGTAAGGAGAGGC-1,0.27878153,0.44465265,0.062857166,0.21370868,1.2201707,br,A10
TTCTGTAAGGCGTTAG-1,0.05957677,0.49329406,0.34442028,0.10270891,1.1174875,br,A8
TTCTGTACACGCAGTC-1,0.520004,0.09880583,0.10074675,0.28044352,1.1565157,RpL6,A9p2
TTCTGTAGTGTCGCTG-1,0.2685851,0.24791624,0.16290389,0.3205948,1.3591446,awd,A9p2
TTCTGTAGTTATAGAG-1,0.18138827,0.08129551,0.03788197,0.6994342,0.88770974,awd,A10
TTCTGTATCGAAGTGG-1,0.10172306,0.1466544,0.053750016,0.69787246,0.9221885,awd,A9p2
TTCTTCCAGGGTGAAA-1,0.015125204,0.08258144,0.86333,0.03896337,0.52266616,dpn,A9p1
TTCTTCCCACCACTGG-1,0.07017001,0.27834195,0.42320448,0.22828357,1.2435293,dpn,A8
TTCTTCCCAGTAGTTC-1,0.0128200045,0.67980456,0.028244186,0.27913126,0.77515924,br,A10
TTCTTCCCATTATGCG-1,0.1153473,0.21137284,0.1822931,0.4909868,1.2371751,awd,A9p1
TTCTTCCCATTGAAAG-1,0.21027792,0.25458652,0.4201741,0.11496144,1.2892022,dpn,A9p2
TTCTTCCGTCGCATCG-1,0.4195452,0.13193342,0.34584782,0.10267356,1.2325476,RpL6,A9p2
TTCTTCCTCCGTGCGA-1,0.6207668,0.14796239,0.077762604,0.15350819,1.0649952,RpL6,A9p2
TTCTTCCTCGTAGAGG-1,0.22163256,0.2580884,0.039876625,0.48040235,1.1641891,awd,A10
TTCTTCCTCTATTGTC-1,0.1486261,0.13902542,0.08215348,0.630195,1.0539325,awd,A10
TTCTTCCTCTGGGTCG-1,0.09674666,0.3674133,0.23705557,0.2987844,1.29602,br,A9p1
TTCTTGAAGCAGAAAG-1,0.45897314,0.026516208,0.40770906,0.106801525,1.0583744,RpL6,A9p1
TTCTTGAAGTAGTCAA-1,0.20596181,0.17124397,0.40814534,0.21464895,1.3236647,dpn,A9p1
TTCTTGACAATACCTG-1,0.2247241,0.14760397,0.26980492,0.35786703,1.3390872,awd,A10
TTCTTGACACCATAAC-1,0.92277485,0.03492463,0.014538324,0.027762158,0.3523333,RpL6,A9p2
TTCTTGACACCTTCGT-1,0.25054532,0.4437205,0.23811194,0.0676223,1.2311895,br,A8
TTCTTGAGTCTCTCAC-1,0.22200075,0.13497202,0.23717156,0.4058557,1.311701,awd,A9p1
TTCTTGAGTGACCTGC-1,0.6600939,0.26580137,0.025482686,0.04862208,0.86690646,RpL6,A10
TTCTTGAGTTACGTAC-1,0.051652677,0.38230607,0.54508644,0.020954723,0.93242073,dpn,A9p1
TTCTTGAGTTAGTTCG-1,0.15780985,0.19844666,0.15873806,0.4850054,1.2554144,awd,A8
TTCTTGATCGCCTCTA-1,0.45796424,0.32795867,0.091553934,0.12252318,1.1994057,RpL6,A9p2
TTCTTGATCTCGCAGG-1,0.102203615,0.3175923,0.5486387,0.03156536,1.0358154,dpn,A9p1
TTGAACGAGCGAACTG-1,0.11702397,0.5398762,0.28104997,0.062049843,1.1130508,br,A8
TTGAACGCAAGGTCTT-1,0.3551203,0.2440188,0.18856153,0.21229932,1.3554422,RpL6,A9p2
TTGAACGCATGTCAGT-1,0.24430458,0.3185803,0.1356382,0.30147696,1.3411885,br,A10
TTGAACGGTAATGTGA-1,0.06949585,0.3164502,0.100685365,0.51336855,1.1228573,awd,A10
TTGAACGTCCAACCAA-1,0.6724648,0.046256777,0.19251199,0.08876647,0.94116217,RpL6,A8
TTGACCCAGCGCTTCG-1,0.47515294,0.17635716,0.0855404,0.26294956,1.2211629,RpL6,A10
TTGACCCCAGGTGTTT-1,0.2508677,0.50738347,0.23305611,0.008692682,1.0718507,br,A9p1
TTGACCCGTTCTCGTC-1,0.36357197,0.39529213,0.062469654,0.17866623,1.2156751,br,A10
TTGACCCTCCATTCAT-1,0.087655954,0.17198434,0.3580571,0.38230252,1.2514844,awd,A10
TTGAGTGAGAATTTGG-1,0.065164186,0.17437214,0.6256706,0.13479303,1.046029,dpn,A9p1
TTGAGTGAGATTGCGG-1,0.036631275,0.32109517,0.5911156,0.051157948,0.9487636,dpn,A8
TTGAGTGAGGATACAT-1,0.058128122,0.113195375,0.80336046,0.025315965,0.6809594,dpn,A9p1
TTGAGTGGTCGAGATG-1,0.20622326,0.4954566,0.24614935,0.052170735,1.1726602,br,A9p1
TTGAGTGTCAATGCAC-1,0.059440587,0.41632962,0.4133827,0.11084709,1.1416023,br,A9p2
TTGAGTGTCCACGAAT-1,0.085714445,0.19051799,0.5845851,0.1391825,1.1147579,dpn,A9p2
TTGATGGAGCACTGGA-1,0.09826264,0.018847218,0.08324299,0.7996472,0.6885601,awd,A9p2
TTGATGGCAACGGCCT-1,0.11029867,0.5084897,0.14019324,0.24101833,1.2054403,br,A10
TTGATGGCATAACCCA-1,0.06127299,0.477803,0.15297505,0.30794892,1.1739008,br,A10
TTGATGGGTACATACC-1,0.12600856,0.5087839,0.2875377,0.07766987,1.1616726,br,A9p2
TTGCATTAGGATTACA-1,0.14745499,0.20951709,0.6304216,0.012606284,0.9557176,dpn,A9p1
TTGCATTAGGTCCGAA-1,0.3872983,0.12795678,0.24761765,0.23712732,1.3173685,RpL6,A9p2
TTGCATTCATCAGCGC-1,0.05322788,0.3134548,0.60078496,0.032532383,0.9373167,dpn,A9p1
TTGCATTGTGCATTTG-1,0.29214627,0.34504405,0.21856892,0.14424078,1.3382987,br,A9p2
TTGCATTTCAACCCGG-1,0.12254013,0.38362327,0.31271097,0.18112567,1.2977816,br,A9p1
TTGCCTGAGAATCGCG-1,0.15085651,0.42084295,0.31931546,0.10898513,1.2556648,br,A9p1
TTGCCTGAGCATAGGC-1,0.35277003,0.23123513,0.18101774,0.2349771,1.355865,RpL6,A9p2
TTGCCTGAGGCTCTCG-1,0.4100467,0.022468742,0.0992974,0.46818712,1.0354753,awd,A9p2
TTGCCTGCACCTGAAT-1,0.1907543,0.10391423,0.27719465,0.42813686,1.2701616,awd,A9p2
TTGCCTGCACTGCACG-1,0.120942116,0.3932097,0.33567914,0.15016903,1.2736568,br,A9p2
TTGCCTGCAGTGTATC-1,0.19250706,0.2685586,0.27121854,0.26771578,1.3769472,dpn,A10
TTGCCTGCATCTTCGC-1,0.059222918,0.07863154,0.43833953,0.423806,1.0927033,dpn,A10
TTGCCTGGTAGCGTCC-1,0.10504126,0.39322293,0.26761678,0.23411906,1.2964218,br,A8
TTGCCTGGTAGCTTGT-1,0.38297987,0.09343336,0.25744435,0.2661424,1.2906966,RpL6,A10
TTGCCTGGTTATCTTC-1,0.08250253,0.22802393,0.61583763,0.07363593,1.0335557,dpn,A8
TTGCCTGTCATTCATC-1,0.14178835,0.024511032,0.11731082,0.7163898,0.8582014,awd,A10
TTGCGTCAGGATGCGT-1,0.18875363,0.30848798,0.26379454,0.23896378,1.3711072,br,A9p2
TTGCGTCGTCTTACAG-1,0.34189737,0.2642127,0.11793525,0.2759547,1.3260044,RpL6,A9p2
TTGCTGCAGGACGCAT-1,0.49907136,0.085627414,0.15486674,0.26043448,1.196554,RpL6,A8
TTGCTGCAGGTCGTAG-1,0.34112442,0.19586939,0.06473421,0.39827207,1.2300742,awd,A10
TTGCTGCAGTGATCGG-1,0.09377611,0.34624824,0.06155381,0.49842182,1.107842,awd,A10
TTGCTGCAGTTGAAAC-1,0.16870593,0.26580828,0.11277182,0.45271394,1.2573049,awd,A8
TTGCTGCCAGAGGCTA-1,0.19754039,0.10663252,0.5767941,0.11903298,1.1297929,dpn,A10
TTGCTGCGTCAGTCCG-1,0.29582313,0.20974204,0.10660892,0.38782588,1.2939035,awd,A9p2
TTGCTGCGTCAGTCGC-1,0.032577746,0.28581777,0.5950718,0.08653269,0.9901602,dpn,A8
TTGCTGCGTCGACGCT-1,0.03083653,0.20052932,0.37325525,0.39537883,1.1642082,awd,A10
TTGCTGCGTGTGTACT-1,0.31134748,0.04463931,0.10013513,0.5438781,1.063757,awd,A9p1
TTGCTGCTCATTCACT-1,0.2757919,0.033488818,0.062044583,0.6286747,0.93326795,awd,A10
TTGGATGAGTTGCTGT-1,0.29001874,0.10855382,0.1572167,0.4442108,1.2513617,awd,A9p2
TTGGATGCAATCGCCG-1,0.430281,0.05144584,0.37777302,0.14050004,1.1590003,RpL6,A10
TTGGATGCACGTAGTT-1,0.3018455,0.101795435,0.062423714,0.53393537,1.1023294,awd,A9p2
TTGGATGGTCGACTTA-1,0.3502876,0.16219403,0.07407387,0.41344452,1.2204356,awd,A9p1
TTGGATGGTTAGGCTT-1,0.111988716,0.42714557,0.1248831,0.33598256,1.2347851,br,A10
TTGGATGGTTTACGTG-1,0.13226703,0.7191632,0.14262883,0.0059410124,0.81287557,br,A8
TTGGATGTCAACTCTT-1,0.028639551,0.15171257,0.7702863,0.049361654,0.7373979,dpn,A9p1
TTGGATGTCGTTCAGA-1,0.4220416,0.11940884,0.12926322,0.32928637,1.2480832,RpL6,A9p2
TTGGATGTCTCAATCT-1,0.40229756,0.3952715,0.04814608,0.15428485,1.1676047,RpL6,A8
TTGGGATAGAGCATAT-1,0.27591157,0.2200604,0.4453047,0.058723364,1.2151493,dpn,A9p1
TTGGGATAGGCCTAAG-1,0.026515013,0.634953,0.20783128,0.13070066,0.9771136,br,A9p1
TTGGGATCACAGTCGC-1,0.683715,0.053413667,0.18816851,0.07470282,0.9245603,RpL6,A9p1
TTGGGATCACCGTGCA-1,0.4379263,0.0572109,0.10440753,0.4004552,1.1276608,RpL6,A9p1
TTGGGATTCGAGAGAC-1,0.33870864,0.24072725,0.1106396,0.30992454,1.3161329,RpL6,A9p1
TTGGGATTCGGCCAAC-1,0.34452254,0.07448758,0.12632042,0.45466945,1.1802871,awd,A9p2
TTGGGATTCTACCAGA-1,0.1189956,0.14541486,0.42818043,0.30740914,1.2594855,dpn,A9p1
TTGGGCGAGTACGAGC-1,0.21035385,0.11905067,0.16054942,0.510046,1.2183588,awd,A9p1
TTGGGTAAGCCAGTAG-1,0.47595617,0.04699895,0.08277277,0.39427212,1.0702652,RpL6,A9p2
TTGGGTAAGTTTGTCG-1,0.04216634,0.22181489,0.6539887,0.082030036,0.9503942,dpn,A8
TTGGGTACATGACAGG-1,0.1993761,0.46224284,0.19696097,0.14142004,1.2748358,br,A9p1
TTGGGTAGTCATTCCC-1,0.10157367,0.40742627,0.4481518,0.042848215,1.092795,dpn,A9p1
TTGGGTATCAGACCGC-1,0.31051,0.49587467,0.04819349,0.14542186,1.1375146,br,A9p2
TTGGGTATCCATAGGT-1,0.4335267,0.23246378,0.09641473,0.2375948,1.2685039,RpL6,A10
TTGGTTTAGCAATAGT-1,0.42806318,0.06531152,0.16056137,0.3460639,1.202312,RpL6,A9p2
TTGGTTTTCCTTGGAA-1,0.34226155,0.38833743,0.16394837,0.10545261,1.2679539,br,A8
TTGTGGATCACGGAGA-1,0.039674785,0.64155877,0.23591805,0.08284838,0.9598744,br,A9p2
TTGTGGATCGCCAATA-1,0.15181893,0.24887154,0.22032055,0.37898898,1.33331,awd,A10
TTGTGGATCTGTACAG-1,0.35627523,0.11557878,0.220728,0.307418,1.3131858,RpL6,A9p2
TTGTGTTAGGCTAAAT-1,0.27581656,0.17414421,0.1221874,0.4278519,1.279738,awd,A10
TTGTGTTCAGACCAAG-1,0.0641385,0.29810104,0.41638163,0.22137886,1.2355952,dpn,A9p1
TTGTGTTGTTACAGCT-1,0.1398806,0.07013124,0.36566138,0.4243268,1.1931337,awd,A9p1
TTGTTCAAGCACTTTG-1,0.32094613,0.19284928,0.2262059,0.25999877,1.3686006,RpL6,A9p2
TTGTTCAAGCCAAGGT-1,0.23601288,0.27261412,0.2909116,0.20046146,1.376455,dpn,A9p1
TTGTTCAAGCTTTGTG-1,0.16252147,0.053289086,0.056470495,0.727719,0.84513414,awd,A9p2
TTGTTCAAGGGACCAT-1,0.2673054,0.40281138,0.31396234,0.015920848,1.1485782,br,A8
TTGTTCAAGTCCTGTA-1,0.41773573,0.10948386,0.3101467,0.16263369,1.2652961,RpL6,A9p1
TTGTTCAAGTGTACCT-1,0.11639931,0.11303,0.118086085,0.6524846,1.0276223,awd,A9p1
TTGTTCATCGCGTTTC-1,0.25667524,0.44314244,0.16254018,0.1376421,1.2779872,br,A9p1
TTGTTCATCTACTGCC-1,0.10871452,0.593852,0.1620854,0.13534813,1.1163311,br,A10
TTGTTGTAGGAACGTC-1,0.09248782,0.47328672,0.39368638,0.04053909,1.07117,br,A8
TTGTTGTTCCATATGG-1,0.07369515,0.270667,0.044111192,0.61152667,0.98432875,awd,A9p2
TTGTTTGAGCTGTTAC-1,0.09258259,0.030621598,0.21620195,0.66059387,0.93207824,awd,A9p1
TTGTTTGCAAAGACTA-1,0.5822964,0.17507258,0.036857326,0.2057737,1.066944,RpL6,A10
TTGTTTGCAAGGAGTC-1,0.39671746,0.07165705,0.13666913,0.39495635,1.1945603,RpL6,A9p2
TTGTTTGCAGTATGAA-1,0.26473308,0.050673276,0.08213447,0.6024592,1.0135388,awd,A9p2
TTGTTTGGTACAAGTA-1,0.0945743,0.08916267,0.36094934,0.45531365,1.1646137,awd,A9p1
TTGTTTGGTGGACCAA-1,0.47043848,0.055403456,0.24711686,0.22704124,1.1971014,RpL6,A8
TTGTTTGTCGCAATTG-1,0.36142442,0.05606484,0.081334285,0.5011764,1.0796533,awd,A8
TTGTTTGTCGCTAATG-1,0.038189795,0.26787624,0.6819266,0.012007326,0.7917149,dpn,A8
TTGTTTGTCTCGCTCA-1,0.33265534,0.070479564,0.19715393,0.39971116,1.239752,awd,A8
TTGTTTGTCTCTCAAT-1,0.12720202,0.12500407,0.6306901,0.117103875,1.0640851,dpn,A9p1
TTTACCAAGCATCAAA-1,0.30412802,0.04322374,0.07256264,0.58008564,1.0040438,awd,A10
TTTACCAAGCGTCGAA-1,0.16577114,0.4378846,0.17925838,0.21708584,1.2992427,br,A9p2
TTTACCACAGCGCTTG-1,0.8797842,0.07860386,0.012287594,0.029324321,0.47014806,RpL6,A9p2
TTTACCACAGCTCTGG-1,0.14743105,0.0378422,0.058390196,0.75633657,0.7832339,awd,A10
TTTACCACATGTTTGG-1,0.3276116,0.2352896,0.13002114,0.30707768,1.3338432,RpL6,A9p1
TTTACCACATTCAGCA-1,0.41174498,0.3485459,0.06465737,0.17505175,1.2148569,RpL6,A8
TTTACCAGTTGCTCCT-1,0.49889588,0.032045532,0.08405609,0.38500246,1.0327996,RpL6,A10
TTTACCATCCATAGAC-1,0.09085422,0.42378333,0.06867872,0.41668376,1.1304656,br,A9p1
TTTACCATCGTGCAGC-1,0.4042422,0.06520688,0.2725887,0.2579623,1.2479982,RpL6,A9p2
TTTACGTAGACTAAGT-1,0.68636656,0.09442064,0.076821096,0.14239176,0.95583224,RpL6,A10
TTTACGTAGCTACTAC-1,0.30293846,0.28397536,0.28982505,0.12326112,1.3362472,RpL6,A9p2
TTTACGTCACTCTCGT-1,0.028593617,0.07560363,0.10630172,0.789501,0.72174,awd,A10
TTTACGTGTAGCACGA-1,0.5104502,0.07391103,0.13981085,0.2758279,1.1661221,RpL6,A10
TTTACGTGTCATCGGC-1,0.08594488,0.048198503,0.06759612,0.7982605,0.71905345,awd,A9p1
TTTACTGCAGAAGCGT-1,0.25551125,0.27509996,0.1861417,0.28324714,1.3739401,awd,A9p2
TTTACTGCAGAGATGC-1,0.3154781,0.16068281,0.21850751,0.30533153,1.3523045,RpL6,A8
TTTACTGGTATCGTAC-1,0.057559095,0.26148453,0.56319445,0.11776197,1.0903286,dpn,A8
TTTACTGTCCGATAAC-1,0.19637363,0.37229162,0.31606305,0.115271695,1.3005835,br,A9p1
TTTACTGTCCGGCAAC-1,0.028322782,0.28595957,0.68160063,0.0041171266,0.7428181,dpn,A8
TTTAGTCAGCAAATGT-1,0.46664578,0.22354847,0.10725652,0.2025492,1.2534529,RpL6,A8
TTTAGTCAGGTAGATT-1,0.42217246,0.1273392,0.13390832,0.31658003,1.25985,RpL6,A9p2
TTTAGTCAGTAAGAGG-1,0.2321288,0.16150415,0.16984251,0.43652442,1.2964247,awd,A9p2
TTTAGTCCAAAGTGTA-1,0.47108322,0.25972664,0.09266211,0.17652804,1.2313106,RpL6,A9p1
TTTAGTCCAATTGAAG-1,0.09314635,0.57329255,0.20437112,0.12918994,1.1289347,br,A9p1
TTTAGTCCAGAAATTG-1,0.25066122,0.17502093,0.27507484,0.299243,1.3679423,awd,A9p2
TTTAGTCGTTCAGCGC-1,0.14876337,0.5530834,0.17330654,0.12484664,1.174533,br,A9p1
TTTAGTCTCCAATGCA-1,0.08398038,0.04943071,0.79607147,0.07051745,0.72524303,dpn,A10
TTTAGTCTCTCGGTCT-1,0.24764678,0.6210047,0.0764291,0.054919455,0.99740964,br,A10
TTTATGCCAACCAGAG-1,0.28278798,0.024589034,0.115253806,0.57736915,1.0144441,awd,A9p2
TTTATGCCAATTTCTC-1,0.12166932,0.33222654,0.12231081,0.4237933,1.243212,awd,A10
TTTATGCCATAACCCA-1,0.28083065,0.42953846,0.21465078,0.07498005,1.2441654,br,A8
TTTATGCCATAATCCG-1,0.5482684,0.15598208,0.09745312,0.19829641,1.1670712,RpL6,A10
TTTATGCGTAACGTTC-1,0.59033173,0.106666714,0.10243201,0.20056951,1.1055025,RpL6,A10
TTTATGCTCCTTTAGT-1,0.053500887,0.40622061,0.49178943,0.048489023,1.0183743,dpn,A8
TTTATGCTCGGCTGTG-1,0.14516759,0.32115188,0.1042568,0.42942372,1.2436422,awd,A10
TTTATGCTCGTCGGGT-1,0.05633738,0.14563765,0.18280323,0.61522174,1.0521426,awd,A10
TTTATGCTCTGCAGCG-1,0.073011994,0.212505,0.6517162,0.06276679,0.9729965,dpn,A8
TTTCACAAGCGAGGAG-1,0.087476,0.2126024,0.45204487,0.24787669,1.2469609,dpn,A10
TTTCACACACTAGTAC-1,0.4614251,0.34115687,0.06688917,0.13052884,1.1704612,RpL6,A10
TTTCACACAGGCGTTC-1,0.18063101,0.39230558,0.1820695,0.24499391,1.33092,br,A10
TTTCACAGTAGGACTG-1,0.08949992,0.5946562,0.15390155,0.16194224,1.1079314,br,A8
TTTCACAGTCGTATTG-1,0.36734384,0.068287544,0.21445096,0.34991765,1.2487829,RpL6,A8
TTTCACATCCAGTACA-1,0.20270911,0.23414813,0.14073291,0.42240992,1.303443,awd,A9p2
TTTCAGTAGAAGCCTG-1,0.93240297,0.050763197,0.005765215,0.011068612,0.29613703,RpL6,A8
TTTCAGTCAACACAGG-1,0.2769309,0.16895556,0.32394624,0.23016733,1.3592479,dpn,A9p2
TTTCAGTCAGAAATTG-1,0.042565636,0.2627856,0.47438663,0.2202621,1.1725667,dpn,A8
TTTCAGTCAGTTCTAG-1,0.08868703,0.2804701,0.5638686,0.066974305,1.0755361,dpn,A8
TTTCAGTGTGGCTAGA-1,0.6807565,0.05438662,0.030360615,0.2344963,0.8663315,RpL6,A9p1
TTTCAGTTCACTCACC-1,0.3065919,0.48503762,0.18464574,0.023724722,1.114088,br,A8
TTTCAGTTCAGGAGAC-1,0.10983476,0.25005284,0.37929055,0.26082185,1.307422,dpn,A9p1
TTTCAGTTCATTGTTC-1,0.2149835,0.04639221,0.52850974,0.2101145,1.137752,dpn,A9p1
TTTCATGAGCACTCTA-1,0.054165512,0.22454794,0.6905005,0.030786036,0.8562063,dpn,A8
TTTCATGCAAGAATAC-1,0.38899428,0.40135387,0.05361993,0.1560319,1.1804281,br,A8
TTTCATGCACTTGACA-1,0.31984785,0.58193654,0.013300176,0.08491543,0.946521,br,A8
TTTCATGTCATGACAC-1,0.06906063,0.20677505,0.60841715,0.11574711,1.0623964,dpn,A8
TTTCCTCAGCTTTCTT-1,0.19035086,0.05646613,0.31316656,0.44001645,1.2028817,awd,A9p1
TTTCCTCCAAGACCTT-1,0.23435445,0.029690146,0.06578583,0.6701696,0.89169276,awd,A9p2
TTTCCTCCAAGTGCAG-1,0.12901445,0.48022768,0.33726594,0.053491898,1.1396495,br,A9p1
TTTCCTCCATTAAAGG-1,0.32549146,0.3392221,0.21525908,0.120027415,1.3171525,br,A8
TTTCCTCGTCTACGAT-1,0.4225383,0.14815551,0.3321533,0.09715284,1.2395028,RpL6,A9p2
TTTCCTCTCCTGGGTG-1,0.058186047,0.102928996,0.7739104,0.064974494,0.77549607,dpn,A9p1
TTTCGATAGATAGCAT-1,0.29016063,0.04817547,0.1962807,0.4653832,1.1806884,awd,A9p2
TTTCGATAGATCCCGC-1,0.34562737,0.23086233,0.20869993,0.21481039,1.3630028,RpL6,A10
TTTCGATCAAGCCTGC-1,0.35524946,0.043368425,0.12624048,0.47514158,1.1185875,awd,A9p2
TTTCGATGTATTGGCT-1,0.26840743,0.31891257,0.36131883,0.051361207,1.2377937,dpn,A10
TTTCGATGTCGCTGCA-1,0.08616377,0.11518983,0.70281804,0.09582833,0.93276644,dpn,A9p1
TTTCGATGTGAATTGA-1,0.2595489,0.24580176,0.41683313,0.07781615,1.2584528,dpn,A8
TTTCGATGTTGGACCC-1,0.064284295,0.18312551,0.06531656,0.6872736,0.9232553,awd,A9p2
TTTCGATTCCTACTGC-1,0.09235158,0.33284536,0.28516346,0.28963962,1.3028413,br,A8
TTTCGATTCGAACTCA-1,0.020234914,0.053394876,0.3833527,0.54301757,0.9345047,awd,A9p1
TTTCGATTCTCGTCGT-1,0.13038541,0.21949832,0.0533565,0.59675974,1.0629253,awd,A10
TTTGACTAGATGGTCG-1,0.0590238,0.32659954,0.503352,0.11102464,1.1220644,dpn,A9p1
TTTGACTAGTATTAGG-1,0.11102693,0.18756382,0.5978927,0.10351656,1.1002494,dpn,A10
TTTGACTTCGGTCTGG-1,0.419351,0.072098225,0.11207816,0.39647254,1.1661199,RpL6,A9p2
TTTGACTTCTCTATAC-1,0.08998576,0.333158,0.27291572,0.30394053,1.2992579,br,A9p1
TTTGATCAGATAGCAT-1,0.24489304,0.41099063,0.08842452,0.2556918,1.273186,br,A9p2
TTTGATCAGCATTTCG-1,0.092028715,0.37220404,0.44514287,0.09062435,1.1652757,dpn,A8
TTTGATCAGGCCCAAA-1,0.058055848,0.26005477,0.6328692,0.049020194,0.9528593,dpn,A9p1
TTTGATCAGTTACTCG-1,0.29112983,0.25960267,0.35478863,0.094478905,1.2999063,dpn,A8
TTTGATCCAAGAAATC-1,0.4108995,0.08902208,0.1502052,0.34987324,1.232973,RpL6,A9p1
TTTGATCCACAGCTTA-1,0.38815898,0.28125972,0.048667807,0.28191352,1.228158,RpL6,A10
TTTGATCCACCAAAGG-1,0.23586887,0.3730122,0.06670133,0.32441756,1.2543519,br,A10
TTTGATCGTGCATTAC-1,0.3578793,0.27907088,0.093274966,0.2697748,1.298635,RpL6,A10
TTTGGAGAGGTCTGGA-1,0.2145533,0.43162692,0.15881783,0.19500193,1.3038931,br,A9p1
TTTGGAGCATTGCTTT-1,0.06619531,0.5480317,0.246478,0.13929501,1.1290895,br,A9p1
TTTGGAGGTCACTCGG-1,0.07198045,0.53585213,0.37204018,0.02012726,0.9701897,br,A9p2
TTTGGAGGTGCACGCT-1,0.15784796,0.10014167,0.1148751,0.6271352,1.0630461,awd,A10
TTTGGAGGTTTCGTAG-1,0.3227775,0.16196583,0.3526644,0.16259222,1.3227427,dpn,A9p2
TTTGGAGTCGAACGCC-1,0.28092277,0.14505789,0.15027964,0.42373976,1.2853894,awd,A9p1
TTTGGTTAGCACACCC-1,0.20961623,0.13062266,0.594305,0.06545618,1.0811077,dpn,A9p1
TTTGGTTCAACCACAT-1,0.30470356,0.09439788,0.042805787,0.55809283,1.0452969,awd,A9p2
TTTGGTTCAGGGCTTC-1,0.11385356,0.16725224,0.5212571,0.19763702,1.2065138,dpn,A8
TTTGGTTTCACCCTTG-1,0.07273665,0.5341776,0.2376968,0.15538897,1.1564,br,A9p2
TTTGGTTTCACGGGCT-1,0.15281196,0.111602224,0.58581114,0.14977466,1.1294202,dpn,A9p1
TTTGTTGCAGAGTCTT-1,0.06893502,0.17393443,0.7303053,0.026825229,0.8151919,dpn,A8
TTTGTTGCAGTAGGAC-1,0.09399938,0.44651875,0.099385254,0.3600966,1.1795273,br,A9p2
TTTGTTGCAGTATACC-1,0.32080165,0.07122142,0.17698969,0.4309873,1.2221326,awd,A9p1
TTTGTTGGTAACAGTA-1,0.4108386,0.07918743,0.21705477,0.29291922,1.2575153,RpL6,A9p2
TTTGTTGTCCGTCCTA-1,0.42542258,0.18899988,0.15543182,0.23014566,1.3059101,RpL6,A9p2
TTTGTTGTCCTTCACG-1,0.35557485,0.09661104,0.05786503,0.4899491,1.107908,awd,A9p2
