,accessory_gland,ejaculatory_bulb,ejaculatory_duct,seminal_vesicle,0_prob,1_prob,2_prob,3_prob
AAACCCACAACATACC-1,0.12,0.04,0.0,0.0,0.53673136,0.23206224,0.2034693,0.027737107
AAACCCACAATCCTTT-1,0.04,0.04,0.0,0.0,0.055480268,0.6390646,0.18874241,0.11671281
AAACCCACATGTGCCG-1,0.12,0.04,0.0,0.0,0.05511365,0.44941998,0.2815043,0.21396205
AAACCCAGTCTGGTTA-1,0.12,0.04,0.0,0.0,0.17939246,0.36290577,0.400792,0.05690975
AAACCCATCAGATTGC-1,0.16,0.08,0.0,0.0,0.082366064,0.21934639,0.6325148,0.065772764
AAACCCATCATTACGG-1,0.16,0.04,0.0,0.0,0.10620684,0.7725062,0.06637804,0.054909006
AAACCCATCTGCCTGT-1,0.12,0.04,0.0,0.0,0.59622604,0.3796925,0.020746358,0.0033351001
AAACCCATCTGTGCTC-1,0.16,0.08,0.0,0.0,0.03165289,0.5233806,0.31619993,0.12876669
AAACGAAAGTCGTCTA-1,0.16,0.04,0.0,0.0,0.31221232,0.20120727,0.08614164,0.40043876
AAACGAACACGTTCGG-1,0.2,0.08,0.0,0.0,0.067906655,0.56123394,0.30361012,0.06724924
AAACGAACACTAAACC-1,0.12,0.04,0.0,0.0,0.98071975,0.009579452,0.0082406765,0.0014600443
AAACGAAGTGTGAATA-1,0.16,0.08,0.0,0.0,0.029778633,0.13243654,0.2300753,0.6077095
AAACGAATCCGAACGC-1,0.12,0.04,0.0,0.0,1.3512509e-07,0.0014838269,0.0045436528,0.99397236
AAACGAATCTTACGGA-1,0.16,0.08,0.0,0.0,0.5876682,0.22437812,0.181132,0.006821648
AAACGCTAGGGATCTG-1,0.16,0.08,0.0,0.0,0.005146684,0.002725106,0.97049564,0.02163252
AAACGCTAGTTGTCAC-1,0.16,0.08,0.0,0.0,0.16127425,0.42803174,0.3147426,0.09595139
AAACGCTCAACCGCTG-1,0.12,0.04,0.0,0.0,0.9639975,0.021944476,0.01305683,0.0010011486
AAACGCTCATGCACTA-1,0.16,0.08,0.0,0.0,0.064943664,0.3505327,0.13550903,0.44901457
AAACGCTGTCAACACT-1,0.16,0.08,0.0,0.0,0.058594152,0.27631682,0.5515036,0.113585465
AAACGCTGTGGCGTAA-1,0.16,0.08,0.0,0.0,0.11715878,0.3435535,0.26750532,0.2717824
AAACGCTTCGCTGTCT-1,0.16,0.04,0.0,0.0,0.050867766,0.37535176,0.43722954,0.13655096
AAAGAACAGCCTCGTG-1,0.16,0.04,0.0,0.0,0.095894285,0.19137257,0.6247392,0.08799392
AAAGAACCAAATGATG-1,0.16,0.08,0.0,0.0,0.23057969,0.22444835,0.29427972,0.25069225
AAAGAACCAACTGCTA-1,0.12,0.04,0.0,0.0,0.13227876,0.12579848,0.58079916,0.1611236
AAAGAACCACAGTCGC-1,0.12,0.04,0.0,0.0,0.20372261,0.30668512,0.07387708,0.41571516
AAAGAACGTGCATGAG-1,0.12,0.04,0.0,0.0,0.3588919,0.3059309,0.30183384,0.033343267
AAAGAACTCAAGGCTT-1,0.2,0.08,0.0,0.0,0.059786204,0.80139625,0.10893131,0.029886104
AAAGAACTCATTGAGC-1,0.12,0.04,0.0,0.0,0.17811982,0.33868158,0.21218437,0.27101418
AAAGAACTCGCTCTCA-1,0.16,0.08,0.0,0.0,0.38948053,0.05503397,0.3441827,0.2113028
AAAGGATCACTGGACC-1,0.16,0.08,0.0,0.0,0.95109504,0.0019137094,0.03944426,0.0075469743
AAAGGATCATATACCG-1,0.12,0.04,0.0,0.0,0.026762549,0.847539,0.024719445,0.10097906
AAAGGATCATTATGCG-1,0.16,0.08,0.0,0.0,0.11122017,0.63101757,0.08021962,0.17754267
AAAGGATTCACGAGGA-1,0.12,0.04,0.0,0.0,0.10280584,0.04273182,0.78510404,0.069358304
AAAGGATTCTGGAGAG-1,0.2,0.08,0.0,0.0,0.30426717,0.090780385,0.29942435,0.3055281
AAAGGGCAGGCTCTAT-1,0.16,0.04,0.0,0.0,0.27199903,0.068656355,0.48306233,0.17628223
AAAGGGCCAACTCCCT-1,0.16,0.08,0.0,0.0,0.9841521,0.012725449,0.0017485068,0.0013739095
AAAGGGCCAGTCGCTG-1,0.16,0.04,0.0,0.0,0.07222529,0.1521789,0.45543778,0.32015795
AAAGGGCCATGAAGGC-1,0.16,0.04,0.0,0.0,0.99014497,0.005418829,0.003940346,0.00049583905
AAAGGGCGTATCAAGA-1,0.16,0.08,0.0,0.0,0.17658079,0.47912377,0.1797125,0.16458298
AAAGGGCTCTTGGCTC-1,0.12,0.04,0.0,0.0,0.1298935,0.4068061,0.2668206,0.19647983
AAAGGTAAGAAGCGCT-1,0.16,0.04,0.0,0.0,0.15461981,0.4426763,0.3243761,0.07832781
AAAGGTAAGACATATG-1,0.16,0.08,0.0,0.0,0.09334594,0.7683266,0.100846305,0.037481233
AAAGGTAAGCCTATCA-1,0.16,0.08,0.0,0.0,0.007820974,0.42228732,0.14236066,0.42753103
AAAGGTAAGGTGGTTG-1,0.16,0.08,0.0,0.0,0.20948392,0.012180863,0.7376904,0.040644776
AAAGGTACACAGCTTA-1,0.12,0.04,0.0,0.0,0.27549323,0.11197737,0.194017,0.4185124
AAAGGTACATCGAACT-1,0.04,0.04,0.0,0.0,0.03830835,0.45844424,0.37010124,0.13314614
AAAGGTAGTGCATGAG-1,0.16,0.08,0.0,0.0,0.9913264,0.004432048,0.004204928,3.6587822e-05
AAAGGTATCGTTTACT-1,0.24,0.08,0.0,0.0,0.2954089,0.11858644,0.35763136,0.22837327
AAAGTCCAGCTACTAC-1,0.08,0.04,0.0,0.0,0.13532043,0.54290617,0.16414993,0.15762345
AAAGTCCCACAAATGA-1,0.16,0.08,0.0,0.0,0.12840182,0.34510636,0.15772708,0.3687648
AAAGTCCCACACACTA-1,0.16,0.04,0.0,0.0,0.30656433,0.13634752,0.41453773,0.14255045
AAAGTCCGTTATAGCC-1,0.04,0.04,0.0,0.0,7.032874e-06,0.0034965868,0.0148971025,0.9815993
AAAGTCCTCGGTAGGA-1,0.12,0.04,0.0,0.0,0.18317196,0.38497564,0.29050383,0.14134856
AAAGTGAAGATTAGAC-1,0.16,0.04,0.0,0.0,0.08138849,0.68024915,0.17035176,0.0680106
AAAGTGACATAGCACT-1,0.12,0.04,0.0,0.0,0.9453517,0.021030737,0.03332341,0.0002941751
AAAGTGAGTTCCAAAC-1,0.16,0.08,0.0,0.0,0.002535803,0.8336238,0.07923287,0.08460762
AAATGGACAAGGTCGA-1,0.12,0.04,0.0,0.0,0.8478369,0.10065869,0.048753835,0.0027504922
AAATGGACACGCCACA-1,0.16,0.04,0.0,0.0,1.6809734e-05,0.011081627,0.024888884,0.9640127
AAATGGACAGAGTTGG-1,0.16,0.04,0.0,0.0,0.008002294,0.07482486,0.36401343,0.5531594
AAATGGACATCCGTGG-1,0.12,0.04,0.0,0.0,0.00020554909,0.043564886,0.050614133,0.90561545
AAATGGACATGAATCC-1,0.12,0.04,0.0,0.0,0.99008757,0.0043192133,0.0054948437,9.8322125e-05
AAATGGATCAGGAAGC-1,0.16,0.08,0.0,0.0,0.30484128,0.2120881,0.15782025,0.32525033
AAATGGATCATTGCCC-1,0.12,0.04,0.0,0.0,0.059887372,0.64426255,0.27479,0.021060111
AAATGGATCGGCTCTT-1,0.12,0.04,0.0,0.0,0.12931913,0.74840957,0.07447196,0.04779931
AACAAAGCAGAAGTGC-1,0.16,0.08,0.0,0.0,0.17248333,0.347272,0.40012756,0.080117136
AACAAAGGTACGATGG-1,0.12,0.04,0.0,0.0,0.16565661,0.41117,0.38395903,0.039214354
AACAAAGGTTGTCATG-1,0.16,0.08,0.0,0.0,0.30126745,0.2010336,0.27866828,0.2190307
AACAAAGTCTAGGCAT-1,0.16,0.08,0.0,0.0,0.9938545,0.003301823,0.002829709,1.3988025e-05
AACAACCAGAGCAGAA-1,0.16,0.08,0.0,0.0,0.24122418,0.09115528,0.38273877,0.28488177
AACAACCAGGCTATCT-1,0.12,0.04,0.0,0.0,0.018828912,0.107299365,0.7969931,0.07687857
AACAACCAGGTAGTCG-1,0.16,0.04,0.0,0.0,0.93777937,0.013907767,0.04697479,0.0013379925
AACAACCCAGACAAGC-1,0.16,0.08,0.0,0.0,0.2003576,0.36088115,0.22856174,0.21019952
AACAACCGTAAGATTG-1,0.16,0.04,0.0,0.0,0.09289978,0.71262586,0.12354648,0.07092787
AACAACCGTTCAGGTT-1,0.16,0.04,0.0,0.0,0.050601516,0.2055475,0.11951425,0.6243367
AACAAGAAGGCCTGCT-1,0.16,0.08,0.0,0.0,0.05486178,0.4313846,0.06559573,0.4481579
AACAAGAAGTCCGTCG-1,0.16,0.08,0.0,0.0,0.39376682,0.09007153,0.2649209,0.25124082
AACAAGAAGTCTCCTC-1,0.12,0.04,0.0,0.0,0.94312537,0.011704237,0.04162408,0.0035463595
AACAAGACACTACGGC-1,0.12,0.04,0.0,0.0,0.006728773,0.36775315,0.20434776,0.4211703
AACAAGAGTGGCTACC-1,0.2,0.08,0.0,0.0,0.16782592,0.08387731,0.23712316,0.5111736
AACAAGATCCTTCACG-1,0.16,0.08,0.0,0.0,0.9543432,0.006345218,0.034361515,0.0049501103
AACACACAGCCGATAG-1,0.16,0.08,0.0,0.0,0.05949029,0.7250487,0.15130937,0.06415158
AACACACCAAGTGATA-1,0.12,0.04,0.0,0.0,0.046694737,0.68040395,0.208457,0.06444428
AACACACCACATAGCT-1,0.12,0.04,0.0,0.0,0.058787685,0.12649748,0.7622409,0.05247399
AACACACGTACTAACC-1,0.16,0.08,0.0,0.0,0.32191762,0.11366551,0.18446238,0.37995446
AACACACTCGACCAAT-1,0.16,0.04,0.0,0.0,0.039031275,0.817612,0.08179441,0.061562248
AACACACTCGACTCCT-1,0.16,0.04,0.0,0.0,0.15758477,0.40876076,0.20026296,0.23339152
AACACACTCGGTAGAG-1,0.08,0.04,0.0,0.0,0.004392009,0.8181787,0.07029951,0.107129805
AACACACTCGTGAGAG-1,0.2,0.08,0.0,0.0,0.09665517,0.36414984,0.49384546,0.045349497
AACAGGGAGTCAATCC-1,0.12,0.04,0.0,0.0,0.10569907,0.06344582,0.6837458,0.1471093
AACAGGGGTCCTCAGG-1,0.12,0.04,0.0,0.0,0.028806698,0.186393,0.28241014,0.5023902
AACAGGGGTCTCTCAC-1,0.12,0.04,0.0,0.0,0.08018422,0.33460256,0.55500215,0.03021105
AACAGGGTCGACGCTG-1,0.16,0.08,0.0,0.0,0.08169449,0.64831716,0.2268911,0.04309728
AACCAACAGCCATTGT-1,0.16,0.04,0.0,0.0,0.14577675,0.34410143,0.45236188,0.057759866
AACCAACAGTCATTGC-1,0.08,0.04,0.0,0.0,0.15452653,0.07530475,0.3878339,0.3823348
AACCAACCACGACGCT-1,0.16,0.08,0.0,0.0,0.35872197,0.15060365,0.25876063,0.23191372
AACCAACCACTACGGC-1,0.12,0.04,0.0,0.0,0.15027966,0.29616025,0.42406595,0.12949413
AACCAACGTACCTATG-1,0.16,0.08,0.0,0.0,0.70977944,0.021121893,0.19681042,0.07228828
AACCAACGTATCTTCT-1,0.12,0.04,0.0,0.0,0.8188481,0.10757131,0.064335465,0.009245172
AACCAACGTGCCGGTT-1,0.16,0.08,0.0,0.0,0.23917916,0.27742264,0.16375905,0.31963915
AACCAACTCGCAGAGA-1,0.12,0.04,0.0,0.0,0.06548209,0.4129503,0.41666615,0.10490141
AACCACAAGAAACTAC-1,0.16,0.04,0.0,0.0,0.4867662,0.34517306,0.144912,0.02314877
AACCACAAGCATCCTA-1,0.12,0.04,0.0,0.0,0.92640835,0.0298018,0.03963635,0.0041535073
AACCACACAGAAGTTA-1,0.12,0.04,0.0,0.0,0.0045389435,0.46775177,0.22200678,0.30570242
AACCACAGTGGCACTC-1,0.12,0.04,0.0,0.0,0.053081024,0.75548035,0.082957156,0.10848155
AACCACAGTTGGTACT-1,0.12,0.04,0.0,0.0,0.0212047,0.5331675,0.2070041,0.2386237
AACCACAGTTTACGTG-1,0.04,0.04,0.0,0.0,0.09345663,0.28884178,0.3417783,0.27592322
AACCACATCTACAGGT-1,0.12,0.04,0.0,0.0,0.43396977,0.33165777,0.20014636,0.034226034
AACCACATCTAGGAAA-1,0.16,0.08,0.0,0.0,0.8517959,0.08079381,0.059068993,0.008341285
AACCATGAGCCTAGGA-1,0.16,0.08,0.0,0.0,0.33011895,0.0987302,0.21212217,0.3590287
AACCATGGTTGTAGCT-1,0.04,0.04,0.0,0.0,0.9737083,0.0172222,0.008124654,0.0009448008
AACCATGTCCTTCGAC-1,0.2,0.08,0.0,0.0,0.6857444,0.106922515,0.18430854,0.023024445
AACCCAACACGGCACT-1,0.12,0.04,0.0,0.0,0.98860776,0.0039046125,0.0073869517,0.00010069762
AACCTGAAGAGGGTCT-1,0.04,0.08,0.0,0.0,0.8991374,0.030797422,0.061918825,0.008146407
AACCTGAAGCGTACAG-1,0.12,0.04,0.0,0.0,0.98745894,0.009449143,0.0029481973,0.00014369497
AACCTGAAGGCTAAAT-1,0.12,0.04,0.0,0.0,0.06551314,0.37885737,0.13622819,0.4194013
AACCTGAAGGTCATTC-1,0.16,0.08,0.0,0.0,0.09442564,0.26383564,0.08417348,0.5575653
AACCTGAAGTCTAGCT-1,0.16,0.08,0.0,0.0,0.10643306,0.5659519,0.11803504,0.20957996
AACCTGACAGACCAAG-1,0.16,0.04,0.0,0.0,0.0005829718,0.07269902,0.073389135,0.8533289
AACCTGACAGGCACAA-1,0.16,0.08,0.0,0.0,0.14323287,0.36617342,0.12526967,0.36532408
AACCTGAGTCTAACGT-1,0.12,0.04,0.0,0.0,0.066211715,0.74513084,0.16178806,0.026869342
AACCTTTAGAGGTCAC-1,0.12,0.04,0.0,0.0,0.14057529,0.5368218,0.113119796,0.20948307
AACCTTTAGCAAGGAA-1,0.16,0.04,0.0,0.0,0.024846204,0.24603918,0.3986964,0.33041823
AACCTTTAGGAATTAC-1,0.16,0.04,0.0,0.0,0.24299623,0.38068599,0.2913046,0.08501321
AACCTTTGTTGGGACA-1,0.2,0.08,0.0,0.0,0.30456784,0.13320996,0.36603153,0.19619067
AACCTTTTCATGCGGC-1,0.16,0.08,0.0,0.0,0.108043976,0.27041546,0.12053534,0.5010053
AACCTTTTCATTTGGG-1,0.16,0.04,0.0,0.0,8.328563e-05,0.03545256,0.15876566,0.8056985
AACGAAAAGATTAGCA-1,0.08,0.04,0.0,0.0,0.034610335,0.19341858,0.38720325,0.38476786
AACGAAAAGTCGCCAC-1,0.12,0.04,0.0,0.0,0.053837985,0.6093426,0.30720305,0.029616348
AACGAAAGTATCCTTT-1,0.08,0.04,0.0,0.0,0.08833603,0.42926073,0.40676445,0.07563873
AACGAAAGTGTCCACG-1,0.04,0.04,0.0,0.0,0.059117135,0.8152763,0.042623363,0.08298316
AACGAAATCACATCAG-1,0.16,0.08,0.0,0.0,0.2548118,0.12087595,0.4572002,0.16711208
AACGAAATCGCGTCGA-1,0.08,0.04,0.0,0.0,0.10804482,0.22124602,0.30031592,0.3703933
AACGAAATCGTACCTC-1,0.16,0.04,0.0,0.0,0.22770047,0.45745167,0.100441605,0.21440631
AACGAAATCTCAGTCC-1,0.16,0.04,0.0,0.0,0.00015557195,0.020275412,0.063176826,0.91639215
AACGGGAAGTATAACG-1,0.16,0.08,0.0,0.0,0.3004126,0.13819768,0.23626672,0.325123
AACGGGAAGTTCGCAT-1,0.16,0.08,0.0,0.0,0.25017005,0.23342167,0.32373232,0.19267598
AACGGGAAGTTGTAGA-1,0.16,0.04,0.0,0.0,0.45532143,0.1625622,0.2598145,0.12230184
AACGGGAGTCTATGAC-1,0.16,0.08,0.0,0.0,0.32262322,0.09491611,0.28075287,0.30170774
AACGGGAGTGGTAATA-1,0.16,0.08,0.0,0.0,4.4080934e-06,0.018256629,0.012990682,0.9687482
AACGGGATCTATGCCC-1,0.12,0.04,0.0,0.0,0.07837824,0.060950834,0.7571243,0.10354655
AACGTCAAGACTCCGC-1,0.16,0.08,0.0,0.0,0.005775561,0.036327917,0.92654616,0.031350438
AACGTCAAGCACGGAT-1,0.16,0.04,0.0,0.0,0.026391722,0.22344615,0.4262074,0.3239547
AACGTCACAGATACTC-1,0.12,0.04,0.0,0.0,0.07393364,0.20767826,0.5675846,0.15080354
AACGTCACAGGAACCA-1,0.12,0.04,0.0,0.0,0.97726315,0.0187537,0.003622606,0.00036042728
AACGTCAGTACTCGCG-1,0.12,0.04,0.0,0.0,0.10535415,0.5603778,0.20440924,0.12985888
AACGTCAGTCGCGTTG-1,0.12,0.04,0.0,0.0,0.037656754,0.4338998,0.43320635,0.095237084
AACGTCATCGGCAGTC-1,0.12,0.04,0.0,0.0,2.5452744e-05,0.026345797,0.028193383,0.9454354
AACGTCATCGTCCATC-1,0.16,0.04,0.0,0.0,0.095012285,0.5365847,0.18340431,0.18499872
AACTTCTGTATTTCTC-1,0.12,0.04,0.0,0.0,0.07221876,0.35827062,0.25500768,0.31450292
AACTTCTGTGAAAGTT-1,0.12,0.04,0.0,0.0,0.36582455,0.48076198,0.1209231,0.032490514
AACTTCTTCATGCCCT-1,0.12,0.04,0.0,0.0,0.046828795,0.80080533,0.07147815,0.08088767
AACTTCTTCCGGGACT-1,0.16,0.08,0.0,0.0,0.9698354,0.011389548,0.015267928,0.0035070817
AAGAACAAGAGCATAT-1,0.08,0.04,0.0,0.0,0.036950085,0.20773242,0.26695144,0.488366
AAGAACAAGCCAGAGT-1,0.16,0.08,0.0,0.0,0.046707306,0.7292112,0.1330926,0.09098884
AAGAACAGTGTGAGCA-1,0.12,0.08,0.0,0.0,0.567759,0.0788553,0.30721942,0.04616626
AAGACAACACCTCTAC-1,0.16,0.04,0.0,0.0,4.902629e-07,0.0036919324,0.016532622,0.97977495
AAGACAACAGGTAGTG-1,0.08,0.04,0.0,0.0,0.10423786,0.22957599,0.32036358,0.34582257
AAGACAAGTGAGCAGT-1,0.16,0.04,0.0,0.0,0.23052642,0.6448728,0.10382822,0.020772573
AAGACAAGTGGACAGT-1,0.16,0.08,0.0,0.0,0.98554766,0.0096934,0.004308167,0.00045082276
AAGACAAGTTAGGCTT-1,0.16,0.08,0.0,0.0,0.25527427,0.13788381,0.37524998,0.2315919
AAGACTCAGACATAAC-1,0.12,0.04,0.0,0.0,0.2680102,0.542072,0.111108035,0.078809716
AAGACTCAGACGCAGT-1,0.16,0.08,0.0,0.0,0.07188311,0.26250064,0.53036666,0.13524964
AAGACTCCAACAAAGT-1,0.16,0.04,0.0,0.0,0.002203582,0.12018219,0.428282,0.4493323
AAGACTCCATGAATCC-1,0.16,0.04,0.0,0.0,8.778352e-06,0.001758939,0.006957403,0.99127483
AAGACTCGTAGCTGTT-1,0.16,0.08,0.0,0.0,0.1846416,0.021835534,0.60572237,0.18780047
AAGACTCTCGTCAAAC-1,0.16,0.08,0.0,0.0,0.9384928,0.017560339,0.005413007,0.038533866
AAGATAGAGACCTTTG-1,0.16,0.08,0.0,0.0,0.0489823,0.119181976,0.8029087,0.028927011
AAGATAGCACGCGTGT-1,0.12,0.04,0.0,0.0,0.07167909,0.39317295,0.3032703,0.23187758
AAGATAGCAGAAATCA-1,0.16,0.04,0.0,0.0,0.96387047,0.010599127,0.023818,0.0017123899
AAGATAGTCGACACCG-1,0.16,0.04,0.0,0.0,0.047321033,0.4687333,0.2303999,0.25354576
AAGCATCAGCGGGTTA-1,0.16,0.08,0.0,0.0,0.056921802,0.246188,0.6541687,0.04272149
AAGCATCAGGTCCAGA-1,0.12,0.04,0.0,0.0,0.23593548,0.46877196,0.23644839,0.058844216
AAGCATCCAACACACT-1,0.16,0.08,0.0,0.0,0.031557254,0.0705246,0.7464197,0.15149844
AAGCATCGTATCTCGA-1,0.16,0.04,0.0,0.0,0.97242504,0.009013846,0.0121897785,0.0063713486
AAGCATCGTCTCGGGT-1,0.16,0.08,0.0,0.0,0.32815912,0.08991233,0.22295769,0.35897085
AAGCATCTCCAAGAGG-1,0.16,0.08,0.0,0.0,0.24411502,0.103998296,0.41192475,0.23996192
AAGCATCTCGAGCCTG-1,0.16,0.04,0.0,0.0,0.05848544,0.18089049,0.6959225,0.06470162
AAGCCATAGAGATCGC-1,0.12,0.04,0.0,0.0,0.07381748,0.5649364,0.20485592,0.15639016
AAGCCATCAATCAGCT-1,0.12,0.04,0.0,0.0,0.07344755,0.33509833,0.4529197,0.13853446
AAGCCATGTCTCAAGT-1,0.12,0.04,0.0,0.0,0.21990141,0.25799313,0.17075954,0.35134593
AAGCCATGTCTTACAG-1,0.12,0.04,0.0,0.0,0.94022727,0.04154399,0.016774587,0.0014541228
AAGCCATGTTGTTGAC-1,0.12,0.04,0.0,0.0,0.49495655,0.10544155,0.34112445,0.05847744
AAGCCATTCCGCATAA-1,0.08,0.04,0.0,0.0,0.08479948,0.43797678,0.28230208,0.19492172
AAGCGAGAGCTTACGT-1,0.12,0.04,0.0,0.0,0.9921704,0.0069331396,0.00082784693,6.8733614e-05
AAGCGAGAGGCACCAA-1,0.16,0.04,0.0,0.0,0.14532396,0.49951997,0.148175,0.20698103
AAGCGAGCACTTCCTG-1,0.16,0.04,0.0,0.0,0.0725852,0.6596299,0.1720321,0.095752865
AAGCGAGCAGCTTCCT-1,0.12,0.04,0.0,0.0,0.20826356,0.4261832,0.21971524,0.14583792
AAGCGAGTCTAGTCAG-1,0.2,0.08,0.0,0.0,0.98119706,0.003538746,0.011378751,0.0038853844
AAGCGAGTCTCCCAAC-1,0.24,0.08,0.0,0.0,0.09154528,0.66278315,0.21030696,0.03536448
AAGCGTTAGACGGATC-1,0.16,0.08,0.0,0.0,0.15806818,0.02235189,0.6332516,0.18632835
AAGCGTTAGATTGACA-1,0.12,0.08,0.0,0.0,0.32672006,0.10004873,0.16831703,0.4049142
AAGCGTTAGTTCCTGA-1,0.16,0.08,0.0,0.0,0.24591693,0.025372121,0.5364964,0.19221461
AAGCGTTCATGCCGCA-1,0.12,0.04,0.0,0.0,0.15656625,0.24725,0.4754958,0.120688
AAGCGTTGTCACTACA-1,0.12,0.04,0.0,0.0,0.98408496,0.015181523,0.0007003594,3.3224824e-05
AAGCGTTGTCCCTCAT-1,0.16,0.08,0.0,0.0,0.97205883,0.02702019,0.0008104998,0.00011059329
AAGCGTTGTCCGGCAT-1,0.16,0.08,0.0,0.0,0.9542167,0.038129766,0.007407184,0.0002464065
AAGCGTTGTCGCACGT-1,0.12,0.04,0.0,0.0,0.0009892997,0.23921716,0.23882921,0.5209643
AAGCGTTGTCGTTATG-1,0.16,0.08,0.0,0.0,3.075562e-08,0.00022932424,0.003925424,0.99584526
AAGCGTTTCATTCTTG-1,0.12,0.08,0.0,0.0,0.19978191,0.17046045,0.36009485,0.2696628
AAGCGTTTCGAGAAGC-1,0.24,0.08,0.0,0.0,0.08080596,0.7368728,0.07102542,0.111295864
AAGGAATAGCACGATG-1,0.12,0.04,0.0,0.0,0.06009071,0.5025677,0.26714736,0.17019424
AAGGAATCACGCTGAC-1,0.16,0.04,0.0,0.0,0.117526606,0.2322893,0.41293168,0.2372524
AAGGAATTCAGTCACA-1,0.2,0.08,0.0,0.0,0.3555225,0.050277673,0.38709447,0.2071054
AAGGAATTCCGTGGTG-1,0.16,0.04,0.0,0.0,0.3279621,0.37060514,0.2560844,0.045348343
AAGGTAAAGGCGTCCT-1,0.2,0.08,0.0,0.0,0.06318691,0.7132495,0.18746845,0.03609512
AAGGTAAAGGGAGAAT-1,0.16,0.08,0.0,0.0,0.99407923,0.004494693,0.0013383502,8.77188e-05
AAGGTAAAGTACAGAT-1,0.16,0.08,0.0,0.0,0.18694806,0.193754,0.5655244,0.053773586
AAGGTAACAACTCATG-1,0.16,0.08,0.0,0.0,0.6445163,0.15586728,0.10902988,0.09058651
AAGGTAAGTGTTGAGG-1,0.16,0.04,0.0,0.0,0.15560418,0.4250008,0.12446756,0.2949275
AAGGTAATCACTGAAC-1,0.16,0.04,0.0,0.0,0.8348531,0.08895724,0.06256614,0.013623521
AAGGTAATCTCCTGCA-1,0.12,0.04,0.0,0.0,0.029306587,0.15649049,0.47375658,0.34044638
AAGGTAATCTGGACTA-1,0.12,0.04,0.0,0.0,0.059804954,0.6988508,0.19039121,0.05095298
AAGTACCAGCCATTTG-1,0.16,0.04,0.0,0.0,0.28687707,0.033070784,0.5890311,0.091021106
AAGTACCCACGCGTCA-1,0.16,0.08,0.0,0.0,0.8901203,0.049044576,0.038891714,0.021943502
AAGTACCCAGGTGTGA-1,0.04,0.04,0.0,0.0,0.026875306,0.15511814,0.35142332,0.4665832
AAGTACCGTCCAGAAG-1,0.16,0.08,0.0,0.0,0.07299821,0.1575176,0.68776757,0.08171668
AAGTACCGTCTGTGGC-1,0.12,0.04,0.0,0.0,0.015756084,0.3918583,0.2105579,0.38182777
AAGTACCTCATGCCGG-1,0.16,0.04,0.0,0.0,0.05306187,0.53782576,0.20719144,0.2019209
AAGTACCTCTAAGAAG-1,0.16,0.08,0.0,0.0,1.3253062e-07,0.00041479286,0.00169966,0.9978854
AAGTCGTAGTGCTAGG-1,0.16,0.08,0.0,0.0,0.7671294,0.18642254,0.032083612,0.014364447
AAGTCGTCACGGTGTC-1,0.16,0.04,0.0,0.0,0.6818033,0.16597927,0.09239409,0.05982337
AAGTCGTGTTAAAGTG-1,0.12,0.04,0.0,0.0,0.020881526,0.47937763,0.41350475,0.08623617
AAGTCGTGTTAGTCGT-1,0.2,0.08,0.0,0.0,0.8191946,0.046281848,0.11147072,0.023052784
AAGTCGTTCCACGTGG-1,0.16,0.08,0.0,0.0,0.43634823,0.25462386,0.0814637,0.22756423
AAGTCGTTCCGAAGGA-1,0.12,0.04,0.0,0.0,0.7977038,0.15477578,0.03536027,0.0121601205
AAGTGAAAGATTAGTG-1,0.16,0.08,0.0,0.0,0.082924284,0.67640084,0.13322431,0.107450575
AAGTGAAAGCAGGCAT-1,0.16,0.08,0.0,0.0,0.00013014257,0.012462449,0.023304148,0.9641032
AAGTGAACACTTCATT-1,0.12,0.04,0.0,0.0,0.9761187,0.020092309,0.0035183476,0.00027071463
AAGTGAAGTCCGTTTC-1,0.16,0.08,0.0,0.0,0.19685218,0.01193193,0.5104749,0.280741
AAGTGAAGTTACTCAG-1,0.16,0.08,0.0,0.0,0.9999174,1.7745031e-05,6.370753e-05,1.2368708e-06
AAGTGAATCAATGTCG-1,0.16,0.08,0.0,0.0,0.99526155,0.0015355026,0.0031558597,4.7109315e-05
AAGTGAATCACAATGC-1,0.16,0.08,0.0,0.0,0.12697147,0.0766385,0.7029227,0.09346736
AAGTGAATCGACGCGT-1,0.12,0.04,0.0,0.0,0.2493295,0.47189385,0.19967388,0.079102814
AAGTTCGAGCATCAAA-1,0.16,0.08,0.0,0.0,0.89969784,0.049220085,0.04220736,0.008874721
AAGTTCGAGTCATACC-1,0.16,0.04,0.0,0.0,0.18933578,0.4410143,0.0995548,0.27009514
AAGTTCGCAGGTATGG-1,0.12,0.04,0.0,0.0,0.12876274,0.33253092,0.45300284,0.08570342
AAGTTCGCATTCATCT-1,0.12,0.04,0.0,0.0,0.24478221,0.1305574,0.34985316,0.27480727
AAGTTCGGTGAAAGTT-1,0.2,0.08,0.0,0.0,0.17270902,0.24378061,0.4032383,0.18027212
AAGTTCGGTTCTTGCC-1,0.16,0.08,0.0,0.0,0.08117393,0.014273203,0.64280957,0.26174334
AATAGAGAGATAGTCA-1,0.16,0.08,0.0,0.0,0.95276403,0.026573205,0.011574454,0.009088347
AATAGAGCATGAGTAA-1,0.08,0.04,0.0,0.0,0.67235196,0.24067494,0.06672819,0.020244932
AATAGAGGTACTTCCC-1,0.16,0.08,0.0,0.0,0.11182656,0.15033168,0.4531416,0.28470016
AATAGAGTCCTCTGCA-1,0.16,0.04,0.0,0.0,0.9315402,0.05110767,0.010295349,0.007056772
AATAGAGTCGTGGTAT-1,0.12,0.04,0.0,0.0,0.13684867,0.19560906,0.62127423,0.046267997
AATAGAGTCTGGACCG-1,0.16,0.08,0.0,0.0,8.618724e-06,0.0021073823,0.013644914,0.9842391
AATCACGAGACCGTTT-1,0.12,0.04,0.0,0.0,0.038119037,0.45619765,0.42044228,0.08524096
AATCACGAGACCTCCG-1,0.16,0.08,0.0,0.0,0.32893172,0.15161613,0.14871322,0.3707389
AATCACGAGCATGATA-1,0.16,0.08,0.0,0.0,0.42308018,0.11678754,0.23369768,0.2264346
AATCACGAGGTATAGT-1,0.16,0.04,0.0,0.0,0.08013909,0.5778199,0.2612495,0.080791615
AATCACGAGTCACTCA-1,0.16,0.08,0.0,0.0,0.29675716,0.051330965,0.41415676,0.23775515
AATCACGCAACTAGAA-1,0.16,0.08,0.0,0.0,0.06338449,0.15647784,0.7480665,0.032071274
AATCACGCAATCTCGA-1,0.16,0.04,0.0,0.0,0.026330857,0.3651065,0.13778204,0.47078067
AATCACGTCCAAGCTA-1,0.12,0.04,0.0,0.0,0.08158729,0.7294008,0.11949039,0.06952148
AATCGACAGGAGAATG-1,0.16,0.08,0.0,0.0,0.600178,0.14488992,0.12007299,0.1348591
AATCGACAGGCTCTAT-1,0.12,0.04,0.0,0.0,0.13407423,0.51977956,0.10223986,0.24390636
AATCGACCACCTTCGT-1,0.12,0.04,0.0,0.0,0.14934143,0.5728104,0.062931925,0.21491621
AATCGACCAGAGCCCT-1,0.12,0.04,0.0,0.0,0.27939114,0.1217337,0.1857965,0.41307867
AATCGACGTACCGGCT-1,0.12,0.04,0.0,0.0,0.9995571,0.000371008,7.0944734e-05,1.011813e-06
AATCGACGTATAGCTC-1,0.16,0.08,0.0,0.0,0.29652426,0.020889493,0.39884022,0.283746
AATCGACGTCGCCACA-1,0.16,0.08,0.0,0.0,0.22786802,0.3212247,0.299124,0.15178333
AATCGACGTGGCTTGC-1,0.12,0.04,0.0,0.0,0.054782722,0.6977989,0.10375511,0.14366318
AATCGACTCCCGAGTG-1,0.12,0.04,0.0,0.0,0.5496856,0.25307843,0.1174205,0.079815395
AATCGACTCCTTCGAC-1,0.16,0.08,0.0,0.0,0.28321955,0.2579015,0.38236487,0.076514155
AATCGTGAGCGTGTCC-1,0.16,0.08,0.0,0.0,0.2030979,0.028655574,0.5484039,0.21984258
AATCGTGCATGACTAC-1,0.12,0.04,0.0,0.0,0.9858247,0.008014369,0.005835058,0.00032583615
AATCGTGTCGATCCAA-1,0.12,0.04,0.0,0.0,0.13074297,0.31379002,0.43569598,0.119771
AATCGTGTCTGGGCCA-1,0.16,0.08,0.0,0.0,0.04217574,0.019852104,0.9322759,0.0056962958
AATGAAGAGGTCCCTG-1,0.12,0.04,0.0,0.0,0.058697727,0.24676697,0.55966955,0.13486573
AATGAAGCAGCTGTAT-1,0.08,0.04,0.0,0.0,0.93249744,0.030939825,0.031214723,0.005347992
AATGAAGGTGATGTAA-1,0.24,0.08,0.0,0.0,0.9940195,0.004503695,0.0013073412,0.00016947601
AATGAAGTCCTACGAA-1,0.12,0.04,0.0,0.0,0.20483951,0.10093969,0.4404834,0.25373742
AATGACCAGCCTGAGA-1,0.12,0.04,0.0,0.0,0.98899233,0.010272365,0.0006882291,4.7079313e-05
AATGACCGTCACCCTT-1,0.12,0.04,0.0,0.0,0.9971603,0.0025681306,0.00025213853,1.9448324e-05
AATGACCGTGGCAACA-1,0.08,0.04,0.0,0.0,8.623061e-06,0.0030353928,0.03794575,0.9590102
AATGACCTCACGTCCT-1,0.08,0.04,0.0,0.0,0.07835547,0.34085763,0.2709206,0.30986628
AATGACCTCTAAGAAG-1,0.16,0.04,0.0,0.0,0.14266334,0.15077338,0.52544814,0.18111509
AATGCCAAGAGAGCGG-1,0.08,0.04,0.0,0.0,0.6006086,0.29681325,0.073461406,0.029116774
AATGCCAAGTGAGTGC-1,0.12,0.08,0.0,0.0,0.08874931,0.37872022,0.26336306,0.2691674
AATGCCACAACGGTAG-1,0.16,0.08,0.0,0.0,0.9705538,0.007402655,0.021784618,0.00025892985
AATGCCACACCTGCAG-1,0.12,0.04,0.0,0.0,0.36279598,0.09664263,0.20786883,0.3326926
AATGCCAGTCCCAAAT-1,0.12,0.04,0.0,0.0,0.17294061,0.22489978,0.234739,0.36742064
AATGCCAGTCCGGATC-1,0.16,0.08,0.0,0.0,0.095203586,0.58698326,0.22162299,0.09619021
AATGGAAAGCATCCTA-1,0.16,0.04,0.0,0.0,0.03523895,0.23415723,0.5921456,0.13845824
AATGGAAAGGTCACCC-1,0.16,0.08,0.0,0.0,0.8297625,0.032228984,0.09533841,0.042669997
AATGGAACAGTATACC-1,0.12,0.04,0.0,0.0,0.890511,0.052858584,0.04666088,0.009969488
AATGGAAGTCTCAGAT-1,0.16,0.08,0.0,0.0,0.29550624,0.2602608,0.18829195,0.255941
AATGGAAGTGTGTCGC-1,0.16,0.08,0.0,0.0,0.14730535,0.25158507,0.27277425,0.32833537
AATGGAAGTTATTCTC-1,0.16,0.08,0.0,0.0,0.05956326,0.05310742,0.41310802,0.47422126
AATGGCTAGGGCAAGG-1,0.16,0.08,0.0,0.0,0.2523101,0.2688769,0.14204404,0.33676893
AATGGCTAGTGCTACT-1,0.12,0.04,0.0,0.0,0.366245,0.31257477,0.23127638,0.08990386
AATGGCTCAAGCAATA-1,0.16,0.08,0.0,0.0,0.30331114,0.12702605,0.39946702,0.17019573
AATGGCTCACCAGTTA-1,0.12,0.04,0.0,0.0,1.9956033e-05,0.034002014,0.0542647,0.91171336
AATGGCTCACCCTAGG-1,0.16,0.08,0.0,0.0,0.28104565,0.38338622,0.24855208,0.08701604
AATGGCTCAGGCTACC-1,0.12,0.08,0.0,0.0,0.03416152,0.37767088,0.38398337,0.20418426
AATGGCTCATCTCGTC-1,0.16,0.04,0.0,0.0,0.97903687,0.003914288,0.01575076,0.001298188
AATGGCTGTGAATAAC-1,0.04,0.04,0.0,0.0,0.31887302,0.08597353,0.31098023,0.2841732
AATGGCTTCTAGAACC-1,0.12,0.04,0.0,0.0,0.19769481,0.44209704,0.15076981,0.20943835
AATTCCTAGGTTCCAT-1,0.12,0.04,0.0,0.0,0.025807928,0.182547,0.76414067,0.027504304
AATTCCTCAAGATGGC-1,0.16,0.08,0.0,0.0,0.28225845,0.31921685,0.17051902,0.22800568
AATTCCTGTAACTGCT-1,0.2,0.08,0.0,0.0,0.31821594,0.08495949,0.270101,0.32672355
AATTCCTGTAGATTGA-1,0.16,0.08,0.0,0.0,0.0047651543,0.6364726,0.15608251,0.20267971
AATTCCTGTCCTCAGG-1,0.12,0.04,0.0,0.0,0.70478207,0.19012454,0.08647713,0.018616255
AATTCCTGTCCTCCAT-1,0.16,0.08,0.0,0.0,0.00015218605,0.5552173,0.06820731,0.37642318
AATTCCTTCAATCGGT-1,0.16,0.08,0.0,0.0,0.14473313,0.65751576,0.08369093,0.11406015
AATTCCTTCATGAGGG-1,0.12,0.04,0.0,0.0,0.2055495,0.3393512,0.09984043,0.35525885
AATTTCCCACACGGTC-1,0.12,0.04,0.0,0.0,0.5852956,0.21983652,0.16249914,0.03236874
AATTTCCCATGTGCCG-1,0.16,0.08,0.0,0.0,0.17958492,0.4894626,0.15320241,0.1777501
AATTTCCGTCACTCTC-1,0.12,0.04,0.0,0.0,0.20416777,0.22907707,0.30871466,0.25804052
AATTTCCGTGCACAAG-1,0.12,0.04,0.0,0.0,0.012189372,0.3477545,0.53167856,0.10837758
AATTTCCTCCGTATGA-1,0.2,0.08,0.0,0.0,0.9855554,0.010499119,0.003737041,0.00020846783
AATTTCCTCGACGATT-1,0.16,0.04,0.0,0.0,3.091028e-08,0.00012869651,0.0028423439,0.997029
AATTTCCTCGCTAGCG-1,0.16,0.08,0.0,0.0,0.5351557,0.20285067,0.078892745,0.18310091
ACAAAGACATCATCTT-1,0.16,0.04,0.0,0.0,0.6186767,0.12484395,0.07561582,0.18086353
ACAAAGAGTATCCCTC-1,0.16,0.08,0.0,0.0,0.055387985,0.11077369,0.17528087,0.6585575
ACAAAGAGTCAAGCGA-1,0.16,0.08,0.0,0.0,0.07080086,0.3348956,0.40862533,0.18567817
ACAAAGATCCCTGGTT-1,0.04,0.04,0.0,0.0,0.02479575,0.22334613,0.12890016,0.622958
ACAAAGATCGACCCAG-1,0.16,0.04,0.0,0.0,0.3446847,0.2234041,0.3298233,0.102087975
ACAACCAAGGCTTCCG-1,0.16,0.08,0.0,0.0,0.2151374,0.098923795,0.22940671,0.4565321
ACAACCAAGGGATGTC-1,0.2,0.08,0.0,0.0,0.2998485,0.075714976,0.23216976,0.39226672
ACAACCACAGGTTCGC-1,0.16,0.08,0.0,0.0,0.20072976,0.1663195,0.4353976,0.19755311
ACAACCACATCGCTGG-1,0.04,0.04,0.0,0.0,0.00018149387,0.009899846,0.0303391,0.9595795
ACAACCAGTCTAGTGT-1,0.16,0.08,0.0,0.0,0.00018247476,0.04017168,0.046623077,0.9130228
ACAACCATCCTATTGT-1,0.16,0.04,0.0,0.0,0.20517181,0.095755756,0.3393414,0.35973105
ACAACCATCGCTGACG-1,0.12,0.04,0.0,0.0,0.27698725,0.61612356,0.09803146,0.008857701
ACAACCATCTAGCATG-1,0.12,0.04,0.0,0.0,0.015941605,0.12804659,0.206382,0.6496298
ACAAGCTAGGGAACAA-1,0.16,0.08,0.0,0.0,0.7234353,0.10299531,0.08232168,0.09124771
ACAAGCTAGTAGCCAG-1,0.16,0.08,0.0,0.0,0.104399584,0.5130139,0.32177666,0.06080985
ACAAGCTCAAAGCTAA-1,0.16,0.08,0.0,0.0,0.025159473,0.7236583,0.24620718,0.0049750577
ACAAGCTCAACTGAAA-1,0.12,0.04,0.0,0.0,0.8503905,0.11745499,0.030876683,0.0012778131
ACAAGCTCAAGCTGCC-1,0.12,0.04,0.0,0.0,0.20034333,0.35221592,0.19964284,0.2477979
ACAAGCTCACGTCGGT-1,0.12,0.04,0.0,0.0,0.1022148,0.4591455,0.22431566,0.21432403
ACAAGCTGTATTTCGG-1,0.16,0.04,0.0,0.0,0.027640177,0.34134984,0.50071704,0.13029297
ACAAGCTGTCAACCTA-1,0.16,0.08,0.0,0.0,0.49641293,0.107207224,0.09753981,0.29883996
ACACAGTAGAAAGTCT-1,0.16,0.08,0.0,0.0,0.021942481,0.3946599,0.46113923,0.1222583
ACACAGTAGGCCCGTT-1,0.12,0.04,0.0,0.0,0.94501245,0.040038466,0.014720993,0.00022808215
ACACAGTAGGTACAAT-1,0.12,0.04,0.0,0.0,0.020962592,0.027372899,0.6228631,0.32880142
ACACAGTCATACCAGT-1,0.2,0.08,0.0,0.0,0.05299171,0.06520408,0.7966309,0.08517334
ACACAGTTCCGGGACT-1,0.2,0.08,0.0,0.0,0.2642867,0.1174288,0.20543171,0.4128528
ACACAGTTCGCAGTTA-1,0.16,0.08,0.0,0.0,0.09359693,0.12873113,0.6288513,0.14882064
ACACAGTTCGTAGCTA-1,0.16,0.08,0.0,0.0,0.10381676,0.69251907,0.12583195,0.07783224
ACACAGTTCGTCCTTG-1,0.2,0.08,0.0,0.0,0.11361968,0.01181225,0.7971217,0.077446386
ACACCAACAATGTGGG-1,0.04,0.04,0.0,0.0,0.039814055,0.2916277,0.51112497,0.15743326
ACACCAACACTACAGT-1,0.16,0.08,0.0,0.0,0.53191197,0.33446595,0.119372286,0.014249732
ACACCAAGTACCGGCT-1,0.16,0.08,0.0,0.0,0.20372586,0.31865984,0.44063717,0.03697715
ACACCAAGTGCCTGCA-1,0.16,0.08,0.0,0.0,0.025854401,0.85465646,0.07672643,0.042762592
ACACCAATCATTATCC-1,0.12,0.04,0.0,0.0,0.13340868,0.80739576,0.04664769,0.01254779
ACACCAATCGTGACTA-1,0.16,0.04,0.0,0.0,0.9698241,0.008710193,0.021126626,0.00033909807
ACACCAATCTAGGCAT-1,0.12,0.04,0.0,0.0,0.058102943,0.20406646,0.55506164,0.18276891
ACACGCGAGACCAACG-1,0.16,0.08,0.0,0.0,0.0063935188,0.66237986,0.085654974,0.24557164
ACACGCGAGGTTCATC-1,0.08,0.12,0.0,0.0,0.0007712912,0.014508853,0.06938896,0.9153308
ACACGCGCAATCTAGC-1,0.16,0.04,0.0,0.0,0.0010153984,0.02216526,0.09297909,0.8838402
ACACGCGCAGCAATTC-1,0.16,0.08,0.0,0.0,0.09844437,0.0215918,0.75008005,0.12988381
ACACGCGCAGCTCGGT-1,0.12,0.04,0.0,0.0,0.006238547,0.06989646,0.15354873,0.7703163
ACACGCGGTCTCTCAC-1,0.16,0.08,0.0,0.0,0.06989279,0.5897044,0.24576907,0.09463381
ACACGCGGTTAAACAG-1,0.04,0.12,0.0,0.0,0.5884211,0.2051763,0.1867516,0.019650988
ACACGCGTCCCTGGTT-1,0.16,0.08,0.0,0.0,0.01945202,0.8986612,0.06110004,0.02078673
ACACTGAAGCTCCATA-1,0.12,0.04,0.0,0.0,0.116940305,0.35927752,0.34045628,0.18332587
ACACTGAAGGCAGGGA-1,0.16,0.08,0.0,0.0,0.9970611,0.0017885971,0.001135408,1.48833715e-05
ACACTGAAGGTCATAA-1,0.12,0.04,0.0,0.0,0.39416045,0.07905325,0.29808974,0.2286966
ACACTGACAGGCGATA-1,0.16,0.04,0.0,0.0,0.43045354,0.025813222,0.15465014,0.38908306
ACACTGAGTACCTAAC-1,0.16,0.08,0.0,0.0,0.00078540127,0.02954412,0.027781023,0.94188946
ACACTGAGTAGGGAGG-1,0.2,0.08,0.0,0.0,0.03043675,0.08923537,0.52165884,0.358669
ACAGAAAGTCCAGTTA-1,0.12,0.04,0.0,0.0,0.4381987,0.47434402,0.0709561,0.016501218
ACAGAAAGTGCAAGAC-1,0.16,0.08,0.0,0.0,0.0070676603,0.023169322,0.10274579,0.86701727
ACAGAAAGTGTTAGCT-1,0.16,0.04,0.0,0.0,3.653262e-07,0.0014714029,0.007037417,0.9914908
ACAGCCGAGACCGCCT-1,0.12,0.04,0.0,0.0,0.16228975,0.52801025,0.21197635,0.09772368
ACAGCCGAGGTAGTCG-1,0.12,0.04,0.0,0.0,0.68765306,0.21622747,0.08581115,0.010308359
ACAGCCGAGGTGGGTT-1,0.16,0.04,0.0,0.0,0.1098708,0.55097353,0.23617046,0.10298523
ACAGCCGAGTAGTGCG-1,0.16,0.04,0.0,0.0,0.072636314,0.63340205,0.24281305,0.051148586
ACAGCCGAGTCACACT-1,0.04,0.04,0.0,0.0,0.11356489,0.51011723,0.24053575,0.13578212
ACAGCCGCAACCGCCA-1,0.12,0.04,0.0,0.0,0.088461965,0.6900122,0.0946625,0.12686329
ACAGCCGCAGAACGCA-1,0.16,0.04,0.0,0.0,0.97170717,0.012356609,0.015355195,0.00058109005
ACAGCCGCATTGAGCT-1,0.16,0.08,0.0,0.0,0.99383944,0.004750623,0.0012354648,0.0001745535
ACAGCCGGTCCTCATC-1,0.12,0.04,0.0,0.0,0.98508286,0.0060339575,0.008455878,0.0004272778
ACAGCCGGTCGCTTAA-1,0.16,0.04,0.0,0.0,0.074004814,0.4402935,0.3748508,0.110850915
ACAGCCGGTGTCCATA-1,0.16,0.04,0.0,0.0,0.14406012,0.5949354,0.1570943,0.1039102
ACAGCCGGTTGGTACT-1,0.12,0.04,0.0,0.0,0.0009964805,0.09788349,0.18880068,0.7123193
ACAGCCGTCCACCCTA-1,0.04,0.04,0.0,0.0,0.9020783,0.08308276,0.013678968,0.0011601298
ACAGCCGTCCATCTCG-1,0.12,0.04,0.0,0.0,0.023040986,0.9015525,0.06557919,0.009827275
ACAGCCGTCGAGAACG-1,0.16,0.08,0.0,0.0,0.07875818,0.54000306,0.28236812,0.09887065
ACAGCCGTCGTTCCCA-1,0.16,0.08,0.0,0.0,0.06624423,0.26258034,0.5161276,0.15504786
ACAGGGAAGAATAACC-1,0.16,0.08,0.0,0.0,0.0395703,0.11137871,0.27476394,0.57428706
ACAGGGAAGAATACAC-1,0.16,0.04,0.0,0.0,0.09363461,0.37789613,0.46537682,0.06309237
ACAGGGAAGACCGCCT-1,0.16,0.08,0.0,0.0,0.006817007,0.94064605,0.04187984,0.010657101
ACAGGGAAGACTACCT-1,0.12,0.04,0.0,0.0,0.9848546,0.013192358,0.0014261131,0.00052702543
ACAGGGAAGTGCGACA-1,0.16,0.08,0.0,0.0,0.060133856,0.48444048,0.36432064,0.09110504
ACAGGGACAACGTAAA-1,0.08,0.04,0.0,0.0,0.19125311,0.42371744,0.20589198,0.17913747
ACAGGGACAGACAAGC-1,0.12,0.04,0.0,0.0,0.060305,0.55414355,0.2847901,0.100761406
ACAGGGAGTCACGTGC-1,0.16,0.08,0.0,0.0,0.02151795,0.8753453,0.057745058,0.045391746
ACATCCCCACCTGAAT-1,0.16,0.08,0.0,0.0,6.2047967e-09,8.117958e-05,0.0015898717,0.998329
ACATCCCCAGCAGTTT-1,0.16,0.08,0.0,0.0,0.18421169,0.19678324,0.44530478,0.1737003
ACATCCCCATGGCTGC-1,0.16,0.08,0.0,0.0,0.014035524,0.834719,0.14185524,0.009390171
ACATCCCGTGAGACGT-1,0.16,0.04,0.0,0.0,5.9173367e-08,0.00028659924,0.0049131946,0.9948001
ACATCCCTCACGTAGT-1,0.12,0.04,0.0,0.0,0.036811706,0.14353232,0.1677633,0.65189266
ACATCCCTCAGCTCTC-1,0.12,0.04,0.0,0.0,0.049983554,0.686061,0.14547716,0.11847824
ACATCCCTCGTCAGAT-1,0.16,0.08,0.0,0.0,0.13582237,0.4642137,0.29804945,0.10191452
ACATCCCTCTAGTGTG-1,0.16,0.04,0.0,0.0,0.044312373,0.4753353,0.3349259,0.14542641
ACATCCCTCTCCGAAA-1,0.08,0.04,0.0,0.0,0.62043387,0.1457438,0.20090331,0.032919
ACATCGAAGTGGAAAG-1,0.16,0.04,0.0,0.0,0.09041014,0.66592866,0.17114492,0.07251627
ACATCGACAGTTTCGA-1,0.12,0.04,0.0,0.0,0.37669417,0.38995913,0.17695835,0.056388333
ACATCGAGTGCCGGTT-1,0.16,0.08,0.0,0.0,0.24900433,0.11683193,0.34436002,0.28980377
ACATCGATCTCGTGAA-1,0.16,0.08,0.0,0.0,0.24445117,0.23646817,0.255042,0.26403868
ACATGCACACTGGATT-1,0.12,0.04,0.0,0.0,0.015153597,0.23818985,0.1006376,0.646019
ACATGCACATCTGTTT-1,0.16,0.08,0.0,0.0,0.04552361,0.7891783,0.1337454,0.031552684
ACATGCAGTACCCGAC-1,0.16,0.08,0.0,0.0,0.89413756,0.039810915,0.05859743,0.007453989
ACATGCAGTCTACGTA-1,0.16,0.08,0.0,0.0,0.97772706,0.01381135,0.0076350775,0.000826475
ACATTTCGTGGTATGG-1,0.16,0.08,0.0,0.0,0.29549894,0.22421718,0.0675615,0.41272235
ACATTTCTCCGACGGT-1,0.16,0.08,0.0,0.0,0.9969938,0.0016634162,0.001224561,0.000118312164
ACATTTCTCGTCACCT-1,0.16,0.04,0.0,0.0,0.104545526,0.42625037,0.17167825,0.29752588
ACCAAACGTCCTACGG-1,0.12,0.04,0.0,0.0,0.97378176,0.019262535,0.0060018157,0.00095400313
ACCAAACGTTTAGTCG-1,0.16,0.08,0.0,0.0,6.63512e-07,0.00016140011,0.005958377,0.99387956
ACCAAACTCGCCGAGT-1,0.12,0.04,0.0,0.0,0.31230125,0.10950224,0.09887979,0.4793167
ACCAACAAGAGCAACC-1,0.12,0.04,0.0,0.0,4.2317512e-07,0.0026544018,0.00824108,0.98910415
ACCAACAAGTCACAGG-1,0.12,0.04,0.0,0.0,0.002725335,0.10038194,0.49279496,0.40409774
ACCAACAAGTCTACCA-1,0.12,0.04,0.0,0.0,0.9681166,0.029594755,0.0020703268,0.00021831783
ACCAACACAGACCTGC-1,0.16,0.08,0.0,0.0,0.63961715,0.06387862,0.104658246,0.191846
ACCAACACATCTATCT-1,0.12,0.04,0.0,0.0,0.9407109,0.028749907,0.011956883,0.018582327
ACCAACAGTTCTCCTG-1,0.12,0.04,0.0,0.0,0.04176571,0.7800765,0.08756887,0.09058896
ACCAACATCATTTGTC-1,0.16,0.08,0.0,0.0,0.0071612815,0.05446198,0.060874004,0.8775028
ACCACAAAGCCGATTT-1,0.12,0.04,0.0,0.0,0.53803426,0.22123742,0.20847811,0.03225029
ACCACAAAGGCCTAGA-1,0.16,0.04,0.0,0.0,0.12176263,0.36952156,0.21718915,0.2915267
ACCACAACACGCTGTG-1,0.12,0.04,0.0,0.0,0.051423814,0.21361518,0.26428416,0.47067684
ACCACAACAGGTCCCA-1,0.12,0.04,0.0,0.0,0.01360609,0.76455474,0.105223,0.11661622
ACCACAACATTGCTTT-1,0.16,0.08,0.0,0.0,0.0424211,0.052835856,0.7390406,0.16570254
ACCACAAGTCATTCCC-1,0.12,0.04,0.0,0.0,0.89847016,0.070952,0.029753445,0.00082443416
ACCACAATCACTGGTA-1,0.12,0.04,0.0,0.0,0.3100378,0.4110276,0.1278128,0.15112181
ACCACAATCCTGTAGA-1,0.12,0.04,0.0,0.0,0.05212046,0.49673104,0.40424448,0.04690409
ACCATTTGTCCAGCCA-1,0.12,0.04,0.0,0.0,0.9645596,0.02941471,0.0052669975,0.0007586208
ACCATTTGTGCGCTCA-1,0.16,0.08,0.0,0.0,0.03550573,0.85268,0.04824517,0.063569
ACCATTTGTGCGTTTA-1,0.16,0.08,0.0,0.0,0.04741556,0.5259289,0.26326165,0.16339384
ACCATTTTCGTCGGGT-1,0.08,0.04,0.0,0.0,0.040694438,0.6226748,0.28044608,0.056184713
ACCCAAAAGAGATCGC-1,0.12,0.04,0.0,0.0,0.16570352,0.56910336,0.15690595,0.10828712
ACCCAAAAGTGACCTT-1,0.16,0.08,0.0,0.0,0.18285108,0.26027852,0.21803954,0.33883086
ACCCAAAAGTGCCTCG-1,0.12,0.04,0.0,0.0,0.9698887,0.01974173,0.00981342,0.00055611815
ACCCAAACACTTGAAC-1,0.12,0.04,0.0,0.0,0.18373111,0.3137546,0.38892147,0.113592826
ACCCAAACATTAAAGG-1,0.16,0.04,0.0,0.0,0.08341666,0.42944694,0.32359862,0.16353768
ACCCAAAGTATCAAGA-1,0.12,0.04,0.0,0.0,0.10112102,0.0657671,0.74620897,0.086902924
ACCCAAAGTATTCCTT-1,0.16,0.08,0.0,0.0,0.07884385,0.11540371,0.68259186,0.12316056
ACCCAAAGTCTCTCCA-1,0.08,0.04,0.0,0.0,0.04353784,0.75242984,0.16909012,0.034942165
ACCCAAATCCAAGCTA-1,0.12,0.04,0.0,0.0,0.8936448,0.068535164,0.02837934,0.0094406195
ACCCAAATCGACATTG-1,0.16,0.08,0.0,0.0,0.80374134,0.08612693,0.07715613,0.032975662
ACCCAAATCGTTGCCT-1,0.16,0.08,0.0,0.0,0.0646439,0.19948576,0.15651418,0.5793562
ACCCAAATCTCGGGAC-1,0.16,0.08,0.0,0.0,0.06535733,0.20180857,0.17631929,0.55651486
ACCCAAATCTGAACGT-1,0.04,0.08,0.0,0.0,0.08981854,0.62686604,0.15409762,0.12921779
ACCCTCAAGACGGAAA-1,0.16,0.08,0.0,0.0,0.9838393,0.003193478,0.012155583,0.0008117262
ACCCTCAAGATGCTAA-1,0.08,0.04,0.0,0.0,0.99404234,0.0033808558,0.002274539,0.00030212913
ACCCTCAAGGTCTACT-1,0.12,0.04,0.0,0.0,0.023416955,0.38053477,0.1308312,0.46521705
ACCCTCACAGAGGCAT-1,0.16,0.04,0.0,0.0,0.19272244,0.43624234,0.23419829,0.13683693
ACCCTCACAGAGGTTG-1,0.16,0.04,0.0,0.0,0.015625753,0.26689872,0.49795654,0.21951899
ACCCTCACAGCACAAG-1,0.12,0.04,0.0,0.0,0.7982828,0.15060526,0.041976776,0.009135169
ACCCTCAGTAGCTTTG-1,0.16,0.08,0.0,0.0,0.99576485,0.0016079849,0.002607701,1.9425352e-05
ACCCTCAGTTGCCTAA-1,0.08,0.04,0.0,0.0,0.2073368,0.1104199,0.25818884,0.4240545
ACCCTCATCCATCGTC-1,0.12,0.04,0.0,0.0,0.7835462,0.16770372,0.03878585,0.009964257
ACCCTTGAGAGTATAC-1,0.16,0.08,0.0,0.0,0.07157429,0.52965313,0.31768173,0.081090935
ACCCTTGAGGATTCAA-1,0.16,0.08,0.0,0.0,0.11798453,0.5510406,0.1126036,0.21837132
ACCCTTGAGGTGGCTA-1,0.16,0.08,0.0,0.0,0.1624384,0.5365604,0.14136544,0.15963575
ACCCTTGGTCATCACA-1,0.16,0.08,0.0,0.0,0.7305299,0.15134813,0.078045376,0.040076505
ACCCTTGTCATTCATC-1,0.16,0.08,0.0,0.0,0.031203173,0.14675559,0.6650096,0.15703166
ACCCTTGTCGTAACCA-1,0.16,0.08,0.0,0.0,0.6811438,0.024043085,0.062663734,0.23214929
ACCGTTCAGCATTGAA-1,0.16,0.08,0.0,0.0,0.35539198,0.04838246,0.25129792,0.3449277
ACCGTTCAGCTAGAGC-1,0.16,0.08,0.0,0.0,0.0690792,0.7306147,0.10874867,0.091557354
ACCGTTCGTCCTGGTG-1,0.12,0.04,0.0,0.0,0.0651967,0.5596035,0.11535503,0.25984472
ACCGTTCGTGGCTAGA-1,0.12,0.04,0.0,0.0,0.97589284,0.014096162,0.008558443,0.0014525105
ACCGTTCGTTGCTCGG-1,0.16,0.08,0.0,0.0,0.01724568,0.063028224,0.18841785,0.7313082
ACCGTTCTCAGGAACG-1,0.04,0.04,0.0,0.0,0.941956,0.027441632,0.028994724,0.0016076339
ACCGTTCTCCCAACTC-1,0.12,0.04,0.0,0.0,0.96847355,0.018965364,0.010016381,0.0025446548
ACCGTTCTCTAGCCTC-1,0.16,0.04,0.0,0.0,0.19240262,0.28899273,0.19266836,0.32593626
ACCTACCGTAGGAGTC-1,0.12,0.04,0.0,0.0,0.12965843,0.4274579,0.3663582,0.076525524
ACCTACCGTGAGGCAT-1,0.16,0.04,0.0,0.0,0.11179376,0.6808996,0.20158339,0.0057231835
ACCTACCTCTCATTGT-1,0.12,0.04,0.0,0.0,0.18185116,0.3579677,0.28074035,0.17944084
ACCTGAAAGACCTTTG-1,0.16,0.04,0.0,0.0,0.19111545,0.101318926,0.2635944,0.44397128
ACCTGAAAGATGTAGT-1,0.16,0.08,0.0,0.0,0.9350539,0.040515162,0.019137237,0.005293691
ACCTGAAAGGCCCACT-1,0.12,0.04,0.0,0.0,0.015086624,0.8287435,0.080034286,0.07613564
ACCTGAACACAACGTT-1,0.16,0.08,0.0,0.0,0.15432839,0.4431184,0.30839527,0.094157994
ACCTGAACATCCGTGG-1,0.16,0.08,0.0,0.0,0.021033932,0.4208793,0.33534333,0.22274342
ACCTGAACATCGTTCC-1,0.12,0.04,0.0,0.0,0.08814057,0.4758842,0.2613793,0.17459592
ACCTGAAGTACAGTAA-1,0.12,0.04,0.0,0.0,0.8959992,0.05443716,0.03921248,0.010351078
ACCTGAAGTAGCTTTG-1,0.16,0.04,0.0,0.0,0.11600399,0.22439021,0.49556932,0.16403642
ACCTGTCCAATCAAGA-1,0.12,0.04,0.0,0.0,0.041857507,0.5521604,0.28960544,0.11637665
ACCTGTCTCAAGCCGC-1,0.12,0.04,0.0,0.0,5.7729756e-07,0.0004827248,0.0038216063,0.9956951
ACCTGTCTCTGGACTA-1,0.16,0.08,0.0,0.0,0.3641726,0.29936442,0.2270167,0.10944624
ACCTGTCTCTTAATCC-1,0.16,0.08,0.0,0.0,0.0127664395,0.266939,0.43659565,0.28369886
ACGATCAAGATACGAT-1,0.16,0.08,0.0,0.0,0.1717906,0.5999534,0.14735706,0.08089895
ACGATCACAAACCATC-1,0.16,0.08,0.0,0.0,0.08199068,0.29627293,0.17989586,0.44184056
ACGATCACAAGGGCAT-1,0.16,0.08,0.0,0.0,0.03221781,0.33407742,0.33062324,0.3030815
ACGATCAGTCTGTGCG-1,0.16,0.08,0.0,0.0,0.21851039,0.053777657,0.650048,0.07766388
ACGATCAGTGGGCTCT-1,0.12,0.04,0.0,0.0,0.08387483,0.19966765,0.5670023,0.14945517
ACGATCATCAAGCCAT-1,0.16,0.04,0.0,0.0,0.0072916234,0.46420854,0.47380015,0.05469967
ACGATCATCACCCTCA-1,0.12,0.04,0.0,0.0,0.00014087949,0.049649414,0.07828815,0.87192154
ACGATGTGTCTTGAAC-1,0.16,0.04,0.0,0.0,6.0826515e-06,0.010066582,0.013108085,0.9768192
ACGATGTTCAGCATTG-1,0.16,0.08,0.0,0.0,0.8501019,0.07679871,0.052473873,0.020625575
ACGATGTTCGCGTCGA-1,0.12,0.04,0.0,0.0,0.2997468,0.1564509,0.31524256,0.22855964
ACGATGTTCGTCTACC-1,0.16,0.08,0.0,0.0,0.18110593,0.28988296,0.19111277,0.33789834
ACGCACGAGCGCCTCA-1,0.16,0.08,0.0,0.0,0.2540485,0.29653275,0.2214585,0.22796021
ACGCACGAGGTATAGT-1,0.16,0.08,0.0,0.0,0.10986563,0.010725031,0.61914194,0.26026744
ACGCACGAGGTCCTGC-1,0.16,0.04,0.0,0.0,0.019295122,0.307372,0.40411586,0.26921698
ACGCACGAGTAGCCAG-1,0.16,0.08,0.0,0.0,0.0002459289,0.03962768,0.06905777,0.8910686
ACGCACGCACACGGTC-1,0.16,0.04,0.0,0.0,3.6734156e-07,0.007133143,0.034123693,0.95874274
ACGCACGCAGCTTCCT-1,0.16,0.08,0.0,0.0,0.05377786,0.14401141,0.17021468,0.631996
ACGCACGGTAACGCGA-1,0.16,0.08,0.0,0.0,0.15646705,0.3274615,0.33998156,0.17608993
ACGCACGGTCACTTCC-1,0.12,0.04,0.0,0.0,0.9560467,0.039941046,0.0028744147,0.0011378228
ACGCACGGTCAGGTAG-1,0.16,0.08,0.0,0.0,0.22271833,0.24812299,0.20535095,0.32380772
ACGCACGGTTTACCTT-1,0.16,0.04,0.0,0.0,0.16814972,0.23471946,0.5139072,0.08322361
ACGCACGTCTCTATGT-1,0.16,0.08,0.0,0.0,0.33767763,0.10238888,0.27358872,0.2863448
ACGGAAGCAATAGGAT-1,0.16,0.04,0.0,0.0,0.17233436,0.14213718,0.66276133,0.022767104
ACGGAAGGTCAAGGCA-1,0.16,0.08,0.0,0.0,0.24987905,0.1123402,0.1696921,0.4680886
ACGGAAGTCGTTCTCG-1,0.16,0.08,0.0,0.0,0.047269043,0.35435727,0.55112743,0.047246233
ACGGAAGTCTACGCAA-1,0.16,0.08,0.0,0.0,0.0063620773,0.9614907,0.022198247,0.009948994
ACGGAAGTCTCATTGT-1,0.16,0.04,0.0,0.0,6.80016e-05,0.0102525195,0.03741248,0.95226705
ACGGAAGTCTGGACCG-1,0.12,0.04,0.0,0.0,0.028765667,0.018190332,0.24258955,0.7104544
ACGGGTCAGCGCCCAT-1,0.16,0.04,0.0,0.0,0.12467468,0.22693188,0.5444961,0.10389732
ACGGGTCAGCTCATAC-1,0.12,0.04,0.0,0.0,0.9788396,0.014378194,0.006315224,0.0004671278
ACGGGTCAGTCAACAA-1,0.12,0.04,0.0,0.0,0.11263264,0.431748,0.3200705,0.13554887
ACGGGTCCACGTAGAG-1,0.16,0.08,0.0,0.0,0.11485359,0.07180406,0.10722431,0.7061181
ACGGGTCGTTCCGCTT-1,0.12,0.04,0.0,0.0,0.17565836,0.19504791,0.41628325,0.21301048
ACGGGTCTCCGATGTA-1,0.12,0.04,0.0,0.0,0.17252016,0.38200194,0.111997224,0.3334807
ACGGGTCTCTCTGCTG-1,0.12,0.04,0.0,0.0,0.9950694,0.0041616606,0.0007248405,4.3985965e-05
ACGGTCGAGGTCGACA-1,0.2,0.08,0.0,0.0,0.24540363,0.14715707,0.42633557,0.18110366
ACGGTCGAGTAACAGT-1,0.12,0.04,0.0,0.0,0.008520407,0.0058288877,0.95093346,0.0347172
ACGGTCGCACATGGTT-1,0.12,0.04,0.0,0.0,0.069223344,0.54806805,0.3130502,0.06965837
ACGGTCGGTACGTACT-1,0.16,0.04,0.0,0.0,0.94411075,0.0051450185,0.0034248708,0.04731941
ACGGTCGGTTGACTAC-1,0.16,0.04,0.0,0.0,0.9606969,0.035488315,0.0037554076,5.943869e-05
ACGGTTAAGCAACAAT-1,0.16,0.04,0.0,0.0,0.27613238,0.1793433,0.2888687,0.25565562
ACGGTTAAGCCTCACG-1,0.04,0.04,0.0,0.0,0.12937793,0.36125004,0.1457214,0.36365062
ACGGTTACAAGCAATA-1,0.2,0.08,0.0,0.0,0.022160186,0.71975505,0.22457212,0.03351262
ACGGTTATCCTGTTGC-1,0.04,0.04,0.0,0.0,0.00065154256,0.019725986,0.12005151,0.859571
ACGTAACAGACACACG-1,0.16,0.04,0.0,0.0,0.12147172,0.31231517,0.45923042,0.106982715
ACGTAACGTTCTCGTC-1,0.16,0.08,0.0,0.0,0.16246392,0.056601204,0.63002574,0.15090913
ACGTAACTCAAGTTGC-1,0.12,0.04,0.0,0.0,0.9251946,0.052371282,0.021609511,0.00082459924
ACGTAACTCTTCCACG-1,0.04,0.04,0.0,0.0,0.014791902,0.8830055,0.06188903,0.040313516
ACGTACACACCGTGAC-1,0.12,0.04,0.0,0.0,0.80553055,0.13570908,0.05199563,0.0067647733
ACGTACACATCGGAAG-1,0.2,0.08,0.0,0.0,0.094140105,0.06260739,0.21630535,0.62694716
ACGTACACATGGAGAC-1,0.12,0.08,0.0,0.0,0.0044953665,0.07790808,0.23946057,0.678136
ACGTACACATGGTACT-1,0.24,0.08,0.0,0.0,0.26436076,0.1499641,0.36565638,0.22001876
ACGTACAGTCAATGGG-1,0.16,0.08,0.0,0.0,0.9946865,0.0010608799,0.0041677314,8.487995e-05
ACGTACATCCTCTAGC-1,0.16,0.08,0.0,0.0,0.038393453,0.07772355,0.4710676,0.41281536
ACGTACATCTCGCTTG-1,0.12,0.04,0.0,0.0,0.979225,0.010603992,0.009346303,0.0008246785
ACGTAGTAGGGCCCTT-1,0.12,0.04,0.0,0.0,0.036826815,0.33029225,0.15023865,0.4826423
ACGTAGTAGTGCTCAT-1,0.12,0.04,0.0,0.0,0.029045228,0.36066738,0.5389161,0.07137124
ACGTAGTGTCGCCTAG-1,0.12,0.04,0.0,0.0,0.98611206,0.008217839,0.0052898773,0.00038020907
ACGTAGTGTCTAGTGT-1,0.12,0.04,0.0,0.0,0.2087318,0.113370046,0.48309526,0.19480294
ACGTAGTGTTTGGCTA-1,0.16,0.04,0.0,0.0,0.031460248,0.7259607,0.11452911,0.12804991
ACGTAGTTCTGTGCAA-1,0.16,0.04,0.0,0.0,0.8104338,0.11177332,0.07423466,0.003558326
ACGTCCTAGAAACTGT-1,0.16,0.08,0.0,0.0,0.5031881,0.052747875,0.42679435,0.017269738
ACGTCCTCACAATCTG-1,0.16,0.04,0.0,0.0,0.03525387,0.54065984,0.3382677,0.08581855
ACGTCCTCACGGTGTC-1,0.16,0.04,0.0,0.0,0.15276486,0.39673597,0.15771262,0.2927866
ACGTCCTTCGAACGCC-1,0.16,0.08,0.0,0.0,0.08033544,0.060152788,0.73361385,0.12589793
ACGTCCTTCTTACCGC-1,0.16,0.08,0.0,0.0,0.25129765,0.08953683,0.4013487,0.25781673
ACGTTCCAGAGCCGAT-1,0.16,0.04,0.0,0.0,0.91863906,0.039821915,0.036660757,0.0048782686
ACGTTCCAGATACGAT-1,0.12,0.04,0.0,0.0,0.1743366,0.349162,0.084746175,0.39175525
ACGTTCCAGCCGCACT-1,0.12,0.04,0.0,0.0,0.7839763,0.0541971,0.14553925,0.016287373
ACGTTCCAGTTGGAGC-1,0.08,0.04,0.0,0.0,0.15042573,0.061856344,0.1807678,0.6069501
ACGTTCCCAATCGAAA-1,0.08,0.08,0.0,0.0,0.36991417,0.28685236,0.29340112,0.049832422
ACGTTCCGTCGTTATG-1,0.16,0.08,0.0,0.0,0.48686105,0.33749026,0.10106573,0.07458294
ACGTTCCGTCTGTGGC-1,0.16,0.08,0.0,0.0,0.0032281214,0.17470743,0.5402175,0.2818469
ACGTTCCGTGCCCAGT-1,0.12,0.04,0.0,0.0,0.29251045,0.25853136,0.37938413,0.06957403
ACGTTCCTCCTGTACC-1,0.16,0.08,0.0,0.0,0.46627417,0.2086341,0.26452482,0.060566865
ACTACGAAGAACTTCC-1,0.16,0.04,0.0,0.0,0.52135414,0.34770977,0.118948475,0.011987554
ACTACGAAGGACAACC-1,0.16,0.08,0.0,0.0,0.12292198,0.5625982,0.16471973,0.14976008
ACTACGAAGTTCCATG-1,0.08,0.04,0.0,0.0,0.013075943,0.20061767,0.457022,0.3292843
ACTACGAAGTTCGCAT-1,0.16,0.04,0.0,0.0,0.00017279996,0.011366886,0.023767946,0.96469235
ACTACGACACGCGCAT-1,0.12,0.04,0.0,0.0,0.28754643,0.39314172,0.2813443,0.037967592
ACTACGACACTCCCTA-1,0.16,0.04,0.0,0.0,0.98920923,0.00032219914,0.010114582,0.00035400805
ACTACGATCTAGCCTC-1,0.08,0.08,0.0,0.0,0.27119282,0.2838156,0.38062257,0.064369015
ACTATCTAGGCGAACT-1,0.16,0.08,0.0,0.0,0.14615174,0.37446576,0.3631335,0.116249
ACTATCTCACACCGCA-1,0.12,0.04,0.0,0.0,0.026802206,0.61834854,0.30055377,0.054295473
ACTATCTGTTCACCGG-1,0.16,0.08,0.0,0.0,0.5632315,0.14019573,0.17523904,0.12133365
ACTATGGAGGACACTG-1,0.2,0.08,0.0,0.0,0.37668806,0.07925736,0.31679454,0.22726005
ACTATGGAGGATGCGT-1,0.16,0.08,0.0,0.0,0.07474448,0.17932664,0.6160316,0.12989731
ACTATGGAGTCTGGTT-1,0.16,0.04,0.0,0.0,0.041931465,0.16430902,0.66365147,0.13010801
ACTATGGCAAGGCTTT-1,0.16,0.04,0.0,0.0,0.2770031,0.07686251,0.23230149,0.4138329
ACTATGGGTACGAGTG-1,0.16,0.08,0.0,0.0,0.8896044,0.017264904,0.08632049,0.0068103126
ACTATGGGTGTTACAC-1,0.2,0.08,0.0,0.0,0.7567304,0.07738759,0.14132771,0.02455432
ACTATGGTCAACACCA-1,0.12,0.04,0.0,0.0,0.9756267,0.0197576,0.004445986,0.0001697649
ACTATGGTCAGTGATC-1,0.16,0.08,0.0,0.0,0.28142756,0.41958123,0.17512532,0.123865865
ACTATGGTCCGTCACT-1,0.08,0.04,0.0,0.0,0.07167842,0.48916316,0.39825,0.04090838
ACTATGGTCGTGCGAC-1,0.16,0.04,0.0,0.0,0.96714485,0.020344645,0.012295285,0.00021527964
ACTATGGTCTACAGGT-1,0.12,0.04,0.0,0.0,0.04480912,0.24633822,0.45178372,0.2570689
ACTATTCCACAACCGC-1,0.16,0.08,0.0,0.0,0.002277207,0.1509159,0.19745523,0.64935166
ACTATTCCACGTCATA-1,0.16,0.08,0.0,0.0,0.095800534,0.5931504,0.24130951,0.06973952
ACTATTCCACTAGGTT-1,0.12,0.04,0.0,0.0,0.105255775,0.24604264,0.4086982,0.2400034
ACTATTCCAGGCCCTA-1,0.16,0.04,0.0,0.0,0.19606578,0.31368005,0.24269277,0.24756137
ACTATTCGTATGCGGA-1,0.12,0.04,0.0,0.0,0.03448917,0.63153285,0.2905326,0.043445412
ACTATTCGTGGATACG-1,0.12,0.04,0.0,0.0,0.1583684,0.50213987,0.090734765,0.2487569
ACTATTCTCCGGCTTT-1,0.16,0.08,0.0,0.0,0.5620823,0.24248488,0.0827187,0.11271412
ACTATTCTCTCGCAGG-1,0.12,0.04,0.0,0.0,0.054380547,0.69867784,0.18993595,0.057005692
ACTCCCACAACCCGCA-1,0.12,0.04,0.0,0.0,0.97976214,0.011850589,0.0073414356,0.0010458546
ACTCCCACATGGGAAC-1,0.16,0.04,0.0,0.0,0.5028931,0.34217304,0.06804112,0.08689275
ACTCCCATCGTGTTCC-1,0.12,0.04,0.0,0.0,0.0771506,0.5801629,0.2657689,0.07691766
ACTCTCGAGTCTAGAA-1,0.16,0.08,0.0,0.0,0.07494499,0.6949516,0.14320622,0.0868972
ACTCTCGGTGTGTTTG-1,0.12,0.04,0.0,0.0,0.31010002,0.20559569,0.2670884,0.2172159
ACTGATGAGAGAGCAA-1,0.12,0.04,0.0,0.0,0.15225996,0.55124426,0.26251775,0.033978082
ACTGATGCAAATTGCC-1,0.12,0.04,0.0,0.0,0.077967025,0.78122526,0.083873406,0.056934338
ACTGATGCAGAAGTGC-1,0.16,0.08,0.0,0.0,0.13053603,0.61907417,0.07776747,0.17262234
ACTGATGCAGGCGATA-1,0.12,0.04,0.0,0.0,0.059134625,0.5273086,0.28847268,0.12508412
ACTGATGCATACAGAA-1,0.12,0.04,0.0,0.0,3.745472e-07,0.0066654147,0.00427151,0.9890627
ACTGATGCATCATTGG-1,0.12,0.04,0.0,0.0,0.9620909,0.03086501,0.005830102,0.0012140789
ACTGATGGTCACAATC-1,0.04,0.04,0.0,0.0,0.20302413,0.2965837,0.4209211,0.07947108
ACTGATGGTCGTCGGT-1,0.16,0.08,0.0,0.0,0.9978277,0.0014855717,0.0006410525,4.562971e-05
ACTGCAAAGACAACTA-1,0.16,0.08,0.0,0.0,0.8255169,0.06941572,0.095825836,0.009241479
ACTGCAACAAATGGTA-1,0.12,0.04,0.0,0.0,0.16489175,0.28841347,0.19454403,0.35215077
ACTGCAACACCGGTCA-1,0.16,0.08,0.0,0.0,0.3281197,0.17745337,0.3122741,0.18215287
ACTGCAACACTGAGGA-1,0.12,0.04,0.0,0.0,0.79325956,0.16568638,0.03696158,0.0040924298
ACTGCAATCCTACGAA-1,0.12,0.04,0.0,0.0,0.7335135,0.15585518,0.084483296,0.026148103
ACTGTCCAGATACGAT-1,0.12,0.04,0.0,0.0,0.055998396,0.145427,0.242449,0.55612564
ACTGTCCCAAATAAGC-1,0.16,0.08,0.0,0.0,1.0917793e-09,4.3289194e-05,0.0010480218,0.99890864
ACTGTCCCAATTGTGC-1,0.16,0.04,0.0,0.0,0.9913687,0.0064444714,0.0021740275,1.2714835e-05
ACTGTCCCACAACATC-1,0.16,0.08,0.0,0.0,0.123988375,0.4738407,0.3474745,0.05469639
ACTGTCCCACTTACAG-1,0.12,0.04,0.0,0.0,0.780157,0.08695339,0.06927361,0.063615985
ACTGTCCTCAACTTTC-1,0.12,0.04,0.0,0.0,0.011692269,0.5582119,0.20064244,0.22945341
ACTGTCCTCTATTTCG-1,0.12,0.04,0.0,0.0,0.08937399,0.027159503,0.71257967,0.17088684
ACTGTGAAGCCATTTG-1,0.16,0.08,0.0,0.0,0.38207775,0.071471445,0.16023204,0.38621876
ACTGTGACACAAGCCC-1,0.12,0.04,0.0,0.0,0.15623444,0.32597703,0.44814458,0.06964397
ACTGTGATCATGAGTC-1,0.16,0.08,0.0,0.0,2.5627122e-08,0.00016387505,0.00412647,0.99570966
ACTGTGATCCCTCAAC-1,0.16,0.08,0.0,0.0,0.55120397,0.18628144,0.17879663,0.08371792
ACTTAGGAGCATGATA-1,0.16,0.08,0.0,0.0,0.20554742,0.20135793,0.34290785,0.25018686
ACTTAGGAGCGAAACC-1,0.08,0.04,0.0,0.0,0.52313274,0.2632696,0.1265381,0.08705957
ACTTAGGAGGTTCTAC-1,0.12,0.04,0.0,0.0,0.8617808,0.0863113,0.03675983,0.01514795
ACTTAGGGTTGAAGTA-1,0.16,0.08,0.0,0.0,0.816652,0.11348202,0.064267896,0.005597927
ACTTAGGTCACGGAGA-1,0.16,0.08,0.0,0.0,0.021288436,0.071407475,0.06941921,0.83788484
ACTTATCCACTACGGC-1,0.12,0.04,0.0,0.0,1.70189e-07,0.0005036575,0.0054114806,0.9940848
ACTTATCCAGCGGTTC-1,0.16,0.04,0.0,0.0,0.4800075,0.3649624,0.10715744,0.0478727
ACTTCCGCAAGATCCT-1,0.16,0.08,0.0,0.0,2.1866487e-07,0.0002691881,0.0031804529,0.9965501
ACTTCCGCACTGCGTG-1,0.12,0.04,0.0,0.0,0.97684985,0.00513978,0.017981477,2.8999808e-05
ACTTCCGTCAGCCTCT-1,0.12,0.04,0.0,0.0,0.08332193,0.41655633,0.18251188,0.31760985
ACTTCCGTCATACGGT-1,0.16,0.08,0.0,0.0,0.17219365,0.4129733,0.14352909,0.271304
ACTTCCGTCTAGTGTG-1,0.16,0.08,0.0,0.0,0.04734699,0.5727869,0.33880726,0.04105881
ACTTCGCCAGCTATTG-1,0.16,0.08,0.0,0.0,0.9327801,0.030397054,0.0314411,0.005381769
ACTTCGCGTACTCCGG-1,0.16,0.04,0.0,0.0,0.8980138,0.057350438,0.040382262,0.0042535793
ACTTCGCGTGTTGAGG-1,0.16,0.04,0.0,0.0,0.2168844,0.36896187,0.14956792,0.26458573
ACTTTCAAGCCTGACC-1,0.16,0.08,0.0,0.0,0.29374486,0.07781308,0.45147356,0.17696854
ACTTTCAAGCGCAATG-1,0.12,0.04,0.0,0.0,0.8829952,0.062789164,0.046028886,0.008186824
ACTTTCAAGCGCTGAA-1,0.12,0.04,0.0,0.0,0.015558571,0.18097204,0.41818172,0.38528764
ACTTTCAAGGAAAGTG-1,0.16,0.04,0.0,0.0,0.12540048,0.5641142,0.1806434,0.12984188
ACTTTCAAGGTAGGCT-1,0.16,0.04,0.0,0.0,0.93784446,0.05616017,0.0055980454,0.0003972871
ACTTTCAAGTTTGGCT-1,0.16,0.04,0.0,0.0,0.0023485357,0.016471848,0.09463676,0.8865429
ACTTTCAGTGCCGGTT-1,0.2,0.08,0.0,0.0,0.21828483,0.055004086,0.42191133,0.3047998
ACTTTCATCCTGGGAC-1,0.16,0.08,0.0,0.0,0.36199582,0.03715139,0.17374714,0.4271056
ACTTTGTAGCATGGGT-1,0.16,0.04,0.0,0.0,0.122067824,0.221232,0.49466574,0.16203444
ACTTTGTCAAAGGCGT-1,0.16,0.08,0.0,0.0,0.07812146,0.65566933,0.2201978,0.046011407
ACTTTGTGTTTGCCGG-1,0.2,0.08,0.0,0.0,0.44535944,0.38034835,0.10919311,0.06509908
ACTTTGTTCCACTTCG-1,0.16,0.04,0.0,0.0,0.8536413,0.089452036,0.033775788,0.023130909
AGAAATGCAAACACGG-1,0.16,0.08,0.0,0.0,0.63736415,0.12041248,0.23088047,0.011342874
AGAAATGCAATATCCG-1,0.16,0.08,0.0,0.0,0.27394578,0.037361644,0.40089417,0.2877984
AGAAATGCATTGAAGA-1,0.12,0.08,0.0,0.0,0.0013447166,0.0033435049,0.06251707,0.93279475
AGAAATGGTCTCCTGT-1,0.12,0.04,0.0,0.0,0.07410994,0.34693146,0.5323634,0.04659523
AGAAATGGTTACGATC-1,0.16,0.08,0.0,0.0,0.09000999,0.39792645,0.3544115,0.15765208
AGAAATGGTTTCAGAC-1,0.16,0.08,0.0,0.0,0.06369109,0.32094425,0.30042723,0.31493744
AGAAATGTCCACGTCT-1,0.16,0.08,0.0,0.0,0.13969935,0.25751823,0.3077375,0.29504487
AGAAATGTCGCCCAGA-1,0.12,0.04,0.0,0.0,0.021505158,0.8027228,0.116529055,0.05924299
AGAACAAAGCACAAAT-1,0.16,0.08,0.0,0.0,0.083452865,0.59540164,0.22196998,0.09917551
AGAACAAAGTACAGCG-1,0.16,0.08,0.0,0.0,0.23126096,0.012634686,0.46777052,0.28833386
AGAACAAAGTGTAGTA-1,0.16,0.08,0.0,0.0,0.05631679,0.03545006,0.08312547,0.82510763
AGAACAACACGGCTAC-1,0.16,0.08,0.0,0.0,0.32623333,0.10214837,0.25042483,0.3211935
AGAACAACATGGAGAC-1,0.16,0.04,0.0,0.0,0.22214708,0.32761198,0.24033661,0.20990434
AGAACAAGTTGGTGTT-1,0.12,0.04,0.0,0.0,0.98462546,0.0049067237,0.009788515,0.0006794051
AGAACAATCCAGCACG-1,0.12,0.04,0.0,0.0,0.12666006,0.06496862,0.4564797,0.3518916
AGAACAATCCTCATAT-1,0.08,0.04,0.0,0.0,0.063032694,0.6228147,0.18298039,0.13117225
AGAACAATCTTCTAAC-1,0.12,0.04,0.0,0.0,0.13849714,0.56521344,0.18661097,0.109678455
AGAACCTAGACTTCAC-1,0.16,0.08,0.0,0.0,0.112048455,0.50282574,0.25498047,0.13014527
AGAACCTAGCATTTGC-1,0.12,0.04,0.0,0.0,0.072905704,0.26756614,0.47578365,0.1837446
AGAACCTAGCTAAGTA-1,0.16,0.04,0.0,0.0,0.7465808,0.18175767,0.06350473,0.008156772
AGAACCTCATGCAGCC-1,0.12,0.04,0.0,0.0,0.115200505,0.31365868,0.4144999,0.15664096
AGAACCTGTATGCTTG-1,0.16,0.04,0.0,0.0,0.09552964,0.04448421,0.7245895,0.13539658
AGAACCTGTGATGAAT-1,0.16,0.08,0.0,0.0,0.9086478,0.0030656816,0.06611896,0.022167679
AGAACCTGTGTGTCCG-1,0.16,0.04,0.0,0.0,2.0357102e-06,0.00079111906,0.008338326,0.99086857
AGAACCTTCGACATTG-1,0.08,0.04,0.0,0.0,0.397924,0.32685822,0.25333032,0.02188748
AGAAGCGAGGCTATCT-1,0.16,0.04,0.0,0.0,0.111413844,0.11766792,0.64051974,0.1303985
AGAAGCGCACCCAATA-1,0.16,0.08,0.0,0.0,0.1264934,0.35787383,0.38329098,0.13234186
AGAAGCGCAGAGGTTG-1,0.12,0.04,0.0,0.0,0.290915,0.15106525,0.4257696,0.13225012
AGAAGCGGTTAGAAAC-1,0.16,0.04,0.0,0.0,0.3503879,0.38831946,0.16136411,0.09992851
AGAAGCGTCAATCAGC-1,0.16,0.08,0.0,0.0,0.16706894,0.38402632,0.37775487,0.071149826
AGAAGCGTCACTCGAA-1,0.16,0.04,0.0,0.0,0.11384178,0.56509364,0.16134171,0.1597228
AGAAGTACAAATGGCG-1,0.12,0.04,0.0,0.0,0.2807776,0.14189063,0.21076545,0.3665663
AGAAGTACACGACAAG-1,0.12,0.04,0.0,0.0,0.9635898,0.024144381,0.0110835275,0.0011822135
AGAAGTACACTGCTTC-1,0.12,0.04,0.0,0.0,0.83332944,0.101627745,0.060499158,0.0045437748
AGAAGTAGTAAGCAAT-1,0.2,0.08,0.0,0.0,0.00038588775,0.0049071773,0.08172859,0.9129783
AGACAAAAGAAACTCA-1,0.2,0.08,0.0,0.0,0.2964382,0.08398785,0.31994522,0.29962873
AGACAAAAGACCACGA-1,0.16,0.04,0.0,0.0,0.0009217517,0.15132566,0.14056961,0.707183
AGACAAAAGAGCCGAT-1,0.16,0.08,0.0,0.0,0.25330248,0.47634664,0.09380125,0.17654957
AGACAAAAGTCTACCA-1,0.12,0.04,0.0,0.0,0.24400127,0.2967454,0.19569658,0.2635568
AGACAAAGTCGCGTCA-1,0.16,0.04,0.0,0.0,0.03165025,0.8140978,0.06326025,0.09099161
AGACAAATCACGAACT-1,0.16,0.04,0.0,0.0,0.25007626,0.083044484,0.32905832,0.33782098
AGACACTAGAAGCGCT-1,0.16,0.08,0.0,0.0,0.30422014,0.12289603,0.37558058,0.19730324
AGACACTAGTCTAACC-1,0.16,0.08,0.0,0.0,0.3510675,0.05253506,0.22248991,0.3739075
AGACACTCAATAAGGT-1,0.16,0.08,0.0,0.0,0.29656017,0.058571413,0.45713165,0.18773682
AGACACTCACGTAACT-1,0.12,0.04,0.0,0.0,0.6339476,0.24294885,0.10437689,0.018726626
AGACACTCAGGTTCCG-1,0.12,0.04,0.0,0.0,0.98503864,0.0057269754,0.00858667,0.00064776075
AGACACTTCGTCAAAC-1,0.16,0.08,0.0,0.0,0.15233134,0.026925132,0.66609716,0.15464634
AGACAGGAGTTTCGAC-1,0.12,0.04,0.0,0.0,0.23479567,0.49784827,0.18971568,0.07764041
AGACAGGCAGCGTACC-1,0.12,0.04,0.0,0.0,0.08219352,0.6014641,0.09329915,0.22304317
AGACAGGCATGCACTA-1,0.12,0.04,0.0,0.0,0.9372322,0.008819195,0.04778093,0.0061676307
AGACAGGTCTTCGATT-1,0.08,0.04,0.0,0.0,0.31271994,0.44300213,0.1902879,0.05399003
AGACCATAGAGTCTTC-1,0.16,0.04,0.0,0.0,0.06795501,0.6311407,0.1445361,0.15636815
AGACCATAGCATTTGC-1,0.12,0.04,0.0,0.0,0.21421725,0.40417996,0.07854538,0.30305734
AGACCATAGGCTCCCA-1,0.16,0.08,0.0,0.0,0.057157934,0.41218853,0.42204782,0.10860563
AGACCATAGGTTCATC-1,0.16,0.08,0.0,0.0,0.98021644,0.015325634,0.0041828505,0.0002751566
AGACCATCACCTGAAT-1,0.12,0.04,0.0,0.0,0.58918554,0.24958268,0.1331824,0.028049415
AGACCATCAGGTCAGA-1,0.04,0.04,0.0,0.0,0.26729155,0.41114372,0.2671262,0.05443862
AGACCATGTAGGTAGC-1,0.16,0.04,0.0,0.0,0.16847822,0.5047451,0.23506366,0.09171304
AGACCATGTTGGGTAG-1,0.16,0.04,0.0,0.0,0.49252152,0.21446288,0.24530439,0.04771121
AGACCCGAGCAATAAC-1,0.04,0.04,0.0,0.0,0.39418188,0.28570703,0.2527017,0.06740945
AGACCCGAGCTGTCCG-1,0.12,0.04,0.0,0.0,0.12349664,0.32885516,0.35162452,0.19602372
AGACCCGAGGAATTAC-1,0.04,0.04,0.0,0.0,0.09102146,0.32091594,0.35258558,0.23547706
AGACCCGAGGACGGAG-1,0.16,0.08,0.0,0.0,0.8563902,0.105057076,0.032191012,0.006361702
AGACCCGGTACCCACG-1,0.16,0.08,0.0,0.0,0.9978264,0.0007851372,0.0013731234,1.52294415e-05
AGACCCGGTGCATGAG-1,0.16,0.08,0.0,0.0,0.07264161,0.78222466,0.100106694,0.045027025
AGACTCAAGCACACAG-1,0.16,0.08,0.0,0.0,0.22760339,0.012112169,0.3737502,0.38653424
AGACTCAAGTCATAGA-1,0.16,0.08,0.0,0.0,0.3212436,0.055940267,0.32178447,0.30103168
AGACTCACAAATAAGC-1,0.16,0.08,0.0,0.0,0.25894085,0.058537867,0.387137,0.2953843
AGAGAATAGCTAAACA-1,0.16,0.04,0.0,0.0,0.01249757,0.14495863,0.24525009,0.59729373
AGAGAATAGCTGAAGC-1,0.12,0.04,0.0,0.0,0.26083612,0.27419442,0.43769112,0.02727837
AGAGAATAGTAAGCAT-1,0.16,0.08,0.0,0.0,0.07982676,0.6042714,0.22418159,0.09172032
AGAGAATCAAGCAATA-1,0.16,0.04,0.0,0.0,0.13388732,0.39683115,0.37889302,0.090388566
AGAGAATCATAGTCGT-1,0.12,0.04,0.0,0.0,0.012376886,0.51243633,0.14805159,0.32713518
AGAGAATGTTATCTGG-1,0.16,0.08,0.0,0.0,0.10170311,0.31672916,0.33045244,0.25111526
AGAGAGCAGCATACTC-1,0.16,0.08,0.0,0.0,0.95321125,0.04097193,0.0052741165,0.0005427273
AGAGAGCAGGGCGAAG-1,0.16,0.08,0.0,0.0,6.9192297e-06,0.00068560377,0.011138354,0.9881691
AGAGAGCAGTATGATG-1,0.16,0.04,0.0,0.0,0.019229636,0.38213632,0.32643047,0.27220353
AGAGAGCCACATAACC-1,0.08,0.04,0.0,0.0,0.050233632,0.79549855,0.11568656,0.03858122
AGAGAGCGTAAGGAGA-1,0.16,0.08,0.0,0.0,0.149807,0.23449676,0.5197156,0.09598066
AGAGAGCGTTCTTGCC-1,0.28,0.08,0.0,0.0,0.113338426,0.077728234,0.16621694,0.64271635
AGAGAGCGTTTGTGGT-1,0.12,0.04,0.0,0.0,0.03105589,0.29997358,0.29127014,0.37770042
AGAGAGCTCAAAGGTA-1,0.16,0.08,0.0,0.0,0.24653497,0.18197142,0.3011652,0.27032846
AGAGAGCTCCGTACGG-1,0.16,0.08,0.0,0.0,0.10069878,0.028523583,0.16736303,0.7034146
AGAGCAGAGACGACGT-1,0.16,0.04,0.0,0.0,0.0798638,0.7997142,0.09143887,0.028983101
AGAGCAGAGCTCTATG-1,0.16,0.04,0.0,0.0,0.38012502,0.0846395,0.31470832,0.22052725
AGAGCAGCACGGTGCT-1,0.16,0.08,0.0,0.0,0.1315166,0.4156768,0.13351442,0.31929222
AGAGCAGCATTGCAAC-1,0.16,0.08,0.0,0.0,0.15011483,0.17550854,0.37379503,0.3005816
AGAGCAGGTATAGGAT-1,0.12,0.04,0.0,0.0,0.11909888,0.27075285,0.2536133,0.35653502
AGAGCAGGTGAACTAA-1,0.12,0.04,0.0,0.0,0.94807166,0.042674527,0.007296629,0.001957209
AGAGCAGGTGCACAAG-1,0.04,0.04,0.0,0.0,0.2487898,0.50095654,0.19469956,0.055554114
AGAGCAGTCCCTCGAT-1,0.12,0.04,0.0,0.0,0.07909082,0.0927518,0.7770527,0.05110465
AGAGCCCAGTAAACAC-1,0.16,0.08,0.0,0.0,0.21993515,0.21228006,0.45997235,0.10781249
AGAGCCCGTCTGTGAT-1,0.12,0.04,0.0,0.0,0.06336409,0.43555826,0.37845308,0.12262459
AGAGCCCTCAGAGCAG-1,0.08,0.04,0.0,0.0,0.97973883,0.014525407,0.0054708994,0.00026487428
AGAGCCCTCCCGTTGT-1,0.2,0.08,0.0,0.0,0.075410485,0.073988624,0.765339,0.08526189
AGATAGACAGAATCGG-1,0.16,0.08,0.0,0.0,0.14300661,0.44280726,0.30956832,0.104617834
AGATAGATCGGTCAGC-1,0.16,0.08,0.0,0.0,0.22239025,0.54751617,0.15065312,0.079440475
AGATCCAAGTAGAATC-1,0.16,0.08,0.0,0.0,0.30718946,0.05241602,0.23060164,0.40979284
AGATCCAGTGTCGCTG-1,0.16,0.08,0.0,0.0,0.13095684,0.5324438,0.13894428,0.19765505
AGATCCAGTTGGAGGT-1,0.16,0.04,0.0,0.0,0.9962941,0.0015627404,0.0019495676,0.00019361076
AGATCCATCAAACTGC-1,0.12,0.04,0.0,0.0,0.18361443,0.4539491,0.24485007,0.11758647
AGATCCATCTCTCTTC-1,0.16,0.08,0.0,0.0,0.5627799,0.081581965,0.042713344,0.31292477
AGATCGTAGCGCACAA-1,0.16,0.08,0.0,0.0,0.049615297,0.16295005,0.7574817,0.029953007
AGATCGTAGCGCTGCT-1,0.12,0.04,0.0,0.0,0.5770771,0.39631188,0.020626944,0.0059840227
AGATCGTAGTTGGCGA-1,0.16,0.08,0.0,0.0,0.20358227,0.35755557,0.29959223,0.13926998
AGATCGTGTCATCGGC-1,0.16,0.08,0.0,0.0,0.34122327,0.05905626,0.29794443,0.30177602
AGATCGTGTGTATACC-1,0.16,0.08,0.0,0.0,0.93268675,0.002351972,0.03132131,0.033639878
AGATCGTGTTGTGTTG-1,0.16,0.08,0.0,0.0,0.9594351,0.025187172,0.012581115,0.0027966164
AGATCGTTCAACCCGG-1,0.16,0.08,0.0,0.0,0.15819384,0.43817848,0.1529422,0.25068554
AGATCGTTCCCTTCCC-1,0.08,0.04,0.0,0.0,0.02424925,0.5904599,0.27151012,0.11378073
AGATGAAAGACAACTA-1,0.16,0.04,0.0,0.0,0.05740004,0.577832,0.22497968,0.1397883
AGATGAAAGATAGGGA-1,0.16,0.08,0.0,0.0,0.234539,0.3131192,0.392159,0.06018281
AGATGAACACATCCCT-1,0.16,0.08,0.0,0.0,0.07275455,0.16128664,0.49180034,0.27415848
AGATGAAGTATCACGT-1,0.16,0.04,0.0,0.0,0.026829356,0.67228633,0.19331822,0.107566044
AGATGAAGTATCTCGA-1,0.16,0.04,0.0,0.0,1.8742188e-05,0.047119867,0.03733597,0.91552544
AGATGAAGTCTCGGAC-1,0.12,0.04,0.0,0.0,0.9834689,0.011863386,0.003875511,0.0007921518
AGATGCTAGGGTATAT-1,0.08,0.04,0.0,0.0,0.42209518,0.23182994,0.29206586,0.054009076
AGATGCTAGGGTTAGC-1,0.16,0.04,0.0,0.0,0.7747315,0.12869504,0.08962696,0.0069465092
AGATGCTCAATTAGGA-1,0.16,0.04,0.0,0.0,0.8968923,0.08644118,0.015554523,0.0011119321
AGATGCTCATCTTAGG-1,0.16,0.08,0.0,0.0,0.055588216,0.42797074,0.40189323,0.1145478
AGATGCTTCTCTATAC-1,0.16,0.08,0.0,0.0,0.10725598,0.18771498,0.25704795,0.44798112
AGCATCAAGTCGAAGC-1,0.16,0.04,0.0,0.0,0.18072857,0.0704578,0.46126238,0.28755125
AGCATCACATCCAATG-1,0.16,0.08,0.0,0.0,0.97308874,0.0090014525,0.01746937,0.00044046782
AGCATCAGTATGGGAC-1,0.16,0.08,0.0,0.0,0.25539905,0.08468216,0.4201028,0.23981598
AGCATCAGTGAGCCAA-1,0.12,0.04,0.0,0.0,0.17311774,0.27926117,0.21911997,0.32850114
AGCATCAGTGTGTACT-1,0.16,0.08,0.0,0.0,0.13816956,0.60412323,0.15221988,0.10548731
AGCATCATCACTTGGA-1,0.16,0.08,0.0,0.0,0.090260215,0.15365243,0.6933263,0.06276109
AGCATCATCGACGCTG-1,0.16,0.08,0.0,0.0,0.11180849,0.5470135,0.2763352,0.06484278
AGCCAATAGTATGACA-1,0.12,0.04,0.0,0.0,3.3358607e-05,0.09217107,0.015472068,0.8923235
AGCCAATCACCATAAC-1,0.16,0.08,0.0,0.0,0.10945678,0.25848877,0.60791266,0.024141738
AGCCAATCACGTTGGC-1,0.16,0.08,0.0,0.0,0.37710783,0.063271955,0.17479245,0.38482776
AGCCAATCATTCTCCG-1,0.12,0.04,0.0,0.0,0.20185266,0.33195055,0.34521902,0.120977744
AGCCAATGTAGGCAAC-1,0.16,0.08,0.0,0.0,3.337222e-06,0.008583432,0.030459085,0.9609541
AGCCAATGTATGATCC-1,0.12,0.04,0.0,0.0,0.039036162,0.4459693,0.38122848,0.13376606
AGCCAATTCCTATGGA-1,0.16,0.08,0.0,0.0,0.026015677,0.049309935,0.10415783,0.8205165
AGCCACGCAGCGTATT-1,0.2,0.08,0.0,0.0,0.8435655,0.053023674,0.080913365,0.022497352
AGCCACGCAGTTTCGA-1,0.16,0.08,0.0,0.0,0.36032644,0.18336804,0.21641465,0.23989086
AGCCACGCATCGATCA-1,0.16,0.04,0.0,0.0,0.123054326,0.69758105,0.08606282,0.09330178
AGCCACGGTCCTGGGT-1,0.12,0.04,0.0,0.0,0.9104277,0.07482841,0.009101651,0.0056422176
AGCCACGGTGCCTATA-1,0.16,0.04,0.0,0.0,0.933024,0.038248718,0.027561756,0.001165469
AGCCAGCAGTTCGGTT-1,0.16,0.08,0.0,0.0,0.0016022525,0.01621032,0.18555394,0.7966335
AGCCAGCAGTTGCGAG-1,0.16,0.08,0.0,0.0,0.07539735,0.057322312,0.113780156,0.7535002
AGCCAGCCAAGCAGGT-1,0.12,0.04,0.0,0.0,0.08202366,0.42961702,0.23596425,0.2523951
AGCCAGCGTACGGCAA-1,0.16,0.04,0.0,0.0,0.14640261,0.2269079,0.509945,0.1167445
AGCCAGCGTGGCAGAT-1,0.2,0.08,0.0,0.0,0.45356384,0.26931304,0.13895671,0.1381664
AGCCAGCTCACCATAG-1,0.16,0.04,0.0,0.0,0.3970984,0.062088683,0.18192038,0.35889262
AGCCAGCTCACTTATC-1,0.08,0.04,0.0,0.0,0.10896471,0.26838845,0.39235374,0.23029311
AGCCAGCTCTTGCAAG-1,0.16,0.08,0.0,0.0,0.04311003,0.7159475,0.1816018,0.059340652
AGCGATTGTGGAATGC-1,0.16,0.08,0.0,0.0,0.16794373,0.40050593,0.35385013,0.07770014
AGCGATTTCAACCCGG-1,0.16,0.08,0.0,0.0,0.3216935,0.039884605,0.31350467,0.3249172
AGCGATTTCATGGGAG-1,0.16,0.04,0.0,0.0,0.9686891,0.011550439,0.018314082,0.0014464798
AGCGCCAAGAATTGTG-1,0.2,0.08,0.0,0.0,0.39230993,0.23119226,0.31448352,0.062014326
AGCGCCAAGACCTCAT-1,0.2,0.08,0.0,0.0,0.26626745,0.17508303,0.14685172,0.41179782
AGCGCCAAGTATAACG-1,0.16,0.04,0.0,0.0,0.22015218,0.36262235,0.30935556,0.10786993
AGCGCCACAATGCAGG-1,0.16,0.08,0.0,0.0,0.073304705,0.64138395,0.24716036,0.038151033
AGCGCCAGTAACATAG-1,0.24,0.08,0.0,0.0,0.23824476,0.09394862,0.51968527,0.14812137
AGCGCCAGTACTCCGG-1,0.12,0.04,0.0,0.0,0.020360611,0.049899675,0.61138827,0.31835136
AGCGCCAGTCCATCTC-1,0.16,0.04,0.0,0.0,0.21976395,0.25144053,0.36327386,0.16552174
AGCGCCAGTCGCTTGG-1,0.12,0.04,0.0,0.0,0.80704707,0.123459056,0.04572967,0.023764187
AGCGCCAGTTACGTAC-1,0.12,0.04,0.0,0.0,0.36165127,0.21045618,0.35351172,0.07438074
AGCGCCATCTAGAACC-1,0.12,0.04,0.0,0.0,0.043619864,0.3741214,0.43024948,0.15200923
AGCGCTGAGCTTCGTA-1,0.12,0.04,0.0,0.0,0.14363727,0.48395383,0.28650495,0.08590396
AGCGCTGCAGAGACTG-1,0.16,0.08,0.0,0.0,0.18078245,0.16324557,0.40121177,0.25476018
AGCGCTGGTCCGGATC-1,0.12,0.04,0.0,0.0,0.66654754,0.17982297,0.13263011,0.020999387
AGCGCTGGTGAATATG-1,0.16,0.08,0.0,0.0,0.91000557,0.010674329,0.077762574,0.0015575391
AGCGCTGTCTTCGACC-1,0.16,0.08,0.0,0.0,0.33646438,0.035510547,0.37558267,0.2524424
AGCGTATAGCCGCACT-1,0.16,0.04,0.0,0.0,0.17992589,0.4718343,0.15725268,0.19098708
AGCGTATAGTGGTCAG-1,0.16,0.08,0.0,0.0,0.21695808,0.35424712,0.22825097,0.20054382
AGCGTATCAATTCTCT-1,0.12,0.04,0.0,0.0,0.8879321,0.05364946,0.046215523,0.012203025
AGCGTATCATGATCTG-1,0.12,0.04,0.0,0.0,0.0481448,0.38460913,0.37246335,0.1947827
AGCGTATGTTACCCAA-1,0.16,0.04,0.0,0.0,0.99182534,0.005742793,0.0020494282,0.00038236813
AGCGTATTCAAGGTGG-1,0.16,0.08,0.0,0.0,0.995752,0.0022711088,0.0019118782,6.5090295e-05
AGCGTATTCGTCAAAC-1,0.16,0.08,0.0,0.0,0.045622103,0.08870386,0.8262608,0.039413188
AGCGTATTCTGAGAGG-1,0.16,0.04,0.0,0.0,3.4460118e-06,0.0040685753,0.028474368,0.96745354
AGCGTATTCTTTGCAT-1,0.16,0.04,0.0,0.0,0.050799888,0.7575003,0.12694108,0.06475876
AGCGTCGAGTGAACAT-1,0.16,0.08,0.0,0.0,0.305215,0.16193382,0.20490083,0.32795036
AGCGTCGGTAGCACAG-1,0.16,0.04,0.0,0.0,0.04877795,0.397984,0.38005164,0.17318642
AGCTACACATCGAGCC-1,0.12,0.04,0.0,0.0,0.9730257,0.004333534,0.021728411,0.0009124343
AGCTACAGTCAGGTAG-1,0.16,0.04,0.0,0.0,0.02611524,0.38921356,0.30884343,0.2758277
AGCTACAGTCGAGTGA-1,0.16,0.04,0.0,0.0,0.078316286,0.5270978,0.30578142,0.08880443
AGCTACATCACCACAA-1,0.16,0.08,0.0,0.0,0.7415059,0.14242207,0.07903747,0.037034497
AGCTACATCAGACCCG-1,0.12,0.04,0.0,0.0,0.16665402,0.22871979,0.26930028,0.33532593
AGCTACATCTCTTAAC-1,0.12,0.04,0.0,0.0,0.13675259,0.25710756,0.45829222,0.1478476
AGCTCAACAACGGGTA-1,0.12,0.04,0.0,0.0,0.025820004,0.90649444,0.044006415,0.023679148
AGCTCAAGTCAGGAGT-1,0.16,0.08,0.0,0.0,0.8296778,0.119096205,0.046295542,0.0049304767
AGCTCAAGTCTACGTA-1,0.16,0.04,0.0,0.0,0.24148765,0.5066537,0.19758768,0.054270916
AGCTCAAGTGACTAAA-1,0.12,0.04,0.0,0.0,0.2950891,0.45075944,0.22106165,0.033089794
AGCTCAATCAAGCTGT-1,0.12,0.04,0.0,0.0,0.4588314,0.36259082,0.11798053,0.060597245
AGCTCAATCAAGGACG-1,0.16,0.04,0.0,0.0,0.06418853,0.2202936,0.6397708,0.07574713
AGCTCAATCCTCTTTC-1,0.2,0.08,0.0,0.0,0.27954796,0.079893544,0.30238244,0.33817604
AGCTCAATCGTAACCA-1,0.12,0.04,0.0,0.0,0.042441502,0.41549593,0.40029082,0.14177175
AGCTTCCAGCATAGGC-1,0.04,0.08,0.0,0.0,0.7831951,0.12267253,0.08316967,0.010962688
AGCTTCCCAATACAGA-1,0.08,0.04,0.0,0.0,0.10071905,0.26003012,0.2974571,0.34179375
AGCTTCCGTGCCCACA-1,0.12,0.04,0.0,0.0,0.10720176,0.42223024,0.32812902,0.14243889
AGCTTCCTCCTACGGG-1,0.12,0.04,0.0,0.0,4.1876092e-07,0.0015984675,0.0055462616,0.9928549
AGGAAATAGCCGTAAG-1,0.16,0.04,0.0,0.0,0.008299929,0.5411098,0.34181756,0.10877275
AGGAAATAGCGATGGT-1,0.16,0.08,0.0,0.0,0.15978524,0.22342968,0.13133676,0.4854483
AGGAAATAGTAGGTTA-1,0.16,0.08,0.0,0.0,0.28234094,0.0849862,0.061682243,0.5709906
AGGAAATCAGAGAGGG-1,0.12,0.04,0.0,0.0,0.0064065643,0.13175108,0.31149742,0.550345
AGGAAATGTTCGGACC-1,0.2,0.08,0.0,0.0,0.028570026,0.8178244,0.09649507,0.0571105
AGGAAATTCCCAGCGA-1,0.04,0.04,0.0,0.0,0.122910604,0.29476777,0.5157515,0.0665701
AGGAAATTCCTAACAG-1,0.12,0.04,0.0,0.0,0.18447739,0.28299937,0.32622287,0.20630035
AGGAATACATTGCTTT-1,0.16,0.08,0.0,0.0,0.15815495,0.2617744,0.19059257,0.3894781
AGGAATATCAAGAGTA-1,0.16,0.08,0.0,0.0,0.07440074,0.06680569,0.6638812,0.1949124
AGGAATATCAGTCATG-1,0.16,0.08,0.0,0.0,0.6404212,0.19091466,0.0915833,0.0770808
AGGAATATCCACAGGC-1,0.16,0.08,0.0,0.0,0.70656615,0.12496514,0.10791372,0.0605549
AGGACGAAGCAAGCCA-1,0.12,0.04,0.0,0.0,0.062094025,0.4027562,0.27484798,0.2603018
AGGACGAAGGTCGACA-1,0.16,0.08,0.0,0.0,0.27778885,0.07642402,0.3240717,0.3217154
AGGACGACATTCCTAT-1,0.16,0.08,0.0,0.0,0.98889893,0.0026512311,0.00788428,0.0005654727
AGGACGATCACAGTGT-1,0.12,0.04,0.0,0.0,0.15766013,0.5181896,0.07882871,0.24532159
AGGACGATCCAGTACA-1,0.12,0.04,0.0,0.0,0.07903626,0.5748971,0.24389122,0.1021755
AGGACGATCGCTCATC-1,0.16,0.08,0.0,0.0,0.17864776,0.347704,0.21928006,0.25436813
AGGACGATCTACGCGG-1,0.16,0.08,0.0,0.0,0.041021235,0.050861433,0.30993357,0.5981838
AGGACTTAGAGCTGCA-1,0.16,0.04,0.0,0.0,0.22322255,0.265455,0.33289814,0.17842427
AGGACTTAGCCATCCG-1,0.16,0.08,0.0,0.0,0.03306371,0.6254385,0.30107534,0.040422402
AGGACTTAGGTCATCT-1,0.12,0.04,0.0,0.0,0.16139501,0.48511395,0.13623913,0.21725187
AGGACTTAGTTAGTGA-1,0.16,0.04,0.0,0.0,0.22894123,0.19010477,0.41742638,0.16352761
AGGACTTGTGCATCTA-1,0.12,0.04,0.0,0.0,0.027246298,0.021806544,0.8354487,0.11549843
AGGACTTGTTGGAGAC-1,0.16,0.08,0.0,0.0,0.15702817,0.5274895,0.23891523,0.076567106
AGGACTTTCAGCAATC-1,0.16,0.04,0.0,0.0,9.278997e-07,0.0004837377,0.034317993,0.9651973
AGGACTTTCCGATCTC-1,0.12,0.04,0.0,0.0,0.016629547,0.81877,0.066040374,0.098560095
AGGAGGTAGACGCCCT-1,0.16,0.08,0.0,0.0,4.2162632e-10,0.00053062185,0.0029261413,0.9965432
AGGAGGTCACCGAATT-1,0.16,0.04,0.0,0.0,0.89409465,0.0917853,0.01149381,0.002626284
AGGAGGTTCGACCTAA-1,0.24,0.08,0.0,0.0,0.16325827,0.3574063,0.3630106,0.11632486
AGGAGGTTCGACGCTG-1,0.16,0.04,0.0,0.0,0.052844796,0.5651992,0.24164593,0.1403101
AGGATAAAGTGAGGCT-1,0.12,0.04,0.0,0.0,0.050043084,0.6694088,0.25998956,0.02055856
AGGATAACACCGGAAA-1,0.12,0.04,0.0,0.0,0.088449195,0.6820667,0.16826701,0.061217096
AGGATAACAGGACTAG-1,0.16,0.08,0.0,0.0,0.9496331,0.03713643,0.0131572,7.321977e-05
AGGATAAGTAGGAAAG-1,0.2,0.08,0.0,0.0,0.04395613,0.20558256,0.23147798,0.51898336
AGGATAAGTCCGAAGA-1,0.16,0.08,0.0,0.0,0.27056995,0.02886093,0.5407317,0.1598374
AGGATAAGTGCCTTCT-1,0.12,0.04,0.0,0.0,0.00078018615,0.008583878,0.09507297,0.895563
AGGATCTAGCCGGAAT-1,0.16,0.04,0.0,0.0,0.07562287,0.47583017,0.084339276,0.3642077
AGGATCTGTCCAACGC-1,0.16,0.04,0.0,0.0,0.6443299,0.2528206,0.0914175,0.011431933
AGGATCTGTGGCTACC-1,0.12,0.04,0.0,0.0,0.45317483,0.16503146,0.36045292,0.021340828
AGGCATTAGGGTGAAA-1,0.12,0.04,0.0,0.0,0.9843231,0.009433666,0.0045240596,0.0017191367
AGGCATTAGGTCACAG-1,0.16,0.04,0.0,0.0,0.80812585,0.08105562,0.049755454,0.061062977
AGGCATTCAAAGCGTG-1,0.16,0.08,0.0,0.0,0.13059664,0.46886048,0.34170425,0.058838613
AGGCATTCACTTCATT-1,0.16,0.04,0.0,0.0,0.10464457,0.16295396,0.6744591,0.05794232
AGGCATTCATGGGAAC-1,0.16,0.08,0.0,0.0,0.068747014,0.769141,0.08372398,0.07838804
AGGCATTGTAATGATG-1,0.16,0.08,0.0,0.0,0.04970195,0.06881736,0.19432613,0.68715453
AGGCATTGTCAAAGCG-1,0.16,0.08,0.0,0.0,0.021413842,0.0072156447,0.6658273,0.3055433
AGGCATTGTGTGTCGC-1,0.16,0.08,0.0,0.0,1.7586565e-06,0.0009004631,0.010549335,0.9885485
AGGCATTTCCATCACC-1,0.16,0.04,0.0,0.0,0.13925694,0.3725794,0.35927346,0.12889017
AGGCCACAGAGGATCC-1,0.16,0.08,0.0,0.0,0.20463468,0.40305352,0.37448028,0.017831488
AGGCCACCATACCAGT-1,0.16,0.08,0.0,0.0,0.053703696,0.33268964,0.47932568,0.13428096
AGGCCACGTGTTGCCG-1,0.12,0.04,0.0,0.0,0.37851128,0.30853736,0.15475513,0.15819627
AGGCTGCAGAGTAACT-1,0.16,0.08,0.0,0.0,0.11402074,0.680831,0.16020054,0.044947706
AGGCTGCCAACGATCT-1,0.16,0.08,0.0,0.0,0.93378335,0.015947603,0.036789298,0.013479759
AGGCTGCCATGAATAG-1,0.12,0.04,0.0,0.0,0.9964588,0.00086577184,0.002551686,0.00012376401
AGGCTGCTCAAGCTTG-1,0.16,0.08,0.0,0.0,0.258001,0.037590027,0.45903865,0.2453703
AGGCTGCTCAGACATC-1,0.16,0.04,0.0,0.0,0.39393866,0.036209375,0.36649168,0.2033603
AGGCTGCTCTGTCTCG-1,0.16,0.04,0.0,0.0,0.084063895,0.25309244,0.3593751,0.3034686
AGGGAGTAGCAGCACA-1,0.12,0.04,0.0,0.0,0.26816028,0.29189807,0.1802377,0.2597039
AGGGAGTCACAATTCG-1,0.16,0.08,0.0,0.0,0.17788848,0.20547111,0.20854397,0.40809643
AGGGAGTGTCACAGAG-1,0.2,0.08,0.0,0.0,0.010435136,0.16667463,0.2983332,0.52455705
AGGGAGTTCCTGCCAT-1,0.12,0.04,0.0,0.0,0.057047054,0.5124387,0.3056627,0.12485152
AGGGAGTTCTATTTCG-1,0.2,0.08,0.0,0.0,0.0031722365,0.09369829,0.042613324,0.86051613
AGGGAGTTCTTACACT-1,0.16,0.04,0.0,0.0,0.91613245,0.0070578586,0.07327662,0.0035329703
AGGGCCTAGGGCTTCC-1,0.16,0.08,0.0,0.0,0.31441104,0.08025865,0.41039363,0.19493678
AGGGCCTAGGTGCCTC-1,0.16,0.08,0.0,0.0,0.14392912,0.5974571,0.117802136,0.14081159
AGGGCCTCACCCTATC-1,0.16,0.08,0.0,0.0,0.98400277,0.00065822486,0.01507427,0.0002647568
AGGGCCTCATGGACAG-1,0.12,0.04,0.0,0.0,0.22850235,0.37297443,0.31988135,0.078641966
AGGGCCTGTAGGACTG-1,0.08,0.04,0.0,0.0,0.22766718,0.18023197,0.3908703,0.20123047
AGGGCCTGTGTGAGCA-1,0.12,0.04,0.0,0.0,0.10486918,0.70514154,0.065392986,0.12459628
AGGGCCTGTGTTTGCA-1,0.12,0.04,0.0,0.0,0.3248549,0.33143166,0.31093726,0.032776207
AGGGCCTGTTTCGTGA-1,0.16,0.08,0.0,0.0,0.99718314,0.0005017366,0.0022020896,0.00011289245
AGGGCCTGTTTGGGTT-1,0.16,0.04,0.0,0.0,0.03270823,0.39812,0.45979345,0.1093783
AGGGCCTTCCAACCGG-1,0.12,0.04,0.0,0.0,0.057381433,0.6133559,0.25441778,0.07484492
AGGGCCTTCCGAGATT-1,0.16,0.04,0.0,0.0,0.96783197,0.02019331,0.011683525,0.0002912102
AGGGCCTTCCGCAGTG-1,0.16,0.08,0.0,0.0,0.077549316,0.019082451,0.8557085,0.047659766
AGGGCCTTCGGTCGGT-1,0.16,0.08,0.0,0.0,0.24687597,0.034242302,0.48580575,0.23307592
AGGGCCTTCTGTACAG-1,0.2,0.08,0.0,0.0,0.00037602725,0.00162968,0.020778123,0.9772161
AGGGCTCAGACAACTA-1,0.12,0.04,0.0,0.0,0.069202974,0.6502838,0.16249421,0.11801894
AGGGCTCAGAGTTGCG-1,0.16,0.04,0.0,0.0,0.1323047,0.53611994,0.21575932,0.11581598
AGGGCTCAGCGCCGTT-1,0.12,0.04,0.0,0.0,0.049081836,0.4286214,0.32540873,0.19688803
AGGGCTCCACAGCATT-1,0.16,0.08,0.0,0.0,0.1014817,0.501289,0.2896135,0.10761589
AGGGCTCGTCGGCTAC-1,0.12,0.04,0.0,0.0,0.2231493,0.41916656,0.12824549,0.22943869
AGGGCTCGTGACCGAA-1,0.16,0.08,0.0,0.0,0.05874592,0.50467175,0.2449561,0.19162624
AGGGTCCAGATGCTTC-1,0.12,0.04,0.0,0.0,0.06935458,0.8279429,0.07641244,0.026290087
AGGGTCCCAACTGGTT-1,0.12,0.08,0.0,0.0,0.92852134,0.041298002,0.02907776,0.0011028635
AGGGTCCCAGATACCT-1,0.16,0.08,0.0,0.0,0.23370102,0.42266485,0.11998464,0.22364953
AGGGTCCCAGCGTGAA-1,0.08,0.04,0.0,0.0,0.08545693,0.4873028,0.28955993,0.13768032
AGGGTCCGTGTTCGAT-1,0.16,0.08,0.0,0.0,0.22474763,0.042044424,0.5962064,0.13700156
AGGGTCCTCCAACTGA-1,0.04,0.04,0.0,0.0,0.789968,0.12587273,0.0803862,0.0037730057
AGGGTCCTCCGTGCGA-1,0.12,0.04,0.0,0.0,0.12383613,0.33592838,0.40342262,0.13681291
AGGGTCCTCGCGATCG-1,0.16,0.04,0.0,0.0,0.68119967,0.23566192,0.07963188,0.0035065066
AGGGTGACACTTGGGC-1,0.16,0.04,0.0,0.0,0.0022275578,0.31210032,0.100314364,0.5853577
AGGGTGAGTCAAGGCA-1,0.16,0.08,0.0,0.0,0.44844446,0.070708856,0.2992895,0.18155722
AGGGTGAGTCTTTATC-1,0.12,0.04,0.0,0.0,0.0013856195,0.26569638,0.1302049,0.6027131
AGGGTGATCTCCTGTG-1,0.16,0.08,0.0,0.0,0.20999481,0.38900694,0.30915093,0.09184734
AGGGTTTAGATCCAAA-1,0.16,0.04,0.0,0.0,0.1293171,0.7174319,0.12337309,0.029877957
AGGGTTTAGGCGACAT-1,0.16,0.08,0.0,0.0,0.17398222,0.45601755,0.26336053,0.106639735
AGGGTTTAGTCATCGT-1,0.16,0.04,0.0,0.0,7.27727e-07,0.00067967694,0.017496256,0.9818233
AGGGTTTGTAAGGTCG-1,0.12,0.04,0.0,0.0,0.03911279,0.5494464,0.290321,0.12111979
AGGGTTTTCCCTCATG-1,0.12,0.04,0.0,0.0,0.2185155,0.050101276,0.5506514,0.18073182
AGGGTTTTCCCTCGTA-1,0.16,0.08,0.0,0.0,2.2745797e-07,0.006947127,0.0031026332,0.98995006
AGGGTTTTCGCTCTCA-1,0.12,0.04,0.0,0.0,0.081987165,0.5176106,0.25278264,0.1476196
AGGTAGGAGAATTGTG-1,0.12,0.04,0.0,0.0,0.1403774,0.21753807,0.52760965,0.11447485
AGGTAGGCACTGTGAT-1,0.16,0.04,0.0,0.0,0.20376119,0.3253059,0.1858179,0.28511497
AGGTAGGGTCAGGAGT-1,0.16,0.08,0.0,0.0,0.9660746,0.019993627,0.011734151,0.002197725
AGGTAGGTCAAGAGGC-1,0.16,0.08,0.0,0.0,0.26232064,0.3394736,0.06468093,0.33352482
AGGTAGGTCAGACATC-1,0.16,0.08,0.0,0.0,2.132939e-09,0.00010230181,0.0005251953,0.99937254
AGGTAGGTCAGGACGA-1,0.12,0.04,0.0,0.0,0.46016347,0.36470813,0.15462752,0.020500965
AGGTAGGTCTTCGATT-1,0.16,0.08,0.0,0.0,0.005866351,0.36898747,0.16767462,0.45747164
AGGTCATCAACACAAA-1,0.16,0.08,0.0,0.0,0.5658225,0.32756585,0.05686864,0.049742993
AGGTCATCACTCCGAG-1,0.12,0.04,0.0,0.0,0.24055026,0.6238706,0.12037673,0.015202381
AGGTCATCAGGAAGTC-1,0.16,0.04,0.0,0.0,0.97376245,0.0014377104,0.023758437,0.0010414779
AGGTCATGTCTCGGAC-1,0.16,0.08,0.0,0.0,0.011036118,0.10473678,0.057372622,0.82685447
AGGTCATGTTCTCTAT-1,0.08,0.08,0.0,0.0,0.19498384,0.21131179,0.4859617,0.107742704
AGGTCATTCGTAGGAG-1,0.16,0.08,0.0,0.0,0.9912184,0.0008617034,0.007583803,0.00033603262
AGGTCATTCTGACAGT-1,0.16,0.04,0.0,0.0,0.90180564,0.04069748,0.042335704,0.015161252
AGGTCTAAGATGCTGG-1,0.16,0.08,0.0,0.0,0.08517562,0.05285579,0.56448305,0.2974855
AGGTCTAAGCACGGAT-1,0.12,0.04,0.0,0.0,0.15979347,0.106796764,0.6048713,0.12853849
AGGTCTAAGCGGTAGT-1,0.12,0.04,0.0,0.0,0.13463064,0.3291377,0.26563585,0.27059576
AGGTCTACAGCTCGGT-1,0.16,0.08,0.0,0.0,0.11137614,0.6048294,0.20619655,0.07759795
AGGTCTACATCACGGC-1,0.12,0.04,0.0,0.0,0.9652927,0.0036670433,0.03064483,0.00039547074
AGGTCTAGTCCTTGTC-1,0.16,0.08,0.0,0.0,0.354471,0.091366045,0.38450736,0.16965555
AGGTCTAGTCTGATCA-1,0.08,0.04,0.0,0.0,0.21416548,0.39422995,0.33307987,0.05852472
AGGTGTTCACAGTCGC-1,0.16,0.08,0.0,0.0,0.14527194,0.05320634,0.6430744,0.1584473
AGGTGTTCATTGCCTC-1,0.16,0.04,0.0,0.0,0.35133877,0.04062127,0.45045862,0.15758127
AGGTGTTGTGTTTACG-1,0.16,0.08,0.0,0.0,0.14300978,0.5944606,0.14635515,0.11617444
AGGTGTTTCCTGCTAC-1,0.12,0.04,0.0,0.0,0.43545067,0.09043213,0.4197074,0.05440981
AGGTTACAGCAGTAAT-1,0.12,0.04,0.0,0.0,0.123403095,0.3143956,0.3994693,0.16273199
AGGTTACCAAGTGGAC-1,0.16,0.04,0.0,0.0,0.042534884,0.74098355,0.11603755,0.100444004
AGGTTACCACGTATAC-1,0.12,0.04,0.0,0.0,0.03474191,0.6613251,0.15533909,0.14859387
AGGTTACTCTCTGGTC-1,0.16,0.04,0.0,0.0,0.06302902,0.10220914,0.79995126,0.03481062
AGGTTGTCAATAGGGC-1,0.16,0.08,0.0,0.0,0.27659172,0.12936191,0.33910245,0.25494385
AGGTTGTCATCCGCGA-1,0.16,0.04,0.0,0.0,0.31400785,0.37952894,0.15024129,0.1562219
AGGTTGTCATCGTGCG-1,0.12,0.04,0.0,0.0,0.07811861,0.61011916,0.25177708,0.059985068
AGTAACCAGATTGCGG-1,0.12,0.04,0.0,0.0,0.15537867,0.59721375,0.075717635,0.17168996
AGTAACCCAAGAGTGC-1,0.12,0.04,0.0,0.0,0.8910507,0.055677157,0.04718594,0.0060862186
AGTAACCCACAATGAA-1,0.04,0.04,0.0,0.0,0.8579223,0.1087374,0.03145424,0.0018860921
AGTAACCCATACCAGT-1,0.16,0.04,0.0,0.0,0.011144043,0.04281637,0.061346874,0.8846927
AGTAACCCATGACTTG-1,0.12,0.04,0.0,0.0,0.55367327,0.40163964,0.031408448,0.0132787
AGTAACCGTCACCGCA-1,0.24,0.08,0.0,0.0,0.28549886,0.11913389,0.1688989,0.4264683
AGTACCAAGACAGTCG-1,0.12,0.04,0.0,0.0,0.27931765,0.57309705,0.09805941,0.049525876
AGTACCAAGCATGATA-1,0.16,0.04,0.0,0.0,0.071723476,0.56708586,0.22885638,0.13233432
AGTACCAAGGCCTTCG-1,0.16,0.04,0.0,0.0,0.17574142,0.17187573,0.45625263,0.19613029
AGTACCACACGCTGAC-1,0.16,0.08,0.0,0.0,0.008064181,0.07425545,0.106034994,0.8116453
AGTACCACAGAAATTG-1,0.16,0.04,0.0,0.0,0.13266759,0.01696768,0.6079383,0.24242647
AGTACCAGTTGCATAC-1,0.16,0.04,0.0,0.0,0.91279274,0.0709753,0.010648134,0.0055838833
AGTACCATCATCACAG-1,0.16,0.08,0.0,0.0,0.12399411,0.2698478,0.40644142,0.19971661
AGTACCATCCCGATCT-1,0.12,0.04,0.0,0.0,0.010248729,0.6600319,0.14312567,0.1865937
AGTACCATCGCTGTCT-1,0.16,0.04,0.0,0.0,0.028473334,0.7516265,0.17934857,0.040551566
AGTACCATCGGTATGT-1,0.12,0.04,0.0,0.0,0.23538671,0.39081907,0.3100933,0.06370089
AGTACCATCTTGGAAC-1,0.12,0.04,0.0,0.0,0.90653783,0.06185093,0.025001265,0.006609975
AGTACTGAGAGCACTG-1,0.12,0.04,0.0,0.0,0.071904965,0.69727355,0.15563168,0.075189754
AGTACTGAGCATGTTC-1,0.16,0.04,0.0,0.0,0.0640106,0.58367586,0.28323257,0.069080986
AGTACTGAGCTGCCAC-1,0.08,0.04,0.0,0.0,0.07528724,0.6292218,0.18460266,0.11088835
AGTACTGAGTTGAATG-1,0.16,0.08,0.0,0.0,0.015374077,0.93334615,0.044531103,0.006748674
AGTACTGCAAGAGGTC-1,0.16,0.08,0.0,0.0,0.18739304,0.120576665,0.5133203,0.17870998
AGTACTGCAGGCCCTA-1,0.12,0.04,0.0,0.0,0.9585263,0.021357678,0.006707539,0.013408575
AGTACTGTCCGCTTAC-1,0.16,0.04,0.0,0.0,0.19300827,0.47324562,0.09771189,0.23603417
AGTAGCTAGCGAGAAA-1,0.12,0.04,0.0,0.0,0.07357598,0.6122286,0.15677331,0.1574222
AGTAGCTGTAACACCT-1,0.16,0.04,0.0,0.0,0.10674428,0.44723424,0.15513003,0.29089147
AGTAGCTGTACGAGCA-1,0.12,0.04,0.0,0.0,0.9585393,0.031770773,0.0078521315,0.0018377425
AGTAGCTGTTCCACAA-1,0.12,0.04,0.0,0.0,0.10780955,0.7398293,0.0499195,0.10244166
AGTAGCTTCACCATAG-1,0.2,0.08,0.0,0.0,0.032906353,0.09591601,0.54414266,0.327035
AGTAGTCAGGCTCTAT-1,0.16,0.04,0.0,0.0,0.005263453,0.109471895,0.48382956,0.4014351
AGTAGTCCAGAGGGTT-1,0.12,0.04,0.0,0.0,0.0456547,0.48143494,0.3243876,0.14852268
AGTAGTCGTTATGTCG-1,0.16,0.08,0.0,0.0,0.08190327,0.22173525,0.5835815,0.11278001
AGTAGTCTCGTGGACC-1,0.16,0.08,0.0,0.0,0.10321208,0.3615524,0.38410416,0.15113138
AGTAGTCTCTACTTCA-1,0.16,0.04,0.0,0.0,0.29321402,0.09750907,0.20104094,0.408236
AGTCAACCAACATCGT-1,0.16,0.08,0.0,0.0,0.22822914,0.0406783,0.4168888,0.31420383
AGTCAACCAATGAAAC-1,0.16,0.04,0.0,0.0,0.07182192,0.6664326,0.18042597,0.081319496
AGTCAACTCGCCTAGG-1,0.04,0.08,0.0,0.0,0.92112815,0.042354286,0.034746714,0.0017709034
AGTCAACTCGCTCATC-1,0.12,0.04,0.0,0.0,0.08582935,0.34288457,0.51473725,0.0565488
AGTCAACTCTGGAGAG-1,0.12,0.04,0.0,0.0,0.0052045444,0.10675163,0.1773728,0.710671
AGTCACAAGTTAGTGA-1,0.16,0.08,0.0,0.0,0.0050879186,0.11358731,0.11690693,0.7644178
AGTCACACAAGATGGC-1,0.16,0.08,0.0,0.0,0.33274388,0.2093375,0.12596859,0.33195
AGTCACACAATTTCTC-1,0.16,0.08,0.0,0.0,0.039796945,0.782741,0.13146187,0.046000216
AGTCACACATCGGAAG-1,0.2,0.08,0.0,0.0,0.3640688,0.10089522,0.2887104,0.24632557
AGTCACAGTAGTTCCA-1,0.16,0.08,0.0,0.0,0.111863,0.58034,0.08245029,0.22534662
AGTCACAGTGCATTAC-1,0.16,0.04,0.0,0.0,0.29663366,0.1035535,0.56955385,0.030258976
AGTCACAGTGTTCAGT-1,0.16,0.08,0.0,0.0,0.26863423,0.042284038,0.5898442,0.099237494
AGTCACAGTTCAAGGG-1,0.12,0.04,0.0,0.0,0.9923604,0.0034822486,0.003968815,0.00018854925
AGTCACATCCGTTGGG-1,0.16,0.08,0.0,0.0,0.01879108,0.17649898,0.23001501,0.574695
AGTCACATCGAGATGG-1,0.16,0.08,0.0,0.0,5.4643767e-08,0.00016803281,0.004578995,0.99525297
AGTCACATCGCACGGT-1,0.12,0.04,0.0,0.0,0.9785292,0.010615337,0.009658574,0.0011968005
AGTCATGAGGATCACG-1,0.16,0.08,0.0,0.0,0.17654176,0.07242193,0.67378443,0.07725192
AGTCATGCACCACTGG-1,0.2,0.08,0.0,0.0,0.2332795,0.08828912,0.28048787,0.39794356
AGTCATGGTCACTCGG-1,0.12,0.04,0.0,0.0,0.08345961,0.6084285,0.20797981,0.100132026
AGTCATGTCACGACTA-1,0.12,0.04,0.0,0.0,0.9833988,0.015379915,0.0011734079,4.8005797e-05
AGTCTCCAGCATGGGT-1,0.12,0.04,0.0,0.0,0.07782722,0.30932814,0.50551504,0.10732955
AGTCTCCGTATCCTCC-1,0.12,0.04,0.0,0.0,0.042181488,0.7247307,0.20944668,0.023641184
AGTCTCCGTTCGGCGT-1,0.16,0.08,0.0,0.0,0.10728183,0.5714746,0.30029428,0.020949313
AGTGACTAGATGCTAA-1,0.12,0.04,0.0,0.0,0.06398607,0.42037532,0.40577203,0.109866545
AGTGACTGTATGCTAC-1,0.24,0.08,0.0,0.0,0.330213,0.08840131,0.40006527,0.18132037
AGTGACTGTCGACTGC-1,0.16,0.08,0.0,0.0,0.021462213,0.10061648,0.10919447,0.7687268
AGTGACTGTGTCCACG-1,0.16,0.08,0.0,0.0,0.09916372,0.46559167,0.3154981,0.11974649
AGTGACTTCACTCGAA-1,0.16,0.04,0.0,0.0,0.046478827,0.51045203,0.37005278,0.07301639
AGTGATCAGAAACTGT-1,0.12,0.04,0.0,0.0,0.10074236,0.43978828,0.31914324,0.14032617
AGTGATCAGGGCAGGA-1,0.12,0.04,0.0,0.0,0.085788086,0.7708895,0.09022108,0.05310129
AGTGATCAGTAGTCAA-1,0.16,0.04,0.0,0.0,0.00022066114,0.18879806,0.068642005,0.7423393
AGTGATCAGTGCGCTC-1,0.2,0.08,0.0,0.0,0.01714602,0.36806613,0.3827247,0.23206316
AGTGATCAGTTCATGC-1,0.16,0.04,0.0,0.0,0.017358514,0.31132793,0.27049047,0.40082312
AGTGATCGTAAGGCTG-1,0.12,0.04,0.0,0.0,0.019344902,0.53646404,0.35560915,0.08858191
AGTGATCGTATGGTAA-1,0.16,0.04,0.0,0.0,0.4342064,0.33732155,0.19817734,0.03029476
AGTGATCTCAGGGTAG-1,0.16,0.08,0.0,0.0,6.551049e-05,0.0072790864,0.017813323,0.97484213
AGTGATCTCATTTGCT-1,0.12,0.04,0.0,0.0,0.45099407,0.2480546,0.25923526,0.0417161
AGTGATCTCCTGCTAC-1,0.16,0.04,0.0,0.0,0.061876826,0.7908042,0.12795173,0.019367259
AGTGATCTCGCAATGT-1,0.12,0.04,0.0,0.0,0.9708679,0.024648981,0.0037494919,0.0007336938
AGTGATCTCGTCAACA-1,0.2,0.08,0.0,0.0,0.12625772,0.085323304,0.4142117,0.3742073
AGTGCCGAGACCATAA-1,0.16,0.04,0.0,0.0,0.24050748,0.5085234,0.18398099,0.06698822
AGTGCCGCATGCACTA-1,0.12,0.04,0.0,0.0,0.9914552,0.004564951,0.0038951535,8.4606865e-05
AGTGCCGGTTTCCAAG-1,0.16,0.04,0.0,0.0,0.35664225,0.118272536,0.34661177,0.1784734
AGTGCCGTCCAGCTCT-1,0.16,0.04,0.0,0.0,0.026462449,0.41950822,0.40705425,0.14697507
AGTGCCGTCTCCGAGG-1,0.12,0.04,0.0,0.0,0.13946548,0.4034666,0.3254092,0.13165867
AGTGCCGTCTTGCAAG-1,0.12,0.04,0.0,0.0,0.20545863,0.33364388,0.24665622,0.21424128
AGTGTTGAGCTCCGAC-1,0.16,0.08,0.0,0.0,0.14267223,0.47376123,0.22396807,0.15959845
AGTGTTGAGTATGGAT-1,0.16,0.08,0.0,0.0,0.046075333,0.50041413,0.392778,0.060732514
AGTGTTGCACTCCTTG-1,0.16,0.08,0.0,0.0,0.22135068,0.0980509,0.41645366,0.26414478
AGTGTTGCAGCGGTTC-1,0.16,0.08,0.0,0.0,0.0678609,0.049493574,0.8103354,0.07231018
AGTGTTGCAGGTATGG-1,0.16,0.04,0.0,0.0,0.9758843,0.003497128,0.019345904,0.0012725277
AGTGTTGGTCTAACGT-1,0.16,0.08,0.0,0.0,0.10731346,0.12287553,0.7054682,0.06434283
AGTGTTGTCACTACTT-1,0.16,0.04,0.0,0.0,1.3018831e-07,0.0086132,0.011044056,0.98034257
AGTTAGCAGCGCCCAT-1,0.16,0.08,0.0,0.0,0.024589773,0.8329392,0.12929153,0.013179469
AGTTAGCAGCTCAGAG-1,0.2,0.08,0.0,0.0,0.42675105,0.11929704,0.25018758,0.20376433
AGTTAGCAGTAGATCA-1,0.16,0.08,0.0,0.0,0.3076715,0.08518712,0.31643853,0.29070282
AGTTAGCAGTGTAGAT-1,0.16,0.08,0.0,0.0,0.118154265,0.5537062,0.2648818,0.06325772
AGTTAGCCAAGGATGC-1,0.16,0.04,0.0,0.0,0.23672777,0.3574283,0.22093415,0.18490969
AGTTAGCCAAGTGATA-1,0.16,0.08,0.0,0.0,0.15788423,0.39556482,0.3247199,0.12183109
AGTTAGCCACTTCAGA-1,0.16,0.08,0.0,0.0,0.19620956,0.33562708,0.27147064,0.19669275
AGTTAGCTCACGATAC-1,0.12,0.04,0.0,0.0,0.5126314,0.44578737,0.030720418,0.010860835
AGTTCCCCAACGCCCA-1,0.16,0.04,0.0,0.0,0.11637338,0.6306057,0.14491314,0.1081078
AGTTCCCCAATAGTCC-1,0.12,0.04,0.0,0.0,0.959701,0.030942751,0.00701852,0.0023377335
AGTTCCCCAATCTCTT-1,0.16,0.04,0.0,0.0,0.98162824,0.010063041,0.0060948003,0.002213851
AGTTCCCCAGCATCTA-1,0.16,0.08,0.0,0.0,7.505598e-09,0.00015106506,0.0016192023,0.9982298
AGTTCCCCATAGCACT-1,0.16,0.08,0.0,0.0,0.023876285,0.3397533,0.17624822,0.46012214
AGTTCCCGTACGGTTT-1,0.16,0.04,0.0,0.0,0.2892828,0.17136057,0.11969047,0.41966608
AGTTCCCTCATCCCGT-1,0.16,0.08,0.0,0.0,0.31659847,0.06547996,0.33886704,0.27905452
AGTTCGACACATATGC-1,0.16,0.08,0.0,0.0,0.3616869,0.12659313,0.29047695,0.22124304
AGTTCGAGTCCGATCG-1,0.16,0.08,0.0,0.0,0.016867185,0.25928038,0.15708238,0.56677
AGTTCGAGTCTGCAAT-1,0.08,0.04,0.0,0.0,0.03153307,0.43790588,0.31474432,0.21581672
AGTTCGATCGCTGTTC-1,0.16,0.08,0.0,0.0,0.09897335,0.20331036,0.139146,0.55857027
AGTTCGATCTGCCTGT-1,0.12,0.04,0.0,0.0,0.98562247,0.009141835,0.0047977874,0.00043787918
ATACCGAAGATCACCT-1,0.12,0.04,0.0,0.0,0.01962448,0.014560418,0.73952866,0.22628641
ATACCGAAGTCACACT-1,0.16,0.04,0.0,0.0,0.02637131,0.33423123,0.5994565,0.039940987
ATACCGACACCTAAAC-1,0.08,0.04,0.0,0.0,0.9501506,0.025622549,0.022642495,0.0015844272
ATACCGACAGTACTAC-1,0.16,0.08,0.0,0.0,0.027786352,0.059411284,0.87833416,0.03446817
ATACCGATCATTTGGG-1,0.12,0.04,0.0,0.0,0.2951901,0.15925103,0.19255607,0.3530028
ATACCTTAGAAGCGCT-1,0.16,0.08,0.0,0.0,0.11457545,0.34644693,0.4629375,0.076040074
ATACCTTAGCGATGGT-1,0.12,0.04,0.0,0.0,0.09982772,0.5484691,0.2955824,0.05612076
ATACCTTCAGGTTCAT-1,0.04,0.04,0.0,0.0,0.9796251,0.010945123,0.008044194,0.0013855981
ATACCTTGTAACCCTA-1,0.16,0.08,0.0,0.0,0.12696928,0.44567513,0.32175598,0.10559958
ATACCTTTCAATCCGA-1,0.16,0.08,0.0,0.0,3.3422236e-07,0.0007346977,0.0066725477,0.9925924
ATACCTTTCGCTTTAT-1,0.16,0.04,0.0,0.0,0.9083446,0.021654503,0.051792182,0.018208753
ATACTTCAGTTTGTCG-1,0.16,0.08,0.0,0.0,0.19878636,0.28403395,0.28762856,0.22955106
ATACTTCGTAATGATG-1,0.16,0.08,0.0,0.0,8.6765255e-07,0.00077854504,0.008697698,0.9905229
ATACTTCGTGCTCTTC-1,0.16,0.08,0.0,0.0,0.0081865005,0.5361545,0.36621067,0.08944834
ATACTTCGTTAATGAG-1,0.12,0.04,0.0,0.0,0.10801931,0.5398691,0.19233783,0.1597738
ATACTTCGTTGCATAC-1,0.2,0.08,0.0,0.0,0.09110385,0.22822641,0.62044656,0.060223177
ATACTTCGTTTGAAAG-1,0.16,0.08,0.0,0.0,0.14033204,0.05710958,0.70624155,0.09631674
ATAGACCAGATTAGTG-1,0.16,0.08,0.0,0.0,0.9962327,0.0020089466,0.0017381174,2.0228848e-05
ATAGACCAGCGACCCT-1,0.16,0.04,0.0,0.0,0.051781822,0.14143799,0.788459,0.018321088
ATAGACCAGCGTCTCG-1,0.16,0.08,0.0,0.0,0.49019724,0.07396099,0.29069856,0.14514317
ATAGACCCAGTCTCTC-1,0.16,0.04,0.0,0.0,0.1806678,0.31428933,0.3182892,0.1867537
ATAGACCGTCCGTTTC-1,0.12,0.04,0.0,0.0,0.09303278,0.16106883,0.6238819,0.12201653
ATAGACCTCTCATTGT-1,0.12,0.04,0.0,0.0,0.17020507,0.0832889,0.5725532,0.17395283
ATAGAGAAGATACATG-1,0.16,0.08,0.0,0.0,0.22766143,0.06822512,0.35806105,0.34605244
ATAGAGAAGTAAGCAT-1,0.16,0.08,0.0,0.0,0.9786679,0.009632562,0.011516392,0.0001832178
ATAGAGAAGTGATCGG-1,0.12,0.04,0.0,0.0,0.9867844,0.008381494,0.0046290383,0.00020502668
ATAGAGACACTAGGCC-1,0.16,0.04,0.0,0.0,0.012631397,0.68375593,0.20860717,0.09500549
ATAGAGACATCATTTC-1,0.16,0.04,0.0,0.0,0.18377613,0.36349118,0.35330555,0.0994271
ATAGAGAGTGACCTGC-1,0.16,0.08,0.0,0.0,0.33854505,0.35236278,0.11215117,0.19694099
ATAGGCTAGAGCCCAA-1,0.16,0.08,0.0,0.0,0.23233368,0.0663027,0.41671836,0.2846453
ATAGGCTAGATAACAC-1,0.16,0.04,0.0,0.0,0.113804795,0.2638473,0.53696835,0.08537962
ATAGGCTCAAACTGCT-1,0.12,0.04,0.0,0.0,0.02283848,0.8922276,0.04580943,0.039124537
ATAGGCTCAAGAAATC-1,0.12,0.04,0.0,0.0,0.0018982106,0.055975202,0.11456548,0.82756114
ATAGGCTCATACACCA-1,0.16,0.08,0.0,0.0,0.21241537,0.21884754,0.33572322,0.23301387
ATAGGCTGTACAGCGA-1,0.12,0.04,0.0,0.0,0.9919905,0.006447846,0.0013395965,0.00022202828
ATAGGCTGTGAGCGAT-1,0.04,0.08,0.0,0.0,0.6889075,0.10904342,0.18048567,0.021563413
ATAGGCTGTGTGTTTG-1,0.16,0.04,0.0,0.0,0.08434099,0.2789979,0.5485382,0.08812296
ATAGGCTTCTCTCGCA-1,0.16,0.04,0.0,0.0,0.24284229,0.043581408,0.27297094,0.44060537
ATATCCTCAAGGTCGA-1,0.16,0.04,0.0,0.0,0.2762265,0.1042428,0.4017396,0.21779114
ATATCCTCATAGAGGC-1,0.12,0.04,0.0,0.0,0.17652293,0.10183083,0.34102333,0.3806229
ATATCCTGTACACGCC-1,0.12,0.04,0.0,0.0,0.18585849,0.32602406,0.30698112,0.18113634
ATATCCTGTGATGAAT-1,0.16,0.08,0.0,0.0,0.00043196746,0.042514574,0.15313646,0.803917
ATATCCTTCTTGGTGA-1,0.12,0.04,0.0,0.0,0.98581886,0.0063410564,0.0063412706,0.0014987473
ATCACAGAGACCTGGA-1,0.16,0.08,0.0,0.0,0.09142529,0.49775675,0.25167483,0.15914318
ATCACAGAGTCACTGT-1,0.12,0.04,0.0,0.0,0.3448292,0.4867555,0.13121016,0.0372052
ATCACAGCAGAATGTA-1,0.16,0.04,0.0,0.0,0.10659642,0.14267397,0.5936943,0.15703525
ATCACAGCAGCTCCTT-1,0.12,0.04,0.0,0.0,0.10813042,0.101675436,0.69922364,0.09097054
ATCACAGTCTCATAGG-1,0.16,0.04,0.0,0.0,0.021254439,0.49850205,0.15846458,0.32177892
ATCACGAAGAACCCGA-1,0.16,0.08,0.0,0.0,0.057979412,0.63595486,0.25519294,0.050872784
ATCACGAGTATACCCA-1,0.16,0.08,0.0,0.0,0.9994172,0.00013331654,0.00043531123,1.41400615e-05
ATCACGATCGCCTTTG-1,0.12,0.04,0.0,0.0,0.09018822,0.43826753,0.42107758,0.050466564
ATCACGATCGCTCTCA-1,0.16,0.04,0.0,0.0,0.92202425,0.06250463,0.015267804,0.00020337828
ATCACGATCTGTGCGG-1,0.16,0.08,0.0,0.0,0.21626246,0.17364946,0.33659747,0.27349055
ATCACTTAGGAGTCTG-1,0.12,0.04,0.0,0.0,0.4100797,0.33895028,0.16338576,0.08758425
ATCACTTGTAGACGGT-1,0.12,0.04,0.0,0.0,0.20116891,0.2766272,0.20486581,0.31733808
ATCACTTGTCACGTGC-1,0.16,0.08,0.0,0.0,0.13153134,0.15350445,0.5736076,0.14135651
ATCACTTGTCGCTTGG-1,0.16,0.08,0.0,0.0,0.33024782,0.024876833,0.5714416,0.0734338
ATCACTTGTTGCATGT-1,0.16,0.08,0.0,0.0,1.4510359e-06,0.009578528,0.00580276,0.98461723
ATCACTTGTTTCGATG-1,0.16,0.08,0.0,0.0,0.3788227,0.091605276,0.32658893,0.202983
ATCACTTTCCTGCCAT-1,0.12,0.04,0.0,0.0,0.041648913,0.61315256,0.2605908,0.08460777
ATCACTTTCTGCCTGT-1,0.16,0.08,0.0,0.0,0.12168374,0.47093865,0.26646724,0.14091042
ATCAGGTAGGGCCCTT-1,0.16,0.08,0.0,0.0,0.2537221,0.34900638,0.22016965,0.1771018
ATCAGGTCACGACGAA-1,0.12,0.04,0.0,0.0,0.43580717,0.2928329,0.21114895,0.06021104
ATCAGGTGTAAGGCTG-1,0.12,0.04,0.0,0.0,0.102817826,0.107391596,0.6681495,0.121641114
ATCAGGTTCCTGCCAT-1,0.16,0.08,0.0,0.0,0.9806687,0.009935347,0.00901656,0.00037934858
ATCAGGTTCTCGTTTA-1,0.16,0.04,0.0,0.0,0.056948137,0.76258224,0.08035275,0.10011682
ATCATTCAGGTATTGA-1,0.16,0.08,0.0,0.0,0.030339085,0.61661696,0.24616559,0.10687835
ATCATTCCAATGTCTG-1,0.12,0.04,0.0,0.0,0.9644381,0.011957797,0.023253953,0.00035014626
ATCATTCCACAGCATT-1,0.16,0.08,0.0,0.0,0.016227305,0.007384902,0.09489318,0.88149464
ATCATTCCAGGGAATC-1,0.16,0.04,0.0,0.0,0.06458888,0.23614152,0.5631696,0.13610002
ATCATTCCATCTTTCA-1,0.12,0.04,0.0,0.0,0.1727482,0.39231464,0.19749638,0.23744081
ATCATTCGTTCCATTT-1,0.16,0.08,0.0,0.0,0.052267753,0.42478564,0.47274774,0.0501989
ATCCACCAGCCACCGT-1,0.12,0.04,0.0,0.0,0.99464357,0.0033511752,0.0015478057,0.00045742345
ATCCACCAGCTCCCTT-1,0.2,0.08,0.0,0.0,0.50340384,0.15436265,0.19200292,0.1502306
ATCCACCAGGACGCAT-1,0.12,0.04,0.0,0.0,0.671642,0.24451403,0.064797364,0.019046547
ATCCACCAGTAGACCG-1,0.16,0.08,0.0,0.0,0.96653426,0.0059799943,0.025435248,0.0020504417
ATCCACCCAGAGTTCT-1,0.12,0.04,0.0,0.0,0.09354559,0.3412468,0.53787434,0.02733325
ATCCACCGTACAGAGC-1,0.16,0.04,0.0,0.0,0.00067485915,0.007684243,0.03285702,0.95878386
ATCCACCGTCCCGTGA-1,0.12,0.04,0.0,0.0,0.084862374,0.5043791,0.29386336,0.116895124
ATCCACCGTTTACTGG-1,0.16,0.08,0.0,0.0,2.1721571e-05,0.0011836053,0.031241504,0.9675532
ATCCACCTCCATCACC-1,0.12,0.04,0.0,0.0,0.108724505,0.53213245,0.2247014,0.13444158
ATCCATTCAATTCGTG-1,0.16,0.08,0.0,0.0,0.15601152,0.32328916,0.383314,0.13738537
ATCCATTCACCGGTCA-1,0.16,0.08,0.0,0.0,0.7581342,0.11495939,0.08660648,0.04029991
ATCCATTGTACAGTAA-1,0.16,0.08,0.0,0.0,0.40683714,0.043661803,0.09047453,0.45902658
ATCCATTGTCCTGTTC-1,0.12,0.04,0.0,0.0,0.93050873,0.014062936,0.03724556,0.01818275
ATCCATTTCCGTGGGT-1,0.12,0.04,0.0,0.0,0.13992816,0.47262505,0.3054112,0.082035616
ATCCATTTCGGTAAGG-1,0.12,0.04,0.0,0.0,0.93327844,0.042364456,0.021474922,0.0028822117
ATCCCTGAGTACGTCT-1,0.16,0.08,0.0,0.0,0.9377057,0.003261885,0.053454824,0.005577689
ATCCCTGAGTGACACG-1,0.12,0.04,0.0,0.0,0.33267963,0.29802448,0.28717148,0.08212444
ATCCCTGCAACCTAAC-1,0.12,0.04,0.0,0.0,0.7154868,0.067084454,0.19026332,0.02716541
ATCCCTGGTCACTACA-1,0.12,0.04,0.0,0.0,0.9956269,0.000510898,0.002799178,0.0010629174
ATCCCTGGTTCTTAGG-1,0.16,0.08,0.0,0.0,0.11483302,0.59120595,0.22425044,0.06971056
ATCCCTGTCCACCCTA-1,0.16,0.08,0.0,0.0,7.885094e-06,0.0074695954,0.038356308,0.95416623
ATCCCTGTCTAGACCA-1,0.16,0.08,0.0,0.0,0.12967055,0.14063574,0.6625277,0.06716603
ATCCGTCGTTATGGTC-1,0.16,0.08,0.0,0.0,0.3524537,0.07778058,0.30661815,0.26314762
ATCCGTCGTTTGCAGT-1,0.12,0.04,0.0,0.0,0.28706735,0.14073202,0.4167018,0.15549888
ATCCGTCTCCGTGTGG-1,0.16,0.08,0.0,0.0,2.0060862e-09,7.9377605e-05,0.0017953647,0.99812526
ATCCGTCTCGGCCAAC-1,0.16,0.04,0.0,0.0,0.08583338,0.6169805,0.24347425,0.05371187
ATCCTATAGAAGATCT-1,0.16,0.08,0.0,0.0,0.13258304,0.6202732,0.09748495,0.14965883
ATCCTATCACTTCCTG-1,0.12,0.04,0.0,0.0,0.97800285,0.015868936,0.0055774655,0.0005507468
ATCCTATCATAGGAGC-1,0.24,0.08,0.0,0.0,1.0977716e-07,0.000145796,0.001743048,0.998111
ATCCTATGTTACCGTA-1,0.2,0.08,0.0,0.0,0.6441737,0.020297075,0.31033134,0.02519792
ATCCTATTCTTCGTAT-1,0.12,0.04,0.0,0.0,0.987927,0.00907373,0.0024819751,0.0005172397
ATCGATGAGCATCCTA-1,0.12,0.04,0.0,0.0,0.20810853,0.20487672,0.4518599,0.13515487
ATCGATGAGTCGCCAC-1,0.12,0.04,0.0,0.0,0.47404632,0.37032962,0.12764335,0.02798069
ATCGATGGTAGAGTTA-1,0.16,0.04,0.0,0.0,5.120168e-06,0.0020298222,0.016949277,0.9810158
ATCGATGGTCAAAGCG-1,0.24,0.08,0.0,0.0,0.07971038,0.02447413,0.7165541,0.17926136
ATCGATGGTTACCTGA-1,0.2,0.08,0.0,0.0,0.04361677,0.035577234,0.8577921,0.063013956
ATCGATGTCTGTTCAT-1,0.12,0.04,0.0,0.0,0.29676875,0.24209493,0.44194746,0.019188855
ATCGCCTAGTGCGTCC-1,0.16,0.08,0.0,0.0,0.15520602,0.17838743,0.62924,0.037166495
ATCGCCTCAGAGGAAA-1,0.16,0.08,0.0,0.0,0.118462846,0.58484703,0.22619353,0.070496656
ATCGCCTGTCACCCTT-1,0.16,0.08,0.0,0.0,0.23314899,0.22055304,0.33875212,0.20754582
ATCGCCTGTGGCTCTG-1,0.16,0.08,0.0,0.0,0.17762727,0.51407045,0.16310854,0.14519374
ATCGCCTTCCAGTTCC-1,0.12,0.04,0.0,0.0,0.99555486,0.0015419528,0.0027706646,0.00013247094
ATCGCCTTCGAATCCA-1,0.16,0.04,0.0,0.0,0.04731634,0.3391482,0.57583815,0.037697293
ATCGGATAGACTTCGT-1,0.16,0.04,0.0,0.0,0.24293797,0.48065767,0.09043155,0.1859728
ATCGGATAGCGAGTAC-1,0.16,0.08,0.0,0.0,0.07055621,0.2097917,0.66739607,0.05225603
ATCGGATCAAGTGATA-1,0.08,0.04,0.0,0.0,0.036444217,0.7870532,0.11028504,0.06621759
ATCGGATCACTCGATA-1,0.12,0.04,0.0,0.0,0.17908166,0.29688537,0.3811106,0.14292242
ATCGGATCATGGGTCC-1,0.16,0.08,0.0,0.0,0.0055480655,0.0054227887,0.058965046,0.9300641
ATCGGATCATTGTAGC-1,0.16,0.08,0.0,0.0,0.96358216,0.013210652,0.01999807,0.0032091797
ATCGGATGTAGAGGAA-1,0.16,0.08,0.0,0.0,0.011135479,0.73499924,0.11555549,0.13830985
ATCGGATGTGTCATTG-1,0.16,0.08,0.0,0.0,1.7752007e-05,0.0014909935,0.027792258,0.970699
ATCGGATTCCATAGAC-1,0.2,0.08,0.0,0.0,0.48140118,0.11320118,0.10631896,0.29907867
ATCGGATTCCATTTCA-1,0.2,0.08,0.0,0.0,0.9999317,5.1465784e-05,1.6438837e-05,3.2105353e-07
ATCGGATTCTTAGTTC-1,0.12,0.04,0.0,0.0,0.1321707,0.22877231,0.5448455,0.09421152
ATCGGCGAGGTTATAG-1,0.16,0.08,0.0,0.0,0.10472565,0.32531717,0.3997874,0.17016974
ATCGGCGAGTTGCCCG-1,0.12,0.04,0.0,0.0,0.1652646,0.12075019,0.41811836,0.29586688
ATCGGCGCAACGTTAC-1,0.12,0.04,0.0,0.0,0.09341095,0.38609743,0.41348714,0.107004456
ATCGGCGCACGAAGAC-1,0.12,0.04,0.0,0.0,0.7585217,0.087413155,0.09806669,0.055998374
ATCGGCGGTGTTAACC-1,0.16,0.08,0.0,0.0,0.16506417,0.18581323,0.46271524,0.18640742
ATCGGCGGTTAGGACG-1,0.2,0.08,0.0,0.0,0.33281028,0.07644063,0.18914609,0.40160307
ATCGGCGTCAACACGT-1,0.16,0.08,0.0,0.0,0.03910023,0.046907913,0.8945442,0.0194477
ATCGGCGTCCGTGGTG-1,0.16,0.08,0.0,0.0,0.093120486,0.65584224,0.110868864,0.14016841
ATCGGCGTCGAGTACT-1,0.12,0.04,0.0,0.0,0.105262145,0.49263856,0.21562363,0.18647568
ATCGTAGAGTTCGCAT-1,0.16,0.04,0.0,0.0,0.11311883,0.5086246,0.2568094,0.12144713
ATCGTAGCAATAGTCC-1,0.16,0.08,0.0,0.0,0.22974956,0.3816839,0.18642993,0.20213656
ATCGTAGGTCGTTCAA-1,0.16,0.08,0.0,0.0,0.55800796,0.1275979,0.12460179,0.18979238
ATCGTAGGTTGTATGC-1,0.16,0.04,0.0,0.0,0.03686893,0.8102414,0.13282229,0.020067478
ATCGTAGTCGAATGCT-1,0.16,0.08,0.0,0.0,3.8568086e-08,0.0016061817,0.0039210604,0.9944727
ATCGTCCAGCTACAAA-1,0.16,0.08,0.0,0.0,0.13667087,0.02550751,0.68594354,0.15187803
ATCGTCCAGTAGGTTA-1,0.16,0.08,0.0,0.0,0.38948032,0.052325748,0.42736644,0.13082749
ATCGTCCCAAGATTGA-1,0.16,0.08,0.0,0.0,0.9918556,0.00247041,0.005659059,1.5040315e-05
ATCGTCCCAATGGCCC-1,0.08,0.04,0.0,0.0,0.0005997677,0.02793614,0.11176962,0.8596945
ATCGTCCGTAACTTCG-1,0.16,0.08,0.0,0.0,0.08961656,0.37333587,0.4906323,0.04641531
ATCGTCCTCCTACTGC-1,0.16,0.04,0.0,0.0,0.027045311,0.8048888,0.11676354,0.051302332
ATCGTCCTCGGCATCG-1,0.12,0.04,0.0,0.0,0.87855977,0.087440394,0.030686343,0.0033135584
ATCGTCCTCTTAGCTT-1,0.16,0.08,0.0,0.0,0.01848991,0.44489136,0.4898054,0.046813276
ATCGTGAAGAGTACCG-1,0.12,0.04,0.0,0.0,0.050354432,0.58067006,0.11763919,0.25133637
ATCGTGAAGCCGAATG-1,0.16,0.08,0.0,0.0,0.02943476,0.28621468,0.4605623,0.22378828
ATCGTGACAATGGCAG-1,0.12,0.04,0.0,0.0,0.14691356,0.49599537,0.25081015,0.10628097
ATCGTGACAGGCGAAT-1,0.16,0.08,0.0,0.0,0.11898317,0.31256732,0.39025983,0.17818965
ATCGTGAGTCAACCAT-1,0.12,0.04,0.0,0.0,0.017756497,0.7279229,0.16797672,0.086343884
ATCGTGAGTCGGTGAA-1,0.16,0.08,0.0,0.0,0.9691132,0.006505232,0.01805264,0.006328898
ATCGTGAGTGCTAGCC-1,0.16,0.04,0.0,0.0,0.15956172,0.4348304,0.1842684,0.22133951
ATCGTGAGTGTCCGGT-1,0.16,0.08,0.0,0.0,0.08332203,0.25360507,0.59104073,0.072032124
ATCGTGATCAGTCTTT-1,0.12,0.04,0.0,0.0,0.04063595,0.29627222,0.480279,0.18281282
ATCGTGATCGATTCCC-1,0.16,0.04,0.0,0.0,0.96111345,0.021528263,0.017247474,0.00011078056
ATCTCTAAGTTGCGAG-1,0.2,0.08,0.0,0.0,0.9975739,0.00085314445,0.0015644837,8.489628e-06
ATCTCTACACTTCCTG-1,0.12,0.04,0.0,0.0,3.364944e-06,0.004335637,0.01678345,0.9788776
ATCTCTACAGGTCTCG-1,0.16,0.04,0.0,0.0,0.27656192,0.15507886,0.2260388,0.34232044
ATCTCTACATCCAATG-1,0.12,0.04,0.0,0.0,0.79332364,0.07755837,0.12512942,0.003988524
ATCTCTAGTATGACAA-1,0.16,0.08,0.0,0.0,0.091693826,0.56496286,0.30225646,0.041086823
ATCTCTAGTATGAGGC-1,0.12,0.04,0.0,0.0,0.8527554,0.13509998,0.008191574,0.0039529596
ATCTCTATCTCGTTTA-1,0.16,0.08,0.0,0.0,1.3770852e-05,0.023284374,0.011938041,0.9647638
ATCTTCAAGATTGTGA-1,0.16,0.08,0.0,0.0,0.8998542,0.08443236,0.015452599,0.00026091904
ATCTTCAAGGTCGCCT-1,0.16,0.04,0.0,0.0,0.13231017,0.1730875,0.54256636,0.15203597
ATCTTCAAGTCGCTAT-1,0.16,0.08,0.0,0.0,0.18694612,0.36866903,0.16493699,0.2794478
ATCTTCACATAGAGGC-1,0.12,0.04,0.0,0.0,0.52853113,0.3127921,0.13008223,0.028594526
ATCTTCAGTACTCGTA-1,0.16,0.04,0.0,0.0,0.14643513,0.5955132,0.15840442,0.099647224
ATCTTCATCAACTTTC-1,0.04,0.04,0.0,0.0,0.00014069231,0.017970873,0.060793318,0.9210951
ATCTTCATCCATTTCA-1,0.12,0.04,0.0,0.0,9.346952e-08,0.00023229669,0.008383535,0.991384
ATGAAAGAGATCGGTG-1,0.16,0.08,0.0,0.0,0.07134913,0.6172966,0.27684137,0.034512978
ATGAAAGAGTAGCAAT-1,0.16,0.08,0.0,0.0,0.9838668,0.010876089,0.005003886,0.00025318938
ATGAAAGCAAGACGAC-1,0.16,0.04,0.0,0.0,0.20694156,0.3004669,0.3090966,0.18349493
ATGAAAGCAGACCATT-1,0.16,0.08,0.0,0.0,0.6039202,0.19994158,0.17836423,0.017773977
ATGAAAGCAGCTAACT-1,0.16,0.04,0.0,0.0,0.14734785,0.52825725,0.18699731,0.13739757
ATGAAAGTCATAAGGA-1,0.08,0.04,0.0,0.0,0.024975512,0.13120835,0.26211396,0.5817022
ATGAAAGTCCTCTCTT-1,0.16,0.08,0.0,0.0,0.0738291,0.5983655,0.1644555,0.16335
ATGAAAGTCGAACCTA-1,0.16,0.08,0.0,0.0,0.15106869,0.05464881,0.70979625,0.08448622
ATGACCAAGACAGCGT-1,0.08,0.04,0.0,0.0,0.55343735,0.25507882,0.1801289,0.011354952
ATGACCACAGAGACTG-1,0.12,0.04,0.0,0.0,0.9712144,0.00911753,0.019163255,0.0005048336
ATGACCAGTTAAGTCC-1,0.16,0.08,0.0,0.0,0.062671654,0.35139105,0.14287291,0.44306442
ATGACCATCGGCCAAC-1,0.12,0.04,0.0,0.0,0.12935911,0.6614238,0.1590849,0.05013224
ATGAGGGAGCAACTTC-1,0.16,0.08,0.0,0.0,0.08282652,0.47032624,0.37437615,0.07247109
ATGAGGGAGGCGAAGG-1,0.12,0.04,0.0,0.0,0.9484316,0.02050373,0.030240485,0.0008242736
ATGAGGGCAAACCATC-1,0.12,0.04,0.0,0.0,0.21033654,0.34465766,0.31397727,0.1310285
ATGAGGGGTTAGGGTG-1,0.16,0.04,0.0,0.0,0.06542609,0.6055244,0.06806039,0.2609891
ATGAGGGTCCGAAGGA-1,0.16,0.04,0.0,0.0,0.9102848,0.039812345,0.04790902,0.001993853
ATGAGGGTCTCTTGCG-1,0.08,0.04,0.0,0.0,0.043571457,0.5138805,0.27113742,0.17141062
ATGAGTCCATCTTTCA-1,0.16,0.04,0.0,0.0,0.077773616,0.62846863,0.27096763,0.02279004
ATGAGTCCATGAGATA-1,0.16,0.04,0.0,0.0,0.0884335,0.7192681,0.1103717,0.08192677
ATGAGTCGTACTTCCC-1,0.16,0.08,0.0,0.0,0.23979709,0.012674305,0.6206222,0.12690638
ATGAGTCGTTGCATAC-1,0.16,0.08,0.0,0.0,0.99282867,0.002342237,0.004600724,0.00022847723
ATGAGTCTCATTGTGG-1,0.16,0.04,0.0,0.0,0.19969836,0.2712756,0.36394873,0.1650772
ATGAGTCTCCTTGAAG-1,0.16,0.04,0.0,0.0,0.26516652,0.53721964,0.14713259,0.050481297
ATGAGTCTCGACGCGT-1,0.12,0.04,0.0,0.0,0.8826738,0.059347633,0.057027884,0.0009507092
ATGATCGAGAGAGGTA-1,0.16,0.08,0.0,0.0,0.0856016,0.39191166,0.3435098,0.17897695
ATGATCGCACGCTTAA-1,0.16,0.04,0.0,0.0,0.99527174,0.0023341756,0.002366692,2.7314925e-05
ATGATCGCAGTAACAA-1,0.16,0.08,0.0,0.0,0.9644747,0.026547322,0.008516439,0.00046146623
ATGATCGGTATGGAAT-1,0.16,0.04,0.0,0.0,0.16013376,0.30788264,0.4093132,0.1226704
ATGATCGTCCATACAG-1,0.12,0.04,0.0,0.0,0.032586545,0.8838034,0.053440526,0.030169446
ATGATCGTCGCACTCT-1,0.12,0.04,0.0,0.0,0.231964,0.30261895,0.22798344,0.23743352
ATGATCGTCTGAGAAA-1,0.16,0.08,0.0,0.0,0.04784398,0.56473345,0.20459965,0.18282291
ATGCATGAGCGTCTGC-1,0.12,0.04,0.0,0.0,0.20167807,0.3865499,0.27752066,0.13425139
ATGCATGCAGTCAGCC-1,0.16,0.08,0.0,0.0,0.21665907,0.08436809,0.49440283,0.20457004
ATGCATGCATGCCGGT-1,0.12,0.04,0.0,0.0,0.9878918,0.008481882,0.0033872821,0.00023904984
ATGCATGGTAACACCT-1,0.04,0.04,0.0,0.0,0.06629463,0.29799634,0.24420257,0.39150646
ATGCATGGTAACGCGA-1,0.16,0.08,0.0,0.0,0.8339806,0.017442014,0.07664776,0.07192955
ATGCATGGTCCAGCAC-1,0.12,0.04,0.0,0.0,0.49673244,0.19476742,0.2773817,0.031118402
ATGCATGGTCTGTAAC-1,0.16,0.08,0.0,0.0,2.5886113e-11,0.00042578322,0.00060633954,0.9989679
ATGCATGGTTGGGTAG-1,0.16,0.04,0.0,0.0,0.99036026,0.007965862,0.0011628972,0.0005109329
ATGCATGTCAACACGT-1,0.16,0.08,0.0,0.0,7.2945855e-05,0.0015726913,0.032778207,0.9655762
ATGCATGTCGCTAATG-1,0.12,0.04,0.0,0.0,0.058405343,0.71463734,0.1121162,0.11484108
ATGCATGTCGGAATGG-1,0.16,0.04,0.0,0.0,0.13700908,0.46829,0.2542294,0.14047146
ATGCATGTCTTTACAC-1,0.12,0.04,0.0,0.0,0.88895804,0.082245074,0.023966761,0.0048300656
ATGCCTCAGAGTCAGC-1,0.12,0.04,0.0,0.0,0.41571218,0.022261249,0.3941444,0.16788228
ATGCCTCAGATTGTGA-1,0.16,0.08,0.0,0.0,0.11677787,0.054337155,0.7525913,0.07629364
ATGCCTCCACAAGCCC-1,0.16,0.04,0.0,0.0,0.09432148,0.16439596,0.6064613,0.1348212
ATGCCTCGTAGCGATG-1,0.12,0.04,0.0,0.0,0.16410485,0.05038131,0.6399614,0.14555247
ATGCCTCGTAGGCAGT-1,0.12,0.04,0.0,0.0,0.1778503,0.53525954,0.13045451,0.15643565
ATGCCTCGTCCTACAA-1,0.12,0.04,0.0,0.0,0.05983842,0.63699037,0.25778794,0.0453833
ATGCCTCGTGCCGGTT-1,0.16,0.04,0.0,0.0,0.20614368,0.107229196,0.50404143,0.18258566
ATGCGATAGGGAGGCA-1,0.12,0.08,0.0,0.0,0.98036355,0.004140921,0.015339969,0.00015563707
ATGCGATCAAATTGGA-1,0.2,0.08,0.0,0.0,0.23510396,0.07321835,0.26532176,0.4263559
ATGCGATCACATATCG-1,0.12,0.04,0.0,0.0,0.10805313,0.4551028,0.16365424,0.27318978
ATGCGATCATAGAAAC-1,0.16,0.08,0.0,0.0,0.42328012,0.42888358,0.13937433,0.008461967
ATGCGATGTATAGGAT-1,0.16,0.08,0.0,0.0,0.740697,0.0173106,0.05614853,0.18584383
ATGCGATGTGAGTCAG-1,0.16,0.08,0.0,0.0,0.38839927,0.07055533,0.34816206,0.19288328
ATGCGATTCCATGCAA-1,0.16,0.08,0.0,0.0,0.1424776,0.11084292,0.6187809,0.12789859
ATGCGATTCGCGTCGA-1,0.16,0.08,0.0,0.0,0.31920412,0.080990605,0.37129185,0.22851337
ATGGAGGCATAAGCAA-1,0.16,0.04,0.0,0.0,0.056732688,0.55308205,0.3508999,0.03928535
ATGGAGGGTAACACGG-1,0.2,0.08,0.0,0.0,0.19212201,0.3329852,0.30389908,0.17099364
ATGGAGGGTTGGAGGT-1,0.04,0.04,0.0,0.0,0.019897819,0.54679453,0.21387959,0.21942809
ATGGATCAGCATATGA-1,0.16,0.08,0.0,0.0,7.676562e-10,7.7646044e-05,0.0018798051,0.99804246
ATGGATCCAGAACTCT-1,0.12,0.04,0.0,0.0,0.1321999,0.43996182,0.35820028,0.06963797
ATGGATCGTGCCTACG-1,0.16,0.04,0.0,0.0,0.77718854,0.06986764,0.11839024,0.03455356
ATGGGAGAGGTCATAA-1,0.16,0.08,0.0,0.0,0.39455256,0.3632476,0.13724118,0.104958616
ATGGGTTCACAAGCCC-1,0.12,0.04,0.0,0.0,0.021267105,0.41681746,0.2561212,0.30579427
ATGGGTTCATAACAGA-1,0.12,0.04,0.0,0.0,0.025415542,0.27906087,0.6135429,0.08198066
ATGGGTTGTTTGACAC-1,0.16,0.04,0.0,0.0,2.2406384e-06,0.0018542791,0.016387492,0.981756
ATGGGTTTCACACCCT-1,0.12,0.04,0.0,0.0,0.104713306,0.51533085,0.17119642,0.20875941
ATGGGTTTCAGAGCAG-1,0.12,0.04,0.0,0.0,0.99594104,0.002719244,0.0012461621,9.353233e-05
ATGGGTTTCCATAGGT-1,0.16,0.04,0.0,0.0,0.07475172,0.43398342,0.3959499,0.09531499
ATGGGTTTCGGCAGTC-1,0.16,0.08,0.0,0.0,0.04501563,0.4968794,0.40078887,0.057316132
ATGGGTTTCGTAACAC-1,0.16,0.04,0.0,0.0,0.19571953,0.44038448,0.20213747,0.16175851
ATGGGTTTCTCGTCGT-1,0.12,0.04,0.0,0.0,0.871111,0.08446916,0.04006758,0.0043522352
ATGGTTGAGCATGAAT-1,0.16,0.08,0.0,0.0,2.3701437e-05,0.007853754,0.012074749,0.98004776
ATGGTTGAGCGAGAAA-1,0.04,0.08,0.0,0.0,0.23752773,0.41356364,0.27780423,0.07110441
ATGGTTGAGTGCTAGG-1,0.16,0.08,0.0,0.0,0.040891327,0.57760596,0.36293757,0.018565185
ATGGTTGCAAACTGCT-1,0.16,0.08,0.0,0.0,0.19376409,0.30096748,0.16710101,0.33816743
ATGGTTGCACAAATCC-1,0.12,0.04,0.0,0.0,0.0027752041,0.07996678,0.0988947,0.8183633
ATGGTTGGTACGCGTC-1,0.16,0.08,0.0,0.0,0.9670854,0.018529708,0.012895406,0.0014895411
ATGGTTGGTGAAGCGT-1,0.24,0.08,0.0,0.0,0.01414563,0.6969845,0.18770143,0.10116842
ATGGTTGTCCTACGGG-1,0.12,0.04,0.0,0.0,0.9781819,0.005638504,0.01597903,0.00020058357
ATGGTTGTCCTTCAGC-1,0.12,0.04,0.0,0.0,0.95238173,0.024449507,0.022935653,0.00023312501
ATGTCCCAGGTTGAGC-1,0.12,0.04,0.0,0.0,0.01139559,0.54122573,0.14426318,0.30311552
ATGTCCCGTGGCTCTG-1,0.16,0.08,0.0,0.0,0.007857658,0.03772346,0.21635696,0.7380619
ATGTCTTAGAGGGTCT-1,0.16,0.08,0.0,0.0,0.7152558,0.07743455,0.103744455,0.103565134
ATGTCTTAGGTATTGA-1,0.12,0.04,0.0,0.0,0.010365423,0.19435933,0.17325343,0.6220218
ATGTCTTCAGTCGAGA-1,0.16,0.08,0.0,0.0,0.004547877,0.48909366,0.3085343,0.19782421
ATGTCTTGTACCGCGT-1,0.16,0.08,0.0,0.0,0.20179518,0.20151353,0.354621,0.24207035
ATGTCTTGTGTACATC-1,0.16,0.04,0.0,0.0,0.94607896,0.046152726,0.0073151216,0.0004531814
ATGTCTTGTGTACGCC-1,0.16,0.08,0.0,0.0,0.2534698,0.15273538,0.27922025,0.31457463
ATGTCTTGTTCCATTT-1,0.16,0.08,0.0,0.0,0.4277218,0.09954412,0.1518399,0.32089424
ATGTCTTTCATGAAAG-1,0.12,0.04,0.0,0.0,0.08124913,0.6124887,0.115469806,0.19079249
ATGTCTTTCGTAGCTA-1,0.16,0.08,0.0,0.0,0.017575322,0.7452023,0.1888405,0.04838188
ATTACCTCAGAAATCA-1,0.16,0.04,0.0,0.0,1.9170005e-07,0.00061053294,0.003429487,0.9959598
ATTACCTGTAGGAGTC-1,0.16,0.08,0.0,0.0,0.26894227,0.10210101,0.30579442,0.3231623
ATTACCTGTTAACCTG-1,0.16,0.08,0.0,0.0,0.9883257,0.0093772635,0.0018733537,0.00042376918
ATTACTCAGGGTTTCT-1,0.2,0.08,0.0,0.0,0.54551834,0.041468333,0.24089618,0.17211713
ATTACTCAGTTTCAGC-1,0.12,0.04,0.0,0.0,0.91457546,0.08170547,0.0034175613,0.0003015839
ATTACTCCAGGTGGAT-1,0.16,0.08,0.0,0.0,0.11766735,0.512324,0.29986444,0.07014418
ATTACTCCATAATCCG-1,0.16,0.04,0.0,0.0,0.15456899,0.3847398,0.34790915,0.112782024
ATTACTCCATAATGAG-1,0.12,0.04,0.0,0.0,0.21603703,0.040488143,0.55557144,0.18790337
ATTACTCCATCCTTGC-1,0.12,0.04,0.0,0.0,0.4195615,0.40825742,0.1081995,0.063981555
ATTACTCGTCTAATCG-1,0.16,0.04,0.0,0.0,0.10440683,0.1159074,0.63287103,0.14681473
ATTACTCGTCTTCATT-1,0.04,0.04,0.0,0.0,1.7590453e-05,0.016341487,0.023973862,0.959667
ATTACTCTCGCTACAA-1,0.12,0.04,0.0,0.0,0.025979307,0.44677785,0.38143244,0.14581038
ATTATCCAGCCAGACA-1,0.12,0.04,0.0,0.0,0.89192015,0.07700217,0.026877884,0.004199878
ATTATCCCAGAACGCA-1,0.16,0.04,0.0,0.0,0.3152417,0.048359983,0.30370128,0.33269703
ATTATCCCAGCTACCG-1,0.16,0.04,0.0,0.0,0.05816882,0.18663153,0.20188692,0.5533127
ATTATCCGTCAACCAT-1,0.12,0.04,0.0,0.0,0.03337673,0.8450835,0.0700232,0.051516503
ATTATCCGTCCGAAAG-1,0.16,0.08,0.0,0.0,2.6881171e-08,0.0002020524,0.011627984,0.9881699
ATTATCCTCGAAATCC-1,0.12,0.04,0.0,0.0,0.9720068,0.017623007,0.009339953,0.0010301896
ATTCACTAGAAGAACG-1,0.16,0.04,0.0,0.0,0.081984036,0.15245052,0.7059288,0.059636623
ATTCACTAGATGTTCC-1,0.16,0.04,0.0,0.0,0.03205793,0.4514479,0.33316973,0.1833245
ATTCACTCACTCAGAT-1,0.12,0.04,0.0,0.0,0.1300568,0.45635852,0.28875914,0.12482556
ATTCACTCAGATCATC-1,0.16,0.04,0.0,0.0,0.1013858,0.54923326,0.2366712,0.1127097
ATTCACTGTCTAGGTT-1,0.16,0.04,0.0,0.0,0.0018325913,0.06951876,0.114049025,0.8145996
ATTCACTGTGCGTGCT-1,0.12,0.04,0.0,0.0,0.06590266,0.4003468,0.34555984,0.18819071
ATTCACTTCGACCACG-1,0.16,0.08,0.0,0.0,0.018696839,0.039369624,0.0945183,0.8474152
ATTCAGGAGGCATCGA-1,0.16,0.04,0.0,0.0,0.3597568,0.33479977,0.25963303,0.045810416
ATTCAGGCATGGAAGC-1,0.16,0.08,0.0,0.0,0.0017527925,0.021831293,0.10645244,0.86996347
ATTCAGGGTACTAAGA-1,0.2,0.08,0.0,0.0,0.43558937,0.03958366,0.111558355,0.41326857
ATTCAGGTCCCATGGG-1,0.12,0.04,0.0,0.0,0.21841249,0.3704567,0.30075905,0.11037189
ATTCAGGTCTTAGCAG-1,0.12,0.04,0.0,0.0,0.92638737,0.05256431,0.014820939,0.0062273787
ATTCATCCAAACACCT-1,0.16,0.08,0.0,0.0,0.64688003,0.14978625,0.1555267,0.04780705
ATTCATCCACGTATAC-1,0.12,0.04,0.0,0.0,0.31910494,0.09966385,0.25704268,0.32418853
ATTCATCCAGAGTGAC-1,0.12,0.04,0.0,0.0,0.95326686,0.028810732,0.010350924,0.0075715045
ATTCATCCAGCCGGTT-1,0.16,0.04,0.0,0.0,0.084529914,0.47741666,0.24797033,0.19008312
ATTCATCGTATGCGTT-1,0.16,0.08,0.0,0.0,0.8615927,0.11654503,0.015999302,0.005862863
ATTCATCGTTGCTCAA-1,0.16,0.04,0.0,0.0,0.67771506,0.16187054,0.098781146,0.061633226
ATTCATCTCAAGCGTT-1,0.04,0.04,0.0,0.0,0.78567326,0.034031577,0.1710425,0.009252735
ATTCATCTCATTGCGA-1,0.16,0.04,0.0,0.0,0.045906693,0.67397517,0.24964677,0.03047139
ATTCATCTCTCACTCG-1,0.16,0.04,0.0,0.0,1.12378935e-07,0.0009902045,0.006979854,0.9920298
ATTCCATAGGACGGAG-1,0.16,0.08,0.0,0.0,0.00012698009,0.010596308,0.022617877,0.9666588
ATTCCATCACTTCAGA-1,0.12,0.04,0.0,0.0,0.1064403,0.6457235,0.050809525,0.19702663
ATTCCATGTAACATCC-1,0.16,0.04,0.0,0.0,0.14788209,0.51886016,0.21650542,0.11675233
ATTCCATGTTAAGAAC-1,0.12,0.04,0.0,0.0,0.9762763,0.021868633,0.0017770308,7.806464e-05
ATTCCATTCCAAGAGG-1,0.16,0.08,0.0,0.0,0.06625486,0.16315927,0.3441577,0.42642817
ATTCCATTCGCAGAGA-1,0.12,0.04,0.0,0.0,0.055298515,0.39119187,0.50484955,0.048660096
ATTCCATTCTTCCACG-1,0.04,0.04,0.0,0.0,0.13627581,0.27664474,0.44720602,0.13987337
ATTCCCGCATACACCA-1,0.16,0.08,0.0,0.0,0.01972476,0.039497677,0.47823766,0.46253988
ATTCCCGGTCTGTGAT-1,0.16,0.08,0.0,0.0,0.12973106,0.5867907,0.047614843,0.23586337
ATTCCCGTCCGCCTAT-1,0.12,0.04,0.0,0.0,0.0394715,0.26203457,0.1480721,0.55042183
ATTCCTAAGAAATGGG-1,0.12,0.04,0.0,0.0,0.0023412164,0.022979321,0.3043301,0.6703493
ATTCCTACACATCATG-1,0.16,0.04,0.0,0.0,0.19720414,0.43399316,0.3449069,0.023895727
ATTCCTAGTTATCTGG-1,0.16,0.08,0.0,0.0,0.24965467,0.0589614,0.5353441,0.15603986
ATTCCTATCCTTATGT-1,0.12,0.04,0.0,0.0,0.22702236,0.29044354,0.28314412,0.19939001
ATTCGTTCAAGCACAG-1,0.12,0.04,0.0,0.0,0.12623292,0.38171735,0.3828272,0.10922254
ATTCGTTCATCATTTC-1,0.12,0.04,0.0,0.0,0.092229724,0.313334,0.0793927,0.51504356
ATTCGTTGTGACTGTT-1,0.04,0.04,0.0,0.0,0.9986039,0.0003518392,0.0010340972,1.00925545e-05
ATTCGTTTCCTAAGTG-1,0.12,0.04,0.0,0.0,0.029614864,0.08105338,0.82468915,0.06464256
ATTCTACAGAGAGCAA-1,0.12,0.04,0.0,0.0,0.022757038,0.20579971,0.37465513,0.39678812
ATTCTACAGTCCCGAC-1,0.12,0.04,0.0,0.0,0.036944494,0.79265463,0.15122846,0.01917234
ATTCTACCACGTAGAG-1,0.12,0.04,0.0,0.0,0.1692162,0.10809631,0.571081,0.15160653
ATTCTACCACTAGGTT-1,0.12,0.04,0.0,0.0,7.8333214e-05,0.17768252,0.055256255,0.76698285
ATTCTACGTCGGTAAG-1,0.16,0.08,0.0,0.0,0.27087456,0.05578719,0.40969634,0.26364183
ATTCTACGTGACGCCT-1,0.12,0.04,0.0,0.0,0.17727193,0.510296,0.23642012,0.07601198
ATTCTACGTGATTCTG-1,0.16,0.08,0.0,0.0,0.007201552,0.9044954,0.07152173,0.01678122
ATTCTACTCCATCTCG-1,0.16,0.04,0.0,0.0,0.11981644,0.49332786,0.30648956,0.08036619
ATTCTTGCAGCTAACT-1,0.16,0.08,0.0,0.0,0.13936703,0.41317105,0.32752702,0.11993496
ATTCTTGGTGATACAA-1,0.08,0.04,0.0,0.0,0.54781127,0.4136106,0.035465896,0.0031121378
ATTCTTGGTTGCCAAT-1,0.04,0.04,0.0,0.0,0.043789733,0.55274725,0.14352262,0.25994042
ATTCTTGTCAAACCTG-1,0.12,0.04,0.0,0.0,0.64672804,0.2737757,0.0406648,0.038831424
ATTGGGTAGGCATCGA-1,0.2,0.08,0.0,0.0,0.10456322,0.60471016,0.25734064,0.033385955
ATTGGGTAGTATTAGG-1,0.16,0.08,0.0,0.0,0.04079162,0.15253507,0.121894576,0.68477875
ATTGGGTCAACGGTAG-1,0.16,0.08,0.0,0.0,5.5486574e-08,3.2113738e-05,0.0033419384,0.9966259
ATTGGGTCACATGGTT-1,0.12,0.04,0.0,0.0,0.21079104,0.5435029,0.18546726,0.0602388
ATTGGGTCAGAGGAAA-1,0.16,0.04,0.0,0.0,0.0010790537,0.054713078,0.062450472,0.88175744
ATTGGGTGTCAAAGCG-1,0.16,0.08,0.0,0.0,0.06812511,0.023042832,0.7944502,0.114381865
ATTGGGTTCACGATCA-1,0.12,0.04,0.0,0.0,0.015154989,0.46980968,0.35796368,0.15707158
ATTGGGTTCCATCCGT-1,0.16,0.08,0.0,0.0,0.05590517,0.71071494,0.13309598,0.10028391
ATTGGGTTCGTAGTGT-1,0.16,0.04,0.0,0.0,0.05181536,0.29511094,0.44869462,0.20437902
ATTGGGTTCTTCACGC-1,0.16,0.08,0.0,0.0,0.16499066,0.4539619,0.20604715,0.17500025
ATTGTTCAGAGCATAT-1,0.16,0.08,0.0,0.0,0.9948074,0.0006107295,0.004132942,0.00044884853
ATTGTTCAGGACATCG-1,0.16,0.04,0.0,0.0,0.008089071,0.031006465,0.9291708,0.031733602
ATTGTTCCAACCTATG-1,0.12,0.04,0.0,0.0,0.89987355,0.08953392,0.0092825005,0.0013099763
ATTGTTCCAATAACCC-1,0.12,0.04,0.0,0.0,0.19556701,0.30740806,0.2714489,0.22557604
ATTGTTCCAGAAACCG-1,0.16,0.08,0.0,0.0,0.20338215,0.4594608,0.20395052,0.13320658
ATTGTTCGTAGGTACG-1,0.16,0.08,0.0,0.0,0.1717861,0.028947236,0.6528724,0.14639422
ATTGTTCTCGGCATAT-1,0.12,0.04,0.0,0.0,0.5308887,0.09311047,0.1050529,0.2709479
ATTTACCAGACGCCCT-1,0.16,0.08,0.0,0.0,0.39355734,0.11951084,0.13139899,0.35553282
ATTTACCCAATGAGCG-1,0.16,0.08,0.0,0.0,0.0076545672,0.14078215,0.3367171,0.5148462
ATTTACCCACTTGGCG-1,0.16,0.04,0.0,0.0,0.101703435,0.51151294,0.18779637,0.1989872
ATTTACCGTCGGAAAC-1,0.12,0.04,0.0,0.0,0.14031255,0.45226327,0.15044549,0.25697875
ATTTACCGTGTACAGG-1,0.16,0.04,0.0,0.0,0.66785747,0.07018832,0.11414663,0.14780757
ATTTACCTCACCGGGT-1,0.12,0.04,0.0,0.0,0.83321136,0.14398403,0.015136351,0.0076682274
ATTTACCTCCGGCAAC-1,0.12,0.04,0.0,0.0,0.7548341,0.18861544,0.053465407,0.003084949
ATTTACCTCCTTATAC-1,0.12,0.08,0.0,0.0,0.9679482,0.009012835,0.022801984,0.00023694169
ATTTCACAGCCTAGGA-1,0.16,0.04,0.0,0.0,0.18704367,0.18886757,0.31237742,0.3117114
ATTTCACAGGATTCCT-1,0.16,0.08,0.0,0.0,0.45924798,0.23631397,0.18022455,0.124213554
ATTTCACAGTTCCGGC-1,0.16,0.08,0.0,0.0,0.59534144,0.19213511,0.10895588,0.103567496
ATTTCACCAGCTTTGA-1,0.16,0.08,0.0,0.0,0.001973642,0.797065,0.09885393,0.10210744
ATTTCACGTACAGTTC-1,0.16,0.04,0.0,0.0,0.02434407,0.024584526,0.9047974,0.046274003
ATTTCACGTTGACTGT-1,0.12,0.04,0.0,0.0,0.09778874,0.6193336,0.2541247,0.028752914
ATTTCACTCAGCGCAC-1,0.12,0.04,0.0,0.0,0.9878846,0.009839604,0.0022313981,4.444666e-05
ATTTCACTCAGGTGTT-1,0.12,0.04,0.0,0.0,0.047937926,0.22841787,0.590103,0.13354118
ATTTCACTCGTAACTG-1,0.16,0.08,0.0,0.0,0.83330804,0.083500646,0.06358947,0.01960192
ATTTCTGCAAGTTGGG-1,0.16,0.04,0.0,0.0,0.07266932,0.5964163,0.22585535,0.10505907
ATTTCTGCACAGTGAG-1,0.16,0.08,0.0,0.0,0.21527813,0.28052807,0.35404593,0.15014793
ATTTCTGCACGCGCAT-1,0.04,0.04,0.0,0.0,0.0010118227,0.24126707,0.14063478,0.61708635
ATTTCTGCATAAGATG-1,0.16,0.04,0.0,0.0,0.009230161,0.43386698,0.34041935,0.21648353
ATTTCTGCATAGGCGA-1,0.12,0.04,0.0,0.0,0.9401968,0.01879015,0.040288486,0.00072455057
ATTTCTGTCGATTTCT-1,0.12,0.04,0.0,0.0,0.9833128,0.0008489516,0.015569081,0.000269201
ATTTCTGTCTGGTGGC-1,0.12,0.04,0.0,0.0,0.131408,0.75651574,0.081255525,0.03082073
CAAAGAACAACCGTGC-1,0.16,0.04,0.0,0.0,0.06449346,0.60805,0.23284617,0.09461038
CAAAGAACAAGCCCAC-1,0.16,0.04,0.0,0.0,0.118779555,0.40738398,0.3982054,0.07563105
CAAAGAACACACCGAC-1,0.16,0.04,0.0,0.0,0.12325115,0.06447225,0.6536603,0.15861629
CAAAGAACAGTCTACA-1,0.12,0.04,0.0,0.0,0.9890886,0.007980812,0.0028167213,0.000113915725
CAAAGAACATGTAACC-1,0.16,0.08,0.0,0.0,0.23794365,0.11435611,0.20141023,0.44629002
CAAAGAAGTGACTAAA-1,0.16,0.08,0.0,0.0,0.0050925985,0.0388151,0.19744994,0.7586423
CAAAGAAGTTGTTGCA-1,0.16,0.08,0.0,0.0,0.17884958,0.19743173,0.4766294,0.14708932
CAAAGAATCAAAGCCT-1,0.12,0.04,0.0,0.0,0.028397469,0.05923162,0.12753974,0.78483117
CAAAGAATCGGTCATA-1,0.16,0.04,0.0,0.0,0.1574255,0.47822386,0.18847825,0.17587242
CAACAACCACTCCTTG-1,0.12,0.04,0.0,0.0,0.9885793,0.007114577,0.0041481745,0.00015799302
CAACAACCATGGAAGC-1,0.04,0.04,0.0,0.0,0.98219234,0.0050178296,0.0109860515,0.0018036884
CAACAACGTTCCACAA-1,0.12,0.04,0.0,0.0,0.1798759,0.35261717,0.44631654,0.021190377
CAACAACTCTACGCGG-1,0.24,0.08,0.0,0.0,0.119445,0.5658316,0.27350828,0.04121511
CAACAGTAGAGAGTTT-1,0.16,0.08,0.0,0.0,0.98565024,0.005131715,0.0073780506,0.0018399438
CAACAGTAGGGATGTC-1,0.16,0.04,0.0,0.0,0.984829,0.012062535,0.0030892957,1.9139907e-05
CAACAGTTCACGAACT-1,0.16,0.08,0.0,0.0,0.08890546,0.44581583,0.3585679,0.106710866
CAACCAAAGAGTCGAC-1,0.16,0.08,0.0,0.0,0.24274419,0.19586053,0.30570164,0.25569367
CAACCAAAGATCGACG-1,0.16,0.08,0.0,0.0,0.12879166,0.08698419,0.56651354,0.21771057
CAACCAAAGCCGAATG-1,0.12,0.04,0.0,0.0,0.8414239,0.07573216,0.08135264,0.0014912774
CAACCAAAGTTCATGC-1,0.16,0.08,0.0,0.0,0.14914754,0.09105729,0.67876834,0.08102685
CAACCAACAATGAACA-1,0.16,0.08,0.0,0.0,0.10033176,0.49043563,0.25297722,0.15625538
CAACCAACATGACGAG-1,0.16,0.08,0.0,0.0,0.21569477,0.13900703,0.16114801,0.4841502
CAACCAAGTGCAACAG-1,0.16,0.08,0.0,0.0,0.00012823011,0.01512237,0.04068582,0.94406354
CAACCAATCGTTATCT-1,0.12,0.04,0.0,0.0,0.9677087,0.024045417,0.0072459225,0.0010000275
CAACCTCAGGGAGGGT-1,0.16,0.04,0.0,0.0,0.04092094,0.36893794,0.52821213,0.061928973
CAACCTCCATACACCA-1,0.12,0.04,0.0,0.0,2.8426532e-06,0.00035341544,0.0026012554,0.9970425
CAACCTCGTCGTGGAA-1,0.16,0.08,0.0,0.0,0.779366,0.18154827,0.023913562,0.015172072
CAACCTCGTTGCATTG-1,0.12,0.04,0.0,0.0,0.975779,0.015290309,0.008674508,0.00025626348
CAACCTCTCGGTGTAT-1,0.16,0.04,0.0,0.0,0.1673932,0.2952963,0.37380672,0.1635038
CAACCTCTCGTTGTGA-1,0.12,0.08,0.0,0.0,0.19714293,0.35024562,0.20241399,0.2501975
CAACCTCTCTACGCAA-1,0.12,0.04,0.0,0.0,0.04597576,0.50864804,0.20896365,0.23641257
CAACGATCAATGGCAG-1,0.16,0.08,0.0,0.0,0.597662,0.011291759,0.26796708,0.12307913
CAACGATGTATCCTCC-1,0.16,0.04,0.0,0.0,0.053460762,0.6518659,0.18928364,0.105389714
CAACGATGTTTATGCG-1,0.16,0.04,0.0,0.0,0.3418682,0.021166036,0.46822816,0.16873759
CAACGGCCAACGTTAC-1,0.16,0.08,0.0,0.0,0.025715139,0.35461468,0.2972601,0.32241008
CAACGGCCATTCGGGC-1,0.12,0.04,0.0,0.0,0.2533088,0.039770212,0.46453395,0.24238706
CAACGGCGTCGTCGGT-1,0.04,0.04,0.0,0.0,0.011718416,0.8447747,0.12881015,0.014696729
CAACGGCGTGCAGGAT-1,0.16,0.08,0.0,0.0,0.16916227,0.30156565,0.20011728,0.3291548
CAACGGCGTTTCCCAC-1,0.16,0.08,0.0,0.0,0.13719875,0.5497036,0.27295163,0.040145975
CAACGGCTCAAATGAG-1,0.12,0.04,0.0,0.0,0.049373783,0.66226286,0.17258812,0.11577523
CAACGGCTCCCTGGTT-1,0.12,0.04,0.0,0.0,0.99378043,0.002539921,0.0036014284,7.823254e-05
CAACGGCTCGCCTAGG-1,0.16,0.08,0.0,0.0,0.10263745,0.32546926,0.41006324,0.16183007
CAAGACTCACAAATCC-1,0.16,0.08,0.0,0.0,0.19106403,0.483179,0.19216672,0.13359028
CAAGACTCATAGAGGC-1,0.16,0.08,0.0,0.0,0.1908099,0.3012617,0.2750795,0.23284891
CAAGACTGTATTTCTC-1,0.16,0.08,0.0,0.0,0.3252487,0.08431552,0.41327426,0.17716154
CAAGACTGTGGTATGG-1,0.16,0.08,0.0,0.0,0.1309184,0.5577453,0.24640708,0.06492926
CAAGAGGAGCACTCCG-1,0.16,0.08,0.0,0.0,0.25696293,0.16880718,0.36174712,0.21248274
CAAGAGGAGTTCGCAT-1,0.08,0.04,0.0,0.0,0.48766094,0.33460006,0.15126958,0.02646944
CAAGAGGCACTGTCGG-1,0.12,0.04,0.0,0.0,0.8657304,0.090579145,0.035124816,0.008565733
CAAGAGGGTCGACGCT-1,0.16,0.08,0.0,0.0,0.19746399,0.13016094,0.42538905,0.24698603
CAAGAGGGTGGGACAT-1,0.16,0.08,0.0,0.0,0.3625745,0.083091766,0.27957937,0.27475438
CAAGAGGTCAGGTAAA-1,0.16,0.08,0.0,0.0,0.28881046,0.07287121,0.35982084,0.2784975
CAAGAGGTCAGTGTTG-1,0.24,0.08,0.0,0.0,0.05164223,0.02070153,0.8244251,0.10323117
CAAGCTACAATTTCGG-1,0.16,0.08,0.0,0.0,0.0077949683,0.94081324,0.034632016,0.016759666
CAAGCTACACGAGGTA-1,0.16,0.04,0.0,0.0,0.102733046,0.32574686,0.51417214,0.057347972
CAAGCTACAGCGCTTG-1,0.16,0.04,0.0,0.0,0.32458273,0.24274091,0.05843708,0.37423933
CAAGCTACAGTGGGTA-1,0.12,0.04,0.0,0.0,0.95647043,0.011557745,0.031078696,0.0008930749
CAAGCTAGTAAGTAGT-1,0.12,0.04,0.0,0.0,0.13464431,0.18283896,0.43515873,0.24735801
CAAGCTATCATCTGTT-1,0.12,0.04,0.0,0.0,0.14658329,0.464548,0.2755625,0.11330618
CAAGCTATCGGCAGTC-1,0.16,0.04,0.0,0.0,0.051857956,0.31026298,0.53759235,0.10028671
CAAGGGAAGACAGCTG-1,0.16,0.08,0.0,0.0,0.1314755,0.0059114713,0.7470292,0.11558385
CAAGGGAAGCGAGAAA-1,0.16,0.08,0.0,0.0,0.09571801,0.39881396,0.44791248,0.057555553
CAAGGGAAGGTTGCCC-1,0.16,0.08,0.0,0.0,0.061007917,0.56195277,0.2634156,0.11362371
CAAGGGAAGTCACACT-1,0.16,0.08,0.0,0.0,2.7384572e-06,0.00030156111,0.0049185636,0.9947771
CAAGGGAGTCGATTAC-1,0.12,0.04,0.0,0.0,0.37405798,0.18833616,0.3046601,0.13294578
CAAGGGAGTGCGTGCT-1,0.12,0.04,0.0,0.0,0.20903379,0.28847438,0.4726209,0.029870866
CAAGGGAGTGGGAGAG-1,0.16,0.08,0.0,0.0,0.223193,0.10357213,0.4541282,0.21910663
CAAGGGATCACAGAGG-1,0.08,0.08,0.0,0.0,0.02870481,0.72191817,0.17497326,0.07440371
CAATACGAGATAACAC-1,0.16,0.08,0.0,0.0,0.99321824,0.0025562674,0.00366495,0.0005604973
CAATACGGTGTCGATT-1,0.16,0.08,0.0,0.0,0.9924132,0.0016211101,0.0059384415,2.7179465e-05
CAATACGTCAGTCAGT-1,0.12,0.04,0.0,0.0,0.095026985,0.28814057,0.44928798,0.16754442
CAATACGTCCTACACC-1,0.16,0.04,0.0,0.0,0.057043567,0.7989194,0.06964857,0.07438847
CAATCGACAACCGTAT-1,0.12,0.04,0.0,0.0,0.9736299,0.01872918,0.0052368985,0.0024041252
CAATCGACATGAGGGT-1,0.12,0.04,0.0,0.0,0.06709762,0.7821595,0.040271074,0.110471845
CAATCGAGTGTTCATG-1,0.12,0.04,0.0,0.0,0.10876981,0.3912086,0.31530944,0.18471219
CAATCGATCAATGTCG-1,0.16,0.04,0.0,0.0,0.9224052,0.021951672,0.051111605,0.004531514
CAATCGATCACCTGTC-1,0.12,0.04,0.0,0.0,0.9039728,0.08326936,0.012123667,0.0006341959
CAATCGATCGAGTCTA-1,0.16,0.04,0.0,0.0,0.79547167,0.04343584,0.08719909,0.07389339
CAATGACAGTGCAACG-1,0.16,0.08,0.0,0.0,0.19586448,0.27109638,0.3469847,0.18605442
CAATGACCAAGCACCC-1,0.16,0.08,0.0,0.0,0.07310321,0.8324289,0.0718681,0.022599762
CAATGACGTCGTTGCG-1,0.08,0.04,0.0,0.0,0.19961892,0.35249782,0.21939482,0.22848843
CAATGACTCAACGAGG-1,0.16,0.08,0.0,0.0,0.078569785,0.0015149857,0.78619444,0.13372074
CAATGACTCCTTCACG-1,0.12,0.04,0.0,0.0,0.35139394,0.49538332,0.1219001,0.03132261
CAATTTCAGGGAGTGG-1,0.16,0.08,0.0,0.0,0.6350599,0.314018,0.034428764,0.016493395
CAATTTCAGTGCGTCC-1,0.16,0.08,0.0,0.0,0.02661321,0.08626035,0.09050329,0.79662323
CAATTTCCAAGTATCC-1,0.12,0.04,0.0,0.0,0.073042914,0.39624545,0.30077526,0.22993636
CAATTTCCACAGCTTA-1,0.24,0.08,0.0,0.0,0.046683572,0.043382313,0.49877822,0.41115588
CAATTTCGTAGCACGA-1,0.16,0.04,0.0,0.0,0.85394526,0.09628104,0.042952657,0.006821079
CAATTTCTCTTACGTT-1,0.12,0.04,0.0,0.0,0.025391424,0.46095213,0.42205942,0.09159694
CACAACAAGGTATCTC-1,0.16,0.04,0.0,0.0,0.045215063,0.29649705,0.51433796,0.14394993
CACAACAAGTTCACTG-1,0.16,0.08,0.0,0.0,0.31315035,0.21115834,0.33292475,0.14276657
CACAACACAGTAGAGC-1,0.16,0.08,0.0,0.0,0.2753487,0.18539219,0.32678574,0.21247335
CACAACACATTAGGCT-1,0.16,0.08,0.0,0.0,0.40455034,0.08120392,0.30771023,0.20653547
CACAACAGTCGGTACC-1,0.16,0.08,0.0,0.0,0.8504961,0.06433085,0.077523224,0.007649739
CACAACATCCTCTAAT-1,0.16,0.08,0.0,0.0,1.2911491e-08,4.869427e-05,0.00092962437,0.99902165
CACAACATCTCCTGAC-1,0.16,0.04,0.0,0.0,0.021445414,0.5260838,0.25368732,0.19878346
CACAACATCTCGTCGT-1,0.16,0.04,0.0,0.0,0.44816306,0.36943066,0.10784899,0.07455724
CACAACATCTCTGCCA-1,0.16,0.08,0.0,0.0,0.13536294,0.36078084,0.36988616,0.13397002
CACACAAAGAGGGTAA-1,0.16,0.04,0.0,0.0,0.089929126,0.5896396,0.15164791,0.1687833
CACACAAAGGTCCTGC-1,0.24,0.08,0.0,0.0,0.7240182,0.08777443,0.092142425,0.09606489
CACACAAAGTTGGACG-1,0.12,0.04,0.0,0.0,0.23646311,0.28954664,0.32886076,0.14512956
CACACAACAACTGCCG-1,0.12,0.04,0.0,0.0,0.17940405,0.73827755,0.059137557,0.023180831
CACACAACACACGTGC-1,0.08,0.04,0.0,0.0,0.4020095,0.38484895,0.16715811,0.04598351
CACACAACACCAGGTC-1,0.16,0.08,0.0,0.0,0.36498684,0.2542122,0.119354635,0.2614463
CACACAACACCGGTCA-1,0.16,0.08,0.0,0.0,2.5049867e-06,0.0014026182,0.0035473085,0.99504757
CACACAATCAAGCCTA-1,0.16,0.08,0.0,0.0,7.136074e-05,0.0025321,0.056546163,0.9408504
CACACAATCATCCTAT-1,0.12,0.04,0.0,0.0,0.9761114,0.00321752,0.02043621,0.00023481595
CACACAATCTCCCTAG-1,0.2,0.08,0.0,0.0,0.006651567,0.063400246,0.4561974,0.47375086
CACAGATAGCGGTATG-1,0.12,0.04,0.0,0.0,0.059025247,0.825918,0.060645953,0.054410808
CACAGATGTAACACCT-1,0.12,0.04,0.0,0.0,0.19601738,0.22782736,0.20221166,0.3739436
CACAGGCAGAGTCACG-1,0.12,0.04,0.0,0.0,0.027974168,0.8360013,0.09018516,0.045839436
CACAGGCAGCCTTTGA-1,0.12,0.04,0.0,0.0,0.7093614,0.16484746,0.11278094,0.013010268
CACAGGCAGCTATCTG-1,0.16,0.04,0.0,0.0,0.12533236,0.31802016,0.3789893,0.17765817
CACAGGCAGTGCCCGT-1,0.16,0.04,0.0,0.0,0.5315236,0.29410338,0.15083213,0.023540927
CACAGGCCAAAGGAGA-1,0.16,0.04,0.0,0.0,0.98120856,0.004167458,0.013871398,0.0007526067
CACAGGCCATGGATCT-1,0.12,0.04,0.0,0.0,0.038031034,0.26262596,0.20222951,0.49711353
CACAGGCGTACCATAC-1,0.16,0.08,0.0,0.0,0.7576819,0.008616394,0.19152924,0.042172424
CACAGGCGTACGATGG-1,0.12,0.04,0.0,0.0,0.8999792,0.08415605,0.0144751035,0.0013896496
CACAGGCGTGTCGATT-1,0.16,0.08,0.0,0.0,0.24884298,0.038935564,0.0991692,0.6130522
CACAGGCTCGAAACAA-1,0.16,0.08,0.0,0.0,0.046911575,0.38106593,0.11338637,0.4586362
CACAGGCTCGCCGAGT-1,0.16,0.08,0.0,0.0,0.14779952,0.31654993,0.3402073,0.19544318
CACATGAAGAGAGGGC-1,0.12,0.04,0.0,0.0,0.9607831,0.01780621,0.020770904,0.0006398098
CACATGACAACTAGAA-1,0.2,0.08,0.0,0.0,0.94696695,0.010440256,0.03566475,0.006928081
CACATGACAATAACGA-1,0.12,0.04,0.0,0.0,0.18197887,0.106110774,0.5031716,0.20873874
CACATGACAGTAGGAC-1,0.2,0.08,0.0,0.0,0.25074685,0.09827291,0.34372425,0.30725604
CACATGAGTAATCAAG-1,0.16,0.08,0.0,0.0,0.048677973,0.017182106,0.27538025,0.6587597
CACATGAGTCTAGTGT-1,0.2,0.08,0.0,0.0,0.97929025,0.001407569,0.016893303,0.0024089387
CACATGATCTCCCTAG-1,0.12,0.04,0.0,0.0,0.03598664,0.11173693,0.38934523,0.46293122
CACCAAATCTGGGTCG-1,0.16,0.04,0.0,0.0,0.17175335,0.36584094,0.30798686,0.15441877
CACCGTTAGGGCATGT-1,0.12,0.04,0.0,0.0,0.09113657,0.15156415,0.5939094,0.1633899
CACCGTTAGTACAACA-1,0.16,0.08,0.0,0.0,0.07832811,0.72861964,0.09110243,0.101949826
CACCGTTAGTGATTCC-1,0.16,0.08,0.0,0.0,0.005268821,0.078418285,0.28810167,0.6282112
CACCGTTAGTGTACAA-1,0.16,0.08,0.0,0.0,0.15249567,0.625314,0.06832946,0.15386087
CACCGTTCAATGCTCA-1,0.12,0.04,0.0,0.0,0.9866218,0.0062921853,0.0066813836,0.00040467575
CACCGTTCACTCCGGA-1,0.16,0.08,0.0,0.0,9.211766e-08,0.00082323863,0.032859966,0.9663167
CACCGTTGTACAGTAA-1,0.16,0.04,0.0,0.0,0.10031719,0.3118713,0.25272736,0.33508417
CACCGTTTCCACCTCA-1,0.04,0.04,0.0,0.0,0.79462767,0.09451733,0.09692153,0.013933454
CACCGTTTCTCGTGAA-1,0.16,0.08,0.0,0.0,0.11272185,0.25762507,0.32208312,0.30756992
CACCGTTTCTTCCTAA-1,0.2,0.08,0.0,0.0,0.24955797,0.090917625,0.2660016,0.3935228
CACGAATCAACTGCCG-1,0.16,0.04,0.0,0.0,0.17721826,0.49025562,0.28565434,0.046871748
CACGAATCAGAGTTGG-1,0.16,0.08,0.0,0.0,0.17392458,0.27697408,0.24018326,0.3089181
CACGAATCATAGATCC-1,0.12,0.04,0.0,0.0,1.7973225e-05,0.01964704,0.04334958,0.9369854
CACGAATGTCGAGCTC-1,0.12,0.04,0.0,0.0,0.025638236,0.7633802,0.17250605,0.03847545
CACGAATTCTAGCAAC-1,0.12,0.04,0.0,0.0,0.16569464,0.3944844,0.32466462,0.11515626
CACGGGTAGACATATG-1,0.16,0.12,0.0,0.0,0.070292674,0.56476593,0.2999595,0.064981945
CACGGGTAGCACTTTG-1,0.12,0.04,0.0,0.0,0.96590424,0.012705673,0.021016845,0.00037330145
CACGGGTAGGCATTTC-1,0.16,0.04,0.0,0.0,0.077293955,0.1908571,0.47828782,0.25356114
CACGGGTCAAGTTCCA-1,0.12,0.08,0.0,0.0,0.36695993,0.15648028,0.44817308,0.02838677
CACGGGTCATGTCGTA-1,0.12,0.04,0.0,0.0,0.8814549,0.09082374,0.01731528,0.010406004
CACGGGTCATTAAAGG-1,0.12,0.04,0.0,0.0,0.37391654,0.38977125,0.18351533,0.052796848
CACGGGTTCAATCAGC-1,0.12,0.04,0.0,0.0,0.6842837,0.20757343,0.09990246,0.008240386
CACGGGTTCAGAGCAG-1,0.16,0.04,0.0,0.0,0.033167265,0.3932362,0.21300203,0.36059448
CACGGGTTCGGCATAT-1,0.16,0.08,0.0,0.0,0.18338116,0.33365893,0.38532406,0.0976359
CACGTGGAGGGAGTGG-1,0.16,0.04,0.0,0.0,0.15191785,0.53923345,0.25423184,0.05461692
CACGTGGCAATCGAAA-1,0.12,0.04,0.0,0.0,0.04695749,0.28053567,0.35372376,0.31878304
CACGTGGCAGAGCGTA-1,0.16,0.08,0.0,0.0,0.55046844,0.037812814,0.28058496,0.13113376
CACGTGGGTGTCGCTG-1,0.12,0.04,0.0,0.0,0.9506705,0.01841742,0.026445655,0.0044665514
CACGTGGTCCGAGCTG-1,0.12,0.04,0.0,0.0,0.016160727,0.19270769,0.7352423,0.055889275
CACGTGGTCGCGCCAA-1,0.16,0.08,0.0,0.0,0.42656338,0.3096293,0.19465402,0.06915332
CACGTGGTCTGGTTGA-1,0.16,0.08,0.0,0.0,0.23798446,0.2285821,0.30551824,0.22791523
CACGTTCGTTAGCGGA-1,0.2,0.08,0.0,0.0,0.03877931,0.78918594,0.12324841,0.048786417
CACGTTCTCACCGGGT-1,0.12,0.04,0.0,0.0,0.1603725,0.4582529,0.17056005,0.2108145
CACGTTCTCTCCTGTG-1,0.12,0.04,0.0,0.0,0.12233301,0.15464187,0.61303747,0.10998757
CACGTTCTCTGCGGAC-1,0.16,0.08,0.0,0.0,2.719863e-07,0.001703,0.0026783114,0.99561846
CACTAAGAGATGTTAG-1,0.12,0.08,0.0,0.0,0.10658524,0.45268148,0.36786452,0.0728687
CACTAAGCACAGCTTA-1,0.16,0.08,0.0,0.0,0.033104405,0.3949111,0.5572309,0.014753568
CACTAAGCACTTGACA-1,0.12,0.04,0.0,0.0,0.08059705,0.21543904,0.64030665,0.06365725
CACTAAGCAGACACAG-1,0.12,0.04,0.0,0.0,0.034944896,0.5449845,0.35143712,0.06863343
CACTAAGCATAGGCGA-1,0.12,0.04,0.0,0.0,0.88269436,0.093317255,0.012073817,0.011914646
CACTAAGTCGGTAAGG-1,0.12,0.04,0.0,0.0,0.052534282,0.5166338,0.3088975,0.121934436
CACTGAAAGAACAAGG-1,0.16,0.04,0.0,0.0,0.05205668,0.43899366,0.41746438,0.09148521
CACTGAAAGCGTGTTT-1,0.16,0.08,0.0,0.0,0.08894517,0.33506516,0.5098679,0.06612176
CACTGAACAGATACTC-1,0.16,0.04,0.0,0.0,0.06873331,0.58183616,0.17891093,0.17051958
CACTGAACAGGATCTT-1,0.12,0.04,0.0,0.0,0.050534748,0.75043535,0.15092066,0.04810917
CACTGAAGTGCATGTT-1,0.16,0.04,0.0,0.0,0.035093665,0.0050606225,0.8740721,0.085773595
CACTGAAGTGGCTACC-1,0.12,0.04,0.0,0.0,0.97831583,0.015061455,0.005387353,0.0012353866
CACTGAATCGGTTCAA-1,0.12,0.04,0.0,0.0,0.90933955,0.057590783,0.032075915,0.0009936967
CACTGAATCTATCACT-1,0.2,0.08,0.0,0.0,0.15842395,0.3361106,0.3876691,0.11779638
CACTGAATCTCGACGG-1,0.16,0.04,0.0,0.0,0.43842408,0.019656101,0.1257159,0.41620395
CACTGGGAGCACCCAC-1,0.12,0.04,0.0,0.0,0.9732905,0.014154845,0.009748423,0.0028062323
CACTGGGAGCACGTCC-1,0.16,0.08,0.0,0.0,0.067634664,0.18652858,0.16051938,0.5853174
CACTGGGAGTCCCTAA-1,0.16,0.08,0.0,0.0,6.9877026e-10,5.9377693e-05,0.0060556727,0.993885
CACTGGGCAGGAGGAG-1,0.12,0.04,0.0,0.0,0.16467054,0.45910662,0.24687526,0.12934758
CACTGGGGTAGGAGGG-1,0.08,0.08,0.0,0.0,0.11338054,0.32219583,0.4215442,0.14287941
CACTGGGGTCATTCCC-1,0.12,0.04,0.0,0.0,0.9638368,0.033031415,0.0024996053,0.0006321797
CACTGGGGTCGCTCGA-1,0.16,0.04,0.0,0.0,0.11192298,0.29918087,0.49371186,0.095184304
CACTGGGGTTACGTAC-1,0.12,0.04,0.0,0.0,0.06972548,0.7236383,0.1528676,0.05376869
CACTGGGTCAGTCACA-1,0.16,0.08,0.0,0.0,0.23553719,0.22399712,0.4506433,0.08982241
CACTGGGTCGTTCTAT-1,0.2,0.08,0.0,0.0,0.026664838,0.017450735,0.086717024,0.8691674
CACTGTCGTTGGGCCT-1,0.12,0.04,0.0,0.0,0.5254574,0.3153142,0.15056162,0.008666699
CACTGTCTCACATTGG-1,0.16,0.04,0.0,0.0,0.9567137,0.0065799193,0.026862726,0.009843657
CACTGTCTCCATTGGA-1,0.16,0.04,0.0,0.0,0.90901387,0.05218471,0.037675574,0.0011257932
CACTTCGCAGTCGAGA-1,0.16,0.08,0.0,0.0,0.9960452,0.0016757221,0.00225096,2.8119724e-05
CACTTCGCATGACTAC-1,0.16,0.04,0.0,0.0,4.2019537e-06,0.0023824975,0.014534464,0.98307884
CACTTCGGTGGGTTGA-1,0.12,0.04,0.0,0.0,0.22144848,0.18931793,0.43385303,0.15538055
CACTTCGGTTGGGTAG-1,0.16,0.08,0.0,0.0,0.00027011055,0.0050118654,0.06133338,0.93338466
CACTTCGGTTGGTGTT-1,0.2,0.08,0.0,0.0,0.20739828,0.3840726,0.13524535,0.27328384
CACTTCGTCCTCTTTC-1,0.16,0.08,0.0,0.0,0.27711418,0.12074144,0.2701175,0.33202684
CACTTCGTCTCGTCGT-1,0.08,0.04,0.0,0.0,0.8823629,0.06918677,0.044667404,0.0037829916
CACTTCGTCTTTCCAA-1,0.12,0.04,0.0,0.0,0.19002542,0.44087815,0.20441289,0.16468357
CAGAGCCAGAGGCGGA-1,0.04,0.04,0.0,0.0,0.01572015,0.5814781,0.26703045,0.13577135
CAGAGCCAGTTGCCTA-1,0.16,0.08,0.0,0.0,0.013324882,0.86313254,0.07494056,0.048602022
CAGAGCCTCATCCTAT-1,0.12,0.04,0.0,0.0,0.0024225393,0.05763498,0.32810608,0.6118364
CAGATACAGAGTCACG-1,0.12,0.04,0.0,0.0,0.1725446,0.3433118,0.31673878,0.1674048
CAGATACAGGGAGTTC-1,0.12,0.04,0.0,0.0,0.96859866,0.010701633,0.020508314,0.00019127235
CAGATACAGGTAACTA-1,0.12,0.04,0.0,0.0,0.5345132,0.30429456,0.15248555,0.0087067485
CAGATACCAGATTCGT-1,0.16,0.08,0.0,0.0,0.06660998,0.049873516,0.38068923,0.5028273
CAGATACCAGTGTGCC-1,0.16,0.08,0.0,0.0,0.14537321,0.33751586,0.19535182,0.3217591
CAGATACCATACCATG-1,0.16,0.04,0.0,0.0,0.3320125,0.39571908,0.2098742,0.062394213
CAGATACTCTCCCATG-1,0.12,0.04,0.0,0.0,0.84067315,0.098339766,0.046018247,0.014968898
CAGATCAAGTAACGAT-1,0.12,0.04,0.0,0.0,0.31543437,0.6292951,0.027526641,0.027743937
CAGATCACAGCGCGTT-1,0.12,0.04,0.0,0.0,0.18809268,0.18708214,0.4340941,0.19073114
CAGATCACAGGAGGTT-1,0.16,0.08,0.0,0.0,0.27049035,0.13051002,0.36235192,0.23664771
CAGATCAGTACATTGC-1,0.16,0.04,0.0,0.0,0.41048273,0.38808745,0.13214678,0.06928305
CAGATCAGTATGGGAC-1,0.16,0.08,0.0,0.0,0.106855415,0.53817594,0.23245953,0.12250913
CAGATCAGTGGATTTC-1,0.16,0.08,0.0,0.0,8.9227036e-08,0.0025266313,0.0038646902,0.9936086
CAGATTGAGTGGTTAA-1,0.16,0.04,0.0,0.0,0.013327023,0.91236764,0.06351843,0.010786959
CAGATTGTCCGGACTG-1,0.24,0.08,0.0,0.0,0.6994827,0.14833371,0.05833802,0.09384564
CAGCAATAGTAGGCCA-1,0.16,0.08,0.0,0.0,0.03580259,0.268909,0.29672602,0.39856234
CAGCAATCAAAGCGTG-1,0.16,0.08,0.0,0.0,0.9932314,0.0010426714,0.005692861,3.302558e-05
CAGCAATCACGGATCC-1,0.12,0.04,0.0,0.0,0.18610978,0.35730812,0.15917106,0.297411
CAGCAATCAGCGTGCT-1,0.12,0.04,0.0,0.0,0.046540253,0.575239,0.24876593,0.12945487
CAGCAATGTGGACAGT-1,0.16,0.08,0.0,0.0,0.13626164,0.54812956,0.27385896,0.041749895
CAGCAATTCACGATAC-1,0.2,0.08,0.0,0.0,0.0008527173,0.031109706,0.2365204,0.7315172
CAGCACGAGGCTAGCA-1,0.16,0.08,0.0,0.0,0.34456223,0.08523754,0.25709572,0.3131045
CAGCACGCACGAAGAC-1,0.08,0.04,0.0,0.0,0.11105854,0.38871497,0.2426755,0.25755104
CAGCACGCACTGCACG-1,0.16,0.08,0.0,0.0,0.015258402,0.05211787,0.08441396,0.84820974
CAGCACGCATGGGATG-1,0.16,0.08,0.0,0.0,0.9637619,0.02696447,0.005466528,0.0038070767
CAGCACGGTCGCATCG-1,0.16,0.08,0.0,0.0,0.10358335,0.032984436,0.078929365,0.7845028
CAGCACGGTGCACGCT-1,0.12,0.04,0.0,0.0,0.9720705,0.018613618,0.009130241,0.00018551288
CAGCACGGTGTGTACT-1,0.04,0.04,0.0,0.0,0.7461437,0.17889586,0.0723621,0.0025983073
CAGCACGTCAGCTGTA-1,0.16,0.04,0.0,0.0,0.99989927,2.1108304e-05,7.7754834e-05,1.8915472e-06
CAGCACGTCCTCGCAT-1,0.12,0.04,0.0,0.0,0.13287635,0.3616116,0.39672038,0.108791634
CAGCAGCAGACTCCGC-1,0.16,0.04,0.0,0.0,0.032347362,0.6251673,0.1957002,0.14678508
CAGCAGCAGATCACTC-1,0.12,0.04,0.0,0.0,0.047560167,0.4649618,0.44829008,0.039188035
CAGCAGCAGCGAGTAC-1,0.12,0.04,0.0,0.0,0.053255927,0.51027614,0.31563455,0.12083334
CAGCAGCAGCTGACTT-1,0.12,0.04,0.0,0.0,0.067905284,0.6692553,0.14935079,0.11348859
CAGCAGCCAAAGAACT-1,0.12,0.04,0.0,0.0,0.08620811,0.52710867,0.25916353,0.12751961
CAGCAGCGTCCGGTCA-1,0.12,0.04,0.0,0.0,0.1818383,0.10839424,0.4012749,0.3084926
CAGCAGCGTTGCATTG-1,0.16,0.04,0.0,0.0,0.32745275,0.059316825,0.17307499,0.4401554
CAGCAGCTCTGAGATC-1,0.12,0.04,0.0,0.0,0.9699532,0.018182585,0.0113376295,0.0005267102
CAGCCAGAGACGACTG-1,0.16,0.08,0.0,0.0,0.016365362,0.09142167,0.13064209,0.7615709
CAGCCAGAGGGCAATC-1,0.16,0.08,0.0,0.0,0.056484696,0.10571407,0.7996947,0.03810661
CAGCCAGCAGCTTTGA-1,0.16,0.08,0.0,0.0,0.73866934,0.14568858,0.090142265,0.02549976
CAGCCAGGTCTGTGAT-1,0.16,0.08,0.0,0.0,0.9797698,0.007911533,0.011839775,0.00047892705
CAGCCAGGTGCAGTGA-1,0.12,0.04,0.0,0.0,0.23461477,0.5998746,0.07565792,0.08985267
CAGCCAGGTGGGTATG-1,0.16,0.04,0.0,0.0,0.14496218,0.0031670018,0.4381334,0.41373742
CAGCCAGTCTAGAGCT-1,0.12,0.04,0.0,0.0,0.8233361,0.15480527,0.019847851,0.0020107932
CAGCGTGAGAAGGGAT-1,0.16,0.08,0.0,0.0,0.03795568,0.755671,0.11352729,0.09284603
CAGCGTGAGTTGTCGT-1,0.12,0.04,0.0,0.0,0.26426637,0.23727776,0.16052298,0.33793294
CAGCGTGCAGAACTAA-1,0.16,0.04,0.0,0.0,0.11725112,0.14496931,0.26423833,0.4735413
CAGCGTGGTCGACTGC-1,0.16,0.04,0.0,0.0,0.23660496,0.13559529,0.28705075,0.34074903
CAGCGTGGTGTTACAC-1,0.12,0.04,0.0,0.0,0.4009606,0.33618826,0.22014341,0.042707756
CAGCGTGGTTGAGTCT-1,0.16,0.08,0.0,0.0,3.9643353e-08,0.00013547596,0.002930629,0.9969338
CAGCGTGTCACCCATC-1,0.16,0.08,0.0,0.0,0.02043585,0.62537235,0.2611376,0.09305424
CAGCGTGTCTAGTCAG-1,0.2,0.08,0.0,0.0,0.28698266,0.13079804,0.31039694,0.27182233
CAGGCCACAAGAGTAT-1,0.16,0.08,0.0,0.0,0.26638022,0.02524344,0.42105737,0.28731906
CAGGCCACACTTTATC-1,0.12,0.04,0.0,0.0,0.023800805,0.36905986,0.11452424,0.49261513
CAGGCCACAGCAGAAC-1,0.12,0.04,0.0,0.0,5.796539e-09,3.7946505e-05,0.0019699535,0.99799216
CAGGCCAGTCGTCATA-1,0.16,0.08,0.0,0.0,0.045661166,0.22633363,0.68351,0.044495277
CAGGCCAGTGATATAG-1,0.24,0.08,0.0,0.0,0.008617321,0.009412116,0.083321705,0.8986489
CAGGCCAGTGCAATGG-1,0.12,0.04,0.0,0.0,8.81873e-07,0.00038322038,0.0062848497,0.993331
CAGGGCTCAACCGTAT-1,0.16,0.04,0.0,0.0,0.9651622,0.015181301,0.015614675,0.004041783
CAGGGCTCAGCACACC-1,0.16,0.08,0.0,0.0,0.8669288,0.03233476,0.060735114,0.040001314
CAGGGCTGTACCCGAC-1,0.04,0.04,0.0,0.0,0.7718851,0.12943055,0.08284609,0.015838219
CAGGGCTGTGCGTTTA-1,0.12,0.04,0.0,0.0,0.49772662,0.37484327,0.11766551,0.009764683
CAGGGCTTCGGTCACG-1,0.16,0.08,0.0,0.0,0.19484863,0.38845125,0.31700295,0.09969711
CAGGTATAGTCCCTAA-1,0.12,0.04,0.0,0.0,0.13223818,0.5377286,0.2173363,0.11269687
CAGGTATCAGGATCTT-1,0.16,0.04,0.0,0.0,0.056738112,0.46142414,0.45819375,0.023643985
CAGGTATCATACAGAA-1,0.12,0.04,0.0,0.0,0.1782409,0.509726,0.21284221,0.09919089
CAGGTATGTTAATGAG-1,0.16,0.08,0.0,0.0,0.35753995,0.0075177797,0.57555276,0.059389535
CAGGTATTCAACTACG-1,0.12,0.04,0.0,0.0,0.22894016,0.33183086,0.29542175,0.14380728
CAGGTATTCGAGCCAC-1,0.16,0.08,0.0,0.0,0.2158169,0.25705647,0.3839464,0.14318019
CAGGTATTCTAACACG-1,0.12,0.04,0.0,0.0,0.02009493,0.8513603,0.1045371,0.024007658
CAGTGCGAGTTAGTGA-1,0.16,0.08,0.0,0.0,0.9769245,0.014104949,0.008759165,0.00021138263
CAGTGCGCAACCGTAT-1,0.12,0.04,0.0,0.0,0.38092968,0.35389856,0.0999753,0.1651965
CAGTGCGCACAATTCG-1,0.12,0.04,0.0,0.0,0.008644404,0.10237007,0.45405957,0.4349259
CAGTGCGGTCATCCCT-1,0.16,0.04,0.0,0.0,0.07712716,0.65512925,0.10774845,0.15999517
CAGTGCGTCTCTTGCG-1,0.12,0.04,0.0,0.0,0.91229486,0.045211155,0.039744552,0.0027493811
CAGTTAGAGACCTGGA-1,0.16,0.04,0.0,0.0,0.03240738,0.6114964,0.1681976,0.18789864
CAGTTAGAGTATGAAC-1,0.12,0.04,0.0,0.0,0.14748867,0.6640083,0.15241702,0.03608605
CAGTTAGCAACTGTGT-1,0.12,0.04,0.0,0.0,0.6649978,0.12158124,0.20863317,0.0047878516
CAGTTAGGTCGAAACG-1,0.28,0.08,0.0,0.0,0.38610044,0.080549926,0.15769161,0.37565812
CAGTTAGGTGGCATCC-1,0.12,0.04,0.0,0.0,0.0214289,0.74660623,0.18241404,0.049550746
CAGTTAGGTTGGATCT-1,0.16,0.04,0.0,0.0,0.04907872,0.68235856,0.17593853,0.09262413
CAGTTCCAGCCGTTGC-1,0.16,0.04,0.0,0.0,0.0059525613,0.90169775,0.08231553,0.010034138
CAGTTCCAGGATTCCT-1,0.24,0.08,0.0,0.0,0.3654547,0.12540278,0.33627403,0.17286842
CAGTTCCCAACAGCCC-1,0.16,0.04,0.0,0.0,0.30907032,0.3097389,0.10190705,0.27928373
CAGTTCCCACCCTAGG-1,0.12,0.04,0.0,0.0,0.0020844666,0.07360539,0.44949383,0.4748164
CAGTTCCCAGAGGACT-1,0.12,0.04,0.0,0.0,0.7829408,0.13250947,0.034701552,0.049848158
CAGTTCCGTACTAAGA-1,0.16,0.08,0.0,0.0,0.93265927,0.008649886,0.053750433,0.0049403654
CAGTTCCGTGTCGCTG-1,0.12,0.04,0.0,0.0,0.09683122,0.28442228,0.32466704,0.29407954
CAGTTCCGTTTAGACC-1,0.12,0.04,0.0,0.0,0.9486643,0.03512381,0.014983598,0.0012282103
CAGTTCCTCATTCCTA-1,0.2,0.08,0.0,0.0,3.40821e-06,0.001283143,0.022238303,0.9764752
CATAAGCAGCATCAGG-1,0.16,0.08,0.0,0.0,0.36171296,0.41829538,0.1376267,0.082365
CATAAGCAGCTAGATA-1,0.12,0.04,0.0,0.0,0.87283283,0.067635946,0.046966925,0.012564287
CATAAGCCAAGACCGA-1,0.12,0.04,0.0,0.0,0.21993111,0.34726405,0.19437455,0.23843032
CATAAGCCAGCCATTA-1,0.08,0.04,0.0,0.0,0.031468164,0.40113926,0.2086001,0.3587925
CATAAGCCAGGACAGT-1,0.12,0.04,0.0,0.0,0.1430575,0.31717798,0.35695204,0.18281248
CATAAGCCATACCATG-1,0.2,0.08,0.0,0.0,0.3191062,0.08141991,0.4042158,0.19525811
CATAAGCGTAGCGTCC-1,0.2,0.08,0.0,0.0,0.22514823,0.12625556,0.24625178,0.40234447
CATAAGCGTCTACGAT-1,0.04,0.04,0.0,0.0,0.7799508,0.101011686,0.09112342,0.02791416
CATAAGCTCCTTCTAA-1,0.12,0.04,0.0,0.0,0.05513208,0.3837278,0.51301956,0.048120573
CATAAGCTCTGCTGAA-1,0.08,0.04,0.0,0.0,0.88824445,0.072446115,0.035338998,0.003970396
CATACAGAGACGAAGA-1,0.16,0.04,0.0,0.0,0.38035828,0.0391543,0.5608247,0.019662725
CATACAGAGCCTAGGA-1,0.2,0.08,0.0,0.0,0.23014303,0.11059932,0.52285,0.13640767
CATACAGCATCACGGC-1,0.04,0.04,0.0,0.0,0.041231446,0.67777807,0.25461885,0.026371658
CATACAGGTACGACTT-1,0.16,0.04,0.0,0.0,0.22532931,0.123819515,0.5518046,0.099046566
CATACAGGTCGAAACG-1,0.16,0.08,0.0,0.0,0.99501413,0.0026884116,0.002090133,0.00020729548
CATACAGGTGGTATGG-1,0.16,0.04,0.0,0.0,0.31448567,0.5627196,0.0857305,0.0370642
CATACAGTCATCACTT-1,0.16,0.08,0.0,0.0,0.101809695,0.72509444,0.08801478,0.08508111
CATACAGTCTCGCCTA-1,0.16,0.04,0.0,0.0,0.15117536,0.4074028,0.17990571,0.26151612
CATACCCGTTCTTGCC-1,0.16,0.08,0.0,0.0,0.15590693,0.06513389,0.32685274,0.45210645
CATACCCGTTGGTAGG-1,0.16,0.08,0.0,0.0,0.11992786,0.008481654,0.525679,0.3459114
CATACCCTCAGACTGT-1,0.12,0.04,0.0,0.0,0.9092178,0.03126228,0.05353404,0.0059859194
CATACCCTCCGTGTGG-1,0.12,0.04,0.0,0.0,0.030258005,0.22797848,0.61281216,0.12895137
CATACTTAGCAGGCTA-1,0.08,0.04,0.0,0.0,0.14453025,0.2559276,0.41035494,0.18918721
CATACTTCAACGGCCT-1,0.16,0.08,0.0,0.0,3.6221036e-06,0.0010632796,0.014432805,0.9845003
CATACTTCATGACGTT-1,0.16,0.08,0.0,0.0,0.032060925,0.46933094,0.4290336,0.06957455
CATACTTTCAACTGAC-1,0.16,0.08,0.0,0.0,0.06320921,0.05532189,0.23484156,0.64662737
CATACTTTCCTCTGCA-1,0.12,0.04,0.0,0.0,0.012543559,0.10295143,0.15189534,0.7326097
CATAGACAGTCGAAGC-1,0.2,0.08,0.0,0.0,0.3224135,0.28030583,0.18524939,0.21203122
CATAGACCAAACGAGC-1,0.16,0.04,0.0,0.0,0.16197746,0.26521394,0.39625674,0.17655177
CATAGACCACCCTAGG-1,0.12,0.04,0.0,0.0,0.99782664,0.0007253637,0.0013782204,6.971986e-05
CATAGACGTCGTTTCC-1,0.16,0.08,0.0,0.0,0.3401211,0.13279492,0.35724813,0.1698358
CATAGACGTGCGAACA-1,0.12,0.04,0.0,0.0,2.0336864e-05,0.12437529,0.095082,0.78052235
CATCAAGAGGTCACAG-1,0.16,0.08,0.0,0.0,0.2749228,0.082066126,0.4577481,0.185263
CATCAAGAGTCTCCTC-1,0.16,0.08,0.0,0.0,0.2527606,0.16337861,0.40145436,0.18240641
CATCAAGCAATTCGTG-1,0.16,0.04,0.0,0.0,0.19845252,0.17478019,0.44818756,0.17857976
CATCAAGGTCTGTTAG-1,0.16,0.08,0.0,0.0,0.9348122,0.02890121,0.03463224,0.0016544169
CATCAAGGTGAACTAA-1,0.12,0.04,0.0,0.0,0.682311,0.28253123,0.029956963,0.005200752
CATCAAGGTGCAACGA-1,0.16,0.08,0.0,0.0,3.480583e-08,0.0005643774,0.0011660161,0.99826956
CATCAAGGTTCCATTT-1,0.04,0.04,0.0,0.0,0.7220852,0.20187749,0.07059419,0.005443167
CATCAAGTCTGGTGCG-1,0.12,0.04,0.0,0.0,0.79041976,0.16298965,0.03611535,0.0104752695
CATCCACAGTTCCGTA-1,0.16,0.08,0.0,0.0,1.4764148e-05,0.0011193872,0.009326465,0.9895393
CATCCACGTAGCGTCC-1,0.16,0.08,0.0,0.0,0.47021413,0.39997795,0.1145701,0.015237843
CATCCACTCGCGCCAA-1,0.12,0.04,0.0,0.0,0.018766103,0.788998,0.12435468,0.06788119
CATCCCAAGAGATCGC-1,0.16,0.08,0.0,0.0,0.15315701,0.4607383,0.31318477,0.07291987
CATCCCAAGGTTTGAA-1,0.16,0.08,0.0,0.0,0.16560039,0.067316,0.66928136,0.09780226
CATCCCACAGACAAGC-1,0.12,0.04,0.0,0.0,0.19553936,0.28483096,0.29117066,0.22845903
CATCCCAGTCAGCGTC-1,0.16,0.08,0.0,0.0,0.064705275,0.21732868,0.39382464,0.32414135
CATCCCATCAGCCTCT-1,0.16,0.08,0.0,0.0,0.17401125,0.26100832,0.3926563,0.17232412
CATCCCATCTCAACCC-1,0.16,0.04,0.0,0.0,0.9186791,0.027229996,0.05288852,0.0012022874
CATCCGTAGCCGGAAT-1,0.16,0.08,0.0,0.0,0.06389519,0.3658879,0.19692343,0.3732935
CATCCGTAGGTGCATG-1,0.12,0.04,0.0,0.0,0.6255433,0.3341474,0.026129829,0.014179436
CATCCGTCACAAATGA-1,0.12,0.04,0.0,0.0,0.0704861,0.6477307,0.24266088,0.039122324
CATCCGTCACTGGATT-1,0.16,0.08,0.0,0.0,0.05468606,0.051849477,0.19574396,0.69772047
CATCCGTGTCAGCGTC-1,0.12,0.08,0.0,0.0,0.7188176,0.20878163,0.06645337,0.005947343
CATCCGTTCCACGTGG-1,0.12,0.04,0.0,0.0,0.87851036,0.041992098,0.05489425,0.024603345
CATCGCTAGAGAAGGT-1,0.08,0.04,0.0,0.0,0.9967796,0.002467606,0.00071806525,3.4751407e-05
CATCGCTAGGGATCTG-1,0.08,0.04,0.0,0.0,0.003890769,0.059484024,0.08617231,0.8504529
CATCGCTCAAGCAGGT-1,0.12,0.04,0.0,0.0,0.051587343,0.16664895,0.6535775,0.12818615
CATCGCTCAAGTGGAC-1,0.12,0.04,0.0,0.0,0.5666577,0.41232702,0.0175432,0.0034720532
CATCGCTCAGACGCTC-1,0.2,0.08,0.0,0.0,0.24790215,0.3584631,0.15115462,0.24248014
CATCGCTTCATGGAGG-1,0.16,0.08,0.0,0.0,0.031596616,0.16293249,0.21704169,0.5884292
CATCGCTTCGCCACTT-1,0.2,0.08,0.0,0.0,0.01639057,0.011499104,0.930553,0.041557245
CATCGCTTCTCCACTG-1,0.04,0.04,0.0,0.0,0.02947321,0.1916799,0.28167674,0.49717015
CATCGGGAGCTACGTT-1,0.12,0.04,0.0,0.0,0.0949944,0.76852643,0.07630189,0.0601773
CATCGGGAGTCTGGAG-1,0.16,0.08,0.0,0.0,0.26915738,0.37907213,0.27836284,0.07340772
CATCGGGCATCCGATA-1,0.12,0.04,0.0,0.0,0.913841,0.058161654,0.021388378,0.0066089574
CATCGGGCATGTGGTT-1,0.16,0.08,0.0,0.0,0.010261118,0.046334226,0.043776687,0.899628
CATCGGGGTAGGACTG-1,0.16,0.04,0.0,0.0,0.92099184,0.015511353,0.05337599,0.010120871
CATCGGGGTCGCGTTG-1,0.12,0.04,0.0,0.0,0.07513392,0.25794414,0.5174269,0.14949508
CATCGGGGTTACGCCG-1,0.16,0.08,0.0,0.0,0.8362041,0.14311026,0.0073565533,0.013329175
CATCGGGGTTCTCGTC-1,0.16,0.04,0.0,0.0,0.047288183,0.44625804,0.217324,0.2891298
CATCGGGTCACCATAG-1,0.16,0.08,0.0,0.0,0.26774722,0.06317746,0.26573315,0.40334216
CATCGGGTCCATACAG-1,0.16,0.04,0.0,0.0,0.036573637,0.12901306,0.29055417,0.5438592
CATCGGGTCGTGGGAA-1,0.16,0.08,0.0,0.0,0.18174985,0.3581744,0.16913079,0.29094493
CATCGTCCAAACTCTG-1,0.12,0.04,0.0,0.0,0.9942608,0.005207437,0.00051407446,1.7783355e-05
CATCGTCCAAATGGCG-1,0.16,0.08,0.0,0.0,0.11836641,0.4381602,0.33194688,0.111526504
CATCGTCCATCCAATG-1,0.16,0.08,0.0,0.0,0.036049135,0.024714423,0.8643269,0.07490959
CATCGTCCATGTTCGA-1,0.16,0.04,0.0,0.0,0.042796377,0.7670221,0.18148552,0.008696046
CATCGTCTCGTTGTTT-1,0.16,0.08,0.0,0.0,0.13424633,0.47639504,0.13016838,0.25919026
CATGAGTAGCAGCACA-1,0.12,0.04,0.0,0.0,0.54327965,0.13812676,0.23574202,0.08285149
CATGAGTAGGAGGTTC-1,0.16,0.04,0.0,0.0,0.00011730996,0.0046762377,0.028119266,0.96708715
CATGAGTAGTAGGTTA-1,0.12,0.04,0.0,0.0,0.108773366,0.29235676,0.48177132,0.117098615
CATGAGTCACCCTGTT-1,0.12,0.04,0.0,0.0,0.9554428,0.015813971,0.015329443,0.013413747
CATGAGTCACCTGCAG-1,0.16,0.08,0.0,0.0,0.026736932,0.84135306,0.070768684,0.0611413
CATGAGTGTACTCCGG-1,0.16,0.08,0.0,0.0,0.01832189,0.58539903,0.3471801,0.04909895
CATGAGTGTTAGAAAC-1,0.16,0.08,0.0,0.0,0.090791956,0.35682723,0.48627925,0.0661016
CATGAGTTCACTCGAA-1,0.12,0.04,0.0,0.0,0.9124068,0.069887936,0.01611626,0.001589003
CATGAGTTCCGATGTA-1,0.16,0.04,0.0,0.0,0.09130722,0.22977062,0.56570137,0.11322082
CATGAGTTCTACAGGT-1,0.16,0.04,0.0,0.0,0.11340299,0.35791758,0.4366,0.092079364
CATGCAACACGCCAGT-1,0.16,0.04,0.0,0.0,0.2783782,0.46352237,0.21362573,0.044473745
CATGCAACAGCACGAA-1,0.12,0.04,0.0,0.0,0.17486309,0.5916194,0.18166684,0.05185078
CATGCAAGTGGGTATG-1,0.16,0.08,0.0,0.0,0.21937852,0.34698758,0.2794271,0.15420681
CATGCAATCTCTCTAA-1,0.16,0.04,0.0,0.0,0.99900264,0.00041934254,0.0005768193,1.1760667e-06
CATGCCTAGACGGTCA-1,0.16,0.08,0.0,0.0,0.035633523,0.5178522,0.1567349,0.2897794
CATGCCTAGCACCTGC-1,0.04,0.04,0.0,0.0,0.048535764,0.5984074,0.25160903,0.10144788
CATGCCTAGCGTTACT-1,0.04,0.04,0.0,0.0,0.0025917857,0.036982723,0.11587893,0.84454656
CATGCCTAGGGTAGCT-1,0.2,0.08,0.0,0.0,0.13739523,0.03299434,0.72596496,0.10364545
CATGCCTCACACAGAG-1,0.12,0.04,0.0,0.0,0.6539663,0.27555075,0.060817257,0.00966575
CATGCCTCACACGCCA-1,0.16,0.08,0.0,0.0,0.06709966,0.73720974,0.14705895,0.048631597
CATGCCTCACCATTCC-1,0.16,0.04,0.0,0.0,0.42820397,0.25898686,0.08858812,0.22422108
CATGCCTCACCCTGAG-1,0.16,0.04,0.0,0.0,0.3502402,0.56508595,0.071149915,0.013523945
CATGCCTCACGACAGA-1,0.16,0.08,0.0,0.0,0.00013695304,0.01037811,0.06151238,0.9279725
CATGCCTCATGAAAGT-1,0.16,0.08,0.0,0.0,0.29730377,0.11933199,0.43386292,0.14950125
CATGCCTGTAGACGGT-1,0.12,0.04,0.0,0.0,0.96389484,0.007794785,0.026502881,0.0018074941
CATGCCTTCTCTCCGA-1,0.16,0.04,0.0,0.0,0.07296219,0.065903425,0.34469426,0.51644015
CATGCGGCACGTCTCT-1,0.16,0.08,0.0,0.0,0.41550124,0.06605242,0.43011704,0.08832928
CATGCGGCATGATAGA-1,0.04,0.04,0.0,0.0,0.038065277,0.5328797,0.2670931,0.16196188
CATGCGGGTCTAGATC-1,0.16,0.04,0.0,0.0,0.45113853,0.25175637,0.2300027,0.067102395
CATGCGGTCGGTCAGC-1,0.12,0.04,0.0,0.0,0.9856147,0.00514921,0.007614159,0.0016220155
CATGCGGTCTAGACCA-1,0.12,0.04,0.0,0.0,0.9353611,0.028140813,0.024727209,0.011770932
CATGCTCAGGACGGAG-1,0.12,0.04,0.0,0.0,1.5636441e-06,0.000947801,0.007180263,0.9918704
CATGCTCCAGACAAGC-1,0.16,0.04,0.0,0.0,0.05284186,0.78310037,0.06977025,0.094287604
CATGCTCCAGGACAGT-1,0.16,0.04,0.0,0.0,0.058233988,0.5706487,0.34279343,0.02832379
CATGCTCCATGTCTAG-1,0.08,0.04,0.0,0.0,0.966705,0.020669525,0.011867111,0.0007584452
CATGCTCGTCCCAAAT-1,0.16,0.04,0.0,0.0,0.9763017,0.019621594,0.003991368,8.5292864e-05
CATGCTCGTGCATCTA-1,0.12,0.04,0.0,0.0,0.10822088,0.5579729,0.22024228,0.11356391
CATGCTCGTTCAAAGA-1,0.2,0.08,0.0,0.0,0.25198185,0.13184315,0.23232882,0.3838462
CATGCTCTCTTCCAGC-1,0.16,0.04,0.0,0.0,0.20923354,0.28610724,0.24364215,0.26101708
CATGGATAGCAGTAAT-1,0.12,0.04,0.0,0.0,0.9829679,0.008956056,0.007717596,0.0003583121
CATGGATAGCTCATAC-1,0.16,0.08,0.0,0.0,0.9945352,0.0037568226,0.0016873648,2.06093e-05
CATGGATTCCGTGGCA-1,0.16,0.08,0.0,0.0,0.14002591,0.08141718,0.32377636,0.45478058
CATGGATTCGACATCA-1,0.16,0.08,0.0,0.0,0.018140687,0.8931278,0.051703136,0.037028447
CATGGATTCGTTGTGA-1,0.16,0.08,0.0,0.0,0.20141481,0.22399798,0.22999874,0.34458846
CATGGTAAGAGTGTGC-1,0.12,0.04,0.0,0.0,0.14585452,0.07960776,0.5993726,0.17516513
CATGGTAAGATGCGAC-1,0.16,0.08,0.0,0.0,0.6653355,0.24662304,0.057078782,0.03096271
CATGGTAAGTACCATC-1,0.16,0.08,0.0,0.0,0.102639996,0.5810378,0.28226295,0.03405924
CATGGTACACTCCCTA-1,0.16,0.04,0.0,0.0,0.98960936,0.00073576486,0.008795491,0.0008592641
CATGGTACAGAACTTC-1,0.12,0.04,0.0,0.0,0.6288982,0.33027253,0.03315622,0.0076730386
CATGGTACAGGTATGG-1,0.16,0.08,0.0,0.0,0.11026193,0.44814286,0.39484933,0.04674591
CATGGTAGTTAGTCGT-1,0.2,0.08,0.0,0.0,0.9430803,0.04091358,0.008854267,0.0071518114
CATGGTATCTAATTCC-1,0.16,0.08,0.0,0.0,0.2572716,0.11601785,0.50378907,0.1229215
CATTCATAGCGATGGT-1,0.16,0.08,0.0,0.0,1.9634429e-07,0.00019918622,0.017933927,0.9818667
CATTCATCAAGGCGTA-1,0.16,0.08,0.0,0.0,0.34095284,0.09354267,0.35120457,0.21429998
CATTCATCAAGTTCCA-1,0.12,0.04,0.0,0.0,0.21375553,0.3073683,0.36705083,0.111825414
CATTCCGAGATAACAC-1,0.12,0.04,0.0,0.0,0.99236333,0.0025016007,0.0050277743,0.00010733884
CATTCCGCAACACGTT-1,0.16,0.04,0.0,0.0,0.9103021,0.07162562,0.0159371,0.0021351215
CATTCCGCAATGGCCC-1,0.16,0.08,0.0,0.0,1.1223743e-06,0.0009060054,0.013339782,0.9857531
CATTCCGCAGGAAGTC-1,0.16,0.04,0.0,0.0,0.9999672,1.651642e-05,1.6092867e-05,1.3831001e-07
CATTCCGGTTGCTGAT-1,0.12,0.04,0.0,0.0,2.226888e-06,0.00072253944,0.025600111,0.9736751
CATTCTAAGCAACTTC-1,0.12,0.04,0.0,0.0,0.8165618,0.09778696,0.07580887,0.009842327
CATTCTACAAACTCTG-1,0.12,0.04,0.0,0.0,0.8953052,0.017895289,0.08581448,0.000984994
CATTCTACAACAGAGC-1,0.12,0.04,0.0,0.0,0.80393505,0.09153556,0.09885871,0.00567067
CATTCTACAAGATGGC-1,0.04,0.12,0.0,0.0,4.1592207e-07,0.0029208679,0.0212147,0.975864
CATTCTACACAATGTC-1,0.04,0.04,0.0,0.0,0.6962238,0.19615293,0.0921814,0.015441884
CATTCTACACACTGGC-1,0.16,0.08,0.0,0.0,0.999949,2.4394372e-05,2.6411215e-05,6.514816e-08
CATTCTACACGCTGTG-1,0.12,0.04,0.0,0.0,0.80637765,0.17284022,0.01871427,0.0020679215
CATTCTACAGATACTC-1,0.16,0.08,0.0,0.0,0.33099994,0.013689963,0.32377988,0.33153024
CATTGAGAGCAGTACG-1,0.16,0.08,0.0,0.0,0.24274798,0.19499132,0.33231398,0.22994678
CATTGAGAGTACAGAT-1,0.16,0.08,0.0,0.0,0.25086075,0.24536696,0.11749872,0.38627353
CATTGAGCAAGTCGTT-1,0.16,0.08,0.0,0.0,0.08036938,0.0112386,0.82362473,0.0847673
CATTGAGGTAACTAAG-1,0.12,0.04,0.0,0.0,0.013107476,0.032142058,0.12426747,0.83048296
CATTGAGGTACAGAGC-1,0.12,0.04,0.0,0.0,0.98686385,0.0039350535,0.008527949,0.00067312055
CATTGAGGTAGATCCT-1,0.2,0.08,0.0,0.0,0.38382107,0.13937378,0.3672395,0.10956566
CATTGAGGTATGCAAA-1,0.12,0.04,0.0,0.0,0.15419032,0.5666958,0.13411905,0.14499477
CATTGAGGTCTACGAT-1,0.16,0.08,0.0,0.0,0.2118898,0.30525276,0.14316109,0.33969638
CATTGAGGTGTGGACA-1,0.16,0.08,0.0,0.0,0.083964474,0.62798965,0.18981245,0.09823347
CATTGAGTCCAAGCCG-1,0.16,0.04,0.0,0.0,0.0025502732,0.2975709,0.34818035,0.3516985
CATTGCCAGGCTTAAA-1,0.12,0.04,0.0,0.0,0.002865257,0.113462694,0.13812903,0.745543
CATTGCCAGGGCCCTT-1,0.16,0.08,0.0,0.0,7.6174516e-08,0.0004326053,0.0013406614,0.9982267
CATTGCCCAGTTCACA-1,0.12,0.04,0.0,0.0,0.16733037,0.18131605,0.5250828,0.12627074
CATTGCCGTCGTCATA-1,0.12,0.04,0.0,0.0,3.762692e-05,0.029255934,0.026168287,0.9445382
CATTGCCGTCTAGATC-1,0.16,0.04,0.0,0.0,0.95707005,0.025056217,0.017735992,0.00013773923
CATTGCCTCCTTGAAG-1,0.16,0.08,0.0,0.0,0.20221522,0.34529495,0.34462997,0.107859895
CATTGTTAGAAGCGGG-1,0.16,0.04,0.0,0.0,0.12814957,0.51548994,0.21666332,0.13969724
CATTGTTAGGGCCCTT-1,0.12,0.04,0.0,0.0,0.9647928,0.025744878,0.009007985,0.00045434062
CATTGTTAGTTGGAAT-1,0.12,0.04,0.0,0.0,0.98163396,0.015595425,0.002463181,0.00030741733
CATTGTTCACATAACC-1,0.08,0.04,0.0,0.0,0.14192273,0.4104954,0.23761527,0.20996656
CATTGTTCACCTGCTT-1,0.12,0.04,0.0,0.0,0.70078397,0.14515756,0.14960964,0.004448837
CATTGTTCACGGCTAC-1,0.12,0.04,0.0,0.0,0.3181208,0.2368512,0.17513472,0.26989326
CATTGTTCAGACCTAT-1,0.16,0.08,0.0,0.0,0.32927647,0.08643351,0.25486434,0.32942563
CATTGTTCATAGAATG-1,0.16,0.08,0.0,0.0,0.24731767,0.0070063095,0.390374,0.355302
CATTGTTGTTATGTGC-1,0.2,0.08,0.0,0.0,0.26783878,0.121447206,0.41804847,0.19266556
CATTGTTGTTGTAGCT-1,0.2,0.08,0.0,0.0,0.22923848,0.032354336,0.64268965,0.09571755
CATTTCAAGCCGAACA-1,0.16,0.04,0.0,0.0,0.0071411137,0.32178062,0.09925609,0.57182217
CATTTCACAAACACGG-1,0.2,0.08,0.0,0.0,0.98068607,0.006787599,0.010135938,0.0023903914
CATTTCACAGCACACC-1,0.12,0.04,0.0,0.0,0.6517085,0.28312653,0.04719707,0.017967882
CATTTCAGTCCTACAA-1,0.16,0.04,0.0,0.0,0.06679688,0.088194355,0.64646584,0.19854291
CATTTCAGTCGTACAT-1,0.16,0.04,0.0,0.0,0.805595,0.16334435,0.030339446,0.00072126026
CATTTCAGTCTTGCTC-1,0.16,0.08,0.0,0.0,0.026340961,0.11130863,0.62146306,0.24088734
CCAAGCGAGATGATTG-1,0.2,0.08,0.0,0.0,0.10054772,0.28198472,0.19593032,0.42153725
CCAAGCGCACTTGAAC-1,0.12,0.04,0.0,0.0,0.13489507,0.47542515,0.112424865,0.27725494
CCAAGCGCAGAACTTC-1,0.12,0.04,0.0,0.0,0.01030096,0.34661165,0.4850472,0.15804024
CCAAGCGGTTCTGAGT-1,0.12,0.04,0.0,0.0,0.00016787346,0.042298216,0.15333918,0.8041947
CCAAGCGTCCTCTCTT-1,0.12,0.04,0.0,0.0,0.048856657,0.31703618,0.49820203,0.13590506
CCAAGCGTCTCAACGA-1,0.04,0.04,0.0,0.0,0.890933,0.04173868,0.065377615,0.0019507507
CCAAGCGTCTCTAAGG-1,0.16,0.04,0.0,0.0,0.105034426,0.5940726,0.21237011,0.088522874
CCAATGAAGCCTAACT-1,0.08,0.04,0.0,0.0,0.10805871,0.06747711,0.52694046,0.29752368
CCAATGAAGTCACTCA-1,0.12,0.04,0.0,0.0,0.09457844,0.044303086,0.73401356,0.1271049
CCAATGACAATACCTG-1,0.12,0.04,0.0,0.0,0.07524517,0.17008817,0.71238524,0.042281453
CCAATGACACCCTTGT-1,0.12,0.04,0.0,0.0,0.059029736,0.339054,0.38357273,0.21834351
CCAATGACAGCCTACG-1,0.16,0.04,0.0,0.0,0.9771639,0.012815828,0.009219532,0.00080084184
CCAATGACAGGTCTCG-1,0.16,0.04,0.0,0.0,0.00019781924,0.1364625,0.06388169,0.79945797
CCAATGAGTCTTCGAA-1,0.12,0.04,0.0,0.0,2.4894675e-06,0.002557828,0.0092213815,0.98821837
CCAATGAGTGCAATAA-1,0.16,0.08,0.0,0.0,6.417397e-08,0.0010743011,0.004058129,0.99486744
CCAATGAGTGGAACCA-1,0.12,0.04,0.0,0.0,0.490627,0.21985875,0.24450222,0.045011953
CCAATTTAGCTCCACG-1,0.12,0.04,0.0,0.0,0.0918728,0.12080445,0.31214413,0.4751786
CCAATTTAGGGCCTCT-1,0.2,0.08,0.0,0.0,0.5320267,0.050208934,0.25444028,0.16332406
CCAATTTCAATAGAGT-1,0.12,0.04,0.0,0.0,0.066573285,0.75644034,0.123056985,0.053929385
CCAATTTCAATTTCGG-1,0.12,0.04,0.0,0.0,0.00063510664,0.20475578,0.13611795,0.6584912
CCAATTTCATAGAGGC-1,0.12,0.04,0.0,0.0,0.019712625,0.38838586,0.26432464,0.3275769
CCAATTTTCACGGGAA-1,0.16,0.08,0.0,0.0,0.36928874,0.12210468,0.31136125,0.19724533
CCAATTTTCTCGACCT-1,0.16,0.08,0.0,0.0,0.40306363,0.381371,0.10062323,0.11494217
CCACAAAAGCCTCGTG-1,0.16,0.04,0.0,0.0,0.10991946,0.5688356,0.22326861,0.09797632
CCACAAACAAACGGCA-1,0.12,0.04,0.0,0.0,0.0371852,0.25764343,0.47173655,0.2334349
CCACAAACAAGGAGTC-1,0.2,0.08,0.0,0.0,0.3449175,0.34273037,0.25173476,0.06061734
CCACAAACAATTGTGC-1,0.12,0.04,0.0,0.0,0.057956524,0.7755656,0.09347671,0.0730012
CCACAAAGTATGAGCG-1,0.16,0.08,0.0,0.0,0.23566306,0.273265,0.14959396,0.3414779
CCACACTAGAGCTGAC-1,0.16,0.04,0.0,0.0,0.29306492,0.2195768,0.2332036,0.25415462
CCACACTAGAGTGGCT-1,0.16,0.08,0.0,0.0,0.12321379,0.29459807,0.49465606,0.08753209
CCACACTAGCCGCACT-1,0.16,0.08,0.0,0.0,0.00019015335,0.033553272,0.027117835,0.93913877
CCACACTAGCTTCTAG-1,0.16,0.08,0.0,0.0,0.0056721386,0.023265008,0.95564806,0.015414819
CCACACTAGGTCACTT-1,0.08,0.04,0.0,0.0,5.2749755e-07,0.0018344383,0.010252329,0.9879127
CCACACTCAGAGATTA-1,0.16,0.04,0.0,0.0,0.38750342,0.29405352,0.23420615,0.08423692
CCACACTCAGTGGGTA-1,0.12,0.04,0.0,0.0,0.025111344,0.17933168,0.1798627,0.6156943
CCACACTCATGCGTGC-1,0.16,0.08,0.0,0.0,0.32757843,0.112962686,0.31777623,0.24168262
CCACACTGTCCTGTTC-1,0.16,0.04,0.0,0.0,0.32771364,0.11521964,0.16107513,0.3959915
CCACACTGTGACCGTC-1,0.16,0.04,0.0,0.0,0.8412739,0.018870102,0.13928473,0.0005711901
CCACACTTCCCTGTTG-1,0.16,0.08,0.0,0.0,0.08040353,0.4703531,0.37468734,0.074555986
CCACCATCACCCTTAC-1,0.12,0.04,0.0,0.0,0.053005353,0.6246005,0.10716722,0.21522689
CCACCATCACTGGCGT-1,0.12,0.04,0.0,0.0,0.061180107,0.420653,0.3572013,0.16096559
CCACCATCAGCAGAAC-1,0.12,0.04,0.0,0.0,0.083841346,0.3721527,0.42610368,0.117902294
CCACCATCATCCAACA-1,0.12,0.04,0.0,0.0,0.07913915,0.5601744,0.33479938,0.025887074
CCACCATCATTCTCTA-1,0.16,0.04,0.0,0.0,0.24903946,0.17150582,0.23412387,0.3453309
CCACCATGTGCCTTCT-1,0.16,0.08,0.0,0.0,0.96781445,0.008528301,0.020514173,0.0031431299
CCACCATGTGGTCCCA-1,0.12,0.04,0.0,0.0,0.05452965,0.42165244,0.29674178,0.2270762
CCACCATGTGGTCTTA-1,0.12,0.04,0.0,0.0,0.13284887,0.28712246,0.17684817,0.40318045
CCACCATGTGTCACAT-1,0.12,0.04,0.0,0.0,0.23741072,0.5430013,0.12043685,0.09915113
CCACCATGTGTGAATA-1,0.16,0.08,0.0,0.0,0.19695263,0.19413705,0.37549374,0.2334166
CCACCATTCAACCGAT-1,0.16,0.08,0.0,0.0,1.5912896e-05,0.0041010184,0.019431619,0.9764514
CCACCATTCTACGGTA-1,0.16,0.08,0.0,0.0,0.9968438,0.0003378672,0.0022719712,0.00054641644
CCACCATTCTAGTCAG-1,0.16,0.08,0.0,0.0,0.99886715,0.00028068497,0.0008386381,1.3548782e-05
CCACCATTCTCTGCTG-1,0.16,0.04,0.0,0.0,0.99996126,1.833049e-05,2.0283616e-05,8.116553e-08
CCACGAGAGAATAACC-1,0.12,0.04,0.0,0.0,0.040668096,0.5742397,0.29185256,0.0932397
CCACGAGAGATGCCGA-1,0.16,0.08,0.0,0.0,0.03735217,0.30522975,0.58609164,0.0713264
CCACGAGCACGTTCGG-1,0.12,0.04,0.0,0.0,0.0863216,0.39711645,0.3856013,0.13096064
CCACGAGCAGGCCTGT-1,0.16,0.08,0.0,0.0,0.23065156,0.13596408,0.4350991,0.19828525
CCACGAGGTGCAGTGA-1,0.16,0.08,0.0,0.0,0.16054738,0.29879206,0.16048841,0.38017207
CCACGAGGTGTCTCCT-1,0.16,0.04,0.0,0.0,0.16298327,0.23451528,0.26557067,0.33693075
CCACGAGGTTAGTTCG-1,0.16,0.08,0.0,0.0,0.110427156,0.22456852,0.60217017,0.06283413
CCACGAGTCAAACGTC-1,0.12,0.04,0.0,0.0,0.059239764,0.8213189,0.07958404,0.039857272
CCACGAGTCTTCGGAA-1,0.16,0.08,0.0,0.0,0.14782265,0.49314833,0.26197872,0.09705027
CCACGAGTCTTCTGTA-1,0.16,0.04,0.0,0.0,0.68501866,0.040303074,0.047092076,0.2275862
CCACGTTAGCTGTTAC-1,0.12,0.04,0.0,0.0,2.9918187e-06,0.002595415,0.012685249,0.9847164
CCACGTTCACCCTTAC-1,0.12,0.04,0.0,0.0,0.9611148,0.01843586,0.018389631,0.0020596713
CCACGTTCAGCTTCCT-1,0.12,0.04,0.0,0.0,0.00885694,0.8335645,0.090614624,0.06696397
CCACGTTGTTGCATTG-1,0.12,0.04,0.0,0.0,0.22844829,0.2742686,0.4329071,0.064375974
CCACGTTTCATGCTAG-1,0.12,0.04,0.0,0.0,0.8942857,0.04682773,0.05457925,0.004307369
CCACGTTTCCTTCGAC-1,0.16,0.08,0.0,0.0,0.9936668,0.0026658997,0.003656901,1.0341425e-05
CCACTTGAGACATAAC-1,0.16,0.08,0.0,0.0,1.1135203e-08,0.00013203008,0.002030456,0.9978375
CCACTTGAGTTTGAGA-1,0.16,0.08,0.0,0.0,0.14576742,0.39817858,0.33512118,0.12093284
CCACTTGGTACTCGCG-1,0.16,0.08,0.0,0.0,0.2666556,0.24264216,0.3550821,0.13562009
CCACTTGTCATGAGTC-1,0.12,0.04,0.0,0.0,0.21908654,0.2505891,0.22182955,0.30849478
CCACTTGTCCTAGCCT-1,0.12,0.04,0.0,0.0,0.040755354,0.6542762,0.18533456,0.11963385
CCACTTGTCGTAGCCG-1,0.12,0.04,0.0,0.0,0.4571763,0.24590167,0.22802177,0.068900205
CCATAAGAGTGAGTGC-1,0.16,0.08,0.0,0.0,0.111268155,0.36073306,0.3661098,0.16188893
CCATAAGCAAGAGATT-1,0.12,0.04,0.0,0.0,0.04815634,0.3957016,0.23283538,0.32330668
CCATAAGCACAGCCAC-1,0.12,0.04,0.0,0.0,0.9492637,0.029860778,0.009436098,0.011439412
CCATAAGCACTAGAGG-1,0.16,0.04,0.0,0.0,0.938968,0.044465944,0.0150232725,0.0015428192
CCATAAGGTATACCTG-1,0.16,0.04,0.0,0.0,0.030883038,0.3801467,0.55558217,0.033388093
CCATAAGTCATGCTAG-1,0.12,0.04,0.0,0.0,0.021523457,0.50427115,0.122930646,0.35127482
CCATAAGTCCAATCTT-1,0.16,0.04,0.0,0.0,0.046650603,0.36137995,0.548862,0.043107465
CCATCACAGAAACACT-1,0.12,0.04,0.0,0.0,0.21478635,0.21097572,0.23114589,0.34309205
CCATCACAGCGCCTAC-1,0.16,0.04,0.0,0.0,0.057289988,0.20361723,0.6504197,0.08867313
CCATCACAGTCGCTAT-1,0.16,0.08,0.0,0.0,0.38149756,0.04815462,0.24764206,0.3227058
CCATCACCATCATCTT-1,0.16,0.04,0.0,0.0,0.15598561,0.4148282,0.3036843,0.1255019
CCATCACGTACGACTT-1,0.16,0.08,0.0,0.0,0.2437149,0.022763748,0.2891752,0.44434613
CCATCACGTAGGATAT-1,0.16,0.08,0.0,0.0,0.07963405,0.19893979,0.29726675,0.42415935
CCATCACGTGCGTGCT-1,0.16,0.04,0.0,0.0,0.123180084,0.7730783,0.08545744,0.018284125
CCATCACTCACTTGGA-1,0.12,0.04,0.0,0.0,0.04875394,0.6623211,0.16297293,0.12595195
CCATCACTCCTGTAGA-1,0.16,0.04,0.0,0.0,0.055904914,0.11238097,0.3419984,0.48971573
CCCAACTAGACATCAA-1,0.16,0.04,0.0,0.0,0.020521577,0.22684018,0.1399178,0.61272043
CCCAACTAGCGCCGTT-1,0.12,0.04,0.0,0.0,0.078786485,0.21777743,0.18988816,0.5135479
CCCAACTAGTCATAGA-1,0.12,0.04,0.0,0.0,0.74590707,0.09928418,0.14442737,0.010381429
CCCAACTTCACTACTT-1,0.16,0.08,0.0,0.0,2.5876323e-06,0.0002994615,0.0065885177,0.99310946
CCCAACTTCAGGTAAA-1,0.12,0.04,0.0,0.0,1.217407e-05,0.010774835,0.07768613,0.9115268
CCCAACTTCCAGCACG-1,0.12,0.04,0.0,0.0,0.9972308,0.0021393602,0.00061707455,1.2684183e-05
CCCATTGAGACTCGAG-1,0.16,0.04,0.0,0.0,0.045413498,0.83887684,0.099592604,0.016117152
CCCATTGAGTAACGTA-1,0.16,0.08,0.0,0.0,0.8339949,0.049214724,0.08046206,0.036328282
CCCATTGTCCTACCGT-1,0.12,0.08,0.0,0.0,0.10298429,0.32672358,0.45128697,0.11900516
CCCGAAGCAGTTTCAG-1,0.16,0.08,0.0,0.0,9.6573116e-05,0.06715847,0.10406486,0.82868016
CCCGAAGGTGGCCCAT-1,0.16,0.04,0.0,0.0,1.5527681e-09,0.00018561207,0.0004059905,0.99940836
CCCGAAGGTGGCTACC-1,0.12,0.04,0.0,0.0,0.16843957,0.05397683,0.5427802,0.23480338
CCCGAAGGTGGTAACG-1,0.12,0.04,0.0,0.0,0.0067934366,0.08315951,0.12733273,0.78271437
CCCGGAAGTCACAGAG-1,0.12,0.04,0.0,0.0,0.049868524,0.053212825,0.15210195,0.7448167
CCCGGAAGTCCCACGA-1,0.16,0.08,0.0,0.0,0.24519427,0.21403551,0.13036773,0.41040254
CCCGGAATCGAGTCTA-1,0.16,0.04,0.0,0.0,3.2120306e-07,0.0014354968,0.0036547307,0.99490947
CCCGGAATCTGACCCT-1,0.16,0.04,0.0,0.0,0.11691724,0.16555166,0.5431068,0.17442435
CCCTAACAGGCACCAA-1,0.16,0.08,0.0,0.0,0.010341033,0.873658,0.085860595,0.030140322
CCCTAACCACACACGC-1,0.12,0.04,0.0,0.0,0.9033414,0.07182047,0.024221912,0.0006163011
CCCTAACGTCCCGCAA-1,0.12,0.04,0.0,0.0,0.035855908,0.64982045,0.20636725,0.107956395
CCCTAACGTTCTCGTC-1,0.16,0.08,0.0,0.0,0.25192383,0.043207522,0.45802274,0.24684595
CCCTAACTCGTGGCGT-1,0.12,0.04,0.0,0.0,0.83595335,0.07324283,0.06617,0.024633797
CCCTAACTCTCGACCT-1,0.16,0.04,0.0,0.0,0.034498796,0.29200634,0.5405095,0.13298528
CCCTAACTCTTCACAT-1,0.16,0.04,0.0,0.0,0.11017614,0.3454575,0.4061073,0.13825907
CCCTCAAAGCCTCACG-1,0.16,0.04,0.0,0.0,0.70818865,0.23256387,0.055689804,0.003557663
CCCTCAACAATCGCAT-1,0.16,0.08,0.0,0.0,0.11361841,0.41880295,0.41432303,0.053255614
CCCTCAACACCAGGTC-1,0.16,0.08,0.0,0.0,8.0251135e-07,0.00040831784,0.01699215,0.98259866
CCCTCAACAGTCAACT-1,0.16,0.08,0.0,0.0,0.34483206,0.12677631,0.31208587,0.21630576
CCCTCAACATCTGGGC-1,0.16,0.04,0.0,0.0,0.01788096,0.05811602,0.07625693,0.84774613
CCCTCAAGTAGCGTTT-1,0.16,0.04,0.0,0.0,0.15196443,0.50983477,0.262151,0.07604986
CCCTCAAGTCTACAGT-1,0.16,0.08,0.0,0.0,0.3732135,0.20059977,0.16922554,0.25696117
CCCTCAAGTCTTGTCC-1,0.24,0.08,0.0,0.0,0.7284958,0.111098856,0.11325964,0.04714568
CCCTCAAGTGACCGAA-1,0.12,0.04,0.0,0.0,0.35332686,0.3103153,0.09254491,0.2438129
CCCTCAAGTTCGGCTG-1,0.16,0.04,0.0,0.0,0.19875205,0.22175744,0.32178342,0.25770712
CCCTCAATCCAAGCAT-1,0.08,0.04,0.0,0.0,0.44005245,0.40887845,0.13607661,0.0149924755
CCCTCAATCCCAGTGG-1,0.16,0.08,0.0,0.0,0.18113649,0.4070932,0.17326492,0.23850545
CCCTCAATCGCCAATA-1,0.24,0.08,0.0,0.0,0.41497502,0.09119025,0.25753984,0.23629494
CCCTCTCAGATTAGCA-1,0.16,0.08,0.0,0.0,0.20467055,0.33591905,0.20946637,0.24994403
CCCTCTCAGTCGCCCA-1,0.16,0.04,0.0,0.0,0.32372078,0.057060033,0.5442703,0.074948885
CCCTCTCCAGTTCTAG-1,0.04,0.08,0.0,0.0,0.010558918,0.46955317,0.39681563,0.12307221
CCCTCTCGTTAACCTG-1,0.16,0.08,0.0,0.0,0.20542629,0.23572192,0.25646386,0.3023879
CCCTCTCGTTCTCCAC-1,0.16,0.08,0.0,0.0,0.10428493,0.5917421,0.2732745,0.030698437
CCCTCTCTCACACCGG-1,0.08,0.04,0.0,0.0,0.008939913,0.91908616,0.04667757,0.025296321
CCCTGATAGACGCAGT-1,0.16,0.08,0.0,0.0,0.07114034,0.21375553,0.13628031,0.5788238
CCCTGATAGATCACTC-1,0.12,0.04,0.0,0.0,0.30645657,0.45821056,0.20892452,0.026408311
CCCTGATAGCGAGGAG-1,0.16,0.08,0.0,0.0,0.10615083,0.18664189,0.62944126,0.07776603
CCCTGATAGCGCCCAT-1,0.12,0.04,0.0,0.0,0.00028187453,0.05627221,0.15585251,0.78759336
CCCTGATAGTCACTAC-1,0.16,0.04,0.0,0.0,0.06206138,0.19157398,0.65860116,0.08776346
CCCTGATGTCACCGAC-1,0.12,0.04,0.0,0.0,0.039665073,0.37184808,0.38662314,0.2018638
CCCTGATGTGATACAA-1,0.16,0.08,0.0,0.0,0.30201024,0.07888747,0.31301975,0.30608252
CCCTGATGTTAACCTG-1,0.12,0.04,0.0,0.0,0.2234222,0.36763853,0.2934621,0.11547716
CCCTGATGTTGTGCCG-1,0.12,0.04,0.0,0.0,0.2418227,0.3725164,0.34318385,0.04247705
CCCTGATTCGGTATGT-1,0.16,0.04,0.0,0.0,0.8692945,0.0634325,0.062362835,0.0049101906
CCCTGATTCGTTCTCG-1,0.16,0.04,0.0,0.0,0.0019315964,0.7567809,0.07653867,0.16474877
CCCTGATTCTAACGCA-1,0.12,0.04,0.0,0.0,0.11408608,0.565072,0.22353068,0.09731125
CCCTTAGAGCAGGCAT-1,0.08,0.04,0.0,0.0,0.39632988,0.3677825,0.16443133,0.07145628
CCCTTAGAGTGACCTT-1,0.16,0.08,0.0,0.0,0.14517808,0.3905789,0.3813212,0.082921915
CCCTTAGCACAAGGTG-1,0.24,0.08,0.0,0.0,0.124720395,0.09490436,0.46832243,0.31205288
CCCTTAGCACCGGAAA-1,0.16,0.04,0.0,0.0,0.025529174,0.8790384,0.035494987,0.05993749
CCGAACGAGCATGGGT-1,0.16,0.08,0.0,0.0,0.14216101,0.08806369,0.6111888,0.15858643
CCGAACGCAATAGTCC-1,0.16,0.08,0.0,0.0,0.035973184,0.062284037,0.33752513,0.5642176
CCGAACGCACTTACAG-1,0.12,0.04,0.0,0.0,1.1893025e-06,0.009149101,0.0243176,0.9665322
CCGAACGCATCATGAC-1,0.12,0.04,0.0,0.0,0.40326065,0.3811978,0.18026787,0.035273597
CCGAACGGTGCCGTAC-1,0.04,0.12,0.0,0.0,0.46886563,0.2977775,0.19072714,0.04262973
CCGATCTGTACAACGG-1,0.12,0.04,0.0,0.0,0.22393423,0.08866427,0.6553753,0.03202612
CCGATCTGTCGACTTA-1,0.04,0.04,0.0,0.0,0.0014505596,0.24841209,0.30173787,0.44839948
CCGATCTGTTTCTTAC-1,0.16,0.04,0.0,0.0,0.19284908,0.47673944,0.1961526,0.13425893
CCGATCTTCCTGCCAT-1,0.08,0.04,0.0,0.0,0.22009437,0.45738754,0.26927757,0.053240605
CCGATCTTCTGTGCAA-1,0.12,0.04,0.0,0.0,0.013416369,0.89990187,0.05747036,0.029211398
CCGATGGAGGGATGTC-1,0.12,0.04,0.0,0.0,0.15700953,0.45946622,0.084497,0.29902726
CCGATGGAGTGCGACA-1,0.16,0.04,0.0,0.0,0.061092522,0.27320808,0.45250636,0.21319309
CCGATGGAGTTTGAGA-1,0.04,0.04,0.0,0.0,0.038902838,0.09536237,0.35904437,0.50669044
CCGATGGGTCGGAACA-1,0.16,0.08,0.0,0.0,0.18264675,0.38347042,0.35736465,0.07651818
CCGATGGTCAATGTCG-1,0.16,0.08,0.0,0.0,0.02657843,0.29393688,0.5681211,0.11136362
CCGATGGTCAGCGCGT-1,0.12,0.04,0.0,0.0,0.07540193,0.54389894,0.24050233,0.14019679
CCGATGGTCCATCACC-1,0.12,0.04,0.0,0.0,0.9217848,0.04231267,0.034420315,0.0014821861
CCGCAAGAGCCTCAAT-1,0.16,0.04,0.0,0.0,0.15879731,0.49920905,0.14933902,0.19265462
CCGCAAGAGTCGAATA-1,0.16,0.04,0.0,0.0,0.20907207,0.33816278,0.38620532,0.06655989
CCGCAAGCAACCGTAT-1,0.16,0.04,0.0,0.0,0.07405598,0.4236799,0.47280318,0.029460926
CCGCAAGGTATCTCTT-1,0.12,0.04,0.0,0.0,0.13090342,0.26156053,0.46278748,0.14474857
CCGCAAGGTTCTTGTT-1,0.12,0.04,0.0,0.0,0.06266664,0.17894371,0.54622304,0.21216656
CCGCAAGTCAGCATTG-1,0.16,0.04,0.0,0.0,0.048179176,0.58566415,0.22499047,0.14116625
CCGCAAGTCTGGTGGC-1,0.16,0.04,0.0,0.0,0.8909352,0.088678,0.01914488,0.0012419466
CCGCAAGTCTTTCCGG-1,0.12,0.04,0.0,0.0,0.24248281,0.089151196,0.37729365,0.2910724
CCGGACAAGAGAATCT-1,0.16,0.08,0.0,0.0,0.24814941,0.23520057,0.35100865,0.1656414
CCGGACAAGGGTACAC-1,0.16,0.08,0.0,0.0,0.13313994,0.59308696,0.10898474,0.16478828
CCGGACAAGTGAGGTC-1,0.12,0.04,0.0,0.0,0.11056427,0.5544079,0.17088772,0.1641402
CCGGACACACAACGAG-1,0.16,0.04,0.0,0.0,0.044284068,0.7146018,0.17370872,0.067405336
CCGGACACACCACTGG-1,0.04,0.04,0.0,0.0,0.8977696,0.06354121,0.036675535,0.0020137564
CCGGACACATGTGGCC-1,0.12,0.04,0.0,0.0,0.07528145,0.097786404,0.58435166,0.24258052
CCGGACAGTACTGCGC-1,0.16,0.08,0.0,0.0,0.2990145,0.10869856,0.2164392,0.37584776
CCGGACAGTCATCCCT-1,0.16,0.08,0.0,0.0,0.0900602,0.16052897,0.676432,0.07297877
CCGGACAGTCCGACGT-1,0.16,0.08,0.0,0.0,0.15057285,0.11987518,0.62408996,0.105462
CCGGACAGTCTCAGAT-1,0.16,0.08,0.0,0.0,0.98467875,0.0016673536,0.012431257,0.0012226029
CCGGACAGTTGGCCGT-1,0.16,0.08,0.0,0.0,0.09440639,0.5006366,0.1520001,0.25295696
CCGGACATCACGATCA-1,0.16,0.08,0.0,0.0,0.508641,0.22850831,0.22703013,0.03582051
CCGGGTAAGAAATCCA-1,0.16,0.08,0.0,0.0,0.55357224,0.06260615,0.22101106,0.1628105
CCGGGTACAGGGCTTC-1,0.16,0.04,0.0,0.0,0.17654504,0.11116432,0.5607987,0.15149193
CCGGGTATCTAGAACC-1,0.16,0.04,0.0,0.0,0.9959943,0.0015254217,0.002438145,4.2089716e-05
CCGGTAGGTTGCATGT-1,0.16,0.08,0.0,0.0,0.71067804,0.07641709,0.17240646,0.04049835
CCGGTAGTCCCGAACG-1,0.12,0.04,0.0,0.0,0.03978829,0.654995,0.23341697,0.071799695
CCGGTAGTCTAGAACC-1,0.12,0.04,0.0,0.0,0.9914431,0.002512979,0.006015657,2.8261406e-05
CCGGTAGTCTCAATCT-1,0.12,0.04,0.0,0.0,0.04581558,0.3179417,0.21979287,0.41644987
CCGGTGACAAACCACT-1,0.12,0.04,0.0,0.0,0.65322423,0.2493571,0.0908106,0.0066080634
CCGGTGACAACACACT-1,0.08,0.12,0.0,0.0,0.10212827,0.07132872,0.6777767,0.1487663
CCGGTGAGTGGGAGAG-1,0.16,0.08,0.0,0.0,0.64852613,0.18215299,0.15052417,0.018796656
CCGGTGATCACGGGAA-1,0.12,0.04,0.0,0.0,0.05016159,0.71743244,0.12781543,0.10459058
CCGGTGATCATGTCAG-1,0.12,0.04,0.0,0.0,0.11243351,0.5064009,0.16912687,0.2120388
CCGGTGATCCTTACCG-1,0.16,0.04,0.0,0.0,0.0746252,0.5812943,0.27740532,0.066675186
CCGGTGATCGGACTTA-1,0.16,0.08,0.0,0.0,0.9889169,0.008212811,0.0010073145,0.0018629866
CCGGTGATCTGAGAGG-1,0.12,0.04,0.0,0.0,0.19040865,0.608574,0.112577505,0.08843993
CCGTAGGAGAATCGAT-1,0.12,0.04,0.0,0.0,0.986302,0.007842716,0.005677467,0.00017788242
CCGTAGGAGGAGAGTA-1,0.16,0.08,0.0,0.0,0.13460618,0.6269056,0.14195518,0.096532986
CCGTAGGCAACACAAA-1,0.16,0.04,0.0,0.0,0.22170015,0.11746648,0.45563895,0.20519443
CCGTAGGCACACGCCA-1,0.12,0.04,0.0,0.0,0.94945437,0.031111792,0.013350658,0.006083079
CCGTAGGCAGGCATGA-1,0.12,0.04,0.0,0.0,0.10544752,0.08514896,0.7030696,0.10633382
CCGTAGGGTACGGGAT-1,0.16,0.08,0.0,0.0,0.11186357,0.13803406,0.69317156,0.05693074
CCGTAGGGTACTCCCT-1,0.12,0.04,0.0,0.0,0.94581026,0.017561158,0.031512447,0.005116164
CCGTAGGGTGTTGACT-1,0.16,0.08,0.0,0.0,0.29828718,0.10944189,0.38927826,0.2029926
CCGTGAGAGGCGAAGG-1,0.12,0.04,0.0,0.0,0.057680607,0.36980817,0.44005412,0.1324571
CCGTGAGAGTGTGTTC-1,0.12,0.04,0.0,0.0,0.72424376,0.19151878,0.07278033,0.011457004
CCGTGAGAGTTGCGAG-1,0.16,0.04,0.0,0.0,0.054402854,0.5705666,0.15561852,0.21941197
CCGTGAGAGTTTCGAC-1,0.08,0.04,0.0,0.0,0.10412016,0.35112792,0.21337096,0.33138093
CCGTGAGCACAATCTG-1,0.16,0.04,0.0,0.0,0.19068193,0.1931821,0.34634748,0.2697885
CCGTGAGGTTCGAACT-1,0.12,0.04,0.0,0.0,0.06655547,0.06425298,0.08633477,0.78285676
CCGTGAGTCCACCTCA-1,0.12,0.04,0.0,0.0,0.010363619,0.5234306,0.24654755,0.21965823
CCGTGAGTCGGCCTTT-1,0.24,0.08,0.0,0.0,0.26844656,0.40366524,0.12001961,0.20786856
CCGTTCAAGAGAGAAC-1,0.16,0.08,0.0,0.0,0.02954457,0.09714609,0.34852216,0.5247872
CCGTTCAAGTGCACAG-1,0.2,0.08,0.0,0.0,0.15538143,0.19461192,0.47191325,0.17809337
CCGTTCACACTCTAGA-1,0.12,0.04,0.0,0.0,0.6070605,0.260668,0.1165703,0.015701195
CCGTTCACAGCGGTTC-1,0.16,0.08,0.0,0.0,0.047937833,0.081792876,0.14298262,0.7272867
CCGTTCACATCATCCC-1,0.16,0.04,0.0,0.0,0.08138155,0.70166415,0.16672815,0.05022615
CCGTTCAGTAAGTTAG-1,0.08,0.04,0.0,0.0,0.5463985,0.32834363,0.11434266,0.010915253
CCGTTCAGTCATAACC-1,0.12,0.04,0.0,0.0,0.04733162,0.812364,0.0908489,0.04945553
CCGTTCATCACACCCT-1,0.16,0.08,0.0,0.0,0.317264,0.18320034,0.26605162,0.23348409
CCGTTCATCCCATGGG-1,0.16,0.08,0.0,0.0,0.99804014,0.0013621862,0.0005613055,3.6465637e-05
CCGTTCATCGAGCTGC-1,0.12,0.04,0.0,0.0,0.05843509,0.24451976,0.52807325,0.16897187
CCGTTCATCGCCTTTG-1,0.12,0.04,0.0,0.0,0.053917293,0.18715389,0.7447668,0.014162072
CCGTTCATCTCTCGCA-1,0.16,0.08,0.0,0.0,0.30185637,0.23139542,0.09547506,0.37127322
CCTAACCCAAGCACAG-1,0.08,0.04,0.0,0.0,0.26363105,0.22139442,0.47092336,0.0440512
CCTAACCCATGGAATA-1,0.24,0.08,0.0,0.0,0.30856046,0.033804405,0.4055291,0.252106
CCTAACCGTGCATTAC-1,0.16,0.08,0.0,0.0,0.08384439,0.75324696,0.10727634,0.055632338
CCTAACCTCGCCGAGT-1,0.04,0.04,0.0,0.0,0.047383677,0.64394104,0.2749448,0.03373047
CCTAACCTCTTCGTAT-1,0.04,0.04,0.0,0.0,0.05632914,0.10437816,0.20511569,0.634177
CCTAAGAAGACGCAGT-1,0.16,0.04,0.0,0.0,0.16640131,0.08414371,0.65285635,0.09659863
CCTAAGAAGGCCATAG-1,0.16,0.08,0.0,0.0,0.12528756,0.32773268,0.32168663,0.22529306
CCTAAGAAGTATTAGG-1,0.16,0.04,0.0,0.0,0.049472608,0.3025777,0.5112824,0.13666733
CCTAAGAAGTGCGCTC-1,0.16,0.08,0.0,0.0,3.4610913e-08,9.093876e-05,0.007969809,0.99193925
CCTAAGACAGGCACAA-1,0.12,0.04,0.0,0.0,0.09292885,0.5270824,0.32666475,0.05332392
CCTAAGAGTGGTTTAC-1,0.12,0.04,0.0,0.0,0.3597398,0.5416117,0.086434454,0.012214076
CCTAAGATCGGCTTGG-1,0.12,0.08,0.0,0.0,3.3293093e-09,0.00010360977,0.0010847767,0.9988116
CCTAAGATCTTGGTCC-1,0.16,0.08,0.0,0.0,0.115841925,0.06840598,0.69678664,0.118965454
CCTACGTAGGTCACCC-1,0.12,0.04,0.0,0.0,0.97971344,0.002206792,0.014166413,0.0039134026
CCTACGTAGTCACGAG-1,0.16,0.04,0.0,0.0,0.098608665,0.37624344,0.48665762,0.038490277
CCTACGTCAAACTCTG-1,0.04,0.04,0.0,0.0,0.89017344,0.03583137,0.037569236,0.03642603
CCTACGTCAATTGCTG-1,0.16,0.04,0.0,0.0,0.017972875,0.6164743,0.27348062,0.09207229
CCTACGTCACTTTAGG-1,0.16,0.08,0.0,0.0,0.13673766,0.062023696,0.48313525,0.3181033
CCTACGTCATCTTCGC-1,0.08,0.04,0.0,0.0,0.0003521637,0.01366019,0.08367308,0.90231454
CCTACGTGTAAGAACT-1,0.16,0.04,0.0,0.0,0.1827198,0.3048914,0.37935403,0.13303484
CCTACGTGTAAGGCTG-1,0.12,0.04,0.0,0.0,0.14326084,0.36662123,0.19973694,0.29038095
CCTACGTGTCATCTAG-1,0.16,0.08,0.0,0.0,0.12536688,0.5681077,0.14681672,0.15970868
CCTACGTGTCTTGTCC-1,0.16,0.04,0.0,0.0,0.022137871,0.36730945,0.41164383,0.19890884
CCTACGTGTGAATATG-1,0.16,0.08,0.0,0.0,0.020301362,0.032983847,0.9003818,0.0463329
CCTACGTGTGGATACG-1,0.12,0.04,0.0,0.0,1.7019902e-06,0.002722354,0.0071477927,0.9901281
CCTACGTTCTAGACAC-1,0.12,0.04,0.0,0.0,0.537036,0.28898478,0.13459095,0.03938829
CCTATCGAGAGATCGC-1,0.16,0.04,0.0,0.0,0.21164179,0.22815344,0.44988558,0.11031925
CCTATCGCATCCTCAC-1,0.12,0.04,0.0,0.0,0.08114615,0.55715793,0.23268475,0.12901117
CCTCAACCAAGGCTTT-1,0.12,0.04,0.0,0.0,0.1595384,0.3243437,0.4076851,0.10843282
CCTCAACCACCCTAGG-1,0.12,0.04,0.0,0.0,0.42037147,0.50049067,0.06625449,0.012883417
CCTCAACCATAACCCA-1,0.12,0.04,0.0,0.0,4.1062358e-07,0.0016719016,0.007191208,0.99113643
CCTCAACCATGTGGTT-1,0.12,0.04,0.0,0.0,0.11833163,0.51669955,0.16149816,0.20347066
CCTCAACGTAACGGTG-1,0.16,0.08,0.0,0.0,0.972939,0.0049568135,0.021861203,0.00024303125
CCTCAACGTACGCTTA-1,0.16,0.04,0.0,0.0,0.99308854,0.004165535,0.0026727684,7.313991e-05
CCTCAACGTCCGGTCA-1,0.12,0.04,0.0,0.0,0.8054669,0.105331294,0.059526667,0.029675175
CCTCAACGTGTGTTTG-1,0.12,0.04,0.0,0.0,0.24802548,0.27752417,0.23133849,0.24311185
CCTCAACTCGTTCCTG-1,0.16,0.04,0.0,0.0,0.26487046,0.08993104,0.32393116,0.32126725
CCTCACAAGATAGTCA-1,0.16,0.04,0.0,0.0,0.15071514,0.317932,0.42603755,0.105315305
CCTCACAAGATTGTGA-1,0.12,0.04,0.0,0.0,0.8933358,0.07198934,0.03030865,0.0043661823
CCTCACAAGCGTATAA-1,0.12,0.04,0.0,0.0,0.12631601,0.43697208,0.23158862,0.20512328
CCTCACAAGCGTCTGC-1,0.12,0.04,0.0,0.0,0.9389578,0.040677093,0.015944118,0.004421011
CCTCACAAGGCCCGTT-1,0.12,0.04,0.0,0.0,0.824199,0.11934668,0.039460268,0.016993988
CCTCACACACCTCAGG-1,0.16,0.04,0.0,0.0,0.089382015,0.54522884,0.23883697,0.12655218
CCTCACACATGGAAGC-1,0.2,0.08,0.0,0.0,0.8710824,0.026995717,0.07088491,0.031036977
CCTCACAGTTTAAGGA-1,0.12,0.04,0.0,0.0,0.8993041,0.08152224,0.018689446,0.00048422316
CCTCACATCATTTCGT-1,0.16,0.08,0.0,0.0,0.32080334,0.10426546,0.1544759,0.42045534
CCTCACATCGGCCCAA-1,0.16,0.04,0.0,0.0,0.8554162,0.063804194,0.048707686,0.03207188
CCTCACATCTAGCCAA-1,0.16,0.04,0.0,0.0,0.06808792,0.2074806,0.5607824,0.16364907
CCTCACATCTCCTGCA-1,0.16,0.04,0.0,0.0,0.029058175,0.100522846,0.60356784,0.26685116
CCTCAGTCACATTCGA-1,0.16,0.08,0.0,0.0,0.034704767,0.38165244,0.45652682,0.12711594
CCTCAGTGTATTGCCA-1,0.12,0.04,0.0,0.0,0.046864502,0.7928181,0.06236708,0.09795041
CCTCAGTGTCTGATCA-1,0.16,0.04,0.0,0.0,0.0038672518,0.27907398,0.13053417,0.58652455
CCTCAGTGTTACCCTC-1,0.16,0.08,0.0,0.0,0.09323008,0.26037264,0.4694547,0.17694256
CCTCAGTTCCCTAGGG-1,0.16,0.04,0.0,0.0,0.9839528,0.013187955,0.0025849724,0.00027421702
CCTCATGAGAGGTTTA-1,0.16,0.08,0.0,0.0,0.35611466,0.18337838,0.115604855,0.34490216
CCTCATGAGTGCAGCA-1,0.12,0.04,0.0,0.0,0.045099713,0.72904694,0.045049515,0.18080382
CCTCATGCACAAGCCC-1,0.16,0.08,0.0,0.0,0.21766901,0.29814628,0.40857366,0.075611
CCTCATGGTACAGAAT-1,0.16,0.08,0.0,0.0,0.121923365,0.27142018,0.49366102,0.11299549
CCTCATGGTTCAAGTC-1,0.16,0.08,0.0,0.0,0.065854646,0.8015709,0.1188134,0.013761013
CCTCCAAAGGGTTAAT-1,0.16,0.08,0.0,0.0,1.7185446e-05,0.0024178838,0.01809076,0.9794742
CCTCCAACAGCTGCCA-1,0.12,0.04,0.0,0.0,0.12754871,0.49857593,0.17540649,0.19846894
CCTCCAAGTAAGTCAA-1,0.12,0.04,0.0,0.0,0.26619452,0.16501133,0.098779626,0.47001454
CCTCCAAGTGAATGTA-1,0.16,0.08,0.0,0.0,0.80561584,0.08245795,0.07768292,0.034243315
CCTCCAAGTTTGTTCT-1,0.2,0.08,0.0,0.0,0.17299399,0.17621115,0.23622027,0.41457456
CCTCCAATCAAGCTGT-1,0.12,0.04,0.0,0.0,1.0495613e-06,0.0014463856,0.00928138,0.98927116
CCTCCTCAGGTTTACC-1,0.12,0.04,0.0,0.0,0.12794533,0.5697777,0.07496087,0.22731608
CCTCCTCCAAAGGTTA-1,0.16,0.08,0.0,0.0,0.08604262,0.66946316,0.1214565,0.12303782
CCTCCTCCAATGACCT-1,0.16,0.04,0.0,0.0,0.244919,0.48068622,0.26669845,0.0076962765
CCTCCTCGTATGGAAT-1,0.16,0.08,0.0,0.0,0.60473806,0.15092918,0.092655756,0.15167704
CCTCCTCTCGTCAGAT-1,0.12,0.04,0.0,0.0,0.6104794,0.30258337,0.07518496,0.01175223
CCTCCTCTCTGAGATC-1,0.16,0.08,0.0,0.0,0.41539928,0.11954142,0.20814073,0.25691846
CCTCTAGAGCCTAGGA-1,0.16,0.08,0.0,0.0,0.0176477,0.8901345,0.072870865,0.019346949
CCTCTAGCAACCGCCA-1,0.12,0.04,0.0,0.0,0.3053763,0.1719247,0.15360072,0.36909828
CCTCTAGCAGTGGGTA-1,0.12,0.04,0.0,0.0,0.14682454,0.5005144,0.26510793,0.08755313
CCTCTAGGTCTTCATT-1,0.12,0.04,0.0,0.0,0.9987746,0.00076557114,0.00045371702,6.1316578e-06
CCTCTAGGTGTGACCC-1,0.12,0.04,0.0,0.0,0.7744047,0.16608807,0.05710679,0.0024004034
CCTCTAGGTTGGAGAC-1,0.12,0.04,0.0,0.0,0.7076897,0.038588542,0.1100189,0.14370282
CCTCTAGTCCTCACGT-1,0.16,0.04,0.0,0.0,0.028320584,0.18404412,0.5033525,0.2842828
CCTCTAGTCGATACAC-1,0.12,0.04,0.0,0.0,0.006617744,0.19526353,0.25488254,0.5432362
CCTCTCCCATTGTCGA-1,0.16,0.04,0.0,0.0,0.3520249,0.09132454,0.5420754,0.0145751275
CCTCTCCGTAACAGGC-1,0.16,0.08,0.0,0.0,0.094246514,0.48015356,0.3553261,0.070273876
CCTCTCCGTATCGCAT-1,0.12,0.04,0.0,0.0,0.005746454,0.32515422,0.115103096,0.5539962
CCTCTCCGTGGCTACC-1,0.12,0.04,0.0,0.0,0.121675655,0.45721966,0.28505343,0.13605121
CCTCTCCTCGCGAAGA-1,0.16,0.04,0.0,0.0,0.021377472,0.26672912,0.24189912,0.4699943
CCTCTCCTCTCATTGT-1,0.12,0.04,0.0,0.0,0.9935011,0.003664998,0.0025207738,0.00031308844
CCTCTCCTCTTCTCAA-1,0.04,0.04,0.0,0.0,0.9698275,0.020886874,0.008939506,0.00034616835
CCTGCATAGCAGGTCA-1,0.12,0.04,0.0,0.0,0.092962295,0.8357412,0.0649194,0.006377073
CCTGCATAGTTAACGA-1,0.16,0.08,0.0,0.0,8.886459e-08,0.0024998293,0.020908684,0.97659147
CCTGCATCACACCTAA-1,0.12,0.04,0.0,0.0,0.23292606,0.43978313,0.30570006,0.021590723
CCTGCATGTAATGCGG-1,0.16,0.08,0.0,0.0,0.054053023,0.3854568,0.48609397,0.07439616
CCTGCATGTTGTGGCC-1,0.16,0.08,0.0,0.0,0.21262395,0.19579788,0.17198999,0.41958818
CCTGCATGTTTGTTGG-1,0.12,0.04,0.0,0.0,0.29627296,0.5806207,0.10158724,0.021519085
CCTGCATTCTACGGTA-1,0.12,0.04,0.0,0.0,0.17480537,0.7652212,0.04432785,0.015645536
CCTGTTGAGTCACAGG-1,0.24,0.08,0.0,0.0,0.32882267,0.26770362,0.09988526,0.30358836
CCTGTTGCAAGATCCT-1,0.16,0.08,0.0,0.0,0.26910126,0.1454021,0.35260773,0.23288897
CCTGTTGCACGATAGG-1,0.16,0.04,0.0,0.0,0.048795678,0.09837133,0.12022911,0.73260385
CCTGTTGCACTGTCGG-1,0.08,0.08,0.0,0.0,2.7211382e-07,0.0013994395,0.028591191,0.97000915
CCTGTTGCATAATCGC-1,0.16,0.04,0.0,0.0,0.142165,0.46825132,0.33758804,0.05199567
CCTGTTGGTGTCATGT-1,0.12,0.04,0.0,0.0,0.0581682,0.49569595,0.3152435,0.13089235
CCTGTTGTCCCTAGGG-1,0.12,0.04,0.0,0.0,0.9892265,0.006879478,0.0036108403,0.0002831384
CCTGTTGTCGCCTTGT-1,0.12,0.04,0.0,0.0,0.013903487,0.573129,0.30935383,0.10361372
CCTGTTGTCGCTGTTC-1,0.16,0.08,0.0,0.0,0.8522848,0.03333879,0.057401996,0.056974344
CCTGTTGTCGTGGACC-1,0.16,0.08,0.0,0.0,0.26300544,0.08272581,0.37739047,0.27687833
CCTTCAGAGCTGTACT-1,0.16,0.08,0.0,0.0,0.31358314,0.09799036,0.325044,0.26338252
CCTTCAGCACCAGACC-1,0.12,0.04,0.0,0.0,0.0016887845,0.072080545,0.082599826,0.84363085
CCTTCAGCAGATACTC-1,0.12,0.04,0.0,0.0,0.18189697,0.361797,0.35946375,0.09684228
CCTTCAGTCCTTCAGC-1,0.12,0.04,0.0,0.0,0.9840082,0.008484614,0.0070146522,0.0004925087
CCTTGTGAGACAGCTG-1,0.08,0.04,0.0,0.0,0.12597091,0.4224939,0.21957108,0.23196405
CCTTGTGCAGATAAAC-1,0.16,0.08,0.0,0.0,0.10778874,0.6512094,0.10900158,0.13200024
CCTTGTGGTCAGTTTG-1,0.16,0.08,0.0,0.0,0.17648274,0.28004628,0.40875876,0.13471225
CCTTGTGGTGTATTCG-1,0.16,0.08,0.0,0.0,0.15123153,0.43987146,0.26149985,0.14739726
CCTTGTGTCATTTGGG-1,0.12,0.04,0.0,0.0,0.080837816,0.79034185,0.06906627,0.05975413
CCTTGTGTCCATTGCC-1,0.16,0.08,0.0,0.0,0.34728426,0.3506466,0.25705835,0.04501073
CCTTGTGTCCTTCAGC-1,0.16,0.04,0.0,0.0,0.39838386,0.32560113,0.11631301,0.15970202
CCTTGTGTCCTTGAAG-1,0.04,0.04,0.0,0.0,0.21573468,0.5033015,0.22575605,0.05520772
CCTTGTGTCGTTGTAG-1,0.16,0.08,0.0,0.0,0.085652865,0.12091487,0.7504838,0.04294837
CCTTTGGAGCTCCACG-1,0.12,0.04,0.0,0.0,0.1564296,0.5687527,0.20957808,0.06523957
CCTTTGGAGGTACAGC-1,0.12,0.04,0.0,0.0,0.9448716,0.037986346,0.0116463015,0.005495851
CCTTTGGCAACCAACT-1,0.12,0.04,0.0,0.0,0.19955514,0.3523487,0.25196666,0.19612949
CCTTTGGCAAGACTGG-1,0.12,0.04,0.0,0.0,0.019861976,0.029577766,0.08983238,0.86072785
CCTTTGGCATGGAACG-1,0.16,0.04,0.0,0.0,0.19195281,0.45213002,0.23082349,0.12509371
CCTTTGGGTCGAGTTT-1,0.16,0.08,0.0,0.0,0.0070804125,0.012366964,0.13058409,0.84996855
CCTTTGGGTGCAGATG-1,0.12,0.04,0.0,0.0,0.9141743,0.032134473,0.050471213,0.0032199344
CCTTTGGGTGTTCATG-1,0.16,0.08,0.0,0.0,0.1702664,0.436005,0.31244385,0.08128473
CCTTTGGTCACGTAGT-1,0.16,0.08,0.0,0.0,0.026565589,0.14982751,0.53271925,0.2908876
CCTTTGGTCCTACTGC-1,0.12,0.04,0.0,0.0,0.17117815,0.11687714,0.56711805,0.1448267
CCTTTGGTCGCAAGAG-1,0.16,0.08,0.0,0.0,0.3062483,0.31118062,0.15362479,0.22894633
CCTTTGGTCGCGTTTC-1,0.2,0.08,0.0,0.0,0.7137844,0.04356852,0.22982779,0.012819319
CGAAGGAAGCATCTTG-1,0.12,0.04,0.0,0.0,0.09672252,0.3494721,0.38859543,0.16520993
CGAAGGAAGTCGAAAT-1,0.12,0.04,0.0,0.0,0.058212187,0.055056617,0.82600445,0.06072676
CGAAGGACACCGAATT-1,0.16,0.08,0.0,0.0,0.41520146,0.1772643,0.24993518,0.15759909
CGAAGGACAGACCAAG-1,0.08,0.04,0.0,0.0,0.022416536,0.3584806,0.28856823,0.3305346
CGAAGGAGTAACAGTA-1,0.16,0.08,0.0,0.0,0.0001024325,0.0072407476,0.026071329,0.9665855
CGAAGGAGTCGAAGCA-1,0.12,0.04,0.0,0.0,0.9429783,0.039018996,0.012936557,0.005066059
CGAAGGAGTGCATTAC-1,0.16,0.08,0.0,0.0,0.9675711,0.022025809,0.007838955,0.0025641844
CGAAGTTAGCACCGTC-1,0.2,0.08,0.0,0.0,0.9783473,0.012860426,0.0066785663,0.00211361
CGAAGTTAGGTTATAG-1,0.16,0.04,0.0,0.0,0.70531785,0.21576473,0.07057849,0.008339025
CGAAGTTAGTACAGCG-1,0.16,0.04,0.0,0.0,0.11919448,0.5980291,0.1928042,0.08997223
CGAAGTTCAAGGCCTC-1,0.16,0.08,0.0,0.0,0.91774535,0.04064811,0.03724866,0.0043579037
CGAAGTTGTGCTTCAA-1,0.12,0.04,0.0,0.0,0.1374868,0.29293564,0.43417296,0.13540466
CGAAGTTGTTATGTGC-1,0.16,0.08,0.0,0.0,0.11574392,0.33194783,0.45779788,0.094510324
CGAATTGAGACGCAGT-1,0.16,0.04,0.0,0.0,0.048786696,0.33768275,0.44825205,0.16527851
CGAATTGAGGCACTAG-1,0.16,0.08,0.0,0.0,0.08922122,0.35677156,0.5285272,0.025480013
CGAATTGCATCGCTGG-1,0.12,0.04,0.0,0.0,0.23264076,0.1826834,0.39364862,0.1910272
CGAATTGGTTCGAGCC-1,0.16,0.08,0.0,0.0,4.4640007e-08,0.0015149533,0.0019051428,0.9965798
CGAATTGTCCTACCAC-1,0.2,0.08,0.0,0.0,0.10967308,0.612083,0.2241816,0.05406226
CGAATTGTCGACGCGT-1,0.12,0.04,0.0,0.0,0.7295683,0.12576964,0.073165074,0.07149692
CGAATTGTCGCGTGAC-1,0.12,0.04,0.0,0.0,0.011485287,0.94756615,0.037200652,0.0037478015
CGAATTGTCGCGTGCA-1,0.12,0.04,0.0,0.0,0.009826907,0.3799944,0.46729204,0.14288667
CGAATTGTCTATACTC-1,0.16,0.04,0.0,0.0,0.16636652,0.038325798,0.56087327,0.23443443
CGAATTGTCTGCGGGT-1,0.16,0.08,0.0,0.0,0.21480678,0.2850557,0.34461668,0.15552089
CGACAGCAGATGACAT-1,0.12,0.04,0.0,0.0,0.19399723,0.26394954,0.27013636,0.27191693
CGACAGCCATATACCG-1,0.16,0.04,0.0,0.0,0.18639372,0.4320559,0.21743226,0.16411813
CGACAGCGTAACTAAG-1,0.04,0.08,0.0,0.0,0.0016632752,0.47102746,0.16350088,0.36380836
CGACAGCGTGTCCACG-1,0.16,0.08,0.0,0.0,0.13090639,0.46181917,0.36974248,0.037531886
CGACAGCGTTGTGCAT-1,0.12,0.04,0.0,0.0,0.18587306,0.05198804,0.5427156,0.2194233
CGACAGCTCCTACTGC-1,0.16,0.08,0.0,0.0,5.5969526e-06,4.545253e-05,0.019514916,0.980434
CGAGAAGAGGTCGTCC-1,0.16,0.04,0.0,0.0,0.21967413,0.500471,0.14097147,0.1388834
CGAGAAGAGGTGGTTG-1,0.16,0.08,0.0,0.0,4.104991e-05,0.00048340234,0.039030157,0.9604454
CGAGAAGCACATGAAA-1,0.16,0.08,0.0,0.0,0.15865813,0.18594636,0.45410898,0.2012865
CGAGAAGCACTTTATC-1,0.04,0.04,0.0,0.0,0.56021273,0.22481516,0.20119753,0.013774585
CGAGAAGCAGGGCTTC-1,0.16,0.08,0.0,0.0,0.2368696,0.19670926,0.2739478,0.29247332
CGAGAAGGTCCACTCT-1,0.16,0.08,0.0,0.0,0.00510427,0.5947373,0.24718861,0.15296984
CGAGAAGGTGGATCGA-1,0.16,0.08,0.0,0.0,0.31486958,0.03380121,0.53631884,0.11501036
CGAGAAGGTTTAGAGA-1,0.16,0.08,0.0,0.0,0.1057007,0.16192949,0.43318257,0.29918724
CGAGGAAAGAAACACT-1,0.16,0.04,0.0,0.0,0.21182512,0.1713202,0.20929338,0.40756124
CGAGGAAAGAGTGTTA-1,0.12,0.04,0.0,0.0,0.084862076,0.5529377,0.28470215,0.07749816
CGAGGAAAGCTAGTTC-1,0.16,0.04,0.0,0.0,2.4042729e-05,0.0038368618,0.016852515,0.97928655
CGAGGAACACCTAAAC-1,0.12,0.04,0.0,0.0,0.06667338,0.6304033,0.27288765,0.030035704
CGAGGAACACCTGAAT-1,0.16,0.08,0.0,0.0,0.94385326,0.03500201,0.018931812,0.0022128986
CGAGGAAGTCACCCTT-1,0.16,0.08,0.0,0.0,0.13682844,0.42109403,0.32796663,0.114110895
CGAGGAAGTGTGAATA-1,0.16,0.08,0.0,0.0,0.010478386,0.13302782,0.6919587,0.16453506
CGAGGAAGTTATGTCG-1,0.16,0.08,0.0,0.0,0.8006552,0.117479086,0.051616594,0.030249154
CGAGGAATCACAATGC-1,0.12,0.04,0.0,0.0,0.99351186,0.0041264775,0.002288717,7.29324e-05
CGAGGAATCTTGAACG-1,0.16,0.08,0.0,0.0,0.08658102,0.2457805,0.5658778,0.10176072
CGAGGCTAGAAGAACG-1,0.12,0.04,0.0,0.0,0.9842517,0.004993608,0.007536954,0.0032176853
CGAGGCTAGACGCATG-1,0.2,0.08,0.0,0.0,0.047772057,0.11884922,0.8005977,0.03278099
CGAGGCTAGAGTCCGA-1,0.16,0.04,0.0,0.0,0.21404009,0.42675167,0.2046654,0.15454282
CGAGGCTCATGAAGGC-1,0.16,0.08,0.0,0.0,0.023337152,0.15444922,0.8118884,0.010325152
CGAGGCTCATGTCTAG-1,0.16,0.08,0.0,0.0,0.16169561,0.36771768,0.3035784,0.16700836
CGAGGCTGTAGGCAAC-1,0.16,0.08,0.0,0.0,1.753974e-07,0.00025827758,0.01422409,0.98551744
CGAGGCTTCAGGTGTT-1,0.16,0.08,0.0,0.0,0.19239692,0.4822278,0.29032668,0.035048623
CGAGTGCCACGACGTC-1,0.12,0.04,0.0,0.0,0.09688159,0.21766323,0.40845197,0.27700317
CGAGTGCCAGATTCGT-1,0.04,0.04,0.0,0.0,0.18055326,0.40468994,0.36233976,0.052417073
CGAGTGCGTCTGTCCT-1,0.16,0.08,0.0,0.0,0.15590158,0.2673003,0.38225394,0.19454414
CGAGTGCTCACGAGGA-1,0.12,0.04,0.0,0.0,0.027921813,0.8411805,0.11823249,0.012665183
CGAGTTAAGACGATAT-1,0.12,0.04,0.0,0.0,0.98153114,0.0036242127,0.014395082,0.00044952813
CGAGTTAAGGACAACC-1,0.12,0.04,0.0,0.0,0.12014824,0.23218344,0.40412787,0.24354054
CGAGTTACAAGCAGGT-1,0.12,0.04,0.0,0.0,0.0849099,0.44095612,0.28021222,0.19392182
CGAGTTACACAAGCCC-1,0.16,0.04,0.0,0.0,0.16495447,0.3930103,0.25070846,0.19132681
CGAGTTACAGCTACTA-1,0.12,0.04,0.0,0.0,0.011431195,0.02649008,0.09631149,0.8657672
CGAGTTACAGGATTCT-1,0.12,0.04,0.0,0.0,0.010300327,0.21044616,0.6826721,0.09658143
CGAGTTACAGTCGGTC-1,0.16,0.08,0.0,0.0,0.26970217,0.16571952,0.37821656,0.1863618
CGAGTTAGTACGAGCA-1,0.04,0.04,0.0,0.0,0.7949259,0.119464256,0.05324055,0.032369267
CGAGTTAGTCGATGCC-1,0.16,0.04,0.0,0.0,0.032484345,0.5054501,0.3201276,0.14193796
CGAGTTATCTGCTGAA-1,0.16,0.04,0.0,0.0,0.3389099,0.06593109,0.28546345,0.30969557
CGATCGGCAGCAGTCC-1,0.16,0.08,0.0,0.0,0.2853741,0.26161733,0.19970989,0.25329873
CGATCGGTCGCTAAAC-1,0.08,0.04,0.0,0.0,0.06424467,0.5860059,0.24886703,0.10088243
CGATGCGAGAGGTCGT-1,0.16,0.08,0.0,0.0,0.893493,0.012132605,0.0391873,0.055187088
CGATGCGAGCTGAGTG-1,0.2,0.08,0.0,0.0,0.38515684,0.19302736,0.26665726,0.15515856
CGATGCGCATACCGTA-1,0.12,0.04,0.0,0.0,9.136562e-06,0.02061868,0.04833111,0.931041
CGATGCGGTAGTCTTG-1,0.16,0.08,0.0,0.0,2.6006076e-08,0.0001836865,0.0029531636,0.9968631
CGATGCGGTTCGAAGG-1,0.16,0.04,0.0,0.0,0.043903332,0.29720658,0.49076724,0.16812293
CGATGCGTCGGTCATA-1,0.16,0.08,0.0,0.0,0.11549489,0.6662055,0.13095258,0.087347046
CGATGGCAGACGGATC-1,0.12,0.04,0.0,0.0,0.20750116,0.31093225,0.13233976,0.34922686
CGATGGCAGATGGTAT-1,0.16,0.08,0.0,0.0,0.41874093,0.17029768,0.19019374,0.22076759
CGATGGCAGCGATGGT-1,0.16,0.04,0.0,0.0,0.16554987,0.23802236,0.4519442,0.14448354
CGATGGCCAACGGCTC-1,0.12,0.04,0.0,0.0,0.1284917,0.18640044,0.57636327,0.108744614
CGATGGCCAGGTTCCG-1,0.12,0.04,0.0,0.0,0.30496144,0.6373947,0.03704268,0.02060119
CGATGGCGTATCGCGC-1,0.16,0.08,0.0,0.0,0.007976098,0.17855072,0.036622863,0.7768503
CGATGGCTCGGCAGTC-1,0.16,0.04,0.0,0.0,0.08476279,0.20295537,0.6130883,0.09919354
CGCAGGTCAACACAGG-1,0.12,0.04,0.0,0.0,0.105167575,0.8176104,0.0645807,0.012641315
CGCAGGTCAGCCTACG-1,0.16,0.04,0.0,0.0,0.6864016,0.24904577,0.05968744,0.004865288
CGCAGGTGTACTTGTG-1,0.16,0.04,0.0,0.0,0.18499723,0.12948456,0.55819553,0.1273227
CGCAGGTGTATCGCAT-1,0.12,0.04,0.0,0.0,0.9337824,0.048650388,0.017076425,0.00049075903
CGCAGGTGTCACTCGG-1,0.12,0.04,0.0,0.0,0.9263395,0.053441886,0.018352536,0.001866096
CGCAGGTGTCGAACGA-1,0.12,0.04,0.0,0.0,0.9069898,0.069125995,0.01937939,0.004504827
CGCAGGTGTTCTCTAT-1,0.2,0.08,0.0,0.0,0.06330484,0.6597962,0.1426479,0.13425107
CGCAGGTTCCATGAGT-1,0.12,0.04,0.0,0.0,0.9335557,0.018700534,0.04474013,0.0030036115
CGCAGGTTCCGAGAAG-1,0.12,0.04,0.0,0.0,0.0918893,0.46179247,0.15109546,0.29522273
CGCATAAAGCATCAAA-1,0.16,0.08,0.0,0.0,0.3011008,0.16573903,0.08576684,0.4473934
CGCATAAAGGCCACCT-1,0.16,0.08,0.0,0.0,0.06643519,0.18405674,0.7317914,0.017716648
CGCATAACAATCCTTT-1,0.12,0.04,0.0,0.0,0.050878096,0.60392296,0.21370086,0.1314981
CGCATAACAATCGAAA-1,0.12,0.04,0.0,0.0,0.99069196,0.0026472309,0.006584563,7.633908e-05
CGCATAACAGCGCGTT-1,0.16,0.08,0.0,0.0,5.848e-07,0.0002951076,0.009012892,0.99069136
CGCATAACAGCTATAC-1,0.16,0.08,0.0,0.0,0.13941848,0.10270635,0.595029,0.16284615
CGCATAAGTGTTATCG-1,0.16,0.04,0.0,0.0,0.9423159,0.044402394,0.0124473795,0.00083444867
CGCATAATCAGAGTGG-1,0.16,0.08,0.0,0.0,0.003604323,0.089251645,0.40317804,0.50396603
CGCATGGAGACACACG-1,0.16,0.04,0.0,0.0,0.98265207,0.012137818,0.0047312654,0.00047886043
CGCATGGAGAGTTGCG-1,0.12,0.04,0.0,0.0,0.2211187,0.13689595,0.54615945,0.095825866
CGCATGGAGCTGGAGT-1,0.16,0.04,0.0,0.0,0.9737214,0.021415323,0.004558899,0.00030429795
CGCATGGAGGTTAAAC-1,0.16,0.04,0.0,0.0,0.06327503,0.112875804,0.7386127,0.085236385
CGCATGGCATCTCCCA-1,0.12,0.04,0.0,0.0,0.05005185,0.73011327,0.17059226,0.049242623
CGCATGGGTAAGTTAG-1,0.12,0.04,0.0,0.0,0.0310033,0.4238334,0.31121114,0.23395221
CGCATGGGTGTAGTGG-1,0.16,0.04,0.0,0.0,0.17767648,0.026475461,0.55248123,0.24336685
CGCATGGGTTAAGACA-1,0.16,0.08,0.0,0.0,0.2382042,0.15908533,0.383186,0.21952444
CGCCAGACACCGTGCA-1,0.16,0.08,0.0,0.0,0.23780699,0.34130037,0.33932975,0.08156296
CGCCAGAGTAGAATAC-1,0.16,0.04,0.0,0.0,0.21459424,0.16269442,0.2518571,0.3708543
CGCCAGAGTATGCAAA-1,0.12,0.04,0.0,0.0,0.041859243,0.38732788,0.27294624,0.29786658
CGCCAGAGTATTTCGG-1,0.16,0.08,0.0,0.0,0.19834514,0.6160356,0.17616196,0.00945738
CGCCAGAGTGAATGAT-1,0.16,0.04,0.0,0.0,0.02063163,0.7920948,0.15587875,0.031394802
CGCCAGAGTTGCAACT-1,0.16,0.08,0.0,0.0,0.058879733,0.5556832,0.3295196,0.0559175
CGCCAGAGTTTACGAC-1,0.08,0.04,0.0,0.0,0.00063420605,0.022561643,0.06981529,0.9069889
CGCCAGATCCATAGGT-1,0.16,0.08,0.0,0.0,0.42821625,0.032535788,0.32163954,0.2176084
CGCCATTAGACGGATC-1,0.16,0.08,0.0,0.0,0.37037003,0.13193619,0.28810364,0.20959012
CGCCATTCAGAGTTGG-1,0.2,0.08,0.0,0.0,0.32146096,0.16895574,0.1913878,0.31819546
CGCGTGACAAGGTCGA-1,0.12,0.04,0.0,0.0,0.095704034,0.54956645,0.27150247,0.08322704
CGCGTGACACTTGACA-1,0.12,0.04,0.0,0.0,0.023473928,0.5064596,0.39706144,0.07300505
CGGAACCAGTTCGGTT-1,0.12,0.04,0.0,0.0,0.199118,0.3876623,0.16438706,0.24883266
CGGAACCCAACCAACT-1,0.2,0.08,0.0,0.0,0.08769666,0.7517696,0.15258078,0.007952997
CGGAACCCATGTAACC-1,0.16,0.08,0.0,0.0,0.3804799,0.13555484,0.23920982,0.2447554
CGGAACCGTGAAGCTG-1,0.12,0.04,0.0,0.0,0.03177214,0.38690212,0.17581075,0.40551496
CGGAACCTCCAATGCA-1,0.16,0.08,0.0,0.0,0.41537625,0.14662755,0.2179691,0.22002713
CGGAACCTCGGAATGG-1,0.12,0.04,0.0,0.0,0.66508967,0.05687962,0.03224468,0.24578603
CGGAACCTCTGTGTGA-1,0.12,0.04,0.0,0.0,0.101096675,0.63535565,0.14554912,0.11799857
CGGAACCTCTTGAGCA-1,0.16,0.04,0.0,0.0,0.06216018,0.6735414,0.17390555,0.09039286
CGGAATTCATGTGTCA-1,0.12,0.04,0.0,0.0,0.5754307,0.32646194,0.06840394,0.029703457
CGGAATTTCGTGGACC-1,0.12,0.04,0.0,0.0,0.87575823,0.09559939,0.026875949,0.0017664242
CGGAATTTCTCCGAGG-1,0.16,0.08,0.0,0.0,0.35081282,0.08410873,0.30940536,0.25567314
CGGACACAGCACTCAT-1,0.12,0.04,0.0,0.0,0.07339438,0.5117033,0.23587571,0.17902654
CGGACACAGTCGAGGT-1,0.12,0.04,0.0,0.0,0.9774105,0.0057522594,0.015354594,0.0014825668
CGGACACCAGCGATTT-1,0.16,0.04,0.0,0.0,0.31581226,0.10724655,0.38546437,0.19147679
CGGACACCATCCAATG-1,0.04,0.04,0.0,0.0,0.22043504,0.35675332,0.27026817,0.15254341
CGGACACGTTGTCAGT-1,0.12,0.04,0.0,0.0,0.85540295,0.08771422,0.04637568,0.01050716
CGGACACTCGGTCTAA-1,0.12,0.04,0.0,0.0,0.97365904,0.020445919,0.005685838,0.00020916201
CGGACACTCGTGAGAG-1,0.16,0.04,0.0,0.0,0.12101112,0.2956286,0.42235708,0.16100325
CGGACACTCTAAGCCA-1,0.16,0.08,0.0,0.0,0.18079895,0.09599898,0.56782913,0.1553729
CGGAGAAAGAATCCCT-1,0.16,0.04,0.0,0.0,0.0067584007,0.042956326,0.024535673,0.9257496
CGGAGAAAGTGATAAC-1,0.16,0.04,0.0,0.0,0.13505444,0.3815485,0.16299902,0.3203981
CGGAGAATCTGTGCTC-1,0.12,0.04,0.0,0.0,0.18150446,0.4980999,0.09405988,0.22633575
CGGCAGTCACCAGCCA-1,0.08,0.04,0.0,0.0,0.034700606,0.2947454,0.23576255,0.43479145
CGGGACTAGCACTCCG-1,0.16,0.08,0.0,0.0,0.30266368,0.20382851,0.46344763,0.03006016
CGGGACTGTACACTCA-1,0.12,0.04,0.0,0.0,0.98718435,0.0049960767,0.007556415,0.00026312112
CGGGACTGTTAGGCTT-1,0.16,0.08,0.0,0.0,0.9773422,0.0068425843,0.01066764,0.00514768
CGGGACTTCCGTGACG-1,0.12,0.04,0.0,0.0,0.6370299,0.17737824,0.084159024,0.10143281
CGGGCATAGATCCCGC-1,0.16,0.04,0.0,0.0,0.037961055,0.28917903,0.52134836,0.15151156
CGGGCATAGGACAACC-1,0.24,0.08,0.0,0.0,3.8327407e-08,3.9107977e-05,0.0042658653,0.995695
CGGGCATCATACATCG-1,0.12,0.04,0.0,0.0,0.093078345,0.5291883,0.25743532,0.12029803
CGGGCATGTGGCATCC-1,0.16,0.08,0.0,0.0,0.7658248,0.10657271,0.08939254,0.03821007
CGGGCATTCTTGGTCC-1,0.12,0.04,0.0,0.0,0.3654183,0.49086207,0.11322151,0.030498102
CGGGTCAAGCCGTTGC-1,0.12,0.04,0.0,0.0,0.4053498,0.42585853,0.08276991,0.08602188
CGGGTCAGTCAGTTTG-1,0.16,0.04,0.0,0.0,0.061109725,0.7363403,0.08133396,0.12121605
CGGGTCAGTCGGATTT-1,0.16,0.04,0.0,0.0,0.6138637,0.22627705,0.14005096,0.01980826
CGGGTCAGTCGTCAGC-1,0.12,0.04,0.0,0.0,0.08758489,0.5906537,0.26008007,0.06168128
CGGGTGTCAAGCACAG-1,0.16,0.04,0.0,0.0,0.042535227,0.55832964,0.2714655,0.12766965
CGGGTGTCACCTTCGT-1,0.12,0.04,0.0,0.0,0.027551197,0.6944119,0.21683332,0.061203573
CGGGTGTGTCATAAAG-1,0.16,0.08,0.0,0.0,0.1154015,0.2985321,0.33570117,0.25036526
CGGGTGTGTCATTCCC-1,0.16,0.08,0.0,0.0,0.24586743,0.065169424,0.21658103,0.4723822
CGGGTGTGTCGGCCTA-1,0.16,0.08,0.0,0.0,0.202341,0.42641646,0.28674906,0.08449345
CGGGTGTGTGCGGATA-1,0.16,0.08,0.0,0.0,0.17812389,0.4162812,0.07612161,0.3294733
CGGGTGTTCCGAACGC-1,0.16,0.04,0.0,0.0,0.05405859,0.6142286,0.27203223,0.059680562
CGGGTGTTCTTTCTAG-1,0.16,0.08,0.0,0.0,6.972253e-08,0.00039096465,0.0041398094,0.9954692
CGGTCAGAGTAAGCAT-1,0.16,0.08,0.0,0.0,0.31060198,0.07192301,0.26297408,0.35450092
CGGTCAGCAAGTGACG-1,0.12,0.04,0.0,0.0,0.9710537,0.018247442,0.008195809,0.0025029571
CGGTCAGCAGCTTCCT-1,0.12,0.04,0.0,0.0,0.044444177,0.48420492,0.37562802,0.09572296
CGGTCAGCATCGAACT-1,0.12,0.04,0.0,0.0,0.88671374,0.10929964,0.003705758,0.0002808692
CGGTCAGCATTAGGCT-1,0.16,0.04,0.0,0.0,0.22554983,0.35849947,0.23258944,0.18336125
CGGTCAGGTAACCAGG-1,0.12,0.04,0.0,0.0,0.9513792,0.007737564,0.035546213,0.005337048
CGGTCAGGTCAATCTG-1,0.16,0.08,0.0,0.0,0.32530245,0.07376371,0.27025607,0.3306778
CGGTCAGTCATGGAGG-1,0.16,0.08,0.0,0.0,0.28554437,0.018648442,0.37321702,0.32259014
CGGTCAGTCCATAGAC-1,0.12,0.04,0.0,0.0,0.013107732,0.29658973,0.18985036,0.50045216
CGGTCAGTCTGTCCGT-1,0.16,0.08,0.0,0.0,0.021990657,0.028283307,0.86472917,0.08499687
CGTAAGTAGGAACGCT-1,0.12,0.04,0.0,0.0,0.044798683,0.33113655,0.15310296,0.47096178
CGTAAGTAGGTTCAGG-1,0.12,0.04,0.0,0.0,0.07530368,0.5194155,0.25223497,0.15304591
CGTAAGTCAGCCTACG-1,0.16,0.04,0.0,0.0,0.032799136,0.5265228,0.3083187,0.13235933
CGTAAGTTCATGGTAC-1,0.04,0.04,0.0,0.0,0.95152336,0.014674049,0.032534678,0.0012679128
CGTAAGTTCCATGATG-1,0.16,0.04,0.0,0.0,0.0069942223,0.017244965,0.955754,0.020006837
CGTAATGAGTCATCGT-1,0.12,0.04,0.0,0.0,0.9952969,0.0038169166,0.00079296867,9.3254144e-05
CGTAATGGTAAGCGGT-1,0.2,0.08,0.0,0.0,0.75509965,0.16954191,0.054563172,0.020795308
CGTAATGGTCTAGGCC-1,0.16,0.08,0.0,0.0,0.043887157,0.19022308,0.7338343,0.032055445
CGTAATGGTCTGCGCA-1,0.12,0.04,0.0,0.0,0.049488317,0.5916834,0.23371235,0.12511595
CGTAATGGTGGCTGCT-1,0.12,0.04,0.0,0.0,0.013070316,0.10092732,0.3541607,0.5318417
CGTAATGTCAGTGCGC-1,0.16,0.08,0.0,0.0,0.2197349,0.29844004,0.17869174,0.3031333
CGTAATGTCTGAGGCC-1,0.12,0.04,0.0,0.0,0.64621407,0.20237997,0.1041841,0.04722178
CGTAGTAGTTCTTGCC-1,0.2,0.08,0.0,0.0,0.25882015,0.3665828,0.18262126,0.19197588
CGTAGTATCAACCCGG-1,0.12,0.04,0.0,0.0,0.4427157,0.37230122,0.17417072,0.010812391
CGTAGTATCACTCCGT-1,0.16,0.04,0.0,0.0,0.1726177,0.5248191,0.1750815,0.12748174
CGTAGTATCCTCCACA-1,0.16,0.04,0.0,0.0,0.07744432,0.62850344,0.19305891,0.1009933
CGTAGTATCGGTGAAG-1,0.12,0.04,0.0,0.0,0.010561412,0.8595688,0.07074339,0.0591264
CGTAGTATCTCCTGAC-1,0.2,0.08,0.0,0.0,0.11401354,0.23343568,0.5630816,0.0894692
CGTCAAAAGTCCTGCG-1,0.16,0.08,0.0,0.0,0.14504337,0.32387778,0.46090913,0.07016971
CGTCAAACACAAGCTT-1,0.12,0.04,0.0,0.0,0.51414824,0.3066528,0.15070917,0.02848979
CGTCAAACACCAGCGT-1,0.12,0.04,0.0,0.0,0.9792012,0.007130304,0.009411628,0.004256915
CGTCAAAGTACACGTT-1,0.16,0.08,0.0,0.0,0.6959657,0.044649817,0.05531861,0.20406587
CGTCAAAGTGAATGTA-1,0.2,0.08,0.0,0.0,0.46335506,0.3009579,0.09318782,0.14249924
CGTCAAAGTTTCGTAG-1,0.16,0.08,0.0,0.0,0.093667984,0.4875987,0.30855024,0.110183105
CGTCAAATCGTTCAGA-1,0.16,0.04,0.0,0.0,0.028178653,0.61450523,0.17939153,0.17792451
CGTCCATCATCGTCCT-1,0.12,0.04,0.0,0.0,0.070133455,0.721572,0.09853071,0.10976378
CGTCCATGTTCCTAGA-1,0.16,0.08,0.0,0.0,0.3037259,0.2205181,0.18599354,0.28976247
CGTCCATTCACCTTAT-1,0.16,0.08,0.0,0.0,0.093490526,0.7040173,0.08887037,0.113621816
CGTCCATTCAGTCATG-1,0.12,0.04,0.0,0.0,0.7842369,0.1692638,0.035391565,0.011107754
CGTCCATTCCGAGGCT-1,0.12,0.04,0.0,0.0,0.06939431,0.20784707,0.6951288,0.02762975
CGTGAATAGACAGCTG-1,0.16,0.04,0.0,0.0,0.95145094,0.011680918,0.035340745,0.0015273864
CGTGAATAGCAGATAT-1,0.16,0.04,0.0,0.0,0.9984634,0.0008111316,0.0006911023,3.4410466e-05
CGTGAATAGTTTCAGC-1,0.12,0.04,0.0,0.0,0.16475292,0.31518134,0.44959393,0.07047182
CGTGAATCAAGGCCTC-1,0.16,0.08,0.0,0.0,0.27489766,0.31939167,0.34031644,0.06539416
CGTGAATCACGCGTGT-1,0.12,0.04,0.0,0.0,0.25813642,0.20933764,0.21230736,0.32021856
CGTGAATGTACAGAAT-1,0.12,0.04,0.0,0.0,0.022506623,0.30312037,0.3212227,0.3531503
CGTGAATGTACGAGTG-1,0.16,0.08,0.0,0.0,0.0029368373,0.12176452,0.1796429,0.69565576
CGTGAATGTCTACGTA-1,0.16,0.04,0.0,0.0,0.95707005,0.02254418,0.018410334,0.0019755217
CGTGATAAGATAACGT-1,0.16,0.08,0.0,0.0,3.656596e-08,0.0005203859,0.0030767354,0.99640286
CGTGATAAGTATTAGG-1,0.16,0.04,0.0,0.0,0.30097324,0.33357927,0.31547487,0.04997257
CGTGATACACATAACC-1,0.12,0.04,0.0,0.0,0.94850785,0.021684632,0.009663225,0.020144219
CGTGATACATCGATGT-1,0.16,0.08,0.0,0.0,0.20388918,0.10782651,0.5704743,0.11781
CGTGATATCCCGAACG-1,0.12,0.04,0.0,0.0,0.477343,0.21430796,0.24063356,0.067715496
CGTGCTTAGCTGAGCA-1,0.08,0.04,0.0,0.0,0.012486842,0.8699125,0.0826659,0.034934778
CGTGCTTAGTGGCGAT-1,0.12,0.04,0.0,0.0,0.20073432,0.33467478,0.27045685,0.1941341
CGTGCTTCAATCAAGA-1,0.16,0.08,0.0,0.0,0.70096296,0.2198895,0.042979345,0.03616814
CGTGCTTCACTGTTCC-1,0.16,0.08,0.0,0.0,0.19353306,0.024811467,0.6059502,0.17570528
CGTGCTTCATGGCGCT-1,0.16,0.04,0.0,0.0,0.078230724,0.5292687,0.06624413,0.32625648
CGTGCTTGTCCCGCAA-1,0.16,0.04,0.0,0.0,0.05766794,0.86325884,0.04073725,0.03833595
CGTGCTTGTGAATGTA-1,0.16,0.08,0.0,0.0,0.040581923,0.06233991,0.80372393,0.09335429
CGTGCTTGTGACCTGC-1,0.12,0.04,0.0,0.0,0.22169688,0.08309451,0.3698342,0.3253744
CGTGCTTTCCATCCGT-1,0.16,0.08,0.0,0.0,0.018280642,0.30118462,0.47076824,0.20976652
CGTGTCTCAAGTGGTG-1,0.12,0.04,0.0,0.0,0.46075866,0.3161827,0.14881577,0.074242875
CGTGTCTTCCAAAGGG-1,0.16,0.04,0.0,0.0,0.9664501,0.021759422,0.009761521,0.0020289582
CGTGTCTTCGCGCTGA-1,0.12,0.04,0.0,0.0,0.09145162,0.75555336,0.056456506,0.09653854
CGTTAGAAGCAATAGT-1,0.16,0.08,0.0,0.0,0.32081988,0.15620856,0.2920636,0.23090795
CGTTAGAGTAGACTGG-1,0.16,0.08,0.0,0.0,0.107499376,0.64051044,0.22798708,0.024003144
CGTTAGAGTCCTTGTC-1,0.16,0.08,0.0,0.0,0.3877094,0.038917832,0.23698187,0.33639094
CGTTAGAGTGCCCAGT-1,0.16,0.08,0.0,0.0,0.1865572,0.075454496,0.46098506,0.2770033
CGTTAGAGTTGGAGGT-1,0.16,0.08,0.0,0.0,0.9310214,0.043411434,0.024923258,0.0006439003
CGTTAGATCAAGAGGC-1,0.12,0.04,0.0,0.0,0.73522806,0.17330846,0.08770422,0.0037593248
CGTTAGATCCGGGACT-1,0.16,0.08,0.0,0.0,0.23096734,0.32191214,0.24948382,0.19763662
CGTTAGATCCTCGCAT-1,0.16,0.08,0.0,0.0,0.18309413,0.09833457,0.268795,0.44977626
CGTTCTGAGACCATAA-1,0.16,0.08,0.0,0.0,1.8383325e-07,0.00043769248,0.001720231,0.99784184
CGTTCTGAGTCAGCGA-1,0.12,0.04,0.0,0.0,0.053600784,0.54071695,0.1547558,0.25092646
CGTTCTGGTGCTGCAC-1,0.16,0.04,0.0,0.0,0.00073515263,0.0284162,0.07463844,0.8962102
CGTTCTGTCATCCTAT-1,0.16,0.08,0.0,0.0,0.04888474,0.016214492,0.84864515,0.08625558
CGTTCTGTCCTAGCGG-1,0.12,0.04,0.0,0.0,0.0057371487,0.08547803,0.5226591,0.3861257
CGTTCTGTCGTGGTAT-1,0.2,0.08,0.0,0.0,0.0061513665,0.0065046176,0.31994447,0.6673995
CGTTGGGAGACCTGGA-1,0.16,0.04,0.0,0.0,0.11375894,0.54668474,0.24057089,0.09898538
CGTTGGGAGACTCCGC-1,0.12,0.04,0.0,0.0,0.13551827,0.42812017,0.34592146,0.090440124
CGTTGGGCACTTTAGG-1,0.04,0.04,0.0,0.0,0.31563544,0.66236216,0.020524692,0.0014776774
CGTTGGGGTTCGTTCC-1,0.24,0.08,0.0,0.0,0.22859302,0.17126444,0.14408013,0.45606244
CGTTGGGTCCAGTACA-1,0.16,0.08,0.0,0.0,0.14603817,0.15071368,0.61582524,0.08742295
CGTTGGGTCGGCTATA-1,0.12,0.04,0.0,0.0,0.27238235,0.1401505,0.30579162,0.28167555
CTAACCCAGCTCTTCC-1,0.04,0.04,0.0,0.0,8.873833e-07,0.0047744024,0.010702653,0.984522
CTAACCCCACGTGTGC-1,0.12,0.04,0.0,0.0,0.13645522,0.23728244,0.21381238,0.41245
CTAACCCCACTATCCC-1,0.12,0.04,0.0,0.0,0.09646579,0.30968508,0.22734791,0.36650118
CTAACCCGTATACCTG-1,0.16,0.04,0.0,0.0,0.4800378,0.3438206,0.151123,0.025018625
CTAACCCTCGACGATT-1,0.12,0.04,0.0,0.0,2.5684728e-06,0.0049507995,0.02252372,0.9725229
CTAACTTAGAAGTATC-1,0.12,0.04,0.0,0.0,0.08771816,0.53997815,0.2069348,0.1653689
CTAACTTAGTCCTACA-1,0.12,0.04,0.0,0.0,0.06254527,0.27494225,0.5146338,0.14787868
CTAACTTAGTCTGTAC-1,0.16,0.08,0.0,0.0,3.2453972e-05,0.0019188352,0.02205565,0.9759931
CTAACTTCATTATGCG-1,0.12,0.04,0.0,0.0,3.306214e-05,0.03942161,0.044727325,0.915818
CTAACTTGTAAGCGGT-1,0.12,0.04,0.0,0.0,0.2737008,0.47058555,0.15742798,0.09828563
CTAACTTGTAGCCCTG-1,0.16,0.08,0.0,0.0,0.07703523,0.018673955,0.5771597,0.32713106
CTAACTTGTGTTGACT-1,0.12,0.04,0.0,0.0,0.3148675,0.26537046,0.2843978,0.13536417
CTAACTTGTTAGGGTG-1,0.12,0.08,0.0,0.0,0.94841397,0.03907846,0.010679174,0.0018284104
CTAAGTGAGGTGTGAC-1,0.04,0.08,0.0,0.0,0.017550783,0.74539596,0.19299445,0.044058774
CTAAGTGAGTGAGCCA-1,0.16,0.04,0.0,0.0,0.779315,0.11317019,0.104808,0.0027067743
CTAAGTGCACGCGGTT-1,0.12,0.04,0.0,0.0,0.9184648,0.030648027,0.035592236,0.015294991
CTAAGTGTCACGGGCT-1,0.12,0.04,0.0,0.0,0.007485793,0.085922316,0.11531674,0.79127514
CTACAGAAGGAGATAG-1,0.12,0.04,0.0,0.0,0.041274313,0.34018463,0.4168708,0.20167024
CTACAGAAGGTTTACC-1,0.12,0.04,0.0,0.0,0.97208256,0.013376082,0.012275313,0.0022660168
CTACAGAAGTGAATAC-1,0.16,0.08,0.0,0.0,0.21489683,0.19505571,0.33650652,0.253541
CTACAGACAACGGTAG-1,0.16,0.04,0.0,0.0,0.085888326,0.24220592,0.6392971,0.03260865
CTACAGACACCGTCGA-1,0.16,0.08,0.0,0.0,0.08696252,0.6989128,0.16355889,0.050565813
CTACAGACAGAACCGA-1,0.16,0.04,0.0,0.0,0.4473999,0.045564782,0.4020625,0.10497283
CTACAGACATTGTGCA-1,0.16,0.08,0.0,0.0,0.15327018,0.54749435,0.2154212,0.08381427
CTACAGATCCGTGGTG-1,0.16,0.08,0.0,0.0,0.6917385,0.13010253,0.16713989,0.011019121
CTACATTAGTCCGCCA-1,0.12,0.04,0.0,0.0,0.5354089,0.42888296,0.030176252,0.00553193
CTACATTCACTGGATT-1,0.16,0.08,0.0,0.0,0.0056446744,0.1324206,0.46312004,0.39881474
CTACATTGTCGTATTG-1,0.16,0.08,0.0,0.0,0.11558183,0.26368353,0.39985922,0.22087546
CTACATTGTTGCCATA-1,0.12,0.04,0.0,0.0,0.18971926,0.25310725,0.35269964,0.20447385
CTACCCAAGAGATTCA-1,0.2,0.08,0.0,0.0,0.17853907,0.18119769,0.3560075,0.2842558
CTACCCAAGGTATTGA-1,0.16,0.04,0.0,0.0,2.959673e-08,0.002626098,0.0061284136,0.99124545
CTACCCAGTCTCTCTG-1,0.16,0.08,0.0,0.0,0.25626147,0.07552327,0.21372633,0.4544889
CTACCCATCTCATGGA-1,0.16,0.08,0.0,0.0,0.3139627,0.07118298,0.40692335,0.20793094
CTACCTGAGACCGTTT-1,0.12,0.04,0.0,0.0,0.045267727,0.6491542,0.22920209,0.076376036
CTACCTGAGACGCCAA-1,0.12,0.04,0.0,0.0,0.0389725,0.14508799,0.71925646,0.09668307
CTACCTGAGCCTCCAG-1,0.12,0.04,0.0,0.0,0.034966383,0.13060111,0.13116658,0.7032659
CTACCTGCACCAGACC-1,0.12,0.04,0.0,0.0,0.00643201,0.054610636,0.17952217,0.7594352
CTACCTGCATACCAGT-1,0.04,0.04,0.0,0.0,1.8137704e-05,0.0028867444,0.03597398,0.9611212
CTACCTGTCCGGTTCT-1,0.12,0.04,0.0,0.0,0.037853967,0.19180779,0.19687322,0.57346505
CTACCTGTCTCGACCT-1,0.12,0.04,0.0,0.0,0.975998,0.012993631,0.01073696,0.0002714831
CTACGGGCACAAAGTA-1,0.16,0.08,0.0,0.0,0.33541664,0.073839724,0.35115698,0.23958664
CTACGGGGTCGATTCA-1,0.16,0.08,0.0,0.0,0.28804463,0.5010741,0.16384654,0.047034852
CTACGGGGTTGGAGGT-1,0.16,0.04,0.0,0.0,0.25130042,0.13814747,0.38396662,0.22658548
CTACTATAGAAGGCTC-1,0.16,0.08,0.0,0.0,0.14991215,0.38852233,0.41043282,0.051132627
CTACTATCAACAGAGC-1,0.16,0.08,0.0,0.0,0.97583926,0.0087178135,0.014697878,0.00074508373
CTACTATCAATACGAA-1,0.16,0.04,0.0,0.0,0.07380292,0.44398555,0.3973751,0.084836386
CTACTATCATTATGCG-1,0.12,0.04,0.0,0.0,0.185253,0.047763657,0.6645949,0.102388434
CTACTATGTAGCTCGC-1,0.16,0.04,0.0,0.0,0.62931436,0.07829894,0.17640007,0.11598667
CTACTATGTCAAGCCC-1,0.12,0.04,0.0,0.0,0.061163362,0.6437921,0.2588271,0.0362174
CTACTATGTTCCCAAA-1,0.16,0.04,0.0,0.0,0.0021622714,0.10354174,0.054201134,0.8400949
CTACTATGTTGGTGTT-1,0.12,0.04,0.0,0.0,0.045538995,0.4794162,0.2693563,0.20568843
CTACTATGTTTCACAG-1,0.12,0.04,0.0,0.0,0.98995495,0.0048772753,0.004972596,0.00019524446
CTACTATTCACCTCTG-1,0.12,0.04,0.0,0.0,0.9502917,0.030555533,0.016466597,0.0026862016
CTACTATTCCCGTGTT-1,0.16,0.08,0.0,0.0,0.98890823,0.0075426097,0.0034477692,0.00010132925
CTACTATTCCGGTAAT-1,0.24,0.08,0.0,0.0,0.37680075,0.033819444,0.39171064,0.1976692
CTACTATTCCTTATGT-1,0.12,0.04,0.0,0.0,2.1124258e-06,0.0024012853,0.001590201,0.9960064
CTACTATTCTCCTACG-1,0.16,0.08,0.0,0.0,0.00012037576,0.037022114,0.6310468,0.33181077
CTAGACACAAAGCACG-1,0.16,0.04,0.0,0.0,0.08543936,0.15495294,0.5446234,0.21498437
CTAGACATCCTAGCCT-1,0.16,0.08,0.0,0.0,0.06297056,0.19924954,0.2181521,0.5196278
CTAGACATCGAGTGAG-1,0.16,0.08,0.0,0.0,0.016685715,0.053324588,0.40852877,0.52146095
CTAGGTAAGTAATTGG-1,0.16,0.08,0.0,0.0,0.024697265,0.26362497,0.20994854,0.5017292
CTAGGTACAAAGTATG-1,0.16,0.08,0.0,0.0,0.21562731,0.32653406,0.335362,0.12247665
CTAGGTAGTTATCCAG-1,0.12,0.04,0.0,0.0,4.85321e-08,6.2211264e-05,0.0023121894,0.9976255
CTAGGTATCAAGCCTA-1,0.12,0.04,0.0,0.0,0.08228821,0.555149,0.13813505,0.2244277
CTAGGTATCGGTTGTA-1,0.16,0.04,0.0,0.0,0.15945491,0.12330937,0.45147103,0.2657647
CTAGGTATCGTTGCCT-1,0.04,0.04,0.0,0.0,0.6751285,0.16397858,0.14227061,0.018622318
CTAGGTATCTACAGGT-1,0.12,0.04,0.0,0.0,0.6870587,0.20881264,0.084462225,0.019666519
CTAGGTATCTAGTGAC-1,0.16,0.08,0.0,0.0,3.650333e-07,0.0020339608,0.008096087,0.98986953
CTATAGGAGGCCATAG-1,0.12,0.04,0.0,0.0,0.2998956,0.4174965,0.14843473,0.1341731
CTATAGGCAAAGCACG-1,0.16,0.04,0.0,0.0,0.99721485,0.00089110486,0.0018591995,3.4886616e-05
CTATAGGCAACGTAAA-1,0.12,0.04,0.0,0.0,0.57534397,0.3653564,0.028835494,0.030464137
CTATAGGCACGTAGAG-1,0.16,0.08,0.0,0.0,0.22354338,0.069737785,0.6355023,0.07121653
CTATAGGCACGTTCGG-1,0.16,0.08,0.0,0.0,0.0207509,0.6165019,0.3217551,0.04099204
CTATAGGCAGGCTATT-1,0.16,0.04,0.0,0.0,0.96197945,0.018329972,0.019128084,0.00056250714
CTATCCGAGATTAGCA-1,0.16,0.08,0.0,0.0,0.07504282,0.22638088,0.15063252,0.54794383
CTATCCGAGTTCACTG-1,0.2,0.08,0.0,0.0,0.3399073,0.03143851,0.48610562,0.14254852
CTATCCGGTGAGACGT-1,0.12,0.08,0.0,0.0,2.9164784e-08,0.0049957135,0.0046545854,0.99034965
CTATCCGGTGTCATCA-1,0.16,0.04,0.0,0.0,0.42600068,0.09125125,0.22804622,0.25470176
CTATCCGTCCACAGCG-1,0.12,0.04,0.0,0.0,0.17801937,0.19394799,0.31457213,0.3134605
CTATCCGTCGTTCATT-1,0.16,0.08,0.0,0.0,0.23192437,0.20019571,0.43207178,0.1358081
CTATCCGTCTACACTT-1,0.12,0.04,0.0,0.0,9.926185e-07,0.00048643354,0.006592737,0.99291986
CTATCTAAGCTAATGA-1,0.08,0.04,0.0,0.0,0.073952496,0.6926034,0.09885563,0.13458851
CTATCTAAGGTTACCT-1,0.08,0.04,0.0,0.0,0.81512105,0.09020545,0.07788116,0.016792309
CTATCTAAGTATCCTG-1,0.12,0.04,0.0,0.0,2.8236595e-06,0.0022010598,0.010469026,0.98732704
CTATCTAGTAGTTACC-1,0.12,0.04,0.0,0.0,0.07389165,0.62456,0.08169459,0.21985376
CTATCTAGTCAAAGTA-1,0.16,0.08,0.0,0.0,0.19168776,0.058993276,0.2890926,0.4602264
CTATCTATCGTTGCCT-1,0.12,0.04,0.0,0.0,0.1294388,0.025506506,0.19568825,0.64936644
CTCAACCAGACGACTG-1,0.12,0.04,0.0,0.0,0.07443621,0.15343687,0.7251194,0.04700746
CTCAACCAGCAAATCA-1,0.2,0.08,0.0,0.0,0.19860351,0.14456986,0.34856504,0.30826157
CTCAACCAGCGGGTTA-1,0.16,0.08,0.0,0.0,0.23525083,0.030730795,0.5840115,0.15000686
CTCAACCCACTCGATA-1,0.08,0.04,0.0,0.0,0.09711046,0.30684397,0.27062708,0.32541844
CTCAACCCATCCAATG-1,0.16,0.08,0.0,0.0,0.3059105,0.07522093,0.27677006,0.34209856
CTCAACCGTCCGGCAT-1,0.12,0.04,0.0,0.0,0.96506894,0.0055514146,0.029164618,0.00021498726
CTCAACCTCCATCACC-1,0.16,0.08,0.0,0.0,4.5639396e-08,0.0006063996,0.005285148,0.99410844
CTCAACCTCTGTGTGA-1,0.16,0.04,0.0,0.0,0.4361218,0.38199407,0.14004879,0.041835375
CTCAAGAAGACCTGGA-1,0.12,0.04,0.0,0.0,0.20577043,0.48395434,0.25816002,0.05211517
CTCAAGAAGGCTCACC-1,0.12,0.04,0.0,0.0,0.65684056,0.2455661,0.084078476,0.013514848
CTCAAGAAGTAAGAGG-1,0.12,0.04,0.0,0.0,0.037931606,0.5885017,0.28953916,0.084027536
CTCAAGAAGTCCCTAA-1,0.16,0.04,0.0,0.0,0.04274339,0.5748067,0.3614833,0.020966623
CTCAAGACATGGCCCA-1,0.12,0.04,0.0,0.0,0.36385706,0.062493462,0.21390562,0.35974386
CTCAAGACATTGCCTC-1,0.08,0.04,0.0,0.0,0.0855062,0.54648644,0.2419613,0.12604602
CTCAAGAGTGTCATTG-1,0.16,0.04,0.0,0.0,0.99423015,0.0046321545,0.001048615,8.910478e-05
CTCAATTAGCTGAGCA-1,0.16,0.08,0.0,0.0,0.12143688,0.067643516,0.18723002,0.62368953
CTCAATTCAACAAGAT-1,0.16,0.08,0.0,0.0,0.13696212,0.330147,0.34920168,0.1836893
CTCAATTGTTTACGAC-1,0.12,0.04,0.0,0.0,0.10600473,0.35743943,0.43976757,0.0967883
CTCAATTTCGCCGTGA-1,0.12,0.04,0.0,0.0,0.10173933,0.6684145,0.09941006,0.13043618
CTCAATTTCTTCCACG-1,0.2,0.08,0.0,0.0,0.39743578,0.084788226,0.37055364,0.14722238
CTCACTGAGTGATAAC-1,0.2,0.08,0.0,0.0,0.25004598,0.0695488,0.3581161,0.32228914
CTCACTGCAAGTTCCA-1,0.12,0.04,0.0,0.0,0.13197416,0.46739963,0.3302068,0.07041946
CTCACTGCAGCGTTGC-1,0.12,0.04,0.0,0.0,0.07742281,0.5722172,0.24873361,0.10162642
CTCACTGCATACAGGG-1,0.12,0.04,0.0,0.0,0.90924937,0.03240791,0.051890165,0.006452627
CTCACTGGTTCCTAGA-1,0.12,0.04,0.0,0.0,0.9032772,0.059573427,0.036642086,0.0005072795
CTCACTGTCAAACTGC-1,0.08,0.04,0.0,0.0,0.6526572,0.29580632,0.048151948,0.0033845815
CTCACTGTCCAGTTCC-1,0.12,0.04,0.0,0.0,0.053849906,0.47431925,0.36186153,0.10996936
CTCAGAAAGATCCCAT-1,0.16,0.08,0.0,0.0,0.41320553,0.060528185,0.26403543,0.26223078
CTCAGAAAGCGACTGA-1,0.12,0.04,0.0,0.0,0.39623183,0.09881829,0.07622802,0.42872185
CTCAGAAAGTTGCTGT-1,0.16,0.08,0.0,0.0,0.6799069,0.16209742,0.15318622,0.004809409
CTCAGAACACAGCCAC-1,0.12,0.04,0.0,0.0,0.04684533,0.813309,0.073845334,0.06600037
CTCAGAACAGGCGAAT-1,0.16,0.08,0.0,0.0,0.06830404,0.3521541,0.5300415,0.049500298
CTCAGAAGTCTTCATT-1,0.04,0.08,0.0,0.0,0.011385646,0.37864938,0.31707522,0.29288977
CTCAGAATCAATGTCG-1,0.12,0.04,0.0,0.0,0.9942673,0.00042019298,0.0047442853,0.0005683316
CTCAGAATCAGATGCT-1,0.16,0.08,0.0,0.0,0.8803482,0.09383897,0.021415373,0.004397513
CTCAGAATCAGTGTTG-1,0.16,0.04,0.0,0.0,0.03432786,0.46830097,0.43962252,0.057748687
CTCAGAATCTCTATAC-1,0.12,0.04,0.0,0.0,0.07592818,0.19430955,0.5459678,0.18379445
CTCAGGGAGATACCAA-1,0.16,0.08,0.0,0.0,0.1070058,0.29158434,0.3559416,0.24546824
CTCAGGGCACTGTGAT-1,0.16,0.04,0.0,0.0,0.9510322,0.03562796,0.012189318,0.0011504741
CTCAGGGCAGGCACTC-1,0.12,0.04,0.0,0.0,0.010343127,0.7854557,0.0790133,0.12518784
CTCAGGGGTAGTGGCA-1,0.16,0.08,0.0,0.0,0.4598283,0.4127077,0.103447765,0.024016181
CTCAGGGTCATACAGC-1,0.12,0.04,0.0,0.0,0.68715554,0.07291625,0.23573378,0.004194399
CTCAGGGTCTCGGTAA-1,0.0,0.08,0.0,0.0,9.045896e-06,0.0066720466,0.09956846,0.8937505
CTCAGGGTCTGTAACG-1,0.16,0.08,0.0,0.0,0.9908188,0.0018294774,0.007192658,0.00015914199
CTCAGGGTCTTCCAGC-1,0.16,0.08,0.0,0.0,0.42489123,0.06657855,0.26258755,0.24594268
CTCAGTCCAAGTATCC-1,0.04,0.08,0.0,0.0,0.40032908,0.12051297,0.23264048,0.2465175
CTCAGTCCACATCATG-1,0.16,0.04,0.0,0.0,0.3692191,0.4246458,0.16384077,0.04229439
CTCAGTCGTAGCTTAC-1,0.16,0.04,0.0,0.0,0.08459354,0.51121444,0.31527796,0.08891411
CTCAGTCTCAACTGGT-1,0.16,0.04,0.0,0.0,0.22407313,0.6512374,0.09499527,0.029694192
CTCATCGCAATCCTAG-1,0.16,0.08,0.0,0.0,0.021988392,0.19886893,0.752541,0.026601695
CTCATCGCAATTTCGG-1,0.24,0.08,0.0,0.0,0.09014219,0.54701215,0.2535287,0.10931691
CTCATCGGTCGGTAAG-1,0.16,0.04,0.0,0.0,0.052948732,0.50555146,0.29095632,0.15054342
CTCATCGGTTCTCAGA-1,0.12,0.04,0.0,0.0,0.25663543,0.088265434,0.29840392,0.35669526
CTCATCGTCATGAGGG-1,0.12,0.04,0.0,0.0,0.07578943,0.47370738,0.39412192,0.056381322
CTCATCGTCATGGTAC-1,0.12,0.04,0.0,0.0,0.09583715,0.66253036,0.18161687,0.06001558
CTCATCGTCCAGTGTA-1,0.08,0.04,0.0,0.0,0.0076143756,0.537603,0.40759632,0.0471863
CTCATCGTCTGGTTGA-1,0.16,0.04,0.0,0.0,0.05230234,0.37866712,0.3865074,0.18252316
CTCATGCAGCACTCGC-1,0.12,0.04,0.0,0.0,0.054103702,0.089318626,0.8138039,0.04277373
CTCATGCAGTCGAGGT-1,0.16,0.08,0.0,0.0,0.28444016,0.10211802,0.40419152,0.20925027
CTCATGCCAAGTGCAG-1,0.12,0.04,0.0,0.0,4.0627467e-07,0.00056982745,0.0129279075,0.9865019
CTCATGCTCACGGGCT-1,0.08,0.04,0.0,0.0,0.09142009,0.63796747,0.2384996,0.03211287
CTCATGCTCTTCCCGA-1,0.12,0.04,0.0,0.0,0.034679774,0.30455482,0.5745874,0.08617799
CTCATTAAGCATTTCG-1,0.2,0.08,0.0,0.0,0.059896562,0.062085588,0.1157316,0.76228625
CTCATTAAGTGACCTT-1,0.16,0.08,0.0,0.0,0.07435383,0.23275924,0.48285317,0.21003379
CTCATTACAGTGGGTA-1,0.16,0.08,0.0,0.0,0.003611345,0.45858186,0.117975794,0.41983095
CTCATTAGTTTCGGCG-1,0.16,0.04,0.0,0.0,0.12196312,0.4170752,0.23784074,0.22312099
CTCATTATCTGGGCAC-1,0.16,0.08,0.0,0.0,0.25899687,0.30797774,0.41436464,0.018660795
CTCCAACAGAAACTGT-1,0.16,0.08,0.0,0.0,0.783117,0.0112088,0.1293577,0.07631653
CTCCAACCAACAGCCC-1,0.16,0.04,0.0,0.0,0.09458841,0.5517967,0.2977877,0.05582723
CTCCAACCACCAGGTC-1,0.12,0.04,0.0,0.0,0.12462433,0.3213901,0.260641,0.2933446
CTCCAACCACCAGTTA-1,0.16,0.08,0.0,0.0,0.09644161,0.15540485,0.6769056,0.07124797
CTCCAACCACGCCAGT-1,0.04,0.04,0.0,0.0,0.1163797,0.23607534,0.33401483,0.31353018
CTCCAACGTCACTTAG-1,0.16,0.04,0.0,0.0,0.17034209,0.3805832,0.26718593,0.18188873
CTCCAACTCATGGAGG-1,0.16,0.04,0.0,0.0,0.01918895,0.2172988,0.33345103,0.43006122
CTCCAACTCTCTGCTG-1,0.12,0.04,0.0,0.0,0.9343516,0.041277297,0.0148213655,0.009549692
CTCCACAAGTCATTGC-1,0.12,0.04,0.0,0.0,0.19492678,0.49044818,0.25310668,0.061518326
CTCCACACAATTGAAG-1,0.12,0.04,0.0,0.0,0.09185337,0.2797344,0.3261619,0.30225027
CTCCACACAGCGAACA-1,0.12,0.04,0.0,0.0,0.2466332,0.28660393,0.30976376,0.15699914
CTCCACACATGAAAGT-1,0.16,0.08,0.0,0.0,0.065814935,0.6886198,0.0806562,0.16490908
CTCCACAGTATCAGGG-1,0.16,0.04,0.0,0.0,0.9977749,0.0013156015,0.00087343337,3.605735e-05
CTCCACAGTCAGGAGT-1,0.04,0.08,0.0,0.0,0.7151135,0.023285374,0.25467026,0.006930817
CTCCACAGTGATTCAC-1,0.12,0.04,0.0,0.0,0.3547811,0.36075422,0.21522027,0.069244444
CTCCACATCTAGGCCG-1,0.08,0.04,0.0,0.0,0.052413035,0.5962573,0.31760263,0.03372705
CTCCATGAGGCCTTCG-1,0.12,0.04,0.0,0.0,0.027729578,0.4700472,0.23501238,0.26721078
CTCCATGAGTGAGGCT-1,0.16,0.08,0.0,0.0,0.9170643,0.05566405,0.023588536,0.0036832024
CTCCATGCAGAACTTC-1,0.12,0.04,0.0,0.0,0.29963964,0.26107863,0.15551546,0.28376636
CTCCATGCAGTTAGAA-1,0.12,0.04,0.0,0.0,0.838765,0.10694039,0.050499935,0.0037946647
CTCCATGGTAGCTTAC-1,0.16,0.08,0.0,0.0,1.0099986e-06,0.000601639,0.0036383888,0.99575895
CTCCATGTCCATCTGC-1,0.16,0.08,0.0,0.0,0.22413486,0.35197014,0.14493209,0.27896288
CTCCCAAAGAATCCCT-1,0.16,0.08,0.0,0.0,1.2158713e-05,0.0034996693,0.0066668014,0.9898213
CTCCCAAAGTTCGGTT-1,0.16,0.08,0.0,0.0,0.1490496,0.5097707,0.20074937,0.14043039
CTCCCAATCAGGAACG-1,0.16,0.04,0.0,0.0,0.00022014325,0.16294883,0.0801837,0.7566473
CTCCCAATCCTGTAAG-1,0.16,0.08,0.0,0.0,0.30748,0.24843581,0.13284872,0.31123543
CTCCCAATCGGTCATA-1,0.16,0.08,0.0,0.0,0.13837492,0.2224875,0.3491738,0.28996384
CTCCCAATCTAGCATG-1,0.12,0.04,0.0,0.0,0.8735206,0.048825607,0.07687991,0.00077379856
CTCCCTCAGGACTGGT-1,0.16,0.08,0.0,0.0,0.7490857,0.12157694,0.07303018,0.056307077
CTCCCTCAGGGCAAGG-1,0.12,0.04,0.0,0.0,0.9321632,0.054618623,0.013083122,0.0001351321
CTCCCTCCAATTGCAC-1,0.16,0.08,0.0,0.0,0.3962902,0.14330068,0.22220139,0.23820765
CTCCCTCCAGATCCAT-1,0.12,0.04,0.0,0.0,0.97675145,0.006055332,0.013919092,0.0032741544
CTCCCTCCATGAAGGC-1,0.12,0.04,0.0,0.0,0.45178556,0.30380058,0.16806276,0.07635103
CTCCCTCGTCTACGAT-1,0.16,0.04,0.0,0.0,0.036145132,0.25997818,0.28118947,0.42268726
CTCCCTCTCAAGCCAT-1,0.12,0.04,0.0,0.0,0.019523088,0.47143707,0.32729915,0.18174064
CTCCCTCTCATCTCTA-1,0.12,0.04,0.0,0.0,0.02046302,0.27525282,0.6004394,0.1038447
CTCCCTCTCGCCATAA-1,0.12,0.04,0.0,0.0,0.3948219,0.3281975,0.19641331,0.08056732
CTCCCTCTCGTGTCAA-1,0.16,0.08,0.0,0.0,0.988727,0.0047733914,0.005983427,0.00051617937
CTCCCTCTCTGTCCCA-1,0.12,0.04,0.0,0.0,0.9145024,0.02637514,0.057495408,0.0016269179
CTCCGATAGCAGAAAG-1,0.16,0.04,0.0,0.0,0.009054355,0.076486215,0.3448453,0.5696141
CTCCGATAGCCAAGCA-1,0.12,0.04,0.0,0.0,0.06823933,0.44727078,0.35666147,0.12782834
CTCCGATAGCCGAATG-1,0.16,0.08,0.0,0.0,0.26171553,0.22379357,0.31832653,0.19616432
CTCCGATAGCTGACTT-1,0.16,0.08,0.0,0.0,0.8775839,0.024995955,0.08493598,0.01248418
CTCCGATCACGTCATA-1,0.16,0.08,0.0,0.0,0.24798885,0.29316384,0.32940283,0.12944454
CTCCGATCATCGCTCT-1,0.12,0.04,0.0,0.0,0.9717637,0.02273205,0.00490089,0.00060341886
CTCCGATCATCGGCCA-1,0.16,0.04,0.0,0.0,0.00090249965,0.06721261,0.06411864,0.86776626
CTCCGATCATGACTTG-1,0.2,0.08,0.0,0.0,0.06476464,0.0077419966,0.84783816,0.07965526
CTCCGATGTCACTAGT-1,0.04,0.04,0.0,0.0,0.07788247,0.2538742,0.27082357,0.39741972
CTCCGATGTTAAGACA-1,0.12,0.04,0.0,0.0,0.9561471,0.023982966,0.01815252,0.0017175114
CTCCGATTCCCAAGTA-1,0.16,0.08,0.0,0.0,0.049529813,0.8121847,0.08394842,0.054337062
CTCCTCCCAGGACAGT-1,0.12,0.04,0.0,0.0,0.014390903,0.6051423,0.3081294,0.072337374
CTCCTCCGTATAGGAT-1,0.16,0.04,0.0,0.0,3.3965287e-05,0.004338882,0.02223095,0.97339624
CTCCTCCGTCATCTAG-1,0.12,0.04,0.0,0.0,0.2624974,0.19234781,0.3679133,0.17724141
CTCCTCCGTGACCGTC-1,0.12,0.04,0.0,0.0,0.98871,0.004263649,0.007001449,2.4975765e-05
CTCCTCCTCAAGGACG-1,0.16,0.08,0.0,0.0,0.16252135,0.4909205,0.20606768,0.14049046
CTCCTCCTCGCATAGT-1,0.12,0.04,0.0,0.0,0.98235506,0.009078716,0.008037346,0.00052883057
CTCCTCCTCTGGACCG-1,0.12,0.04,0.0,0.0,0.07066179,0.6117235,0.18016312,0.13745162
CTCCTCCTCTGTACAG-1,0.12,0.04,0.0,0.0,0.92454004,0.045874882,0.029039755,0.00054520427
CTCCTTTAGGCTCTCG-1,0.12,0.04,0.0,0.0,2.409459e-05,0.009251852,0.02365071,0.9670734
CTCCTTTCAGACAAAT-1,0.12,0.04,0.0,0.0,0.1276731,0.63405955,0.08976817,0.14849915
CTCCTTTTCCTTCTGG-1,0.12,0.04,0.0,0.0,0.11991459,0.44947106,0.15708075,0.27353358
CTCGAGGAGCAACAAT-1,0.16,0.08,0.0,0.0,0.21959649,0.18636674,0.26532662,0.32871014
CTCGAGGAGGCTTCCG-1,0.08,0.04,0.0,0.0,0.0016590292,0.25906664,0.16966836,0.56960595
CTCGAGGCAATTTCCT-1,0.16,0.04,0.0,0.0,0.044708926,0.23107934,0.70812374,0.016087994
CTCTCAGAGGAAAGTG-1,0.12,0.04,0.0,0.0,0.1651418,0.4857608,0.2518502,0.097247116
CTCTCAGCAGCCGTCA-1,0.08,0.04,0.0,0.0,0.9471745,0.027568152,0.02421651,0.0010409161
CTCTCAGTCCATAGAC-1,0.12,0.04,0.0,0.0,0.89461917,0.08078183,0.022930156,0.001668774
CTCTCGAAGAGATGCC-1,0.16,0.08,0.0,0.0,0.1615179,0.04435741,0.5946609,0.19946383
CTCTCGAAGAGGGTAA-1,0.16,0.08,0.0,0.0,0.08150651,0.64620745,0.20410626,0.068179764
CTCTCGAAGCGCCCAT-1,0.16,0.08,0.0,0.0,0.13027397,0.5758294,0.25002927,0.04386737
CTCTCGAAGGATTTCC-1,0.16,0.08,0.0,0.0,0.09444374,0.3128904,0.5311385,0.06152738
CTCTCGACAATGGCCC-1,0.16,0.08,0.0,0.0,0.00013670599,0.0029925227,0.07723016,0.91964054
CTCTCGACACGGGCTT-1,0.12,0.04,0.0,0.0,0.15779851,0.40883622,0.11145864,0.3219066
CTCTGGTAGCACACAG-1,0.12,0.04,0.0,0.0,0.12003189,0.23361273,0.4472028,0.1991526
CTCTGGTAGTCGCCAC-1,0.12,0.04,0.0,0.0,0.08645414,0.5276935,0.31201145,0.073840894
CTCTGGTCAAGCGAAC-1,0.16,0.08,0.0,0.0,0.056235854,0.27197015,0.16164698,0.51014704
CTCTGGTCACCGTGGT-1,0.16,0.04,0.0,0.0,0.14152381,0.4442509,0.3094114,0.10481386
CTCTGGTCAGGGACTA-1,0.12,0.04,0.0,0.0,0.018151505,0.43543318,0.42452824,0.121887125
CTCTGGTGTAAGTCAA-1,0.16,0.08,0.0,0.0,0.25976068,0.060883716,0.15906562,0.52028996
CTCTGGTTCCTGGGAC-1,0.12,0.04,0.0,0.0,0.05647491,0.5927032,0.10769715,0.24312474
CTCTGGTTCTCTCTTC-1,0.16,0.08,0.0,0.0,0.13924776,0.49917114,0.29154533,0.07003578
CTCTGGTTCTGTGCTC-1,0.16,0.08,0.0,0.0,0.9975822,0.00078312616,0.0015513895,8.327546e-05
CTGAATGAGACGAGCT-1,0.2,0.08,0.0,0.0,0.2767131,0.39569074,0.19073066,0.1368655
CTGAATGCAAGTATCC-1,0.12,0.04,0.0,0.0,0.15134893,0.31155673,0.35860133,0.17849296
CTGAATGGTATCATGC-1,0.16,0.04,0.0,0.0,0.08259207,0.1267523,0.6835473,0.10710826
CTGAATGGTCGCTGCA-1,0.16,0.08,0.0,0.0,0.052914772,0.7426495,0.18517001,0.019265663
CTGAATGGTTGAAGTA-1,0.24,0.08,0.0,0.0,0.08759058,0.62856543,0.23987278,0.043971233
CTGAATGTCAACCTTT-1,0.08,0.04,0.0,0.0,0.26196653,0.38654023,0.30569848,0.04579483
CTGAATGTCACTGGGC-1,0.12,0.04,0.0,0.0,0.9525748,0.019351278,0.02675285,0.001321114
CTGAATGTCAGTCAGT-1,0.16,0.04,0.0,0.0,0.0006517646,0.068056874,0.20002328,0.7312681
CTGAGCGAGATAACGT-1,0.16,0.08,0.0,0.0,0.8827259,0.026911622,0.08493043,0.0054320027
CTGAGCGAGGATACGC-1,0.16,0.04,0.0,0.0,0.06335909,0.8258057,0.10139413,0.00944103
CTGAGCGCAGCCCACA-1,0.16,0.08,0.0,0.0,0.26395527,0.2077261,0.43088457,0.09743411
CTGAGCGGTAATACCC-1,0.12,0.04,0.0,0.0,0.12346128,0.12648688,0.6609454,0.08910646
CTGAGCGGTCACCACG-1,0.16,0.04,0.0,0.0,0.55316895,0.10536751,0.31242767,0.029035905
CTGAGCGGTGCATTAC-1,0.2,0.08,0.0,0.0,0.21089861,0.31660774,0.2162544,0.25623924
CTGAGCGTCATACGAC-1,0.16,0.08,0.0,0.0,0.15188219,0.13539091,0.5839823,0.12874459
CTGAGCGTCTTCCGTG-1,0.16,0.08,0.0,0.0,0.08745117,0.65306,0.18185093,0.07763786
CTGAGGCAGCAAGCCA-1,0.16,0.08,0.0,0.0,0.99853396,0.0009071319,0.000407173,0.000151612
CTGAGGCAGGATTTCC-1,0.16,0.08,0.0,0.0,0.12671036,0.574808,0.21938527,0.07909637
CTGAGGCCAATTGTGC-1,0.12,0.04,0.0,0.0,0.982193,0.013535827,0.0035291635,0.0007421263
CTGAGGCCACATATGC-1,0.12,0.04,0.0,0.0,0.08091109,0.5864296,0.29603043,0.036628917
CTGAGGCCACTGCATA-1,0.12,0.04,0.0,0.0,0.8943367,0.0882506,0.014236604,0.003176078
CTGAGGCGTACATTGC-1,0.12,0.04,0.0,0.0,0.051905826,0.08974756,0.7717986,0.086548
CTGAGGCGTACCTTCC-1,0.16,0.08,0.0,0.0,0.1777532,0.3667008,0.1696097,0.2859363
CTGAGGCTCCCAAGTA-1,0.12,0.04,0.0,0.0,0.056272436,0.4275738,0.31801337,0.19814044
CTGATCCCATATGGCT-1,0.12,0.04,0.0,0.0,0.072226174,0.5190436,0.32256457,0.086165614
CTGATCCGTAACTTCG-1,0.16,0.08,0.0,0.0,0.2681336,0.15631998,0.15331353,0.42223284
CTGATCCGTCCAAAGG-1,0.12,0.04,0.0,0.0,0.469147,0.40048188,0.04540744,0.08496367
CTGATCCGTGGGCTTC-1,0.16,0.04,0.0,0.0,0.2659596,0.08848601,0.4073641,0.23819034
CTGATCCGTTCTCCTG-1,0.12,0.04,0.0,0.0,0.5435037,0.26180124,0.18972102,0.0049740984
CTGATCCGTTGCGGCT-1,0.16,0.08,0.0,0.0,0.853515,0.0988923,0.026380932,0.021211665
CTGATCCGTTGGGCCT-1,0.2,0.08,0.0,0.0,0.47889748,0.051676285,0.32550466,0.14392152
CTGATCCTCGCGTTTC-1,0.16,0.08,0.0,0.0,0.6757843,0.14654337,0.102133244,0.07553906
CTGCAGGCAACACAAA-1,0.16,0.08,0.0,0.0,0.029478312,0.7739192,0.14735557,0.04924682
CTGCAGGCAGTCAGAG-1,0.2,0.08,0.0,0.0,0.09008554,0.3672866,0.5182263,0.02440154
CTGCAGGGTAGCTTGT-1,0.16,0.08,0.0,0.0,0.000971086,0.14317472,0.16215627,0.6936979
CTGCAGGGTCTACATG-1,0.12,0.04,0.0,0.0,0.1253026,0.79801023,0.053702794,0.022984348
CTGCAGGGTCTGATAC-1,0.16,0.04,0.0,0.0,0.10391822,0.32769787,0.48948556,0.07889829
CTGCAGGGTTGCTGAT-1,0.12,0.04,0.0,0.0,8.543809e-09,0.0012759258,0.011819948,0.98690414
CTGCAGGTCAGGACGA-1,0.12,0.04,0.0,0.0,0.90453416,0.07313195,0.019486401,0.0028474918
CTGCAGGTCCGACAGC-1,0.12,0.04,0.0,0.0,0.965225,0.010156301,0.02447547,0.00014324005
CTGCAGGTCCTCACGT-1,0.12,0.04,0.0,0.0,0.9965803,0.0007669938,0.0025281066,0.00012464229
CTGCATCCACTAAACC-1,0.12,0.04,0.0,0.0,0.1400362,0.3798451,0.2981314,0.18198732
CTGCATCCATCCGGTG-1,0.12,0.04,0.0,0.0,0.23186482,0.1898706,0.26490176,0.31336275
CTGCATCCATGACTCA-1,0.16,0.08,0.0,0.0,0.048407793,0.44626546,0.48469004,0.020636719
CTGCATCGTGAACCGA-1,0.12,0.04,0.0,0.0,0.07409292,0.6897868,0.15373857,0.08238167
CTGCATCTCATTCTTG-1,0.16,0.04,0.0,0.0,0.15793768,0.45415524,0.1628814,0.2250257
CTGCCATAGAGTACCG-1,0.16,0.04,0.0,0.0,0.21234973,0.306375,0.26352045,0.21775481
CTGCCATCATCCTCAC-1,0.12,0.04,0.0,0.0,1.1166881e-07,0.00048912794,0.0039941906,0.9955166
CTGCCATGTCCTGGTG-1,0.12,0.04,0.0,0.0,0.06986361,0.5698107,0.26247394,0.09785175
CTGCCATGTGGCGTAA-1,0.12,0.04,0.0,0.0,8.5771324e-05,0.026999827,0.07924478,0.89366966
CTGCCATGTTATCCAG-1,0.12,0.04,0.0,0.0,0.08359179,0.5399997,0.12850183,0.24790663
CTGCCATTCCTAGCGG-1,0.16,0.08,0.0,0.0,0.037208736,0.258109,0.62856203,0.07612026
CTGCCTAGTAATGTGA-1,0.16,0.08,0.0,0.0,0.24008632,0.011193941,0.6377395,0.11098025
CTGCCTAGTACCGGCT-1,0.12,0.04,0.0,0.0,0.7121455,0.033315953,0.14478822,0.10975031
CTGCCTATCACCACAA-1,0.16,0.08,0.0,0.0,0.981859,0.0035035815,0.0133152325,0.0013221361
CTGCCTATCCATTGGA-1,0.16,0.04,0.0,0.0,0.13615915,0.22173014,0.44992134,0.19218935
CTGCGAGAGAGGGTAA-1,0.2,0.08,0.0,0.0,0.39055926,0.10245799,0.3291307,0.17785214
CTGCGAGAGCGTGTTT-1,0.16,0.04,0.0,0.0,0.3104207,0.24206665,0.25354996,0.19396271
CTGCGAGAGTCTTCGA-1,0.12,0.04,0.0,0.0,0.051045395,0.6602389,0.1554629,0.13325275
CTGCGAGCAACACACT-1,0.16,0.04,0.0,0.0,0.09055451,0.13970251,0.6968969,0.072846025
CTGCGAGCATACAGGG-1,0.12,0.04,0.0,0.0,0.14829376,0.52319056,0.20845939,0.120056294
CTGCGAGGTCGGCTAC-1,0.12,0.04,0.0,0.0,0.21849836,0.33279777,0.35086173,0.097842075
CTGCGAGTCATATGGC-1,0.16,0.08,0.0,0.0,0.0066100815,0.09196081,0.13227655,0.7691526
CTGCGAGTCCATTTAC-1,0.12,0.04,0.0,0.0,0.055506237,0.076400064,0.8011592,0.06693454
CTGCGAGTCGCCATAA-1,0.16,0.08,0.0,0.0,0.08902023,0.24088225,0.6119942,0.058103316
CTGCTCAAGCTAAACA-1,0.16,0.08,0.0,0.0,0.16424797,0.32539,0.38002163,0.13034041
CTGCTCACAAAGAACT-1,0.16,0.04,0.0,0.0,0.275548,0.36496937,0.16092134,0.1985613
CTGCTCACAGCAGTAG-1,0.16,0.08,0.0,0.0,0.26763943,0.11141448,0.29285732,0.32808882
CTGCTCACATACCAGT-1,0.12,0.04,0.0,0.0,0.1476267,0.49739903,0.096994,0.25798032
CTGGACGCAACGTTAC-1,0.16,0.08,0.0,0.0,0.045245506,0.22608247,0.12588342,0.60278857
CTGGACGCAGTCGCAC-1,0.16,0.08,0.0,0.0,0.3030841,0.21549071,0.24061224,0.24081297
CTGGACGGTACCGCGT-1,0.04,0.04,0.0,0.0,0.037460715,0.3413925,0.49402025,0.12712651
CTGGACGGTAGATGTA-1,0.12,0.04,0.0,0.0,0.061329216,0.8845372,0.034516945,0.019616665
CTGGACGGTCTGTGCG-1,0.16,0.08,0.0,0.0,0.011010707,0.30663875,0.65581673,0.026533779
CTGGACGTCAGGAGAC-1,0.16,0.04,0.0,0.0,0.58314884,0.220942,0.16141349,0.034495655
CTGGACGTCGGAGTAG-1,0.12,0.04,0.0,0.0,0.11366529,0.13939545,0.33639094,0.41054827
CTGGCAGAGGGACCAT-1,0.16,0.08,0.0,0.0,0.1520145,0.10369324,0.4867652,0.25752708
CTGGCAGAGGTAAACT-1,0.16,0.08,0.0,0.0,0.2262112,0.17203808,0.4507499,0.1510008
CTGGCAGCACCGTCTT-1,0.12,0.04,0.0,0.0,0.7851994,0.14584412,0.055131964,0.013824551
CTGGCAGCACCTGATA-1,0.04,0.04,0.0,0.0,0.22307348,0.3975113,0.25678587,0.12262931
CTGGCAGGTGGGTTGA-1,0.16,0.08,0.0,0.0,0.008854105,0.16389722,0.13149677,0.69575185
CTGGCAGGTGTTGCCG-1,0.16,0.08,0.0,0.0,0.8741908,0.07190734,0.030692764,0.023209192
CTGGCAGTCAATCCGA-1,0.16,0.08,0.0,0.0,0.30853283,0.08594627,0.29892722,0.30659366
CTGGCAGTCCCAAGTA-1,0.12,0.04,0.0,0.0,8.1422263e-07,0.0009777262,0.009725706,0.9892958
CTGGCAGTCTTAGTTC-1,0.16,0.04,0.0,0.0,0.019124523,0.05393319,0.85346836,0.07347394
CTGGCAGTCTTCGGTC-1,0.12,0.04,0.0,0.0,0.10481587,0.6545422,0.14812568,0.09251623
CTGGTCTAGCGACCCT-1,0.12,0.04,0.0,0.0,0.98778325,0.010642425,0.0014908148,8.347442e-05
CTGGTCTGTCTGCCTT-1,0.04,0.04,0.0,0.0,0.03319882,0.11264129,0.17167832,0.6824816
CTGGTCTGTGACATCT-1,0.12,0.04,0.0,0.0,0.062310345,0.29097146,0.2507937,0.3959245
CTGGTCTTCCTCTTTC-1,0.12,0.04,0.0,0.0,0.04308077,0.5816269,0.28618708,0.089105316
CTGTACCAGAGAGTTT-1,0.16,0.04,0.0,0.0,0.18830997,0.1540924,0.569443,0.08815459
CTGTACCAGTACCCTA-1,0.16,0.08,0.0,0.0,0.002218377,0.008821579,0.11301659,0.8759434
CTGTACCCACGCACCA-1,0.16,0.08,0.0,0.0,0.15706505,0.21306495,0.1413615,0.48850852
CTGTACCCAGACGATG-1,0.12,0.04,0.0,0.0,0.54084176,0.28283578,0.15024444,0.026078021
CTGTACCGTCTCTCAC-1,0.16,0.08,0.0,0.0,0.012028133,0.014112167,0.8981308,0.075729005
CTGTACCTCCTTCGAC-1,0.16,0.08,0.0,0.0,1.7957258e-07,0.00111847,0.0050243074,0.9938571
CTGTAGAAGCCATGCC-1,0.12,0.04,0.0,0.0,0.019609855,0.54249966,0.15140466,0.28648582
CTGTAGAGTACTGCGC-1,0.12,0.04,0.0,0.0,0.05623777,0.19562736,0.5208323,0.22730254
CTGTAGAGTAGATGTA-1,0.16,0.08,0.0,0.0,0.348189,0.17081875,0.30106127,0.17993104
CTGTATTAGGTCTTTG-1,0.16,0.08,0.0,0.0,0.95836556,0.038633503,0.002595888,0.00040516618
CTGTATTAGTGGTTAA-1,0.16,0.04,0.0,0.0,0.032096714,0.729839,0.13430628,0.103757955
CTGTATTCACGACGTC-1,0.12,0.04,0.0,0.0,0.01376992,0.04408024,0.19515721,0.74699265
CTGTATTGTAAGATTG-1,0.2,0.08,0.0,0.0,0.3816094,0.086801596,0.30591744,0.22567157
CTGTATTGTGCATGTT-1,0.16,0.08,0.0,0.0,0.22149302,0.10635127,0.3724858,0.29966992
CTGTCGTAGCGGGTTA-1,0.2,0.08,0.0,0.0,0.06276395,0.75351226,0.115886256,0.0678375
CTGTCGTAGTTCTACG-1,0.16,0.08,0.0,0.0,0.05689159,0.19074616,0.19562626,0.556736
CTGTCGTCACTACAGT-1,0.12,0.04,0.0,0.0,0.14107153,0.47807708,0.22869436,0.15215707
CTGTCGTCATCTCGTC-1,0.12,0.04,0.0,0.0,0.19169457,0.2787814,0.35010377,0.17942025
CTGTCGTGTAAGTTGA-1,0.16,0.08,0.0,0.0,0.2711241,0.32189554,0.14339519,0.26358527
CTGTCGTTCGGAATTC-1,0.16,0.08,0.0,0.0,0.13534205,0.2648657,0.35432315,0.24546908
CTGTCGTTCTACCCAC-1,0.16,0.08,0.0,0.0,0.25204292,0.118423626,0.11367609,0.51585734
CTGTCGTTCTCAGAAC-1,0.16,0.08,0.0,0.0,0.039459184,0.60060006,0.2901106,0.06983013
CTGTGAAAGATGTTCC-1,0.16,0.08,0.0,0.0,0.31303856,0.19337735,0.39264414,0.100940004
CTGTGAAAGGCCTGAA-1,0.12,0.04,0.0,0.0,0.95317703,0.03648566,0.01013091,0.00020637669
CTGTGAAGTACACGTT-1,0.16,0.08,0.0,0.0,0.059088103,0.31595832,0.39317638,0.2317772
CTGTGAAGTCGCAGTC-1,0.16,0.08,0.0,0.0,0.28413185,0.12118349,0.39661545,0.19806913
CTGTGGGAGTCACGAG-1,0.16,0.08,0.0,0.0,0.13630345,0.57347196,0.21543953,0.074784994
CTGTGGGCAAATGGCG-1,0.12,0.04,0.0,0.0,0.103988886,0.255836,0.40678322,0.23339187
CTGTGGGCAACCGGAA-1,0.16,0.08,0.0,0.0,0.17783815,0.2824551,0.36846358,0.17124319
CTGTGGGCATAGTCGT-1,0.16,0.08,0.0,0.0,0.2896117,0.06003444,0.3093331,0.34102082
CTGTGGGCATCGCTAA-1,0.12,0.04,0.0,0.0,0.07908848,0.30568492,0.39382625,0.22140037
CTGTGGGGTGGCTTGC-1,0.16,0.08,0.0,0.0,0.99158704,0.0077136583,0.00049515365,0.00020417651
CTGTGGGTCAAACTGC-1,0.16,0.08,0.0,0.0,0.15212329,0.43831417,0.3758453,0.03371726
CTGTGGGTCATCTATC-1,0.12,0.04,0.0,0.0,9.006309e-06,0.0049060313,0.014680272,0.9804047
CTGTGGGTCTTAGCAG-1,0.12,0.04,0.0,0.0,0.1408071,0.2381278,0.3699561,0.2511089
CTTACCGCAAGGCAAC-1,0.12,0.04,0.0,0.0,0.017627258,0.62574404,0.2159775,0.14065115
CTTACCGCAGTGTGCC-1,0.16,0.08,0.0,0.0,0.1307021,0.09068772,0.46389872,0.3147114
CTTACCGGTTGGGATG-1,0.16,0.08,0.0,0.0,0.09803552,0.6263844,0.17453851,0.10104161
CTTAGGAAGCTTTCTT-1,0.16,0.04,0.0,0.0,0.0629449,0.5474456,0.31187114,0.07773838
CTTAGGAAGGCTTAAA-1,0.16,0.08,0.0,0.0,0.21046019,0.15363023,0.48662746,0.14928207
CTTAGGAAGTAATCCC-1,0.16,0.04,0.0,0.0,0.003318257,0.08790052,0.14261949,0.7661617
CTTAGGAGTTGGCCGT-1,0.12,0.04,0.0,0.0,4.2186372e-07,0.0010880813,0.007836377,0.99107504
CTTCAATAGACTCTTG-1,0.12,0.04,0.0,0.0,0.68921196,0.081885524,0.080503285,0.14839911
CTTCAATCACCTGAAT-1,0.12,0.04,0.0,0.0,0.90772754,0.025910353,0.048877817,0.017484237
CTTCAATTCAGCATTG-1,0.16,0.04,0.0,0.0,0.28759724,0.14742342,0.24292244,0.32205692
CTTCCGAAGGACGGAG-1,0.12,0.04,0.0,0.0,0.0005558448,0.010682581,0.053798202,0.93496335
CTTCCGAGTGTCATCA-1,0.16,0.04,0.0,0.0,0.07736697,0.355575,0.5031445,0.06391347
CTTCCGAGTTGCAACT-1,0.12,0.04,0.0,0.0,1.0525889e-06,0.0011659807,0.005034873,0.9937981
CTTCCTTAGCCTAACT-1,0.16,0.08,0.0,0.0,0.16783865,0.02346778,0.6272355,0.1814581
CTTCCTTAGTTCATGC-1,0.16,0.08,0.0,0.0,0.7438165,0.100474186,0.088282794,0.06742646
CTTCCTTCATAGTCAC-1,0.16,0.08,0.0,0.0,0.117198,0.35077956,0.39807513,0.13394733
CTTCCTTGTAGATCGG-1,0.08,0.04,0.0,0.0,0.009390281,0.46348834,0.44584107,0.081280336
CTTCCTTGTAGCGCTC-1,0.12,0.04,0.0,0.0,0.27508813,0.08905903,0.2422087,0.39364418
CTTCCTTGTATAGCTC-1,0.04,0.04,0.0,0.0,0.17733376,0.44620302,0.21958481,0.15687844
CTTCCTTGTTGTTTGG-1,0.16,0.08,0.0,0.0,0.023873704,0.025122076,0.6991876,0.25181663
CTTCCTTTCCCTTGGT-1,0.12,0.04,0.0,0.0,0.037929732,0.7961519,0.1254515,0.04046696
CTTCCTTTCGTCCTCA-1,0.12,0.04,0.0,0.0,0.76174295,0.21733117,0.017455148,0.0034707643
CTTCCTTTCTTTCCGG-1,0.12,0.04,0.0,0.0,0.8610988,0.100382835,0.03523072,0.0032875722
CTTCGGTCATAGGAGC-1,0.12,0.04,0.0,0.0,0.13484912,0.37898472,0.32000753,0.16615863
CTTCGGTCATCCGAGC-1,0.2,0.08,0.0,0.0,0.67299217,0.18613864,0.11091881,0.029950352
CTTCGGTGTATGCGTT-1,0.16,0.04,0.0,0.0,5.9470713e-06,0.001559496,0.0031610471,0.99527353
CTTCGGTGTCGAATTC-1,0.16,0.04,0.0,0.0,0.10447672,0.5445399,0.30858254,0.04240079
CTTCGGTGTCTTGTCC-1,0.12,0.04,0.0,0.0,0.29887474,0.13777855,0.25327173,0.31007499
CTTCGGTGTGTTCATG-1,0.16,0.08,0.0,0.0,0.000100178186,0.07551195,0.059973095,0.8644148
CTTCGGTGTTCAAGTC-1,0.16,0.04,0.0,0.0,0.0001551801,0.03429543,0.20136575,0.76418364
CTTCGGTGTTGGTGTT-1,0.2,0.08,0.0,0.0,0.23071791,0.33998054,0.0795797,0.34972182
CTTCGGTTCATGTCAG-1,0.16,0.08,0.0,0.0,0.8787026,0.048692733,0.060875107,0.011729589
CTTCTAAAGCAGGCTA-1,0.16,0.04,0.0,0.0,0.27775443,0.1034468,0.5425611,0.07623768
CTTCTAAGTACTAAGA-1,0.16,0.04,0.0,0.0,0.16466427,0.29250348,0.40273273,0.14009951
CTTCTAATCAGTGCGC-1,0.12,0.04,0.0,0.0,0.89132714,0.052414924,0.046188027,0.010069989
CTTCTCTCATCGATCA-1,0.12,0.04,0.0,0.0,0.9708811,0.008551416,0.013803134,0.006764259
CTTCTCTCATGAGAAT-1,0.12,0.04,0.0,0.0,1.086036e-08,0.000647939,0.002214811,0.9971372
CTTCTCTTCAGAATAG-1,0.16,0.08,0.0,0.0,0.1317816,0.20380466,0.29717284,0.36724085
CTTCTCTTCGATCCCT-1,0.16,0.04,0.0,0.0,0.003260124,0.14685191,0.21635666,0.6335313
CTTGAGAAGATCGCCC-1,0.16,0.04,0.0,0.0,0.045763157,0.52864957,0.38277593,0.042811368
CTTGAGACAACACAAA-1,0.16,0.08,0.0,0.0,0.16978581,0.35656914,0.3444863,0.1291587
CTTGAGACACAAATAG-1,0.12,0.08,0.0,0.0,0.77302533,0.15967591,0.059119202,0.008179583
CTTGAGACACATTGTG-1,0.16,0.04,0.0,0.0,0.19155285,0.08735505,0.5519951,0.16909699
CTTGAGACAGCACAAG-1,0.12,0.04,0.0,0.0,0.086684786,0.32615635,0.37714452,0.2100143
CTTGAGACATGTGTCA-1,0.16,0.04,0.0,0.0,0.08157546,0.2880577,0.49806428,0.1323026
CTTGAGAGTACACGCC-1,0.16,0.04,0.0,0.0,0.05899465,0.4011124,0.47216776,0.06772513
CTTGATTAGAGGATCC-1,0.16,0.04,0.0,0.0,0.52115077,0.4056889,0.049550906,0.023609353
CTTGATTAGTATGGCG-1,0.16,0.08,0.0,0.0,0.050966445,0.75425404,0.18679658,0.007982928
CTTGATTCAACATACC-1,0.16,0.08,0.0,0.0,0.021512795,0.26211837,0.6800891,0.036279757
CTTGATTCAGAGGAAA-1,0.16,0.08,0.0,0.0,0.22231022,0.6055654,0.13002832,0.042096037
CTTGATTCAGAGTTCT-1,0.16,0.08,0.0,0.0,0.24874467,0.07377404,0.31925032,0.358231
CTTGATTCAGTCACGC-1,0.12,0.04,0.0,0.0,0.90832955,0.07433168,0.016044801,0.0012940102
CTTGATTGTTCTATCT-1,0.16,0.08,0.0,0.0,0.013894989,0.78434706,0.19548069,0.0062773232
CTTGATTTCATCGCCT-1,0.16,0.04,0.0,0.0,0.8439457,0.07100026,0.06229817,0.02275588
CTTTCAACAACCACGC-1,0.12,0.04,0.0,0.0,0.4620535,0.35869887,0.1491254,0.030122157
CTTTCAACAAGCACCC-1,0.04,0.04,0.0,0.0,0.01749149,0.31242558,0.45566067,0.2144222
CTTTCAAGTCGCTTGG-1,0.16,0.04,0.0,0.0,0.19068424,0.481924,0.21080706,0.11658472
CTTTCAAGTGGCAACA-1,0.16,0.04,0.0,0.0,0.052415665,0.7346821,0.15465279,0.05824949
CTTTCAAGTGTGAGCA-1,0.12,0.04,0.0,0.0,0.15138415,0.39432433,0.25374556,0.20054606
CTTTCAAGTTGATCGT-1,0.16,0.04,0.0,0.0,0.13993627,0.50932336,0.27088958,0.07985079
CTTTCAATCCTAAGTG-1,0.12,0.04,0.0,0.0,0.8489336,0.10331143,0.043343704,0.004411328
CTTTCGGAGTCACGCC-1,0.24,0.08,0.0,0.0,0.8171857,0.16856512,0.012994517,0.0012546387
CTTTCGGCAAACGTGG-1,0.16,0.08,0.0,0.0,0.24009076,0.30052552,0.17389947,0.28548425
CTTTCGGCACACCGAC-1,0.12,0.04,0.0,0.0,0.97835106,0.016681734,0.004436697,0.00053059054
CTTTCGGCACTTGTCC-1,0.12,0.04,0.0,0.0,0.0172714,0.4064459,0.39859682,0.17768589
CTTTCGGGTGCAGATG-1,0.16,0.08,0.0,0.0,0.036176298,0.06379588,0.8783897,0.021638038
CTTTCGGTCCAGTGCG-1,0.16,0.08,0.0,0.0,0.08283082,0.63482124,0.2413684,0.040979516
GAAACCTAGCGTTAGG-1,0.16,0.08,0.0,0.0,0.99963915,0.00020364262,0.00015438374,2.7639453e-06
GAAACCTAGTGAGGTC-1,0.12,0.04,0.0,0.0,0.16400054,0.53352886,0.08219286,0.22027771
GAAACCTCACACCGAC-1,0.2,0.08,0.0,0.0,0.29207236,0.10035397,0.33799705,0.2695766
GAAACCTGTCCATCTC-1,0.12,0.04,0.0,0.0,0.04176894,0.09388091,0.7540796,0.11027058
GAAACCTGTTCGCGTG-1,0.16,0.08,0.0,0.0,0.08718741,0.5723846,0.20654644,0.13388148
GAAACCTTCTGTCGTC-1,0.12,0.04,0.0,0.0,0.16238937,0.3415069,0.40775082,0.088352926
GAAATGAAGTTTCAGC-1,0.12,0.04,0.0,0.0,0.055164117,0.31020862,0.49349537,0.14113191
GAAATGACAGTAGAGC-1,0.16,0.08,0.0,0.0,0.14858112,0.39976412,0.110847756,0.340807
GAAATGACATGTGGCC-1,0.12,0.04,0.0,0.0,0.07137021,0.6659484,0.19181965,0.07086173
GAAATGATCCATGCAA-1,0.12,0.04,0.0,0.0,0.023928948,0.46854004,0.2746552,0.23287584
GAAATGATCGTTATCT-1,0.04,0.04,0.0,0.0,0.0312386,0.7029802,0.23660682,0.02917431
GAACACTAGGATACAT-1,0.16,0.04,0.0,0.0,0.4145267,0.08014274,0.33175108,0.17357951
GAACACTAGGGACTGT-1,0.12,0.04,0.0,0.0,0.77817863,0.15122503,0.041752208,0.028844168
GAACACTCAGTTAGGG-1,0.16,0.08,0.0,0.0,0.113035664,0.6618381,0.08287489,0.14225134
GAACACTGTCGTGATT-1,0.2,0.08,0.0,0.0,0.79947436,0.037325572,0.13437547,0.028824648
GAACACTGTTGTACGT-1,0.16,0.04,0.0,0.0,0.21677159,0.22851858,0.25466207,0.30004776
GAACACTTCAGGAGAC-1,0.12,0.04,0.0,0.0,0.11070585,0.40422982,0.3910783,0.09398612
GAACACTTCGTTGTGA-1,0.16,0.04,0.0,0.0,0.33981195,0.08048787,0.17566364,0.4040366
GAACGTTAGACAGCTG-1,0.16,0.08,0.0,0.0,0.10621967,0.3808719,0.44304454,0.06986395
GAACGTTAGTTTCTTC-1,0.16,0.04,0.0,0.0,0.075180955,0.4514511,0.33684868,0.13651925
GAACGTTCAATTGAAG-1,0.16,0.04,0.0,0.0,0.07164908,0.60500914,0.2705137,0.052828103
GAACGTTGTCAGTCGC-1,0.12,0.04,0.0,0.0,0.8716452,0.045327626,0.07991718,0.0031100027
GAACGTTTCGACTCCT-1,0.16,0.08,0.0,0.0,0.28687578,0.2757017,0.18109207,0.2563304
GAACGTTTCGCGATCG-1,0.16,0.08,0.0,0.0,0.8053489,0.046503607,0.14714746,0.0010001005
GAACGTTTCTCTCGCA-1,0.16,0.04,0.0,0.0,0.034225076,0.46213397,0.22679693,0.27684397
GAACTGTAGATGTTGA-1,0.16,0.04,0.0,0.0,0.14859046,0.12496477,0.40421802,0.32222673
GAACTGTAGTTGCCTA-1,0.16,0.04,0.0,0.0,0.0045862715,0.06939734,0.5993166,0.3266998
GAACTGTCACTGTCCT-1,0.04,0.08,0.0,0.0,0.16203487,0.4865405,0.2997944,0.051630184
GAACTGTCATTGACCA-1,0.2,0.08,0.0,0.0,0.107944205,0.60685366,0.22963502,0.05556713
GAACTGTGTGTCTTAG-1,0.16,0.08,0.0,0.0,0.13360384,0.3835422,0.32392126,0.15893275
GAACTGTTCATTGAGC-1,0.16,0.08,0.0,0.0,0.9030564,0.029091805,0.06454027,0.0033115253
GAAGAATAGGTGTGAC-1,0.16,0.08,0.0,0.0,0.10308876,0.048641287,0.7795346,0.06873541
GAAGAATCAAACCACT-1,0.12,0.04,0.0,0.0,0.114206344,0.6144549,0.10098826,0.17035049
GAAGAATCAGCGACAA-1,0.16,0.08,0.0,0.0,0.00014444876,0.07371705,0.04946659,0.8766719
GAAGAATGTAGAGCTG-1,0.16,0.08,0.0,0.0,0.44965866,0.21571235,0.26538187,0.06924708
GAAGAATGTATGTCAC-1,0.16,0.08,0.0,0.0,0.2917621,0.071086496,0.3485155,0.2886358
GAAGAATGTCAAACGG-1,0.16,0.04,0.0,0.0,0.978119,0.010663085,0.005724554,0.00549342
GAAGAATGTGACCTGC-1,0.16,0.04,0.0,0.0,0.9808107,0.010311389,0.008192459,0.0006853975
GAAGAATGTGTAAATG-1,0.12,0.04,0.0,0.0,5.277957e-05,0.0068742316,0.06001896,0.93305403
GAAGAATTCCGGTAAT-1,0.12,0.04,0.0,0.0,0.101749726,0.2465742,0.5897729,0.061903168
GAAGAATTCTACGGTA-1,0.12,0.04,0.0,0.0,0.24756567,0.40297613,0.32188258,0.02757562
GAAGCCCCATGAGATA-1,0.12,0.04,0.0,0.0,0.68425125,0.1910167,0.11351472,0.011217299
GAAGCCCGTACAGTCT-1,0.04,0.04,0.0,0.0,0.50028056,0.29480714,0.1709711,0.033941235
GAAGCCCGTACTGCCG-1,0.2,0.08,0.0,0.0,0.99697495,0.0007434655,0.0022588086,2.2736682e-05
GAAGCCCTCGCCGAGT-1,0.12,0.04,0.0,0.0,0.96078676,0.029652787,0.008370865,0.0011895588
GAAGCGAAGAGAGGTA-1,0.16,0.04,0.0,0.0,0.9728856,0.01874691,0.0071885786,0.0011789307
GAAGCGAAGAGTCAGC-1,0.12,0.04,0.0,0.0,0.17394218,0.55245036,0.09466763,0.1789398
GAAGCGACACCTGAAT-1,0.16,0.04,0.0,0.0,0.06813911,0.5998823,0.24093178,0.0910468
GAAGCGACACGTAGAG-1,0.16,0.04,0.0,0.0,0.13144368,0.583803,0.2058766,0.07887672
GAAGCGACAGCATACT-1,0.16,0.04,0.0,0.0,0.029574675,0.20045108,0.15330935,0.61666495
GAAGCGAGTACCCAGC-1,0.12,0.04,0.0,0.0,0.005369928,0.034848884,0.0679431,0.89183813
GAAGCGATCAGACATC-1,0.12,0.04,0.0,0.0,0.163594,0.41218182,0.26088947,0.16333473
GAAGCGATCATTCACT-1,0.12,0.04,0.0,0.0,0.018073551,0.36150414,0.27373403,0.34668827
GAAGGACCAAGTGATA-1,0.16,0.08,0.0,0.0,0.033593837,0.1267723,0.13355654,0.70607734
GAAGGACCACGCGCAT-1,0.2,0.08,0.0,0.0,0.10270384,0.5861895,0.1763969,0.13470976
GAAGGACCACGTAGTT-1,0.16,0.04,0.0,0.0,0.8084622,0.0894904,0.09917462,0.0028727523
GAAGGACTCCGAGAAG-1,0.16,0.08,0.0,0.0,0.097738594,0.04065848,0.78587824,0.07572463
GAAGGACTCGATTGGT-1,0.16,0.04,0.0,0.0,0.04867611,0.40758425,0.40884367,0.13489594
GAAGGACTCTCCAAGA-1,0.12,0.04,0.0,0.0,0.9843353,0.013043389,0.0023156337,0.00030573434
GAAGGACTCTGAGGCC-1,0.16,0.08,0.0,0.0,0.014773658,0.46130052,0.19071981,0.33320597
GAAGGGTCACCATATG-1,0.16,0.08,0.0,0.0,0.10649829,0.41591796,0.39415964,0.08342411
GAAGGGTCATAACCCA-1,0.16,0.08,0.0,0.0,0.9701512,0.0050973357,0.02398116,0.0007703047
GAAGGGTGTACAGCGA-1,0.12,0.04,0.0,0.0,0.060210887,0.6055865,0.2415423,0.09266019
GAAGGGTGTTGGTAGG-1,0.16,0.08,0.0,0.0,0.08636338,0.74132466,0.10782098,0.064490974
GAAGGGTTCCAAAGGG-1,0.12,0.04,0.0,0.0,0.96095395,0.030359287,0.007504042,0.0011827648
GAAGGGTTCTTTCGAT-1,0.16,0.08,0.0,0.0,0.20813863,0.1267046,0.2221043,0.44305253
GAAGTAAAGAGCTTTC-1,0.16,0.08,0.0,0.0,0.33656684,0.08227664,0.34994185,0.23121464
GAAGTAACACGGTGCT-1,0.12,0.04,0.0,0.0,0.9694202,0.0023000452,0.025566028,0.0027136626
GAAGTAAGTAGGGTAC-1,0.12,0.04,0.0,0.0,0.14828181,0.298472,0.36349797,0.18974823
GAAGTAAGTATCCCTC-1,0.12,0.04,0.0,0.0,0.14000344,0.44853783,0.26312783,0.14833091
GAAGTAAGTGCACATT-1,0.16,0.08,0.0,0.0,0.21767427,0.21501547,0.14085479,0.4264555
GAAGTAAGTTATTCCT-1,0.16,0.08,0.0,0.0,0.08740717,0.15655355,0.6843666,0.071672656
GAAGTAATCCGAACGC-1,0.12,0.04,0.0,0.0,0.16707262,0.24952522,0.5549438,0.02845831
GAAGTAATCGCGATCG-1,0.16,0.08,0.0,0.0,0.20049454,0.29191843,0.30860078,0.1989863
GAAGTAATCTGCTAGA-1,0.16,0.08,0.0,0.0,0.4260306,0.1520698,0.14509039,0.27680925
GAATAGAAGGGCTAAC-1,0.16,0.08,0.0,0.0,0.85749,0.09531616,0.024632461,0.022561321
GAATAGAAGTAACCGG-1,0.12,0.04,0.0,0.0,0.031448975,0.34605172,0.5379595,0.08453984
GAATAGACAAGTGGCA-1,0.16,0.08,0.0,0.0,0.1172264,0.3532555,0.4567542,0.07276386
GAATAGACACAGAAGC-1,0.24,0.08,0.0,0.0,0.0151462285,0.0034082683,0.9580803,0.023365108
GAATAGACACCTCAGG-1,0.16,0.08,0.0,0.0,0.08270246,0.3848222,0.36556187,0.1669135
GAATAGACAGAAATCA-1,0.24,0.08,0.0,0.0,0.35957804,0.08300205,0.24270792,0.31471196
GAATAGACATTGTCGA-1,0.12,0.04,0.0,0.0,0.7772559,0.15728876,0.055597328,0.009858078
GAATAGAGTAGGAAAG-1,0.16,0.08,0.0,0.0,0.040285327,0.47578552,0.46559662,0.01833248
GAATAGAGTATCTCTT-1,0.12,0.04,0.0,0.0,0.18218043,0.3588296,0.18038668,0.27860335
GAATAGAGTGAACGGT-1,0.16,0.08,0.0,0.0,0.26047912,0.22696744,0.19798414,0.31456926
GAATAGAGTGAGATCG-1,0.16,0.08,0.0,0.0,0.0991261,0.56125385,0.16958517,0.17003487
GAATAGAGTTGATGTC-1,0.16,0.08,0.0,0.0,0.44052115,0.45157713,0.093086496,0.014815302
GAATAGATCGTTCGCT-1,0.12,0.04,0.0,0.0,0.15247425,0.24476136,0.5496418,0.05312261
GAATAGATCTCTATAC-1,0.16,0.08,0.0,0.0,8.6500975e-08,9.818187e-05,0.0040918207,0.9958099
GAATCACAGGTAAGTT-1,0.16,0.04,0.0,0.0,0.46593848,0.41006956,0.089375235,0.034616742
GAATCACAGGTTGCCC-1,0.16,0.04,0.0,0.0,0.47084084,0.2305794,0.24381118,0.054768633
GAATCACCAAGGTCAG-1,0.16,0.04,0.0,0.0,0.01822524,0.603983,0.28367248,0.09411929
GAATCACCAGCTCTGG-1,0.2,0.08,0.0,0.0,0.36173147,0.1271801,0.34402886,0.16705957
GAATCACCATAGCTGT-1,0.16,0.08,0.0,0.0,0.103971444,0.030339284,0.5495173,0.316172
GAATCACCATTCGATG-1,0.12,0.04,0.0,0.0,0.89014226,0.03321629,0.07535866,0.001282816
GAATCACGTAGTCTGT-1,0.12,0.08,0.0,0.0,0.22734313,0.18862048,0.35877296,0.22526342
GAATCACTCGTAATGC-1,0.12,0.04,0.0,0.0,0.3154288,0.26022977,0.32251507,0.10182633
GAATCGTAGATCCAAA-1,0.16,0.08,0.0,0.0,0.02650324,0.05035899,0.81856745,0.10457034
GAATCGTCAACACGAG-1,0.12,0.04,0.0,0.0,0.15627891,0.5451054,0.20657468,0.09204103
GAATCGTCAACTGCTA-1,0.12,0.04,0.0,0.0,0.008899035,0.0764924,0.09732797,0.8172806
GAATCGTGTACACGCC-1,0.16,0.04,0.0,0.0,0.1113699,0.19041751,0.4892358,0.20897686
GAATCGTTCGACGAGA-1,0.16,0.08,0.0,0.0,0.10476871,0.13026355,0.38478038,0.3801874
GACACGCAGAAACTAC-1,0.16,0.04,0.0,0.0,9.7691494e-11,4.462086e-05,0.00036051637,0.99959487
GACACGCAGACTCTAC-1,0.12,0.04,0.0,0.0,0.90366,0.0581171,0.037256382,0.00096652267
GACACGCAGGTAGTAT-1,0.04,0.04,0.0,0.0,0.90840167,0.048823804,0.04044927,0.0023252033
GACACGCCAAAGTATG-1,0.12,0.04,0.0,0.0,0.29449862,0.26805994,0.36793467,0.06950683
GACACGCCATGGGATG-1,0.16,0.04,0.0,0.0,0.11509437,0.53380257,0.20379978,0.14730324
GACACGCGTGCCGTAC-1,0.12,0.04,0.0,0.0,0.42238647,0.39117765,0.16491808,0.021517795
GACAGCCAGGTCGTCC-1,0.12,0.04,0.0,0.0,0.15237495,0.38492355,0.19760835,0.26509315
GACAGCCCAAACACCT-1,0.12,0.04,0.0,0.0,0.89166576,0.09903372,0.007143779,0.0021567675
GACAGCCGTAACATGA-1,0.16,0.08,0.0,0.0,0.41239756,0.056404874,0.19829905,0.3328985
GACAGCCGTAGCTTAC-1,0.12,0.04,0.0,0.0,0.93565285,0.05637552,0.0075138016,0.00045782982
GACAGCCTCGATTGAC-1,0.12,0.04,0.0,0.0,0.021757623,0.4484531,0.47305325,0.056736
GACAGCCTCTCAGGCG-1,0.12,0.04,0.0,0.0,0.019091511,0.40485767,0.28311145,0.29293934
GACATCAAGCAATAAC-1,0.16,0.08,0.0,0.0,0.07169218,0.7689521,0.10700253,0.05235325
GACATCACAGCACCCA-1,0.16,0.08,0.0,0.0,0.15635724,0.1652547,0.1124762,0.5659119
GACATCACATGCAGCC-1,0.16,0.04,0.0,0.0,0.48904082,0.24105181,0.19197956,0.07792789
GACATCACATGGAGAC-1,0.16,0.08,0.0,0.0,0.12750155,0.44313672,0.22494254,0.20441923
GACATCAGTGTTAGCT-1,0.12,0.04,0.0,0.0,0.8835897,0.07836432,0.033895064,0.004150886
GACATCAGTTACCTTT-1,0.16,0.04,0.0,0.0,0.25990668,0.15304282,0.20984888,0.37720162
GACATCATCACTACTT-1,0.12,0.04,0.0,0.0,0.98342174,0.013942427,0.0023967752,0.00023906572
GACATCATCCGCAAAT-1,0.16,0.08,0.0,0.0,0.08351523,0.27080253,0.48110747,0.16457474
GACATCATCGTTGCCT-1,0.12,0.04,0.0,0.0,0.18748726,0.5172512,0.17000921,0.1252523
GACATCATCTTCCAGC-1,0.12,0.04,0.0,0.0,0.07422219,0.6749424,0.07979607,0.17103931
GACCAATCAATTGGTC-1,0.16,0.08,0.0,0.0,0.5867832,0.045500014,0.3335711,0.03414575
GACCAATCATACAGCT-1,0.16,0.04,0.0,0.0,0.9923769,0.0035521558,0.0038602876,0.00021061578
GACCAATCATCATTGG-1,0.12,0.04,0.0,0.0,0.005992415,0.26250044,0.26762757,0.46387962
GACCAATGTATTCCTT-1,0.04,0.04,0.0,0.0,0.75618255,0.13699602,0.090077244,0.016744185
GACCAATGTCGCAGTC-1,0.16,0.08,0.0,0.0,0.0054478324,0.041607317,0.09392185,0.85902303
GACCAATTCGCAGTTA-1,0.12,0.04,0.0,0.0,0.9891418,0.007857384,0.002787158,0.0002136607
GACCAATTCGTCGACG-1,0.16,0.08,0.0,0.0,0.34377924,0.3673453,0.07428503,0.21459045
GACCCAGAGACCAGCA-1,0.16,0.04,0.0,0.0,0.24070236,0.039450917,0.44154948,0.27829728
GACCCAGAGGTCATCT-1,0.12,0.04,0.0,0.0,0.28982538,0.32953918,0.31017566,0.070459776
GACCCAGCATCTCCCA-1,0.16,0.08,0.0,0.0,0.3430919,0.13167064,0.33751252,0.1877249
GACCCAGGTCGCATGC-1,0.16,0.04,0.0,0.0,0.047536325,0.61872214,0.31405193,0.019689607
GACCCAGGTTGATGTC-1,0.16,0.08,0.0,0.0,0.30934826,0.087193355,0.4245727,0.17888573
GACCCAGGTTTAGTCG-1,0.16,0.08,0.0,0.0,0.10806591,0.67342216,0.1300429,0.08846907
GACCCAGTCAACTGAC-1,0.12,0.04,0.0,0.0,0.07791188,0.7026942,0.17612807,0.043265812
GACCCAGTCAGCTCTC-1,0.12,0.04,0.0,0.0,0.18639329,0.06590764,0.049987823,0.6977112
GACCCAGTCATCGCCT-1,0.16,0.04,0.0,0.0,0.11807212,0.7278485,0.11208574,0.04199371
GACCCTTCAACCCTAA-1,0.08,0.04,0.0,0.0,0.052332625,0.68858653,0.16803278,0.09104806
GACCCTTCAGCTGAGA-1,0.12,0.04,0.0,0.0,0.07922915,0.4941841,0.30890554,0.11768125
GACCCTTCAGTACTAC-1,0.16,0.04,0.0,0.0,0.10965918,0.2899534,0.43852085,0.16186659
GACCCTTCATCGCCTT-1,0.04,0.04,0.0,0.0,0.66910976,0.18076873,0.13035958,0.019761836
GACCCTTGTCGAAGCA-1,0.08,0.04,0.0,0.0,0.74562854,0.19769892,0.054910526,0.0017619493
GACCCTTGTCTGATCA-1,0.16,0.08,0.0,0.0,0.27028713,0.114098966,0.41254494,0.20306894
GACCCTTGTTCCGCTT-1,0.16,0.08,0.0,0.0,0.43494323,0.3540002,0.18458861,0.026468033
GACCGTGCACCCTTAC-1,0.16,0.08,0.0,0.0,0.20986009,0.04546861,0.3803092,0.36436203
GACCGTGCATAGGAGC-1,0.16,0.08,0.0,0.0,0.21932325,0.048549168,0.3536951,0.37843245
GACCGTGGTCACTCAA-1,0.16,0.04,0.0,0.0,0.18494564,0.18091343,0.50389457,0.13024637
GACCGTGGTCGCGGTT-1,0.12,0.04,0.0,0.0,0.16026068,0.50726885,0.28468272,0.047787756
GACCGTGTCACATTGG-1,0.12,0.04,0.0,0.0,0.18730459,0.3164388,0.06172863,0.43452802
GACCGTGTCTGGACTA-1,0.12,0.04,0.0,0.0,0.0025642635,0.26373872,0.17232159,0.5613754
GACCTTCAGAACTTCC-1,0.12,0.04,0.0,0.0,0.998338,0.0002397763,0.0013852415,3.6864425e-05
GACCTTCAGGTGAGCT-1,0.16,0.04,0.0,0.0,0.0371947,0.44876948,0.1570579,0.3569779
GACCTTCCAATGGGTG-1,0.16,0.04,0.0,0.0,0.77853245,0.0608735,0.10241639,0.058177605
GACCTTCCATGATCTG-1,0.04,0.04,0.0,0.0,0.9770215,0.0131500065,0.009105686,0.0007227422
GACCTTCGTCACTTAG-1,0.12,0.04,0.0,0.0,0.9929843,0.0019018106,0.0045134975,0.0006005587
GACCTTCGTGTGTTTG-1,0.16,0.08,0.0,0.0,0.9988292,0.00028675466,0.00087961816,4.508105e-06
GACCTTCGTTACGTAC-1,0.16,0.04,0.0,0.0,0.16244347,0.34935924,0.33135602,0.15684125
GACCTTCTCTTGGCTC-1,0.12,0.04,0.0,0.0,0.62304074,0.29375166,0.041480746,0.041726887
GACGCTGAGCGTGTCC-1,0.16,0.04,0.0,0.0,0.03153207,0.043761272,0.87539744,0.04930919
GACGCTGAGCTTAAGA-1,0.16,0.04,0.0,0.0,0.42332128,0.07078565,0.18520407,0.32068896
GACGCTGAGGATTTCC-1,0.12,0.04,0.0,0.0,0.31677428,0.049892288,0.56767684,0.06565658
GACGCTGGTGGCTGAA-1,0.12,0.04,0.0,0.0,0.0076649734,0.45188773,0.2849296,0.25551766
GACGCTGTCACCATGA-1,0.16,0.04,0.0,0.0,0.18467484,0.0354376,0.5454147,0.23447284
GACGTTAAGCCGAACA-1,0.12,0.04,0.0,0.0,0.21191782,0.31148195,0.2870771,0.18952318
GACGTTACACGGATCC-1,0.16,0.04,0.0,0.0,0.90346235,0.04682035,0.049423497,0.0002937932
GACGTTACATACATCG-1,0.16,0.08,0.0,0.0,0.023808267,0.7135836,0.25960788,0.0030002813
GACGTTAGTGGCACTC-1,0.12,0.04,0.0,0.0,0.072976045,0.67171395,0.12666573,0.12864429
GACGTTATCATCGACA-1,0.04,0.08,0.0,0.0,0.092996106,0.5569173,0.2034165,0.14667004
GACTATGAGCGTTCCG-1,0.16,0.04,0.0,0.0,0.13414389,0.44685078,0.23398581,0.18501946
GACTATGAGCTGTTAC-1,0.2,0.08,0.0,0.0,0.9204245,0.039194163,0.020612262,0.01976903
GACTATGCAAAGTGTA-1,0.16,0.08,0.0,0.0,0.002449706,0.047606293,0.2544383,0.6955057
GACTATGCAATCCAGT-1,0.2,0.08,0.0,0.0,0.15399866,0.2120573,0.51688987,0.11705412
GACTATGGTCGATTCA-1,0.16,0.08,0.0,0.0,0.48507643,0.14832969,0.23863028,0.12796354
GACTATGGTCGGAAAC-1,0.12,0.04,0.0,0.0,0.40425906,0.12806764,0.32445115,0.14322224
GACTATGGTCTACAAC-1,0.12,0.04,0.0,0.0,0.93410486,0.039644,0.022356011,0.0038951458
GACTATGGTTACCTGA-1,0.16,0.08,0.0,0.0,0.04461939,0.8677599,0.055969592,0.031651136
GACTATGTCCTCACTG-1,0.12,0.04,0.0,0.0,0.065963686,0.9100189,0.017756218,0.006261173
GACTCAAAGTGCCTCG-1,0.16,0.08,0.0,0.0,0.00014730883,0.01183793,0.026106162,0.96190864
GACTCAACAAACCATC-1,0.16,0.08,0.0,0.0,0.16200905,0.18828276,0.43749446,0.21221377
GACTCAACAAGTAGTA-1,0.16,0.04,0.0,0.0,0.124482416,0.44077307,0.31189206,0.12285245
GACTCAACACACACTA-1,0.12,0.04,0.0,0.0,0.1214724,0.31527513,0.43154535,0.13170704
GACTCAAGTGGCTTGC-1,0.16,0.08,0.0,0.0,0.016735394,0.09416992,0.10929432,0.7798004
GACTCAAGTGTTGATC-1,0.12,0.04,0.0,0.0,0.026797289,0.033829927,0.1348605,0.8045123
GACTCAATCCGAAATC-1,0.12,0.04,0.0,0.0,0.094753265,0.17457287,0.56705785,0.16361602
GACTCTCCAAAGGCAC-1,0.16,0.04,0.0,0.0,0.17585024,0.28208336,0.46209413,0.07997225
GACTCTCCACGTCTCT-1,0.16,0.08,0.0,0.0,0.008782595,0.06034667,0.8626823,0.06818841
GACTCTCGTTATGTGC-1,0.16,0.04,0.0,0.0,0.078612834,0.62869626,0.21453471,0.078156225
GACTCTCTCCCTGTTG-1,0.12,0.08,0.0,0.0,0.24018611,0.42121246,0.080133304,0.25846812
GACTCTCTCCTACCAC-1,0.12,0.04,0.0,0.0,0.021471452,0.1353855,0.79991114,0.043231886
GACTGATAGAGTAACT-1,0.24,0.08,0.0,0.0,0.00082904653,0.03331794,0.1358005,0.83005255
GACTGATAGGCTAAAT-1,0.04,0.08,0.0,0.0,0.045468304,0.80297494,0.09657316,0.05498358
GACTGATAGGTTGAGC-1,0.16,0.04,0.0,0.0,0.9800164,0.0061145267,0.009137192,0.004731914
GACTGATAGTTACGGG-1,0.12,0.04,0.0,0.0,0.97607577,0.020440502,0.003221503,0.00026221297
GACTGATCAACACACT-1,0.12,0.04,0.0,0.0,0.5157055,0.18124492,0.29038042,0.012669124
GACTGATCACTATGTG-1,0.12,0.04,0.0,0.0,0.08870047,0.65512466,0.12580198,0.13037288
GACTGATCAGACGGAT-1,0.04,0.08,0.0,0.0,0.50786287,0.31820703,0.1618418,0.012088268
GACTGATCAGCTGAGA-1,0.08,0.04,0.0,0.0,0.08357278,0.74384487,0.09534798,0.07723433
GACTGATGTATGGTTC-1,0.16,0.04,0.0,0.0,2.7285876e-07,0.0014820544,0.009685652,0.988832
GACTGATTCACCTTGC-1,0.12,0.04,0.0,0.0,0.93123144,0.041111667,0.027110422,0.0005465631
GACTGATTCGTAACCA-1,0.16,0.08,0.0,0.0,1.792546e-06,0.00081321626,0.00998398,0.98920107
GACTTCCGTAGCGAGT-1,0.16,0.04,0.0,0.0,0.019266084,0.50438714,0.41023985,0.066106915
GACTTCCGTGAGTAAT-1,0.16,0.08,0.0,0.0,0.1541197,0.37124252,0.16262433,0.31201342
GACTTCCTCAGTCCGG-1,0.16,0.08,0.0,0.0,0.22169496,0.09856659,0.5297562,0.1499823
GACTTCCTCCTCAGGG-1,0.12,0.04,0.0,0.0,0.98529446,0.012265853,0.002303609,0.00013618746
GACTTCCTCTGACAGT-1,0.16,0.04,0.0,0.0,0.07777212,0.4285634,0.42284197,0.07082258
GAGAAATAGCGCAATG-1,0.16,0.08,0.0,0.0,0.0513448,0.7794502,0.11670662,0.05249843
GAGAAATAGTGTGTTC-1,0.16,0.04,0.0,0.0,0.099471666,0.39410734,0.3602492,0.14617173
GAGAAATGTCAACCTA-1,0.12,0.04,0.0,0.0,0.087563425,0.64938176,0.16354261,0.09951228
GAGAAATGTCACGCTG-1,0.08,0.04,0.0,0.0,0.98633087,0.004840538,0.008813852,1.4675103e-05
GAGAAATTCAACTTTC-1,0.16,0.04,0.0,0.0,0.14861481,0.063366175,0.42999965,0.35801935
GAGAAATTCTCTGAGA-1,0.12,0.04,0.0,0.0,0.13583288,0.22594902,0.22438075,0.41383737
GAGACCCAGGCGTTGA-1,0.12,0.04,0.0,0.0,0.060525473,0.25071418,0.23415716,0.45460314
GAGACCCAGGGCAAGG-1,0.16,0.08,0.0,0.0,0.23139195,0.34420046,0.27784687,0.14656068
GAGACCCGTCGCGGTT-1,0.2,0.08,0.0,0.0,0.26257354,0.2398982,0.2689835,0.22854473
GAGACCCTCTCGCCTA-1,0.16,0.04,0.0,0.0,0.15003307,0.30607623,0.44729924,0.096591376
GAGACTTAGGAATCGC-1,0.16,0.08,0.0,0.0,0.13665709,0.35132757,0.44113782,0.070877485
GAGACTTCAAGTGGAC-1,0.16,0.08,0.0,0.0,0.014402982,0.065499775,0.08158959,0.8385076
GAGACTTCACTCTCGT-1,0.12,0.04,0.0,0.0,0.11600694,0.62115496,0.13364877,0.1291894
GAGACTTGTGAGTAGC-1,0.16,0.08,0.0,0.0,0.86003894,0.078415886,0.040129963,0.021415217
GAGACTTGTGTGTCCG-1,0.16,0.04,0.0,0.0,0.4718004,0.2159193,0.12729615,0.18498412
GAGACTTTCCGCACGA-1,0.2,0.08,0.0,0.0,0.27149892,0.14871882,0.29075977,0.28902248
GAGACTTTCTTCACGC-1,0.12,0.04,0.0,0.0,0.9380498,0.030976698,0.030484434,0.0004891224
GAGAGGTAGTAATACG-1,0.16,0.08,0.0,0.0,0.07552103,0.45035028,0.41331318,0.06081551
GAGAGGTCACTCTCGT-1,0.16,0.08,0.0,0.0,1.9534165e-05,0.002334085,0.022067074,0.97557926
GAGAGGTCAGATCCAT-1,0.16,0.08,0.0,0.0,0.25284207,0.20161195,0.32406566,0.22148038
GAGAGGTGTAAGACCG-1,0.12,0.04,0.0,0.0,0.16082917,0.44636756,0.26861566,0.124187574
GAGAGGTTCTTCCCGA-1,0.12,0.04,0.0,0.0,0.15679386,0.42611188,0.18135302,0.23574127
GAGATGGAGCCATATC-1,0.16,0.04,0.0,0.0,0.22179823,0.21257071,0.43706053,0.1285705
GAGATGGAGCGCATCC-1,0.16,0.04,0.0,0.0,0.1621762,0.16445024,0.4209049,0.25246868
GAGATGGAGCTACTAC-1,0.16,0.04,0.0,0.0,0.21067335,0.5753122,0.10183385,0.112180576
GAGATGGAGGGTGGGA-1,0.16,0.04,0.0,0.0,0.023849444,0.24146028,0.16502956,0.5696607
GAGATGGAGTTAGTGA-1,0.16,0.08,0.0,0.0,0.9502222,0.009371821,0.03697324,0.0034326592
GAGATGGCACACCAGC-1,0.16,0.08,0.0,0.0,0.21408951,0.25293452,0.089301854,0.44367418
GAGATGGCAGGCCTGT-1,0.12,0.04,0.0,0.0,0.9639586,0.020231735,0.0070729977,0.008736615
GAGATGGCATGTGACT-1,0.12,0.04,0.0,0.0,0.743201,0.09029164,0.14282273,0.023684552
GAGATGGGTATACCTG-1,0.12,0.04,0.0,0.0,0.028381957,0.14872384,0.5495942,0.27330008
GAGATGGGTCTTGAAC-1,0.16,0.08,0.0,0.0,0.2904388,0.10104596,0.3029399,0.30557534
GAGATGGTCAAGAAAC-1,0.16,0.08,0.0,0.0,0.062450007,0.6611472,0.24592665,0.030476214
GAGATGGTCCACTGAA-1,0.08,0.04,0.0,0.0,0.40435877,0.27593628,0.28076464,0.038940288
GAGATGGTCCGGACGT-1,0.16,0.08,0.0,0.0,0.96448916,0.026006324,0.00919406,0.00031048607
GAGATGGTCGAACTCA-1,0.16,0.04,0.0,0.0,0.027946038,0.2727255,0.5989467,0.10038176
GAGATGGTCGGTCTAA-1,0.16,0.08,0.0,0.0,0.18365231,0.46755275,0.15859179,0.19020312
GAGCCTGAGCGTGCCT-1,0.12,0.04,0.0,0.0,0.4435378,0.15698747,0.2991428,0.100331984
GAGCCTGAGCTGAGTG-1,0.12,0.04,0.0,0.0,0.09595562,0.47706684,0.27455753,0.15241997
GAGCCTGCACGGGCTT-1,0.16,0.04,0.0,0.0,0.07408306,0.014405627,0.7738799,0.13763145
GAGCCTGCACTTCAGA-1,0.12,0.04,0.0,0.0,0.042741645,0.59808856,0.25123546,0.10793438
GAGCCTGCAGACCCGT-1,0.16,0.04,0.0,0.0,0.036562517,0.17161739,0.7843344,0.0074856733
GAGCCTGCATTGTAGC-1,0.16,0.08,0.0,0.0,0.28693143,0.060693566,0.22745855,0.42491642
GAGCCTGGTGATTCTG-1,0.24,0.08,0.0,0.0,0.037536513,0.5540926,0.28667256,0.1216984
GAGCCTGGTGTAAACA-1,0.12,0.04,0.0,0.0,0.23851295,0.29197627,0.20937978,0.26013106
GAGCTGCAGCATTGAA-1,0.12,0.04,0.0,0.0,0.54704136,0.34247884,0.09052381,0.019955968
GAGCTGCAGGGTGAAA-1,0.16,0.08,0.0,0.0,0.5817421,0.26850075,0.13800785,0.011749301
GAGCTGCCAATAGAGT-1,0.16,0.08,0.0,0.0,0.034289192,0.05186995,0.11208401,0.80175686
GAGCTGCGTAATCAGA-1,0.12,0.04,0.0,0.0,0.94117486,0.05021822,0.0072464882,0.0013603482
GAGCTGCGTAGCGAGT-1,0.16,0.08,0.0,0.0,5.9288286e-06,0.0005260652,0.0065470277,0.99292094
GAGCTGCGTTCGATTG-1,0.16,0.04,0.0,0.0,0.87271297,0.011735356,0.08230606,0.033245694
GAGCTGCGTTGGACCC-1,0.12,0.04,0.0,0.0,0.11703473,0.5140436,0.2616626,0.10725901
GAGCTGCTCGACATAC-1,0.2,0.08,0.0,0.0,0.3249318,0.098243296,0.297319,0.2795059
GAGCTGCTCGCAAGAG-1,0.12,0.04,0.0,0.0,0.18706441,0.3668564,0.37021616,0.07586304
GAGCTGCTCTACAGGT-1,0.12,0.04,0.0,0.0,0.06725521,0.39788896,0.40808153,0.12677424
GAGCTGCTCTGACAGT-1,0.12,0.04,0.0,0.0,0.10045514,0.37803975,0.18357563,0.33792943
GAGGCAAAGAACTCCT-1,0.16,0.04,0.0,0.0,0.04712429,0.5813831,0.22156301,0.14992951
GAGGCAAAGGTATAGT-1,0.16,0.08,0.0,0.0,0.58991104,0.18204226,0.22379199,0.004254672
GAGGCAAAGTCCCAAT-1,0.08,0.04,0.0,0.0,0.04023588,0.50220984,0.35009813,0.10745612
GAGGCAACAATCGAAA-1,0.16,0.08,0.0,0.0,0.26873565,0.04401733,0.2593834,0.4278636
GAGGCAATCACCGGTG-1,0.12,0.04,0.0,0.0,0.979838,0.007904698,0.011533779,0.0007234597
GAGGCAATCTCATGCC-1,0.04,0.04,0.0,0.0,0.04426964,0.25188234,0.33745986,0.36638817
GAGGCAATCTTACGGA-1,0.24,0.08,0.0,0.0,0.07426959,0.619356,0.22273149,0.083643064
GAGGCCTAGAGGTTTA-1,0.12,0.04,0.0,0.0,0.017472818,0.7135991,0.06670635,0.20222168
GAGGCCTCAAGATCCT-1,0.12,0.04,0.0,0.0,0.17751035,0.47940305,0.24928686,0.09379968
GAGGCCTCAAGCGCTC-1,0.12,0.04,0.0,0.0,0.16230227,0.2107804,0.20308034,0.42383704
GAGGCCTCACTCCTGT-1,0.16,0.08,0.0,0.0,6.39517e-08,0.00055619434,0.0029983083,0.9964455
GAGGCCTCATACTGTG-1,0.12,0.04,0.0,0.0,0.12212257,0.21871065,0.47216225,0.18700457
GAGGCCTGTCACTGAT-1,0.12,0.04,0.0,0.0,0.05512889,0.25429776,0.54390186,0.1466715
GAGGCCTGTCCACGCA-1,0.16,0.08,0.0,0.0,0.10904209,0.3245819,0.18062274,0.38575336
GAGGCCTGTGAATAAC-1,0.12,0.04,0.0,0.0,0.24659918,0.31625938,0.15447544,0.282666
GAGGGATAGCGGTAAC-1,0.16,0.08,0.0,0.0,0.24394183,0.4364261,0.2056307,0.11400142
GAGGGATAGTGGTTGG-1,0.12,0.04,0.0,0.0,0.30960283,0.41950318,0.099988885,0.17090511
GAGGGATCACATGTTG-1,0.12,0.04,0.0,0.0,1.7729747e-08,0.0022833168,0.0019016928,0.995815
GAGGGATGTGAGACCA-1,0.12,0.04,0.0,0.0,0.14399464,0.21398966,0.46680292,0.1752128
GAGGGTAAGATAACGT-1,0.16,0.08,0.0,0.0,0.10247744,0.3168535,0.32739797,0.253271
GAGGGTAAGGGATGTC-1,0.16,0.08,0.0,0.0,0.90962726,0.01311812,0.07413778,0.003116806
GAGGGTAAGTTAACGA-1,0.16,0.04,0.0,0.0,0.10812813,0.5004762,0.29706436,0.09433136
GAGGGTAAGTTTGTCG-1,0.16,0.08,0.0,0.0,0.05979344,0.17806241,0.10773676,0.6544074
GAGGGTACACTGTTCC-1,0.16,0.04,0.0,0.0,0.38286233,0.065143846,0.13971435,0.4122795
GAGGGTATCCAAGCCG-1,0.16,0.08,0.0,0.0,0.17689057,0.44660872,0.18094423,0.19555645
GAGTCATAGACTTCAC-1,0.12,0.04,0.0,0.0,0.08743558,0.66576016,0.15389831,0.09290593
GAGTCATAGCGTTACT-1,0.16,0.08,0.0,0.0,0.12883988,0.48513842,0.29075867,0.09526296
GAGTCATAGGTCACAG-1,0.12,0.04,0.0,0.0,0.2694245,0.47306457,0.1427484,0.11476257
GAGTCATCAACAAGTA-1,0.12,0.04,0.0,0.0,0.1523302,0.23290956,0.47920805,0.13555214
GAGTCATGTAGGCTGA-1,0.16,0.08,0.0,0.0,0.98905283,0.0013088483,0.009194142,0.0004441284
GAGTCATGTTGTATGC-1,0.16,0.04,0.0,0.0,0.104848124,0.50321376,0.2402159,0.15172224
GAGTCTAAGCGAATGC-1,0.04,0.04,0.0,0.0,0.08279749,0.495387,0.330087,0.091728434
GAGTCTACAAGGTCTT-1,0.16,0.08,0.0,0.0,0.8085788,0.14610595,0.037180156,0.008135018
GAGTCTACATTCAGGT-1,0.08,0.04,0.0,0.0,0.0631551,0.5957946,0.21906686,0.1219834
GAGTCTATCATAGAGA-1,0.16,0.08,0.0,0.0,0.17817314,0.08734159,0.625913,0.10857222
GAGTCTATCCTCTCGA-1,0.12,0.04,0.0,0.0,0.0017743278,0.03625532,0.20601718,0.75595313
GAGTCTATCGAGCTGC-1,0.2,0.08,0.0,0.0,0.9987948,0.0003077461,0.0008079093,8.957861e-05
GAGTCTATCGTGTGAT-1,0.12,0.04,0.0,0.0,0.100740544,0.46683112,0.32534018,0.10708811
GAGTGAGAGATTGAGT-1,0.12,0.04,0.0,0.0,0.9815153,0.009807685,0.0055550467,0.0031219693
GAGTGAGAGCGCCGTT-1,0.16,0.08,0.0,0.0,0.15330353,0.034018666,0.64704573,0.1656321
GAGTGAGAGGTGGGTT-1,0.16,0.08,0.0,0.0,0.12151824,0.61781937,0.13521433,0.12544808
GAGTGAGCATCACAGT-1,0.16,0.08,0.0,0.0,0.9912101,0.003615606,0.0044272216,0.0007469993
GAGTGAGTCACGATCA-1,0.16,0.04,0.0,0.0,0.96848595,0.024699604,0.0056745224,0.0011399635
GAGTGAGTCGTGCACG-1,0.12,0.04,0.0,0.0,1.7131382e-06,0.0066434643,0.0062600775,0.9870948
GAGTGAGTCTTACACT-1,0.2,0.08,0.0,0.0,0.308158,0.056137744,0.32138595,0.31431824
GAGTGTTGTAGTATAG-1,0.12,0.04,0.0,0.0,0.052197706,0.35642022,0.3620871,0.22929506
GAGTGTTGTGAAGCTG-1,0.12,0.08,0.0,0.0,0.13032535,0.05178777,0.66879934,0.14908752
GAGTGTTTCCATGAGT-1,0.16,0.08,0.0,0.0,0.07531477,0.20260684,0.6980588,0.02401959
GAGTGTTTCTGCACCT-1,0.04,0.04,0.0,0.0,0.68317187,0.20424114,0.084415324,0.028171696
GAGTTACAGTGGCAGT-1,0.12,0.04,0.0,0.0,0.10558626,0.6504501,0.1278721,0.11609152
GAGTTACAGTTCATGC-1,0.12,0.04,0.0,0.0,0.94628006,0.018281087,0.034358636,0.0010801848
GAGTTACCACTCCTTG-1,0.16,0.04,0.0,0.0,0.6478964,0.29686403,0.04259805,0.0126414895
GAGTTACCACTGTCCT-1,0.08,0.04,0.0,0.0,0.037376072,0.38072327,0.45436862,0.12753208
GAGTTACCATCGAAGG-1,0.16,0.08,0.0,0.0,0.08104575,0.26615387,0.5724393,0.0803611
GAGTTACGTCTGATAC-1,0.12,0.04,0.0,0.0,0.068013296,0.28913605,0.3639134,0.27893722
GAGTTACGTGTATACC-1,0.16,0.08,0.0,0.0,3.3908063e-06,0.00027910585,0.004092487,0.9956251
GAGTTACGTTCGAACT-1,0.2,0.08,0.0,0.0,0.104643695,0.07793913,0.18740298,0.6300142
GAGTTACTCCGAGATT-1,0.12,0.04,0.0,0.0,0.053969543,0.7652146,0.12780114,0.053014714
GAGTTACTCCGCGAGT-1,0.12,0.04,0.0,0.0,0.067374036,0.3488232,0.5043821,0.07942073
GAGTTGTAGCGATTCT-1,0.12,0.04,0.0,0.0,0.064036265,0.6264203,0.17179598,0.13774742
GAGTTGTCATCAGTCA-1,0.16,0.08,0.0,0.0,0.04991331,0.26832065,0.12242909,0.55933696
GAGTTGTGTCTGATAC-1,0.12,0.04,0.0,0.0,6.36673e-05,0.049721677,0.04252732,0.90768737
GAGTTTGAGAGGGTCT-1,0.16,0.08,0.0,0.0,0.34298703,0.19402537,0.13029626,0.33269134
GAGTTTGCAATTCGTG-1,0.24,0.08,0.0,0.0,0.020154692,0.6212647,0.25976726,0.09881329
GAGTTTGCATCCTAAG-1,0.2,0.08,0.0,0.0,0.16229074,0.2826708,0.39400154,0.16103683
GAGTTTGGTACTTCCC-1,0.16,0.08,0.0,0.0,1.9972871e-08,0.00013572988,0.0016646554,0.9981996
GAGTTTGGTAGATGTA-1,0.16,0.08,0.0,0.0,0.76482546,0.11944454,0.08773714,0.027992863
GAGTTTGGTAGGACCA-1,0.16,0.04,0.0,0.0,0.21710075,0.16874371,0.48342216,0.13073339
GAGTTTGTCACTGATG-1,0.12,0.04,0.0,0.0,0.026967334,0.46482167,0.20083913,0.30737188
GAGTTTGTCAGCGGAA-1,0.16,0.04,0.0,0.0,0.08011702,0.44523865,0.3085802,0.16606405
GAGTTTGTCCGCACGA-1,0.12,0.04,0.0,0.0,0.019425683,0.93244904,0.028301932,0.019823378
GAGTTTGTCGCCGAGT-1,0.16,0.08,0.0,0.0,0.918775,0.03040259,0.041123647,0.009698693
GATAGAAAGACACACG-1,0.12,0.04,0.0,0.0,0.4886243,0.3353625,0.057957362,0.118055835
GATAGAAAGGCCTTGC-1,0.12,0.04,0.0,0.0,0.18824725,0.38312003,0.19185556,0.2367772
GATAGAAAGTCTAACC-1,0.2,0.08,0.0,0.0,0.037118323,0.54113823,0.33116144,0.09058202
GATAGAAGTACTTGTG-1,0.12,0.04,0.0,0.0,0.00045429103,0.0458977,0.1591011,0.79454684
GATAGAAGTCTAGGCC-1,0.12,0.04,0.0,0.0,0.7379546,0.18397468,0.060030993,0.018039733
GATAGCTAGCACGGAT-1,0.12,0.04,0.0,0.0,0.6575207,0.28066593,0.037855968,0.023957362
GATAGCTAGTCATCGT-1,0.12,0.04,0.0,0.0,0.19758788,0.08847418,0.088186614,0.6257514
GATAGCTCAGAAGCTG-1,0.16,0.08,0.0,0.0,0.00010646868,0.08462483,0.092893034,0.8223757
GATAGCTCATGCTGCG-1,0.16,0.08,0.0,0.0,0.17574638,0.1683171,0.1660959,0.4898407
GATAGCTGTCATCCCT-1,0.16,0.04,0.0,0.0,0.094317175,0.50295925,0.23826878,0.1644548
GATAGCTTCAGTGCGC-1,0.16,0.04,0.0,0.0,0.9767402,0.007486688,0.0152447205,0.0005285215
GATAGCTTCCTACCGT-1,0.12,0.04,0.0,0.0,0.044866353,0.7437363,0.18611415,0.025283176
GATAGCTTCTGGTCAA-1,0.16,0.08,0.0,0.0,0.10387601,0.015130312,0.80405957,0.076934054
GATCACAAGAAGTCAT-1,0.16,0.08,0.0,0.0,0.010876751,0.067921005,0.6891441,0.23205821
GATCACAAGCGCCATC-1,0.12,0.04,0.0,0.0,0.18737377,0.25919187,0.29002225,0.2634121
GATCACAAGCGCTGCT-1,0.16,0.08,0.0,0.0,0.17225224,0.04615096,0.30942398,0.4721728
GATCACACACCGTCTT-1,0.08,0.04,0.0,0.0,0.76774096,0.15629776,0.06363986,0.012321422
GATCACACAGGACATG-1,0.16,0.08,0.0,0.0,0.9609577,0.020843938,0.013651946,0.004546356
GATCAGTAGCCTCTGG-1,0.16,0.04,0.0,0.0,0.2308011,0.3549237,0.3206386,0.09363659
GATCAGTCAAACCATC-1,0.08,0.04,0.0,0.0,0.8468445,0.08378209,0.058596063,0.010777452
GATCAGTCAAACTCGT-1,0.16,0.08,0.0,0.0,0.021429205,0.18702933,0.19183123,0.5997103
GATCAGTCAATTGCGT-1,0.12,0.04,0.0,0.0,0.016476246,0.20822273,0.4038062,0.3714948
GATCAGTCACGTCGTG-1,0.16,0.04,0.0,0.0,0.00326146,0.048668683,0.044048443,0.9040214
GATCAGTGTTAACAGA-1,0.16,0.08,0.0,0.0,0.15440893,0.1340556,0.050357252,0.6611783
GATCAGTTCAGGCGAA-1,0.12,0.04,0.0,0.0,0.47482058,0.22289968,0.23442997,0.06784971
GATCATGAGATGGTCG-1,0.16,0.08,0.0,0.0,5.2592004e-06,0.0021737013,0.013154297,0.9846667
GATCATGAGGGCCCTT-1,0.16,0.08,0.0,0.0,0.09892143,0.7356518,0.11431508,0.051111735
GATCATGCAGTGTATC-1,0.16,0.04,0.0,0.0,0.640823,0.13692373,0.18388204,0.03837121
GATCATGCATTCGATG-1,0.16,0.08,0.0,0.0,0.961582,0.021317896,0.01649558,0.00060457614
GATCATGGTATGTCTG-1,0.16,0.08,0.0,0.0,0.57742697,0.003608139,0.35850313,0.060461827
GATCATGGTGTGTACT-1,0.08,0.04,0.0,0.0,0.78251743,0.15784001,0.054058433,0.0055841496
GATCATGGTTGTGCCG-1,0.16,0.08,0.0,0.0,0.21863896,0.3720899,0.29101193,0.11825922
GATCATGTCATTGCCC-1,0.16,0.04,0.0,0.0,0.04338091,0.30847168,0.29469916,0.35344818
GATCCCTAGAGAGGGC-1,0.12,0.04,0.0,0.0,0.078875534,0.68356854,0.09600283,0.14155316
GATCCCTAGCCAAGCA-1,0.16,0.08,0.0,0.0,0.006060743,0.089693986,0.06357252,0.8406728
GATCCCTAGTTCCGGC-1,0.16,0.08,0.0,0.0,0.31752658,0.3055,0.11343033,0.26354316
GATCCCTCACAGAAGC-1,0.2,0.08,0.0,0.0,0.58491224,0.07878319,0.22653842,0.10976614
GATCCCTCATACAGCT-1,0.12,0.04,0.0,0.0,0.090048425,0.76111734,0.07104806,0.0777862
GATCCCTCATGCCGGT-1,0.16,0.08,0.0,0.0,0.26464865,0.3317216,0.2894483,0.11418149
GATCCCTGTACTGCCG-1,0.16,0.04,0.0,0.0,0.20700784,0.09331355,0.30602005,0.39365852
GATCCCTTCACCGGGT-1,0.12,0.04,0.0,0.0,0.01694675,0.64213896,0.22705169,0.113862514
GATCCCTTCTCACGAA-1,0.16,0.08,0.0,0.0,0.2897717,0.2140393,0.1311981,0.3649909
GATCGTAAGGATACCG-1,0.16,0.08,0.0,0.0,0.32962725,0.08966411,0.13494176,0.44576684
GATCGTACACAGAGCA-1,0.16,0.08,0.0,0.0,0.21605872,0.05734204,0.2785548,0.44804448
GATCGTACACATTGTG-1,0.12,0.04,0.0,0.0,0.31892273,0.17440276,0.31782275,0.18885171
GATCGTAGTCTGTGCG-1,0.16,0.08,0.0,0.0,0.01519933,0.10231959,0.101341546,0.7811395
GATGACTAGCCTATCA-1,0.12,0.04,0.0,0.0,0.95303,0.032476682,0.013096866,0.00139652
GATGACTAGTCGAGGT-1,0.12,0.04,0.0,0.0,0.23852545,0.12843263,0.40031874,0.23272316
GATGACTCAGGCCCTA-1,0.16,0.04,0.0,0.0,0.073796116,0.105555914,0.71770316,0.102944784
GATGACTCAGTCTTCC-1,0.16,0.08,0.0,0.0,0.37635282,0.04601568,0.22676416,0.35086727
GATGACTCATTATGCG-1,0.12,0.04,0.0,0.0,0.0967094,0.17049101,0.6580516,0.074747935
GATGACTGTTGTTGCA-1,0.16,0.08,0.0,0.0,0.18004753,0.5966594,0.1796381,0.043655016
GATGAGGCAAGAAATC-1,0.12,0.04,0.0,0.0,0.92270976,0.013545173,0.04749197,0.016253093
GATGAGGTCAAACTGC-1,0.12,0.04,0.0,0.0,0.97335815,0.017908089,0.0080363685,0.00069732266
GATGAGGTCCAAACCA-1,0.16,0.04,0.0,0.0,0.5027992,0.24715805,0.17597158,0.07407116
GATGATCAGAATTGCA-1,0.12,0.04,0.0,0.0,0.09630788,0.56479037,0.18572664,0.1531751
GATGATCCAACTGTGT-1,0.16,0.04,0.0,0.0,0.8663046,0.0030850263,0.12967178,0.0009385951
GATGATCGTCGAACGA-1,0.16,0.08,0.0,0.0,0.030450774,0.6602875,0.25485232,0.054409362
GATGATCGTGTCTTAG-1,0.16,0.08,0.0,0.0,0.7432273,0.133057,0.12150145,0.0022141885
GATGATCTCGAATGCT-1,0.16,0.04,0.0,0.0,0.11743801,0.5034719,0.30550218,0.073587865
GATGCTAAGAGACAAG-1,0.12,0.04,0.0,0.0,0.87238455,0.097286336,0.02813441,0.0021947676
GATGCTAAGCATCGAG-1,0.16,0.08,0.0,0.0,0.09386841,0.71368635,0.1502488,0.042196497
GATGCTAAGTTCCAGT-1,0.16,0.08,0.0,0.0,0.3770259,0.08618554,0.39073506,0.1460535
GATGCTACATAGATGA-1,0.16,0.08,0.0,0.0,0.9114509,0.0631055,0.024298834,0.0011447542
GATGCTATCATTACTC-1,0.12,0.04,0.0,0.0,1.666111e-08,0.0005231859,0.0018446685,0.99763215
GATGGAGAGCGACTTT-1,0.12,0.04,0.0,0.0,6.005495e-07,0.0013768844,0.012929508,0.985693
GATGGAGCATGCAGCC-1,0.16,0.04,0.0,0.0,0.04886125,0.452331,0.29468971,0.20411803
GATGGAGGTCTAATCG-1,0.12,0.04,0.0,0.0,0.0977562,0.18070208,0.53544956,0.1860922
GATGGAGGTTAAGCAA-1,0.12,0.04,0.0,0.0,0.032573327,0.85003555,0.09337953,0.024011632
GATGGAGTCCGATGCG-1,0.16,0.08,0.0,0.0,0.07724515,0.54990745,0.3422636,0.030583806
GATGTTGCATTAGGAA-1,0.12,0.04,0.0,0.0,0.8595126,0.08147688,0.031049982,0.02796048
GATGTTGGTCAGATTC-1,0.16,0.08,0.0,0.0,0.1524035,0.3247677,0.37799224,0.14483649
GATGTTGGTTTCCATT-1,0.16,0.08,0.0,0.0,0.9920936,0.003016811,0.0040180366,0.00087148504
GATGTTGTCAGCTCTC-1,0.16,0.08,0.0,0.0,0.036902577,0.81365615,0.072091796,0.077349424
GATGTTGTCATTTGTC-1,0.12,0.04,0.0,0.0,0.033921998,0.43690214,0.4965705,0.032605335
GATTCGAAGACCTCAT-1,0.16,0.08,0.0,0.0,0.1390541,0.032106895,0.6967455,0.1320935
GATTCGAAGCGGATCA-1,0.12,0.04,0.0,0.0,0.18545654,0.42879015,0.20565785,0.18009546
GATTCGAGTCGAACAG-1,0.16,0.08,0.0,0.0,0.9989293,0.0008912462,0.00017868877,7.2082105e-07
GATTCGAGTGTTAAAG-1,0.16,0.04,0.0,0.0,0.028379792,0.64291507,0.12928617,0.19941896
GATTCGATCGATAACC-1,0.12,0.04,0.0,0.0,0.18558988,0.27023846,0.41799027,0.12618148
GATTCGATCTCAACGA-1,0.16,0.08,0.0,0.0,0.049919847,0.57101,0.3519149,0.02715527
GATTCTTCAACGCATT-1,0.12,0.04,0.0,0.0,0.037036426,0.80353546,0.111298524,0.048129562
GATTCTTCAGGCACAA-1,0.16,0.08,0.0,0.0,0.114550166,0.035473224,0.37380713,0.47616947
GATTCTTCATGGGATG-1,0.16,0.08,0.0,0.0,8.0661756e-08,0.00052775396,0.0040384885,0.9954336
GATTCTTCATTACTCT-1,0.16,0.04,0.0,0.0,0.051358525,0.4914258,0.37560147,0.08161415
GATTCTTGTACCATAC-1,0.12,0.04,0.0,0.0,0.03327167,0.43762308,0.31985122,0.20925398
GATTCTTGTTAGGCCC-1,0.2,0.08,0.0,0.0,0.011885655,0.18634559,0.26752797,0.5342408
GATTCTTTCAGCCTCT-1,0.12,0.04,0.0,0.0,0.3152204,0.45776442,0.17766383,0.04935142
GATTCTTTCCGAGTGC-1,0.12,0.04,0.0,0.0,0.02793199,0.6585244,0.20375311,0.10979058
GATTGGTAGATGCAGC-1,0.2,0.08,0.0,0.0,0.015349232,0.040627204,0.28747883,0.65654474
GATTGGTAGGGAGGTG-1,0.12,0.04,0.0,0.0,0.978284,0.008585324,0.012436768,0.00069389533
GATTGGTGTCCAACGC-1,0.16,0.08,0.0,0.0,2.3576129e-07,0.0011963806,0.0007254532,0.99807787
GATTGGTTCAAGAAAC-1,0.08,0.08,0.0,0.0,0.98186374,0.009360414,0.0085724415,0.00020339758
GATTGGTTCACGGAGA-1,0.16,0.08,0.0,0.0,0.35906875,0.09565708,0.06597419,0.47930005
GATTTCTCAAGCGCTC-1,0.12,0.04,0.0,0.0,0.0019917835,0.13941471,0.20492892,0.6536645
GATTTCTCAGCGTGAA-1,0.16,0.08,0.0,0.0,0.121243834,0.078733094,0.70914453,0.09087851
GATTTCTCATTGAAAG-1,0.16,0.04,0.0,0.0,0.014830329,0.03588023,0.19608898,0.75320053
GATTTCTGTCAAGTTC-1,0.16,0.08,0.0,0.0,0.23892844,0.08101671,0.36786473,0.31219015
GATTTCTTCACCGACG-1,0.16,0.04,0.0,0.0,0.28109694,0.23415287,0.32705772,0.15769249
GATTTCTTCTACGGTA-1,0.12,0.04,0.0,0.0,0.22998421,0.30137807,0.37534606,0.093291655
GCAACATAGTTGCATC-1,0.16,0.08,0.0,0.0,0.3539393,0.115694195,0.16228883,0.3680776
GCAACATCACCTTCCA-1,0.08,0.04,0.0,0.0,0.1103219,0.21715035,0.45466572,0.21786207
GCAACATCACTAGAGG-1,0.24,0.08,0.0,0.0,0.2624283,0.15674192,0.37529242,0.20553732
GCAACATGTACTAACC-1,0.12,0.04,0.0,0.0,0.20734619,0.2497015,0.27822274,0.26472956
GCAACATGTTGCAAGG-1,0.16,0.08,0.0,0.0,0.04603881,0.0029395246,0.8678684,0.08315319
GCAACATTCGGCATCG-1,0.12,0.04,0.0,0.0,0.027822118,0.2960066,0.34389332,0.33227798
GCAACATTCTGTCGCT-1,0.16,0.04,0.0,0.0,0.29531807,0.3359012,0.28367385,0.08510681
GCAACCGAGAGAGGTA-1,0.12,0.04,0.0,0.0,3.556154e-08,6.439153e-05,0.0025934335,0.99734217
GCAACCGAGGCTCAAG-1,0.12,0.04,0.0,0.0,0.1888777,0.41942716,0.26136988,0.13032529
GCAACCGAGGGCGAAG-1,0.12,0.04,0.0,0.0,0.20618352,0.45768464,0.26462787,0.07150392
GCAACCGAGGGTACAC-1,0.16,0.04,0.0,0.0,0.22974852,0.25822,0.28226835,0.22976308
GCAACCGCAAGCTACT-1,0.12,0.04,0.0,0.0,0.0049409075,0.2380359,0.1704171,0.5866061
GCAACCGCAATGTTGC-1,0.12,0.04,0.0,0.0,0.05320425,0.7835115,0.087361515,0.07592273
GCAACCGCAGAATTCC-1,0.12,0.04,0.0,0.0,0.055731334,0.7579866,0.14029491,0.04598726
GCAACCGCAGAGGCTA-1,0.16,0.04,0.0,0.0,0.040296517,0.47369415,0.21974285,0.2662665
GCAACCGTCCGAACGC-1,0.16,0.08,0.0,0.0,0.03780537,0.34633127,0.36566404,0.2501993
GCAACCGTCGGCCAAC-1,0.12,0.04,0.0,0.0,0.07931512,0.36785722,0.31565005,0.23717766
GCACATAAGGATAATC-1,0.12,0.04,0.0,0.0,0.01802571,0.83027625,0.11465347,0.037044555
GCACATAAGGCAGCTA-1,0.16,0.04,0.0,0.0,0.9857934,0.0094047515,0.0046794782,0.00012228155
GCACATACAACACACT-1,0.12,0.04,0.0,0.0,0.023683935,0.15945637,0.29436457,0.52249515
GCACATACACCGAATT-1,0.12,0.04,0.0,0.0,0.04801446,0.63816136,0.18080793,0.1330163
GCACATACATGGTACT-1,0.12,0.04,0.0,0.0,0.16925633,0.45940346,0.2556004,0.11573977
GCACATATCCACTAGA-1,0.16,0.08,0.0,0.0,0.57305616,0.1580305,0.15850034,0.11041298
GCACATATCGCTGATA-1,0.12,0.04,0.0,0.0,0.027820341,0.3637689,0.4136776,0.19473314
GCACGGTCAAGCTGTT-1,0.12,0.04,0.0,0.0,0.2512895,0.34750816,0.3111852,0.09001712
GCACGGTCAGTCCCGA-1,0.12,0.04,0.0,0.0,0.8477019,0.12119993,0.030006105,0.0010919725
GCACGGTCAGTTACCA-1,0.04,0.04,0.0,0.0,0.98344177,0.0136530725,0.0026756707,0.00022944844
GCACGGTGTCTTACAG-1,0.16,0.04,0.0,0.0,8.013358e-06,0.0069109155,0.019189054,0.973892
GCACGGTGTGCTGCAC-1,0.12,0.04,0.0,0.0,0.05442597,0.59427315,0.25227427,0.0990266
GCACGGTGTTGAGTCT-1,0.16,0.08,0.0,0.0,0.16506219,0.28047398,0.13310336,0.4213605
GCACGGTTCATGCCAA-1,0.16,0.08,0.0,0.0,0.05425399,0.2859012,0.13598946,0.5238554
GCACGTGCAATTCGTG-1,0.16,0.08,0.0,0.0,0.00048600748,0.007970404,0.05046788,0.94107574
GCACGTGGTCGAATGG-1,0.12,0.04,0.0,0.0,0.021718657,0.82637924,0.119506046,0.03239596
GCACGTGTCACGGACC-1,0.16,0.08,0.0,0.0,0.7353948,0.03143488,0.16817874,0.06499151
GCACTAACAACGACAG-1,0.08,0.04,0.0,0.0,0.317679,0.22391509,0.4244333,0.03397265
GCACTAACAACTGAAA-1,0.12,0.04,0.0,0.0,0.03660549,0.2133057,0.51945895,0.23062985
GCACTAACAATTCACG-1,0.12,0.04,0.0,0.0,0.09772287,0.40807378,0.44201568,0.052187666
GCACTAACACAAGTTC-1,0.04,0.04,0.0,0.0,0.0010552277,0.04610936,0.1133142,0.8395212
GCACTAACATTCTCTA-1,0.16,0.04,0.0,0.0,0.1877343,0.5418089,0.18183443,0.088622354
GCACTAATCTGTGTGA-1,0.16,0.08,0.0,0.0,0.041954406,0.056853835,0.7281812,0.17301053
GCAGCCAAGCTCCATA-1,0.16,0.08,0.0,0.0,0.32331458,0.101553336,0.37030753,0.20482454
GCAGCCAAGGGCAACT-1,0.16,0.08,0.0,0.0,0.974349,0.005731508,0.019444767,0.0004746974
GCAGCCAAGTACCGGA-1,0.12,0.04,0.0,0.0,0.19740358,0.40985373,0.24377903,0.14896359
GCAGCCAAGTTTGTCG-1,0.16,0.08,0.0,0.0,0.18905903,0.3231012,0.31682265,0.17101704
GCAGCCACAACATCGT-1,0.16,0.08,0.0,0.0,0.3028552,0.1219152,0.15251918,0.42271048
GCAGCCACAGAAGCGT-1,0.16,0.08,0.0,0.0,0.83973145,0.014098527,0.05102603,0.09514405
GCAGCCACAGCGTAGA-1,0.12,0.04,0.0,0.0,0.106489465,0.2494928,0.4556078,0.18840995
GCAGCCAGTAACGCGA-1,0.12,0.04,0.0,0.0,0.25823912,0.2624742,0.17837203,0.30091465
GCAGCCAGTAAGTAGT-1,0.16,0.04,0.0,0.0,8.236725e-06,0.0033135426,0.011542756,0.9851355
GCAGCTGGTAGACGTG-1,0.12,0.04,0.0,0.0,0.0019905868,0.004966948,0.072117984,0.9209245
GCAGCTGGTCCTCATC-1,0.16,0.04,0.0,0.0,9.2978116e-05,0.0016739053,0.08884273,0.9093904
GCAGCTGTCAAACCCA-1,0.12,0.04,0.0,0.0,0.15851638,0.39484438,0.27434844,0.17229085
GCAGGCTAGCGCCATC-1,0.16,0.08,0.0,0.0,0.025435906,0.00878588,0.92775095,0.03802725
GCAGGCTCATCGTCCT-1,0.12,0.04,0.0,0.0,0.086310424,0.24437761,0.54629695,0.12301495
GCAGGCTGTCGCGGTT-1,0.16,0.08,0.0,0.0,0.28182554,0.15598278,0.25332493,0.30886677
GCAGGCTGTGTGTGTT-1,0.12,0.04,0.0,0.0,0.22017668,0.3704167,0.2988934,0.110513255
GCAGTTAAGCTGTTCA-1,0.12,0.04,0.0,0.0,0.6872865,0.10925092,0.12479522,0.078667395
GCAGTTACATGGAGAC-1,0.12,0.04,0.0,0.0,0.03419649,0.7084054,0.15784408,0.099554084
GCAGTTAGTATCGGTT-1,0.12,0.04,0.0,0.0,0.0613471,0.779478,0.07383416,0.085340746
GCAGTTAGTCCTGGTG-1,0.12,0.04,0.0,0.0,0.34233513,0.07405091,0.19673929,0.3868746
GCAGTTAGTGGAATGC-1,0.28,0.08,0.0,0.0,0.017632503,0.023967605,0.15312926,0.8052706
GCAGTTATCCGAGTGC-1,0.08,0.04,0.0,0.0,0.77996176,0.066190526,0.14471284,0.00913491
GCAGTTATCGGCTGGT-1,0.16,0.08,0.0,0.0,0.2070549,0.1667359,0.14243765,0.48377153
GCATCGGAGGCCTAGA-1,0.16,0.04,0.0,0.0,0.03783279,0.04814096,0.38112357,0.53290266
GCATCGGAGTACTGGG-1,0.24,0.08,0.0,0.0,0.9347635,0.02645911,0.027173122,0.011604216
GCATCGGGTCACATTG-1,0.12,0.04,0.0,0.0,0.026409805,0.0878214,0.86673874,0.019030122
GCATCGGGTGCGGTAA-1,0.16,0.08,0.0,0.0,0.46822727,0.2865987,0.12333732,0.12183664
GCATCGGGTGGCTGCT-1,0.12,0.04,0.0,0.0,0.053296234,0.2543555,0.5334037,0.15894455
GCATCGGGTTGACTGT-1,0.16,0.04,0.0,0.0,0.12605722,0.44933277,0.34275812,0.08185192
GCATCTCAGCTGCCTG-1,0.16,0.08,0.0,0.0,0.12278167,0.12764767,0.53902215,0.21054845
GCATCTCAGGGCGAAG-1,0.16,0.04,0.0,0.0,0.95649755,0.012015853,0.02569096,0.0057955855
GCATCTCAGTCACGCC-1,0.16,0.08,0.0,0.0,0.88031924,0.08618459,0.032447383,0.0010487557
GCATCTCAGTGCAACG-1,0.16,0.04,0.0,0.0,0.9700192,0.02173417,0.0066881934,0.001558469
GCATCTCGTCTAACGT-1,0.12,0.04,0.0,0.0,0.9954164,0.002851729,0.0017016415,3.0212454e-05
GCATCTCGTGTTCCAA-1,0.16,0.08,0.0,0.0,1.0821848e-05,0.02783256,0.027689412,0.9444671
GCATGATCAAAGGGTC-1,0.04,0.04,0.0,0.0,0.78640205,0.13487191,0.07264076,0.0060852636
GCATGATCACCTGTCT-1,0.12,0.04,0.0,0.0,0.1616333,0.013334464,0.41233248,0.41269973
GCATGATCATCATCCC-1,0.12,0.08,0.0,0.0,0.124372,0.39531624,0.22119722,0.2591146
GCATGATGTGGAGGTT-1,0.12,0.04,0.0,0.0,0.19514537,0.3853697,0.19931814,0.22016674
GCATGATTCCGTGGCA-1,0.12,0.04,0.0,0.0,0.06810326,0.5310782,0.2672301,0.13358837
GCATGATTCTGCGGCA-1,0.16,0.08,0.0,0.0,0.31088018,0.068311036,0.35114792,0.26966086
GCATTAGCATGCTGCG-1,0.12,0.04,0.0,0.0,0.06601475,0.5673426,0.29619253,0.070450224
GCATTAGGTAGGCAGT-1,0.16,0.08,0.0,0.0,0.36811268,0.06172734,0.27103338,0.29912657
GCATTAGGTCTTGCGG-1,0.12,0.04,0.0,0.0,0.9271253,0.04922422,0.020101624,0.003548867
GCATTAGTCTCTATAC-1,0.12,0.04,0.0,0.0,0.9896667,0.010044572,0.0002751096,1.355889e-05
GCCAACGCACCGCTAG-1,0.12,0.04,0.0,0.0,0.23904502,0.41362557,0.16778105,0.17954828
GCCAACGCACTGGACC-1,0.12,0.04,0.0,0.0,0.0042652865,0.05111227,0.070892684,0.87372977
GCCAACGGTACTAAGA-1,0.16,0.08,0.0,0.0,0.41121024,0.46119076,0.12257143,0.0050274855
GCCAACGGTAGCGATG-1,0.12,0.04,0.0,0.0,0.05720219,0.76981777,0.11079776,0.062182296
GCCAACGGTCTGTGAT-1,0.16,0.04,0.0,0.0,0.14302285,0.63613474,0.07799331,0.14284904
GCCAACGTCTTGATTC-1,0.08,0.04,0.0,0.0,0.3566242,0.4413431,0.14520617,0.05682657
GCCAGCAAGATAGTCA-1,0.16,0.04,0.0,0.0,0.10676458,0.8495207,0.02454019,0.01917448
GCCAGCAAGGCCTTCG-1,0.12,0.04,0.0,0.0,0.87736356,0.05513278,0.03953553,0.02796812
GCCAGCAAGTGCAAAT-1,0.16,0.08,0.0,0.0,7.22023e-08,0.00032720523,0.0029001166,0.9967726
GCCAGCAGTACCCAGC-1,0.16,0.08,0.0,0.0,0.13886042,0.51284444,0.25912777,0.08916741
GCCAGCAGTTATGTCG-1,0.12,0.04,0.0,0.0,0.37715298,0.33218277,0.2535074,0.037156895
GCCAGCATCGATTCCC-1,0.2,0.08,0.0,0.0,0.28471452,0.19329116,0.30952722,0.21246709
GCCAGCATCGTTCTGC-1,0.12,0.04,0.0,0.0,0.082471736,0.32095975,0.57957685,0.016991656
GCCAGGTAGGGAGTGG-1,0.16,0.04,0.0,0.0,0.1313574,0.2908037,0.4761136,0.10172536
GCCAGGTCACAGCATT-1,0.12,0.04,0.0,0.0,0.92153794,0.04045762,0.03268675,0.005317644
GCCAGGTCAGTCTCTC-1,0.12,0.04,0.0,0.0,0.85089034,0.11965293,0.02562157,0.0038352374
GCCAGGTCATATCGGT-1,0.12,0.04,0.0,0.0,0.26646718,0.037601173,0.5095457,0.186386
GCCAGGTTCCTCACCA-1,0.12,0.04,0.0,0.0,0.07313144,0.34042898,0.4330224,0.15341713
GCCAGGTTCTACGGTA-1,0.16,0.08,0.0,0.0,0.15366964,0.038440373,0.20173183,0.6061582
GCCAGGTTCTCTCAAT-1,0.12,0.04,0.0,0.0,0.03186837,0.4667854,0.40186945,0.099476725
GCCAGTGAGATGAATC-1,0.2,0.08,0.0,0.0,0.5393336,0.19848813,0.20925985,0.05291845
GCCAGTGTCGCGCCAA-1,0.16,0.04,0.0,0.0,0.052576937,0.6460222,0.17932457,0.122076325
GCCAGTGTCTAGCAAC-1,0.12,0.04,0.0,0.0,0.94453776,0.039689895,0.014339184,0.0014331868
GCCATGGAGTTGGACG-1,0.16,0.04,0.0,0.0,0.97148454,0.011758624,0.009410125,0.0073466245
GCCATGGCACCAGACC-1,0.16,0.04,0.0,0.0,0.05281257,0.12654273,0.7965043,0.024140347
GCCATGGCATTCATCT-1,0.12,0.04,0.0,0.0,0.35748652,0.4105033,0.19985296,0.032157216
GCCATGGGTTTGACAC-1,0.16,0.08,0.0,0.0,0.91067886,0.02099979,0.06435647,0.0039648367
GCCATGGTCAGCGCGT-1,0.16,0.08,0.0,0.0,0.9412289,0.008633529,0.04606859,0.004068892
GCCATGGTCCAGCAAT-1,0.16,0.04,0.0,0.0,5.0049043e-06,0.008353318,0.029087458,0.9625542
GCCATGGTCCGCAGTG-1,0.12,0.04,0.0,0.0,0.40622133,0.3535046,0.20224108,0.03803296
GCCATTCAGATACAGT-1,0.16,0.08,0.0,0.0,0.1410513,0.6188352,0.19461143,0.04550212
GCCATTCAGGTAAGGA-1,0.12,0.08,0.0,0.0,0.20243068,0.567296,0.08498489,0.14528842
GCCATTCCAACACAAA-1,0.16,0.08,0.0,0.0,0.2395798,0.13087162,0.32873708,0.3008115
GCCATTCCAAGGTACG-1,0.16,0.08,0.0,0.0,0.08465718,0.21281198,0.5903222,0.112208694
GCCATTCCACATTCTT-1,0.16,0.04,0.0,0.0,3.373193e-07,0.001413773,0.0035866443,0.9949993
GCCATTCCAGCGTTGC-1,0.16,0.08,0.0,0.0,0.053956725,0.21869683,0.7000385,0.027307922
GCCATTCCATGAATCC-1,0.16,0.04,0.0,0.0,0.077799246,0.15661131,0.65802634,0.107563086
GCCATTCTCACCTGTC-1,0.12,0.04,0.0,0.0,0.10005901,0.51158726,0.15857565,0.22977811
GCCCAGAAGAATTGCA-1,0.12,0.04,0.0,0.0,0.9826415,0.004018649,0.013224658,0.0001152896
GCCCAGAAGAGTTGCG-1,0.16,0.08,0.0,0.0,0.084631555,0.045004934,0.5570506,0.31331292
GCCCAGACACCACATA-1,0.16,0.08,0.0,0.0,0.043260716,0.07796265,0.50721526,0.37156138
GCCCAGACATAGCACT-1,0.16,0.08,0.0,0.0,4.9493504e-08,0.0001660203,0.0026736655,0.9971603
GCCCAGACATCATCTT-1,0.16,0.04,0.0,0.0,0.21287696,0.40364283,0.17246628,0.21101394
GCCCAGAGTGGACCAA-1,0.16,0.08,0.0,0.0,0.23746204,0.44852516,0.10930131,0.2047115
GCCCAGATCCGGACGT-1,0.16,0.04,0.0,0.0,0.9705447,0.014765148,0.0073223254,0.007367923
GCCCGAAAGAGCTGCA-1,0.16,0.08,0.0,0.0,0.007432676,0.24521188,0.1904932,0.55686224
GCCCGAAAGGCTCTAT-1,0.12,0.04,0.0,0.0,0.9130663,0.059054278,0.027240545,0.0006388458
GCCCGAAAGTAGCCAG-1,0.12,0.04,0.0,0.0,0.010132955,0.17789343,0.25861216,0.5533615
GCCCGAAGTCAATCTG-1,0.12,0.04,0.0,0.0,0.9440877,0.029721884,0.02492402,0.0012664482
GCCCGAAGTCACTCAA-1,0.12,0.04,0.0,0.0,0.9601087,0.013417588,0.02613119,0.00034251588
GCCCGAAGTCGACTTA-1,0.16,0.04,0.0,0.0,0.03462446,0.71253866,0.194004,0.058832895
GCCCGAATCACGGGCT-1,0.12,0.04,0.0,0.0,0.292145,0.5129777,0.19009322,0.0047841095
GCCGATGGTAGGCAAC-1,0.16,0.04,0.0,0.0,0.026436174,0.250382,0.61083966,0.11234217
GCCGATGGTATGACAA-1,0.16,0.08,0.0,0.0,0.2773152,0.16468453,0.48135996,0.07664026
GCCGTGAAGTATCTGC-1,0.16,0.04,0.0,0.0,0.038657464,0.53677255,0.19686687,0.22770306
GCCGTGACAGCAGATG-1,0.12,0.04,0.0,0.0,0.038217973,0.7932497,0.12082976,0.047702543
GCCGTGACATAGGCGA-1,0.04,0.04,0.0,0.0,0.8930731,0.045748014,0.05686759,0.004311181
GCCTGTTAGGATCATA-1,0.12,0.04,0.0,0.0,0.0063050333,0.052295692,0.18478252,0.7566167
GCCTGTTCACCCTTAC-1,0.08,0.04,0.0,0.0,0.96010166,0.019337537,0.018838778,0.0017221129
GCCTGTTCACCGCTAG-1,0.16,0.04,0.0,0.0,0.28724974,0.3223009,0.243326,0.14712329
GCCTGTTGTGTTCAGT-1,0.24,0.08,0.0,0.0,0.9235426,0.0028682929,0.03743303,0.03615606
GCCTGTTGTTTCCATT-1,0.12,0.04,0.0,0.0,0.03543769,0.6023261,0.19404745,0.16818881
GCCTGTTTCGAGTGAG-1,0.16,0.08,0.0,0.0,0.07664717,0.31883213,0.54090893,0.06361179
GCGAGAAAGAGCTGAC-1,0.24,0.08,0.0,0.0,0.060759522,0.007674935,0.8093933,0.12217232
GCGAGAAAGCATATGA-1,0.16,0.08,0.0,0.0,0.32692376,0.3217955,0.09128279,0.25999802
GCGAGAAGTATCACGT-1,0.2,0.08,0.0,0.0,0.015354314,0.061560705,0.19159271,0.7314922
GCGAGAAGTGGTCTAT-1,0.16,0.08,0.0,0.0,0.26441693,0.2111084,0.34581378,0.17866085
GCGAGAAGTTCCGCAG-1,0.12,0.04,0.0,0.0,0.6154537,0.25461325,0.113208055,0.016725006
GCGAGAATCGAAGAAT-1,0.16,0.08,0.0,0.0,0.9880872,0.0015331751,0.01007292,0.00030674075
GCGATCGAGGATAATC-1,0.12,0.04,0.0,0.0,0.25632012,0.17761602,0.38633913,0.1797248
GCGATCGGTGACTGTT-1,0.12,0.04,0.0,0.0,0.088530734,0.76073617,0.08901847,0.061714634
GCGATCGTCGATCCCT-1,0.16,0.08,0.0,0.0,0.1513517,0.10038292,0.5767552,0.17151016
GCGGAAACAACAGCCC-1,0.12,0.04,0.0,0.0,0.81204325,0.14858676,0.03589292,0.0034770244
GCGGAAACATCGCTCT-1,0.16,0.04,0.0,0.0,1.9278308e-05,0.005249358,0.008562206,0.9861691
GCGGAAACATCTGGGC-1,0.16,0.08,0.0,0.0,0.27277032,0.15239556,0.16035734,0.4144768
GCGGAAAGTACCGTGC-1,0.16,0.08,0.0,0.0,7.83928e-07,0.0002785268,0.01282743,0.9868933
GCGGAAAGTATGAGGC-1,0.12,0.04,0.0,0.0,0.16195121,0.500907,0.23915868,0.097983144
GCGGAAAGTATTTCTC-1,0.12,0.04,0.0,0.0,0.20674017,0.2869136,0.25810978,0.24823645
GCGGAAAGTCAAGCCC-1,0.12,0.04,0.0,0.0,0.011569001,0.05124041,0.8840931,0.05309745
GCGGATCAGCGACATG-1,0.16,0.08,0.0,0.0,0.0005889109,0.32519212,0.23028705,0.44393194
GCGGATCAGTGGCCTC-1,0.12,0.04,0.0,0.0,0.1164096,0.49820665,0.18016163,0.2052221
GCGGATCCACTTCTCG-1,0.16,0.08,0.0,0.0,0.91361576,0.05980656,0.021907795,0.004669898
GCGGATCTCAGACCTA-1,0.12,0.04,0.0,0.0,0.36215293,0.51887584,0.06829721,0.050673984
GCGGATCTCGAACGGA-1,0.16,0.08,0.0,0.0,0.1463765,0.33259377,0.25686687,0.26416293
GCGGATCTCTGGACTA-1,0.12,0.04,0.0,0.0,0.13358872,0.46527016,0.22125477,0.17988628
GCGGATCTCTTAGGAC-1,0.08,0.04,0.0,0.0,0.019795377,0.1013929,0.26634672,0.61246496
GCGTGCAGTCACTTAG-1,0.16,0.04,0.0,0.0,0.07463267,0.4920922,0.3599026,0.073372476
GCGTGCATCCCAACTC-1,0.16,0.04,0.0,0.0,0.039025288,0.3112056,0.54109067,0.10867838
GCGTGCATCGCCGAAC-1,0.12,0.04,0.0,0.0,0.9888708,0.010303144,0.0007554742,7.0538415e-05
GCGTTTCCACGCGTCA-1,0.16,0.08,0.0,0.0,0.4328286,0.23096663,0.10631273,0.2298921
GCGTTTCGTAGGACCA-1,0.12,0.04,0.0,0.0,0.09799109,0.21817309,0.6266737,0.057162166
GCGTTTCGTGGAATGC-1,0.12,0.04,0.0,0.0,0.03507977,0.69532907,0.22976224,0.03982889
GCGTTTCGTTGCGTAT-1,0.12,0.04,0.0,0.0,0.20788158,0.30920058,0.2354385,0.24747932
GCGTTTCTCAGACCGC-1,0.12,0.04,0.0,0.0,0.3977656,0.28177094,0.29670805,0.023755305
GCGTTTCTCGCCTCTA-1,0.12,0.04,0.0,0.0,0.0007918482,0.005616075,0.08030048,0.9132916
GCGTTTCTCGGTAACT-1,0.12,0.04,0.0,0.0,0.4545482,0.16648516,0.16533445,0.21363212
GCGTTTCTCGTTCTAT-1,0.12,0.04,0.0,0.0,0.002396384,0.15906218,0.0627768,0.7757646
GCTACAAAGATGATTG-1,0.16,0.08,0.0,0.0,0.35879079,0.07303695,0.4530325,0.11513979
GCTACAAAGGTTGTTC-1,0.16,0.08,0.0,0.0,0.9570632,0.025171755,0.015959034,0.0018060247
GCTACAACAGATCCAT-1,0.12,0.08,0.0,0.0,0.31239405,0.06394048,0.40901902,0.21464649
GCTACAATCCAGTGCG-1,0.16,0.08,0.0,0.0,0.06356814,0.6411481,0.16857167,0.12671214
GCTACCTAGCTCGTGC-1,0.12,0.04,0.0,0.0,1.3757427e-06,0.0027342476,0.014090482,0.9831739
GCTACCTAGGTTGACG-1,0.16,0.08,0.0,0.0,0.006773725,0.20012483,0.30925962,0.48384184
GCTACCTAGTAAACAC-1,0.12,0.04,0.0,0.0,0.98723465,0.0035087247,0.008572006,0.0006845718
GCTACCTCAACCGCCA-1,0.12,0.04,0.0,0.0,0.87816834,0.07204058,0.048605986,0.0011851038
GCTACCTCATCAGCGC-1,0.08,0.04,0.0,0.0,0.78817403,0.11375504,0.093790665,0.0042802
GCTACCTGTCTTGTCC-1,0.16,0.08,0.0,0.0,0.24179289,0.14676003,0.25453636,0.35691074
GCTACCTTCCACTGGG-1,0.16,0.04,0.0,0.0,0.25690895,0.44839257,0.20592536,0.08877314
GCTCAAAAGGCCTGAA-1,0.16,0.08,0.0,0.0,0.057469994,0.42573762,0.47024694,0.0465455
GCTCAAACATGACTCA-1,0.04,0.08,0.0,0.0,0.0002848729,0.029656334,0.09319452,0.87686425
GCTCAAAGTACGATCT-1,0.12,0.04,0.0,0.0,0.99352247,0.0016291854,0.0027626085,0.002085735
GCTCAAAGTCCGTTTC-1,0.12,0.04,0.0,0.0,0.012997738,0.11991063,0.15022558,0.716866
GCTCAAAGTCTCTCTG-1,0.16,0.08,0.0,0.0,0.99316686,0.006189851,0.00062878215,1.4615943e-05
GCTCAAATCGGTAAGG-1,0.24,0.08,0.0,0.0,0.00060780445,0.0009623437,0.1586331,0.8397968
GCTCAAATCGTAACTG-1,0.12,0.04,0.0,0.0,0.009876597,0.5706038,0.23950821,0.18001136
GCTGAATAGTGCACTT-1,0.16,0.04,0.0,0.0,0.957998,0.029201826,0.01132766,0.0014725614
GCTGAATAGTTTCGAC-1,0.12,0.04,0.0,0.0,0.23395196,0.27606907,0.3315665,0.1584125
GCTGAATCACCTGTCT-1,0.16,0.04,0.0,0.0,0.013235513,0.12960018,0.25153458,0.60562974
GCTGAATCATGAATCC-1,0.12,0.04,0.0,0.0,0.04134341,0.53530943,0.17598619,0.24736105
GCTGAATGTAGGCTGA-1,0.16,0.08,0.0,0.0,0.99429363,0.0046810685,0.0010209028,4.3292207e-06
GCTGAATGTATCAGGG-1,0.12,0.04,0.0,0.0,0.06463348,0.57491875,0.19124731,0.1692005
GCTGAATGTATCGCAT-1,0.12,0.04,0.0,0.0,0.9323711,0.056603674,0.008799514,0.0022256994
GCTGAATGTGGACCAA-1,0.16,0.08,0.0,0.0,0.019767823,0.028336188,0.8958155,0.05608057
GCTGAATTCACCCATC-1,0.04,0.08,0.0,0.0,0.1519981,0.34049523,0.31457442,0.19293223
GCTGAATTCCTCGATC-1,0.12,0.04,0.0,0.0,0.00027008343,0.011097757,0.07979168,0.9088404
GCTGAATTCGATTCCC-1,0.04,0.12,0.0,0.0,0.10867778,0.59474975,0.21886483,0.07770771
GCTGCAGCAATCTCTT-1,0.04,0.04,0.0,0.0,0.0624592,0.34907055,0.2466637,0.3418065
GCTGCAGCAGCAGTAG-1,0.16,0.08,0.0,0.0,0.17621462,0.5741501,0.1991324,0.050502926
GCTGCAGCATAGATGA-1,0.16,0.08,0.0,0.0,0.05092726,0.17913972,0.086497575,0.68343544
GCTGCAGCATATTCGG-1,0.16,0.08,0.0,0.0,0.16841967,0.32903224,0.336285,0.16626304
GCTGCAGGTAGGACTG-1,0.24,0.08,0.0,0.0,0.99760383,0.001431997,0.00095424376,1.0043216e-05
GCTGCAGGTGTTCCAA-1,0.16,0.08,0.0,0.0,0.17135347,0.24037026,0.5031409,0.08513541
GCTGCAGGTTAGCTAC-1,0.12,0.04,0.0,0.0,0.0986015,0.5913393,0.21416363,0.09589552
GCTGCAGGTTTACTTC-1,0.12,0.04,0.0,0.0,0.016635215,0.83434874,0.09062252,0.05839351
GCTGCAGTCGCTGACG-1,0.12,0.04,0.0,0.0,1.8528227e-09,0.00012577153,0.001756563,0.9981177
GCTGCAGTCTCATTTG-1,0.12,0.04,0.0,0.0,0.7730373,0.12914217,0.06727797,0.030542595
GCTGGGTAGGCATCAG-1,0.16,0.08,0.0,0.0,0.10975709,0.29192844,0.160972,0.43734255
GCTGGGTAGTTTGTCG-1,0.16,0.08,0.0,0.0,0.13534835,0.087989256,0.42423004,0.3524323
GCTGGGTCAGGAATAT-1,0.16,0.08,0.0,0.0,0.12526472,0.6329399,0.15038785,0.09140754
GCTGGGTCATACCAGT-1,0.12,0.04,0.0,0.0,0.11291476,0.33880025,0.46124083,0.08704415
GCTGGGTTCAAAGACA-1,0.16,0.08,0.0,0.0,0.95980364,0.021855727,0.0064674513,0.011873272
GCTGGGTTCACTGGGC-1,0.16,0.08,0.0,0.0,0.05283381,0.08752381,0.3897806,0.4698618
GCTTCACAGAAATTCG-1,0.16,0.04,0.0,0.0,0.0015101671,0.22340553,0.1603397,0.6147446
GCTTCACAGCGTCAGA-1,0.16,0.08,0.0,0.0,0.03348674,0.89685357,0.058888108,0.0107715195
GCTTCACAGTCCCAAT-1,0.12,0.04,0.0,0.0,0.35683092,0.47247556,0.12869032,0.042003162
GCTTCACCACTGAGTT-1,0.12,0.04,0.0,0.0,0.9188629,0.04906602,0.029823253,0.0022479082
GCTTCACCATACATCG-1,0.16,0.04,0.0,0.0,0.015617054,0.023233114,0.8814149,0.07973497
GCTTCACGTCCTCAGG-1,0.16,0.04,0.0,0.0,0.037552457,0.7202093,0.091127805,0.15111046
GCTTCACGTCCTCATC-1,0.12,0.04,0.0,0.0,0.95195323,0.04143023,0.0034504333,0.0031661717
GCTTCACGTTTCCAAG-1,0.12,0.04,0.0,0.0,0.12130347,0.5560133,0.2622587,0.06042456
GCTTCACTCGAATGCT-1,0.04,0.04,0.0,0.0,0.0778293,0.5213625,0.2711491,0.12965915
GCTTGGGCACAAATCC-1,0.12,0.04,0.0,0.0,0.25107935,0.24510033,0.27482244,0.22899786
GCTTGGGGTACTCGAT-1,0.12,0.04,0.0,0.0,0.19436894,0.20542198,0.3532209,0.24698818
GCTTGGGGTCCTATAG-1,0.16,0.04,0.0,0.0,0.028886816,0.1523916,0.40901554,0.40970612
GCTTGGGGTCGTTTCC-1,0.04,0.08,0.0,0.0,0.13141981,0.10663955,0.5547352,0.2072054
GCTTGGGGTTACCTTT-1,0.16,0.08,0.0,0.0,0.1721805,0.36851943,0.29050454,0.16879548
GCTTGGGGTTTGGCTA-1,0.16,0.04,0.0,0.0,0.44337922,0.27380526,0.26608226,0.016733263
GCTTGGGTCCGTGTCT-1,0.16,0.04,0.0,0.0,0.034336567,0.66951656,0.21054317,0.085603744
GCTTGGGTCGTGTCAA-1,0.16,0.08,0.0,0.0,0.25044402,0.10994032,0.22751458,0.41210103
GCTTGGGTCGTGTTCC-1,0.16,0.08,0.0,0.0,0.25752252,0.27664146,0.15892397,0.30691206
GCTTTCGAGCCTTCTC-1,0.12,0.04,0.0,0.0,0.060803697,0.12460062,0.7867898,0.027805835
GCTTTCGAGTATTAGG-1,0.12,0.04,0.0,0.0,0.023820734,0.31118605,0.2840826,0.38091058
GCTTTCGCACAGTGTT-1,0.12,0.04,0.0,0.0,0.1683407,0.25777602,0.447299,0.12658426
GCTTTCGCATACGCAT-1,0.12,0.04,0.0,0.0,0.09982488,0.5698877,0.22239487,0.107892625
GCTTTCGGTAGGGAGG-1,0.16,0.04,0.0,0.0,0.9818709,0.014791827,0.0026889767,0.0006482996
GCTTTCGGTGGTGATG-1,0.08,0.04,0.0,0.0,0.6149607,0.28117028,0.07382037,0.030048702
GCTTTCGGTGTCCCTT-1,0.16,0.04,0.0,0.0,0.078827456,0.45106727,0.3819561,0.08814917
GCTTTCGGTTAAACCC-1,0.16,0.08,0.0,0.0,0.31289873,0.100735776,0.21634711,0.3700184
GCTTTCGGTTCTCACC-1,0.12,0.04,0.0,0.0,0.121319026,0.22593802,0.5840922,0.06865069
GCTTTCGTCATACGAC-1,0.16,0.08,0.0,0.0,0.0019092422,0.021948311,0.6576818,0.31846058
GGAACCCAGACCTCAT-1,0.16,0.08,0.0,0.0,0.17381015,0.35625267,0.40346617,0.066471025
GGAACCCAGCGTGTCC-1,0.12,0.04,0.0,0.0,0.052126948,0.76643926,0.087700464,0.09373327
GGAACCCCACACCGCA-1,0.16,0.08,0.0,0.0,0.12674037,0.5858807,0.21837732,0.069001615
GGAACCCGTGGTCTGC-1,0.16,0.08,0.0,0.0,0.31576067,0.018345453,0.35735366,0.30854017
GGAACCCGTGTCGATT-1,0.04,0.04,0.0,0.0,0.26912832,0.42369545,0.22006243,0.08711378
GGAAGTGAGCATGGGT-1,0.16,0.08,0.0,0.0,0.07441445,0.4243214,0.42208973,0.079174444
GGAAGTGCAATAGTAG-1,0.16,0.08,0.0,0.0,0.06587358,0.6358103,0.23628755,0.062028557
GGAAGTGCAGAGCCCT-1,0.16,0.04,0.0,0.0,0.0660767,0.6960793,0.1497822,0.0880618
GGAAGTGTCCACGAAT-1,0.12,0.04,0.0,0.0,0.051915012,0.26490283,0.16521887,0.5179633
GGAATCTAGAATCCCT-1,0.16,0.08,0.0,0.0,0.5953623,0.35283658,0.04951563,0.0022854693
GGAATCTAGGATTTAG-1,0.16,0.04,0.0,0.0,0.9955134,0.0038522517,0.0005176329,0.00011666044
GGAATCTAGTCACTCA-1,0.16,0.08,0.0,0.0,0.49612796,0.03079197,0.11425191,0.35882816
GGAATCTAGTGCCAGA-1,0.16,0.08,0.0,0.0,0.22039676,0.09503529,0.41001654,0.27455136
GGAATCTAGTTGTCGT-1,0.2,0.08,0.0,0.0,0.3222392,0.050405793,0.53736067,0.08999435
GGAATCTCAGGTCAAG-1,0.16,0.08,0.0,0.0,0.017349515,0.2648046,0.4259789,0.29186702
GGAATCTCATACCATG-1,0.12,0.04,0.0,0.0,0.0047306013,0.33237112,0.15432265,0.5085757
GGAATCTGTAGTTCCA-1,0.16,0.04,0.0,0.0,0.5610423,0.16966332,0.19958472,0.069709614
GGAATCTGTCGGTACC-1,0.16,0.08,0.0,0.0,0.3486815,0.1161258,0.3681276,0.16706511
GGAATCTTCAAGGACG-1,0.16,0.08,0.0,0.0,0.0013631085,0.1136777,0.19928719,0.6856719
GGAATCTTCCTAGCTC-1,0.12,0.04,0.0,0.0,0.12035115,0.47071826,0.28642884,0.122501746
GGAATGGAGCGAGTCA-1,0.12,0.08,0.0,0.0,0.9547128,0.034362435,0.0102562085,0.00066867453
GGAATGGCACTCATAG-1,0.12,0.04,0.0,0.0,0.11867014,0.10792712,0.5572525,0.21615021
GGAATGGCAGACTGCC-1,0.12,0.04,0.0,0.0,0.4185036,0.41033888,0.13524307,0.03591441
GGAATGGGTACAACGG-1,0.16,0.08,0.0,0.0,0.25040114,0.1539344,0.30391237,0.29175213
GGAATGGGTCTCGACG-1,0.16,0.08,0.0,0.0,0.13140681,0.3077669,0.5004909,0.060335327
GGACGTCAGCCTCCAG-1,0.12,0.04,0.0,0.0,0.88623154,0.029373491,0.07103858,0.013356427
GGACGTCAGGCTAGCA-1,0.2,0.08,0.0,0.0,0.3177915,0.16258602,0.37341595,0.14620653
GGACGTCCAAGCGCAA-1,0.12,0.04,0.0,0.0,0.7908973,0.10102504,0.088682756,0.01939488
GGACGTCCACTGTTCC-1,0.16,0.04,0.0,0.0,0.17722017,0.3378644,0.1770136,0.30790183
GGACGTCCAGACTCTA-1,0.12,0.04,0.0,0.0,1.5814837e-07,0.0006660306,0.0029942265,0.99633956
GGACGTCCATGCGGTC-1,0.12,0.04,0.0,0.0,0.06851717,0.16136965,0.71899396,0.0511192
GGACGTCGTACCGGAA-1,0.12,0.04,0.0,0.0,0.9460649,0.010271376,0.03333096,0.010332791
GGACGTCTCGAAGCAG-1,0.12,0.04,0.0,0.0,0.91915196,0.073591046,0.007186088,7.0920825e-05
GGACGTCTCGTCGATA-1,0.16,0.04,0.0,0.0,0.34602785,0.07132234,0.5643739,0.018275917
GGAGAACAGGTCGACA-1,0.16,0.04,0.0,0.0,0.032396905,0.13621749,0.7142965,0.1170891
GGAGAACGTGGATCGA-1,0.16,0.08,0.0,0.0,0.32420403,0.049674574,0.34910223,0.27701914
GGAGAACGTGGTGATG-1,0.16,0.04,0.0,0.0,0.29182264,0.43795168,0.22091675,0.049308944
GGAGAACTCCCTTGGT-1,0.16,0.08,0.0,0.0,0.10566816,0.4174485,0.37324843,0.10363486
GGAGATGCAACCGATT-1,0.16,0.08,0.0,0.0,6.302199e-05,0.5109979,0.13952188,0.34941715
GGAGATGCACACACGC-1,0.16,0.08,0.0,0.0,0.22871757,0.16934542,0.42035097,0.18158604
GGAGATGGTCACTCGG-1,0.16,0.08,0.0,0.0,0.9908292,0.0011119642,0.007592627,0.0004661612
GGAGATGTCACTCTTA-1,0.12,0.04,0.0,0.0,0.0425904,0.7855424,0.08704284,0.084824376
GGAGATGTCCGGGACT-1,0.12,0.04,0.0,0.0,0.22234623,0.2656227,0.24827357,0.26375747
GGAGATGTCGCACGGT-1,0.16,0.08,0.0,0.0,0.41783544,0.21071784,0.23617397,0.13527276
GGAGATGTCTCGCTTG-1,0.12,0.04,0.0,0.0,0.9501079,0.032397207,0.016729506,0.00076527474
GGAGATGTCTTACCAT-1,0.12,0.04,0.0,0.0,1.1454276e-10,3.5255e-05,0.0016238998,0.99834085
GGAGCAAAGGATGGCT-1,0.12,0.04,0.0,0.0,0.051398184,0.5968423,0.24688163,0.1048778
GGAGCAAAGGCCTTGC-1,0.16,0.08,0.0,0.0,0.07260211,0.03490489,0.72180843,0.17068456
GGAGCAATCATGAGTC-1,0.04,0.04,0.0,0.0,0.16659361,0.0842271,0.55644435,0.19273499
GGAGCAATCCAGCACG-1,0.12,0.04,0.0,0.0,0.15347706,0.38368928,0.27175608,0.19107763
GGAGCAATCTCAGTCC-1,0.16,0.08,0.0,0.0,0.17136587,0.1413337,0.49284795,0.19445245
GGAGGATAGATCCCAT-1,0.16,0.04,0.0,0.0,0.30933085,0.033161577,0.49792156,0.15958603
GGAGGATCACCACATA-1,0.16,0.08,0.0,0.0,0.2151933,0.2193713,0.26473197,0.3007034
GGAGGATCACCAGTAT-1,0.12,0.04,0.0,0.0,0.10016546,0.20341948,0.56836927,0.12804584
GGAGGATCACGGTCTG-1,0.16,0.08,0.0,0.0,0.102074124,0.32727617,0.5376546,0.032995123
GGAGGATGTAAGATCA-1,0.12,0.04,0.0,0.0,0.014912454,0.05893026,0.24801801,0.6781392
GGAGGATGTGCCTACG-1,0.16,0.04,0.0,0.0,0.12095831,0.22135352,0.5686027,0.08908551
GGAGGATGTGTGTGTT-1,0.12,0.04,0.0,0.0,0.20549633,0.1535148,0.53588265,0.1051062
GGAGGATTCATCCTGC-1,0.16,0.08,0.0,0.0,0.04937324,0.1627305,0.33895212,0.44894418
GGAGGATTCGAGTGAG-1,0.12,0.04,0.0,0.0,0.7542468,0.21658944,0.027671538,0.0014922917
GGAGGTAAGCGCCTTG-1,0.16,0.08,0.0,0.0,0.9929061,0.0011349833,0.0057218685,0.00023704681
GGAGGTAAGCTTCATG-1,0.16,0.08,0.0,0.0,0.045201022,0.8457053,0.103902094,0.005191658
GGAGGTAGTAAGGAGA-1,0.16,0.08,0.0,0.0,0.20223455,0.44898444,0.20290346,0.1458776
GGAGGTAGTCCTATAG-1,0.16,0.08,0.0,0.0,0.0944443,0.06755728,0.7990637,0.038934745
GGAGGTATCGAACGGA-1,0.16,0.04,0.0,0.0,0.27656934,0.3169454,0.24139512,0.1650901
GGAGGTATCGACGCGT-1,0.12,0.04,0.0,0.0,0.9823958,0.0061259917,0.007903983,0.0035741967
GGAGGTATCGCTAGCG-1,0.16,0.04,0.0,0.0,0.08806804,0.6237009,0.17185982,0.11637119
GGATCTAGTACCGGCT-1,0.12,0.04,0.0,0.0,2.3340545e-08,0.00052229996,0.003542969,0.9959347
GGATCTAGTTGCGGAA-1,0.16,0.08,0.0,0.0,0.0028684495,0.8293544,0.09172909,0.0760481
GGATCTATCCTCAGAA-1,0.16,0.08,0.0,0.0,0.61476976,0.09197361,0.15583673,0.13741995
GGATGTTAGTAGCATA-1,0.12,0.04,0.0,0.0,0.13886079,0.6695635,0.16122133,0.03035435
GGATGTTCATAATCGC-1,0.12,0.04,0.0,0.0,0.022384576,0.4742817,0.4295619,0.073771834
GGATGTTGTACCTATG-1,0.12,0.04,0.0,0.0,0.8179272,0.15327075,0.01254296,0.016259087
GGATGTTTCATGCAGT-1,0.12,0.04,0.0,0.0,0.89812475,0.06447656,0.0351425,0.0022562244
GGATGTTTCGAAGTGG-1,0.16,0.08,0.0,0.0,0.07600362,0.4094722,0.35793564,0.15658857
GGCACGTAGGATAATC-1,0.16,0.08,0.0,0.0,0.21858776,0.062901646,0.19889452,0.5196161
GGCACGTCACGTCGGT-1,0.12,0.04,0.0,0.0,0.102188304,0.5161804,0.17977197,0.20185931
GGCACGTCATGGAATA-1,0.12,0.04,0.0,0.0,0.65443015,0.27565423,0.06635926,0.003556433
GGCACGTGTTGCGGCT-1,0.12,0.04,0.0,0.0,0.022696508,0.86928517,0.073707834,0.034310512
GGCACGTTCTCGTGGG-1,0.16,0.04,0.0,0.0,0.15279157,0.2056235,0.5101174,0.1314676
GGCAGTCAGGCGAACT-1,0.12,0.04,0.0,0.0,0.048592836,0.4969793,0.43836755,0.016060365
GGCAGTCCAGTAGTTC-1,0.08,0.04,0.0,0.0,0.886484,0.03658954,0.063838735,0.013087648
GGCAGTCCAGTATGAA-1,0.12,0.04,0.0,0.0,0.47880286,0.20600735,0.2961896,0.01900017
GGCAGTCCATAAGCAA-1,0.16,0.04,0.0,0.0,2.4094163e-08,0.00011425171,0.001778087,0.9981077
GGCAGTCGTTCAGCGC-1,0.12,0.04,0.0,0.0,0.2108495,0.10723499,0.3276598,0.35425577
GGCAGTCTCGTTGTTT-1,0.16,0.08,0.0,0.0,0.035132714,0.824512,0.10709908,0.033256285
GGCAGTCTCTACTGCC-1,0.16,0.04,0.0,0.0,0.14255892,0.54984707,0.15768984,0.14990416
GGCGTCAAGCAAGTCG-1,0.12,0.04,0.0,0.0,0.79023147,0.08491416,0.12055906,0.0042953687
GGCGTCAAGCGACTTT-1,0.16,0.08,0.0,0.0,0.07699514,0.5316284,0.32253155,0.06884493
GGCGTCACAAGGGTCA-1,0.12,0.04,0.0,0.0,0.39920872,0.24567781,0.25495556,0.1001579
GGCGTCACAGTCAGAG-1,0.12,0.04,0.0,0.0,0.05068994,0.4933877,0.36732775,0.08859463
GGCGTCAGTCACCGAC-1,0.16,0.08,0.0,0.0,0.04722703,0.68206304,0.17459868,0.0961113
GGCGTCATCCCTTCCC-1,0.08,0.04,0.0,0.0,0.021188103,0.6839786,0.17518634,0.11964702
GGCGTCATCTACACAG-1,0.16,0.08,0.0,0.0,0.115793444,0.5399465,0.24319848,0.10106153
GGCTGTGAGGTGAGAA-1,0.16,0.08,0.0,0.0,0.101915166,0.6586818,0.116555266,0.122847855
GGCTGTGCACTGGCGT-1,0.16,0.08,0.0,0.0,0.9745774,0.01879361,0.005042937,0.0015859759
GGCTGTGCAGATCATC-1,0.12,0.04,0.0,0.0,0.03592958,0.46902958,0.3118118,0.18322898
GGCTGTGGTTACAGCT-1,0.16,0.08,0.0,0.0,0.33320114,0.07828708,0.32338312,0.26512864
GGCTGTGTCGTGCACG-1,0.16,0.08,0.0,0.0,0.08609269,0.07030431,0.22972488,0.6138781
GGCTTGGCATGTCTAG-1,0.12,0.04,0.0,0.0,0.19108327,0.54236555,0.24015605,0.026395174
GGCTTGGGTCTTAGTG-1,0.16,0.08,0.0,0.0,0.31918263,0.031054316,0.3668288,0.28293425
GGCTTGGTCCACAAGT-1,0.16,0.04,0.0,0.0,1.8784873e-07,0.005684284,0.012688761,0.98162675
GGCTTGGTCGTTGTAG-1,0.2,0.08,0.0,0.0,0.21176642,0.10140265,0.32342207,0.36340883
GGCTTTCAGGTGCTGA-1,0.16,0.08,0.0,0.0,1.4969846e-06,0.00025764958,0.008389103,0.9913517
GGCTTTCCAATGACCT-1,0.16,0.04,0.0,0.0,0.0025096168,0.094140865,0.17930043,0.7240491
GGCTTTCCACCCGTAG-1,0.16,0.08,0.0,0.0,2.47786e-05,0.018734442,0.0033212355,0.9779196
GGCTTTCGTGCGGATA-1,0.16,0.08,0.0,0.0,0.09193199,0.5935973,0.26441705,0.050053637
GGCTTTCGTTGCCATA-1,0.16,0.08,0.0,0.0,0.11268633,0.4611523,0.18304466,0.24311675
GGCTTTCTCAATCAGC-1,0.12,0.04,0.0,0.0,0.7740634,0.19030271,0.03343447,0.0021994167
GGCTTTCTCATCCCGT-1,0.12,0.04,0.0,0.0,0.5340351,0.28439605,0.16990346,0.011665353
GGCTTTCTCCAACACA-1,0.16,0.04,0.0,0.0,0.44099247,0.2434476,0.07419564,0.24136429
GGCTTTCTCGAGAATA-1,0.16,0.04,0.0,0.0,0.8168642,0.15997583,0.018409068,0.0047508394
GGGAAGTAGATAACGT-1,0.16,0.08,0.0,0.0,3.4012172e-07,0.002448821,0.007604375,0.9899464
GGGAAGTAGTGCTACT-1,0.16,0.08,0.0,0.0,0.023228344,0.4923069,0.29482606,0.1896388
GGGAAGTTCCGATCTC-1,0.12,0.04,0.0,0.0,0.5439854,0.4122244,0.025203565,0.018586554
GGGAAGTTCGCACGGT-1,0.04,0.04,0.0,0.0,0.02610711,0.67851174,0.20694831,0.08843283
GGGAAGTTCTTGGTCC-1,0.12,0.04,0.0,0.0,0.019939883,0.6878046,0.17486762,0.11738791
GGGACAAAGCTTCGTA-1,0.12,0.04,0.0,0.0,0.055530515,0.6158074,0.23094314,0.09771894
GGGACAAAGGGAGGAC-1,0.08,0.04,0.0,0.0,0.117305025,0.3921128,0.3525305,0.13805164
GGGACAAAGGTGAGAA-1,0.16,0.04,0.0,0.0,0.757799,0.21580361,0.020605884,0.0057914923
GGGACAACAAAGAGTT-1,0.12,0.04,0.0,0.0,0.046941143,0.7016026,0.19292645,0.05852982
GGGACAAGTGGACTGA-1,0.12,0.04,0.0,0.0,0.16331318,0.35492936,0.15852854,0.32322893
GGGACAAGTTCTCCCA-1,0.12,0.04,0.0,0.0,0.9942259,0.0034964723,0.0021917769,8.585962e-05
GGGACAATCAGTGATC-1,0.12,0.04,0.0,0.0,0.113804564,0.5359561,0.1516122,0.19862713
GGGACAATCTACCCAC-1,0.2,0.08,0.0,0.0,0.097423434,0.3553976,0.2379104,0.30926856
GGGACCTCAAACGAGC-1,0.12,0.04,0.0,0.0,0.16425224,0.030516453,0.5817187,0.22351262
GGGACCTCAACCGATT-1,0.12,0.04,0.0,0.0,0.8254828,0.08901829,0.05866533,0.02683351
GGGACCTCAAGACCTT-1,0.16,0.08,0.0,0.0,1.046981e-09,0.00015288522,0.0008597649,0.9989874
GGGACCTCACCACTGG-1,0.16,0.08,0.0,0.0,0.19659726,0.12924157,0.5859668,0.08819431
GGGACCTCACGGGCTT-1,0.12,0.04,0.0,0.0,0.02307363,0.32499108,0.4944785,0.15745679
GGGACCTCAGATCCAT-1,0.12,0.04,0.0,0.0,0.32359782,0.1487392,0.13050173,0.39716122
GGGACCTCAGTCGAGA-1,0.16,0.08,0.0,0.0,0.5030204,0.1891652,0.25666553,0.05114879
GGGACCTCATCAGCGC-1,0.16,0.08,0.0,0.0,0.9543682,0.039285198,0.0058186133,0.0005280264
GGGACCTTCATGCCAA-1,0.16,0.04,0.0,0.0,0.977432,0.0062386803,0.016025245,0.00030409786
GGGACCTTCCGATGTA-1,0.12,0.04,0.0,0.0,0.9463675,0.03200294,0.020326098,0.0013035027
GGGACCTTCGGTAACT-1,0.16,0.08,0.0,0.0,0.21453808,0.3544322,0.068976365,0.36205336
GGGACCTTCTCGTGAA-1,0.16,0.04,0.0,0.0,0.08125005,0.58717024,0.21481253,0.116767175
GGGACTCCACATACTG-1,0.16,0.04,0.0,0.0,0.3555391,0.20847331,0.08768114,0.3483065
GGGACTCCACGAAAGC-1,0.16,0.08,0.0,0.0,0.089387976,0.0030429163,0.86666226,0.04090681
GGGACTCCAGAGGTTG-1,0.16,0.08,0.0,0.0,0.089737564,0.57902706,0.19609992,0.13513547
GGGACTCCATCCTAAG-1,0.16,0.08,0.0,0.0,0.043900352,0.76643074,0.16754316,0.022125755
GGGACTCCATGGGCAA-1,0.12,0.04,0.0,0.0,0.25265056,0.3429824,0.29084376,0.11352326
GGGACTCGTAGCGAGT-1,0.16,0.04,0.0,0.0,0.935422,0.020826546,0.04265227,0.0010991938
GGGACTCTCCTACAAG-1,0.12,0.04,0.0,0.0,0.86458087,0.07138224,0.03573872,0.028298251
GGGACTCTCGGCTGGT-1,0.16,0.04,0.0,0.0,4.1016036e-05,0.0024057063,0.025852831,0.97170043
GGGAGATCACGACAGA-1,0.16,0.08,0.0,0.0,0.66383225,0.013456617,0.2886932,0.034017928
GGGAGATCAGTAGAAT-1,0.16,0.08,0.0,0.0,0.0061509996,0.435151,0.46691006,0.09178796
GGGAGATGTAGAGTTA-1,0.16,0.08,0.0,0.0,0.40276337,0.051728517,0.15706666,0.38844144
GGGAGATGTTGCCGCA-1,0.16,0.08,0.0,0.0,0.070730835,0.11980226,0.10752928,0.7019376
GGGAGATTCGGAAGGT-1,0.16,0.08,0.0,0.0,3.3293732e-10,3.0382089e-05,0.0014754154,0.99849415
GGGAGTACATACCAGT-1,0.12,0.04,0.0,0.0,0.00061471004,0.023295091,0.23234816,0.74374205
GGGAGTACATTGTGCA-1,0.16,0.08,0.0,0.0,0.29759637,0.0988296,0.29938847,0.3041856
GGGAGTAGTGTATTCG-1,0.16,0.08,0.0,0.0,0.0028906283,0.07502497,0.19924673,0.7228377
GGGAGTATCGAAACAA-1,0.12,0.04,0.0,0.0,0.18554862,0.45816183,0.09926111,0.25702852
GGGAGTATCGCATTAG-1,0.12,0.04,0.0,0.0,0.2900125,0.3804365,0.2579344,0.07161665
GGGATCCAGAGCATCG-1,0.16,0.08,0.0,0.0,0.13016811,0.45674127,0.31554618,0.097544424
GGGATCCAGAGTTGTA-1,0.16,0.08,0.0,0.0,0.006525676,0.026424965,0.05115531,0.9158941
GGGATCCAGGCTCACC-1,0.08,0.04,0.0,0.0,0.30145353,0.3833673,0.27535403,0.03982519
GGGATCCCACTATCCC-1,0.16,0.08,0.0,0.0,0.17468446,0.2678579,0.4200689,0.13738874
GGGATCCCAGCTCTGG-1,0.16,0.08,0.0,0.0,0.06810641,0.42274034,0.42297322,0.086180024
GGGATCCGTGAACGGT-1,0.16,0.08,0.0,0.0,0.06337491,0.5310685,0.33211812,0.07343852
GGGATCCTCCTCCACA-1,0.16,0.08,0.0,0.0,0.9664038,0.004728801,0.025868744,0.0029986107
GGGATCCTCTAGTGAC-1,0.12,0.04,0.0,0.0,0.9407583,0.02415218,0.033166192,0.001923367
GGGATGACACTACCCT-1,0.12,0.04,0.0,0.0,0.115383856,0.4499547,0.13675621,0.29790527
GGGATGAGTAACCAGG-1,0.16,0.08,0.0,0.0,0.00023375978,0.093513146,0.0392383,0.86701477
GGGATGAGTGCGACAA-1,0.16,0.04,0.0,0.0,0.98752856,0.011012285,0.0012654004,0.00019372963
GGGATGATCAAGCCGC-1,0.12,0.04,0.0,0.0,0.15700734,0.26912752,0.3039783,0.26988682
GGGATGATCGTTCTCG-1,0.12,0.04,0.0,0.0,0.8564488,0.08691417,0.044343624,0.012293407
GGGATGATCTACCCAC-1,0.12,0.04,0.0,0.0,5.5062014e-08,0.0025756634,0.007941247,0.98948306
GGGATGATCTTGGAAC-1,0.16,0.08,0.0,0.0,0.5166724,0.05359831,0.2084065,0.22132285
GGGCCATCAGTGAGCA-1,0.12,0.04,0.0,0.0,0.9661252,0.015580066,0.016508862,0.001785794
GGGCCATGTGTAGGAC-1,0.12,0.04,0.0,0.0,0.11100091,0.4238344,0.25034198,0.2148227
GGGCCATGTTGCCAAT-1,0.16,0.04,0.0,0.0,0.33093557,0.11662549,0.14813513,0.40430382
GGGCCATTCTGTCCCA-1,0.12,0.04,0.0,0.0,0.98753184,0.00048753904,0.0116940895,0.00028655192
GGGCGTTAGAGTCAGC-1,0.12,0.04,0.0,0.0,0.07199984,0.5509062,0.26098242,0.11611155
GGGCGTTAGTGATCGG-1,0.04,0.08,0.0,0.0,0.44121954,0.4729333,0.08161018,0.0042370893
GGGCGTTCACGCGGTT-1,0.2,0.08,0.0,0.0,0.3553393,0.015661895,0.14103277,0.48796612
GGGCGTTTCATTCACT-1,0.16,0.08,0.0,0.0,0.26840863,0.032488514,0.59740406,0.1016988
GGGCGTTTCTAAGAAG-1,0.16,0.08,0.0,0.0,0.06947394,0.7778559,0.09994144,0.05272862
GGGCTACAGTACGAGC-1,0.12,0.04,0.0,0.0,0.112514704,0.13178168,0.47008008,0.28562358
GGGCTACAGTCACTAC-1,0.16,0.08,0.0,0.0,0.048293196,0.74765205,0.093887076,0.11016766
GGGCTACCACGACAAG-1,0.16,0.04,0.0,0.0,0.23436548,0.20492265,0.19422495,0.36648694
GGGCTACGTACCGGAA-1,0.12,0.04,0.0,0.0,0.034065973,0.5163,0.23876141,0.21087268
GGGCTACGTCGGTGTC-1,0.16,0.04,0.0,0.0,0.1542869,0.14701255,0.5488676,0.14983293
GGGCTACGTGTTTGCA-1,0.16,0.08,0.0,0.0,0.24926694,0.15888016,0.22513394,0.366719
GGGCTACGTTGTAGCT-1,0.12,0.04,0.0,0.0,0.8654378,0.112729184,0.020923182,0.0009098155
GGGCTACTCATTCGTT-1,0.16,0.04,0.0,0.0,0.37322205,0.1961486,0.42342624,0.007203093
GGGCTACTCGGTTGTA-1,0.16,0.08,0.0,0.0,0.9351136,0.032376554,0.03091,0.0015997761
GGGCTACTCTTTGGAG-1,0.12,0.04,0.0,0.0,0.45905873,0.34371334,0.17938475,0.017843243
GGGCTCAAGATGCTGG-1,0.12,0.04,0.0,0.0,0.0013987726,0.07444674,0.1871771,0.73697734
GGGCTCAAGGTTCAGG-1,0.12,0.04,0.0,0.0,0.095141515,0.68713206,0.038364068,0.1793624
GGGCTCACAATCGAAA-1,0.12,0.04,0.0,0.0,0.060280293,0.09233984,0.63378,0.21359985
GGGCTCAGTGAGCGAT-1,0.12,0.04,0.0,0.0,0.9822237,0.008682701,0.008894951,0.00019860979
GGGCTCAGTGGCACTC-1,0.12,0.04,0.0,0.0,0.2741825,0.6114453,0.0646799,0.049692314
GGGCTCATCACTACTT-1,0.16,0.04,0.0,0.0,0.27106,0.3510503,0.107081346,0.27080837
GGGTAGAAGAAAGCGA-1,0.16,0.04,0.0,0.0,0.9972722,0.0020781516,0.0005530988,9.6675336e-05
GGGTAGACAAGACCTT-1,0.16,0.04,0.0,0.0,0.15776421,0.53569305,0.1794513,0.1270914
GGGTAGACATGATAGA-1,0.12,0.04,0.0,0.0,0.023722753,0.018567838,0.9284172,0.029292183
GGGTAGAGTCTACACA-1,0.2,0.08,0.0,0.0,0.09100565,0.67057353,0.20350243,0.03491847
GGGTAGAGTGGCCACT-1,0.12,0.04,0.0,0.0,0.27586597,0.25295347,0.24589495,0.22528557
GGGTAGATCTGGGAGA-1,0.12,0.04,0.0,0.0,0.08116502,0.7150661,0.04722734,0.1565416
GGGTATTCAGAAATCA-1,0.12,0.04,0.0,0.0,0.13219331,0.61616904,0.15882951,0.09280821
GGGTATTCAGGTTCGC-1,0.16,0.08,0.0,0.0,0.1324803,0.58821005,0.18215084,0.09715875
GGGTATTGTATCACGT-1,0.16,0.08,0.0,0.0,0.07389041,0.7458864,0.13795315,0.042270053
GGGTATTGTCATGCAT-1,0.12,0.04,0.0,0.0,0.20683743,0.19668728,0.43092468,0.16555063
GGGTATTGTGCAATAA-1,0.12,0.04,0.0,0.0,1.2867678e-06,0.0032831328,0.02482661,0.97188896
GGGTATTGTGTTAAAG-1,0.16,0.04,0.0,0.0,0.060885046,0.19147016,0.35700032,0.39064452
GGGTATTTCTTAGGAC-1,0.12,0.04,0.0,0.0,0.13388792,0.1356435,0.47226164,0.258207
GGGTCACAGCTGGCTC-1,0.16,0.08,0.0,0.0,0.029121738,0.20104228,0.38393027,0.38590577
GGGTCACCAGGACGAT-1,0.16,0.08,0.0,0.0,0.0026260952,0.005285431,0.08705663,0.90503186
GGGTCACGTAAGATAC-1,0.16,0.08,0.0,0.0,0.88682836,0.044710167,0.06502027,0.0034412357
GGGTCACGTACATACC-1,0.16,0.04,0.0,0.0,0.9413304,0.04148485,0.016072687,0.0011120889
GGGTCACGTGCTAGCC-1,0.16,0.08,0.0,0.0,0.13001683,0.4924869,0.26308262,0.11441359
GGGTCACGTTAAAGTG-1,0.2,0.08,0.0,0.0,0.8961451,0.01651957,0.06189057,0.025444835
GGGTCACTCAGATGCT-1,0.16,0.08,0.0,0.0,0.34142828,0.07735175,0.32334545,0.25787452
GGGTCACTCCTTACCG-1,0.16,0.04,0.0,0.0,0.06330837,0.7098124,0.20378917,0.023090068
GGGTCTGAGAGTCAGC-1,0.12,0.04,0.0,0.0,0.03761005,0.40418145,0.36077848,0.19743001
GGGTCTGAGGTTTGAA-1,0.16,0.04,0.0,0.0,0.9737099,0.0068464037,0.019157095,0.00028676348
GGGTCTGAGTCTACCA-1,0.12,0.04,0.0,0.0,0.07784916,0.51930946,0.26653248,0.13630888
GGGTCTGCAAGGCAAC-1,0.12,0.04,0.0,0.0,0.056294437,0.64673305,0.21541722,0.08155532
GGGTCTGGTATCACGT-1,0.12,0.04,0.0,0.0,0.002724712,0.2571869,0.16700473,0.5730837
GGGTCTGGTTGCGGAA-1,0.16,0.08,0.0,0.0,0.0035709355,0.0629628,0.16856952,0.7648968
GGGTGAACACTGTCCT-1,0.12,0.04,0.0,0.0,0.04737686,0.15890223,0.34982297,0.44389796
GGGTGAACAGCTGTTA-1,0.16,0.08,0.0,0.0,0.99485946,0.0046432605,0.00049173756,5.5591495e-06
GGGTGAAGTAATCAAG-1,0.08,0.04,0.0,0.0,0.19872181,0.35821787,0.36937273,0.07368763
GGGTGAAGTAGCACGA-1,0.16,0.04,0.0,0.0,0.20517015,0.42339873,0.3028607,0.06857038
GGGTGAAGTTCATCGA-1,0.16,0.04,0.0,0.0,0.04659981,0.5328107,0.23636375,0.18422572
GGGTGAATCGATGGAG-1,0.12,0.04,0.0,0.0,0.122945584,0.55216175,0.27351207,0.05138058
GGGTGTCAGGCCGCTT-1,0.2,0.08,0.0,0.0,0.24831297,0.20009017,0.25323555,0.2983613
GGGTGTCCAACTGCTA-1,0.04,0.04,0.0,0.0,0.1871091,0.52111703,0.18625025,0.10552364
GGGTGTCCAGATTTCG-1,0.16,0.08,0.0,0.0,0.35283577,0.46309048,0.13155209,0.052521646
GGGTGTCCAGCGTGAA-1,0.2,0.08,0.0,0.0,0.051713496,0.18332604,0.24020581,0.5247547
GGGTGTCCATGACGGA-1,0.08,0.04,0.0,0.0,0.0022725638,0.11187194,0.05865489,0.8272006
GGGTGTCGTCATCCCT-1,0.16,0.08,0.0,0.0,0.79357946,0.08851342,0.106494725,0.011412324
GGGTGTCGTCGGTGAA-1,0.12,0.04,0.0,0.0,0.98944634,0.008669857,0.001714836,0.0001688745
GGGTGTCGTGAGTGAC-1,0.12,0.04,0.0,0.0,0.05431832,0.21087354,0.18143633,0.55337185
GGGTGTCGTGCACGCT-1,0.16,0.08,0.0,0.0,0.27910855,0.09796225,0.5370909,0.085838325
GGGTGTCGTGGCCCAT-1,0.16,0.08,0.0,0.0,0.055961296,0.47197244,0.3763009,0.09576535
GGGTTATAGAGGTCAC-1,0.2,0.08,0.0,0.0,0.275094,0.09531372,0.40449357,0.22509864
GGGTTATGTATGAAAC-1,0.2,0.08,0.0,0.0,0.29088074,0.08464329,0.40488485,0.21959114
GGGTTATGTTCTCGTC-1,0.16,0.08,0.0,0.0,0.0033086813,0.012847607,0.10126698,0.88257676
GGGTTTAAGAGCCATG-1,0.16,0.08,0.0,0.0,0.22101691,0.44155914,0.1758531,0.16157085
GGGTTTACAACCGTGC-1,0.12,0.04,0.0,0.0,0.13907523,0.019259758,0.7408009,0.10086414
GGGTTTAGTAAGACCG-1,0.16,0.08,0.0,0.0,7.6529966e-10,0.0002712578,0.0009529617,0.9987758
GGGTTTAGTCAGGAGT-1,0.16,0.08,0.0,0.0,0.98153895,0.0067209387,0.0116236275,0.000116461066
GGGTTTAGTCTGTTAG-1,0.16,0.04,0.0,0.0,0.0763814,0.3301607,0.30873737,0.2847205
GGTAACTAGTCTCGTA-1,0.12,0.04,0.0,0.0,0.41884357,0.4462453,0.08579428,0.049116887
GGTAACTGTTATTCTC-1,0.16,0.08,0.0,0.0,0.31596628,0.11593862,0.30462927,0.26346585
GGTAACTTCGATTGGT-1,0.16,0.04,0.0,0.0,0.18940994,0.2959937,0.26657417,0.2480222
GGTAATCAGATTGATG-1,0.12,0.04,0.0,0.0,0.10523448,0.26561815,0.5623665,0.06678097
GGTAATCAGTCTCGTA-1,0.16,0.08,0.0,0.0,4.4441986e-05,0.003481384,0.023486352,0.97298783
GGTAATCCACCCTTAC-1,0.16,0.04,0.0,0.0,0.08390708,0.2480524,0.49751782,0.17052275
GGTAATCCATTGCCTC-1,0.12,0.04,0.0,0.0,0.112950854,0.028051661,0.6709415,0.18805605
GGTAATCGTTCGGTTA-1,0.2,0.08,0.0,0.0,0.04884806,0.12701367,0.56463265,0.25950563
GGTAATCGTTGTACGT-1,0.12,0.04,0.0,0.0,0.2561918,0.28555787,0.18985114,0.2683992
GGTAATCGTTTACTTC-1,0.16,0.04,0.0,0.0,0.9772235,0.01849589,0.0035102847,0.00077025755
GGTAATCTCTTTGCGC-1,0.04,0.04,0.0,0.0,0.06604751,0.5104399,0.25596747,0.16754514
GGTAGAGCAACTTCTT-1,0.16,0.04,0.0,0.0,0.028964382,0.33370656,0.33678028,0.3005488
GGTAGAGCATCAACCA-1,0.16,0.08,0.0,0.0,0.9592076,0.032976754,0.0076170624,0.00019865292
GGTAGAGGTGCTGATT-1,0.16,0.08,0.0,0.0,0.09482531,0.2844697,0.22302073,0.3976843
GGTAGAGGTTGTGCCG-1,0.16,0.08,0.0,0.0,0.092253566,0.3909434,0.14440802,0.37239498
GGTAGAGTCTGTCGCT-1,0.16,0.04,0.0,0.0,3.6292335e-05,0.0042639207,0.0066980436,0.98900175
GGTCACGCAAGAATAC-1,0.16,0.08,0.0,0.0,5.3484728e-06,0.0012393012,0.02180559,0.9769497
GGTCACGCACGGAAGT-1,0.16,0.08,0.0,0.0,7.8942485e-08,0.0002576567,0.00615387,0.9935883
GGTCACGCAGAAACCG-1,0.12,0.04,0.0,0.0,0.93922263,0.034876794,0.023574626,0.0023258931
GGTCACGCATGGCACC-1,0.16,0.08,0.0,0.0,0.19182268,0.34948272,0.171531,0.28716356
GGTCACGGTTCAATCG-1,0.12,0.04,0.0,0.0,0.9179115,0.05503408,0.022279462,0.0047750156
GGTCACGGTTCCTAGA-1,0.12,0.04,0.0,0.0,0.04617315,0.8280894,0.09360663,0.032130733
GGTCACGTCTAGCCAA-1,0.12,0.04,0.0,0.0,0.1905455,0.3976961,0.09349788,0.3182605
GGTCTGGGTACTTCCC-1,0.12,0.04,0.0,0.0,0.014096168,0.7542932,0.16504878,0.066561855
GGTCTGGGTGCATTTG-1,0.16,0.08,0.0,0.0,0.34677538,0.09374411,0.18526238,0.37421814
GGTCTGGTCACATTGG-1,0.2,0.08,0.0,0.0,0.107932314,0.4742107,0.33240378,0.0854532
GGTCTGGTCTCTCGAC-1,0.16,0.08,0.0,0.0,0.26622587,0.1723948,0.3244123,0.23696707
GGTGAAGAGGAGACCT-1,0.24,0.08,0.0,0.0,0.17192039,0.1876226,0.520771,0.11968594
GGTGAAGAGTCACTCA-1,0.16,0.08,0.0,0.0,0.15020657,0.17723508,0.3633674,0.3091909
GGTGAAGAGTGGCAGT-1,0.16,0.04,0.0,0.0,0.0301506,0.4915346,0.20034257,0.2779722
GGTGAAGGTAGTGTGG-1,0.12,0.04,0.0,0.0,0.23382322,0.26279518,0.13315241,0.37022918
GGTGAAGTCCCATAAG-1,0.12,0.04,0.0,0.0,0.12084551,0.4425458,0.23122878,0.20537987
GGTGAAGTCGACATTG-1,0.12,0.04,0.0,0.0,0.20068634,0.083947994,0.4726308,0.24273485
GGTGAAGTCTAGTACG-1,0.12,0.04,0.0,0.0,2.803462e-05,0.0054338863,0.046912972,0.94762516
GGTGAAGTCTCTAGGA-1,0.12,0.04,0.0,0.0,0.46874222,0.36894122,0.13113306,0.031183539
GGTGAAGTCTTACGTT-1,0.12,0.04,0.0,0.0,0.93004906,0.03297574,0.03562812,0.0013470385
GGTGATTAGACTGGGT-1,0.16,0.08,0.0,0.0,0.40494418,0.066803835,0.1343481,0.39390388
GGTGATTCATGGGCAA-1,0.08,0.04,0.0,0.0,0.65840435,0.14530359,0.13988237,0.05640977
GGTGATTGTGTCTTAG-1,0.16,0.08,0.0,0.0,0.29259166,0.3001633,0.20233236,0.20491268
GGTGATTGTTGGAGGT-1,0.16,0.08,0.0,0.0,0.09222023,0.5642005,0.162126,0.18145315
GGTGGCTAGTGGAAAG-1,0.16,0.08,0.0,0.0,0.1755154,0.5310421,0.20686954,0.08657299
GGTGGCTCAGACGGAT-1,0.16,0.08,0.0,0.0,0.06886117,0.184651,0.44794342,0.2985444
GGTGGCTCAGCGTGAA-1,0.12,0.04,0.0,0.0,0.9856455,0.006433682,0.005601751,0.0023191117
GGTGGCTCATGGGTCC-1,0.12,0.04,0.0,0.0,0.17784908,0.65175694,0.044915568,0.12547834
GGTGGCTGTCTACTGA-1,0.16,0.08,0.0,0.0,0.16130471,0.038419273,0.71595776,0.08431823
GGTGGCTGTTAAACAG-1,0.16,0.04,0.0,0.0,0.14190754,0.41281107,0.33480096,0.11048046
GGTGGCTGTTTACGTG-1,0.16,0.04,0.0,0.0,0.00016847132,0.05714606,0.07382933,0.86885613
GGTGGCTTCCACATAG-1,0.12,0.04,0.0,0.0,0.25852844,0.16816355,0.4983645,0.07494353
GGTGGCTTCTGAATCG-1,0.12,0.04,0.0,0.0,0.97298676,0.01465047,0.011806374,0.00055640936
GGTGTCGAGCAAATCA-1,0.12,0.04,0.0,0.0,0.14276254,0.7787821,0.047985576,0.030469688
GGTGTCGGTCAAGCCC-1,0.12,0.04,0.0,0.0,0.9770395,0.01562903,0.0064168945,0.00091452687
GGTGTCGGTCATTCCC-1,0.24,0.08,0.0,0.0,0.13475522,0.015250131,0.73058736,0.11940731
GGTGTCGGTGCAATGG-1,0.16,0.08,0.0,0.0,2.9527252e-08,0.023030907,0.00837574,0.9685933
GGTGTCGTCGCCATAA-1,0.16,0.04,0.0,0.0,0.9073823,0.05790308,0.02002008,0.0146944765
GGTGTTAAGGTCTGGA-1,0.12,0.04,0.0,0.0,0.054034077,0.3414339,0.16658735,0.4379446
GGTGTTAAGTTGAATG-1,0.2,0.08,0.0,0.0,0.9367579,0.02124001,0.03531813,0.0066839596
GGTGTTACAGCGTTTA-1,0.16,0.04,0.0,0.0,0.19921374,0.14885832,0.32128462,0.33064333
GGTGTTACATAAGCAA-1,0.16,0.08,0.0,0.0,0.071081184,0.23140082,0.48146692,0.21605104
GGTGTTAGTCCGAAAG-1,0.16,0.08,0.0,0.0,0.1573248,0.4374345,0.35183966,0.05340111
GGTGTTAGTGATTAGA-1,0.12,0.04,0.0,0.0,0.22153823,0.32143757,0.20381133,0.25321284
GGTGTTAGTGCTTATG-1,0.16,0.08,0.0,0.0,0.42271575,0.19347674,0.09740058,0.28640687
GGTGTTATCGCGATCG-1,0.16,0.08,0.0,0.0,0.04483481,0.41370362,0.53543645,0.0060251644
GGTGTTATCTGTCGTC-1,0.16,0.04,0.0,0.0,0.17380495,0.45526537,0.33655465,0.034375023
GGTTAACCAGAATCGG-1,0.2,0.08,0.0,0.0,0.7139243,0.011549981,0.26439783,0.010127941
GGTTAACCAGATTAAG-1,0.16,0.08,0.0,0.0,0.30376038,0.012358035,0.49455628,0.18932536
GGTTAACCAGTCGCTG-1,0.16,0.04,0.0,0.0,0.9130894,0.041257117,0.04477272,0.0008806446
GGTTAACGTAGTGGCA-1,0.16,0.08,0.0,0.0,0.00018579075,0.0027320266,0.029891923,0.9671902
GGTTAACGTATCGCGC-1,0.16,0.08,0.0,0.0,0.08293159,0.6403513,0.24316181,0.033555273
GGTTAACGTCGATTAC-1,0.16,0.08,0.0,0.0,0.33687484,0.25006655,0.23779778,0.17526083
GGTTAACTCACTGTTT-1,0.16,0.04,0.0,0.0,0.088889,0.40360567,0.39155272,0.11595258
GGTTAACTCGCAGTGC-1,0.12,0.04,0.0,0.0,0.6099726,0.21819991,0.13817374,0.033653725
GGTTAACTCGGTAACT-1,0.12,0.04,0.0,0.0,0.751375,0.19642405,0.04934503,0.0028558483
GGTTAACTCTATCCAT-1,0.16,0.04,0.0,0.0,0.17625232,0.08713663,0.5268913,0.20971973
GGTTCTCAGAGTATAC-1,0.12,0.04,0.0,0.0,4.1494408e-05,0.012962195,0.020164551,0.9668317
GGTTCTCAGTAAGAGG-1,0.08,0.04,0.0,0.0,0.017810293,0.18694337,0.68696374,0.10828262
GGTTCTCAGTGAACAT-1,0.16,0.04,0.0,0.0,0.96237457,0.031136315,0.005933904,0.00055527134
GGTTCTCCACATAACC-1,0.16,0.08,0.0,0.0,0.28956145,0.04637689,0.38695198,0.27710962
GGTTCTCCATAGGTAA-1,0.16,0.08,0.0,0.0,0.32910413,0.061392784,0.5322936,0.077209495
GGTTCTCCATCGCCTT-1,0.12,0.04,0.0,0.0,0.16248558,0.37723303,0.31401148,0.1462699
GGTTCTCGTACGTTCA-1,0.12,0.04,0.0,0.0,0.5369376,0.20931707,0.2229239,0.030821472
GGTTCTCGTATTGCCA-1,0.12,0.04,0.0,0.0,0.23353392,0.2624552,0.3565394,0.14747146
GGTTCTCGTCACAGAG-1,0.16,0.04,0.0,0.0,0.053720005,0.76825154,0.1380451,0.039983302
GGTTCTCTCAGTCAGT-1,0.16,0.04,0.0,0.0,0.2642711,0.026626894,0.54691106,0.16219096
GGTTCTCTCCATTTAC-1,0.2,0.08,0.0,0.0,0.09419097,0.03466225,0.81735694,0.05378988
GGTTCTCTCTTTCGAT-1,0.12,0.04,0.0,0.0,0.91941255,0.015200024,0.01739092,0.04799653
GGTTGTAAGATTGCGG-1,0.16,0.08,0.0,0.0,0.11113718,0.2130146,0.26828307,0.4075652
GGTTGTACAAGAAACT-1,0.12,0.04,0.0,0.0,0.98807853,0.0070166625,0.004763431,0.00014134403
GGTTGTAGTCCAGTTA-1,0.16,0.08,0.0,0.0,0.1361223,0.24755241,0.48529622,0.13102914
GGTTGTAGTTCTCGCT-1,0.04,0.04,0.0,0.0,0.029487565,0.42971745,0.41615337,0.12464165
GGTTGTATCAGGGTAG-1,0.12,0.04,0.0,0.0,0.109502696,0.13707437,0.25020352,0.5032194
GGTTGTATCCATTTCA-1,0.2,0.08,0.0,0.0,0.03844203,0.053924676,0.22002088,0.6876124
GTAACACCACACCTTC-1,0.12,0.04,0.0,0.0,0.1339054,0.23119348,0.51128083,0.12362033
GTAACACGTATCACCA-1,0.16,0.08,0.0,0.0,1.5007371e-08,0.0009359647,0.004911556,0.9941525
GTAACACGTCCCAAAT-1,0.12,0.04,0.0,0.0,0.1998735,0.38044626,0.19818003,0.22150019
GTAACACGTCGCGTCA-1,0.16,0.08,0.0,0.0,0.2512447,0.069592714,0.48026395,0.1988987
GTAACACGTGTCGCTG-1,0.12,0.04,0.0,0.0,0.18223628,0.49922308,0.13612542,0.18241522
GTAACACTCGGCTTCT-1,0.16,0.08,0.0,0.0,0.1446255,0.26080596,0.20060863,0.3939599
GTAACCACAGAGGTTG-1,0.16,0.08,0.0,0.0,0.091211766,0.73466295,0.11457287,0.059552405
GTAACCAGTACGAAAT-1,0.16,0.04,0.0,0.0,0.085263014,0.50616586,0.38398364,0.024587508
GTAAGTCAGGACTTCT-1,0.16,0.04,0.0,0.0,0.036476552,0.6329448,0.1588062,0.17177239
GTAAGTCCAAGGGCAT-1,0.12,0.04,0.0,0.0,0.8005522,0.0111596575,0.18478058,0.003507576
GTAAGTCGTACTGTTG-1,0.12,0.04,0.0,0.0,0.03763484,0.6868081,0.08675864,0.1887984
GTAAGTCGTCATGGCC-1,0.16,0.04,0.0,0.0,0.028060436,0.86685526,0.08324072,0.021843638
GTAAGTCTCCATTCGC-1,0.16,0.04,0.0,0.0,0.028912464,0.6691946,0.20482822,0.09706475
GTAATCGAGGGTCAAC-1,0.12,0.04,0.0,0.0,0.92299604,0.06320068,0.010643668,0.0031595947
GTAATCGCATACCACA-1,0.16,0.04,0.0,0.0,0.0149580315,0.3703469,0.33200225,0.2826927
GTAATCGGTCTTCCGT-1,0.16,0.04,0.0,0.0,0.395076,0.16702546,0.4050712,0.03282729
GTAATCGGTTTCGTGA-1,0.16,0.08,0.0,0.0,0.8422506,0.1344242,0.021683978,0.0016412521
GTAATCGTCTTACTGT-1,0.16,0.08,0.0,0.0,0.20076211,0.29301292,0.40261298,0.103611924
GTAATGCAGACATCCT-1,0.16,0.08,0.0,0.0,3.7559827e-11,2.2872904e-05,0.00024148179,0.99973565
GTAATGCAGCATCCCG-1,0.16,0.04,0.0,0.0,0.9492112,0.005081977,0.03268822,0.013018522
GTAATGCAGGATTCAA-1,0.12,0.04,0.0,0.0,0.62485486,0.18236464,0.11203513,0.08074539
GTAATGCCAGTTAGAA-1,0.24,0.08,0.0,0.0,0.44290897,0.02557415,0.13130781,0.40020913
GTAATGCCATAACTCG-1,0.16,0.04,0.0,0.0,0.0855614,0.42958888,0.4195245,0.06532509
GTAATGCGTCTAGGTT-1,0.16,0.08,0.0,0.0,0.15446468,0.45415083,0.22133778,0.17004666
GTAATGCGTGTCCACG-1,0.12,0.04,0.0,0.0,0.006083053,0.09473831,0.13470402,0.7644747
GTAATGCGTTGCCTAA-1,0.16,0.04,0.0,0.0,0.9613665,0.025673626,0.007966919,0.0049929046
GTAATGCTCCATCACC-1,0.12,0.08,0.0,0.0,0.07352425,0.6881654,0.16922691,0.069083445
GTAATGCTCCCTCTAG-1,0.12,0.04,0.0,0.0,0.9300128,0.057327446,0.0050397636,0.007619911
GTAATGCTCGGAACTT-1,0.16,0.08,0.0,0.0,0.24311201,0.26370025,0.4109177,0.082270004
GTACAACCACTTGTCC-1,0.16,0.04,0.0,0.0,0.9103939,0.06123852,0.024547204,0.003820378
GTACAACCATACCATG-1,0.16,0.08,0.0,0.0,0.63537276,0.18298481,0.093778856,0.087863505
GTACAACGTATCTCGA-1,0.2,0.08,0.0,0.0,0.98640513,0.0017762328,0.009650039,0.0021686347
GTACAACTCCGCAACG-1,0.04,0.08,0.0,0.0,0.01335276,0.7652716,0.1922115,0.029164191
GTACAACTCTGGCCAG-1,0.12,0.04,0.0,0.0,0.5348075,0.21529768,0.17998621,0.069908574
GTACAGTAGCTTGTGT-1,0.12,0.04,0.0,0.0,0.2518039,0.23100825,0.37763447,0.13955338
GTACAGTAGGGCAATC-1,0.16,0.04,0.0,0.0,0.28400242,0.12743586,0.34934685,0.23921488
GTACAGTAGTAGGTTA-1,0.16,0.08,0.0,0.0,0.08532647,0.12516798,0.64557284,0.14393274
GTACAGTTCTGACGCG-1,0.16,0.04,0.0,0.0,0.07078822,0.7065945,0.17682947,0.045787774
GTAGAAAAGACGCATG-1,0.16,0.04,0.0,0.0,0.095968604,0.37143615,0.2600754,0.27251986
GTAGAAAAGATGTAGT-1,0.2,0.08,0.0,0.0,0.28714144,0.11646097,0.33379263,0.26260498
GTAGAAAAGGTCCTGC-1,0.12,0.04,0.0,0.0,0.058084827,0.62569046,0.25257847,0.06364625
GTAGAAACAGAGACTG-1,0.16,0.08,0.0,0.0,0.0025590886,0.13712415,0.5102113,0.3501055
GTAGAAACAGCGAACA-1,0.16,0.08,0.0,0.0,0.9481046,0.03965872,0.011388165,0.0008484586
GTAGAAACAGGGTTGA-1,0.08,0.04,0.0,0.0,0.9733054,0.012160041,0.010649324,0.003885188
GTAGAAAGTGGCTCTG-1,0.12,0.04,0.0,0.0,0.96039385,0.016661026,0.015587332,0.00735774
GTAGAAATCGCACTCT-1,0.12,0.04,0.0,0.0,0.9932191,0.0028677662,0.0034104742,0.0005027265
GTAGAAATCTAACACG-1,0.16,0.04,0.0,0.0,0.046153747,0.2691285,0.60352945,0.08118825
GTAGAGGAGGTGCTGA-1,0.12,0.04,0.0,0.0,0.7290502,0.1264175,0.12553565,0.018996594
GTAGAGGCATACCAGT-1,0.04,0.04,0.0,0.0,0.02301467,0.18025745,0.20912474,0.5876031
GTAGAGGCATTCTTCA-1,0.04,0.04,0.0,0.0,0.022251122,0.25429946,0.65686375,0.066585645
GTAGAGGGTGATACAA-1,0.12,0.04,0.0,0.0,0.9908069,0.0073395716,0.0018062129,4.73261e-05
GTAGAGGGTGTGAATA-1,0.24,0.08,0.0,0.0,0.0445037,0.0028214324,0.64695793,0.3057169
GTAGAGGTCCATCTCG-1,0.12,0.04,0.0,0.0,0.98884916,0.004715102,0.006124791,0.00031094262
GTAGAGGTCTACACTT-1,0.16,0.04,0.0,0.0,0.00037342389,0.032148156,0.045255378,0.92222303
GTAGATCAGATACAGT-1,0.16,0.08,0.0,0.0,0.20770614,0.37156424,0.131048,0.28968158
GTAGATCAGGTCGTGA-1,0.12,0.04,0.0,0.0,0.109342135,0.3096986,0.3001495,0.2808098
GTAGATCAGTCTAGCT-1,0.16,0.08,0.0,0.0,0.028681107,0.61337274,0.30395263,0.05399351
GTAGATCAGTTGTAGA-1,0.08,0.04,0.0,0.0,2.3236892e-06,0.0038809194,0.016241679,0.97987515
GTAGATCCACAGCATT-1,0.16,0.08,0.0,0.0,0.016369596,0.103207,0.07160649,0.80881697
GTAGATCCATTCGGGC-1,0.04,0.04,0.0,0.0,0.15267974,0.44359198,0.2924524,0.11127586
GTAGATCGTCACAGTT-1,0.16,0.08,0.0,0.0,0.0680823,0.4502125,0.23544544,0.2462598
GTAGATCGTGTTGATC-1,0.16,0.08,0.0,0.0,0.2126817,0.07653535,0.41255146,0.29823145
GTAGCTAAGCACTCCG-1,0.16,0.04,0.0,0.0,0.05254376,0.27431914,0.32927954,0.34385753
GTAGCTACAATTTCTC-1,0.12,0.04,0.0,0.0,0.1374688,0.020903723,0.77582884,0.06579868
GTAGCTACAGTTCACA-1,0.16,0.08,0.0,0.0,0.14978553,0.49809292,0.21249416,0.13962741
GTAGGTTAGAAACTGT-1,0.16,0.08,0.0,0.0,0.71264476,0.15675846,0.08111031,0.049486473
GTAGGTTGTATCAGGG-1,0.16,0.08,0.0,0.0,0.17752922,0.017931962,0.5968759,0.2076629
GTAGGTTTCGGTAAGG-1,0.16,0.04,0.0,0.0,0.15274455,0.46983385,0.20447788,0.17294371
GTAGTACAGGTAAAGG-1,0.16,0.04,0.0,0.0,0.09710052,0.59455544,0.15278555,0.15555845
GTAGTACAGGTTATAG-1,0.16,0.08,0.0,0.0,0.049193583,0.44744086,0.43498188,0.06838358
GTAGTACCAACCCTCT-1,0.16,0.08,0.0,0.0,0.26086882,0.089643195,0.15567452,0.49381348
GTAGTACCACCAGTAT-1,0.16,0.04,0.0,0.0,0.0778812,0.7625896,0.051467087,0.10806213
GTAGTACTCCCGAGGT-1,0.12,0.04,0.0,0.0,0.09231642,0.61700314,0.12625313,0.16442734
GTAGTACTCGAGCCTG-1,0.16,0.08,0.0,0.0,0.025399556,0.16929461,0.14117973,0.6641261
GTAGTACTCGTGCATA-1,0.16,0.08,0.0,0.0,0.9439654,0.009697294,0.042463537,0.0038736898
GTATTGGGTGGTCAAG-1,0.12,0.04,0.0,0.0,0.08122724,0.6736272,0.086760074,0.15838549
GTATTGGGTTTGTGGT-1,0.12,0.04,0.0,0.0,0.069198154,0.4372782,0.31651157,0.17701204
GTATTTCAGCCGGAAT-1,0.16,0.04,0.0,0.0,0.0038300632,0.60934734,0.19514638,0.19167621
GTATTTCGTTGTAAAG-1,0.16,0.04,0.0,0.0,0.06421319,0.22463419,0.54739714,0.16375549
GTATTTCTCTGTACAG-1,0.16,0.08,0.0,0.0,0.2119267,0.15389165,0.37901714,0.2551645
GTCAAACAGATGGCAC-1,0.24,0.08,0.0,0.0,0.99562293,0.0024823153,0.0018318219,6.293097e-05
GTCAAACAGTGCAGGT-1,0.16,0.04,0.0,0.0,0.955367,0.0361964,0.00795518,0.0004812558
GTCAAACCAAGGAGTC-1,0.12,0.08,0.0,0.0,0.09825099,0.2942442,0.37839198,0.22911279
GTCAAACCAGGAATCG-1,0.16,0.08,0.0,0.0,0.1178911,0.4986971,0.24254477,0.140867
GTCAAACCATCTAACG-1,0.16,0.08,0.0,0.0,0.003571304,0.80589604,0.13237244,0.05816023
GTCAAACGTGCATTAC-1,0.16,0.04,0.0,0.0,0.18076313,0.46102247,0.3003445,0.05786994
GTCAAACGTTGCGTAT-1,0.16,0.04,0.0,0.0,0.14754711,0.21366659,0.5390553,0.09973101
GTCAAACTCCTCGCAT-1,0.16,0.04,0.0,0.0,0.22061312,0.30431566,0.28026,0.1948112
GTCAAACTCCTCTAGC-1,0.12,0.04,0.0,0.0,0.19914933,0.31716096,0.37586597,0.10782375
GTCAAGTAGAGAGCAA-1,0.16,0.08,0.0,0.0,0.19905011,0.005886505,0.18746465,0.6075987
GTCAAGTAGAGATCGC-1,0.16,0.04,0.0,0.0,0.31734616,0.21263538,0.18085527,0.2891632
GTCAAGTCAAACACCT-1,0.12,0.04,0.0,0.0,0.0116451895,0.8606514,0.0948495,0.032854047
GTCAAGTCAACCTATG-1,0.12,0.04,0.0,0.0,0.9801916,0.014400876,0.0046799215,0.0007275615
GTCAAGTCACAACGCC-1,0.16,0.04,0.0,0.0,0.036306597,0.013158673,0.918606,0.03192882
GTCAAGTCAGCAGTCC-1,0.12,0.04,0.0,0.0,0.97417766,0.013623425,0.008795427,0.0034033982
GTCAAGTCATAATCCG-1,0.16,0.04,0.0,0.0,0.14813446,0.079418555,0.6993077,0.073139384
GTCAAGTCATATCTGG-1,0.12,0.04,0.0,0.0,0.17687894,0.39545417,0.17063926,0.25702766
GTCAAGTCATTGGCAT-1,0.12,0.04,0.0,0.0,1.450104e-07,0.0028466405,0.009038733,0.98811454
GTCAAGTGTACGCTAT-1,0.16,0.08,0.0,0.0,0.2989425,0.17908134,0.03815247,0.48382372
GTCAAGTGTATGCTTG-1,0.12,0.04,0.0,0.0,0.964543,0.013177962,0.016078198,0.0062008584
GTCAAGTGTGACACAG-1,0.16,0.08,0.0,0.0,0.49272177,0.118891895,0.37294254,0.015443815
GTCAAGTGTTCACCGG-1,0.12,0.04,0.0,0.0,0.11629942,0.8177345,0.044335917,0.021630317
GTCAAGTTCAGTGTGT-1,0.12,0.08,0.0,0.0,0.4186207,0.37354046,0.102050826,0.10578801
GTCAAGTTCCTTCAGC-1,0.16,0.08,0.0,0.0,0.2372703,0.15215176,0.38938957,0.22118832
GTCACGGAGACCTCCG-1,0.16,0.08,0.0,0.0,0.105543785,0.62439847,0.18627188,0.08378592
GTCACGGAGACTCCGC-1,0.08,0.04,0.0,0.0,0.07061746,0.32194018,0.46121058,0.14623179
GTCACGGAGATGCCGA-1,0.08,0.04,0.0,0.0,0.00017641588,0.037479583,0.11230843,0.85003555
GTCACGGAGCTGCCTG-1,0.12,0.04,0.0,0.0,0.7839663,0.11259314,0.059512343,0.043928154
GTCACGGAGGCCACCT-1,0.2,0.08,0.0,0.0,0.99252146,0.0016688898,0.0056851082,0.00012456204
GTCACGGCAGCTAACT-1,0.12,0.04,0.0,0.0,0.037894867,0.27938825,0.5864501,0.09626676
GTCACGGCATCGCTGG-1,0.12,0.04,0.0,0.0,0.0519955,0.09136296,0.30318636,0.5534552
GTCACGGGTAGTGATA-1,0.16,0.04,0.0,0.0,0.29918697,0.11125429,0.37934446,0.21021436
GTCACGGGTATCGCGC-1,0.16,0.08,0.0,0.0,2.2191755e-07,0.00041275326,0.0040373704,0.9955497
GTCACGGGTCCGATCG-1,0.16,0.08,0.0,0.0,0.0010349446,0.0018149746,0.16116256,0.8359875
GTCACGGGTCGTACTA-1,0.16,0.08,0.0,0.0,0.042630758,0.07133243,0.3673205,0.5187163
GTCACGGGTGATACAA-1,0.16,0.08,0.0,0.0,0.15739949,0.06732527,0.3344257,0.44084957
GTCACGGGTGGACAGT-1,0.12,0.04,0.0,0.0,0.03012118,0.837608,0.08983894,0.042431936
GTCACGGGTTCAACGT-1,0.16,0.08,0.0,0.0,0.1916965,0.28724408,0.4439748,0.077084556
GTCACGGTCCGTGTGG-1,0.16,0.08,0.0,0.0,0.05266249,0.12505405,0.7896953,0.032588094
GTCACGGTCGTGCATA-1,0.12,0.04,0.0,0.0,0.96863705,0.0031117445,0.021739526,0.0065117693
GTCACGGTCTCCGAAA-1,0.12,0.04,0.0,0.0,0.008249657,0.069778286,0.09796001,0.82401204
GTCACGGTCTGTAAGC-1,0.16,0.04,0.0,0.0,0.060803942,0.77483934,0.07491316,0.089443564
GTCACTCAGCTGGTGA-1,0.2,0.08,0.0,0.0,0.17433462,0.22895446,0.45293686,0.14377414
GTCACTCAGTAATTGG-1,0.16,0.04,0.0,0.0,0.0006471999,0.042289127,0.07842502,0.8786387
GTCACTCCAACACAAA-1,0.12,0.04,0.0,0.0,0.04003749,0.40526158,0.4725956,0.08210528
GTCACTCCACACCGCA-1,0.16,0.04,0.0,0.0,0.25282702,0.2505595,0.3364479,0.16016555
GTCACTCTCCAACCAA-1,0.12,0.04,0.0,0.0,0.118683524,0.33235013,0.4403008,0.10866543
GTCACTCTCGTCACCT-1,0.16,0.08,0.0,0.0,0.18074258,0.28561822,0.2636251,0.27001414
GTCAGCGCACACCTGG-1,0.12,0.04,0.0,0.0,0.9800638,0.012884451,0.006621398,0.0004304293
GTCAGCGCACTACCGG-1,0.16,0.08,0.0,0.0,0.028668232,0.13227303,0.7740335,0.06502524
GTCAGCGCAGATTTCG-1,0.04,0.04,0.0,0.0,0.085129686,0.19349045,0.25928044,0.4620994
GTCAGCGGTACAGGTG-1,0.16,0.08,0.0,0.0,0.04702512,0.10921703,0.72603047,0.117727414
GTCAGCGTCAAGGACG-1,0.2,0.08,0.0,0.0,0.19316693,0.009162333,0.27077484,0.52689594
GTCATCCAGAAACTGT-1,0.16,0.04,0.0,0.0,0.95499355,0.010930083,0.030762011,0.0033143153
GTCATCCCAAATGCTC-1,0.16,0.08,0.0,0.0,0.5540242,0.028593557,0.4026647,0.014717567
GTCATCCCAGCGATTT-1,0.16,0.08,0.0,0.0,0.50610214,0.40736726,0.064198636,0.022331908
GTCATCCGTACGCTAT-1,0.12,0.04,0.0,0.0,0.629874,0.1932682,0.09229511,0.0845627
GTCATCCTCTAAGAAG-1,0.16,0.04,0.0,0.0,0.11977971,0.5947562,0.22905092,0.056413166
GTCATGAAGTGGTCAG-1,0.16,0.04,0.0,0.0,0.20381358,0.22999658,0.20224206,0.3639478
GTCATGACACTATCCC-1,0.16,0.04,0.0,0.0,0.9919871,0.0018504491,0.0054101674,0.00075235753
GTCATGAGTCTCAGAT-1,0.16,0.08,0.0,0.0,0.12580596,0.47621557,0.2737883,0.12419021
GTCATTTCACAGCATT-1,0.12,0.04,0.0,0.0,0.99376416,0.005366639,0.00086769986,1.5119357e-06
GTCATTTCACTTGTGA-1,0.16,0.04,0.0,0.0,0.13655247,0.2706649,0.40519717,0.18758546
GTCATTTGTATCAGGG-1,0.12,0.04,0.0,0.0,0.6200593,0.2455398,0.12588793,0.008512962
GTCATTTGTGTTCGAT-1,0.12,0.04,0.0,0.0,0.15057793,0.5701627,0.20442356,0.07483576
GTCATTTTCACCTTGC-1,0.16,0.04,0.0,0.0,0.11149194,0.45820433,0.3360047,0.094299026
GTCATTTTCATTCACT-1,0.16,0.04,0.0,0.0,0.0069618365,0.007976082,0.057073824,0.92798823
GTCCACTAGAAATTCG-1,0.16,0.08,0.0,0.0,0.104945906,0.6351952,0.21747428,0.042384617
GTCCACTAGACTTCGT-1,0.12,0.04,0.0,0.0,0.96935743,0.019081656,0.011263793,0.0002971862
GTCCACTAGAGGTCGT-1,0.12,0.04,0.0,0.0,0.062131688,0.36056876,0.2555479,0.32175156
GTCCACTCATGTGACT-1,0.16,0.08,0.0,0.0,0.08918416,0.4053661,0.1823338,0.32311597
GTCCACTGTTAGCGGA-1,0.12,0.04,0.0,0.0,0.36113834,0.14721511,0.16708036,0.32456622
GTCCACTTCCTGGCTT-1,0.16,0.08,0.0,0.0,0.28474933,0.09959621,0.33924672,0.2764077
GTCCACTTCGCCATAA-1,0.08,0.04,0.0,0.0,0.5290369,0.24480882,0.14336175,0.08279252
GTCCACTTCGTTCTAT-1,0.16,0.04,0.0,0.0,0.018017372,0.48537198,0.39781055,0.09880013
GTCCCATCAAGAGCTG-1,0.16,0.04,0.0,0.0,0.9995617,0.00034878147,8.713127e-05,2.4282365e-06
GTCCCATCAATAGTGA-1,0.12,0.04,0.0,0.0,0.28209746,0.08758627,0.23929963,0.39101663
GTCCCATGTCGCACAC-1,0.16,0.08,0.0,0.0,0.0051469724,0.08978728,0.04990423,0.85516155
GTCCCATGTGAATGTA-1,0.12,0.04,0.0,0.0,0.4208278,0.4111975,0.12278505,0.04518968
GTCCTCACAGTCTTCC-1,0.16,0.04,0.0,0.0,0.025066724,0.25842085,0.30807692,0.4084355
GTCCTCACATACAGAA-1,0.04,0.04,0.0,0.0,0.019903086,0.6901022,0.26227778,0.027716892
GTCCTCAGTCTGATAC-1,0.16,0.08,0.0,0.0,0.016487973,0.8048775,0.11787819,0.06075637
GTCCTCAGTTGCTCGG-1,0.16,0.04,0.0,0.0,0.98566204,0.0040913057,0.010189695,5.6921668e-05
GTCCTCATCCCGAAAT-1,0.16,0.04,0.0,0.0,0.123712584,0.24494734,0.5015181,0.129822
GTCCTCATCTTCGCTG-1,0.16,0.08,0.0,0.0,0.9154624,0.01457027,0.04718283,0.022784507
GTCGAATGTCAAACGG-1,0.16,0.08,0.0,0.0,0.00031201783,0.0019167651,0.13964914,0.85812205
GTCGAATGTGCACGCT-1,0.2,0.08,0.0,0.0,0.33198994,0.08965409,0.15741508,0.4209409
GTCGAATTCTAAGCGT-1,0.16,0.08,0.0,0.0,0.11689393,0.60542536,0.1661422,0.11153848
GTCGCGAAGAAAGTCT-1,0.16,0.08,0.0,0.0,0.9946843,0.0038070246,0.0014992892,9.450854e-06
GTCGCGAAGCTGTTAC-1,0.16,0.08,0.0,0.0,0.2039374,0.38363492,0.2604362,0.15199144
GTCGCGACACACAGAG-1,0.12,0.04,0.0,0.0,0.16309719,0.32061085,0.40306517,0.113226786
GTCGCGATCAGTAGGG-1,0.16,0.08,0.0,0.0,1.9211389e-07,0.00026727974,0.012736352,0.9869962
GTCGCGATCCTCCACA-1,0.16,0.08,0.0,0.0,0.111188166,0.6022653,0.2262622,0.060284395
GTCGCGATCGTAACCA-1,0.16,0.04,0.0,0.0,0.26159358,0.13941643,0.4495733,0.14941674
GTCGTAAAGGCTTAAA-1,0.12,0.04,0.0,0.0,1.547036e-06,0.0034978976,0.010735064,0.9857655
GTCGTAACAAGACCTT-1,0.12,0.04,0.0,0.0,0.65581363,0.07869469,0.1669737,0.09851801
GTCGTAACACACACGC-1,0.16,0.08,0.0,0.0,0.006947908,0.28900284,0.101963185,0.6020861
GTCGTAAGTCGTCATA-1,0.16,0.08,0.0,0.0,0.9970324,0.0017301494,0.0012275964,9.822391e-06
GTCGTAAGTTTACCAG-1,0.16,0.08,0.0,0.0,0.103649616,0.4018035,0.33355382,0.16099301
GTCGTAATCAGGAGAC-1,0.12,0.04,0.0,0.0,0.038424466,0.42442518,0.47983083,0.057319455
GTCGTAATCGCTCATC-1,0.12,0.04,0.0,0.0,0.17265946,0.36326423,0.12312864,0.3409477
GTCGTTCAGATCCAAA-1,0.16,0.04,0.0,0.0,0.00036942927,0.037090614,0.08053288,0.88200706
GTCGTTCAGTAGCCAG-1,0.16,0.04,0.0,0.0,0.9887304,0.0029886481,0.008095171,0.00018584612
GTCGTTCCAACCTAAC-1,0.16,0.04,0.0,0.0,0.88588375,0.019524733,0.08749464,0.0070967954
GTCGTTCGTACAATAG-1,0.16,0.08,0.0,0.0,0.94000083,0.041469373,0.01745733,0.0010724969
GTCGTTCGTATCGATC-1,0.16,0.04,0.0,0.0,0.14195503,0.19285473,0.44805095,0.21713927
GTCGTTCGTTCTCCCA-1,0.16,0.08,0.0,0.0,0.160633,0.3748777,0.37189308,0.09259621
GTCGTTCTCATTGAGC-1,0.16,0.08,0.0,0.0,0.33257544,0.040554363,0.127054,0.49981612
GTCGTTCTCCGGGACT-1,0.16,0.08,0.0,0.0,0.015130431,0.90662503,0.050850675,0.027393937
GTCGTTCTCTCCATAT-1,0.12,0.04,0.0,0.0,0.034092672,0.36172786,0.39714912,0.20703036
GTCGTTCTCTCGACCT-1,0.16,0.04,0.0,0.0,0.10048889,0.10507664,0.699411,0.09502341
GTCTACCCAGGATTCT-1,0.12,0.04,0.0,0.0,0.87651455,0.030508555,0.087171786,0.005805085
GTCTACCTCCAACACA-1,0.16,0.08,0.0,0.0,0.63449496,0.26771826,0.08323569,0.014551122
GTCTAGAAGCGTTAGG-1,0.2,0.08,0.0,0.0,0.27793726,0.060116887,0.4556042,0.20634167
GTCTAGACAGTCTGGC-1,0.16,0.08,0.0,0.0,0.18302813,0.32516003,0.43450466,0.057307202
GTCTAGAGTGGGTATG-1,0.16,0.08,0.0,0.0,1.6017752e-06,0.0012792207,0.005639306,0.99307984
GTCTCACAGAGTACCG-1,0.16,0.08,0.0,0.0,0.16440663,0.39303347,0.32875073,0.11380914
GTCTCACAGTATCCTG-1,0.12,0.04,0.0,0.0,0.33566314,0.32659227,0.19370662,0.14403798
GTCTCACGTACCCGAC-1,0.16,0.04,0.0,0.0,0.1875458,0.44907698,0.1568237,0.20655356
GTCTCACGTGGTGATG-1,0.16,0.08,0.0,0.0,0.010039795,0.12170292,0.70931494,0.15894237
GTCTCACGTTCGGGTC-1,0.08,0.04,0.0,0.0,0.010944432,0.3818595,0.38187563,0.22532046
GTCTCACGTTGTTGAC-1,0.24,0.08,0.0,0.0,0.1130589,0.28770998,0.38019356,0.2190375
GTCTCACTCTTCCACG-1,0.2,0.08,0.0,0.0,0.99046373,0.0033933006,0.005942068,0.00020079137
GTCTGTCAGCGTGAGT-1,0.16,0.04,0.0,0.0,0.13313566,0.1819999,0.4701561,0.21470837
GTCTGTCAGTAGCTCT-1,0.12,0.04,0.0,0.0,0.0047308323,0.08666837,0.27799055,0.6306102
GTCTGTCCACGAAGAC-1,0.16,0.08,0.0,0.0,0.06996916,0.6157967,0.2639259,0.050308213
GTCTGTCGTGAGGCAT-1,0.12,0.04,0.0,0.0,0.018973416,0.28245822,0.18125653,0.5173119
GTCTGTCTCAACGAGG-1,0.12,0.04,0.0,0.0,0.118004,0.42343003,0.40285912,0.055706784
GTCTGTCTCCAGTGCG-1,0.12,0.04,0.0,0.0,8.568706e-08,0.0008517731,0.0020164398,0.9971317
GTCTGTCTCGCACGAC-1,0.16,0.08,0.0,0.0,0.01609566,0.0676374,0.11616723,0.80009973
GTCTTTAAGCGTATAA-1,0.12,0.04,0.0,0.0,0.22837673,0.4795632,0.2831759,0.008884197
GTCTTTACAGTCGTTA-1,0.12,0.04,0.0,0.0,0.009221102,0.21421093,0.32047492,0.45609298
GTCTTTACATGCCATA-1,0.12,0.04,0.0,0.0,0.03352653,0.48380357,0.46084106,0.021828914
GTCTTTACATTCACCC-1,0.16,0.04,0.0,0.0,0.025007747,0.30787584,0.556428,0.110688366
GTCTTTATCCATTTAC-1,0.16,0.08,0.0,0.0,0.15906268,0.058740128,0.6188851,0.16331205
GTCTTTATCGACGCTG-1,0.12,0.04,0.0,0.0,0.089578904,0.50369895,0.24298641,0.16373579
GTCTTTATCTTCGTGC-1,0.16,0.04,0.0,0.0,0.054333933,0.58688927,0.27302307,0.08575377
GTGACGCCAAGTGACG-1,0.16,0.08,0.0,0.0,0.08584671,0.2301753,0.18432184,0.49965608
GTGACGCCACCAGTTA-1,0.16,0.08,0.0,0.0,0.3088313,0.09904464,0.38759506,0.20452899
GTGACGCCAGCTCGGT-1,0.16,0.08,0.0,0.0,0.9945464,0.0014172426,0.003933188,0.00010313378
GTGACGCGTCAATGGG-1,0.12,0.04,0.0,0.0,0.026840169,0.78785807,0.090508126,0.094793566
GTGACGCGTTGCCAAT-1,0.16,0.08,0.0,0.0,0.30905643,0.14859638,0.20248897,0.33985817
GTGACGCTCGAAGTGG-1,0.16,0.08,0.0,0.0,0.1643791,0.3679454,0.14824401,0.31943145
GTGACGCTCGTGTGGC-1,0.16,0.08,0.0,0.0,0.33645824,0.06907396,0.28376186,0.31070596
GTGACGCTCTGGACTA-1,0.12,0.04,0.0,0.0,0.12245088,0.5709551,0.17612563,0.13046831
GTGAGCCAGATGCTAA-1,0.16,0.08,0.0,0.0,0.0020707347,0.020665662,0.14666736,0.8305962
GTGAGCCAGCACGATG-1,0.2,0.08,0.0,0.0,0.3872651,0.13562143,0.213971,0.26314247
GTGAGCCGTAACAAGT-1,0.16,0.04,0.0,0.0,0.11438401,0.22963384,0.5943305,0.06165166
GTGAGCCGTAACCCTA-1,0.2,0.08,0.0,0.0,0.28351268,0.026212728,0.5198093,0.17046529
GTGAGCCGTAGGTACG-1,0.12,0.04,0.0,0.0,0.266048,0.6018404,0.11251483,0.019596772
GTGAGCCGTTCGTAAC-1,0.16,0.04,0.0,0.0,0.9909734,0.0012255731,0.0066144574,0.0011865319
GTGAGGAAGAGAGCAA-1,0.16,0.08,0.0,0.0,0.28783554,0.086043626,0.30002943,0.3260914
GTGAGGAAGCCAAGGT-1,0.16,0.04,0.0,0.0,1.7222609e-09,4.0539566e-05,0.0017674756,0.998192
GTGAGGAAGCTGTTAC-1,0.08,0.04,0.0,0.0,0.018905152,0.14628515,0.40431455,0.43049517
GTGAGGAAGGCTAGCA-1,0.16,0.08,0.0,0.0,2.2938892e-07,0.0009805592,0.00387805,0.99514115
GTGAGGAAGTCTCGTA-1,0.12,0.04,0.0,0.0,0.98062885,0.014224126,0.0047442364,0.0004027478
GTGAGGACAATTGCCA-1,0.16,0.04,0.0,0.0,0.06497874,0.5106035,0.40262187,0.021795932
GTGAGGACAGACGCTC-1,0.12,0.04,0.0,0.0,0.2922187,0.5425878,0.08686712,0.07832641
GTGAGGAGTATTTCTC-1,0.16,0.08,0.0,0.0,0.68142515,0.07605101,0.15356186,0.08896206
GTGAGGAGTCTTGCTC-1,0.12,0.04,0.0,0.0,0.13355848,0.5649168,0.13858372,0.16294104
GTGAGGATCTCACGAA-1,0.16,0.08,0.0,0.0,0.055232573,0.5012046,0.39725327,0.046309505
GTGAGGATCTCATTTG-1,0.16,0.04,0.0,0.0,0.027927414,0.44292527,0.36324784,0.16589956
GTGAGGATCTTACTGT-1,0.2,0.08,0.0,0.0,0.040423647,0.70921385,0.24205253,0.008310018
GTGAGTTAGGTACATA-1,0.12,0.04,0.0,0.0,0.42408633,0.4262095,0.099518664,0.050185453
GTGAGTTAGTTAGAAC-1,0.12,0.04,0.0,0.0,0.96905243,0.01128442,0.014842479,0.0048206653
GTGAGTTGTACCGGCT-1,0.16,0.04,0.0,0.0,0.91921234,0.022831965,0.0385129,0.019442808
GTGAGTTGTCGCACGT-1,0.16,0.08,0.0,0.0,0.19663022,0.061492424,0.32100847,0.42086884
GTGAGTTTCACGAGGA-1,0.16,0.04,0.0,0.0,0.18022439,0.1947003,0.24166013,0.38341513
GTGAGTTTCGCCAACG-1,0.16,0.04,0.0,0.0,0.16812856,0.19220752,0.35022908,0.28943488
GTGAGTTTCTGACGCG-1,0.16,0.08,0.0,0.0,0.13100916,0.51289344,0.29897615,0.057121232
GTGAGTTTCTTTGGAG-1,0.08,0.04,0.0,0.0,0.92666805,0.026689667,0.043512587,0.003129684
GTGATGTAGATGGGCT-1,0.16,0.04,0.0,0.0,0.15333265,0.33852693,0.21922234,0.28891808
GTGATGTAGATTCGAA-1,0.12,0.04,0.0,0.0,0.046273224,0.56204677,0.329123,0.06255698
GTGATGTAGTTTGTCG-1,0.2,0.08,0.0,0.0,0.34913647,0.05577164,0.24093616,0.35415572
GTGATGTCACTCCGAG-1,0.16,0.08,0.0,0.0,0.136651,0.1450821,0.445809,0.27245793
GTGATGTCAGCTCTGG-1,0.16,0.04,0.0,0.0,0.17053774,0.193114,0.5301337,0.10621454
GTGATGTGTAACGGTG-1,0.12,0.04,0.0,0.0,0.021856695,0.8603985,0.053777162,0.063967705
GTGATGTTCTGTTCAT-1,0.16,0.08,0.0,0.0,0.009703304,0.03554175,0.123983935,0.830771
GTGCACGCACAAAGTA-1,0.16,0.08,0.0,0.0,0.84773123,0.07029068,0.05598278,0.025995297
GTGCACGCATATTCGG-1,0.12,0.04,0.0,0.0,0.047958687,0.27691713,0.47883052,0.19629365
GTGCACGGTGACTATC-1,0.16,0.08,0.0,0.0,0.28078645,0.07831392,0.45208323,0.18881637
GTGCACGGTGGAAGTC-1,0.12,0.04,0.0,0.0,0.15899107,0.29543403,0.41508314,0.13049175
GTGCACGTCCGATCGG-1,0.12,0.04,0.0,0.0,0.9422617,0.021009706,0.03374402,0.0029845324
GTGCACGTCTTAGCAG-1,0.16,0.08,0.0,0.0,0.12041629,0.46983168,0.31409734,0.09565469
GTGCAGCAGCCAACCC-1,0.12,0.04,0.0,0.0,0.29182404,0.26748928,0.4096333,0.031053314
GTGCAGCCACCGTGAC-1,0.2,0.08,0.0,0.0,0.37162143,0.09637699,0.35539037,0.1766112
GTGCAGCGTTCCGTTC-1,0.04,0.08,0.0,0.0,0.058937784,0.14835846,0.35851246,0.4341913
GTGCAGCGTTGCTTGA-1,0.12,0.04,0.0,0.0,0.017818106,0.51339495,0.24944282,0.21934406
GTGCGTGCACAACCGC-1,0.16,0.08,0.0,0.0,0.27590248,0.10559164,0.3506702,0.26783568
GTGCGTGCACCATATG-1,0.16,0.04,0.0,0.0,0.14318219,0.025863014,0.70877373,0.12218114
GTGCGTGCATCCGCGA-1,0.24,0.08,0.0,0.0,0.043832164,0.14868222,0.049988493,0.75749713
GTGCGTGGTGCGTGCT-1,0.16,0.08,0.0,0.0,0.041712727,0.41983894,0.5012676,0.03718071
GTGCGTGTCGAGTACT-1,0.16,0.04,0.0,0.0,0.052654818,0.80422014,0.110075995,0.033049077
GTGCTGGAGTATCCTG-1,0.16,0.08,0.0,0.0,0.2525151,0.08694109,0.37555948,0.28498435
GTGCTGGCACAACCGC-1,0.2,0.08,0.0,0.0,0.27630144,0.121490106,0.22173655,0.38047183
GTGCTGGCACGCGTCA-1,0.12,0.04,0.0,0.0,0.9990834,0.00023271512,0.0006582998,2.5579031e-05
GTGCTGGCACTACGGC-1,0.16,0.08,0.0,0.0,0.3514342,0.13265008,0.32909092,0.18682472
GTGCTGGCATGACTGT-1,0.12,0.04,0.0,0.0,0.024249844,0.1837562,0.59686804,0.19512588
GTGCTGGTCCGTGGGT-1,0.2,0.08,0.0,0.0,0.26655418,0.1203996,0.429247,0.1837993
GTGCTGGTCTTGGCTC-1,0.16,0.08,0.0,0.0,0.3227971,0.038640134,0.2635395,0.37502325
GTGCTTCAGTGTTGTC-1,0.16,0.04,0.0,0.0,0.024650274,0.017007018,0.88732225,0.071020395
GTGCTTCCATTCCTCG-1,0.12,0.04,0.0,0.0,0.93323743,0.040557675,0.02568706,0.00051772187
GTGCTTCGTAAGGCTG-1,0.16,0.08,0.0,0.0,0.14332938,0.6445998,0.053832922,0.15823792
GTGCTTCGTAGTCCTA-1,0.12,0.04,0.0,0.0,0.27650765,0.20347054,0.21653761,0.30348423
GTGCTTCGTGTCCCTT-1,0.16,0.08,0.0,0.0,0.29787436,0.16060105,0.21967448,0.3218501
GTGCTTCTCGGTGCAC-1,0.16,0.08,0.0,0.0,0.26661727,0.27343038,0.40102088,0.058931433
GTGGAAGAGTTGTCGT-1,0.16,0.08,0.0,0.0,0.95371455,0.010711085,0.034255855,0.001318451
GTGGAAGCACGCTTAA-1,0.16,0.08,0.0,0.0,0.0062820143,0.099564806,0.1855628,0.7085904
GTGGAAGCAGCGCGTT-1,0.16,0.04,0.0,0.0,0.98050094,0.013176319,0.0059299124,0.0003928011
GTGGAAGGTAGTATAG-1,0.2,0.08,0.0,0.0,0.29113343,0.106740616,0.3969591,0.20516689
GTGGAAGTCTGGTTGA-1,0.16,0.04,0.0,0.0,0.9726821,0.013739219,0.012337888,0.0012407977
GTGGAGAAGCCTTTCC-1,0.16,0.08,0.0,0.0,0.20799719,0.19449563,0.58999586,0.007511352
GTGGAGAAGTTATGGA-1,0.16,0.08,0.0,0.0,0.99270415,0.0027826063,0.0042300797,0.0002832142
GTGGAGACAACCGCCA-1,0.16,0.08,0.0,0.0,0.10275228,0.4277044,0.32910627,0.14043707
GTGGAGACAATACGCT-1,0.16,0.08,0.0,0.0,0.15895073,0.13516226,0.6198572,0.08602978
GTGGAGAGTACTTCCC-1,0.16,0.04,0.0,0.0,0.876023,0.046375263,0.07427602,0.003325639
GTGGAGAGTATCCCTC-1,0.16,0.08,0.0,0.0,0.994833,0.00058766163,0.0045168926,6.250766e-05
GTGGAGAGTGTCCGTG-1,0.16,0.08,0.0,0.0,0.06192481,0.39227563,0.30329436,0.24250516
GTGGAGAGTTGACTAC-1,0.2,0.08,0.0,0.0,0.72401154,0.081308804,0.12216481,0.072514825
GTGGCGTCAGCTACCG-1,0.16,0.08,0.0,0.0,0.9972024,0.00017792231,0.002613865,5.7750553e-06
GTGGCGTGTCAGTCCG-1,0.16,0.08,0.0,0.0,1.31114475e-05,0.00030877208,0.020876791,0.9788013
GTGGCGTGTCCAGTTA-1,0.08,0.04,0.0,0.0,0.093456544,0.5923953,0.2530433,0.061104935
GTGGGAACACAGCTTA-1,0.12,0.04,0.0,0.0,0.021428727,0.46639746,0.3975988,0.11457496
GTGGGAACACGTTGGC-1,0.2,0.08,0.0,0.0,0.02722797,0.021674316,0.88853824,0.062559426
GTGGGAACACTCAAGT-1,0.16,0.08,0.0,0.0,0.074100114,0.4628196,0.37863842,0.084441945
GTGGGAAGTTTGCCGG-1,0.16,0.04,0.0,0.0,0.18985586,0.2211433,0.14274697,0.44625387
GTGGTTACAGAACCGA-1,0.12,0.04,0.0,0.0,0.41462997,0.16015837,0.336033,0.089178756
GTGGTTAGTCGTTGGC-1,0.12,0.04,0.0,0.0,0.08696227,0.44988313,0.33602378,0.12713084
GTGGTTAGTGAACGGT-1,0.16,0.04,0.0,0.0,0.25069642,0.15411943,0.43771604,0.15746816
GTGGTTAGTTAGGGAC-1,0.04,0.04,0.0,0.0,0.08549011,0.4089291,0.43911633,0.066464484
GTGGTTATCATGTCAG-1,0.12,0.04,0.0,0.0,0.13174212,0.6025875,0.11978541,0.14588498
GTGGTTATCGGCATAT-1,0.12,0.04,0.0,0.0,0.9873541,0.0039415276,0.007024593,0.001679891
GTGTAACAGCTTACGT-1,0.16,0.08,0.0,0.0,0.0056787315,0.62440085,0.2946839,0.07523649
GTGTAACGTAAGGCTG-1,0.12,0.04,0.0,0.0,0.19892532,0.26214197,0.0639827,0.47495002
GTGTAACGTCGCATTA-1,0.16,0.08,0.0,0.0,0.9992963,1.3741169e-05,0.0006889688,9.4824003e-07
GTGTAACTCGACGAGA-1,0.16,0.08,0.0,0.0,0.19248937,0.23255078,0.30443156,0.2705283
GTGTCCTAGATTTGCC-1,0.12,0.04,0.0,0.0,0.08516034,0.49167892,0.18860452,0.23455626
GTGTCCTCAACGTAAA-1,0.16,0.08,0.0,0.0,0.25325823,0.24642973,0.16216184,0.3381502
GTGTCCTCACCAACAT-1,0.12,0.04,0.0,0.0,0.9109603,0.06164214,0.026434654,0.0009629098
GTGTCCTCATACACCA-1,0.16,0.04,0.0,0.0,0.12768818,0.61163473,0.18805695,0.07262009
GTGTCCTGTATGGTTC-1,0.12,0.04,0.0,0.0,0.2581948,0.14192641,0.16261807,0.43726072
GTGTGATAGCGAATGC-1,0.2,0.08,0.0,0.0,0.117862,0.0321374,0.17889601,0.6711046
GTGTGATAGCGTCAAG-1,0.12,0.04,0.0,0.0,0.9221202,0.049368672,0.019140095,0.009371004
GTGTGATAGGTGGTTG-1,0.12,0.04,0.0,0.0,0.07537062,0.12003311,0.7209159,0.08368036
GTGTGGCCACACGGAA-1,0.2,0.08,0.0,0.0,0.2872835,0.12601368,0.2943231,0.2923797
GTGTGGCGTGTCATGT-1,0.16,0.08,0.0,0.0,0.99211335,0.0047478527,0.0030950808,4.3817417e-05
GTGTGGCTCAAGCCAT-1,0.12,0.04,0.0,0.0,0.26714325,0.2760961,0.16378051,0.29298007
GTGTGGCTCACAGTGT-1,0.12,0.04,0.0,0.0,1.9842928e-05,0.0036640607,0.022881491,0.9734346
GTGTTAGAGCGATGAC-1,0.12,0.04,0.0,0.0,0.116575636,0.5653145,0.12759219,0.19051777
GTGTTAGAGCGTGAAC-1,0.16,0.08,0.0,0.0,5.56798e-07,0.0016512665,0.0033476292,0.99500054
GTGTTAGAGGACTATA-1,0.16,0.08,0.0,0.0,0.17567821,0.02225715,0.65788007,0.14418449
GTGTTAGAGTCTAACC-1,0.12,0.04,0.0,0.0,1.4992422e-07,0.00072972086,0.0058678184,0.9934023
GTGTTAGAGTTGAAAC-1,0.16,0.08,0.0,0.0,0.2651486,0.3432047,0.31569093,0.075955726
GTGTTAGGTCTGTCAA-1,0.16,0.04,0.0,0.0,0.079983525,0.63485724,0.22492664,0.060232654
GTGTTAGGTGACTAAA-1,0.16,0.04,0.0,0.0,0.3404676,0.40611666,0.09671148,0.15670428
GTGTTAGTCCGCACTT-1,0.16,0.08,0.0,0.0,0.0047923457,0.91565037,0.07119747,0.008359934
GTGTTAGTCCGTTTCG-1,0.16,0.08,0.0,0.0,0.22668663,0.028149894,0.27897862,0.46618488
GTGTTCCAGACAACTA-1,0.16,0.08,0.0,0.0,0.2552416,0.1826037,0.33927754,0.22287716
GTGTTCCAGTTTGCTG-1,0.12,0.04,0.0,0.0,0.25252277,0.36251274,0.21411967,0.1708448
GTGTTCCCACACCTAA-1,0.16,0.08,0.0,0.0,0.21947512,0.03769524,0.5307776,0.2120521
GTGTTCCCACATAGCT-1,0.16,0.08,0.0,0.0,2.694382e-06,0.00079064624,0.010505152,0.98870146
GTGTTCCCAGCACAAG-1,0.12,0.04,0.0,0.0,0.28041366,0.22448882,0.050192945,0.44490448
GTGTTCCGTGTGGACA-1,0.16,0.08,0.0,0.0,0.21934853,0.08720663,0.3981483,0.29529655
GTGTTCCTCAAGAAAC-1,0.16,0.08,0.0,0.0,0.1723414,0.31043947,0.41002348,0.10719571
GTGTTCCTCACCCATC-1,0.12,0.04,0.0,0.0,0.049158085,0.772536,0.104888916,0.073416986
GTGTTCCTCGCTGTTC-1,0.04,0.04,0.0,0.0,0.027316013,0.7576142,0.15058145,0.06448839
GTTACAGAGACTACGG-1,0.12,0.04,0.0,0.0,0.0841104,0.6616973,0.038343906,0.21584834
GTTACAGAGAGCCTGA-1,0.12,0.04,0.0,0.0,0.24082047,0.4084189,0.1728464,0.17791423
GTTACAGGTGAATATG-1,0.24,0.08,0.0,0.0,0.22438976,0.47947446,0.09168622,0.20444952
GTTACAGTCCGATCTC-1,0.16,0.08,0.0,0.0,0.07261314,0.7982797,0.047092818,0.08201434
GTTACCCAGCATCTTG-1,0.08,0.04,0.0,0.0,0.08139561,0.48464757,0.30321425,0.13074249
GTTACCCAGCCGATCC-1,0.16,0.08,0.0,0.0,0.34013027,0.32888293,0.13509633,0.19589043
GTTACCCCAAACCGGA-1,0.16,0.08,0.0,0.0,0.26336634,0.24522783,0.24128057,0.2501252
GTTACCCCACACCGAC-1,0.16,0.04,0.0,0.0,0.9813401,0.0027975428,0.015085765,0.00077658554
GTTACCCGTAGTTAGA-1,0.2,0.08,0.0,0.0,0.9553083,0.0061252797,0.03221039,0.0063560884
GTTACCCTCAATGTCG-1,0.16,0.04,0.0,0.0,0.544897,0.30361685,0.12199503,0.029491076
GTTACCCTCATCACTT-1,0.12,0.04,0.0,0.0,0.025624746,0.60709226,0.32395896,0.04332398
GTTACCCTCGTCAGAT-1,0.12,0.04,0.0,0.0,0.25892517,0.16426113,0.1200822,0.4567316
GTTACGAAGACTCTAC-1,0.16,0.08,0.0,0.0,0.53773516,0.2024903,0.14603353,0.11374103
GTTACGAAGCGTATAA-1,0.12,0.04,0.0,0.0,0.09017849,0.12862961,0.63216794,0.14902392
GTTACGACACGCGTCA-1,0.16,0.08,0.0,0.0,0.99948645,8.990767e-05,0.00042306609,4.744552e-07
GTTACGACATGGCGCT-1,0.16,0.04,0.0,0.0,0.026516816,0.34480044,0.45717075,0.171512
GTTACGAGTGTCATCA-1,0.16,0.08,0.0,0.0,0.26366892,0.10079131,0.37516183,0.26037797
GTTACGAGTGTTGAGG-1,0.16,0.08,0.0,0.0,0.28285086,0.09773143,0.31961495,0.29980275
GTTACGATCACTCACC-1,0.12,0.04,0.0,0.0,0.036634415,0.33926785,0.46141815,0.16267957
GTTACGATCTGCTTAT-1,0.16,0.04,0.0,0.0,0.9258181,0.030998707,0.03620997,0.0069731222
GTTACGATCTTCTTCC-1,0.12,0.04,0.0,0.0,0.9822244,0.01611175,0.0016071986,5.662164e-05
GTTAGACAGAGGTTTA-1,0.12,0.04,0.0,0.0,0.1953074,0.24236429,0.055345464,0.5069828
GTTAGACAGCTTTGTG-1,0.16,0.04,0.0,0.0,0.9909093,0.00783669,0.0012264947,2.7522487e-05
GTTAGACAGTTAACGA-1,0.16,0.04,0.0,0.0,0.28652152,0.16851355,0.26958695,0.2753779
GTTAGACCAACATCGT-1,0.12,0.04,0.0,0.0,0.21880896,0.4683902,0.19156092,0.121239886
GTTAGACGTCCAACGC-1,0.16,0.04,0.0,0.0,0.05873355,0.67447495,0.20466517,0.062126383
GTTAGACGTCCAGAAG-1,0.12,0.04,0.0,0.0,0.95575815,0.038902197,0.00378908,0.0015506747
GTTAGACGTTAGAGAT-1,0.16,0.08,0.0,0.0,0.94033647,0.022132337,0.026827676,0.01070354
GTTAGACTCCGGTAAT-1,0.16,0.08,0.0,0.0,0.13971128,0.36728677,0.35262826,0.14037372
GTTAGTGAGACATCCT-1,0.12,0.04,0.0,0.0,0.0073951124,0.4835397,0.16528699,0.3437782
GTTAGTGAGATTAGAC-1,0.12,0.04,0.0,0.0,0.40458688,0.36533448,0.12110646,0.10897223
GTTAGTGGTAGGACTG-1,0.12,0.04,0.0,0.0,0.12624551,0.21667553,0.6131952,0.0438838
GTTAGTGTCGGCTATA-1,0.12,0.04,0.0,0.0,0.40461454,0.30947146,0.15075976,0.13515419
GTTAGTGTCTCTTCAA-1,0.16,0.04,0.0,0.0,0.02459247,0.9125508,0.029890517,0.032966178
GTTATGGAGGATTCCT-1,0.16,0.08,0.0,0.0,0.46400195,0.06497346,0.2810582,0.18996644
GTTATGGAGGGAGTGG-1,0.12,0.04,0.0,0.0,0.79148304,0.084193245,0.11711049,0.007213183
GTTATGGAGTAAATGC-1,0.12,0.04,0.0,0.0,0.040103305,0.6784025,0.21041684,0.07107739
GTTATGGAGTCAGCCC-1,0.12,0.04,0.0,0.0,0.088046834,0.4206212,0.38384143,0.107490495
GTTATGGAGTGGTGAC-1,0.2,0.08,0.0,0.0,0.48994803,0.09669498,0.06355198,0.3498051
GTTATGGAGTTGCTCA-1,0.12,0.04,0.0,0.0,0.11465273,0.39202097,0.39617765,0.097148545
GTTATGGGTATAGGAT-1,0.16,0.04,0.0,0.0,0.060138296,0.30483982,0.5651003,0.0699216
GTTATGGGTCTAGGTT-1,0.16,0.04,0.0,0.0,0.99393106,0.0024532424,0.0025621913,0.001053582
GTTCATTAGGGCAACT-1,0.12,0.04,0.0,0.0,0.94474167,0.027021624,0.021204507,0.0070322063
GTTCATTCAACAGCTT-1,0.12,0.04,0.0,0.0,0.20939319,0.050141655,0.5086606,0.23180458
GTTCATTCATGTACGT-1,0.04,0.08,0.0,0.0,0.02761767,0.6032599,0.25147536,0.11764709
GTTCATTGTTCATCGA-1,0.12,0.04,0.0,0.0,0.9624598,0.022672402,0.013494038,0.0013738429
GTTCATTTCCCTCTTT-1,0.16,0.08,0.0,0.0,2.0729315e-08,0.0012363677,0.009314184,0.98944944
GTTCATTTCGACATTG-1,0.12,0.04,0.0,0.0,0.46975482,0.22341739,0.2776372,0.029190514
GTTCATTTCGTGTGGC-1,0.12,0.04,0.0,0.0,0.07508976,0.6203872,0.232574,0.071949095
GTTCCGTCAGAATGTA-1,0.16,0.08,0.0,0.0,0.9916437,0.0021387904,0.0061379494,7.946408e-05
GTTCCGTCAGCGTTTA-1,0.2,0.08,0.0,0.0,0.3587893,0.092834055,0.27515692,0.2732197
GTTCCGTCATGCCGGT-1,0.16,0.08,0.0,0.0,0.9215792,0.01682325,0.048006903,0.013590772
GTTCCGTCATGTCGTA-1,0.16,0.08,0.0,0.0,0.21584947,0.3923726,0.13758416,0.2541938
GTTCCGTTCGGTCGAC-1,0.08,0.04,0.0,0.0,0.017315652,0.36985025,0.48483145,0.12800258
GTTCCGTTCTAGACAC-1,0.12,0.04,0.0,0.0,0.24796231,0.37789646,0.16555773,0.20858356
GTTCCGTTCTAGTCAG-1,0.16,0.08,0.0,0.0,0.014390273,0.018161906,0.52736104,0.44008678
GTTCGCTAGACTGTTC-1,0.12,0.04,0.0,0.0,0.34989306,0.15169998,0.2556581,0.24274892
GTTCGCTAGTCTTCCC-1,0.16,0.08,0.0,0.0,0.057112224,0.45595396,0.35415322,0.1327806
GTTCGCTCAGTTAGGG-1,0.16,0.08,0.0,0.0,0.99572194,0.001361859,0.0019134803,0.0010028033
GTTCGCTGTACAGGTG-1,0.16,0.04,0.0,0.0,0.0070663523,0.46155044,0.43862393,0.092759304
GTTCGCTGTTAAACCC-1,0.12,0.04,0.0,0.0,0.0026151137,0.046310227,0.060392596,0.8906821
GTTCGCTGTTTACACG-1,0.16,0.08,0.0,0.0,0.04193114,0.04352478,0.88638973,0.028154379
GTTCGCTTCCACTGAA-1,0.08,0.04,0.0,0.0,0.3179867,0.31797716,0.32597688,0.038059253
GTTCGCTTCCCAAGCG-1,0.16,0.08,0.0,0.0,0.07317761,0.21262996,0.6565253,0.057667095
GTTCTATAGCACACAG-1,0.16,0.08,0.0,0.0,0.052237764,0.03671919,0.8533182,0.057724822
GTTCTATAGGTACATA-1,0.16,0.08,0.0,0.0,0.14657816,0.029001521,0.72475857,0.09966172
GTTCTATCAGAACCGA-1,0.08,0.04,0.0,0.0,0.030507155,0.8062727,0.08924326,0.07397686
GTTCTATGTGCATGAG-1,0.12,0.08,0.0,0.0,0.104632564,0.7251724,0.08768955,0.08250547
GTTCTATGTTGTCTAG-1,0.12,0.04,0.0,0.0,0.10810908,0.1930241,0.5811197,0.117747106
GTTCTATTCATAGGCT-1,0.12,0.04,0.0,0.0,0.095256284,0.111590214,0.64101297,0.15214054
GTTCTATTCATTCATC-1,0.12,0.04,0.0,0.0,0.24055354,0.44479987,0.19730502,0.11734153
GTTCTATTCCCTGGTT-1,0.12,0.04,0.0,0.0,0.11336226,0.5011672,0.3022502,0.08322037
GTTCTATTCCTGCTAC-1,0.16,0.08,0.0,0.0,0.05055379,0.17772697,0.21234061,0.5593786
GTTCTATTCGACGATT-1,0.04,0.04,0.0,0.0,0.96752864,0.014068794,0.017858455,0.00054421904
GTTCTATTCGCGGACT-1,0.12,0.04,0.0,0.0,0.12200682,0.56488466,0.10894336,0.20416513
GTTCTATTCTGGGAGA-1,0.12,0.04,0.0,0.0,0.28864107,0.087892346,0.31543761,0.30802897
GTTGAACAGCCAGTAG-1,0.12,0.04,0.0,0.0,0.19112034,0.44922176,0.22491318,0.13474475
GTTGAACAGCTGGCCT-1,0.16,0.04,0.0,0.0,0.080039226,0.045305975,0.81923795,0.05541683
GTTGAACAGCTTGTGT-1,0.16,0.08,0.0,0.0,0.49893215,0.15584275,0.08937911,0.25584602
GTTGAACAGGTTTACC-1,0.16,0.08,0.0,0.0,0.16305359,0.38394246,0.19144513,0.26155883
GTTGAACCAAACCATC-1,0.16,0.08,0.0,0.0,0.39654934,0.18459688,0.14530903,0.27354473
GTTGAACCACCAGCGT-1,0.2,0.08,0.0,0.0,0.18722317,0.2892709,0.3391987,0.18430728
GTTGAACGTACGATCT-1,0.16,0.08,0.0,0.0,0.07681698,0.62780625,0.24727245,0.04810429
GTTGAACGTCAACCTA-1,0.16,0.08,0.0,0.0,0.50673574,0.039287914,0.39380103,0.060175333
GTTGAACTCCAAGCCG-1,0.16,0.08,0.0,0.0,0.0038393845,0.49506968,0.12780556,0.37328535
GTTGAACTCCGCGGAT-1,0.2,0.08,0.0,0.0,0.3864241,0.12014724,0.14284855,0.3505801
GTTGCGGAGTGCAGGT-1,0.16,0.04,0.0,0.0,0.05502793,0.27659926,0.5473976,0.12097517
GTTGCGGCAAGATCCT-1,0.12,0.04,0.0,0.0,0.027645355,0.7029077,0.19011892,0.079328015
GTTGCGGCACCGTCTT-1,0.16,0.04,0.0,0.0,0.09123005,0.6048027,0.2043066,0.09966064
GTTGCGGCATACAGAA-1,0.24,0.08,0.0,0.0,0.33076474,0.15622684,0.2872241,0.2257843
GTTGCGGCATATCTGG-1,0.12,0.04,0.0,0.0,0.17462352,0.5671747,0.12598778,0.132214
GTTGCGGCATTCCTAT-1,0.16,0.04,0.0,0.0,0.10471527,0.7095193,0.10950685,0.0762586
GTTGCGGCATTGCAAC-1,0.12,0.04,0.0,0.0,0.11349388,0.59648967,0.12657396,0.16344249
GTTGCGGGTGTAGTGG-1,0.16,0.08,0.0,0.0,0.31735703,0.1864991,0.12388122,0.37226272
GTTGCGGGTTAAGTCC-1,0.16,0.08,0.0,0.0,0.4156958,0.16987067,0.16829792,0.24613567
GTTGCGGTCCTCGCAT-1,0.12,0.04,0.0,0.0,0.71057105,0.21375878,0.06954382,0.0061263344
GTTGCTCCAAGGTACG-1,0.16,0.08,0.0,0.0,0.04185574,0.34472695,0.16974741,0.44366986
GTTGCTCGTAACATCC-1,0.12,0.08,0.0,0.0,1.3297392e-06,0.0009840945,0.008406475,0.9906081
GTTGCTCTCAAACCTG-1,0.08,0.04,0.0,0.0,0.28091383,0.21181948,0.22428136,0.28298533
GTTGCTCTCGTCCTTG-1,0.04,0.04,0.0,0.0,0.9300402,0.03677768,0.0313309,0.0018512105
GTTGCTCTCTACGCGG-1,0.08,0.04,0.0,0.0,0.19837756,0.45899016,0.29612297,0.046509247
GTTGTAGAGCATCAGG-1,0.16,0.08,0.0,0.0,0.34038076,0.0929872,0.34760988,0.21902215
GTTGTAGAGTATGAGT-1,0.12,0.04,0.0,0.0,0.8909874,0.084575444,0.0132593755,0.011177808
GTTGTAGAGTTTCGAC-1,0.16,0.04,0.0,0.0,0.5460878,0.20437019,0.22135311,0.028188877
GTTGTAGCAACAAGAT-1,0.16,0.04,0.0,0.0,0.11438232,0.27343068,0.435561,0.17662597
GTTGTAGCAACATACC-1,0.24,0.08,0.0,0.0,0.31355616,0.18967746,0.2548689,0.24189751
GTTGTAGCATGAAAGT-1,0.12,0.04,0.0,0.0,0.079563506,0.6702845,0.13658288,0.11356908
GTTGTAGGTCTGTGCG-1,0.12,0.04,0.0,0.0,0.19043918,0.323486,0.26598647,0.22008838
GTTGTAGGTTCATCTT-1,0.12,0.04,0.0,0.0,0.026211392,0.24141334,0.275054,0.4573213
GTTGTCCCACTAGTAC-1,0.12,0.04,0.0,0.0,0.0801688,0.29105136,0.48890775,0.13987206
GTTGTCCGTCCTGTCT-1,0.28,0.08,0.0,0.0,0.3365333,0.18485901,0.23353863,0.24506906
GTTGTCCTCTCTCTAA-1,0.12,0.04,0.0,0.0,0.050037626,0.7860756,0.1026948,0.06119196
GTTGTGAGTGAGGAAA-1,0.16,0.04,0.0,0.0,0.20333347,0.38492483,0.37322897,0.03851277
GTTGTGATCATTGCTT-1,0.16,0.08,0.0,0.0,0.057065897,0.1470613,0.67494893,0.12092393
GTTGTGATCGCCTTGT-1,0.16,0.08,0.0,0.0,1.7142262e-09,3.7355792e-05,0.0014882127,0.9984744
GTTGTGATCTCCGAAA-1,0.12,0.04,0.0,0.0,0.14572045,0.54980034,0.25305706,0.051422056
GTTTACTAGGGTCTTT-1,0.12,0.04,0.0,0.0,0.045695435,0.7825489,0.10566518,0.06609045
GTTTACTCACCGTACG-1,0.16,0.04,0.0,0.0,0.94833475,0.042743977,0.008164945,0.0007563267
GTTTACTCACTCCCTA-1,0.16,0.08,0.0,0.0,0.14898428,0.030471316,0.68256843,0.13797589
GTTTACTCATGGGCAA-1,0.16,0.08,0.0,0.0,0.07690232,0.08231893,0.7709937,0.06978507
GTTTACTGTATTGCCA-1,0.16,0.08,0.0,0.0,0.14354959,0.59024775,0.1386238,0.1275789
GTTTACTGTCATCACA-1,0.16,0.08,0.0,0.0,2.7065414e-06,0.004301814,0.006290039,0.98940545
GTTTACTTCCAGCAAT-1,0.2,0.08,0.0,0.0,0.19155091,0.3449172,0.19940956,0.26412228
GTTTGGAAGACATAAC-1,0.12,0.04,0.0,0.0,0.06827747,0.6878132,0.18895961,0.054949645
GTTTGGAAGAGGGCGA-1,0.16,0.08,0.0,0.0,0.9931304,0.0059486725,0.00089759077,2.3346243e-05
GTTTGGAAGCCACCGT-1,0.16,0.08,0.0,0.0,0.2573449,0.08134265,0.4976029,0.16370955
GTTTGGAAGCCTATCA-1,0.16,0.04,0.0,0.0,0.1380299,0.25944653,0.46391368,0.1386099
GTTTGGACATACGCAT-1,0.16,0.08,0.0,0.0,0.11765029,0.52302116,0.33493495,0.024393553
GTTTGGACATCGCCTT-1,0.12,0.04,0.0,0.0,0.87072563,0.10066376,0.0254399,0.003170712
GTTTGGAGTCCTGAAT-1,0.12,0.04,0.0,0.0,0.8421855,0.103732914,0.04677725,0.0073043094
GTTTGGAGTGAGCTCC-1,0.16,0.08,0.0,0.0,0.024680296,0.4959654,0.33885098,0.14050332
GTTTGGATCCACACAA-1,0.12,0.04,0.0,0.0,0.9589657,0.034421522,0.0063779405,0.0002349485
GTTTGGATCGAACGGA-1,0.12,0.04,0.0,0.0,1.3244032e-06,0.010828924,0.009734753,0.97943497
TAACACGAGAATTTGG-1,0.24,0.08,0.0,0.0,0.12406911,0.48544392,0.297278,0.093209006
TAACACGAGACGATAT-1,0.12,0.04,0.0,0.0,0.106575236,0.16433983,0.66093487,0.068150066
TAACACGCAAGTCGTT-1,0.04,0.04,0.0,0.0,0.28440094,0.4927677,0.20896286,0.0138685675
TAACACGCAAGTTCCA-1,0.16,0.04,0.0,0.0,0.24820843,0.1333908,0.28808394,0.33031687
TAACACGCACTGCACG-1,0.16,0.04,0.0,0.0,0.13803962,0.49969637,0.28295442,0.07930952
TAACACGGTAATGCTC-1,0.12,0.04,0.0,0.0,0.97214264,0.015176465,0.01101482,0.0016660679
TAACACGGTCACATTG-1,0.16,0.08,0.0,0.0,0.9135816,0.019405816,0.04528683,0.021725709
TAACACGGTTCGATTG-1,0.16,0.04,0.0,0.0,0.98767567,0.006929475,0.0052020545,0.00019274376
TAACACGGTTGCCTAA-1,0.12,0.04,0.0,0.0,0.21984296,0.37162048,0.27944335,0.12909321
TAACACGGTTTCACTT-1,0.16,0.08,0.0,0.0,1.7384292e-06,0.0007528448,0.03837718,0.9608682
TAACACGTCTCATTGT-1,0.2,0.08,0.0,0.0,0.99958247,0.00027416451,0.000107392225,3.6023008e-05
TAACCAGCAGAGTCAG-1,0.16,0.08,0.0,0.0,0.015750902,0.017403403,0.94587696,0.02096885
TAACCAGGTACGCTAT-1,0.16,0.08,0.0,0.0,0.13421834,0.2848892,0.5417612,0.039131194
TAACCAGGTTGTTTGG-1,0.12,0.04,0.0,0.0,0.9503368,0.017847335,0.030800851,0.001014919
TAACCAGTCACTTGTT-1,0.12,0.04,0.0,0.0,0.75287825,0.15801011,0.07778268,0.011328926
TAACCAGTCGGCAGTC-1,0.12,0.04,0.0,0.0,0.73718673,0.22089231,0.029761469,0.012159429
TAACGACAGATTGAGT-1,0.12,0.04,0.0,0.0,0.9525699,0.026719054,0.018286664,0.0024242348
TAACGACCACTGGCCA-1,0.16,0.08,0.0,0.0,3.0424699e-05,0.0017470854,0.029211584,0.9690109
TAACGACCAGTAGTTC-1,0.12,0.04,0.0,0.0,0.036850773,0.46909195,0.32356304,0.17049418
TAACGACCATGCCGGT-1,0.16,0.08,0.0,0.0,1.7946273e-06,7.11846e-05,0.00063363183,0.9992933
TAACGACTCCGAGATT-1,0.2,0.08,0.0,0.0,0.07388084,0.07355898,0.4166729,0.43588734
TAACGACTCGACTCCT-1,0.12,0.04,0.0,0.0,0.08180469,0.39308643,0.46210968,0.06299912
TAACGACTCGCGAAGA-1,0.16,0.08,0.0,0.0,1.4876103e-07,0.00022203194,0.0027698844,0.9970079
TAACGACTCGGATAAA-1,0.16,0.08,0.0,0.0,0.59330505,0.091066875,0.15421954,0.16140857
TAACGACTCTCAGAAC-1,0.16,0.08,0.0,0.0,0.15729836,0.11596605,0.20969062,0.517045
TAACTTCAGACCAGAC-1,0.12,0.04,0.0,0.0,0.854829,0.085850984,0.05754397,0.0017760005
TAACTTCAGCATGCGA-1,0.12,0.04,0.0,0.0,0.921506,0.03754245,0.023672493,0.0172791
TAACTTCAGCGTCTCG-1,0.16,0.04,0.0,0.0,0.38932818,0.118180335,0.2588817,0.23360981
TAACTTCAGGCCACTC-1,0.2,0.08,0.0,0.0,0.13262564,0.16132733,0.63864505,0.067402035
TAACTTCCAACAAGAT-1,0.16,0.04,0.0,0.0,0.13075526,0.5777602,0.15960994,0.13187462
TAACTTCCAAGTTCCA-1,0.16,0.04,0.0,0.0,0.018600663,0.03565195,0.14856248,0.79718494
TAACTTCCACATATCG-1,0.04,0.04,0.0,0.0,0.014535166,0.912442,0.053926304,0.01909643
TAACTTCCAGGAATAT-1,0.16,0.08,0.0,0.0,0.08426285,0.027296457,0.64694256,0.24149811
TAACTTCCATGGACAG-1,0.16,0.08,0.0,0.0,0.08628939,0.7109831,0.12610266,0.07662489
TAACTTCGTCAGGTGA-1,0.12,0.04,0.0,0.0,0.044649985,0.7240817,0.13517033,0.09609798
TAACTTCGTCTGTGAT-1,0.12,0.04,0.0,0.0,0.04684302,0.10917639,0.6885092,0.15547132
TAACTTCGTGACTCTA-1,0.16,0.04,0.0,0.0,0.07580949,0.41412365,0.4121197,0.09794715
TAAGCACAGCGACATG-1,0.16,0.08,0.0,0.0,0.372639,0.11104057,0.37956852,0.13675198
TAAGCACAGCTGGCCT-1,0.16,0.08,0.0,0.0,6.339786e-05,0.003044042,0.015984513,0.98090804
TAAGCACAGGATATGT-1,0.12,0.04,0.0,0.0,0.05336245,0.6765639,0.21352176,0.056551933
TAAGCACAGTTGCCCG-1,0.12,0.04,0.0,0.0,0.53576857,0.21260281,0.23950805,0.012120628
TAAGCACCAAGATCCT-1,0.12,0.04,0.0,0.0,0.018492734,0.021885762,0.107738234,0.8518833
TAAGCACCAATTGCCA-1,0.16,0.04,0.0,0.0,0.069242775,0.7905412,0.061305888,0.07891026
TAAGCACCACAGCCAC-1,0.12,0.04,0.0,0.0,0.095256835,0.52579826,0.27467567,0.10426919
TAAGCACGTACAAGCG-1,0.12,0.04,0.0,0.0,0.07320031,0.23402354,0.5792742,0.11350199
TAAGCACGTTGGGACA-1,0.16,0.08,0.0,0.0,0.072234586,0.71553385,0.17029603,0.04193553
TAAGCACGTTGTGGCC-1,0.16,0.04,0.0,0.0,0.366244,0.52396035,0.06581001,0.043985657
TAAGCACTCCCTGGTT-1,0.2,0.08,0.0,0.0,4.8467664e-05,0.0020122104,0.015608878,0.98233044
TAAGCACTCCTTCTAA-1,0.04,0.04,0.0,0.0,0.7632144,0.116854265,0.09624009,0.023691254
TAAGCACTCTATCGGA-1,0.16,0.08,0.0,0.0,0.17225172,0.06731026,0.5640048,0.19643325
TAAGCACTCTCGCGTT-1,0.04,0.08,0.0,0.0,0.09590973,0.21313222,0.6324733,0.05848471
TAAGCCAAGGTTCCGC-1,0.12,0.04,0.0,0.0,0.35427868,0.3087792,0.26004696,0.07689513
TAAGCCAAGTCCCAAT-1,0.12,0.04,0.0,0.0,0.079901814,0.2991843,0.48602748,0.13488641
TAAGCCACACGCACCA-1,0.12,0.04,0.0,0.0,0.0632187,0.45067576,0.22791567,0.25818995
TAAGCCACATAGGCGA-1,0.16,0.08,0.0,0.0,5.1529687e-06,0.0024453201,0.011831604,0.9857179
TAAGCCAGTCGAGCAA-1,0.12,0.04,0.0,0.0,1.3744402e-06,0.001845271,0.008127229,0.9900261
TAAGCCAGTCTCAGGC-1,0.12,0.04,0.0,0.0,0.10755882,0.56970495,0.26422143,0.058514774
TAAGCCATCATTCATC-1,0.16,0.04,0.0,0.0,0.08669472,0.21108136,0.2730863,0.42913762
TAAGCCATCTCGCCTA-1,0.08,0.12,0.0,0.0,8.533274e-07,0.004112854,0.018737802,0.97714853
TAAGCGTAGGTGATCG-1,0.16,0.08,0.0,0.0,0.522671,0.08249223,0.042660546,0.35217625
TAAGCGTCAAGAGTAT-1,0.12,0.04,0.0,0.0,0.24565883,0.36074555,0.3300334,0.06356221
TAAGCGTCACTATCCC-1,0.16,0.08,0.0,0.0,0.10975437,0.3185134,0.3846582,0.18707407
TAAGCGTCATATCTCT-1,0.16,0.04,0.0,0.0,0.04219973,0.06015914,0.8021595,0.09548158
TAAGCGTGTCCTCCAT-1,0.16,0.08,0.0,0.0,0.24257068,0.14364192,0.3366807,0.27710667
TAAGCGTGTTAGGCCC-1,0.16,0.08,0.0,0.0,0.10034097,0.6115473,0.14408384,0.144028
TAAGCGTTCAAAGACA-1,0.12,0.04,0.0,0.0,0.8244461,0.11349537,0.05396845,0.00809019
TAAGCGTTCCGCATAA-1,0.12,0.04,0.0,0.0,0.0046969256,0.04488288,0.08014947,0.87027067
TAAGCGTTCTCTTCAA-1,0.08,0.04,0.0,0.0,3.4011055e-06,0.001027577,0.028969496,0.9699995
TAAGTCGAGAGGATCC-1,0.12,0.04,0.0,0.0,0.01826856,0.5745964,0.2892604,0.1178746
TAAGTCGAGAGTCGAC-1,0.16,0.08,0.0,0.0,6.2916087e-07,0.00025681945,0.0067244815,0.99301815
TAAGTCGCAAGACGAC-1,0.12,0.04,0.0,0.0,0.99147004,0.0064679747,0.0020421466,1.9900916e-05
TAAGTCGCAAGTATCC-1,0.16,0.04,0.0,0.0,0.16027127,0.3493003,0.41929355,0.071134835
TAAGTCGCACTGCATA-1,0.16,0.04,0.0,0.0,1.7347434e-08,0.00023737834,0.002818898,0.99694365
TAAGTCGCAGGGACTA-1,0.16,0.04,0.0,0.0,0.14172906,0.459799,0.23558156,0.16289033
TAAGTCGCAGGTTACT-1,0.12,0.04,0.0,0.0,0.17562224,0.3786276,0.2650197,0.18073042
TAAGTCGGTGCGTGCT-1,0.16,0.04,0.0,0.0,0.07578782,0.32547116,0.47612098,0.122619964
TAAGTCGGTTACGCCG-1,0.12,0.04,0.0,0.0,0.02829862,0.67780066,0.2518411,0.0420596
TAATCTCAGACCATGG-1,0.16,0.08,0.0,0.0,0.23434669,0.41825694,0.30677095,0.040625405
TAATCTCAGCTGTGCC-1,0.12,0.04,0.0,0.0,0.29459754,0.12980914,0.20621133,0.36938196
TAATCTCAGGAAAGAC-1,0.04,0.08,0.0,0.0,0.61025935,0.11404112,0.25441125,0.021288255
TAATCTCAGTCGGCAA-1,0.12,0.04,0.0,0.0,0.51634157,0.1738664,0.1895717,0.1202203
TAATCTCAGTGACACG-1,0.16,0.08,0.0,0.0,0.24982297,0.13313177,0.10126973,0.5157755
TAATCTCAGTTGCGCC-1,0.12,0.04,0.0,0.0,0.22450602,0.08040053,0.46979773,0.22529568
TAATCTCTCAGTGCGC-1,0.12,0.04,0.0,0.0,0.9128975,0.035565455,0.03230024,0.019236669
TAATCTCTCATGGTAC-1,0.12,0.04,0.0,0.0,0.98721445,0.008059473,0.0046694227,5.6678517e-05
TAATTCCAGTGATGGC-1,0.12,0.04,0.0,0.0,0.023920221,0.09684399,0.8241254,0.05511029
TAATTCCCACAACATC-1,0.16,0.08,0.0,0.0,0.22356042,0.1330267,0.48890498,0.1545079
TAATTCCCACCCATAA-1,0.12,0.04,0.0,0.0,0.011546275,0.9122043,0.06570192,0.0105476
TAATTCCCATTGCTGA-1,0.16,0.08,0.0,0.0,2.5626127e-06,0.007912167,0.06791185,0.9241735
TAATTCCTCTGCAGCG-1,0.16,0.04,0.0,0.0,0.087982155,0.2849314,0.47531936,0.15176703
TACAACGAGATTGGGC-1,0.12,0.04,0.0,0.0,0.12218773,0.36757675,0.35101676,0.15921877
TACAACGAGCTGACTT-1,0.12,0.04,0.0,0.0,0.24244373,0.27251285,0.32496235,0.1600811
TACAACGAGGCGATAC-1,0.16,0.08,0.0,0.0,0.7158492,0.1959786,0.04311805,0.045054063
TACAACGAGTGGTTAA-1,0.12,0.04,0.0,0.0,0.18036565,0.29331082,0.46580407,0.060519524
TACAACGAGTTGAATG-1,0.16,0.08,0.0,0.0,0.25680205,0.118720405,0.35146853,0.273009
TACAACGCACACTTAG-1,0.16,0.08,0.0,0.0,0.010666999,0.20125079,0.42121965,0.36686257
TACACCCAGGTAGTAT-1,0.12,0.04,0.0,0.0,0.6740975,0.17715798,0.08366891,0.06507564
TACACCCCACCAGGTC-1,0.16,0.04,0.0,0.0,0.1630628,0.6010606,0.06971544,0.16616118
TACACCCGTCCGGTCA-1,0.16,0.04,0.0,0.0,0.14645839,0.5234447,0.1223253,0.20777158
TACACCCGTCTTGAGT-1,0.16,0.04,0.0,0.0,0.24687274,0.20483573,0.25305894,0.2952326
TACACCCGTGATACTC-1,0.16,0.08,0.0,0.0,0.11060006,0.7662557,0.08482943,0.03831472
TACACCCTCACCTCAC-1,0.16,0.04,0.0,0.0,0.008658372,0.47857064,0.19977927,0.3129917
TACACCCTCGAGATGG-1,0.16,0.08,0.0,0.0,0.11759693,0.55697995,0.21110213,0.11432099
TACACCCTCTTCGTAT-1,0.16,0.08,0.0,0.0,0.046570674,0.72170633,0.16425896,0.067463994
TACACCCTCTTTGGAG-1,0.16,0.04,0.0,0.0,0.15565936,0.23924452,0.37754986,0.22754632
TACAGGTAGCGGACAT-1,0.16,0.08,0.0,0.0,0.1620636,0.23057058,0.3730684,0.23429747
TACAGGTAGGGCAATC-1,0.16,0.04,0.0,0.0,3.0832014e-06,0.0002896032,0.019869281,0.979838
TACAGGTCAACCTATG-1,0.16,0.08,0.0,0.0,0.24206816,0.28473476,0.24737304,0.22582406
TACAGGTGTGCTCGTG-1,0.12,0.04,0.0,0.0,0.36781958,0.23208031,0.24348548,0.15661466
TACAGGTTCGTGCATA-1,0.16,0.08,0.0,0.0,0.0026477252,0.8663341,0.12391273,0.0071053845
TACAGGTTCTTCGATT-1,0.12,0.04,0.0,0.0,0.9954893,0.0034268163,0.0010334409,5.0527276e-05
TACATTCAGGTTGAGC-1,0.16,0.08,0.0,0.0,7.976953e-08,0.00019656961,0.003499058,0.9963043
TACATTCCAACAAGTA-1,0.12,0.04,0.0,0.0,0.14319804,0.30126226,0.39213017,0.16340946
TACATTCCAAGTCGTT-1,0.12,0.04,0.0,0.0,0.9454797,0.03892982,0.013651129,0.0019393731
TACATTCCAATACCTG-1,0.16,0.04,0.0,0.0,0.12461952,0.36684063,0.36483684,0.14370306
TACATTCCACTAGGTT-1,0.12,0.04,0.0,0.0,0.29887617,0.4737356,0.1970002,0.030388027
TACATTCGTCATTGCA-1,0.04,0.04,0.0,0.0,0.0006324294,0.1367759,0.21008334,0.6525083
TACATTCTCGAATCCA-1,0.16,0.08,0.0,0.0,0.8950347,0.020779064,0.083230905,0.000955307
TACATTCTCTACGCGG-1,0.04,0.04,0.0,0.0,0.6066027,0.14229748,0.21201426,0.039085526
TACATTCTCTAGCCTC-1,0.12,0.04,0.0,0.0,0.1649948,0.05943512,0.6370518,0.13851821
TACATTCTCTGGTCAA-1,0.12,0.04,0.0,0.0,0.61346704,0.2340326,0.1465386,0.0059618023
TACATTCTCTTCCACG-1,0.16,0.08,0.0,0.0,0.15376808,0.19266,0.30234104,0.3512309
TACCCACCACGACTAT-1,0.12,0.04,0.0,0.0,0.013944274,0.9223444,0.04034699,0.023364395
TACCCACCAGAGAATT-1,0.12,0.04,0.0,0.0,0.09849261,0.3783649,0.47518063,0.0479618
TACCCACGTAACATCC-1,0.16,0.08,0.0,0.0,0.77585393,0.08641292,0.09932794,0.038405225
TACCCACGTCTGCATA-1,0.16,0.04,0.0,0.0,0.0059638205,0.100682184,0.11561787,0.7777361
TACCCACGTGCACATT-1,0.12,0.04,0.0,0.0,0.8699085,0.09525632,0.03348933,0.0013458772
TACCCACGTTCCGCTT-1,0.16,0.08,0.0,0.0,0.89346045,0.041947912,0.06264208,0.0019495391
TACCCGTAGCGCCATC-1,0.16,0.04,0.0,0.0,0.079985894,0.26376912,0.4629352,0.19330981
TACCCGTCAGCTTTCC-1,0.12,0.04,0.0,0.0,0.038043886,0.8171955,0.117716745,0.027043896
TACCCGTGTAGGACTG-1,0.16,0.08,0.0,0.0,0.42351687,0.33573356,0.20140105,0.03934859
TACCCGTGTTGTTGTG-1,0.16,0.04,0.0,0.0,0.18552026,0.2717681,0.3587076,0.18400404
TACCCGTTCATCGCAA-1,0.08,0.04,0.0,0.0,0.8940637,0.060323995,0.03969461,0.0059176846
TACCGAAAGGTCGTCC-1,0.16,0.04,0.0,0.0,0.946741,0.03882639,0.012315653,0.0021169086
TACCGAACAAGAGTTA-1,0.12,0.04,0.0,0.0,0.1782431,0.4715102,0.12045079,0.22979587
TACCGAACACACCTTC-1,0.12,0.04,0.0,0.0,0.29089177,0.27321938,0.20084007,0.2350488
TACCGAACACTGTCCT-1,0.16,0.08,0.0,0.0,0.49095178,0.26861942,0.14171144,0.09871745
TACCGAAGTGTCTTCC-1,0.16,0.04,0.0,0.0,0.22731367,0.09601078,0.17602175,0.5006538
TACCGAATCATGGATC-1,0.12,0.04,0.0,0.0,0.17927694,0.5614471,0.23801626,0.021259697
TACCGAATCATGGTAC-1,0.12,0.04,0.0,0.0,0.9489552,0.015935034,0.030834686,0.0042751143
TACCGAATCGCTCTAC-1,0.16,0.04,0.0,0.0,0.071325965,0.19170342,0.41400173,0.32296887
TACCGAATCTATCACT-1,0.12,0.04,0.0,0.0,0.028808072,0.66963995,0.2169046,0.084647395
TACCGAATCTTCTGGC-1,0.12,0.04,0.0,0.0,0.0045579625,0.11771303,0.053848065,0.8238809
TACCGGGAGCAGGCTA-1,0.16,0.08,0.0,0.0,0.0012525364,0.119344875,0.19499187,0.68441075
TACCGGGAGCCATGCC-1,0.16,0.08,0.0,0.0,0.5725772,0.23086247,0.08285483,0.11370551
TACCGGGAGTCGCCAC-1,0.16,0.08,0.0,0.0,0.0021260846,0.0040453626,0.06797884,0.92584974
TACCGGGAGTGGAAAG-1,0.16,0.08,0.0,0.0,0.88649887,0.03449297,0.07099753,0.008010683
TACCGGGGTTCGTACA-1,0.16,0.08,0.0,0.0,0.27176392,0.1312492,0.35554066,0.24144624
TACCGGGTCAAGTGTC-1,0.16,0.04,0.0,0.0,0.3182156,0.15027833,0.07115388,0.46035212
TACCGGGTCCTGCCAT-1,0.12,0.04,0.0,0.0,0.027816212,0.3529018,0.5684525,0.050829485
TACCTCGAGATGCTTC-1,0.12,0.04,0.0,0.0,0.469461,0.21747471,0.11753381,0.19553041
TACCTCGCATGGCCCA-1,0.12,0.04,0.0,0.0,0.046269245,0.87747514,0.035642996,0.040612653
TACCTGCAGATACAGT-1,0.16,0.08,0.0,0.0,1.6585348e-08,0.00010977689,0.0019906228,0.99789953
TACCTGCAGCGACCCT-1,0.16,0.04,0.0,0.0,0.043576963,0.22095755,0.25312808,0.48233736
TACCTGCTCATGAAAG-1,0.16,0.04,0.0,0.0,0.9080327,0.043678675,0.015875908,0.032412764
TACCTGCTCTCGTCGT-1,0.16,0.08,0.0,0.0,0.10739986,0.5714816,0.2659413,0.05517727
TACCTGCTCTCTTAAC-1,0.08,0.04,0.0,0.0,4.5458323e-06,0.007424552,0.024499573,0.9680713
TACCTGCTCTGAGCAT-1,0.12,0.04,0.0,0.0,0.9467495,0.04710136,0.0056873052,0.00046188012
TACGCTCAGCATATGA-1,0.16,0.08,0.0,0.0,0.1381598,0.5841583,0.20483321,0.072848745
TACGCTCAGGCACGAT-1,0.16,0.08,0.0,0.0,0.065185204,0.673493,0.17998278,0.081338994
TACGCTCAGTCACGAG-1,0.12,0.04,0.0,0.0,0.118670985,0.35038292,0.4198917,0.11105437
TACGCTCCACTAGAGG-1,0.16,0.08,0.0,0.0,0.99555016,0.00062176085,0.0036503277,0.00017778258
TACGCTCCAGAGCGTA-1,0.16,0.08,0.0,0.0,0.20842823,0.3192098,0.38407707,0.08828492
TACGCTCGTCCCGCAA-1,0.16,0.04,0.0,0.0,0.029070841,0.26247245,0.20641021,0.50204647
TACGCTCTCACTTCTA-1,0.12,0.04,0.0,0.0,0.03899068,0.35851303,0.29679084,0.30570546
TACGCTCTCCGCGGAT-1,0.12,0.04,0.0,0.0,0.106456466,0.5998015,0.14278112,0.15096092
TACGCTCTCGTACACA-1,0.12,0.04,0.0,0.0,0.99622667,0.002064445,0.0015642158,0.00014472565
TACGCTCTCTACTCAT-1,0.04,0.04,0.0,0.0,0.1275725,0.15052706,0.5469783,0.17492208
TACGCTCTCTCGCTTG-1,0.12,0.04,0.0,0.0,0.90849876,0.035791762,0.05058419,0.005125267
TACGGGCAGGTTGCCC-1,0.12,0.04,0.0,0.0,0.9831786,0.006582183,0.009674098,0.00056504796
TACGGGCCAAATTGGA-1,0.12,0.04,0.0,0.0,0.0835418,0.186326,0.24926622,0.48086593
TACGGGCGTTCAGCGC-1,0.12,0.04,0.0,0.0,0.24443747,0.09681993,0.35895005,0.29979253
TACGGGCTCAAGGAGC-1,0.16,0.08,0.0,0.0,0.47792324,0.0960846,0.37850633,0.047485802
TACGGGCTCAGCCTCT-1,0.16,0.04,0.0,0.0,0.4238758,0.32536438,0.14918429,0.101575546
TACGGGCTCGATACGT-1,0.12,0.04,0.0,0.0,0.12595433,0.00949023,0.78550416,0.07905133
TACGGGCTCTGTCCCA-1,0.16,0.08,0.0,0.0,1.3082848e-08,0.00022707359,0.0010782424,0.9986947
TACGGTAAGCATGGGT-1,0.16,0.08,0.0,0.0,0.032389708,0.087847345,0.21698791,0.66277504
TACGGTAAGTCTGCGC-1,0.16,0.04,0.0,0.0,0.18176252,0.08661151,0.58352053,0.14810547
TACGGTACAACTACGT-1,0.12,0.04,0.0,0.0,0.5658585,0.29920888,0.11113908,0.023793537
TACGGTACAATTCTTC-1,0.08,0.04,0.0,0.0,0.027722936,0.3031823,0.35385865,0.31523612
TACGGTACATGGGTCC-1,0.16,0.08,0.0,0.0,0.11850336,0.13532029,0.6324472,0.11372919
TACGGTAGTGACCTGC-1,0.12,0.04,0.0,0.0,8.938106e-06,0.0013047503,0.017326368,0.98135996
TACGGTATCAAGTCGT-1,0.16,0.08,0.0,0.0,0.98427504,0.007137963,0.00677108,0.0018159534
TACGTCCAGTGACCTT-1,0.16,0.08,0.0,0.0,0.020324497,0.7898876,0.13347304,0.056314856
TACGTCCCACACCAGC-1,0.16,0.08,0.0,0.0,0.00490239,0.1186126,0.108770475,0.76771456
TACGTCCGTACAGAAT-1,0.12,0.04,0.0,0.0,0.028272249,0.7062153,0.21388201,0.051630355
TACGTCCGTCGCATTA-1,0.12,0.04,0.0,0.0,0.11427996,0.34832847,0.40540296,0.13198861
TACGTCCTCCGCATAA-1,0.12,0.04,0.0,0.0,0.048844703,0.70868474,0.19301687,0.049453724
TACGTCCTCGAAGCAG-1,0.16,0.04,0.0,0.0,0.11926449,0.43786618,0.24852245,0.1943469
TACTGCCAGTTTCTTC-1,0.16,0.08,0.0,0.0,0.12386233,0.12013104,0.17516583,0.5808408
TACTGCCCAACTCATG-1,0.16,0.08,0.0,0.0,0.019289942,0.5586835,0.3754559,0.04657061
TACTGCCCAATCTCGA-1,0.12,0.04,0.0,0.0,0.13042666,0.53417915,0.27527916,0.060115017
TACTGCCGTCCAAGAG-1,0.16,0.08,0.0,0.0,0.07120462,0.074031815,0.29749152,0.557272
TACTGCCGTGCCAAGA-1,0.16,0.04,0.0,0.0,0.0553942,0.65674067,0.21200106,0.07586409
TACTGCCTCATACGAC-1,0.12,0.04,0.0,0.0,0.00025587447,0.0064378213,0.036711566,0.95659477
TACTGCCTCATTCACT-1,0.12,0.04,0.0,0.0,0.021032006,0.557193,0.34183452,0.07994051
TACTGCCTCCAACCAA-1,0.04,0.04,0.0,0.0,0.26866996,0.13946669,0.19680841,0.39505497
TACTTACAGGCATCGA-1,0.16,0.04,0.0,0.0,0.06795565,0.1418231,0.6918674,0.09835384
TACTTACAGGGCCCTT-1,0.16,0.08,0.0,0.0,0.06408809,0.030928329,0.40053895,0.50444466
TACTTACAGTGCAAAT-1,0.16,0.08,0.0,0.0,0.14926276,0.4367757,0.26747793,0.14648364
TACTTACCAGGCACTC-1,0.16,0.08,0.0,0.0,0.16021922,0.12860993,0.4486421,0.26252872
TACTTACCATCTGGGC-1,0.16,0.08,0.0,0.0,0.1629701,0.3610969,0.364246,0.111686945
TACTTACGTTGGGACA-1,0.12,0.04,0.0,0.0,0.18300155,0.51620585,0.20641893,0.0943737
TACTTACTCACGGACC-1,0.12,0.04,0.0,0.0,0.022422435,0.15995377,0.39211977,0.425504
TACTTACTCCACACCT-1,0.2,0.08,0.0,0.0,0.57217526,0.020543361,0.35525003,0.052031334
TACTTACTCGCTTACC-1,0.12,0.04,0.0,0.0,0.54055375,0.35125214,0.08520613,0.02298802
TACTTCAAGCACACAG-1,0.12,0.04,0.0,0.0,0.9660746,0.025518531,0.0069363303,0.0014707055
TACTTCAAGCCGAATG-1,0.12,0.04,0.0,0.0,0.05787621,0.622748,0.2359672,0.08340854
TACTTCACATAAGATG-1,0.12,0.04,0.0,0.0,0.9423548,0.033745263,0.021017194,0.0028826802
TACTTCATCTTTCGAT-1,0.16,0.04,0.0,0.0,0.06209271,0.62425846,0.28412363,0.029525293
TACTTGTAGGCCGCTT-1,0.16,0.08,0.0,0.0,0.04812445,0.5092261,0.39638972,0.046259712
TACTTGTGTAGACACG-1,0.24,0.08,0.0,0.0,0.998114,0.00059702015,0.0011661558,0.00012276857
TACTTGTGTTGCCGCA-1,0.12,0.04,0.0,0.0,0.3040449,0.20904064,0.35906258,0.12785186
TACTTGTTCGTTGTGA-1,0.16,0.04,0.0,0.0,0.028615633,0.6024422,0.34830034,0.02064174
TACTTGTTCTAACGCA-1,0.16,0.08,0.0,0.0,0.48046607,0.33294198,0.15534039,0.031251647
TACTTGTTCTTACTGT-1,0.2,0.08,0.0,0.0,0.28336757,0.12713455,0.20804524,0.38145268
TAGACCAAGGTCACAG-1,0.08,0.04,0.0,0.0,0.92422134,0.05047031,0.02262158,0.0026868004
TAGACCACACCATATG-1,0.16,0.08,0.0,0.0,0.102850705,0.11074023,0.2993456,0.4870635
TAGACCACACCGTGGT-1,0.16,0.08,0.0,0.0,0.16143902,0.38784084,0.18734683,0.26337332
TAGACCACACTTCAAG-1,0.16,0.08,0.0,0.0,0.9950041,0.0029080138,0.0020330811,5.475114e-05
TAGACCACATTGACCA-1,0.12,0.04,0.0,0.0,0.089446634,0.27878565,0.4168938,0.21487388
TAGACCAGTAGGTGCA-1,0.16,0.08,0.0,0.0,0.46324444,0.07343372,0.34861746,0.11470439
TAGACCAGTATAATGG-1,0.12,0.04,0.0,0.0,0.048060913,0.5599234,0.3146435,0.07737225
TAGACCATCAAGTCTG-1,0.16,0.08,0.0,0.0,0.06419399,0.57623297,0.29747102,0.062101994
TAGACCATCACCATGA-1,0.12,0.04,0.0,0.0,0.009024027,0.23821715,0.3132863,0.43947247
TAGACCATCGGTGCAC-1,0.16,0.08,0.0,0.0,0.1328283,0.10573356,0.261329,0.50010914
TAGACCATCGTCGCTT-1,0.16,0.08,0.0,0.0,0.09059136,0.38559088,0.39013553,0.1336822
TAGACTGAGAAATTGC-1,0.12,0.04,0.0,0.0,0.55031115,0.271546,0.16493113,0.013211724
TAGACTGAGTATTCCG-1,0.12,0.04,0.0,0.0,0.020864986,0.64407796,0.18390463,0.1511524
TAGACTGCATAGGTAA-1,0.16,0.04,0.0,0.0,0.043652296,0.6463275,0.10060186,0.20941834
TAGACTGGTGAATTGA-1,0.16,0.04,0.0,0.0,0.35535568,0.14675061,0.35120228,0.14669143
TAGAGTCAGGACTGGT-1,0.12,0.04,0.0,0.0,0.020717178,0.2181673,0.35986385,0.4012517
TAGAGTCAGTGATAGT-1,0.16,0.08,0.0,0.0,0.20881434,0.18317641,0.33046138,0.2775479
TAGAGTCCACCGGAAA-1,0.04,0.04,0.0,0.0,0.063081056,0.08682093,0.6730785,0.17701961
TAGAGTCCACGCGTGT-1,0.12,0.04,0.0,0.0,0.035864167,0.70396614,0.17190672,0.08826296
TAGAGTCCATGATGCT-1,0.16,0.08,0.0,0.0,0.113786034,0.111484714,0.46149263,0.31323662
TAGAGTCGTCACCTTC-1,0.12,0.04,0.0,0.0,0.24751747,0.21157092,0.4999174,0.04099425
TAGAGTCGTCTTTATC-1,0.16,0.08,0.0,0.0,0.8198424,0.1084394,0.057238523,0.014479698
TAGAGTCGTTGGGAAC-1,0.16,0.08,0.0,0.0,0.09341842,0.20801899,0.40256503,0.29599753
TAGAGTCTCACGAACT-1,0.16,0.08,0.0,0.0,0.06979767,0.5380412,0.27818683,0.11397436
TAGAGTCTCTAGATCG-1,0.16,0.08,0.0,0.0,0.97040915,0.01247057,0.01611362,0.0010065669
TAGATCGAGGCACAAC-1,0.12,0.04,0.0,0.0,0.09341373,0.54809076,0.27177343,0.08672207
TAGATCGAGGCTATCT-1,0.16,0.04,0.0,0.0,0.19346459,0.38077682,0.17594774,0.2498108
TAGATCGAGGGAGATA-1,0.12,0.04,0.0,0.0,0.0012321349,0.10834879,0.2634858,0.6269333
TAGATCGCACACCTGG-1,0.16,0.08,0.0,0.0,0.24247265,0.15440218,0.17738964,0.42573544
TAGATCGGTTCTTGCC-1,0.16,0.04,0.0,0.0,0.1786589,0.19728927,0.35832253,0.26572928
TAGATCGTCCATTGCC-1,0.16,0.04,0.0,0.0,0.042710572,0.73951966,0.18373531,0.03403451
TAGATCGTCCTGGTCT-1,0.12,0.04,0.0,0.0,0.014315745,0.039528385,0.34159246,0.6045635
TAGATCGTCTCTCTTC-1,0.12,0.04,0.0,0.0,0.30103353,0.17980754,0.3567507,0.16240825
TAGCACAAGAGGACTC-1,0.12,0.04,0.0,0.0,0.092204995,0.21635915,0.46495157,0.22648431
TAGCACAAGATCACCT-1,0.12,0.04,0.0,0.0,0.9952891,0.0007689952,0.003932973,8.959805e-06
TAGCACAAGATCCTAC-1,0.16,0.04,0.0,0.0,0.86255336,0.052805364,0.054520268,0.030121043
TAGCACAAGTCCCGGT-1,0.12,0.04,0.0,0.0,0.79138434,0.11384351,0.08977125,0.0050008823
TAGCACACACGACGCT-1,0.16,0.08,0.0,0.0,0.28292283,0.108998545,0.35689682,0.25118175
TAGCACACAGCGGTCT-1,0.12,0.04,0.0,0.0,0.99167657,0.0034294522,0.0039960463,0.0008978745
TAGCACATCAACCCGG-1,0.16,0.08,0.0,0.0,0.77251107,0.08074274,0.09688651,0.04985974
TAGCACATCACACCGG-1,0.08,0.04,0.0,0.0,0.006281925,0.026614867,0.13288721,0.834216
TAGGAGGAGCTCGGCT-1,0.16,0.08,0.0,0.0,0.03405375,0.13677956,0.6841836,0.14498304
TAGGAGGAGTACCATC-1,0.16,0.08,0.0,0.0,0.16177341,0.3679626,0.11624855,0.3540154
TAGGAGGAGTGACACG-1,0.12,0.04,0.0,0.0,0.025820378,0.37039998,0.43899655,0.16478306
TAGGAGGCAGAAACCG-1,0.12,0.04,0.0,0.0,0.0055317795,0.80912435,0.14686373,0.038480118
TAGGAGGCATTCTGTT-1,0.12,0.04,0.0,0.0,0.10176261,0.3209343,0.31105897,0.2662441
TAGGAGGGTTATGACC-1,0.04,0.04,0.0,0.0,0.25092816,0.18882659,0.26459762,0.29564762
TAGGAGGTCTTGTTAC-1,0.04,0.04,0.0,0.0,0.040219836,0.31967807,0.24869096,0.3914111
TAGGGTTAGTAACAGT-1,0.2,0.08,0.0,0.0,4.776013e-05,0.005137302,0.03946136,0.95535356
TAGGGTTAGTACGTCT-1,0.12,0.04,0.0,0.0,0.12571897,0.27506408,0.4186095,0.18060741
TAGGGTTAGTCATAGA-1,0.12,0.04,0.0,0.0,0.06559212,0.47085232,0.4417119,0.021843625
TAGGGTTCAAAGGAGA-1,0.12,0.04,0.0,0.0,0.04355374,0.5861123,0.25285104,0.11748291
TAGGGTTGTCGATTCA-1,0.12,0.04,0.0,0.0,0.3884655,0.27026543,0.28657216,0.054696873
TAGGGTTTCACCCTTG-1,0.16,0.08,0.0,0.0,0.9847438,0.010217246,0.0044749104,0.0005640701
TAGGGTTTCCGCAACG-1,0.12,0.04,0.0,0.0,0.17667562,0.36849174,0.2824948,0.17233776
TAGGGTTTCGAGATAA-1,0.2,0.08,0.0,0.0,0.09670033,0.17139766,0.59990585,0.13199612
TAGGTACAGGAGGGTG-1,0.16,0.04,0.0,0.0,0.035344858,0.49357626,0.27775997,0.19331886
TAGGTACAGGTATCTC-1,0.12,0.04,0.0,0.0,0.2077985,0.14831972,0.17438357,0.46949825
TAGGTACAGTGCTCAT-1,0.12,0.04,0.0,0.0,0.20292406,0.37814954,0.21674573,0.20218062
TAGGTACCACGACGTC-1,0.04,0.08,0.0,0.0,0.07307601,0.3373439,0.3766486,0.21293151
TAGGTACCACTGGATT-1,0.12,0.04,0.0,0.0,0.30659816,0.6306829,0.050000243,0.012718765
TAGGTACCAGCTATTG-1,0.16,0.08,0.0,0.0,0.25207293,0.49307504,0.18178092,0.07307109
TAGGTACGTTCAAGGG-1,0.16,0.08,0.0,0.0,0.34465274,0.1471068,0.37674695,0.13149346
TAGGTACGTTCCTTGC-1,0.12,0.04,0.0,0.0,0.47235888,0.31305376,0.114124,0.1004634
TAGGTACTCGGTAGGA-1,0.16,0.04,0.0,0.0,0.15405802,0.4131318,0.31921023,0.113599956
TAGGTTGAGAACTTCC-1,0.16,0.08,0.0,0.0,0.13124962,0.611573,0.19508432,0.062093053
TAGGTTGAGACTAAGT-1,0.12,0.04,0.0,0.0,0.34139955,0.16189006,0.23325428,0.2634561
TAGGTTGCAATGACCT-1,0.16,0.08,0.0,0.0,0.0006013773,0.159719,0.1489864,0.69069314
TAGGTTGCACAGTCGC-1,0.12,0.04,0.0,0.0,0.04710119,0.34426042,0.20731275,0.40132564
TAGGTTGCAGCCCAGT-1,0.16,0.04,0.0,0.0,0.07612448,0.55774206,0.24481755,0.1213159
TAGGTTGTCATAAGGA-1,0.16,0.04,0.0,0.0,0.9722874,0.012900051,0.014411965,0.00040057945
TAGGTTGTCTAACGGT-1,0.12,0.04,0.0,0.0,0.06784356,0.5411793,0.1714536,0.21952355
TAGTGCAAGCCAGTAG-1,0.12,0.04,0.0,0.0,0.19683754,0.31235978,0.27797955,0.2128231
TAGTGCACAGCATTGT-1,0.12,0.04,0.0,0.0,0.90022963,0.025673827,0.070797086,0.003299534
TAGTGCACATAGAATG-1,0.12,0.04,0.0,0.0,0.89136183,0.094878815,0.01228523,0.0014741283
TAGTGCACATAGTCGT-1,0.16,0.08,0.0,0.0,0.34178922,0.07628124,0.38676906,0.19516043
TAGTGCAGTATAGCTC-1,0.12,0.04,0.0,0.0,3.7556035e-06,0.0043347776,0.009904787,0.9857567
TAGTGCATCCTAACAG-1,0.12,0.04,0.0,0.0,0.03277001,0.5249176,0.4003515,0.0419609
TAGTGCATCTCATTGT-1,0.16,0.08,0.0,0.0,0.17315668,0.135939,0.5486196,0.14228468
TAGTGCATCTGCGGCA-1,0.08,0.04,0.0,0.0,0.001889654,0.19697957,0.12171724,0.67941356
TATACCTAGAGCACTG-1,0.16,0.04,0.0,0.0,0.09897217,0.6487585,0.19606666,0.056202594
TATACCTAGTCGCGAA-1,0.16,0.04,0.0,0.0,0.6280542,0.25072402,0.1109716,0.010250244
TATACCTCAGCCGTTG-1,0.12,0.04,0.0,0.0,0.08204472,0.49018314,0.40442455,0.023347577
TATACCTCATTCATCT-1,0.12,0.04,0.0,0.0,0.88898104,0.095648736,0.010887396,0.004482876
TATACCTGTTACCCAA-1,0.12,0.04,0.0,0.0,0.027848983,0.25052994,0.48673996,0.2348811
TATACCTGTTTCGTGA-1,0.16,0.08,0.0,0.0,0.067113064,0.14666876,0.09721646,0.6890017
TATACCTTCAGACATC-1,0.2,0.08,0.0,0.0,0.38111666,0.06158452,0.23630364,0.32099518
TATACCTTCTAGAACC-1,0.16,0.04,0.0,0.0,0.00014337996,0.0003809689,0.026837304,0.97263837
TATATCCGTGAGTCAG-1,0.16,0.08,0.0,0.0,0.24934857,0.0800485,0.3099137,0.3606892
TATATCCTCCTAGAGT-1,0.16,0.04,0.0,0.0,0.050329167,0.56086254,0.26661444,0.12219385
TATCAGGCACCGTGCA-1,0.12,0.04,0.0,0.0,0.23901665,0.16296406,0.32610416,0.2719151
TATCAGGCAGTTCACA-1,0.12,0.04,0.0,0.0,0.9672405,0.016340803,0.015488841,0.00092994526
TATCAGGCATCTCATT-1,0.12,0.04,0.0,0.0,0.98695546,0.009949993,0.002871812,0.00022267232
TATCCTACAGAGTAAT-1,0.16,0.08,0.0,0.0,0.29146942,0.08779657,0.43630832,0.18442571
TATCCTACATCTTAGG-1,0.04,0.08,0.0,0.0,0.34426352,0.43651593,0.18984996,0.029370576
TATCCTAGTCTGTCAA-1,0.16,0.04,0.0,0.0,0.29878107,0.33209327,0.26667196,0.1024537
TATCCTAGTGTTGAGG-1,0.16,0.04,0.0,0.0,0.828806,0.0834464,0.04817102,0.03957665
TATCGCCAGAGGCCAT-1,0.12,0.04,0.0,0.0,0.319315,0.23519538,0.38220653,0.06328312
TATCGCCAGAGTGACC-1,0.2,0.08,0.0,0.0,0.02299725,0.016544247,0.4893404,0.47111812
TATCGCCAGCTACTAC-1,0.12,0.04,0.0,0.0,0.028965792,0.81812835,0.12699062,0.025915267
TATCGCCAGTTTGAGA-1,0.12,0.04,0.0,0.0,0.024054442,0.46190146,0.32569692,0.18834719
TATCGCCCAAAGGGCT-1,0.16,0.04,0.0,0.0,0.15498248,0.39241523,0.34042317,0.11217912
TATCGCCCAACCACGC-1,0.12,0.04,0.0,0.0,0.21341436,0.25374725,0.28372765,0.24911073
TATCGCCCACCTATCC-1,0.16,0.08,0.0,0.0,0.1801833,0.21050961,0.2202053,0.38910177
TATCGCCCACTCCTGT-1,0.12,0.04,0.0,0.0,0.9268466,0.013437709,0.058446866,0.001268792
TATCGCCCAGAGTTGG-1,0.16,0.08,0.0,0.0,0.3345759,0.114116795,0.36312917,0.18817817
TATCTGTAGCGCCATC-1,0.12,0.04,0.0,0.0,0.034251306,0.53110844,0.1395968,0.29504344
TATCTGTCAAACGAGC-1,0.16,0.08,0.0,0.0,0.004267352,0.4655742,0.17297088,0.35718754
TATCTGTCATCATCTT-1,0.16,0.08,0.0,0.0,0.6768828,0.1487548,0.13020033,0.04416209
TATCTGTCATTCCTAT-1,0.12,0.04,0.0,0.0,0.10824454,0.31748655,0.25069568,0.3235733
TATCTGTGTAACAGTA-1,0.16,0.04,0.0,0.0,0.9883542,0.0013934989,0.009510702,0.0007415074
TATCTGTGTCCCTAAA-1,0.16,0.04,0.0,0.0,0.117241934,0.43252248,0.32088333,0.12935227
TATCTGTGTGAAAGTT-1,0.12,0.04,0.0,0.0,0.3299967,0.1478687,0.3391413,0.18299323
TATCTGTTCGCATTAG-1,0.16,0.04,0.0,0.0,0.21376467,0.40043926,0.24632227,0.13947383
TATCTGTTCTCCTGTG-1,0.16,0.08,0.0,0.0,0.11018145,0.57914877,0.27022943,0.040440347
TATCTTGAGAGTCAGC-1,0.12,0.04,0.0,0.0,0.92660224,0.060035177,0.011199182,0.0021633243
TATCTTGAGCTGTTCA-1,0.12,0.04,0.0,0.0,0.8684605,0.058073655,0.06928318,0.0041827806
TATCTTGCACCCATAA-1,0.16,0.08,0.0,0.0,0.1352015,0.21923596,0.35324448,0.29231802
TATCTTGCAGCGGTTC-1,0.12,0.04,0.0,0.0,0.12364173,0.3368062,0.4029738,0.13657822
TATCTTGGTCTCAAGT-1,0.16,0.08,0.0,0.0,0.8435087,0.05563924,0.0967949,0.004057173
TATCTTGTCAAACGTC-1,0.12,0.04,0.0,0.0,0.88032293,0.04559384,0.07076088,0.0033224244
TATCTTGTCGCCAGTG-1,0.12,0.04,0.0,0.0,8.122734e-05,0.0033847764,0.03033054,0.9662034
TATCTTGTCTGTCTCG-1,0.12,0.04,0.0,0.0,0.23984022,0.3472624,0.25508714,0.15781024
TATGTTCAGAAACTCA-1,0.2,0.08,0.0,0.0,0.22815111,0.06807641,0.51607233,0.18770015
TATGTTCAGCCGATCC-1,0.12,0.04,0.0,0.0,0.07178635,0.5040045,0.39977518,0.024434036
TATGTTCAGCCGTCGT-1,0.16,0.08,0.0,0.0,0.10802382,0.6906353,0.103294306,0.09804654
TATGTTCAGCTGGCCT-1,0.16,0.08,0.0,0.0,0.07014954,0.7028505,0.14447542,0.082524456
TATGTTCAGGAAGTAG-1,0.16,0.08,0.0,0.0,0.23805615,0.022342293,0.3136132,0.42598838
TATGTTCAGGCATGGT-1,0.16,0.04,0.0,0.0,0.38748214,0.051212877,0.1847095,0.3765955
TATGTTCCAAATGGTA-1,0.04,0.04,0.0,0.0,0.889707,0.055530228,0.050493658,0.004269036
TATGTTCCAAGGTCAG-1,0.16,0.08,0.0,0.0,0.2710654,0.09662906,0.40398473,0.22832082
TATGTTCCAATAGTGA-1,0.16,0.08,0.0,0.0,0.35971552,0.11192409,0.20590824,0.3224521
TATGTTCGTAGAATGT-1,0.16,0.04,0.0,0.0,0.38700175,0.5995205,0.012906065,0.0005716988
TATGTTCGTATACCTG-1,0.12,0.04,0.0,0.0,0.2854376,0.17122345,0.49582538,0.047513556
TATGTTCTCGAGCACC-1,0.12,0.04,0.0,0.0,0.98506063,0.013514184,0.0012724589,0.00015278714
TATGTTCTCGATTCCC-1,0.12,0.04,0.0,0.0,0.02409432,0.5758332,0.3139491,0.08612336
TATGTTCTCGTGGCTG-1,0.16,0.08,0.0,0.0,0.22504339,0.2671553,0.22644818,0.28135315
TATGTTCTCTGCTAGA-1,0.16,0.04,0.0,0.0,0.7904416,0.12563331,0.07449715,0.009427981
TATTCCAAGGAAAGGT-1,0.16,0.04,0.0,0.0,0.04588463,0.75071716,0.16089396,0.04250428
TATTCCACAACTCGTA-1,0.16,0.04,0.0,0.0,0.7609744,0.1565468,0.041309398,0.04116936
TATTCCACACGCGCTA-1,0.08,0.04,0.0,0.0,0.46786615,0.24426116,0.22627592,0.061596796
TATTCCACATTGACAC-1,0.16,0.04,0.0,0.0,0.5871503,0.15773192,0.07871759,0.17640023
TATTCCAGTCAAGCGA-1,0.12,0.04,0.0,0.0,0.9530789,0.022561558,0.02321924,0.0011402135
TATTCCAGTTCTCCAC-1,0.08,0.04,0.0,0.0,0.46276328,0.40059322,0.10742726,0.029216334
TATTCCATCAAGAGTA-1,0.16,0.08,0.0,0.0,0.9961695,0.0008911072,0.0029246379,1.4688721e-05
TATTCCATCGAGAAAT-1,0.12,0.04,0.0,0.0,0.9771796,0.013298932,0.0085321395,0.0009893253
TATTGCTAGCAAATGT-1,0.08,0.04,0.0,0.0,0.44282866,0.10681372,0.28768235,0.16267516
TATTGCTAGCAAGTCG-1,0.04,0.04,0.0,0.0,0.015770605,0.37573913,0.20127684,0.40721348
TATTGCTCATGTTCAG-1,0.12,0.04,0.0,0.0,0.9255562,0.05757901,0.014959401,0.0019053237
TATTGCTGTCGTACAT-1,0.16,0.08,0.0,0.0,0.12330683,0.15051892,0.63354206,0.09263217
TATTGCTGTTTCTATC-1,0.12,0.04,0.0,0.0,0.56409574,0.2770105,0.13492824,0.023965495
TATTGGGAGTAAACAC-1,0.16,0.08,0.0,0.0,0.27773106,0.28744477,0.18432541,0.25049883
TATTGGGAGTCCTGCG-1,0.12,0.04,0.0,0.0,0.9837282,0.008662175,0.0070601185,0.00054947485
TATTGGGCATCGATAC-1,0.16,0.08,0.0,0.0,0.3285698,0.2903134,0.18466267,0.19645417
TATTGGGGTAATGTGA-1,0.12,0.04,0.0,0.0,0.124408334,0.2772372,0.4896069,0.10874763
TATTGGGGTATCGCTA-1,0.08,0.04,0.0,0.0,0.010826379,0.87498534,0.07797921,0.036209017
TATTGGGGTGACCTGC-1,0.12,0.04,0.0,0.0,0.12313138,0.37765926,0.32330486,0.17590447
TATTGGGGTTTACTGG-1,0.16,0.08,0.0,0.0,0.08818982,0.35674742,0.42738163,0.12768117
TATTGGGGTTTCCAAG-1,0.16,0.08,0.0,0.0,0.22263297,0.18744251,0.33045,0.2594745
TATTGGGTCACCATCC-1,0.08,0.04,0.0,0.0,0.83512086,0.085881755,0.056188196,0.02280917
TATTGGGTCCATTTAC-1,0.12,0.04,0.0,0.0,0.08036125,0.4509068,0.33916876,0.1295632
TATTGGGTCGCAACAT-1,0.16,0.04,0.0,0.0,0.16223256,0.34201187,0.1778846,0.31787094
TATTGGGTCTAGTTCT-1,0.12,0.04,0.0,0.0,0.0034895523,0.07432794,0.11437485,0.8078077
TATTTCGCAGAAATCA-1,0.16,0.08,0.0,0.0,0.1592949,0.14122479,0.5921566,0.10732373
TATTTCGGTACTAAGA-1,0.16,0.08,0.0,0.0,0.2650444,0.14009105,0.44732258,0.14754198
TATTTCGGTAGTCTGT-1,0.24,0.08,0.0,0.0,0.32362768,0.105827115,0.31306857,0.2574766
TATTTCGGTCGGCCTA-1,0.16,0.04,0.0,0.0,0.34702075,0.044428423,0.21699888,0.39155194
TATTTCGGTGGTCTGC-1,0.16,0.08,0.0,0.0,0.13539717,0.5287076,0.3021571,0.033738073
TATTTCGGTTCAGGTT-1,0.12,0.04,0.0,0.0,0.96965843,0.024923474,0.0036651068,0.001753051
TCAAGACAGTCACGCC-1,0.16,0.04,0.0,0.0,0.22153135,0.49718076,0.24148111,0.039806798
TCAAGACGTCGAACAG-1,0.16,0.04,0.0,0.0,0.035829864,0.6164722,0.25899878,0.08869914
TCAAGACTCTTTCCAA-1,0.12,0.04,0.0,0.0,0.9667358,0.009569484,0.023126438,0.0005683214
TCAAGCAAGGACTAAT-1,0.16,0.04,0.0,0.0,0.97452456,0.01848388,0.006259188,0.00073249964
TCAAGCAAGTCATACC-1,0.16,0.08,0.0,0.0,0.024083385,0.8300391,0.11357141,0.032306105
TCAAGCACAGACCTAT-1,0.16,0.04,0.0,0.0,0.18817288,0.38083288,0.20587102,0.2251232
TCAAGCAGTTTCCCAC-1,0.12,0.04,0.0,0.0,0.98429453,0.011994655,0.0032735195,0.0004373342
TCAAGCATCAGGTAAA-1,0.16,0.04,0.0,0.0,0.14984822,0.508732,0.11603919,0.22538063
TCAAGCATCATCCCGT-1,0.16,0.04,0.0,0.0,0.018418783,0.66025937,0.21808325,0.10323855
TCAAGCATCGGCAGTC-1,0.16,0.04,0.0,0.0,0.92255104,0.022807926,0.052075896,0.0025650777
TCAAGTGAGTGAGTGC-1,0.16,0.04,0.0,0.0,0.3860741,0.12357715,0.2329629,0.25738582
TCAAGTGCAACCAGAG-1,0.12,0.04,0.0,0.0,0.991731,0.0018884188,0.0063422974,3.8306895e-05
TCAAGTGCAATACAGA-1,0.16,0.08,0.0,0.0,0.09616574,0.5716724,0.13144676,0.20071511
TCAAGTGCAGCATACT-1,0.16,0.04,0.0,0.0,0.00023221041,0.2484812,0.1270875,0.6241991
TCAAGTGCATGATCTG-1,0.12,0.04,0.0,0.0,0.9960467,0.0035090912,0.00038436323,5.980016e-05
TCAAGTGGTAGCGAGT-1,0.16,0.08,0.0,0.0,0.19593264,0.26516032,0.38640937,0.15249765
TCAAGTGGTGGCCACT-1,0.16,0.08,0.0,0.0,0.34576777,0.10656699,0.2560281,0.2916372
TCAAGTGTCCACGTGG-1,0.16,0.08,0.0,0.0,0.06615793,0.11717217,0.39967954,0.41699043
TCAAGTGTCGTGCGAC-1,0.16,0.04,0.0,0.0,0.32990628,0.40037313,0.18701373,0.08270687
TCAAGTGTCGTTAGTG-1,0.16,0.04,0.0,0.0,0.09996846,0.25398022,0.56801224,0.0780391
TCAATCTAGATTGGGC-1,0.2,0.08,0.0,0.0,0.047432173,0.16435292,0.5711477,0.21706724
TCAATCTAGCCGTAAG-1,0.12,0.04,0.0,0.0,0.47639212,0.13771217,0.23685834,0.14903733
TCAATCTAGTGCTCGC-1,0.12,0.04,0.0,0.0,0.87434083,0.08716856,0.034369312,0.004121294
TCAATCTCAACACGAG-1,0.16,0.08,0.0,0.0,0.018169837,0.113601364,0.12834387,0.7398849
TCAATCTCAATACAGA-1,0.12,0.04,0.0,0.0,0.76801425,0.18846056,0.04255697,0.0009682331
TCAATCTCAGCTACAT-1,0.12,0.04,0.0,0.0,3.8125334e-05,0.0072638476,0.07827125,0.91442674
TCAATCTGTTCGGTTA-1,0.12,0.04,0.0,0.0,0.079404145,0.35380796,0.28500265,0.28178525
TCAATCTTCACTTGGA-1,0.12,0.04,0.0,0.0,5.195911e-06,0.010041119,0.03992896,0.9500247
TCAATCTTCGCCAGAC-1,0.04,0.04,0.0,0.0,0.0009169504,0.04997619,0.10609359,0.8430133
TCAATTCAGAAAGTCT-1,0.16,0.08,0.0,0.0,0.13497159,0.5899235,0.10355859,0.17154631
TCAATTCAGAGAAGGT-1,0.2,0.08,0.0,0.0,0.31421122,0.16693561,0.5007698,0.018083347
TCAATTCAGAGTATAC-1,0.12,0.04,0.0,0.0,0.90761185,0.02004435,0.055432912,0.016910847
TCAATTCAGCCGATAG-1,0.2,0.08,0.0,0.0,0.07362684,0.55037767,0.29784226,0.0781532
TCAATTCAGCTGAGTG-1,0.16,0.08,0.0,0.0,0.27944067,0.13676585,0.35364395,0.23014955
TCAATTCAGTATCCTG-1,0.12,0.04,0.0,0.0,0.3479072,0.54739153,0.09441762,0.010283644
TCAATTCAGTCCCTAA-1,0.16,0.08,0.0,0.0,0.13726014,0.19821806,0.42401215,0.2405097
TCAATTCAGTGATAGT-1,0.2,0.08,0.0,0.0,0.1238596,0.31235313,0.46274173,0.10104555
TCAATTCCAATCTGCA-1,0.16,0.04,0.0,0.0,3.6431555e-08,0.0001190818,0.0019367771,0.99794406
TCAATTCCACCTTCGT-1,0.16,0.08,0.0,0.0,0.13750717,0.12223486,0.29762217,0.44263586
TCAATTCCACGAGAAC-1,0.12,0.04,0.0,0.0,0.4397995,0.040180802,0.21756953,0.3024502
TCAATTCGTCACCGAC-1,0.12,0.04,0.0,0.0,0.071593426,0.53015,0.18717015,0.2110864
TCAATTCGTCTGTCCT-1,0.16,0.08,0.0,0.0,0.0003375678,0.009783249,0.9088609,0.08101827
TCAATTCGTTCTCGCT-1,0.16,0.08,0.0,0.0,0.17821835,0.40912953,0.22540274,0.18724935
TCACAAGCAATACAGA-1,0.16,0.04,0.0,0.0,0.048945446,0.2849111,0.45048103,0.21566238
TCACAAGCATCGAACT-1,0.16,0.08,0.0,0.0,0.99968326,0.00011183733,0.00020465779,4.100962e-07
TCACAAGCATGCGTGC-1,0.16,0.08,0.0,0.0,0.12503386,0.48185107,0.32658517,0.06652983
TCACAAGGTACGGTTT-1,0.12,0.04,0.0,0.0,0.1819266,0.7359361,0.06476083,0.017376473
TCACAAGTCGCAAGAG-1,0.12,0.04,0.0,0.0,0.10741914,0.5913774,0.16759498,0.13360852
TCACAAGTCGCAATGT-1,0.12,0.04,0.0,0.0,0.013467289,0.9274228,0.047049437,0.012060408
TCACACCCAATACGAA-1,0.12,0.04,0.0,0.0,0.3369669,0.1270145,0.17801425,0.35800433
TCACACCCACCGTACG-1,0.12,0.04,0.0,0.0,0.18508796,0.35329932,0.19889215,0.26272056
TCACACCCACTGGCGT-1,0.12,0.04,0.0,0.0,0.022182172,0.5424192,0.23188195,0.20351677
TCACACCGTAATACCC-1,0.12,0.04,0.0,0.0,0.96484995,0.029819816,0.0032515258,0.0020787776
TCACACCGTCCACAGC-1,0.12,0.04,0.0,0.0,0.022018485,0.62418336,0.29011407,0.06368402
TCACACCGTCCATACA-1,0.16,0.08,0.0,0.0,0.9833619,0.012471457,0.0040650168,0.00010168757
TCACACCGTGATCGTT-1,0.2,0.08,0.0,0.0,0.23266551,0.09594525,0.47116768,0.2002216
TCACACCGTGCCCGTA-1,0.16,0.04,0.0,0.0,0.41161442,0.3033093,0.27625018,0.008826067
TCACACCTCCACTGAA-1,0.12,0.04,0.0,0.0,0.040935688,0.06706522,0.52783716,0.36416197
TCACATTAGAGTGTTA-1,0.16,0.04,0.0,0.0,0.21026917,0.33988303,0.12639987,0.32344797
TCACATTAGGCACGAT-1,0.12,0.04,0.0,0.0,0.0019672094,0.036801163,0.01918725,0.9420443
TCACATTAGGTATAGT-1,0.16,0.08,0.0,0.0,0.1133705,0.40499872,0.44657436,0.035056368
TCACATTGTACAGCGA-1,0.12,0.04,0.0,0.0,0.11064587,0.48247898,0.28687724,0.119997874
TCACATTGTACGACTT-1,0.12,0.04,0.0,0.0,0.014059874,0.8972257,0.065160915,0.023553416
TCACATTGTCACTTCC-1,0.16,0.04,0.0,0.0,0.51525277,0.032662436,0.3512529,0.10083187
TCACATTGTGACATCT-1,0.16,0.08,0.0,0.0,0.07687943,0.5470553,0.21843307,0.15763216
TCACATTGTGAGGATC-1,0.16,0.04,0.0,0.0,0.003615955,0.1878143,0.123562254,0.6850075
TCACATTGTTCTCTCG-1,0.12,0.04,0.0,0.0,0.949512,0.02077549,0.026822638,0.0028898802
TCACATTTCGGCATAT-1,0.16,0.04,0.0,0.0,0.09777119,0.33715382,0.35713634,0.20793864
TCACGCTAGTCGCGAA-1,0.16,0.08,0.0,0.0,0.14555465,0.58924454,0.19320087,0.07199991
TCACGCTCACAATTCG-1,0.2,0.08,0.0,0.0,0.29662985,0.09416209,0.35544708,0.25376096
TCACGCTCATTGTCGA-1,0.12,0.04,0.0,0.0,0.047925755,0.45888054,0.44718355,0.04601006
TCACGCTGTAGTACGG-1,0.16,0.08,0.0,0.0,0.37473482,0.078651,0.24538656,0.30122766
TCACGCTGTGACTAAA-1,0.16,0.08,0.0,0.0,0.1060806,0.24887791,0.29401767,0.3510238
TCACGCTGTGAGGATC-1,0.12,0.04,0.0,0.0,0.14550523,0.18897738,0.5254854,0.14003195
TCACGCTTCACGTAGT-1,0.16,0.04,0.0,0.0,0.10974502,0.034243535,0.72021705,0.13579434
TCACGCTTCCTTTGAT-1,0.16,0.08,0.0,0.0,0.029356854,0.33564067,0.5175062,0.11749631
TCACGGGAGAGGGTAA-1,0.16,0.08,0.0,0.0,0.28168342,0.11610699,0.21201925,0.39019036
TCACGGGAGCCTATTG-1,0.16,0.08,0.0,0.0,0.9997795,9.270296e-05,0.00012737715,3.1969495e-07
TCACGGGGTAGTCTTG-1,0.16,0.08,0.0,0.0,0.18831708,0.26244774,0.14916645,0.4000687
TCACGGGTCTTCGCTG-1,0.12,0.04,0.0,0.0,0.8771354,0.11181056,0.0089862,0.0020678304
TCACTATAGGCGCTCT-1,0.16,0.08,0.0,0.0,0.19056539,0.055559628,0.58957535,0.1642996
TCACTATAGGTTAAAC-1,0.16,0.08,0.0,0.0,0.9127261,0.07917566,0.007865797,0.00023252437
TCACTATCAATGTCAC-1,0.08,0.04,0.0,0.0,0.8630757,0.03039859,0.081244305,0.02528138
TCACTATCATGAGGGT-1,0.16,0.04,0.0,0.0,0.08023602,0.38613123,0.30144036,0.23219244
TCACTCGAGATACCAA-1,0.16,0.04,0.0,0.0,0.3282671,0.44694686,0.1810826,0.043703366
TCACTCGAGTACCATC-1,0.16,0.04,0.0,0.0,0.07325312,0.30128905,0.3577236,0.26773417
TCACTCGAGTCCTACA-1,0.16,0.08,0.0,0.0,0.6271406,0.1597853,0.16818184,0.04489227
TCACTCGCAACCGGAA-1,0.16,0.08,0.0,0.0,0.23956928,0.32452005,0.16744238,0.26846835
TCACTCGCAAGTATAG-1,0.16,0.04,0.0,0.0,0.19154412,0.42677507,0.26383185,0.117848955
TCACTCGGTAGCCCTG-1,0.12,0.04,0.0,0.0,0.9999119,4.207669e-05,4.498436e-05,1.0830457e-06
TCACTCGGTATAGCTC-1,0.12,0.04,0.0,0.0,0.055445995,0.7902422,0.059106577,0.09520529
TCACTCGGTTAAACCC-1,0.16,0.08,0.0,0.0,0.1508239,0.39211446,0.2653918,0.19166991
TCACTCGTCCGTATAG-1,0.16,0.04,0.0,0.0,0.0042797104,0.80185366,0.18203172,0.011835008
TCAGCAAAGATAGCTA-1,0.12,0.04,0.0,0.0,0.1972144,0.011402214,0.33191133,0.459472
TCAGCAACAGCTATTG-1,0.12,0.04,0.0,0.0,0.32788712,0.13794787,0.15180251,0.38236248
TCAGCAACATGGCCCA-1,0.12,0.04,0.0,0.0,0.92242557,0.0318352,0.04175511,0.0039841067
TCAGCAAGTGACTCTA-1,0.12,0.04,0.0,0.0,0.15304524,0.5021598,0.19176525,0.15302968
TCAGCAATCCCTCATG-1,0.12,0.04,0.0,0.0,0.12836544,0.5060161,0.28586245,0.07975603
TCAGCAATCCGCATAA-1,0.16,0.04,0.0,0.0,0.96441,0.01812039,0.015424858,0.0020448193
TCAGCAATCCTGATAG-1,0.12,0.04,0.0,0.0,0.0033071458,0.58646905,0.23539454,0.17482921
TCAGCAATCCTGTAGA-1,0.16,0.08,0.0,0.0,0.20705074,0.03221859,0.3249432,0.4357875
TCAGCCTCAGAGCTAG-1,0.16,0.08,0.0,0.0,0.33310494,0.17478761,0.1279406,0.36416677
TCAGCCTGTCACGTGC-1,0.16,0.04,0.0,0.0,0.07080102,0.45093268,0.23618656,0.24207973
TCAGCCTTCACTCTTA-1,0.16,0.04,0.0,0.0,0.7962431,0.02205579,0.045156244,0.13654482
TCAGCCTTCCGCGATG-1,0.16,0.08,0.0,0.0,0.22955565,0.19543368,0.32528704,0.24972366
TCAGCCTTCCTGTAAG-1,0.16,0.08,0.0,0.0,0.09814601,0.69058704,0.13151357,0.079753384
TCAGCCTTCTGTGCAA-1,0.12,0.04,0.0,0.0,4.0966647e-06,0.024502896,0.015994726,0.95949835
TCAGCCTTCTTAGCAG-1,0.16,0.04,0.0,0.0,0.16438055,0.44368544,0.059555773,0.33237827
TCAGGGCAGGCACGAT-1,0.16,0.04,0.0,0.0,0.26704296,0.3433493,0.34550276,0.044104986
TCAGGGCCAGACCCGT-1,0.16,0.04,0.0,0.0,0.2662403,0.3340132,0.18358831,0.21615826
TCAGGGCGTCCCTGAG-1,0.16,0.04,0.0,0.0,0.9271008,0.044307083,0.02836153,0.00023070442
TCAGGGCGTCCGACGT-1,0.16,0.08,0.0,0.0,0.18597299,0.1011283,0.49482295,0.21807574
TCAGGGCTCAGCGGAA-1,0.16,0.08,0.0,0.0,0.0072885267,0.45512217,0.3736679,0.16392145
TCAGGTAAGTCCCAGC-1,0.16,0.04,0.0,0.0,0.06643425,0.53420216,0.19403505,0.20532854
TCAGGTACATACATCG-1,0.16,0.04,0.0,0.0,0.117303655,0.13428222,0.63184845,0.11656568
TCAGGTAGTCCCGGTA-1,0.16,0.04,0.0,0.0,0.17479804,0.44431585,0.30700013,0.07388592
TCAGGTAGTGAGACCA-1,0.16,0.08,0.0,0.0,3.7705684e-06,0.00526898,0.018041985,0.9766852
TCAGTCCAGATGACAT-1,0.12,0.04,0.0,0.0,0.02299784,0.6894964,0.25394744,0.033558413
TCAGTCCAGGACAGTC-1,0.16,0.08,0.0,0.0,0.11359588,0.1241277,0.6051746,0.15710182
TCAGTCCCAAGTACCT-1,0.16,0.04,0.0,0.0,0.0873818,0.63463384,0.19388524,0.0840991
TCAGTCCCATGAGTAA-1,0.04,0.04,0.0,0.0,0.008393159,0.28922525,0.17418239,0.5281992
TCAGTCCGTGTAAACA-1,0.12,0.04,0.0,0.0,0.9187012,0.032921154,0.042784207,0.005593455
TCAGTCCGTTAAACCC-1,0.16,0.08,0.0,0.0,0.7708203,0.17674537,0.050370954,0.0020633591
TCAGTCCGTTTCGACA-1,0.12,0.04,0.0,0.0,0.21713527,0.06290085,0.34544727,0.37451664
TCAGTCCTCCACGGAC-1,0.12,0.04,0.0,0.0,0.008686277,0.014401306,0.12667543,0.85023695
TCAGTCCTCCTGGTCT-1,0.16,0.08,0.0,0.0,0.59964323,0.14451264,0.09630688,0.1595373
TCAGTCCTCGCACTCT-1,0.16,0.04,0.0,0.0,0.98090106,0.010813368,0.008185745,9.9869474e-05
TCAGTCCTCGCCTATC-1,0.12,0.04,0.0,0.0,0.0001608715,0.01145823,0.07995331,0.90842754
TCAGTCCTCTAGTGTG-1,0.12,0.04,0.0,0.0,0.9904316,0.0046635177,0.004459697,0.0004452859
TCAGTGAGTAATCAGA-1,0.16,0.04,0.0,0.0,0.094577044,0.36581317,0.48595542,0.053654373
TCAGTGAGTACGATTC-1,0.16,0.04,0.0,0.0,0.13113925,0.26352283,0.4984495,0.10688834
TCAGTTTAGAGATCGC-1,0.16,0.08,0.0,0.0,0.2947731,0.13470486,0.23763214,0.3328899
TCAGTTTAGAGTTGTA-1,0.16,0.08,0.0,0.0,0.10569861,0.5308306,0.26944336,0.09402738
TCAGTTTCAATCTAGC-1,0.16,0.08,0.0,0.0,3.9684523e-06,0.0013736562,0.027700525,0.97092193
TCAGTTTCACAGCCAC-1,0.16,0.04,0.0,0.0,0.9719438,0.0009951175,0.026402121,0.0006589065
TCAGTTTCACTTTATC-1,0.16,0.08,0.0,0.0,0.07752307,0.45080116,0.33288106,0.13879474
TCAGTTTCAGTCACGC-1,0.16,0.04,0.0,0.0,0.2843999,0.035598036,0.1664372,0.5135649
TCAGTTTCATGATCTG-1,0.12,0.04,0.0,0.0,0.5804961,0.1224511,0.21845081,0.07860205
TCAGTTTGTAAGTTGA-1,0.16,0.08,0.0,0.0,1.18902586e-08,0.00027661794,0.0011483589,0.998575
TCAGTTTGTCGCACAC-1,0.12,0.04,0.0,0.0,0.15956976,0.10499377,0.29897884,0.43645757
TCAGTTTGTTACTCAG-1,0.16,0.08,0.0,0.0,2.688868e-07,0.00042801295,0.002304458,0.99726725
TCAGTTTGTTTACTTC-1,0.12,0.04,0.0,0.0,0.07429306,0.2661037,0.19744365,0.46215954
TCATACTAGACCAGCA-1,0.12,0.04,0.0,0.0,0.9918119,0.004318149,0.0037406997,0.0001293875
TCATACTAGACTCCGC-1,0.16,0.08,0.0,0.0,0.17207544,0.5455277,0.1902424,0.092154525
TCATACTAGGTTCAGG-1,0.16,0.08,0.0,0.0,0.12769748,0.27295208,0.35976422,0.2395862
TCATACTAGGTTGACG-1,0.12,0.04,0.0,0.0,0.9619233,0.026757812,0.008155059,0.003163787
TCATACTAGTAAGACT-1,0.12,0.04,0.0,0.0,0.9080719,0.043842178,0.040911503,0.007174498
TCATACTCAACGCATT-1,0.16,0.04,0.0,0.0,0.11822925,0.27658316,0.29208755,0.31310007
TCATACTCACTGTCGG-1,0.04,0.12,0.0,0.0,0.05778646,0.63925683,0.1722276,0.13072915
TCATACTGTTTGGCTA-1,0.16,0.08,0.0,0.0,0.27726808,0.102580026,0.4012172,0.21893476
TCATACTTCAGCGTCG-1,0.16,0.04,0.0,0.0,0.16579545,0.24554192,0.3980623,0.19060035
TCATATCAGACCTTTG-1,0.12,0.04,0.0,0.0,0.9559972,0.014981712,0.02764023,0.0013808524
TCATATCAGCCTCTCT-1,0.12,0.04,0.0,0.0,0.36104253,0.38504878,0.21660167,0.037307024
TCATATCAGCTGAAGC-1,0.16,0.08,0.0,0.0,0.5219343,0.03102224,0.27972925,0.16731422
TCATATCAGTACTCGT-1,0.16,0.04,0.0,0.0,0.117105775,0.32804167,0.40341812,0.15143442
TCATATCAGTTCCGTA-1,0.12,0.04,0.0,0.0,0.121564925,0.28700918,0.12922941,0.46219653
TCATATCCAGGTGGAT-1,0.12,0.04,0.0,0.0,0.84681606,0.06746986,0.07919772,0.0065163793
TCATATCGTCGCATTA-1,0.12,0.04,0.0,0.0,0.9944404,0.0035825637,0.0019472209,2.969653e-05
TCATATCGTCTTTATC-1,0.12,0.04,0.0,0.0,0.87205213,0.09840053,0.02477233,0.0047748955
TCATATCGTGTACGCC-1,0.16,0.08,0.0,0.0,5.2428345e-10,0.0004886875,0.0012917259,0.99821955
TCATATCTCATTTCGT-1,0.16,0.04,0.0,0.0,0.020631803,0.75933677,0.17336862,0.046662875
TCATATCTCGCCGTGA-1,0.16,0.08,0.0,0.0,0.0010213748,0.08248352,0.07347903,0.8430161
TCATCATAGCGCAATG-1,0.16,0.04,0.0,0.0,0.00073631847,0.21814704,0.52684224,0.2542744
TCATCATAGTCTACCA-1,0.12,0.04,0.0,0.0,0.02169984,0.6232462,0.22722095,0.127833
TCATCATCAGAGTTGG-1,0.12,0.04,0.0,0.0,0.3678494,0.42678136,0.16117308,0.04419616
TCATCATTCCATTTAC-1,0.08,0.04,0.0,0.0,0.09491693,0.32423025,0.460864,0.119988784
TCATCATTCGTTCCCA-1,0.16,0.04,0.0,0.0,0.1386521,0.47694463,0.20505042,0.17935282
TCATCCGCACTGTTCC-1,0.08,0.04,0.0,0.0,0.29841784,0.58329415,0.07682444,0.0414635
TCATCCGGTGGGTATG-1,0.12,0.04,0.0,0.0,0.061076436,0.37102154,0.4103912,0.15751074
TCATCCGGTTCCTAGA-1,0.12,0.04,0.0,0.0,0.06293927,0.591661,0.08093222,0.2644676
TCATCCGTCCGAGCTG-1,0.16,0.08,0.0,0.0,0.2599284,0.24179116,0.37348494,0.12479548
TCATCCGTCTTTACAC-1,0.16,0.08,0.0,0.0,0.44612813,0.090069115,0.29059082,0.17321193
TCATGAGAGTAAGCAT-1,0.12,0.04,0.0,0.0,0.12372326,0.5096685,0.22161879,0.1449894
TCATGAGGTCTCCCTA-1,0.16,0.04,0.0,0.0,0.14242911,0.53871346,0.091858566,0.22699884
TCATGAGTCATTCCTA-1,0.16,0.04,0.0,0.0,0.042726286,0.22008081,0.19427083,0.5429221
TCATGAGTCCGCGAGT-1,0.16,0.08,0.0,0.0,0.023361782,0.13226031,0.13267773,0.7117002
TCATGAGTCCGCGATG-1,0.12,0.04,0.0,0.0,0.14517649,0.35303512,0.3390983,0.16269012
TCATGAGTCCTGCTAC-1,0.16,0.04,0.0,0.0,0.29038292,0.26694626,0.41771924,0.024951547
TCATGAGTCTTTCCAA-1,0.04,0.04,0.0,0.0,0.2752493,0.20683303,0.2693928,0.24852487
TCATGCCAGGAAACGA-1,0.08,0.04,0.0,0.0,0.00064353895,0.07201433,0.072219126,0.85512304
TCATGCCAGGCACGAT-1,0.12,0.04,0.0,0.0,0.08929547,0.117914945,0.34414262,0.44864696
TCATGCCAGGGTGGGA-1,0.12,0.04,0.0,0.0,0.077096805,0.80420333,0.1042991,0.014400782
TCATGCCCAGATTTCG-1,0.16,0.04,0.0,0.0,0.20379388,0.08295826,0.50157315,0.21167465
TCATGCCCAGGATCTT-1,0.16,0.08,0.0,0.0,0.12970586,0.594067,0.21076567,0.06546149
TCATGCCGTGTCCACG-1,0.2,0.08,0.0,0.0,0.35054466,0.14898892,0.23644476,0.2640217
TCATGCCTCCCTTCCC-1,0.16,0.08,0.0,0.0,2.2831884e-05,0.0056209764,0.017175747,0.97718036
TCATGCCTCCTCGATC-1,0.16,0.08,0.0,0.0,0.12888227,0.31587085,0.46423876,0.09100807
TCATGCCTCTAGTCAG-1,0.16,0.04,0.0,0.0,0.9951492,0.0024617051,0.0021268094,0.0002622789
TCATGCCTCTGACCCT-1,0.12,0.04,0.0,0.0,0.875598,0.08311884,0.025524907,0.015758239
TCATGGAAGCAGCAGT-1,0.16,0.08,0.0,0.0,0.30906668,0.09264501,0.37348115,0.22480714
TCATGGAAGGAAGTAG-1,0.16,0.08,0.0,0.0,0.00067324,0.028257014,0.078630954,0.8924388
TCATGGACAGCGGATA-1,0.12,0.04,0.0,0.0,0.25167114,0.1895065,0.08686534,0.47195694
TCATGGACAGGCAATG-1,0.12,0.04,0.0,0.0,0.28328076,0.59574753,0.07898639,0.041985385
TCATGGACAGTAGTGG-1,0.12,0.04,0.0,0.0,0.097002104,0.3616113,0.35517555,0.18621105
TCATGGATCTCATAGG-1,0.12,0.04,0.0,0.0,0.0059354748,0.9642758,0.016469555,0.013319257
TCATGGATCTGATGGT-1,0.16,0.08,0.0,0.0,0.9979298,0.0008520443,0.0012132544,4.8586744e-06
TCATGTTAGTGCAGGT-1,0.16,0.08,0.0,0.0,0.7882578,0.13999818,0.070249245,0.001494716
TCATGTTCAATCGTCA-1,0.16,0.04,0.0,0.0,0.7359121,0.038773414,0.16240145,0.06291308
TCATGTTCACCCTGAG-1,0.16,0.08,0.0,0.0,0.99741423,0.00061677315,0.0018113792,0.00015769342
TCATGTTCACGTACTA-1,0.2,0.08,0.0,0.0,0.44126758,0.04656224,0.36397973,0.14819048
TCATGTTCAGATCATC-1,0.12,0.04,0.0,0.0,0.018960835,0.87570477,0.06713123,0.03820315
TCATGTTGTAATCAGA-1,0.16,0.04,0.0,0.0,0.10361524,0.049633984,0.82507,0.021680852
TCATGTTGTACAGAGC-1,0.16,0.08,0.0,0.0,0.045005962,0.84078914,0.087432235,0.026772724
TCATGTTGTCAGGTGA-1,0.04,0.04,0.0,0.0,0.81846154,0.14225087,0.02085831,0.018429292
TCATGTTGTCGTGATT-1,0.12,0.04,0.0,0.0,0.0130005125,0.12813118,0.76377696,0.09509139
TCATGTTTCATGGGAG-1,0.16,0.08,0.0,0.0,0.11289852,0.56293344,0.2468218,0.077346236
TCATGTTTCGTACCTC-1,0.12,0.04,0.0,0.0,0.20508255,0.11437118,0.21432595,0.46622026
TCATTACCAAAGGATT-1,0.12,0.04,0.0,0.0,0.07564642,0.08606832,0.7694577,0.06882753
TCATTACGTAGAAACT-1,0.08,0.04,0.0,0.0,0.067897856,0.43072304,0.3098594,0.19151978
TCATTACGTATGACAA-1,0.12,0.04,0.0,0.0,0.93170846,0.052006748,0.014551622,0.0017332155
TCATTACTCAGCTAGT-1,0.16,0.04,0.0,0.0,0.3868554,0.5473524,0.029139088,0.036653135
TCATTCAAGATGACAT-1,0.16,0.08,0.0,0.0,0.085773885,0.596664,0.10930172,0.20826037
TCATTCAAGCATCTTG-1,0.12,0.04,0.0,0.0,0.060824,0.070147954,0.7993376,0.06969045
TCATTCAAGCTCCCTT-1,0.16,0.08,0.0,0.0,0.016569328,0.0074718604,0.078156844,0.89780194
TCATTCAAGTATTCCG-1,0.08,0.04,0.0,0.0,0.31623366,0.5035453,0.16324545,0.016975675
TCATTCACACAAGTGG-1,0.16,0.04,0.0,0.0,0.42489356,0.2930503,0.23590817,0.04614797
TCATTCAGTATCGAAA-1,0.08,0.04,0.0,0.0,0.024855673,0.4325966,0.3506413,0.19190645
TCATTCAGTCCGGATC-1,0.12,0.04,0.0,0.0,0.800251,0.16690119,0.028715888,0.004131957
TCATTCAGTTGGGATG-1,0.12,0.04,0.0,0.0,0.14967509,0.5055325,0.12523705,0.21955533
TCATTCATCAAGCTTG-1,0.12,0.04,0.0,0.0,0.9783465,0.015394368,0.0056171557,0.0006420391
TCATTGTAGGGTTAGC-1,0.12,0.04,0.0,0.0,0.036455486,0.6990638,0.14212212,0.12235853
TCATTGTGTATCGATC-1,0.16,0.04,0.0,0.0,0.8848986,0.072863676,0.019735508,0.022502217
TCATTGTGTGAGTTGG-1,0.16,0.04,0.0,0.0,0.11601971,0.3680238,0.44681978,0.06913665
TCATTGTGTTCAAAGA-1,0.16,0.08,0.0,0.0,0.98897654,0.0023082772,0.008320969,0.00039427684
TCATTGTTCAAGTCTG-1,0.12,0.04,0.0,0.0,0.11864117,0.4445591,0.28661728,0.15018238
TCATTGTTCAGCCTCT-1,0.04,0.04,0.0,0.0,0.1022825,0.25484976,0.59567624,0.047191527
TCATTGTTCCCAAGTA-1,0.12,0.04,0.0,0.0,0.06529652,0.43140084,0.23082319,0.2724795
TCATTGTTCCGATGCG-1,0.24,0.08,0.0,0.0,0.3187434,0.12988777,0.52215147,0.029217396
TCATTTGAGCCACCGT-1,0.12,0.04,0.0,0.0,0.29876846,0.06734393,0.24557051,0.3883171
TCATTTGAGGCCGCTT-1,0.16,0.04,0.0,0.0,0.0018872168,0.036896396,0.29777414,0.66344225
TCATTTGCAGTTGAAA-1,0.12,0.04,0.0,0.0,0.9775457,0.017149819,0.004563206,0.00074123713
TCATTTGCATCCGGTG-1,0.08,0.04,0.0,0.0,0.67386824,0.19206917,0.10938734,0.024675226
TCATTTGGTGAGACGT-1,0.16,0.08,0.0,0.0,0.16036253,0.30642253,0.3225335,0.21068145
TCCACCAAGAAATGGG-1,0.16,0.04,0.0,0.0,0.9833651,0.007818334,0.008574816,0.00024172939
TCCACCACAGAAACCG-1,0.16,0.08,0.0,0.0,0.0074792965,0.10486523,0.13644387,0.7512116
TCCACCAGTCCGCAGT-1,0.12,0.04,0.0,0.0,0.05232998,0.0822632,0.11403756,0.75136924
TCCACCATCGTCCTTG-1,0.12,0.04,0.0,0.0,0.09392887,0.5643078,0.12333435,0.21842892
TCCACCATCTATGCCC-1,0.16,0.08,0.0,0.0,0.05998569,0.56962174,0.24367827,0.12671433
TCCACGTAGGTTATAG-1,0.16,0.08,0.0,0.0,0.3125459,0.12872964,0.39887735,0.1598471
TCCACGTCATCGATAC-1,0.16,0.04,0.0,0.0,0.09688349,0.5390318,0.26281384,0.10127085
TCCACGTCATGACCCG-1,0.12,0.04,0.0,0.0,0.19042322,0.1581742,0.52793455,0.12346798
TCCAGAAAGACGGATC-1,0.12,0.04,0.0,0.0,0.58067167,0.071931645,0.23505028,0.11234639
TCCAGAACAAATGCTC-1,0.12,0.0,0.0,0.0,0.15313545,0.4614138,0.34726787,0.03818296
TCCAGAACATCACAGT-1,0.16,0.08,0.0,0.0,0.061911345,0.3551227,0.46630096,0.11666503
TCCAGAACATTCATCT-1,0.12,0.04,0.0,0.0,0.00035794984,0.042206414,0.13105318,0.8263824
TCCAGAAGTATCTCGA-1,0.16,0.04,0.0,0.0,0.38918272,0.05450758,0.3036799,0.25262982
TCCAGAAGTCAACATC-1,0.12,0.04,0.0,0.0,0.59983677,0.31823182,0.07494771,0.006983749
TCCAGAAGTGCGGATA-1,0.16,0.08,0.0,0.0,0.098999865,0.67531073,0.14397553,0.081713885
TCCATCGAGCTCCCTT-1,0.16,0.04,0.0,0.0,0.012294109,0.7457192,0.16896498,0.07302169
TCCATCGAGGGATGTC-1,0.16,0.08,0.0,0.0,0.32226557,0.30100983,0.18290956,0.19381501
TCCATCGAGTGCCCGT-1,0.16,0.08,0.0,0.0,0.2788443,0.17170326,0.12423503,0.42521745
TCCATCGCAATACAGA-1,0.12,0.04,0.0,0.0,0.1394589,0.35911024,0.36831626,0.13311464
TCCATCGCACAGAGAC-1,0.16,0.08,0.0,0.0,0.2347951,0.1751973,0.37528396,0.21472365
TCCATCGCACGCTTAA-1,0.16,0.08,0.0,0.0,5.8972844e-09,7.636481e-05,0.003443639,0.99648005
TCCATCGCAGCGCGTT-1,0.12,0.04,0.0,0.0,0.999008,0.0008734983,0.00011053928,8.00421e-06
TCCATCGTCCCAATAG-1,0.12,0.04,0.0,0.0,0.81417567,0.08230477,0.06666574,0.036853805
TCCATCGTCGGCTGTG-1,0.08,0.04,0.0,0.0,0.000510913,0.29733226,0.24259852,0.45955834
TCCATGCAGGTTCTAC-1,0.16,0.04,0.0,0.0,0.07870376,0.65219873,0.17936672,0.08973074
TCCATGCCACGGGTAA-1,0.16,0.08,0.0,0.0,0.20101564,0.33435044,0.23833878,0.22629514
TCCATGCCAGGACGAT-1,0.12,0.04,0.0,0.0,0.9768074,0.01719358,0.0055926666,0.00040624992
TCCATGCTCAGCCTCT-1,0.16,0.08,0.0,0.0,0.32969537,0.25092992,0.37640342,0.042971313
TCCATGCTCTAGTCAG-1,0.16,0.08,0.0,0.0,0.3405365,0.10470213,0.3574741,0.1972873
TCCATGCTCTCAGAAC-1,0.16,0.08,0.0,0.0,0.22015202,0.2919429,0.33938888,0.1485162
TCCCACAAGACCGTTT-1,0.04,0.04,0.0,0.0,0.97283405,0.016766366,0.009939158,0.00046040188
TCCCACAAGTATCCTG-1,0.16,0.04,0.0,0.0,0.00072094146,0.04378154,0.14544114,0.8100563
TCCCACAGTCTTTCTA-1,0.12,0.04,0.0,0.0,4.755461e-07,0.0012163861,0.014275783,0.9845073
TCCCACAGTTATAGCC-1,0.12,0.04,0.0,0.0,0.06519998,0.7497042,0.09952758,0.08556829
TCCCACATCATGAGGG-1,0.12,0.04,0.0,0.0,0.003811642,0.4786756,0.196292,0.32122076
TCCCAGTCAAACACCT-1,0.16,0.04,0.0,0.0,0.9238018,0.011035442,0.054533962,0.01062877
TCCCAGTGTCATAAAG-1,0.16,0.08,0.0,0.0,0.7095414,0.14686514,0.09817274,0.045420703
TCCCAGTGTTTGGAGG-1,0.16,0.08,0.0,0.0,8.265264e-08,0.00018918198,0.0030883658,0.9967224
TCCCAGTTCTCTAAGG-1,0.16,0.04,0.0,0.0,0.07900191,0.6631357,0.17904349,0.07881887
TCCCATGAGAAATTGC-1,0.16,0.08,0.0,0.0,0.033488,0.049684845,0.6702607,0.2465664
TCCCATGAGTATGATG-1,0.12,0.04,0.0,0.0,0.14057358,0.28002086,0.481918,0.097487606
TCCCATGTCAGTAGGG-1,0.16,0.08,0.0,0.0,0.17080039,0.57264996,0.1176923,0.13885733
TCCGAAAAGCAACAAT-1,0.12,0.04,0.0,0.0,0.08144303,0.50823766,0.34492984,0.06538948
TCCGAAAAGCTGTACT-1,0.16,0.04,0.0,0.0,0.20486325,0.08305093,0.14708084,0.565005
TCCGAAAGTCCACTCT-1,0.12,0.04,0.0,0.0,0.0057750745,0.81704515,0.09171469,0.08546508
TCCGAAATCGCATTGA-1,0.16,0.08,0.0,0.0,0.2921474,0.169066,0.13480227,0.40398437
TCCGAAATCGGCTGGT-1,0.12,0.04,0.0,0.0,0.04531363,0.44725722,0.32132035,0.18610886
TCCGAAATCTACGCAA-1,0.08,0.04,0.0,0.0,0.0016371775,0.04847379,0.17071088,0.77917814
TCCGAAATCTTAGCTT-1,0.16,0.08,0.0,0.0,1.7047581e-07,9.1081645e-05,0.008853465,0.99105525
TCCGATCAGAGTCGAC-1,0.12,0.04,0.0,0.0,0.011615229,0.84185755,0.12176246,0.024764737
TCCGATCAGATGCCGA-1,0.16,0.08,0.0,0.0,0.30656525,0.28806043,0.16206011,0.24331422
TCCGATCAGGGTACAC-1,0.12,0.04,0.0,0.0,0.08953927,0.52692556,0.29360348,0.089931704
TCCGATCGTAATGATG-1,0.16,0.04,0.0,0.0,0.12117481,0.39342648,0.4092166,0.07618217
TCCGATCGTGGCGTAA-1,0.16,0.04,0.0,0.0,0.11739886,0.46768326,0.2274714,0.1874466
TCCGATCGTTGGTGTT-1,0.16,0.04,0.0,0.0,0.2319953,0.19279005,0.46795887,0.10725583
TCCGATCTCCTGGCTT-1,0.16,0.08,0.0,0.0,0.042590052,0.3376521,0.38275254,0.23700534
TCCGATCTCGAATGCT-1,0.12,0.04,0.0,0.0,0.05861085,0.1399185,0.31082553,0.49064508
TCCGATCTCGTCCTTG-1,0.16,0.08,0.0,0.0,0.07599106,0.054557398,0.2136435,0.655808
TCCGATCTCTGCATGA-1,0.12,0.04,0.0,0.0,0.06903727,0.62965035,0.22560845,0.075703934
TCCGATCTCTTTCCGG-1,0.16,0.04,0.0,0.0,0.06616877,0.81117696,0.110926054,0.011728214
TCCGGGAAGAAAGTCT-1,0.16,0.08,0.0,0.0,1.201456e-08,0.00025722032,0.0020939156,0.9976489
TCCGTGTCAACAAGAT-1,0.2,0.08,0.0,0.0,0.29202497,0.06310846,0.32266122,0.3222053
TCCGTGTCAACACAGG-1,0.12,0.04,0.0,0.0,0.0010678569,0.19261132,0.19027889,0.6160419
TCCGTGTCACACGCCA-1,0.16,0.04,0.0,0.0,0.0025697818,0.073163666,0.36288977,0.5613768
TCCGTGTCACAGCCTG-1,0.16,0.04,0.0,0.0,1.4595786e-07,0.00032580996,0.0039929636,0.99568105
TCCGTGTGTCATCCGG-1,0.16,0.08,0.0,0.0,0.31156248,0.13370194,0.36297503,0.19176057
TCCGTGTGTGTAGTGG-1,0.16,0.08,0.0,0.0,0.21049686,0.22793621,0.44409117,0.11747575
TCCTAATAGGGCAACT-1,0.12,0.04,0.0,0.0,0.36458546,0.08733759,0.096946485,0.45113042
TCCTAATCAACCGACC-1,0.12,0.04,0.0,0.0,0.06500328,0.51182634,0.33758497,0.08558539
TCCTAATCAGCGACCT-1,0.12,0.04,0.0,0.0,0.006598269,0.9405314,0.03359168,0.019278672
TCCTAATTCAGCTTGA-1,0.16,0.04,0.0,0.0,0.9792652,0.005505575,0.01494724,0.00028204784
TCCTAATTCCTAGAGT-1,0.16,0.08,0.0,0.0,0.7436383,0.06448496,0.18062742,0.011249343
TCCTCCCCAATGGGTG-1,0.12,0.04,0.0,0.0,0.050522085,0.7425257,0.17495412,0.031998187
TCCTCCCCATTCTGTT-1,0.12,0.04,0.0,0.0,0.049941957,0.35790578,0.47109082,0.121061414
TCCTCCCGTCGTCTCT-1,0.16,0.04,0.0,0.0,0.062406704,0.30103394,0.5983912,0.038168162
TCCTCCCGTCTCTCAC-1,0.16,0.08,0.0,0.0,0.2562891,0.29475164,0.17359428,0.27536502
TCCTCCCGTCTTGGTA-1,0.16,0.08,0.0,0.0,0.029354727,0.5933797,0.30814797,0.06911755
TCCTCCCGTGGCTAGA-1,0.16,0.04,0.0,0.0,0.03420299,0.73356783,0.16894133,0.06328782
TCCTCCCTCGAACCAT-1,0.12,0.04,0.0,0.0,0.02814191,0.39606035,0.3950129,0.1807849
TCCTCGAAGGCGCTTC-1,0.24,0.08,0.0,0.0,0.16127935,0.33360645,0.37837714,0.12673703
TCCTCGACAAATTGCC-1,0.12,0.04,0.0,0.0,0.13500468,0.25543246,0.42991966,0.17964314
TCCTCGACACTGATTG-1,0.12,0.04,0.0,0.0,0.14492677,0.3312516,0.44859177,0.07522997
TCCTCGACATCCGCGA-1,0.16,0.08,0.0,0.0,0.28287625,0.099251285,0.42000607,0.1978664
TCCTCGAGTTTCCATT-1,0.16,0.08,0.0,0.0,0.023318985,0.061867688,0.2462325,0.6685809
TCCTCGATCTCCCATG-1,0.16,0.08,0.0,0.0,0.98356736,0.0095859375,0.0063830116,0.0004637271
TCCTCTTAGAACAGGA-1,0.12,0.04,0.0,0.0,0.9586656,0.012847633,0.027173877,0.0013128308
TCCTCTTAGGCCTAGA-1,0.12,0.04,0.0,0.0,0.07331091,0.16453063,0.6701804,0.09197818
TCCTCTTAGGGCCTCT-1,0.16,0.04,0.0,0.0,0.7849623,0.06874264,0.14227518,0.004019911
TCCTCTTAGGTTACAA-1,0.16,0.08,0.0,0.0,0.040233433,0.18712045,0.19373058,0.57891554
TCCTCTTAGTCGGCAA-1,0.16,0.08,0.0,0.0,0.79207015,0.14694445,0.044174995,0.016810475
TCCTCTTCACGGTGTC-1,0.12,0.04,0.0,0.0,0.20672083,0.1857846,0.4839085,0.12358605
TCCTCTTCACGTAGAG-1,0.12,0.04,0.0,0.0,0.053178243,0.53948706,0.3122231,0.09511154
TCCTCTTCATTCATCT-1,0.12,0.04,0.0,0.0,0.04042484,0.62588334,0.18907174,0.14462006
TCCTCTTGTACCCGCA-1,0.08,0.04,0.0,0.0,0.97935253,0.018816572,0.0017713154,5.951913e-05
TCCTCTTGTGAGCAGT-1,0.16,0.04,0.0,0.0,0.110344574,0.497842,0.33637193,0.05544143
TCCTCTTGTTAATCGC-1,0.16,0.08,0.0,0.0,0.06289581,0.5817852,0.23147771,0.123841286
TCCTCTTTCACCCTTG-1,0.08,0.04,0.0,0.0,0.013257772,0.6158519,0.28351575,0.08737457
TCCTCTTTCCATAAGC-1,0.16,0.08,0.0,0.0,0.086831525,0.68237424,0.20669818,0.024096007
TCCTCTTTCCTACACC-1,0.12,0.04,0.0,0.0,0.96142787,0.004398869,0.034137003,3.625514e-05
TCCTCTTTCGACATTG-1,0.12,0.04,0.0,0.0,0.97240925,0.02351831,0.003708858,0.00036350175
TCCTGCACACAAAGTA-1,0.16,0.08,0.0,0.0,0.13442792,0.35345775,0.40588963,0.10622465
TCCTGCAGTACTGCCG-1,0.16,0.08,0.0,0.0,0.046011526,0.3475595,0.51036507,0.0960639
TCCTGCAGTGGATACG-1,0.24,0.08,0.0,0.0,0.48125845,0.05865794,0.22410087,0.23598276
TCCTGCAGTTGGGATG-1,0.16,0.08,0.0,0.0,0.0039564194,0.09442111,0.20565204,0.6959704
TCCTGCATCCGGTAGC-1,0.16,0.08,0.0,0.0,0.14980786,0.5342242,0.22967303,0.086294964
TCCTGCATCTCCTGCA-1,0.12,0.04,0.0,0.0,0.9528098,0.03842587,0.00826838,0.0004959769
TCCTGCATCTTCACAT-1,0.12,0.04,0.0,0.0,0.003447689,0.28382337,0.55514514,0.15758379
TCCTTCTAGGTAGGCT-1,0.12,0.04,0.0,0.0,0.1691274,0.37364554,0.17605582,0.28117123
TCCTTCTCACGGGCTT-1,0.16,0.04,0.0,0.0,0.27388775,0.19048254,0.28044444,0.25518528
TCCTTCTTCAAGCGTT-1,0.2,0.08,0.0,0.0,0.99005497,0.0017742073,0.0077864076,0.00038440322
TCCTTCTTCAGCGCAC-1,0.12,0.04,0.0,0.0,0.8995454,0.07347628,0.023119487,0.0038588329
TCCTTTCAGCAGGCTA-1,0.16,0.04,0.0,0.0,0.12626457,0.5248512,0.27089328,0.07799101
TCCTTTCTCGATTGAC-1,0.12,0.04,0.0,0.0,0.13300449,0.4847101,0.31901821,0.06326721
TCCTTTCTCTTCGTAT-1,0.16,0.08,0.0,0.0,0.3480686,0.2137985,0.116185114,0.3219478
TCGAACACAAATCCCA-1,0.08,0.04,0.0,0.0,0.070028804,0.6048582,0.13266823,0.19244479
TCGAACACATGGGATG-1,0.16,0.08,0.0,0.0,0.34355724,0.26090387,0.31809294,0.077445984
TCGAACAGTTACAGCT-1,0.16,0.04,0.0,0.0,0.25974312,0.2774227,0.13247336,0.33036086
TCGAAGTAGATGGTAT-1,0.12,0.04,0.0,0.0,0.22168098,0.24766925,0.35116968,0.1794801
TCGAAGTAGCAACTCT-1,0.16,0.08,0.0,0.0,0.02411792,0.1765897,0.5122039,0.28708845
TCGAAGTGTCTTGAGT-1,0.16,0.08,0.0,0.0,0.053609572,0.8767781,0.028764365,0.04084793
TCGAAGTGTTAGGAGC-1,0.16,0.08,0.0,0.0,0.19755495,0.08457806,0.52387726,0.19398975
TCGAAGTTCCATGATG-1,0.16,0.08,0.0,0.0,0.39725187,0.19084045,0.24033642,0.17157125
TCGACCTAGCTATCTG-1,0.12,0.04,0.0,0.0,0.8852621,0.06116912,0.048232466,0.0053364052
TCGACCTAGGCACGAT-1,0.16,0.04,0.0,0.0,0.2907191,0.11702487,0.36788747,0.22436862
TCGACCTCAAGAATGT-1,0.12,0.04,0.0,0.0,0.8154004,0.13421501,0.03904819,0.011336356
TCGACCTTCCAAGGGA-1,0.16,0.04,0.0,0.0,0.21420258,0.21059123,0.272996,0.30221018
TCGACCTTCCTCTAGC-1,0.16,0.08,0.0,0.0,0.09631428,0.24027237,0.5997051,0.063708246
TCGACCTTCTCTTGCG-1,0.12,0.04,0.0,0.0,0.97248006,0.016775431,0.010645484,9.895979e-05
TCGACGGAGTGTCATC-1,0.16,0.04,0.0,0.0,0.09018552,0.5728643,0.21341962,0.123530604
TCGACGGCACTACTTT-1,0.16,0.08,0.0,0.0,0.5614828,0.21646821,0.098980576,0.12306845
TCGACGGGTAACAGTA-1,0.16,0.04,0.0,0.0,9.888319e-07,0.00040807622,0.011368922,0.98822206
TCGACGGGTAAGCGGT-1,0.16,0.08,0.0,0.0,0.21453238,0.08705956,0.11353167,0.5848764
TCGACGGGTACCCAGC-1,0.16,0.08,0.0,0.0,0.99503833,0.0011187094,0.0036939636,0.00014900243
TCGATTTAGAAATTGC-1,0.12,0.04,0.0,0.0,0.17493784,0.43900433,0.20908013,0.17697766
TCGATTTAGGTGATAT-1,0.12,0.04,0.0,0.0,0.28738713,0.3795667,0.2892633,0.04378294
TCGATTTCAACGTATC-1,0.16,0.04,0.0,0.0,0.84412885,0.1284593,0.024607852,0.0028039946
TCGATTTCACTATCCC-1,0.12,0.04,0.0,0.0,0.939708,0.012593602,0.025116807,0.022581635
TCGATTTGTCACGACC-1,0.16,0.08,0.0,0.0,0.028420513,0.40056664,0.045843635,0.52516925
TCGATTTGTGATTGGG-1,0.12,0.04,0.0,0.0,0.15241249,0.33680394,0.1198711,0.39091244
TCGATTTGTTATAGCC-1,0.16,0.04,0.0,0.0,0.13126671,0.20081808,0.09097256,0.5769426
TCGATTTTCAACTTTC-1,0.16,0.04,0.0,0.0,0.35983965,0.16938774,0.28844124,0.18233138
TCGCACTAGCCTGAAG-1,0.16,0.08,0.0,0.0,0.15203166,0.589954,0.088577874,0.16943641
TCGCACTAGGAAAGAC-1,0.16,0.04,0.0,0.0,0.8130194,0.15705946,0.0216733,0.0082478365
TCGCACTCAAGATGTA-1,0.16,0.08,0.0,0.0,0.121144,0.6225091,0.12547469,0.1308722
TCGCACTGTCCTGGGT-1,0.2,0.08,0.0,0.0,0.05946782,0.20352909,0.71946585,0.017537186
TCGCACTGTGAGAGGG-1,0.16,0.08,0.0,0.0,0.07753973,0.74728936,0.12373002,0.05144084
TCGCACTGTGGTCTCG-1,0.16,0.04,0.0,0.0,0.26981503,0.23365101,0.3997034,0.096830495
TCGCACTGTTCATCTT-1,0.2,0.08,0.0,0.0,0.014543478,0.058852866,0.13772798,0.78887564
TCGCACTTCTATACTC-1,0.12,0.04,0.0,0.0,0.5789452,0.11401589,0.047283098,0.2597558
TCGCAGGAGAGATCGC-1,0.12,0.04,0.0,0.0,0.034753855,0.59015626,0.27631333,0.09877651
TCGCAGGAGCTGACCC-1,0.12,0.04,0.0,0.0,0.9918961,0.003717362,0.0043547447,3.1841308e-05
TCGCAGGCAACCACAT-1,0.16,0.08,0.0,0.0,0.0037458467,0.04701966,0.10966948,0.83956504
TCGCAGGCACATTCGA-1,0.12,0.04,0.0,0.0,0.00073530985,0.040835697,0.065434135,0.8929949
TCGCAGGCACCGTCGA-1,0.16,0.08,0.0,0.0,4.81129e-06,0.00026110408,0.0027795297,0.99695456
TCGCAGGCACTGTGAT-1,0.12,0.04,0.0,0.0,0.96207035,0.02920989,0.0075025456,0.0012171657
TCGCAGGCATTCTCCG-1,0.12,0.04,0.0,0.0,0.49774265,0.35220525,0.13534322,0.014708951
TCGCAGGTCATGTCTT-1,0.16,0.08,0.0,0.0,0.30526134,0.3303688,0.113196716,0.25117314
TCGCAGGTCCTGTACC-1,0.16,0.04,0.0,0.0,2.9131319e-05,0.018578574,0.006546657,0.97484565
TCGCAGGTCTGGGCCA-1,0.12,0.04,0.0,0.0,0.9052535,0.04579222,0.04816772,0.00078663137
TCGCTCAAGGGTTGCA-1,0.12,0.04,0.0,0.0,0.13586399,0.22440572,0.48210192,0.15762836
TCGCTCACACAAACGG-1,0.16,0.04,0.0,0.0,0.09230174,0.5049205,0.37337688,0.029400887
TCGCTCACACGCAGTC-1,0.16,0.04,0.0,0.0,0.06560984,0.14226955,0.18123733,0.61088324
TCGCTCACACTAAACC-1,0.16,0.04,0.0,0.0,0.016527759,0.2064349,0.20172055,0.5753168
TCGCTCACAGGTCCGT-1,0.16,0.08,0.0,0.0,0.17635764,0.26828718,0.27221385,0.28314137
TCGCTCACATTAGGAA-1,0.12,0.04,0.0,0.0,0.13985547,0.19115788,0.42183226,0.2471544
TCGCTCACATTCTTCA-1,0.16,0.08,0.0,0.0,3.5202364e-05,0.009433813,0.019947214,0.9705838
TCGCTCAGTCGTTGGC-1,0.16,0.08,0.0,0.0,0.1542668,0.42279303,0.3393028,0.083637424
TCGCTCATCAATCAGC-1,0.12,0.04,0.0,0.0,0.91841966,0.039502837,0.032616716,0.009460762
TCGCTCATCATGTCTT-1,0.08,0.04,0.0,0.0,0.080024846,0.6164985,0.08211433,0.22136235
TCGCTCATCCATTGCC-1,0.12,0.04,0.0,0.0,0.06170204,0.70120555,0.16423671,0.07285571
TCGCTCATCCTCACCA-1,0.16,0.08,0.0,0.0,0.93441385,0.007969224,0.04897245,0.008644482
TCGCTTGAGCCGCTTG-1,0.12,0.04,0.0,0.0,0.18599539,0.4501103,0.21030174,0.1535926
TCGCTTGAGGAGTCTG-1,0.16,0.08,0.0,0.0,0.0868101,0.353978,0.532059,0.027152907
TCGCTTGAGTCTAGAA-1,0.12,0.04,0.0,0.0,0.99855596,0.00071759056,0.00066868163,5.7849218e-05
TCGCTTGGTAGAGATT-1,0.16,0.08,0.0,0.0,0.29437622,0.13042848,0.10123936,0.4739559
TCGCTTGTCTTAGCCC-1,0.16,0.04,0.0,0.0,0.61593044,0.13214211,0.097156286,0.15477122
TCGGATACAATCTAGC-1,0.12,0.04,0.0,0.0,0.039302178,0.70332974,0.09942361,0.15794447
TCGGATACACACGTGC-1,0.12,0.04,0.0,0.0,0.54560137,0.22174956,0.17558156,0.057067543
TCGGATACAGACAATA-1,0.16,0.08,0.0,0.0,0.22531064,0.16972564,0.3530528,0.25191095
TCGGATAGTAGGTGCA-1,0.12,0.04,0.0,0.0,0.08921252,0.2508785,0.46092975,0.19897921
TCGGGACAGGCAGGGA-1,0.16,0.08,0.0,0.0,0.005911407,0.92793864,0.05318867,0.012961276
TCGGGACAGTGGCGAT-1,0.16,0.04,0.0,0.0,0.101206616,0.64035857,0.22541937,0.03301539
TCGGGACGTCAACCAT-1,0.16,0.08,0.0,0.0,1.0444149e-07,0.0007733733,0.0059638824,0.9932627
TCGGGACGTGAGATCG-1,0.16,0.08,0.0,0.0,0.8064696,0.044029035,0.08650011,0.06300126
TCGGGACGTGGACTAG-1,0.12,0.04,0.0,0.0,0.030657459,0.36616722,0.42675024,0.17642514
TCGGGACTCGCGTGCA-1,0.16,0.08,0.0,0.0,0.009158899,0.20101662,0.19461736,0.5952071
TCGGGCACAAACCACT-1,0.16,0.08,0.0,0.0,0.5608394,0.08183356,0.09382678,0.26350024
TCGGGCACATGACAAA-1,0.16,0.08,0.0,0.0,0.7356265,0.1384101,0.10683207,0.01913133
TCGGGCAGTCAGTCTA-1,0.12,0.04,0.0,0.0,0.20613186,0.22461191,0.30907348,0.26018274
TCGGGCATCAGCACCG-1,0.12,0.04,0.0,0.0,0.096432514,0.3071997,0.493255,0.103112854
TCGGGCATCGACGATT-1,0.12,0.04,0.0,0.0,0.42356834,0.3696591,0.19600321,0.0107693765
TCGGGTGAGAAGTCAT-1,0.12,0.04,0.0,0.0,9.340379e-07,0.00038163393,0.0046304604,0.994987
TCGGGTGAGGGAGGGT-1,0.16,0.08,0.0,0.0,0.0017381128,0.039220955,0.059710298,0.8993306
TCGGGTGGTAAGCTCT-1,0.16,0.04,0.0,0.0,0.87283266,0.029355865,0.0946682,0.0031432149
TCGGGTGGTGACTCTA-1,0.12,0.04,0.0,0.0,0.28041926,0.16009428,0.24802822,0.31145826
TCGGGTGTCAGTGTTG-1,0.16,0.04,0.0,0.0,0.14163376,0.26660714,0.4750956,0.11666348
TCGGGTGTCGAACGCC-1,0.16,0.08,0.0,0.0,0.4121498,0.043416604,0.30140245,0.24303113
TCGGGTGTCTTGCGCT-1,0.16,0.08,0.0,0.0,0.07919458,0.02894874,0.8333951,0.05846147
TCGGTCTCACCATTCC-1,0.12,0.04,0.0,0.0,0.027352601,0.49856943,0.33487487,0.13920318
TCGGTCTCACTATCGA-1,0.12,0.04,0.0,0.0,0.0018081852,0.02110359,0.048226763,0.92886144
TCGGTCTCAGGTATGG-1,0.12,0.04,0.0,0.0,4.4099128e-08,0.00018376595,0.0026036603,0.9972126
TCGGTCTCATCCTCAC-1,0.16,0.08,0.0,0.0,0.12343759,0.5563558,0.24632585,0.073880866
TCGGTCTTCCGTTGGG-1,0.16,0.04,0.0,0.0,0.21627052,0.32895982,0.37990263,0.07486698
TCGGTCTTCGAGTGGA-1,0.16,0.04,0.0,0.0,0.09134894,0.6611591,0.19805466,0.049437296
TCGGTCTTCTGAATCG-1,0.16,0.08,0.0,0.0,1.8171615e-13,1.2303938e-06,9.8005774e-05,0.9999007
TCGTAGACACGTAGAG-1,0.24,0.08,0.0,0.0,0.110223345,0.40590894,0.40724778,0.07661992
TCGTCCAAGCGACAGT-1,0.12,0.04,0.0,0.0,0.94008946,0.020346005,0.015986701,0.023577703
TCGTCCAAGTCTAGCT-1,0.16,0.08,0.0,0.0,0.23326322,0.072907016,0.28770652,0.4061232
TCGTCCACACCCGTAG-1,0.12,0.04,0.0,0.0,0.96792835,0.012344374,0.018238984,0.001488411
TCGTCCAGTCTGCCTT-1,0.12,0.04,0.0,0.0,0.9495048,0.039029628,0.010872108,0.0005934478
TCGTCCAGTTGATGTC-1,0.12,0.04,0.0,0.0,0.16140242,0.45393893,0.09079083,0.29386777
TCGTCCATCTTCGATT-1,0.16,0.04,0.0,0.0,0.9623185,0.0300087,0.006933157,0.00073967216
TCGTGCTAGCAAGCCA-1,0.16,0.08,0.0,0.0,0.18242472,0.07952372,0.6015674,0.1364842
TCGTGCTAGCAGATAT-1,0.16,0.04,0.0,0.0,0.26709172,0.3552635,0.31894562,0.058699194
TCGTGCTGTTCTATCT-1,0.16,0.08,0.0,0.0,0.99125427,0.0025339455,0.0054595643,0.0007522904
TCGTGCTTCGACACCG-1,0.12,0.04,0.0,0.0,4.9002072e-05,0.0063587804,0.026958475,0.96663374
TCGTGCTTCTAGCAAC-1,0.12,0.04,0.0,0.0,0.69689155,0.2677408,0.027228137,0.008139519
TCGTGCTTCTTTGATC-1,0.16,0.08,0.0,0.0,1.9368696e-05,0.000971123,0.0059546814,0.9930548
TCGTGGGAGATTGCGG-1,0.12,0.04,0.0,0.0,0.25690743,0.32852513,0.113461174,0.30110624
TCGTGGGAGTACTGGG-1,0.12,0.04,0.0,0.0,0.9070335,0.046143506,0.045684423,0.0011384493
TCGTGGGCAACGATCT-1,0.16,0.08,0.0,0.0,0.17058335,0.13770708,0.63615036,0.055559143
TCGTGGGCAAGTGTCT-1,0.16,0.08,0.0,0.0,7.4237782e-06,0.0042970674,0.07102401,0.92467153
TCGTGGGCAAGTTGGG-1,0.16,0.08,0.0,0.0,0.018221112,0.45105284,0.45406276,0.0766633
TCGTGGGCATTGCTGA-1,0.16,0.08,0.0,0.0,0.33411884,0.10838987,0.34194466,0.2155466
TCGTGGGGTCCGCAGT-1,0.12,0.04,0.0,0.0,0.015999991,0.88717353,0.05735227,0.03947421
TCTAACTAGGATCACG-1,0.16,0.04,0.0,0.0,0.9134601,0.018161973,0.06268173,0.005696342
TCTAACTAGTGAGTTA-1,0.08,0.04,0.0,0.0,0.009090671,0.35788786,0.31942612,0.31359538
TCTAACTAGTTCGGTT-1,0.16,0.08,0.0,0.0,0.18008874,0.40565148,0.19392799,0.22033185
TCTAACTCAAGGGCAT-1,0.16,0.04,0.0,0.0,0.6928986,0.15646851,0.13550858,0.015124337
TCTAACTCAGTACTAC-1,0.12,0.04,0.0,0.0,0.9960433,0.0023104376,0.0015908492,5.544037e-05
TCTAACTGTATTTCGG-1,0.12,0.04,0.0,0.0,0.10403264,0.09258412,0.26466456,0.5387187
TCTAACTGTCGATTTG-1,0.16,0.04,0.0,0.0,0.07980665,0.12973295,0.49196514,0.29849526
TCTAACTGTGCAACAG-1,0.16,0.08,0.0,0.0,0.29711205,0.13440827,0.035550304,0.53292936
TCTAACTGTGGCTCTG-1,0.16,0.04,0.0,0.0,0.9562238,0.0062581035,0.036798645,0.00071948627
TCTAACTTCATCGTAG-1,0.12,0.04,0.0,0.0,0.38632384,0.41889456,0.115303166,0.07947839
TCTAACTTCCTATTTG-1,0.16,0.08,0.0,0.0,0.13842955,0.5758633,0.12570357,0.16000365
TCTACATAGTGCTACT-1,0.16,0.08,0.0,0.0,0.29987246,0.11614397,0.114817075,0.46916652
TCTACATAGTTCACTG-1,0.16,0.08,0.0,0.0,0.23094974,0.61931586,0.1464635,0.0032709185
TCTACATCAACTCGAT-1,0.16,0.08,0.0,0.0,0.006313836,0.017454622,0.88371146,0.09252009
TCTACATCACGGTAGA-1,0.16,0.04,0.0,0.0,0.045204487,0.7422035,0.13799341,0.07459858
TCTACATGTCCTGGGT-1,0.16,0.08,0.0,0.0,0.015016636,0.15188965,0.16806865,0.6650251
TCTACATGTCGTTCAA-1,0.16,0.08,0.0,0.0,0.39049917,0.0908969,0.15860209,0.3600018
TCTACATGTCGTTGCG-1,0.12,0.04,0.0,0.0,0.20792563,0.27869707,0.22954316,0.28383413
TCTACATGTGGACTAG-1,0.16,0.08,0.0,0.0,0.06364467,0.63487786,0.22305767,0.078419715
TCTACATTCTAAGCCA-1,0.16,0.04,0.0,0.0,0.72307456,0.061774176,0.17714038,0.038010918
TCTACCGAGTATGCAA-1,0.12,0.04,0.0,0.0,0.067488045,0.49841443,0.37389398,0.06020343
TCTACCGGTACACGCC-1,0.12,0.04,0.0,0.0,7.090919e-08,0.00066843966,0.0028951524,0.99643636
TCTACCGGTCGTACTA-1,0.16,0.08,0.0,0.0,0.3949049,0.106691614,0.1632221,0.3351813
TCTACCGGTTCGGCTG-1,0.2,0.08,0.0,0.0,5.3039164e-09,0.00022844969,0.00289782,0.99687374
TCTACCGTCTAGCCTC-1,0.16,0.08,0.0,0.0,0.079681374,0.7384012,0.11832813,0.06358934
TCTATACAGAGAATCT-1,0.12,0.04,0.0,0.0,0.1509044,0.17553313,0.5577746,0.11578782
TCTATACTCGAAGCCC-1,0.16,0.04,0.0,0.0,0.038984943,0.1897271,0.5197824,0.25150555
TCTATCAAGATTAGTG-1,0.16,0.08,0.0,0.0,8.7357864e-07,0.004957427,0.017391562,0.97765017
TCTATCAAGCTCAGAG-1,0.16,0.08,0.0,0.0,0.15608828,0.26590407,0.5730352,0.0049724146
TCTATCACACACCTAA-1,0.12,0.04,0.0,0.0,0.18290532,0.41191816,0.26048166,0.14469492
TCTATCACACAGTATC-1,0.12,0.04,0.0,0.0,0.061659247,0.5638968,0.20758265,0.16686128
TCTATCACACGTACTA-1,0.16,0.08,0.0,0.0,0.7185409,0.054070357,0.10396031,0.123428404
TCTATCACACTCACTC-1,0.16,0.08,0.0,0.0,2.035521e-06,0.0045574424,0.12399869,0.87144184
TCTATCACATGAGGGT-1,0.16,0.08,0.0,0.0,0.55289555,0.10022434,0.2299245,0.11695561
TCTATCATCATCCCGT-1,0.12,0.04,0.0,0.0,0.6384394,0.09527671,0.19557427,0.07070958
TCTATCATCCACACCT-1,0.12,0.04,0.0,0.0,0.51037925,0.34307075,0.1300366,0.016513396
TCTCACGAGACTTCCA-1,0.24,0.08,0.0,0.0,0.2934989,0.1416037,0.3280663,0.23683116
TCTCACGAGTAACAGT-1,0.16,0.08,0.0,0.0,0.11280753,0.53888637,0.20554613,0.14276001
TCTCACGCAGGAGGTT-1,0.12,0.04,0.0,0.0,0.31519678,0.2944907,0.32449374,0.06581881
TCTCACGCATACTGAC-1,0.16,0.08,0.0,0.0,0.067959644,0.6228728,0.24016611,0.06900144
TCTCACGGTATGCGGA-1,0.12,0.04,0.0,0.0,0.14152025,0.39568007,0.075606056,0.3871936
TCTCACGTCGCTACGG-1,0.12,0.04,0.0,0.0,0.07495093,0.47916263,0.3413105,0.104575925
TCTCAGCAGCCTGTGC-1,0.12,0.04,0.0,0.0,0.8396184,0.023449557,0.03569429,0.10123778
TCTCAGCCAGCAGGAT-1,0.16,0.04,0.0,0.0,0.3308635,0.2267314,0.40578127,0.03662381
TCTCAGCGTTAGGCTT-1,0.16,0.08,0.0,0.0,2.8451727e-06,0.0019952508,0.012269849,0.985732
TCTCAGCGTTCTAAGC-1,0.12,0.04,0.0,0.0,0.44693622,0.45210862,0.08647227,0.014482881
TCTCAGCTCATTCCTA-1,0.12,0.04,0.0,0.0,0.9853439,0.0101831965,0.0043640635,0.000108843175
TCTCCGAAGGAACGAA-1,0.16,0.04,0.0,0.0,0.12941007,0.08208044,0.5778887,0.21062079
TCTCCGAAGTCCGCGT-1,0.24,0.08,0.0,0.0,0.37421155,0.081963435,0.41184995,0.13197511
TCTCCGACATCTGTTT-1,0.12,0.04,0.0,0.0,0.10491718,0.4614204,0.18419886,0.24946362
TCTCCGAGTTAACAGA-1,0.16,0.08,0.0,0.0,0.09679843,0.5567658,0.27443328,0.072002545
TCTCCGATCCCTCTTT-1,0.2,0.08,0.0,0.0,0.064255536,0.6030465,0.25020418,0.082493864
TCTCCGATCTATCCAT-1,0.12,0.04,0.0,0.0,0.17603166,0.1053498,0.48218578,0.23643282
TCTCCGATCTGTCTCG-1,0.12,0.04,0.0,0.0,0.012805288,0.07326694,0.13564584,0.778282
TCTCTGGAGATGCCGA-1,0.12,0.04,0.0,0.0,0.065210566,0.23921774,0.2362147,0.45935696
TCTCTGGCAACAGTGG-1,0.12,0.04,0.0,0.0,0.008482307,0.022447407,0.04862042,0.92044985
TCTCTGGCAGGATGAC-1,0.12,0.04,0.0,0.0,1.16007044e-07,0.00027895806,0.0057915784,0.9939294
TCTCTGGTCAACCTCC-1,0.16,0.04,0.0,0.0,0.059493292,0.16168487,0.32596707,0.4528548
TCTGCCAAGAGCACTG-1,0.2,0.08,0.0,0.0,0.121467195,0.4700376,0.12161045,0.28688473
TCTGCCAAGCCATTTG-1,0.12,0.04,0.0,0.0,0.025154805,0.7751448,0.1325807,0.0671196
TCTGCCACAGGGTCTC-1,0.12,0.04,0.0,0.0,0.19162948,0.4703705,0.25485477,0.0831453
TCTGCCATCCGCATAA-1,0.12,0.04,0.0,0.0,0.0445108,0.38562456,0.38485083,0.18501379
TCTGCCATCCTAGCGG-1,0.16,0.08,0.0,0.0,0.9962488,0.0023262308,0.001408904,1.6162718e-05
TCTGGCTGTACGATTC-1,0.12,0.04,0.0,0.0,0.31680894,0.1005154,0.28997213,0.2927035
TCTGGCTTCCGTCACT-1,0.16,0.08,0.0,0.0,0.01264354,0.3831406,0.11292364,0.49129233
TCTGGCTTCTATTTCG-1,0.04,0.04,0.0,0.0,0.005935844,0.1419455,0.20908372,0.64303493
TCTGGCTTCTTCACAT-1,0.12,0.04,0.0,0.0,0.024660567,0.8958248,0.050660975,0.028853761
TCTGGCTTCTTTGCGC-1,0.16,0.08,0.0,0.0,0.123855025,0.3180252,0.3881494,0.16997033
TCTGTCGAGAAGGGAT-1,0.12,0.04,0.0,0.0,0.9682188,0.008139185,0.0141559895,0.009485993
TCTGTCGAGGTGCTGA-1,0.12,0.04,0.0,0.0,0.99443346,0.0013372289,0.0041759764,5.333936e-05
TCTGTCGCAAGTGCAG-1,0.2,0.08,0.0,0.0,0.19916134,0.1428128,0.3777515,0.28027433
TCTGTCGCATCGGAGA-1,0.16,0.08,0.0,0.0,0.22290064,0.17387557,0.34427768,0.25894606
TCTGTCGGTCGTACTA-1,0.12,0.04,0.0,0.0,0.082615174,0.6750115,0.13802442,0.104348935
TCTGTCGGTGATGTAA-1,0.16,0.04,0.0,0.0,0.57029784,0.0947147,0.32324412,0.01174336
TCTGTCGGTGCGGATA-1,0.12,0.04,0.0,0.0,0.3375189,0.3533547,0.21120521,0.09792115
TCTGTCGGTTAGCTAC-1,0.12,0.04,0.0,0.0,0.0028407425,0.0876072,0.10486653,0.80468553
TCTGTCGGTTGCTCGG-1,0.08,0.04,0.0,0.0,0.0676589,0.418241,0.26299348,0.25110656
TCTGTCGTCGGCTGTG-1,0.12,0.04,0.0,0.0,0.45009592,0.09715253,0.43043423,0.022317283
TCTTAGTCACGACAAG-1,0.16,0.04,0.0,0.0,0.041487545,0.6637398,0.25288755,0.041885067
TCTTAGTGTGCGGCTT-1,0.16,0.04,0.0,0.0,0.91266817,0.040441196,0.029258821,0.017631799
TCTTAGTTCAATCTTC-1,0.16,0.04,0.0,0.0,0.7478227,0.07631549,0.13545729,0.04040447
TCTTAGTTCTTGTGCC-1,0.12,0.04,0.0,0.0,0.8804908,0.05814632,0.05425181,0.007111145
TCTTCCTAGATCCCAT-1,0.12,0.08,0.0,0.0,8.23434e-06,0.005057005,0.034531116,0.9604036
TCTTCCTAGATGTTAG-1,0.12,0.04,0.0,0.0,0.13024077,0.5384009,0.08135837,0.24999999
TCTTCCTAGCACGATG-1,0.12,0.04,0.0,0.0,0.058391515,0.7686884,0.057570316,0.11534978
TCTTCCTAGTATGAAC-1,0.16,0.08,0.0,0.0,0.17197867,0.041774374,0.6645171,0.121729836
TCTTCCTCAAATCCCA-1,0.12,0.04,0.0,0.0,0.27388018,0.19385508,0.37827432,0.15399043
TCTTCCTGTCCAGCAC-1,0.12,0.04,0.0,0.0,0.42586914,0.54653394,0.022267282,0.005329634
TCTTCCTGTCGAGATG-1,0.16,0.04,0.0,0.0,0.9894693,0.009210123,0.0012141407,0.0001065495
TCTTCCTTCCGAGAAG-1,0.16,0.08,0.0,0.0,0.1828258,0.48715878,0.14699505,0.18302046
TCTTCCTTCCTACTGC-1,0.12,0.04,0.0,0.0,0.050595134,0.14526848,0.7278527,0.076283745
TCTTCCTTCTCAATCT-1,0.16,0.08,0.0,0.0,0.9113336,0.052359357,0.034804527,0.0015025428
TCTTGCGCAGTCAGAG-1,0.16,0.04,0.0,0.0,0.11020558,0.43182984,0.35514402,0.102820575
TCTTGCGGTTATCCAG-1,0.12,0.04,0.0,0.0,0.12890771,0.35211882,0.19608402,0.32288945
TCTTGCGTCCAGTGTA-1,0.16,0.04,0.0,0.0,0.08355846,0.07093701,0.7315198,0.11398473
TCTTTGACACGGTGAA-1,0.16,0.04,0.0,0.0,0.19859304,0.31437582,0.30015412,0.18687704
TCTTTGAGTTCCTAGA-1,0.12,0.04,0.0,0.0,0.06090747,0.7332517,0.14076865,0.06507227
TCTTTGATCCAGTTCC-1,0.12,0.04,0.0,0.0,0.1764952,0.44587582,0.14566052,0.23196848
TCTTTGATCTTGAACG-1,0.16,0.08,0.0,0.0,0.09118342,0.5115183,0.21669489,0.18060338
TGAACGTCATCGATGT-1,0.04,0.08,0.0,0.0,0.063341,0.077268034,0.26312268,0.5962683
TGAACGTTCCGCTTAC-1,0.16,0.04,0.0,0.0,0.027307676,0.24733377,0.6556913,0.069667235
TGAATCGAGCATGCAG-1,0.16,0.04,0.0,0.0,0.08667975,0.74923396,0.10611012,0.057976086
TGAATCGCACCAGCCA-1,0.12,0.04,0.0,0.0,1.4968208e-06,0.0012065975,0.004841483,0.9939505
TGAATCGCAGGCCCTA-1,0.12,0.04,0.0,0.0,0.038959526,0.09439283,0.7714413,0.095206365
TGAATCGGTAAGCGGT-1,0.16,0.04,0.0,0.0,0.19959684,0.27920157,0.24644122,0.2747604
TGAATCGTCGAGAATA-1,0.16,0.04,0.0,0.0,6.9186385e-08,0.0003105867,0.0056681917,0.9940211
TGAATGCAGCATCAAA-1,0.16,0.04,0.0,0.0,0.059273742,0.27065963,0.6095266,0.06054006
TGAATGCAGTGGTGGT-1,0.12,0.04,0.0,0.0,0.9559005,0.022025447,0.019572806,0.0025012593
TGAATGCCAACGATTC-1,0.12,0.04,0.0,0.0,0.31626287,0.27489546,0.18707848,0.2217632
TGAATGCTCTTACGTT-1,0.12,0.04,0.0,0.0,0.14895561,0.2294768,0.14921863,0.472349
TGACAGTAGCGCCTCA-1,0.16,0.04,0.0,0.0,0.07729778,0.34679994,0.55914915,0.016753135
TGACAGTAGTTGCCCG-1,0.12,0.04,0.0,0.0,0.25003603,0.4036,0.22029923,0.12606478
TGACAGTCAAACACCT-1,0.16,0.08,0.0,0.0,0.09109035,0.67899114,0.13694352,0.09297509
TGACAGTCAAATACGA-1,0.16,0.08,0.0,0.0,0.020936254,0.5993301,0.112941034,0.26679263
TGACAGTCAAGAGGTC-1,0.16,0.04,0.0,0.0,0.057193995,0.75214785,0.12429958,0.06635857
TGACAGTCACCCGTAG-1,0.12,0.04,0.0,0.0,0.2278425,0.31896344,0.17134887,0.28184518
TGACAGTTCAGCGCGT-1,0.2,0.08,0.0,0.0,0.30728287,0.12369501,0.19660567,0.37241647
TGACAGTTCCATGAGT-1,0.16,0.04,0.0,0.0,0.09261657,0.6805188,0.18666035,0.040204346
TGACAGTTCCTAGCTC-1,0.16,0.08,0.0,0.0,0.1615122,0.46808916,0.2687725,0.101626135
TGACAGTTCGGTCTGG-1,0.16,0.04,0.0,0.0,0.0475312,0.4462704,0.23423305,0.27196535
TGACAGTTCTCGTGGG-1,0.16,0.08,0.0,0.0,0.21290044,0.15416846,0.43006656,0.20286457
TGACAGTTCTGAGTCA-1,0.08,0.04,0.0,0.0,0.0009233678,0.022395777,0.26845655,0.7082243
TGACCCTAGAGGTATT-1,0.12,0.04,0.0,0.0,0.04149275,0.09082868,0.6567714,0.21090719
TGACCCTAGCGGCTCT-1,0.12,0.04,0.0,0.0,0.991642,0.0016678061,0.0065413765,0.00014885327
TGACCCTAGTATGAAC-1,0.12,0.04,0.0,0.0,0.15521902,0.3487577,0.3297943,0.16622898
TGACCCTAGTTAGTAG-1,0.04,0.04,0.0,0.0,0.018661566,0.5632659,0.18616632,0.23190616
TGACCCTCAAATGAAC-1,0.12,0.04,0.0,0.0,0.94402796,0.022247078,0.031864848,0.0018601045
TGACCCTCAAGTGCAG-1,0.12,0.04,0.0,0.0,0.13949135,0.36790934,0.353038,0.1395613
TGACCCTCACCATATG-1,0.12,0.04,0.0,0.0,0.001356667,0.3114009,0.2182226,0.46901983
TGACCCTGTCGCTGCA-1,0.16,0.08,0.0,0.0,0.055033263,0.48554963,0.36026123,0.09915588
TGACCCTTCCTTCACG-1,0.12,0.04,0.0,0.0,0.7809273,0.053983018,0.1280696,0.03702004
TGACGCGCAGACCAGA-1,0.12,0.04,0.0,0.0,0.18771324,0.5350302,0.11439279,0.16286375
TGACGCGCAGCAGTCC-1,0.12,0.04,0.0,0.0,0.074791625,0.3719798,0.29207152,0.26115713
TGACGCGGTACGACAG-1,0.16,0.08,0.0,0.0,0.35668188,0.12993431,0.23420961,0.27917418
TGACGCGGTAGAATGT-1,0.12,0.04,0.0,0.0,0.035077967,0.19393168,0.3468424,0.42414793
TGACGCGGTATAGGGC-1,0.16,0.08,0.0,0.0,0.033981577,0.08635623,0.8181422,0.06152009
TGACGCGGTCCTCCAT-1,0.08,0.04,0.0,0.0,0.9233866,0.053303853,0.021982232,0.0013272446
TGACGCGGTCTGCCTT-1,0.2,0.08,0.0,0.0,0.12903413,0.35417387,0.32491818,0.1918739
TGACTCCAGCTACTGT-1,0.04,0.04,0.0,0.0,0.9146787,0.060331497,0.017103404,0.007886433
TGACTCCAGCTGGTGA-1,0.16,0.08,0.0,0.0,0.31460306,0.09793779,0.2308787,0.35658047
TGACTCCCAAGGTACG-1,0.12,0.04,0.0,0.0,0.06330269,0.82149625,0.06507481,0.050126266
TGACTCCCAGAGAATT-1,0.16,0.08,0.0,0.0,0.21597071,0.18295333,0.37733912,0.22373688
TGACTCCGTTCGTAAC-1,0.16,0.08,0.0,0.0,0.05896753,0.19856636,0.5823896,0.16007648
TGACTCCTCACCACAA-1,0.12,0.04,0.0,0.0,1.281472e-05,0.05184308,0.042167787,0.90597636
TGACTCCTCATCGCAA-1,0.16,0.08,0.0,0.0,0.083147064,0.59405595,0.112361714,0.21043526
TGACTCCTCCCGAGGT-1,0.16,0.08,0.0,0.0,1.2638098e-06,0.0049594324,0.012577056,0.9824623
TGACTCCTCCCTCTCC-1,0.12,0.04,0.0,0.0,0.9033547,0.048170358,0.041961946,0.006512989
TGACTCCTCCTTCTAA-1,0.16,0.08,0.0,0.0,0.0022784625,0.015497417,0.11632998,0.8658942
TGAGACTAGCCAAGCA-1,0.12,0.04,0.0,0.0,0.73202944,0.21579883,0.046531055,0.005640712
TGAGACTAGGATGAGA-1,0.16,0.04,0.0,0.0,0.068533435,0.3959192,0.40763476,0.12791258
TGAGACTAGTGGATTA-1,0.16,0.08,0.0,0.0,0.15810755,0.32718247,0.3183997,0.19631028
TGAGACTGTACTCGCG-1,0.16,0.04,0.0,0.0,1.7377823e-07,0.019506449,0.010367723,0.9701257
TGAGACTGTATTCCTT-1,0.16,0.08,0.0,0.0,0.0691569,0.42697853,0.42133287,0.08253171
TGAGACTGTCCTGAAT-1,0.2,0.08,0.0,0.0,0.12385255,0.5524316,0.22436967,0.09934621
TGAGACTTCAAGCCGC-1,0.12,0.04,0.0,0.0,0.12952769,0.2314603,0.53951144,0.09950056
TGAGACTTCTTCTGGC-1,0.12,0.04,0.0,0.0,0.010841095,0.0546475,0.0908362,0.84367514
TGAGCATAGTAGTGCG-1,0.16,0.08,0.0,0.0,0.18957794,0.46927974,0.2134525,0.12768985
TGAGCATCAAAGTATG-1,0.2,0.08,0.0,0.0,1.7113004e-08,0.00021627398,0.0025404333,0.9972433
TGAGCATCAATTTCGG-1,0.16,0.04,0.0,0.0,0.9945643,0.001373552,0.00395759,0.000104554776
TGAGCATCACACCGAC-1,0.16,0.08,0.0,0.0,0.024601387,0.2684514,0.17911673,0.5278305
TGAGCATCACCGTCTT-1,0.16,0.04,0.0,0.0,0.13228223,0.4397115,0.39965415,0.02835211
TGAGCATCATTGAAAG-1,0.16,0.04,0.0,0.0,0.22562155,0.4394818,0.287026,0.04787059
TGAGCATGTGCATCTA-1,0.16,0.08,0.0,0.0,0.0046234992,0.0061498387,0.07843524,0.91079146
TGAGCATTCCCATTCG-1,0.12,0.04,0.0,0.0,0.11794869,0.25564536,0.52451724,0.10188874
TGAGCATTCGAAGCCC-1,0.16,0.08,0.0,0.0,0.39935258,0.08097484,0.24197616,0.27769646
TGAGCATTCTGTACAG-1,0.16,0.08,0.0,0.0,0.051601294,0.41520774,0.3696264,0.16356453
TGAGCGCAGACAGCTG-1,0.16,0.08,0.0,0.0,0.26588148,0.15571673,0.32613936,0.25226238
TGAGCGCAGGGCCTCT-1,0.16,0.04,0.0,0.0,0.090583235,0.72124,0.06743817,0.12073855
TGAGGAGAGGTCTGGA-1,0.16,0.08,0.0,0.0,2.282802e-06,0.0037233469,0.0046583777,0.99161595
TGAGGAGCAATGAACA-1,0.16,0.04,0.0,0.0,0.9870548,0.010987061,0.0016554005,0.00030268438
TGAGGAGCACTGTTCC-1,0.16,0.04,0.0,0.0,0.014330698,0.8257317,0.13400844,0.025929146
TGAGGAGCAGTTTGGT-1,0.12,0.04,0.0,0.0,0.05137495,0.76891285,0.1188458,0.06086642
TGAGGAGGTACCGTGC-1,0.12,0.04,0.0,0.0,0.9063647,0.046832953,0.028297206,0.018505247
TGAGGAGGTTCGTTCC-1,0.16,0.04,0.0,0.0,0.0076186555,0.34087908,0.26828903,0.38321316
TGAGGGAGTCATCCCT-1,0.12,0.04,0.0,0.0,0.043654222,0.6166702,0.19098185,0.14869368
TGAGGGAGTGCCGTTG-1,0.12,0.04,0.0,0.0,0.15693861,0.4609251,0.1668084,0.21532784
TGAGGGATCGCCGTGA-1,0.16,0.08,0.0,0.0,0.016774708,0.0070382333,0.9386943,0.03749272
TGAGGGATCTGCATGA-1,0.2,0.08,0.0,0.0,0.09586833,0.574214,0.23969963,0.090218045
TGAGGTTAGAAACACT-1,0.12,0.04,0.0,0.0,5.7738644e-06,0.011946082,0.010231551,0.9778165
TGAGGTTAGCATAGGC-1,0.16,0.08,0.0,0.0,0.12617755,0.547215,0.24108179,0.08552571
TGAGGTTAGCGATTCT-1,0.16,0.04,0.0,0.0,0.12221508,0.37978974,0.39728254,0.10071258
TGAGGTTAGGTATCTC-1,0.08,0.04,0.0,0.0,0.4044811,0.2843742,0.23519462,0.07595006
TGAGGTTCAAATTGCC-1,0.16,0.08,0.0,0.0,0.7618634,0.116492845,0.072835945,0.048807792
TGAGGTTCACCTATCC-1,0.12,0.04,0.0,0.0,0.98239523,0.012097693,0.0048289467,0.00067813066
TGAGGTTGTGCCCAGT-1,0.16,0.04,0.0,0.0,0.9853656,0.01325302,0.0013504904,3.0788415e-05
TGAGGTTTCATCTCTA-1,0.16,0.04,0.0,0.0,0.1529637,0.34867173,0.29036546,0.20799914
TGAGGTTTCCATTGGA-1,0.16,0.04,0.0,0.0,0.087519705,0.56920344,0.24133638,0.10194048
TGAGGTTTCTAGTCAG-1,0.12,0.04,0.0,0.0,0.019895751,0.86700296,0.07850996,0.03459131
TGAGTCAAGCCAAGGT-1,0.16,0.08,0.0,0.0,0.0001680174,0.020494845,0.032061614,0.9472755
TGAGTCAAGGTTGTTC-1,0.12,0.04,0.0,0.0,0.924056,0.04288761,0.025780998,0.0072753746
TGAGTCACAAACACGG-1,0.12,0.04,0.0,0.0,0.14449765,0.13405374,0.5539892,0.16745941
TGAGTCACAGGGAATC-1,0.12,0.04,0.0,0.0,0.07961355,0.20761238,0.17614146,0.53663266
TGAGTCAGTCTTGCTC-1,0.16,0.04,0.0,0.0,0.07357415,0.43247992,0.3854598,0.108486116
TGAGTCATCAGTCACA-1,0.2,0.08,0.0,0.0,0.45545182,0.14761166,0.30938634,0.087550156
TGAGTCATCGGAATGG-1,0.16,0.08,0.0,0.0,0.05775997,0.0389745,0.82202256,0.08124292
TGAGTCATCTACTTCA-1,0.16,0.08,0.0,0.0,0.3768728,0.10833908,0.355605,0.15918313
TGATCAGAGCAATTCC-1,0.12,0.04,0.0,0.0,0.026253063,0.52669424,0.23813383,0.2089189
TGATCAGAGGCCTGCT-1,0.12,0.04,0.0,0.0,0.32633957,0.087042354,0.30051735,0.28610072
TGATCAGAGGTCATAA-1,0.16,0.04,0.0,0.0,0.07426803,0.11921537,0.4691486,0.33736798
TGATCAGCAACTTGCA-1,0.16,0.04,0.0,0.0,0.107938014,0.3497597,0.36105058,0.18125175
TGATCAGCACGACCTG-1,0.16,0.04,0.0,0.0,0.011186985,0.24978945,0.1897237,0.5492999
TGATCAGCACTGGACC-1,0.16,0.04,0.0,0.0,0.9751561,0.001937042,0.022511534,0.000395309
TGATCAGGTTCAGTAC-1,0.12,0.04,0.0,0.0,0.07026375,0.2898059,0.5752693,0.064661056
TGATCTTAGAGTCGAC-1,0.12,0.04,0.0,0.0,0.4080414,0.26473394,0.28971204,0.03751256
TGATCTTCACCAATTG-1,0.16,0.08,0.0,0.0,0.077109426,0.18538639,0.118652984,0.6188512
TGATCTTGTACGATTC-1,0.12,0.04,0.0,0.0,0.079480745,0.6235342,0.24701416,0.0499709
TGATGCAAGCAACAGC-1,0.16,0.04,0.0,0.0,0.024482979,0.8339324,0.10582424,0.035760313
TGATGCAAGGATTTAG-1,0.12,0.04,0.0,0.0,0.0822347,0.6702447,0.16212459,0.08539606
TGATGCAAGGTAGTAT-1,0.16,0.08,0.0,0.0,0.21173717,0.3471766,0.31961265,0.121473536
TGATGCAAGGTATCTC-1,0.04,0.04,0.0,0.0,0.032615867,0.8234212,0.09849945,0.045463495
TGATGCAAGTTTCAGC-1,0.16,0.08,0.0,0.0,0.0007360295,0.029126162,0.036522195,0.93361557
TGATGCACAACAAGAT-1,0.16,0.08,0.0,0.0,0.29368055,0.18912892,0.20733978,0.3098507
TGATGCACATTGTGCA-1,0.16,0.04,0.0,0.0,0.104425155,0.44006953,0.30095732,0.15454796
TGATGCATCGGACGTC-1,0.12,0.04,0.0,0.0,0.12656493,0.6245159,0.18289098,0.06602814
TGATGGTAGAGATGCC-1,0.16,0.08,0.0,0.0,0.9410908,0.043383762,0.0129132345,0.002612141
TGATGGTAGTAGGTTA-1,0.16,0.08,0.0,0.0,0.9995241,6.731054e-05,0.00040302644,5.5909495e-06
TGATGGTAGTCACTAC-1,0.12,0.04,0.0,0.0,0.0357157,0.3184034,0.446854,0.19902687
TGATGGTAGTGACACG-1,0.12,0.04,0.0,0.0,0.084213644,0.43110436,0.27002805,0.21465398
TGATGGTCAAACGGCA-1,0.12,0.04,0.0,0.0,0.09374155,0.5442987,0.31430158,0.04765811
TGATGGTCAACTGAAA-1,0.12,0.04,0.0,0.0,0.97251713,0.02178289,0.005530645,0.0001693651
TGATGGTGTCTAGTGT-1,0.16,0.04,0.0,0.0,0.18490326,0.4138188,0.28545156,0.115826376
TGATGGTGTCTGATAC-1,0.16,0.04,0.0,0.0,0.11130088,0.37383005,0.3888543,0.12601483
TGATGGTTCAGCGGAA-1,0.16,0.08,0.0,0.0,1.9268e-07,0.0052809087,0.0025279482,0.9921909
TGATGGTTCTGTACAG-1,0.16,0.04,0.0,0.0,0.14196454,0.195037,0.54104656,0.12195193
TGATTCTAGCTGGCCT-1,0.08,0.04,0.0,0.0,0.004273149,0.520708,0.34415263,0.13086627
TGATTCTCAATAACCC-1,0.16,0.04,0.0,0.0,0.060345985,0.02265586,0.09161014,0.825388
TGATTCTCAATGGGTG-1,0.16,0.04,0.0,0.0,0.051180355,0.34290934,0.46521148,0.14069885
TGATTCTCACCACTGG-1,0.12,0.04,0.0,0.0,0.22436748,0.20633909,0.45203587,0.11725756
TGATTCTCACGGTAGA-1,0.16,0.04,0.0,0.0,0.9997069,0.00024334509,3.2866537e-05,1.6776276e-05
TGATTCTCAGGCCCTA-1,0.12,0.04,0.0,0.0,0.0015595318,0.1719684,0.22414461,0.60232747
TGATTCTGTCTAGGCC-1,0.12,0.04,0.0,0.0,0.075416945,0.121200345,0.5137463,0.28963634
TGATTCTTCCAACACA-1,0.16,0.08,0.0,0.0,0.03858501,0.7638449,0.13046008,0.06710992
TGATTCTTCCATTTCA-1,0.16,0.08,0.0,0.0,0.06433604,0.128078,0.26374367,0.5438423
TGATTCTTCCTCCACA-1,0.16,0.04,0.0,0.0,0.17657119,0.3289995,0.29603553,0.19839382
TGATTCTTCTTACTGT-1,0.16,0.08,0.0,0.0,0.11209719,0.5404515,0.31636485,0.031086482
TGATTTCAGGTAGACC-1,0.16,0.04,0.0,0.0,0.052365135,0.20870656,0.6616299,0.07729839
TGATTTCCAACAAGTA-1,0.12,0.04,0.0,0.0,0.9675166,0.020120576,0.010120205,0.0022426632
TGATTTCCATCCCACT-1,0.16,0.04,0.0,0.0,0.6110882,0.25106475,0.092019774,0.045827284
TGATTTCGTCGGCTAC-1,0.16,0.08,0.0,0.0,0.055216882,0.5055343,0.40143588,0.037812863
TGATTTCGTTGGAGAC-1,0.12,0.04,0.0,0.0,0.1700265,0.33896402,0.37980247,0.11120702
TGATTTCTCAAGAAAC-1,0.16,0.08,0.0,0.0,0.23465653,0.047923103,0.43097273,0.28644767
TGCACGGAGGGCCTCT-1,0.12,0.04,0.0,0.0,0.123444386,0.42636535,0.2103251,0.23986515
TGCACGGCACCCAAGC-1,0.12,0.04,0.0,0.0,0.2281474,0.15406057,0.3163701,0.30142188
TGCACGGCAGTACTAC-1,0.16,0.04,0.0,0.0,0.07885854,0.7362307,0.059380725,0.12553003
TGCACGGGTATGCTAC-1,0.12,0.04,0.0,0.0,0.9687302,0.021086743,0.0094448,0.0007382724
TGCACGGGTATTAAGG-1,0.12,0.04,0.0,0.0,0.015417161,0.5893974,0.3013651,0.09382035
TGCACGGGTCAGACTT-1,0.12,0.04,0.0,0.0,0.8759219,0.048334185,0.0741966,0.001547252
TGCACGGGTTTGCAGT-1,0.16,0.08,0.0,0.0,0.15354152,0.27966464,0.4713185,0.09547526
TGCACGGTCCGATCTC-1,0.16,0.08,0.0,0.0,0.923226,0.061880875,0.0107141035,0.0041791224
TGCACGGTCCTTATAC-1,0.12,0.04,0.0,0.0,0.9965371,0.0014585214,0.0019807527,2.3741377e-05
TGCACGGTCTTGCGCT-1,0.16,0.04,0.0,0.0,0.12710276,0.51519847,0.23442042,0.12327836
TGCAGATAGCAGTACG-1,0.16,0.04,0.0,0.0,0.37767628,0.32203943,0.24805795,0.05222627
TGCAGATAGCGTTGTT-1,0.16,0.08,0.0,0.0,0.052435193,0.6365437,0.18019094,0.13083026
TGCAGATGTCTTGAGT-1,0.16,0.04,0.0,0.0,0.9530248,0.013600153,0.032193527,0.0011815148
TGCAGATGTGCATTTG-1,0.12,0.04,0.0,0.0,0.9436319,0.04388147,0.012417547,6.917307e-05
TGCAGATGTTCCGGTG-1,0.16,0.08,0.0,0.0,0.33895302,0.16138025,0.14938712,0.35027954
TGCAGGCAGAACTTCC-1,0.12,0.04,0.0,0.0,0.9681567,0.0006673772,0.030852813,0.00032312569
TGCAGGCAGTCTGCGC-1,0.12,0.04,0.0,0.0,0.02345939,0.52512485,0.19415328,0.25726253
TGCAGGCCAATCGCCG-1,0.16,0.08,0.0,0.0,5.400582e-05,0.0005940361,0.10147915,0.89787275
TGCAGGCCACGAAGAC-1,0.16,0.04,0.0,0.0,0.863818,0.12283692,0.011596768,0.001748289
TGCAGGCCATCGCTGG-1,0.12,0.04,0.0,0.0,0.17501965,0.23698527,0.1205893,0.46740577
TGCAGGCTCGGAAACG-1,0.08,0.04,0.0,0.0,0.25778717,0.2877468,0.38800302,0.066463046
TGCAGTAAGATGAATC-1,0.16,0.08,0.0,0.0,0.019160563,0.15953529,0.065412,0.75589216
TGCAGTACATCCTGTC-1,0.12,0.04,0.0,0.0,0.5438526,0.17618394,0.16829447,0.111668974
TGCAGTAGTGCCCACA-1,0.12,0.04,0.0,0.0,0.03205042,0.5958098,0.30321738,0.06892235
TGCAGTATCACGGGCT-1,0.12,0.04,0.0,0.0,0.09220029,0.5495828,0.2815471,0.076669835
TGCAGTATCGCCACTT-1,0.16,0.08,0.0,0.0,0.39552385,0.034846216,0.18082456,0.38880545
TGCATCCAGCGTGCTC-1,0.12,0.04,0.0,0.0,0.0003663493,0.05795601,0.07226661,0.86941105
TGCATCCAGGATGTTA-1,0.16,0.04,0.0,0.0,0.09904519,0.61770606,0.17642727,0.106821544
TGCATCCCAGCGTGCT-1,0.16,0.04,0.0,0.0,0.059242293,0.78442395,0.11385198,0.042481773
TGCATCCGTAACGTTC-1,0.12,0.04,0.0,0.0,7.135577e-07,0.00064288743,0.00588172,0.99347466
TGCATCCGTCACCCTT-1,0.16,0.08,0.0,0.0,2.1640476e-06,0.0005092535,0.0067847883,0.9927038
TGCATCCGTCGATGCC-1,0.16,0.08,0.0,0.0,0.17584549,0.41054887,0.23955296,0.17405269
TGCATCCGTTGCTCGG-1,0.2,0.08,0.0,0.0,0.26127025,0.21405508,0.17955768,0.345117
TGCATGAAGAAGTATC-1,0.16,0.04,0.0,0.0,0.0011000701,0.020906502,0.15117252,0.82682097
TGCATGAAGCGTCAAG-1,0.16,0.08,0.0,0.0,0.1258425,0.15723307,0.6409137,0.07601073
TGCATGAAGGTCATAA-1,0.12,0.04,0.0,0.0,0.014165509,0.12260579,0.13030453,0.7329242
TGCATGAGTCAGGTGA-1,0.16,0.08,0.0,0.0,0.2338365,0.1416493,0.4829905,0.14152367
TGCATGAGTGATTCAC-1,0.12,0.04,0.0,0.0,0.17399034,0.5851776,0.08172417,0.15910786
TGCATGAGTGGGTTGA-1,0.16,0.08,0.0,0.0,0.016801191,0.5494926,0.25888395,0.1748222
TGCATGATCGTTCTCG-1,0.12,0.04,0.0,0.0,0.045315962,0.747781,0.16746837,0.039434705
TGCCGAGAGAGCTGAC-1,0.12,0.04,0.0,0.0,1.0866516e-05,0.014833688,0.033302315,0.9518531
TGCCGAGCAACGACTT-1,0.16,0.08,0.0,0.0,0.82875323,0.03263992,0.11063255,0.027974317
TGCCGAGCAGCAGTTT-1,0.16,0.08,0.0,0.0,0.02960988,0.07110128,0.47695136,0.4223375
TGCCGAGCAGGTATGG-1,0.12,0.04,0.0,0.0,0.12367571,0.43111846,0.3737019,0.07150397
TGCCGAGCAGTCGAGA-1,0.12,0.04,0.0,0.0,0.31917444,0.052555535,0.47640657,0.15186343
TGCCGAGGTACGTAGG-1,0.12,0.04,0.0,0.0,0.028278235,0.75706303,0.10672462,0.10793414
TGCCGAGGTCAACCAT-1,0.12,0.04,0.0,0.0,0.91757023,0.0505123,0.029948186,0.001969297
TGCCGAGGTTGCTGAT-1,0.12,0.04,0.0,0.0,0.27530327,0.02736866,0.3124613,0.38486674
TGCCGAGGTTGTAAAG-1,0.12,0.04,0.0,0.0,0.10904358,0.18132508,0.5626877,0.14694364
TGCCGAGTCCGTGGCA-1,0.12,0.04,0.0,0.0,0.99867153,0.0004963898,0.0008230954,8.988291e-06
TGCCGAGTCTGGACCG-1,0.16,0.08,0.0,0.0,0.037497304,0.630341,0.2827023,0.049459387
TGCGACGAGAACCGCA-1,0.12,0.04,0.0,0.0,0.27568668,0.08042849,0.24280141,0.40108344
TGCGACGAGATTAGTG-1,0.16,0.08,0.0,0.0,0.38047665,0.06076854,0.5104459,0.04830893
TGCGACGCACAAGCCC-1,0.16,0.08,0.0,0.0,0.3530475,0.057159457,0.1835481,0.4062449
TGCGACGCAGGATCTT-1,0.16,0.04,0.0,0.0,0.0637968,0.13906786,0.5325052,0.2646301
TGCGACGCATACATCG-1,0.08,0.04,0.0,0.0,0.17367877,0.63814706,0.14451635,0.043657806
TGCGACGTCAGCAATC-1,0.04,0.04,0.0,0.0,0.052611016,0.4336253,0.3061223,0.20764148
TGCGATAAGCAGCAGT-1,0.16,0.04,0.0,0.0,0.03131398,0.4976251,0.34516948,0.12589145
TGCGATACAAAGCACG-1,0.04,0.04,0.0,0.0,0.7115199,0.08977337,0.16763976,0.031067047
TGCGATATCCGGACTG-1,0.16,0.04,0.0,0.0,0.16476452,0.35617402,0.34703177,0.1320297
TGCGATATCCTCATAT-1,0.2,0.08,0.0,0.0,0.048030272,0.080374755,0.18942128,0.68217367
TGCGGCACAACACGAG-1,0.12,0.04,0.0,0.0,0.93647754,0.027719438,0.029913591,0.005889399
TGCGGCACACGCGTCA-1,0.12,0.04,0.0,0.0,0.9870609,0.008472898,0.0037149093,0.00075125543
TGCGGCACAGGGTTGA-1,0.12,0.04,0.0,0.0,0.55263275,0.21016543,0.21394357,0.023258211
TGCGGCACATACTGTG-1,0.16,0.04,0.0,0.0,0.3775158,0.20510443,0.38906395,0.028315863
TGCGGCAGTCTTCTAT-1,0.16,0.08,0.0,0.0,0.1837291,0.3646596,0.15714267,0.2944686
TGCGGCAGTTCTTGTT-1,0.12,0.04,0.0,0.0,0.9754726,0.013955593,0.010286074,0.0002857541
TGCGGCAGTTGGACTT-1,0.12,0.04,0.0,0.0,0.8745795,0.046489447,0.0702119,0.008719071
TGCGGCATCCCTCTCC-1,0.16,0.08,0.0,0.0,0.020116813,0.33192542,0.4538208,0.1941369
TGCGGCATCGAACACT-1,0.16,0.08,0.0,0.0,0.04366767,0.24454875,0.21621248,0.49557114
TGCGGCATCTCGTTTA-1,0.12,0.04,0.0,0.0,0.10307602,0.06446128,0.7455442,0.086918525
TGCGGCATCTGCTTAT-1,0.12,0.04,0.0,0.0,0.13061495,0.5468425,0.20983937,0.11270315
TGCGGGTCAACTAGAA-1,0.16,0.08,0.0,0.0,8.6090934e-10,1.7618397e-05,0.0010463912,0.998936
TGCGGGTCAATCGAAA-1,0.16,0.08,0.0,0.0,0.26351628,0.11910453,0.34454328,0.2728359
TGCGGGTTCAAAGGAT-1,0.16,0.08,0.0,0.0,0.27153325,0.20347501,0.50209355,0.022898214
TGCGGGTTCGACCATA-1,0.2,0.08,0.0,0.0,0.87022436,0.04281352,0.07447762,0.0124845
TGCTCCAAGGTGGGTT-1,0.08,0.04,0.0,0.0,0.57050925,0.18909316,0.20560454,0.03479312
TGCTCCACAAGTTCCA-1,0.16,0.08,0.0,0.0,0.26910844,0.22178698,0.22267093,0.2864336
TGCTCCACACAGTCAT-1,0.12,0.04,0.0,0.0,0.15148039,0.53446686,0.16791907,0.14613365
TGCTCCACAGCAATTC-1,0.12,0.04,0.0,0.0,0.99296415,0.0024853596,0.004371357,0.00017924493
TGCTCCACAGTTCACA-1,0.16,0.08,0.0,0.0,0.678505,0.15365444,0.07346101,0.09437944
TGCTCCAGTGCGTTTA-1,0.16,0.04,0.0,0.0,1.6856804e-06,0.008361885,0.024050403,0.96758604
TGCTCCAGTTCGGTTA-1,0.12,0.04,0.0,0.0,0.9769419,0.011359796,0.0076581277,0.004040258
TGCTCCATCGCAATTG-1,0.12,0.04,0.0,0.0,0.0983028,0.580857,0.09543687,0.22540341
TGCTCCATCTGCTAGA-1,0.12,0.04,0.0,0.0,0.19323719,0.46142983,0.26704502,0.07828804
TGCTCGTAGTAGGATT-1,0.16,0.08,0.0,0.0,0.19056192,0.18047133,0.45698133,0.17198545
TGCTCGTCAACCTATG-1,0.16,0.04,0.0,0.0,0.0669661,0.079674184,0.79175115,0.06160854
TGCTCGTCACATAGCT-1,0.16,0.04,0.0,0.0,0.059846535,0.09343115,0.626986,0.21973625
TGCTCGTCATAGCTGT-1,0.12,0.08,0.0,0.0,0.99325776,0.0029943555,0.003708495,3.946308e-05
TGCTCGTGTACTCAAC-1,0.16,0.08,0.0,0.0,0.9878876,0.0018920639,0.00944872,0.0007716967
TGCTCGTGTATCGAAA-1,0.16,0.04,0.0,0.0,0.0931693,0.13605514,0.6273643,0.14341126
TGCTCGTTCATGTCTT-1,0.16,0.04,0.0,0.0,0.19197422,0.28951046,0.25374275,0.26477256
TGCTGAAAGTCCTACA-1,0.24,0.08,0.0,0.0,0.39238352,0.12770179,0.16062948,0.31928515
TGCTGAAAGTCTTGGT-1,0.12,0.04,0.0,0.0,0.031966202,0.5221468,0.3638673,0.08201965
TGCTGAACATGACTCA-1,0.12,0.04,0.0,0.0,0.04194113,0.11836471,0.5179759,0.32171825
TGCTGAAGTAATACCC-1,0.16,0.04,0.0,0.0,0.030572407,0.78202,0.12097138,0.06643617
TGCTGAATCATCGGGC-1,0.16,0.08,0.0,0.0,0.2440972,0.13843498,0.30997092,0.30749696
TGCTGAATCCTGCCAT-1,0.16,0.04,0.0,0.0,0.07033534,0.52604336,0.22821133,0.17541005
TGCTGAATCGGTAGAG-1,0.16,0.08,0.0,0.0,0.26305568,0.3138529,0.14882927,0.2742622
TGCTTCGAGAAGCTCG-1,0.16,0.08,0.0,0.0,0.9081744,0.03703409,0.054503012,0.00028856104
TGCTTCGAGGTAGTCG-1,0.16,0.08,0.0,0.0,0.308047,0.36694968,0.25264955,0.072353765
TGCTTCGGTACAGAGC-1,0.16,0.08,0.0,0.0,3.8922703e-08,3.3763674e-05,0.0022721458,0.9976941
TGCTTCGGTGTTCGTA-1,0.16,0.04,0.0,0.0,0.578144,0.1554664,0.2284393,0.037950315
TGCTTCGTCACCGGTG-1,0.16,0.08,0.0,0.0,0.11174213,0.34758016,0.33205983,0.20861787
TGCTTCGTCCAGTGTA-1,0.16,0.08,0.0,0.0,0.12185495,0.5394968,0.2724388,0.06620948
TGCTTGCAGTTAGTGA-1,0.16,0.08,0.0,0.0,0.15941797,0.22057424,0.20509262,0.4149151
TGCTTGCCAATTGCCA-1,0.16,0.08,0.0,0.0,0.2596619,0.04888343,0.48527426,0.20618033
TGCTTGCCATGCTGCG-1,0.16,0.08,0.0,0.0,0.11370796,0.6119736,0.23405308,0.04026538
TGCTTGCGTGCTCGTG-1,0.16,0.08,0.0,0.0,0.2985412,0.009632942,0.46768245,0.22414337
TGCTTGCGTGGCTGCT-1,0.12,0.04,0.0,0.0,8.255177e-06,0.0035172799,0.009997,0.9864775
TGCTTGCGTTCCACGG-1,0.16,0.04,0.0,0.0,0.06497707,0.5470558,0.282591,0.10537612
TGCTTGCTCGGCACTG-1,0.12,0.04,0.0,0.0,0.90018076,0.05958062,0.023520337,0.01671831
TGGAACTAGATGGGCT-1,0.12,0.04,0.0,0.0,0.16025135,0.40169778,0.31628415,0.121766716
TGGAACTGTGTAACGG-1,0.12,0.04,0.0,0.0,0.20723593,0.07678299,0.38592234,0.33005875
TGGAACTTCCCTATTA-1,0.12,0.04,0.0,0.0,0.056470133,0.15453835,0.55218196,0.23680961
TGGAGAGAGCGCCTTG-1,0.12,0.04,0.0,0.0,0.09003479,0.6460285,0.1657378,0.09819884
TGGAGAGAGGAAGTCC-1,0.16,0.08,0.0,0.0,0.94693124,0.047682736,0.0042228894,0.0011632716
TGGAGAGCAATCGCGC-1,0.16,0.08,0.0,0.0,0.98112845,0.006482884,0.011730336,0.00065838126
TGGAGAGGTAGTCACT-1,0.16,0.08,0.0,0.0,0.9682418,0.023806129,0.004575513,0.0033766252
TGGAGAGGTTGCTCAA-1,0.16,0.04,0.0,0.0,0.11061816,0.21710342,0.5044426,0.16783579
TGGAGGACACACACGC-1,0.12,0.04,0.0,0.0,0.1409279,0.2013948,0.37903184,0.27864552
TGGAGGACAGCTCCTT-1,0.16,0.04,0.0,0.0,0.0064283893,0.38270208,0.122683175,0.48818636
TGGAGGACAGTGGCTC-1,0.16,0.04,0.0,0.0,0.19613281,0.44678685,0.1555033,0.20157705
TGGAGGAGTATGAAGT-1,0.16,0.08,0.0,0.0,0.00010980638,0.02953162,0.049023293,0.9213352
TGGAGGAGTCTCGACG-1,0.16,0.08,0.0,0.0,0.17802718,0.16788141,0.42356682,0.23052458
TGGAGGAGTGAGACCA-1,0.12,0.04,0.0,0.0,0.5217804,0.20149459,0.214146,0.06257902
TGGAGGAGTTCCGCGA-1,0.12,0.04,0.0,0.0,0.6619352,0.22798838,0.06337878,0.046697646
TGGAGGAGTTCCTTGC-1,0.16,0.04,0.0,0.0,0.19669698,0.28190562,0.4212133,0.10018407
TGGAGGATCGCTAAAC-1,0.04,0.08,0.0,0.0,0.85281956,0.1108993,0.03451085,0.0017702263
TGGAGGATCTATCGCC-1,0.08,0.04,0.0,0.0,0.04842318,0.50211924,0.31775048,0.13170707
TGGATCAAGAGTCCGA-1,0.16,0.08,0.0,0.0,0.18505402,0.15504806,0.13877116,0.5211268
TGGATCAAGATCGCCC-1,0.12,0.04,0.0,0.0,0.90441567,0.07896272,0.015419286,0.0012023975
TGGATCAAGCGTATGG-1,0.16,0.08,0.0,0.0,0.97964215,0.0039718323,0.015908591,0.00047741455
TGGATCAAGGGTTGCA-1,0.12,0.08,0.0,0.0,0.07372002,0.5461318,0.3310109,0.049137205
TGGATCAAGGTCATTC-1,0.12,0.04,0.0,0.0,0.11653136,0.5922692,0.16056776,0.13063163
TGGATCAAGTAATCCC-1,0.12,0.04,0.0,0.0,0.13901585,0.41020364,0.27838737,0.17239313
TGGATCACACTAACGT-1,0.12,0.04,0.0,0.0,0.07363227,0.56080014,0.19011346,0.17545421
TGGATCACAGACCCGT-1,0.12,0.04,0.0,0.0,0.9884543,0.0069435406,0.0041504595,0.00045174378
TGGATCATCAGCAATC-1,0.16,0.08,0.0,0.0,0.11253597,0.12978461,0.5879294,0.16974999
TGGATCATCCTTCTTC-1,0.12,0.04,0.0,0.0,0.26979017,0.2998549,0.23644155,0.19391336
TGGATGTAGCCTCACG-1,0.2,0.08,0.0,0.0,0.32832718,0.01807718,0.27561253,0.37798318
TGGATGTAGCGAGGAG-1,0.16,0.04,0.0,0.0,0.1023164,0.41670293,0.44320363,0.03777707
TGGATGTAGCGGATCA-1,0.12,0.04,0.0,0.0,0.22894575,0.34075832,0.3730756,0.057220355
TGGATGTAGGTTGGTG-1,0.12,0.04,0.0,0.0,0.06171512,0.077046394,0.8132597,0.047978744
TGGATGTCAAGGTACG-1,0.16,0.04,0.0,0.0,0.13841574,0.5876271,0.17191803,0.10203918
TGGATGTCAGGGACTA-1,0.16,0.08,0.0,0.0,0.17359054,0.4439179,0.1561209,0.2263707
TGGATGTGTAGGGAGG-1,0.12,0.04,0.0,0.0,0.018080901,0.024926344,0.2535452,0.7034476
TGGATGTGTCTACAAC-1,0.12,0.04,0.0,0.0,0.06954795,0.48923528,0.27167085,0.1695459
TGGATGTTCAGCTGAT-1,0.12,0.04,0.0,0.0,0.12863147,0.35520816,0.32454672,0.19161361
TGGCGTGAGACTCTTG-1,0.2,0.08,0.0,0.0,0.06363507,0.009765724,0.85178196,0.074817196
TGGCGTGAGCCATTGT-1,0.12,0.04,0.0,0.0,0.059488777,0.6276659,0.10884793,0.20399742
TGGCGTGAGCGATTCT-1,0.16,0.08,0.0,0.0,0.017113516,0.03531452,0.24903294,0.698539
TGGCGTGCATCATCTT-1,0.16,0.08,0.0,0.0,0.15252756,0.102622196,0.54650563,0.19834462
TGGCGTGTCTCATGCC-1,0.12,0.04,0.0,0.0,0.0070062107,0.07453815,0.18317214,0.7352835
TGGGAAGAGCGTACAG-1,0.16,0.08,0.0,0.0,0.6760159,0.23170134,0.08763573,0.0046469914
TGGGAAGCACACAGCC-1,0.16,0.04,0.0,0.0,0.36824453,0.059459846,0.55636996,0.015925668
TGGGAAGGTCTTCATT-1,0.2,0.08,0.0,0.0,0.21749033,0.114328586,0.3955168,0.2726643
TGGGAAGTCAGAATAG-1,0.12,0.04,0.0,0.0,0.028087437,0.47824088,0.3746501,0.119021595
TGGGAGAAGAAACTCA-1,0.16,0.08,0.0,0.0,0.9309291,0.045008354,0.021894978,0.0021674223
TGGGAGAAGTGCCCGT-1,0.12,0.04,0.0,0.0,0.13541909,0.74262965,0.053746838,0.06820443
TGGGAGAGTCACTAGT-1,0.2,0.08,0.0,0.0,0.100112334,0.12987779,0.19633444,0.57367545
TGGGAGATCAAAGGTA-1,0.16,0.04,0.0,0.0,0.06407308,0.34906805,0.25366685,0.33319205
TGGGAGATCCGTAGGC-1,0.2,0.08,0.0,0.0,0.011773827,0.5941611,0.38759145,0.0064735804
TGGGATTAGGCGAAGG-1,0.16,0.04,0.0,0.0,0.06638034,0.659439,0.07708341,0.19709726
TGGGATTCAAATAAGC-1,0.16,0.08,0.0,0.0,0.36073172,0.08355489,0.23217846,0.32353488
TGGGATTCACCATATG-1,0.16,0.08,0.0,0.0,0.4998984,0.034295034,0.24273887,0.22306773
TGGGATTGTAGACAGC-1,0.12,0.04,0.0,0.0,0.119434185,0.6020159,0.08565324,0.19289668
TGGGATTGTTGGGACA-1,0.16,0.08,0.0,0.0,0.33807763,0.3141231,0.1475882,0.20021112
TGGGATTTCCTGTAGA-1,0.16,0.08,0.0,0.0,0.000104187784,0.007552635,0.030356549,0.9619866
TGGGATTTCGCGCTGA-1,0.12,0.04,0.0,0.0,0.04005577,0.7158962,0.1902275,0.053820517
TGGGCGTAGGATGGCT-1,0.16,0.04,0.0,0.0,9.319767e-06,0.0042139273,0.017982498,0.97779423
TGGGCGTCAATCAAGA-1,0.12,0.04,0.0,0.0,0.17281024,0.41808176,0.19699913,0.21210888
TGGGCGTCACTGCATA-1,0.16,0.08,0.0,0.0,4.0206416e-09,0.0010786848,0.0010885893,0.9978327
TGGGCGTCAGGCTACC-1,0.16,0.08,0.0,0.0,0.15373352,0.059742533,0.6919202,0.09460375
TGGGCGTGTGCCTATA-1,0.16,0.08,0.0,0.0,0.2429901,0.33834168,0.38918743,0.029480852
TGGGCGTTCGGTAGGA-1,0.16,0.08,0.0,0.0,0.053276718,0.6157667,0.2052386,0.125718
TGGGCGTTCTTCGTGC-1,0.16,0.08,0.0,0.0,0.14614058,0.42363733,0.26231056,0.16791154
TGGGCTGAGCGATGAC-1,0.12,0.04,0.0,0.0,0.11145842,0.23445784,0.43769887,0.21638484
TGGGCTGCAATAACCC-1,0.2,0.08,0.0,0.0,0.16494419,0.3455407,0.21692184,0.2725933
TGGGCTGGTGCGGCTT-1,0.16,0.08,0.0,0.0,0.04275373,0.13127008,0.2129215,0.6130547
TGGGCTGGTTCCAAAC-1,0.16,0.08,0.0,0.0,0.13949648,0.20189218,0.55836564,0.10024566
TGGGCTGTCACGAGGA-1,0.12,0.04,0.0,0.0,0.0002106178,0.19533096,0.107367724,0.6970907
TGGGTTAAGCTCGGCT-1,0.12,0.04,0.0,0.0,0.24079685,0.24391037,0.23127688,0.2840159
TGGGTTACAGTGGCTC-1,0.12,0.04,0.0,0.0,0.046359144,0.5902156,0.281684,0.08174112
TGGGTTATCGCTGACG-1,0.16,0.04,0.0,0.0,0.112508774,0.5458404,0.30630144,0.035349388
TGGTACAAGCCTCCAG-1,0.16,0.04,0.0,0.0,0.057831258,0.4325103,0.25104597,0.25861242
TGGTACACATCATTGG-1,0.16,0.08,0.0,0.0,0.025124246,0.7121103,0.13838518,0.12438032
TGGTACAGTAACTAAG-1,0.08,0.04,0.0,0.0,0.59167963,0.31858906,0.082445025,0.007286363
TGGTACAGTTCAAGTC-1,0.24,0.08,0.0,0.0,0.9651147,0.005208141,0.015594003,0.014083212
TGGTAGTAGCAACAGC-1,0.16,0.04,0.0,0.0,0.9659384,0.022401819,0.011017841,0.0006419253
TGGTAGTGTATCGTTG-1,0.16,0.08,0.0,0.0,0.06247106,0.62262326,0.20960078,0.105304934
TGGTAGTTCCCGTTGT-1,0.16,0.04,0.0,0.0,0.93894136,0.044541296,0.015380966,0.0011364224
TGGTAGTTCTCATTTG-1,0.2,0.08,0.0,0.0,0.28569537,0.07248656,0.325036,0.316782
TGGTAGTTCTGGTGGC-1,0.12,0.04,0.0,0.0,0.056286756,0.41452852,0.46570152,0.06348326
TGGTGATAGCGTGTTT-1,0.12,0.04,0.0,0.0,0.066083476,0.71092963,0.09541458,0.12757236
TGGTGATCAAGCAATA-1,0.16,0.08,0.0,0.0,0.10187987,0.6788448,0.18559243,0.033682946
TGGTGATCAGCCCACA-1,0.16,0.04,0.0,0.0,0.11871935,0.63589007,0.14624985,0.09914066
TGGTGATGTAACGCGA-1,0.16,0.08,0.0,0.0,0.9527716,0.0064219744,0.039558154,0.0012482622
TGGTGATGTACCAATC-1,0.16,0.08,0.0,0.0,0.08420677,0.6154574,0.25777036,0.0425654
TGGTGATTCACAATGC-1,0.12,0.04,0.0,0.0,0.019461071,0.8229702,0.12751925,0.030049514
TGGTGATTCATCGCTC-1,0.16,0.04,0.0,0.0,0.34053516,0.16911864,0.24033552,0.2500106
TGGTTAGGTCAGCGTC-1,0.2,0.08,0.0,0.0,0.03129856,0.10114931,0.42573145,0.44182068
TGGTTAGGTCCAAATC-1,0.12,0.04,0.0,0.0,0.7970063,0.15497322,0.041520942,0.006499494
TGGTTAGGTCCTACGG-1,0.12,0.04,0.0,0.0,0.046387088,0.016066996,0.20312859,0.7344173
TGGTTAGTCACCGCTT-1,0.12,0.04,0.0,0.0,0.013534789,0.28377503,0.5899633,0.11272687
TGGTTAGTCGACGAGA-1,0.2,0.08,0.0,0.0,0.1394218,0.6190188,0.08924242,0.15231696
TGTAACGAGCCTCACG-1,0.12,0.04,0.0,0.0,0.15697658,0.3826071,0.3164266,0.14398968
TGTAACGCATCATTTC-1,0.16,0.08,0.0,0.0,0.13903534,0.5964068,0.2120671,0.05249071
TGTAACGTCCGGTAAT-1,0.16,0.08,0.0,0.0,0.002961585,0.004087529,0.06695177,0.92599905
TGTAACGTCCTGTACC-1,0.16,0.08,0.0,0.0,0.26509055,0.062328007,0.36160856,0.31097287
TGTAACGTCGTGGCTG-1,0.16,0.08,0.0,0.0,0.20725039,0.075638026,0.53836524,0.1787464
TGTAAGCAGAGAGGTA-1,0.16,0.08,0.0,0.0,0.30566907,0.12994325,0.17256486,0.39182284
TGTAAGCAGATAACGT-1,0.16,0.08,0.0,0.0,0.106740884,0.43699634,0.26476312,0.19149971
TGTAAGCAGCGTATAA-1,0.16,0.04,0.0,0.0,0.0992746,0.72352123,0.097352535,0.07985164
TGTAAGCAGCTAAGTA-1,0.12,0.04,0.0,0.0,0.045893133,0.5444186,0.33120877,0.07847951
TGTAAGCAGGATTCCT-1,0.08,0.04,0.0,0.0,0.024449121,0.46566078,0.36274108,0.14714906
TGTACAGAGCAATTCC-1,0.16,0.08,0.0,0.0,2.9392637e-09,3.7000584e-05,0.0009538799,0.99900913
TGTACAGAGTTTGCTG-1,0.08,0.04,0.0,0.0,0.10060099,0.22383371,0.539717,0.13584831
TGTACAGCAACCGCCA-1,0.16,0.08,0.0,0.0,0.14008816,0.53179777,0.19337967,0.13473439
TGTACAGCAATTGAGA-1,0.16,0.04,0.0,0.0,0.14595307,0.48036054,0.26400352,0.10968294
TGTACAGCATGACAGG-1,0.12,0.04,0.0,0.0,0.689113,0.061650265,0.19339457,0.055842113
TGTACAGCATGGGTCC-1,0.12,0.04,0.0,0.0,0.52082783,0.27410382,0.19003646,0.015031797
TGTACAGCATTGTCGA-1,0.16,0.08,0.0,0.0,0.29335204,0.15978318,0.30724564,0.23961914
TGTACAGGTCGAACGA-1,0.16,0.08,0.0,0.0,0.0885123,0.010364274,0.70899343,0.19212998
TGTACAGGTTGGAGAC-1,0.04,0.12,0.0,0.0,0.04824578,0.081378035,0.23830347,0.63207275
TGTAGACAGAATTGTG-1,0.12,0.04,0.0,0.0,0.048173096,0.3115251,0.40415457,0.23614722
TGTAGACAGTTGGGAC-1,0.24,0.08,0.0,0.0,0.21729773,0.47043917,0.25129068,0.060972475
TGTAGACCACTTCATT-1,0.16,0.08,0.0,0.0,0.3411936,0.32377824,0.2570738,0.077954344
TGTAGACCAGATCCTA-1,0.16,0.04,0.0,0.0,0.08371577,0.29203612,0.50363654,0.12061155
TGTAGACCAGTCGGTC-1,0.12,0.04,0.0,0.0,0.05577799,0.31603417,0.33007392,0.298114
TGTAGACGTAAGTTAG-1,0.16,0.08,0.0,0.0,0.28260213,0.23623027,0.3374349,0.14373277
TGTAGACGTCAATGGG-1,0.12,0.04,0.0,0.0,0.28856808,0.53825766,0.1013333,0.07184089
TGTAGACTCCGATCTC-1,0.16,0.08,0.0,0.0,0.17686863,0.026487691,0.66160053,0.1350432
TGTAGACTCGATGCTA-1,0.24,0.08,0.0,0.0,0.37522402,0.06942626,0.3460521,0.20929767
TGTAGACTCTAGGCAT-1,0.16,0.04,0.0,0.0,0.085281655,0.21083635,0.48227564,0.2216064
TGTAGACTCTCGCTTG-1,0.08,0.04,0.0,0.0,0.39720547,0.5232697,0.061195254,0.018329496
TGTCAGAAGGATGTTA-1,0.12,0.04,0.0,0.0,0.27851218,0.24489328,0.16995679,0.3066377
TGTCAGAAGTCTCCTC-1,0.16,0.04,0.0,0.0,0.033045802,0.79030395,0.13401301,0.042637154
TGTCAGACACTCTAGA-1,0.16,0.08,0.0,0.0,0.30953002,0.12295823,0.25388655,0.3136252
TGTCAGAGTTAACAGA-1,0.12,0.04,0.0,0.0,0.05275003,0.32544914,0.36482677,0.25697404
TGTCCACAGGTTAAAC-1,0.12,0.04,0.0,0.0,0.17897667,0.09612774,0.5581347,0.16676097
TGTCCACAGTGGAAGA-1,0.16,0.08,0.0,0.0,0.14979278,0.40420535,0.18326111,0.2627408
TGTCCACTCCCTCGTA-1,0.16,0.08,0.0,0.0,0.12998007,0.13180463,0.35955313,0.3786622
TGTCCCAAGTTGGACG-1,0.16,0.08,0.0,0.0,0.14026852,0.0315749,0.7124243,0.11573227
TGTCCCACAGCTTCGG-1,0.16,0.08,0.0,0.0,0.32559505,0.10499074,0.4643765,0.10503774
TGTCCCATCGATACGT-1,0.16,0.04,0.0,0.0,0.57205236,0.22477417,0.19119127,0.01198224
TGTCCTGAGACTGGGT-1,0.16,0.08,0.0,0.0,0.38037437,0.10495754,0.2291058,0.2855623
TGTCCTGAGCACTCAT-1,0.16,0.04,0.0,0.0,0.07577035,0.38903537,0.38206849,0.1531258
TGTCCTGCAAGTGTCT-1,0.12,0.04,0.0,0.0,0.75130826,0.2298144,0.018337311,0.0005401065
TGTCCTGTCCCGAATA-1,0.16,0.04,0.0,0.0,0.13812338,0.42780757,0.103809625,0.33025947
TGTCCTGTCGATTTCT-1,0.04,0.04,0.0,0.0,0.9306475,0.05506219,0.013545678,0.0007446787
TGTGAGTCAGAGATTA-1,0.16,0.08,0.0,0.0,0.020654008,0.7812912,0.17917679,0.018878013
TGTGAGTCAGGACTAG-1,0.16,0.08,0.0,0.0,0.06457556,0.06309868,0.8448211,0.027504632
TGTGATGAGTGGATTA-1,0.16,0.08,0.0,0.0,0.11019445,0.59091,0.24136792,0.05752754
TGTGATGCACCGTGCA-1,0.16,0.04,0.0,0.0,0.9169012,0.072344206,0.0056718276,0.005082753
TGTGATGCAGAGTAAT-1,0.16,0.08,0.0,0.0,0.07511686,0.14756522,0.7358945,0.04142341
TGTGATGGTCAACACT-1,0.24,0.08,0.0,0.0,0.26577055,0.031195873,0.37212512,0.33090842
TGTGATGGTGATATAG-1,0.12,0.04,0.0,0.0,0.07755912,0.6446683,0.064103596,0.21366903
TGTGATGGTGGCTTAT-1,0.16,0.08,0.0,0.0,0.23643164,0.16689318,0.39857432,0.1981008
TGTGATGTCGTCAGAT-1,0.16,0.04,0.0,0.0,0.26227793,0.14061283,0.43184495,0.16526425
TGTGCGGAGCACTCAT-1,0.12,0.04,0.0,0.0,0.8431477,0.14405431,0.011136551,0.0016614567
TGTGCGGCAACCTATG-1,0.12,0.04,0.0,0.0,0.04511716,0.8898114,0.051527206,0.013544112
TGTGCGGGTAACATAG-1,0.16,0.04,0.0,0.0,0.025740938,0.34372857,0.56011033,0.070420235
TGTGCGGGTGACGCCT-1,0.16,0.08,0.0,0.0,0.35433704,0.23216021,0.35676557,0.056737218
TGTGCGGGTTGACTAC-1,0.16,0.08,0.0,0.0,0.17615649,0.39230514,0.3192398,0.1122986
TGTGCGGTCTGCCCTA-1,0.04,0.04,0.0,0.0,1.7724746e-05,0.008657051,0.04037361,0.95095164
TGTGGCGGTAACACCT-1,0.16,0.04,0.0,0.0,0.068581276,0.18802367,0.36099613,0.38239896
TGTGGCGGTAGTCTGT-1,0.16,0.08,0.0,0.0,0.0070861503,0.7701655,0.19761962,0.025128696
TGTGGCGTCATCTCTA-1,0.12,0.04,0.0,0.0,0.28229997,0.6897401,0.024346763,0.0036131057
TGTGGCGTCTATACGG-1,0.16,0.08,0.0,0.0,0.95522887,0.016368814,0.027346715,0.001055625
TGTGTGACAAGATCCT-1,0.16,0.08,0.0,0.0,0.22373995,0.09404241,0.3769771,0.30524054
TGTGTGATCACACGAT-1,0.16,0.08,0.0,0.0,0.047974158,0.37818646,0.53375405,0.040085338
TGTGTGATCCTACACC-1,0.12,0.04,0.0,0.0,0.17934598,0.53358215,0.22457166,0.062500246
TGTGTGATCGAACACT-1,0.12,0.04,0.0,0.0,0.03250485,0.7009345,0.18355472,0.08300583
TGTGTGATCGAAGAAT-1,0.16,0.04,0.0,0.0,0.15792568,0.5113577,0.14344333,0.1872733
TGTGTGATCTTCTTCC-1,0.2,0.08,0.0,0.0,0.28331858,0.20336595,0.18325157,0.33006388
TGTTACTAGCAAATCA-1,0.12,0.04,0.0,0.0,0.79325086,0.15405689,0.0457439,0.0069483123
TGTTACTAGTCCTACA-1,0.04,0.04,0.0,0.0,0.7042512,0.117470555,0.15866011,0.019618148
TGTTACTCACACTGGC-1,0.2,0.08,0.0,0.0,0.2636006,0.085187614,0.39762324,0.2535886
TGTTACTGTGCGAGTA-1,0.16,0.08,0.0,0.0,0.9984712,0.00020985903,0.0013127922,6.2267236e-06
TGTTACTGTGTTACAC-1,0.16,0.08,0.0,0.0,0.060293514,0.59125674,0.2027677,0.14568207
TGTTACTTCTAGAACC-1,0.16,0.04,0.0,0.0,0.5518964,0.19860682,0.21977305,0.029723752
TGTTACTTCTCGGCTT-1,0.16,0.08,0.0,0.0,0.05103229,0.17876835,0.0998153,0.67038405
TGTTACTTCTTGCAGA-1,0.16,0.04,0.0,0.0,0.2417792,0.29681334,0.2786661,0.18274139
TGTTCATAGCATTGAA-1,0.16,0.08,0.0,0.0,0.38185063,0.060186468,0.1404656,0.41749734
TGTTCATAGTATGACA-1,0.12,0.04,0.0,0.0,0.03301949,0.086339645,0.6245076,0.25613326
TGTTCATCAGCTACAT-1,0.2,0.08,0.0,0.0,0.2830682,0.15543222,0.22090946,0.34059012
TGTTCATCATCGCTCT-1,0.2,0.08,0.0,0.0,0.12011472,0.5575888,0.27834404,0.043952405
TGTTCCGAGGTAATCA-1,0.12,0.04,0.0,0.0,0.03958036,0.75449187,0.15375994,0.052167866
TGTTCCGCAATCGCAT-1,0.16,0.04,0.0,0.0,0.026981736,0.37204868,0.29993406,0.3010355
TGTTCCGCATTACTCT-1,0.16,0.08,0.0,0.0,0.8424317,0.09955503,0.039940994,0.01807231
TGTTCCGTCTGGACCG-1,0.16,0.08,0.0,0.0,2.7677559e-06,0.0013757177,0.0072981813,0.99132335
TGTTCTACACGTTGGC-1,0.16,0.08,0.0,0.0,0.11566228,0.6372417,0.1372907,0.109805234
TGTTCTAGTCTTCATT-1,0.16,0.08,0.0,0.0,0.045682784,0.5484555,0.25692534,0.1489364
TGTTCTATCGTCAAAC-1,0.16,0.08,0.0,0.0,0.99427575,0.0044451347,0.0012441301,3.4920035e-05
TGTTGAGAGACATAAC-1,0.16,0.08,0.0,0.0,0.16358468,0.5863988,0.15622848,0.09378803
TGTTGAGAGCCGTTGC-1,0.16,0.04,0.0,0.0,0.03618287,0.82454544,0.097462036,0.04180958
TGTTGAGGTCAGTCTA-1,0.16,0.04,0.0,0.0,0.012154158,0.9398072,0.01410071,0.03393789
TGTTGAGTCAACCTCC-1,0.24,0.08,0.0,0.0,0.34553993,0.08938929,0.23738681,0.32768393
TGTTGAGTCAGTGCGC-1,0.12,0.04,0.0,0.0,0.01856661,0.77783966,0.17771612,0.025877496
TGTTGAGTCGACGATT-1,0.16,0.04,0.0,0.0,0.08366186,0.63344336,0.18624628,0.09664854
TGTTGGAAGTCAGCCC-1,0.16,0.04,0.0,0.0,0.14981587,0.28918353,0.47042334,0.09057725
TGTTGGACAGTGTATC-1,0.16,0.08,0.0,0.0,0.011852447,0.035853636,0.19827111,0.75402284
TGTTGGATCAGTGCGC-1,0.12,0.04,0.0,0.0,0.16843262,0.69405794,0.09714915,0.040360235
TGTTGGATCATCCTGC-1,0.12,0.04,0.0,0.0,0.15450524,0.54933286,0.21420978,0.0819522
TGTTGGATCATCGTAG-1,0.16,0.08,0.0,0.0,0.17636299,0.37904772,0.20191075,0.24267858
TGTTGGATCCACTTTA-1,0.16,0.04,0.0,0.0,0.3223345,0.21401069,0.08640702,0.37724775
TGTTTGTAGATTGAGT-1,0.16,0.04,0.0,0.0,0.11511197,0.0072022555,0.5402537,0.33743212
TGTTTGTAGGGAGGCA-1,0.16,0.08,0.0,0.0,0.34958446,0.19869414,0.4116392,0.040082157
TGTTTGTCAACCGGAA-1,0.16,0.08,0.0,0.0,0.15155363,0.46171835,0.34339315,0.043334816
TGTTTGTCATACAGCT-1,0.12,0.04,0.0,0.0,0.8950794,0.056914948,0.03339018,0.014615432
TGTTTGTTCCATTTCA-1,0.12,0.04,0.0,0.0,0.033234116,0.85168713,0.08465234,0.030426374
TTAATCCCAATGCAAA-1,0.12,0.04,0.0,0.0,0.8360128,0.15750325,0.0053475425,0.0011364091
TTAATCCGTCTCGGGT-1,0.16,0.08,0.0,0.0,0.8690331,0.04277805,0.04343387,0.044754926
TTAATCCGTCTTACAG-1,0.12,0.04,0.0,0.0,1.848862e-05,0.0053754104,0.04032642,0.95427966
TTAATCCTCACCACAA-1,0.08,0.04,0.0,0.0,0.046581037,0.37953424,0.19730765,0.37657705
TTACAGGCAATCGCCG-1,0.16,0.08,0.0,0.0,0.43651685,0.12759234,0.41319665,0.02269413
TTACAGGGTACAGAAT-1,0.16,0.04,0.0,0.0,0.8732684,0.0478245,0.07753636,0.0013705828
TTACAGGTCCGCTAGG-1,0.24,0.08,0.0,0.0,0.31135854,0.15301785,0.086539626,0.44908404
TTACAGGTCTTAGGAC-1,0.12,0.04,0.0,0.0,0.9019793,0.028778564,0.06738745,0.0018547018
TTACCATCACAACCGC-1,0.12,0.04,0.0,0.0,0.17835125,0.31918454,0.27259886,0.2298654
TTACCATCACACGGTC-1,0.12,0.04,0.0,0.0,0.9714869,0.0194463,0.008451374,0.0006154108
TTACCATGTATTCCTT-1,0.16,0.08,0.0,0.0,4.3759396e-09,4.8837323e-06,0.0025095502,0.9974855
TTACCATTCGCTCTAC-1,0.12,0.04,0.0,0.0,1.8752123e-06,0.00589347,0.04577047,0.9483342
TTACCATTCGTGAGAG-1,0.12,0.04,0.0,0.0,0.0008216726,0.1292534,0.102551766,0.76737314
TTACCGCAGGTAGACC-1,0.16,0.04,0.0,0.0,0.0020205884,0.9082227,0.062842146,0.026914561
TTACCGCGTCTTACTT-1,0.16,0.08,0.0,0.0,0.13835803,0.29443073,0.2882923,0.27891898
TTACCGCGTGAGATCG-1,0.16,0.08,0.0,0.0,0.07264545,0.03098013,0.7084905,0.18788387
TTACCGCGTTCTCCTG-1,0.12,0.04,0.0,0.0,0.055772055,0.8119172,0.056161124,0.07614962
TTACCGCTCTATCCAT-1,0.12,0.04,0.0,0.0,0.022586552,0.59652364,0.26623377,0.11465609
TTACCGCTCTGCTGAA-1,0.16,0.08,0.0,0.0,0.1682901,0.03640451,0.4278368,0.3674686
TTACCGCTCTTACCAT-1,0.16,0.08,0.0,0.0,0.120593436,0.57417893,0.27241802,0.03280958
TTACGCCAGTGCGCTC-1,0.12,0.04,0.0,0.0,0.25600776,0.07379859,0.5774118,0.092781834
TTACGCCCAGTGTGGA-1,0.16,0.08,0.0,0.0,0.0041570403,0.22850177,0.2781224,0.4892187
TTACGCCGTGGTCTTA-1,0.16,0.08,0.0,0.0,0.011915076,0.068285905,0.10664694,0.813152
TTACGTTAGATTTGCC-1,0.08,0.04,0.0,0.0,0.05352334,0.5306652,0.2682099,0.14760156
TTACGTTAGGCCTGCT-1,0.16,0.08,0.0,0.0,0.29235464,0.047039565,0.29017115,0.3704346
TTACGTTCACACAGCC-1,0.16,0.08,0.0,0.0,0.05940603,0.51027,0.3445838,0.0857402
TTACGTTCACTTGAGT-1,0.12,0.04,0.0,0.0,0.99325013,0.0026754208,0.0036553866,0.00041904295
TTACGTTCATAGGTAA-1,0.16,0.04,0.0,0.0,0.01742995,0.019129733,0.08494017,0.8785001
TTACGTTGTCCAGAAG-1,0.16,0.08,0.0,0.0,0.046697117,0.63831526,0.19610947,0.11887811
TTACGTTGTCCTCCAT-1,0.16,0.08,0.0,0.0,0.000109733744,0.001983569,0.04321124,0.9546954
TTACGTTGTGCATCTA-1,0.12,0.04,0.0,0.0,0.26729944,0.27396587,0.18319178,0.2755429
TTACGTTTCACCATGA-1,0.12,0.04,0.0,0.0,0.027478965,0.8663321,0.07201434,0.034174565
TTACGTTTCTAAACGC-1,0.12,0.04,0.0,0.0,0.97692966,0.0019978012,0.019774903,0.0012975768
TTACGTTTCTAGCCTC-1,0.12,0.04,0.0,0.0,0.10420433,0.59595203,0.21696799,0.082875654
TTACTGTAGCCTATTG-1,0.12,0.04,0.0,0.0,0.026222123,0.81230825,0.05479994,0.10666974
TTACTGTAGGAACTCG-1,0.16,0.08,0.0,0.0,0.11422353,0.6770957,0.12685314,0.08182758
TTACTGTTCATACAGC-1,0.12,0.04,0.0,0.0,0.021620987,0.6787164,0.23509772,0.06456482
TTACTGTTCTCTTGCG-1,0.12,0.04,0.0,0.0,0.21564858,0.12666614,0.37866002,0.2790252
TTAGGCAAGAAATTCG-1,0.12,0.04,0.0,0.0,0.77922064,0.18106712,0.038879294,0.00083299296
TTAGGCAAGTTGCGCC-1,0.2,0.08,0.0,0.0,0.22897592,0.30567992,0.1888656,0.2764786
TTAGGCACATCTGGGC-1,0.24,0.08,0.0,0.0,0.32588893,0.12800483,0.41403207,0.1320742
TTAGGCAGTCATCAGT-1,0.12,0.04,0.0,0.0,0.05883042,0.79386735,0.088123985,0.05917826
TTAGGCAGTCGGAAAC-1,0.12,0.04,0.0,0.0,0.087294914,0.06643866,0.7737984,0.07246798
TTAGGGTAGGAAGTCC-1,0.16,0.08,0.0,0.0,0.026835315,0.741895,0.1818144,0.049455162
TTAGGGTCACCCAATA-1,0.12,0.04,0.0,0.0,0.024600519,0.3367197,0.24897401,0.38970584
TTAGGGTCACCGCTGA-1,0.16,0.04,0.0,0.0,0.15070891,0.52808344,0.1832028,0.1380048
TTAGGGTCATGGGATG-1,0.12,0.04,0.0,0.0,0.17371352,0.44921604,0.2662774,0.11079308
TTAGGGTGTAAGTTGA-1,0.16,0.04,0.0,0.0,0.99768376,0.0009819659,0.0013331526,1.2359512e-06
TTAGGGTGTCCACGCA-1,0.16,0.08,0.0,0.0,0.07746097,0.19165719,0.26933607,0.46154577
TTAGTCTAGAATCGAT-1,0.16,0.08,0.0,0.0,0.12716448,0.525187,0.28736398,0.060284536
TTAGTCTAGACGGATC-1,0.12,0.04,0.0,0.0,0.08847865,0.56029993,0.22566018,0.12556131
TTAGTCTCAGCGATTT-1,0.12,0.04,0.0,0.0,0.86128205,0.08620442,0.03652275,0.015990773
TTAGTCTCAGCTACTA-1,0.16,0.08,0.0,0.0,0.9957041,0.0013207137,0.0029141696,6.098632e-05
TTAGTCTGTCTCGCGA-1,0.12,0.04,0.0,0.0,0.760072,0.027401287,0.13796933,0.074557416
TTAGTCTTCACAACCA-1,0.2,0.08,0.0,0.0,0.26916313,0.20555644,0.27926368,0.2460168
TTATTGCAGAGGGTGG-1,0.16,0.08,0.0,0.0,2.279936e-05,0.004289736,0.011108466,0.98457897
TTATTGCCAGGTGTTT-1,0.2,0.08,0.0,0.0,0.1592106,0.14426422,0.09807456,0.5984506
TTATTGCGTCACCGCA-1,0.2,0.08,0.0,0.0,0.47153646,0.057835527,0.21346939,0.2571586
TTATTGCGTTGCATTG-1,0.16,0.04,0.0,0.0,0.065461636,0.53430825,0.27015403,0.13007605
TTATTGCTCCCTTGGT-1,0.16,0.08,0.0,0.0,0.5608565,0.19712017,0.17311548,0.06890786
TTCAATCAGAGTGTTA-1,0.12,0.08,0.0,0.0,0.062448755,0.5899285,0.32113457,0.026488125
TTCAATCCACTACACA-1,0.16,0.08,0.0,0.0,0.10795589,0.43565428,0.38289055,0.07349922
TTCAATCCATCCCACT-1,0.16,0.04,0.0,0.0,0.18353693,0.08785628,0.6179989,0.1106079
TTCAATCGTACGCTTA-1,0.12,0.04,0.0,0.0,0.016548792,0.058369547,0.87382525,0.051256437
TTCAATCGTAGTGATA-1,0.12,0.04,0.0,0.0,0.15433551,0.5482978,0.1887982,0.10856847
TTCAATCGTGATAGTA-1,0.16,0.08,0.0,0.0,2.9996475e-08,9.221894e-05,0.0022095966,0.9976981
TTCAATCTCAAACCTG-1,0.16,0.04,0.0,0.0,0.033820905,0.6119051,0.2357731,0.11850089
TTCACCGAGTAGCCAG-1,0.12,0.04,0.0,0.0,0.8626828,0.046898328,0.08986905,0.00054979295
TTCACCGCAAACGTGG-1,0.16,0.08,0.0,0.0,0.97844887,0.009573612,0.011694299,0.00028319267
TTCACCGCACTTCAGA-1,0.16,0.04,0.0,0.0,0.17759392,0.13165651,0.3551372,0.33561233
TTCACCGGTACAGGTG-1,0.12,0.04,0.0,0.0,0.16998467,0.09850139,0.34230152,0.38921246
TTCACCGTCTGGTGGC-1,0.16,0.08,0.0,0.0,0.16720656,0.13901547,0.42336076,0.27041718
TTCACGCAGGTGGTTG-1,0.16,0.08,0.0,0.0,0.20437315,0.31120044,0.1344116,0.35001484
TTCACGCAGTCCGCCA-1,0.08,0.04,0.0,0.0,0.3868132,0.3831519,0.17533189,0.054702975
TTCACGCCAAGGCTTT-1,0.16,0.08,0.0,0.0,3.0969142e-05,0.009939036,0.009221546,0.9808084
TTCACGCCACGTCGGT-1,0.16,0.08,0.0,0.0,0.00045791158,0.0028604642,0.08681563,0.90986603
TTCACGCCAGGAACCA-1,0.16,0.08,0.0,0.0,0.052051354,0.10486832,0.097207226,0.7458731
TTCACGCGTACGATCT-1,0.16,0.08,0.0,0.0,0.42837313,0.2702111,0.1730941,0.12832168
TTCACGCGTCTGTGCG-1,0.16,0.08,0.0,0.0,0.13422696,0.4180176,0.35790968,0.08984577
TTCACGCTCCCTCAAC-1,0.2,0.08,0.0,0.0,0.99535584,0.0009359651,0.0036545089,5.3784028e-05
TTCACGCTCGCTTTAT-1,0.16,0.08,0.0,0.0,0.41111574,0.11643722,0.18967499,0.28277203
TTCAGGAAGGCTCAAG-1,0.16,0.08,0.0,0.0,0.12650205,0.4979886,0.19724956,0.17825988
TTCAGGAAGTTCATGC-1,0.12,0.08,0.0,0.0,4.0007486e-09,0.00018922827,0.0029909443,0.99681985
TTCAGGACAGAGTAAT-1,0.16,0.08,0.0,0.0,0.29716834,0.044520423,0.23348583,0.42482537
TTCAGGACAGCACAGA-1,0.16,0.08,0.0,0.0,0.05549384,0.23678663,0.63989013,0.06782943
TTCAGGAGTGGTCTTA-1,0.16,0.08,0.0,0.0,0.28457978,0.2238297,0.29109216,0.20049834
TTCAGGATCCATAGAC-1,0.16,0.08,0.0,0.0,0.3702161,0.2607473,0.30021092,0.06882566
TTCAGGATCCGCACGA-1,0.16,0.08,0.0,0.0,0.12866953,0.64261997,0.12159537,0.10711508
TTCATGTAGCGAGTAC-1,0.12,0.04,0.0,0.0,0.9728485,0.016518759,0.0064277016,0.0042050183
TTCATGTGTCGCTTGG-1,0.16,0.08,0.0,0.0,0.12150246,0.121481314,0.7196584,0.03735786
TTCATGTGTGGCCACT-1,0.16,0.08,0.0,0.0,0.14705455,0.3842578,0.3457383,0.12294934
TTCATGTGTTATGGTC-1,0.12,0.04,0.0,0.0,0.0851001,0.5715897,0.1861929,0.15711723
TTCATGTTCAGCCTCT-1,0.16,0.04,0.0,0.0,0.1691003,0.21436723,0.31718177,0.29935077
TTCATGTTCCACGGGT-1,0.12,0.04,0.0,0.0,0.16858342,0.48229733,0.26456416,0.08455509
TTCATTGCATCTCAAG-1,0.16,0.08,0.0,0.0,0.10982789,0.33322245,0.4448523,0.112097435
TTCATTGTCTGTGCTC-1,0.12,0.04,0.0,0.0,0.0040112413,0.95518667,0.031726602,0.009075591
TTCATTGTCTTCCCAG-1,0.2,0.08,0.0,0.0,0.11415946,0.023454336,0.6768942,0.18549201
TTCCAATAGCGTCTGC-1,0.16,0.08,0.0,0.0,0.9747259,0.008552474,0.016075533,0.00064606423
TTCCAATAGGCACAAC-1,0.16,0.08,0.0,0.0,0.20490772,0.62965405,0.060823422,0.1046148
TTCCAATAGTCCCAAT-1,0.12,0.04,0.0,0.0,0.1678042,0.23975009,0.55493397,0.037511773
TTCCAATGTACCCAGC-1,0.16,0.08,0.0,0.0,0.261613,0.08409857,0.1423371,0.5119513
TTCCAATTCGTGGGTC-1,0.16,0.08,0.0,0.0,0.044132464,0.83208424,0.07453819,0.04924512
TTCCACGCACTCCTGT-1,0.12,0.04,0.0,0.0,0.9996526,0.00015594164,0.00018932045,2.0467862e-06
TTCCGGTCAAATTAGG-1,0.16,0.04,0.0,0.0,0.16196343,0.7172049,0.11062955,0.010202036
TTCCGGTCACCCTTGT-1,0.16,0.08,0.0,0.0,0.4335885,0.14627573,0.11980737,0.30032843
TTCCGGTCATTCAGCA-1,0.16,0.08,0.0,0.0,0.014353856,0.029847091,0.45369408,0.50210494
TTCCGGTTCGTTCTAT-1,0.12,0.04,0.0,0.0,0.5633874,0.29015177,0.13494495,0.011515923
TTCCGTGAGATCCCAT-1,0.12,0.04,0.0,0.0,0.0708582,0.6174804,0.23246737,0.0791941
TTCCGTGAGCGTCAGA-1,0.16,0.08,0.0,0.0,0.25563145,0.08113297,0.44925648,0.21397908
TTCCGTGAGGATGAGA-1,0.16,0.04,0.0,0.0,0.26861495,0.16704437,0.27691156,0.28742906
TTCCGTGAGGTTCTAC-1,0.16,0.08,0.0,0.0,2.1869573e-08,9.509948e-05,0.0019639116,0.99794096
TTCCGTGCAATCGCAT-1,0.12,0.04,0.0,0.0,0.71409243,0.23749082,0.039147932,0.009268787
TTCCGTGCAGCGACAA-1,0.12,0.04,0.0,0.0,0.82330954,0.097033046,0.03913983,0.040517546
TTCCGTGCAGCTTCCT-1,0.16,0.08,0.0,0.0,0.15087312,0.46409643,0.26070505,0.12432532
TTCCGTGGTTCGGTCG-1,0.12,0.04,0.0,0.0,0.1380695,0.2664697,0.39051312,0.20494774
TTCCGTGTCAAAGAAC-1,0.12,0.04,0.0,0.0,0.11167495,0.34629956,0.18969795,0.3523276
TTCCGTGTCATTCGTT-1,0.16,0.04,0.0,0.0,0.028024834,0.32140616,0.36706278,0.28350624
TTCCTAAAGCAAATGT-1,0.16,0.04,0.0,0.0,0.89751625,0.07014552,0.026284656,0.006053519
TTCCTAAAGCAAGCCA-1,0.12,0.04,0.0,0.0,0.9763658,0.019575892,0.003713324,0.00034482748
TTCCTAAAGCATCCCG-1,0.16,0.04,0.0,0.0,0.26645187,0.22533405,0.23330228,0.2749118
TTCCTAACAATAGTCC-1,0.12,0.04,0.0,0.0,0.021229116,0.82480025,0.112909116,0.04106147
TTCCTAACAGCGGATA-1,0.12,0.04,0.0,0.0,0.005599969,0.4435233,0.28976026,0.26111645
TTCCTAACATCCGGTG-1,0.16,0.04,0.0,0.0,0.20204678,0.32704085,0.32567894,0.14523347
TTCCTAAGTGTTTACG-1,0.16,0.08,0.0,0.0,0.0681759,0.15837286,0.64839816,0.12505311
TTCCTAATCATGAGGG-1,0.16,0.08,0.0,0.0,0.3842813,0.20935336,0.3005451,0.105820194
TTCCTCTAGAAGAGCA-1,0.16,0.08,0.0,0.0,0.30453983,0.0058620907,0.6770443,0.012553799
TTCCTCTCAATAACCC-1,0.12,0.04,0.0,0.0,0.9913564,0.0048283297,0.0036854276,0.00012988503
TTCCTCTCAATCTCTT-1,0.12,0.04,0.0,0.0,0.12368557,0.48623478,0.17245215,0.21762745
TTCCTCTCAGCGATTT-1,0.12,0.04,0.0,0.0,0.9173802,0.05094948,0.009845887,0.021824347
TTCCTCTCATCAGCAT-1,0.16,0.08,0.0,0.0,0.1872275,0.035473116,0.6242962,0.1530032
TTCCTCTGTACGGTTT-1,0.16,0.04,0.0,0.0,0.1699272,0.15128417,0.60010916,0.0786794
TTCCTCTGTCACTGAT-1,0.12,0.04,0.0,0.0,0.050964653,0.7272241,0.10374808,0.118063144
TTCCTCTGTGTATTCG-1,0.12,0.04,0.0,0.0,0.23523149,0.16087385,0.54932624,0.05456843
TTCCTCTGTTGGATCT-1,0.04,0.08,0.0,0.0,0.18626913,0.24027729,0.39584625,0.1776073
TTCCTCTTCCACCCTA-1,0.12,0.04,0.0,0.0,0.721411,0.22284056,0.05011889,0.0056295847
TTCCTTCAGATCCCGC-1,0.16,0.08,0.0,0.0,0.16484675,0.08550608,0.6014812,0.14816596
TTCCTTCCAGCTGGTC-1,0.12,0.04,0.0,0.0,0.12342584,0.55679655,0.0904839,0.22929372
TTCCTTCGTCGGTGTC-1,0.16,0.08,0.0,0.0,0.050561257,0.37472793,0.42228717,0.1524236
TTCCTTCTCAGACCTA-1,0.12,0.04,0.0,0.0,0.4510061,0.34220633,0.1665105,0.040277086
TTCCTTCTCTATCCAT-1,0.2,0.08,0.0,0.0,0.106595844,0.01797233,0.76437384,0.111058
TTCGATTAGAAGGATG-1,0.04,0.04,0.0,0.0,0.0013988168,0.08668426,0.15287626,0.7590407
TTCGATTAGATACATG-1,0.12,0.04,0.0,0.0,0.028225653,0.6502752,0.21873677,0.10276244
TTCGATTCAGCACACC-1,0.12,0.04,0.0,0.0,0.113241866,0.523353,0.25775588,0.105649285
TTCGATTCAGGTATGG-1,0.16,0.04,0.0,0.0,0.9016798,0.06644947,0.03026118,0.0016095608
TTCGATTCAGTGGGTA-1,0.16,0.08,0.0,0.0,0.03812277,0.7961021,0.122855954,0.042919163
TTCGATTGTTGGGCCT-1,0.16,0.08,0.0,0.0,0.11552325,0.16521943,0.572099,0.14715834
TTCGATTTCCCGATCT-1,0.04,0.04,0.0,0.0,0.023335125,0.1484513,0.2357769,0.5924367
TTCGATTTCTGCCCTA-1,0.16,0.08,0.0,0.0,0.077518634,0.57460696,0.31384355,0.034030896
TTCGCTGAGGAACGAA-1,0.16,0.08,0.0,0.0,0.518431,0.31718218,0.14583138,0.018555373
TTCGCTGCAACTAGAA-1,0.12,0.04,0.0,0.0,0.002400599,0.0042881523,0.10789985,0.8854114
TTCGCTGCAATTAGGA-1,0.12,0.04,0.0,0.0,0.0074510057,0.009370567,0.14608544,0.83709306
TTCGCTGCACGATAGG-1,0.16,0.08,0.0,0.0,0.8790338,0.06784847,0.046047382,0.0070703747
TTCGCTGCATATCGGT-1,0.16,0.08,0.0,0.0,0.33712423,0.5286139,0.12733941,0.0069224155
TTCGCTGCATGAGTAA-1,0.16,0.04,0.0,0.0,0.10171177,0.5137539,0.22536382,0.15917052
TTCGCTGGTCGTCTCT-1,0.16,0.08,0.0,0.0,0.0082181115,0.621493,0.20661685,0.16367202
TTCGCTGGTGTCCGGT-1,0.16,0.04,0.0,0.0,0.97216773,0.019928448,0.0064290073,0.0014747945
TTCGCTGTCTCGGTCT-1,0.04,0.04,0.0,0.0,0.13299087,0.4706879,0.28333429,0.11298701
TTCGGTCAGCCGTTAT-1,0.16,0.08,0.0,0.0,0.083067834,0.09204975,0.6863848,0.13849759
TTCGGTCAGTTGGGAC-1,0.08,0.04,0.0,0.0,5.073927e-07,0.0012654566,0.010735064,0.98799896
TTCGGTCCAGAAGTTA-1,0.16,0.04,0.0,0.0,0.008219556,0.25506696,0.1416093,0.5951042
TTCGGTCCATACTGAC-1,0.12,0.04,0.0,0.0,0.00011453306,0.0044169906,0.036488872,0.9589796
TTCGGTCTCAGGTGTT-1,0.16,0.08,0.0,0.0,0.08758587,0.47908336,0.30029845,0.13303223
TTCGGTCTCCGTCACT-1,0.12,0.04,0.0,0.0,0.25128788,0.3801521,0.1472116,0.22134839
TTCGGTCTCTCCTACG-1,0.04,0.04,0.0,0.0,0.00973968,0.02596552,0.17065372,0.79364103
TTCTAACAGTCGTTAC-1,0.16,0.08,0.0,0.0,0.18123512,0.02524184,0.6424547,0.15106839
TTCTAACAGTCTCGTA-1,0.16,0.08,0.0,0.0,0.042413726,0.8395624,0.07653565,0.041488208
TTCTAACCAAAGGGTC-1,0.16,0.08,0.0,0.0,0.0010076235,0.02744874,0.044204216,0.92733943
TTCTAACCAATGCAAA-1,0.08,0.04,0.0,0.0,0.24184716,0.33307326,0.3647065,0.06037303
TTCTAACCACCCAATA-1,0.16,0.04,0.0,0.0,0.31950837,0.24272376,0.35117745,0.086590394
TTCTAACCATTGCAAC-1,0.12,0.04,0.0,0.0,0.107592754,0.40849468,0.35335568,0.13055685
TTCTAACGTAGACGGT-1,0.16,0.08,0.0,0.0,0.20647335,0.35346466,0.18596591,0.25409603
TTCTAACGTGTTCATG-1,0.12,0.04,0.0,0.0,1.3387933e-05,0.023965228,0.0263899,0.9496315
TTCTAACGTTCCGCGA-1,0.12,0.04,0.0,0.0,0.0015460671,0.108340524,0.09983312,0.7902803
TTCTAACGTTGCCAAT-1,0.16,0.04,0.0,0.0,0.30561975,0.16556858,0.19178058,0.33703113
TTCTAACTCAGCTTCC-1,0.12,0.04,0.0,0.0,0.0452394,0.7278289,0.1680313,0.058900446
TTCTAACTCCCGAACG-1,0.16,0.04,0.0,0.0,0.138645,0.32534865,0.4292089,0.10679752
TTCTAACTCCTACCAC-1,0.16,0.08,0.0,0.0,0.09333378,0.06987342,0.6028612,0.23393165
TTCTAGTAGAAGGTAG-1,0.16,0.08,0.0,0.0,0.12218563,0.5738793,0.20383647,0.10009862
TTCTAGTCAAAGGCTG-1,0.16,0.08,0.0,0.0,0.5696392,0.23979312,0.1755591,0.01500865
TTCTAGTCACCTGCTT-1,0.12,0.04,0.0,0.0,0.97451913,0.020009257,0.0051610293,0.00031048726
TTCTAGTCAGCATACT-1,0.12,0.08,0.0,0.0,0.09674818,0.5303314,0.32915035,0.043770116
TTCTAGTCAGGCTTGC-1,0.12,0.04,0.0,0.0,0.9157475,0.03848686,0.04396587,0.0017997138
TTCTAGTGTACTTGTG-1,0.04,0.04,0.0,0.0,0.58055216,0.14858767,0.24107146,0.029788628
TTCTAGTGTCCACTTC-1,0.12,0.04,0.0,0.0,0.073432736,0.050921336,0.7221737,0.15347227
TTCTAGTGTGAGCTCC-1,0.16,0.08,0.0,0.0,0.35288224,0.09676447,0.35390705,0.19644617
TTCTAGTGTTCAAACC-1,0.16,0.08,0.0,0.0,0.003283205,0.063768744,0.04508237,0.88786566
TTCTAGTTCACATCAG-1,0.12,0.04,0.0,0.0,0.9855084,0.011703993,0.0026314429,0.00015610422
TTCTAGTTCCAAAGGG-1,0.12,0.04,0.0,0.0,0.039691996,0.52930677,0.28076315,0.15023816
TTCTAGTTCTCAGTCC-1,0.12,0.04,0.0,0.0,0.6195825,0.26845518,0.106242776,0.005719606
TTCTAGTTCTGCCTGT-1,0.12,0.04,0.0,0.0,4.5594156e-08,0.00018967579,0.0014016799,0.9984086
TTCTCTCAGCAACTTC-1,0.16,0.08,0.0,0.0,0.98426116,0.006378404,0.008281263,0.0010790804
TTCTCTCAGTGGATAT-1,0.16,0.08,0.0,0.0,0.9314461,0.03476117,0.030021466,0.0037714017
TTCTCTCCAAGATGTA-1,0.16,0.08,0.0,0.0,0.018093385,0.11261346,0.08072273,0.7885704
TTCTCTCCAAGTACCT-1,0.16,0.04,0.0,0.0,0.22458883,0.26704335,0.38979664,0.11857117
TTCTCTCCACTTCTCG-1,0.12,0.04,0.0,0.0,0.86642206,0.08416896,0.027652439,0.02175659
TTCTCTCGTAGACACG-1,0.04,0.04,0.0,0.0,0.18038903,0.59426415,0.16050623,0.06484062
TTCTCTCTCCATATGG-1,0.16,0.08,0.0,0.0,0.5292163,0.026755087,0.2402442,0.20378442
TTCTCTCTCTTGAACG-1,0.08,0.04,0.0,0.0,0.49588734,0.4590953,0.040600527,0.004416806
TTCTGTAAGAAACTGT-1,0.16,0.08,0.0,0.0,0.3543188,0.05656622,0.26575267,0.3233623
TTCTGTAAGGAGAGGC-1,0.2,0.08,0.0,0.0,0.35853985,0.11115251,0.27855444,0.25175315
TTCTGTAAGGCGTTAG-1,0.16,0.08,0.0,0.0,0.9948177,0.0038246287,0.0013445268,1.3293562e-05
TTCTGTACACGCAGTC-1,0.12,0.04,0.0,0.0,0.05100135,0.047852807,0.44810656,0.45303926
TTCTGTAGTGTCGCTG-1,0.16,0.08,0.0,0.0,0.084589355,0.1971724,0.63505894,0.083179235
TTCTGTAGTTATAGAG-1,0.16,0.08,0.0,0.0,1.3096529e-09,8.065942e-05,0.002807712,0.99711156
TTCTGTATCGAAGTGG-1,0.16,0.08,0.0,0.0,0.008991489,0.20445901,0.7101026,0.07644686
TTCTTCCAGGGTGAAA-1,0.12,0.04,0.0,0.0,0.07252035,0.67106545,0.16566524,0.09074892
TTCTTCCCACCACTGG-1,0.12,0.04,0.0,0.0,0.8774362,0.10784012,0.0143790385,0.00034454855
TTCTTCCCAGTAGTTC-1,0.16,0.08,0.0,0.0,0.2881884,0.18664959,0.3848547,0.14030737
TTCTTCCCATTATGCG-1,0.16,0.08,0.0,0.0,0.02388716,0.6975381,0.23696889,0.041605875
TTCTTCCCATTGAAAG-1,0.16,0.08,0.0,0.0,0.13348338,0.089587696,0.6506045,0.12632447
TTCTTCCGTCGCATCG-1,0.04,0.08,0.0,0.0,0.017492358,0.26759323,0.44349825,0.27141613
TTCTTCCTCCGTGCGA-1,0.16,0.08,0.0,0.0,0.0702984,0.058171768,0.67578727,0.19574256
TTCTTCCTCGTAGAGG-1,0.16,0.08,0.0,0.0,0.32802597,0.07977963,0.13535102,0.45684335
TTCTTCCTCTATTGTC-1,0.12,0.04,0.0,0.0,0.085723035,0.49288812,0.19854894,0.22283988
TTCTTCCTCTGGGTCG-1,0.16,0.04,0.0,0.0,0.1957916,0.33080733,0.30472168,0.16867936
TTCTTGAAGCAGAAAG-1,0.12,0.08,0.0,0.0,0.11337132,0.5194747,0.2263995,0.14075452
TTCTTGAAGTAGTCAA-1,0.16,0.08,0.0,0.0,0.015276996,0.8736627,0.08334027,0.027720029
TTCTTGACAATACCTG-1,0.08,0.04,0.0,0.0,1.2774992e-06,0.0037443324,0.009466248,0.98678815
TTCTTGACACCATAAC-1,0.12,0.04,0.0,0.0,0.03864386,0.16809085,0.541161,0.2521043
TTCTTGACACCTTCGT-1,0.12,0.04,0.0,0.0,0.90892124,0.044200808,0.02772112,0.019156767
TTCTTGAGTCTCTCAC-1,0.12,0.04,0.0,0.0,0.1504296,0.7757515,0.07102187,0.0027970711
TTCTTGAGTGACCTGC-1,0.16,0.08,0.0,0.0,0.33812585,0.069943435,0.33270553,0.2592251
TTCTTGAGTTACGTAC-1,0.12,0.04,0.0,0.0,0.02571889,0.87870616,0.08176647,0.013808446
TTCTTGAGTTAGTTCG-1,0.16,0.04,0.0,0.0,0.9915485,0.002832708,0.004832596,0.00078624184
TTCTTGATCGCCTCTA-1,0.16,0.04,0.0,0.0,0.07824119,0.2576344,0.21986464,0.44425976
TTCTTGATCTCGCAGG-1,0.12,0.04,0.0,0.0,0.14863804,0.16084102,0.49652264,0.19399829
TTGAACGAGCGAACTG-1,0.12,0.04,0.0,0.0,0.9503417,0.022873377,0.022348763,0.0044362126
TTGAACGCAAGGTCTT-1,0.16,0.08,0.0,0.0,0.119054146,0.58960646,0.14613034,0.14520901
TTGAACGCATGTCAGT-1,0.16,0.08,0.0,0.0,2.105301e-06,0.012940511,0.027773611,0.9592838
TTGAACGGTAATGTGA-1,0.16,0.08,0.0,0.0,0.029789178,0.040207267,0.21720168,0.7128019
TTGAACGTCCAACCAA-1,0.16,0.08,0.0,0.0,0.37333664,0.14012986,0.30213317,0.18440036
TTGACCCAGCGCTTCG-1,0.12,0.04,0.0,0.0,0.0038002012,0.019286191,0.106721476,0.87019217
TTGACCCCAGGTGTTT-1,0.12,0.04,0.0,0.0,0.076773144,0.6660195,0.14168395,0.11552349
TTGACCCGTTCTCGTC-1,0.16,0.08,0.0,0.0,0.03974409,0.08118611,0.1326687,0.74640113
TTGACCCTCCATTCAT-1,0.2,0.08,0.0,0.0,0.29088822,0.08549384,0.4007853,0.22283259
TTGAGTGAGAATTTGG-1,0.12,0.04,0.0,0.0,0.08215158,0.5905818,0.11920765,0.208059
TTGAGTGAGATTGCGG-1,0.12,0.04,0.0,0.0,0.9615869,0.024202036,0.011809979,0.0024010276
TTGAGTGAGGATACAT-1,0.12,0.04,0.0,0.0,0.104633845,0.5702478,0.21659267,0.10852564
TTGAGTGGTCGAGATG-1,0.12,0.04,0.0,0.0,0.08363377,0.37010795,0.30651975,0.23973854
TTGAGTGTCAATGCAC-1,0.16,0.08,0.0,0.0,0.020046033,0.36756316,0.40563405,0.20675676
TTGAGTGTCCACGAAT-1,0.16,0.04,0.0,0.0,0.24067785,0.20958458,0.29255083,0.25718674
TTGATGGAGCACTGGA-1,0.16,0.08,0.0,0.0,0.083228536,0.24058862,0.60003465,0.07614823
TTGATGGCAACGGCCT-1,0.16,0.08,0.0,0.0,2.202612e-07,0.00032683474,0.005964991,0.9937079
TTGATGGCATAACCCA-1,0.16,0.08,0.0,0.0,0.002160179,0.017531995,0.038412526,0.9418953
TTGATGGGTACATACC-1,0.12,0.04,0.0,0.0,0.41800067,0.2769967,0.25007287,0.054929737
TTGCATTAGGATTACA-1,0.12,0.04,0.0,0.0,0.110952996,0.70645154,0.054729186,0.12786631
TTGCATTAGGTCCGAA-1,0.12,0.08,0.0,0.0,0.048850846,0.123967074,0.8004464,0.026735673
TTGCATTCATCAGCGC-1,0.12,0.04,0.0,0.0,0.06736831,0.8358029,0.052250125,0.04457858
TTGCATTGTGCATTTG-1,0.16,0.08,0.0,0.0,0.23696329,0.028971734,0.4876051,0.24645986
TTGCATTTCAACCCGG-1,0.12,0.04,0.0,0.0,0.12533133,0.2528743,0.39055964,0.23123471
TTGCCTGAGAATCGCG-1,0.16,0.04,0.0,0.0,0.008187058,0.93662024,0.023331605,0.031861093
TTGCCTGAGCATAGGC-1,0.08,0.04,0.0,0.0,0.58121306,0.16774455,0.22424456,0.026797814
TTGCCTGAGGCTCTCG-1,0.16,0.04,0.0,0.0,0.18319175,0.1685205,0.47535658,0.17293124
TTGCCTGCACCTGAAT-1,0.12,0.04,0.0,0.0,0.08756525,0.33142808,0.471141,0.10986571
TTGCCTGCACTGCACG-1,0.12,0.04,0.0,0.0,0.7078914,0.14750631,0.082552,0.062050276
TTGCCTGCAGTGTATC-1,0.16,0.04,0.0,0.0,2.1234976e-07,0.00078086794,0.008114957,0.991104
TTGCCTGCATCTTCGC-1,0.16,0.08,0.0,0.0,2.5994572e-07,0.0003868134,0.0049543404,0.9946585
TTGCCTGGTAGCGTCC-1,0.16,0.08,0.0,0.0,0.92592776,0.06600467,0.0067602945,0.0013073522
TTGCCTGGTAGCTTGT-1,0.08,0.04,0.0,0.0,0.0017290058,0.02273204,0.10840985,0.86712915
TTGCCTGGTTATCTTC-1,0.12,0.04,0.0,0.0,0.91661876,0.0646068,0.010068479,0.008705946
TTGCCTGTCATTCATC-1,0.2,0.08,0.0,0.0,0.21056616,0.36770132,0.32977298,0.091959536
TTGCGTCAGGATGCGT-1,0.12,0.04,0.0,0.0,0.09388362,0.5463715,0.21864548,0.14109944
TTGCGTCGTCTTACAG-1,0.2,0.08,0.0,0.0,0.010196171,0.38551298,0.5330747,0.07121624
TTGCTGCAGGACGCAT-1,0.12,0.04,0.0,0.0,0.7647107,0.13367622,0.08979748,0.011815612
TTGCTGCAGGTCGTAG-1,0.16,0.08,0.0,0.0,0.2511485,0.028169895,0.18592684,0.53475475
TTGCTGCAGTGATCGG-1,0.24,0.08,0.0,0.0,0.418753,0.11955698,0.2669956,0.19469446
TTGCTGCAGTTGAAAC-1,0.16,0.08,0.0,0.0,0.99641585,0.002974935,0.00058060343,2.8637716e-05
TTGCTGCCAGAGGCTA-1,0.12,0.04,0.0,0.0,0.46089783,0.21631265,0.11668998,0.20609955
TTGCTGCGTCAGTCCG-1,0.16,0.08,0.0,0.0,0.27069312,0.18505378,0.37478587,0.16946729
TTGCTGCGTCAGTCGC-1,0.16,0.04,0.0,0.0,0.56434774,0.15508188,0.24173377,0.038836665
TTGCTGCGTCGACGCT-1,0.16,0.08,0.0,0.0,0.3183184,0.1469505,0.37076336,0.16396773
TTGCTGCGTGTGTACT-1,0.16,0.08,0.0,0.0,0.16313586,0.2776465,0.44244692,0.11677066
TTGCTGCTCATTCACT-1,0.16,0.08,0.0,0.0,5.4581284e-05,0.18393214,0.11709389,0.6989194
TTGGATGAGTTGCTGT-1,0.12,0.04,0.0,0.0,0.068049304,0.17355025,0.5724271,0.18597332
TTGGATGCAATCGCCG-1,0.04,0.08,0.0,0.0,6.973345e-07,0.0058454415,0.019130033,0.97502387
TTGGATGCACGTAGTT-1,0.16,0.08,0.0,0.0,0.062400267,0.47078255,0.3531437,0.11367355
TTGGATGGTCGACTTA-1,0.16,0.08,0.0,0.0,0.11994808,0.445125,0.3067832,0.12814368
TTGGATGGTTAGGCTT-1,0.16,0.08,0.0,0.0,0.5470638,0.073979095,0.23754564,0.14141142
TTGGATGGTTTACGTG-1,0.12,0.04,0.0,0.0,0.98820287,0.006088591,0.0052197287,0.00048873766
TTGGATGTCAACTCTT-1,0.12,0.04,0.0,0.0,0.012688991,0.7966068,0.13684161,0.053862646
TTGGATGTCGTTCAGA-1,0.12,0.04,0.0,0.0,0.14047752,0.53087544,0.22356302,0.10508404
TTGGATGTCTCAATCT-1,0.16,0.08,0.0,0.0,0.4425332,0.1097824,0.38005584,0.06762863
TTGGGATAGAGCATAT-1,0.12,0.04,0.0,0.0,0.16686797,0.27794632,0.36130497,0.19388078
TTGGGATAGGCCTAAG-1,0.16,0.08,0.0,0.0,0.10988728,0.35561997,0.5048338,0.02965896
TTGGGATCACAGTCGC-1,0.16,0.08,0.0,0.0,0.22024773,0.51249933,0.2331976,0.0340553
TTGGGATCACCGTGCA-1,0.16,0.04,0.0,0.0,0.06286659,0.40209538,0.35428637,0.18075156
TTGGGATTCGAGAGAC-1,0.16,0.04,0.0,0.0,0.07245855,0.6602771,0.11660755,0.15065683
TTGGGATTCGGCCAAC-1,0.16,0.08,0.0,0.0,0.66610646,0.12879568,0.1760702,0.029027576
TTGGGATTCTACCAGA-1,0.16,0.04,0.0,0.0,0.010962948,0.51879084,0.10204928,0.36819687
TTGGGCGAGTACGAGC-1,0.16,0.04,0.0,0.0,0.019543026,0.3536596,0.2343684,0.39242893
TTGGGTAAGCCAGTAG-1,0.16,0.08,0.0,0.0,0.015705673,0.22171253,0.6916032,0.070978574
TTGGGTAAGTTTGTCG-1,0.12,0.04,0.0,0.0,0.99993074,1.3773345e-05,5.5042543e-05,3.656999e-07
TTGGGTACATGACAGG-1,0.12,0.04,0.0,0.0,0.2495799,0.14612581,0.37867826,0.22561598
TTGGGTAGTCATTCCC-1,0.12,0.04,0.0,0.0,0.051355284,0.6546694,0.08646937,0.20750605
TTGGGTATCAGACCGC-1,0.16,0.08,0.0,0.0,0.08388672,0.11048017,0.21542872,0.59020436
TTGGGTATCCATAGGT-1,0.12,0.04,0.0,0.0,0.01152515,0.24475278,0.28101477,0.4627073
TTGGTTTAGCAATAGT-1,0.12,0.04,0.0,0.0,0.4602825,0.30256128,0.20234258,0.034813672
TTGGTTTTCCTTGGAA-1,0.16,0.08,0.0,0.0,0.99940026,0.0003929664,0.0002024209,4.4609133e-06
TTGTGGATCACGGAGA-1,0.12,0.04,0.0,0.0,0.4992616,0.25098553,0.1952226,0.054530278
TTGTGGATCGCCAATA-1,0.12,0.04,0.0,0.0,9.924166e-07,0.0010586948,0.016517445,0.9824228
TTGTGGATCTGTACAG-1,0.08,0.04,0.0,0.0,0.01895151,0.08839942,0.27285686,0.61979216
TTGTGTTAGGCTAAAT-1,0.16,0.08,0.0,0.0,0.22958063,0.09144527,0.25034422,0.42862988
TTGTGTTCAGACCAAG-1,0.16,0.04,0.0,0.0,0.09760815,0.26224765,0.5455687,0.09457549
TTGTGTTGTTACAGCT-1,0.16,0.08,0.0,0.0,0.0005274645,0.40163478,0.040291533,0.5575462
TTGTTCAAGCACTTTG-1,0.12,0.04,0.0,0.0,0.038666107,0.414455,0.39190498,0.15497392
TTGTTCAAGCCAAGGT-1,0.16,0.04,0.0,0.0,0.23936239,0.15286072,0.093208894,0.5145679
TTGTTCAAGCTTTGTG-1,0.2,0.08,0.0,0.0,0.21443915,0.01817624,0.33512914,0.43225548
TTGTTCAAGGGACCAT-1,0.04,0.04,0.0,0.0,0.9835722,0.0030687451,0.01280773,0.0005514838
TTGTTCAAGTCCTGTA-1,0.08,0.04,0.0,0.0,0.14040084,0.572485,0.21780184,0.06931225
TTGTTCAAGTGTACCT-1,0.16,0.08,0.0,0.0,0.14134026,0.46504962,0.31107223,0.0825379
TTGTTCATCGCGTTTC-1,0.16,0.04,0.0,0.0,0.26369146,0.37705344,0.14763281,0.21162236
TTGTTCATCTACTGCC-1,0.16,0.08,0.0,0.0,0.09621573,0.07010282,0.33241153,0.5012699
TTGTTGTAGGAACGTC-1,0.16,0.08,0.0,0.0,0.985283,0.014102077,0.0005194062,9.550254e-05
TTGTTGTTCCATATGG-1,0.16,0.04,0.0,0.0,0.22450924,0.055788115,0.5218723,0.19783033
TTGTTTGAGCTGTTAC-1,0.16,0.04,0.0,0.0,0.045254257,0.73237437,0.14535888,0.07701246
TTGTTTGCAAAGACTA-1,0.16,0.08,0.0,0.0,0.30287483,0.062470593,0.4433669,0.1912877
TTGTTTGCAAGGAGTC-1,0.16,0.04,0.0,0.0,0.013498154,0.016929831,0.93538404,0.03418799
TTGTTTGCAGTATGAA-1,0.16,0.08,0.0,0.0,0.8175191,0.017215727,0.15857089,0.006694249
TTGTTTGGTACAAGTA-1,0.16,0.08,0.0,0.0,0.0024883302,0.8047012,0.075350195,0.1174602
TTGTTTGGTGGACCAA-1,0.12,0.04,0.0,0.0,0.9006026,0.0055087074,0.09274967,0.0011390102
TTGTTTGTCGCAATTG-1,0.16,0.08,0.0,0.0,0.9851924,0.011267217,0.0031854683,0.0003549208
TTGTTTGTCGCTAATG-1,0.08,0.04,0.0,0.0,0.87909526,0.10181149,0.0144953905,0.004597871
TTGTTTGTCTCGCTCA-1,0.12,0.04,0.0,0.0,0.9586838,0.010096867,0.03109163,0.00012766728
TTGTTTGTCTCTCAAT-1,0.12,0.04,0.0,0.0,0.15127304,0.25930545,0.39973906,0.18968242
TTTACCAAGCATCAAA-1,0.16,0.08,0.0,0.0,1.671989e-08,0.001659443,0.0013278361,0.99701273
TTTACCAAGCGTCGAA-1,0.16,0.08,0.0,0.0,0.15192817,0.29812247,0.39072362,0.15922575
TTTACCACAGCGCTTG-1,0.16,0.08,0.0,0.0,0.1921442,0.044344805,0.52283984,0.24067114
TTTACCACAGCTCTGG-1,0.16,0.08,0.0,0.0,0.6538069,0.04606423,0.20402482,0.09610409
TTTACCACATGTTTGG-1,0.16,0.04,0.0,0.0,0.12938997,0.48446262,0.099000596,0.28714687
TTTACCACATTCAGCA-1,0.16,0.04,0.0,0.0,0.5987743,0.18790682,0.09598956,0.11732932
TTTACCAGTTGCTCCT-1,0.16,0.08,0.0,0.0,4.6420278e-06,0.052482612,0.07473143,0.8727813
TTTACCATCCATAGAC-1,0.16,0.08,0.0,0.0,0.058009077,0.5390958,0.15095435,0.2519408
TTTACCATCGTGCAGC-1,0.12,0.04,0.0,0.0,0.13835588,0.3551108,0.39368483,0.11284855
TTTACGTAGACTAAGT-1,0.2,0.08,0.0,0.0,0.023103353,0.0065565184,0.4544362,0.5159039
TTTACGTAGCTACTAC-1,0.12,0.04,0.0,0.0,0.73327297,0.14764337,0.100068755,0.019014932
TTTACGTCACTCTCGT-1,0.16,0.08,0.0,0.0,0.2909469,0.05196224,0.16622745,0.49086338
TTTACGTGTAGCACGA-1,0.16,0.08,0.0,0.0,0.002122332,0.045211703,0.09338947,0.85927653
TTTACGTGTCATCGGC-1,0.16,0.08,0.0,0.0,0.081089996,0.7410388,0.13356955,0.044301685
TTTACTGCAGAAGCGT-1,0.12,0.04,0.0,0.0,0.20840485,0.15995334,0.114465944,0.51717585
TTTACTGCAGAGATGC-1,0.12,0.04,0.0,0.0,0.996181,0.00046003275,0.003174032,0.00018495903
TTTACTGGTATCGTAC-1,0.12,0.04,0.0,0.0,0.8837918,0.029743522,0.070923395,0.0155413095
TTTACTGTCCGATAAC-1,0.12,0.04,0.0,0.0,0.03224972,0.82384515,0.09030888,0.053596243
TTTACTGTCCGGCAAC-1,0.12,0.04,0.0,0.0,0.9900191,0.008224632,0.0017306957,2.5601343e-05
TTTAGTCAGCAAATGT-1,0.12,0.04,0.0,0.0,0.5313432,0.25355828,0.189806,0.02529253
TTTAGTCAGGTAGATT-1,0.08,0.04,0.0,0.0,0.050289024,0.32923043,0.19480093,0.42567962
TTTAGTCAGTAAGAGG-1,0.16,0.04,0.0,0.0,0.43372822,0.3109935,0.23463494,0.020643365
TTTAGTCCAAAGTGTA-1,0.16,0.08,0.0,0.0,0.07991997,0.5399503,0.28224373,0.097885914
TTTAGTCCAATTGAAG-1,0.12,0.04,0.0,0.0,0.08107912,0.7359164,0.11887964,0.06412483
TTTAGTCCAGAAATTG-1,0.08,0.04,0.0,0.0,0.33248162,0.39591038,0.24457662,0.027031332
TTTAGTCGTTCAGCGC-1,0.12,0.04,0.0,0.0,0.09319202,0.55332273,0.079410255,0.274075
TTTAGTCTCCAATGCA-1,0.16,0.08,0.0,0.0,9.184378e-08,0.00023394481,0.0013234304,0.9984426
TTTAGTCTCTCGGTCT-1,0.12,0.04,0.0,0.0,0.0028319443,0.09059391,0.04042394,0.86615026
TTTATGCCAACCAGAG-1,0.16,0.04,0.0,0.0,0.1369623,0.24825002,0.41868865,0.19609903
TTTATGCCAATTTCTC-1,0.16,0.08,0.0,0.0,0.2058595,0.27640995,0.1710601,0.34667045
TTTATGCCATAACCCA-1,0.08,0.04,0.0,0.0,0.9631228,0.03518417,0.0013154538,0.00037757398
TTTATGCCATAATCCG-1,0.12,0.04,0.0,0.0,0.09670469,0.3499045,0.20350918,0.34988153
TTTATGCGTAACGTTC-1,0.12,0.04,0.0,0.0,0.0068553523,0.12093904,0.105033286,0.7671724
TTTATGCTCCTTTAGT-1,0.04,0.04,0.0,0.0,0.9915583,0.005614148,0.002793241,3.4288387e-05
TTTATGCTCGGCTGTG-1,0.16,0.08,0.0,0.0,0.012095481,0.12840672,0.106431365,0.7530664
TTTATGCTCGTCGGGT-1,0.2,0.08,0.0,0.0,0.6449143,0.092094205,0.04009905,0.22289245
TTTATGCTCTGCAGCG-1,0.12,0.04,0.0,0.0,0.9935487,0.002284482,0.0041491296,1.7809674e-05
TTTCACAAGCGAGGAG-1,0.16,0.08,0.0,0.0,0.03137023,0.01957602,0.70550436,0.2435494
TTTCACACACTAGTAC-1,0.16,0.08,0.0,0.0,0.52808386,0.17827532,0.13280842,0.16083243
TTTCACACAGGCGTTC-1,0.12,0.04,0.0,0.0,0.1152598,0.43518662,0.082274124,0.3672794
TTTCACAGTAGGACTG-1,0.16,0.04,0.0,0.0,0.91662395,0.0500984,0.026435874,0.006841875
TTTCACAGTCGTATTG-1,0.16,0.08,0.0,0.0,0.9783492,0.010962928,0.010299287,0.00038853832
TTTCACATCCAGTACA-1,0.16,0.08,0.0,0.0,0.16347311,0.13115028,0.2815267,0.42384988
TTTCAGTAGAAGCCTG-1,0.2,0.08,0.0,0.0,0.9521621,0.016201047,0.026750766,0.004886121
TTTCAGTCAACACAGG-1,0.12,0.04,0.0,0.0,0.18672624,0.29184037,0.37952805,0.14190528
TTTCAGTCAGAAATTG-1,0.12,0.04,0.0,0.0,0.8879227,0.08773019,0.017552204,0.0067948103
TTTCAGTCAGTTCTAG-1,0.16,0.04,0.0,0.0,0.9786639,0.012295347,0.008734606,0.00030607654
TTTCAGTGTGGCTAGA-1,0.2,0.08,0.0,0.0,0.21749601,0.13757245,0.4885356,0.15639587
TTTCAGTTCACTCACC-1,0.12,0.04,0.0,0.0,0.8994173,0.048955645,0.04221135,0.009415781
TTTCAGTTCAGGAGAC-1,0.16,0.08,0.0,0.0,0.091977865,0.6990157,0.13046709,0.07853944
TTTCAGTTCATTGTTC-1,0.04,0.04,0.0,0.0,0.023957498,0.75109,0.18491401,0.04003845
TTTCATGAGCACTCTA-1,0.12,0.04,0.0,0.0,0.861815,0.112978436,0.023089774,0.00211673
TTTCATGCAAGAATAC-1,0.16,0.08,0.0,0.0,0.66716564,0.25910625,0.05281421,0.020913888
TTTCATGCACTTGACA-1,0.2,0.08,0.0,0.0,0.9950394,0.0014003741,0.003132056,0.00042809497
TTTCATGTCATGACAC-1,0.12,0.04,0.0,0.0,0.95018137,0.04196189,0.007751232,0.00010545309
TTTCCTCAGCTTTCTT-1,0.16,0.04,0.0,0.0,0.0110473605,0.37966415,0.3446274,0.26466107
TTTCCTCCAAGACCTT-1,0.16,0.04,0.0,0.0,0.117437035,0.21829346,0.5513427,0.11292685
TTTCCTCCAAGTGCAG-1,0.08,0.04,0.0,0.0,0.052800525,0.7742131,0.11172747,0.061259046
TTTCCTCCATTAAAGG-1,0.04,0.04,0.0,0.0,0.94823474,0.036619797,0.012577101,0.002568294
TTTCCTCGTCTACGAT-1,0.12,0.04,0.0,0.0,0.050860062,0.109864615,0.74594885,0.09332647
TTTCCTCTCCTGGGTG-1,0.12,0.04,0.0,0.0,0.09037678,0.67931366,0.11432046,0.1159892
TTTCGATAGATAGCAT-1,0.16,0.08,0.0,0.0,0.004019256,0.03429551,0.13069741,0.83098775
TTTCGATAGATCCCGC-1,0.16,0.08,0.0,0.0,0.17924091,0.6915389,0.04778141,0.08143876
TTTCGATCAAGCCTGC-1,0.16,0.04,0.0,0.0,0.035803337,0.53702027,0.34974906,0.07742729
TTTCGATGTATTGGCT-1,0.12,0.04,0.0,0.0,0.22451812,0.14063111,0.4437322,0.19111851
TTTCGATGTCGCTGCA-1,0.16,0.04,0.0,0.0,7.1010945e-05,0.087199934,0.0053266035,0.90740246
TTTCGATGTGAATTGA-1,0.04,0.04,0.0,0.0,0.7306164,0.15219182,0.0728549,0.044336867
TTTCGATGTTGGACCC-1,0.16,0.08,0.0,0.0,0.14432721,0.034977462,0.77486515,0.045830134
TTTCGATTCCTACTGC-1,0.12,0.04,0.0,0.0,0.84968346,0.06106654,0.08737305,0.0018770306
TTTCGATTCGAACTCA-1,0.16,0.08,0.0,0.0,0.14135598,0.6047783,0.0696774,0.18418834
TTTCGATTCTCGTCGT-1,0.16,0.04,0.0,0.0,0.033720903,0.6961304,0.11493494,0.15521379
TTTGACTAGATGGTCG-1,0.16,0.04,0.0,0.0,0.09899212,0.5810072,0.24632722,0.07367348
TTTGACTAGTATTAGG-1,0.16,0.08,0.0,0.0,0.3005189,0.071806595,0.24039128,0.38728327
TTTGACTTCGGTCTGG-1,0.16,0.04,0.0,0.0,0.0610715,0.15992911,0.7526532,0.026346203
TTTGACTTCTCTATAC-1,0.16,0.04,0.0,0.0,0.07511524,0.52431625,0.3516271,0.048941344
TTTGATCAGATAGCAT-1,0.16,0.08,0.0,0.0,0.41685525,0.018049797,0.31412932,0.25096565
TTTGATCAGCATTTCG-1,0.16,0.04,0.0,0.0,0.8607014,0.13609387,0.0030915292,0.00011325255
TTTGATCAGGCCCAAA-1,0.08,0.04,0.0,0.0,0.3431994,0.54098165,0.03527576,0.08054323
TTTGATCAGTTACTCG-1,0.16,0.04,0.0,0.0,0.7801179,0.18058674,0.034013834,0.005281472
TTTGATCCAAGAAATC-1,0.16,0.08,0.0,0.0,0.09479607,0.5091694,0.3584492,0.03758534
TTTGATCCACAGCTTA-1,0.16,0.08,0.0,0.0,0.3301485,0.010608482,0.24078524,0.41845775
TTTGATCCACCAAAGG-1,0.16,0.08,0.0,0.0,8.2217564e-05,0.17461717,0.079372786,0.7459278
TTTGATCGTGCATTAC-1,0.16,0.08,0.0,0.0,0.29943538,0.028449424,0.33575827,0.33635697
TTTGGAGAGGTCTGGA-1,0.12,0.04,0.0,0.0,0.08357704,0.40576044,0.38862902,0.122033514
TTTGGAGCATTGCTTT-1,0.12,0.04,0.0,0.0,0.17684558,0.40586188,0.23824203,0.17905052
TTTGGAGGTCACTCGG-1,0.08,0.04,0.0,0.0,0.1670216,0.07777649,0.573921,0.18128091
TTTGGAGGTGCACGCT-1,0.16,0.08,0.0,0.0,0.5688958,0.16889438,0.15776104,0.104448766
TTTGGAGGTTTCGTAG-1,0.08,0.04,0.0,0.0,0.008081156,0.2986447,0.5794482,0.113825895
TTTGGAGTCGAACGCC-1,0.16,0.04,0.0,0.0,0.23991798,0.28131175,0.30093288,0.17783742
TTTGGTTAGCACACCC-1,0.08,0.04,0.0,0.0,0.22681336,0.14578561,0.25028569,0.3771153
TTTGGTTCAACCACAT-1,0.16,0.08,0.0,0.0,0.0012042385,0.4316297,0.40484622,0.16231991
TTTGGTTCAGGGCTTC-1,0.04,0.04,0.0,0.0,0.9207012,0.034893606,0.040234864,0.004170429
TTTGGTTTCACCCTTG-1,0.12,0.04,0.0,0.0,0.12220891,0.11379453,0.5798739,0.18412258
TTTGGTTTCACGGGCT-1,0.16,0.04,0.0,0.0,0.0112541355,0.88376147,0.078904316,0.026080051
TTTGTTGCAGAGTCTT-1,0.12,0.04,0.0,0.0,0.9715693,0.01638604,0.011529982,0.0005147238
TTTGTTGCAGTAGGAC-1,0.16,0.08,0.0,0.0,0.15424341,0.015401499,0.61914796,0.21120717
TTTGTTGCAGTATACC-1,0.16,0.04,0.0,0.0,0.12217794,0.5740309,0.26171997,0.042071205
TTTGTTGGTAACAGTA-1,0.04,0.04,0.0,0.0,0.34895775,0.36064565,0.24926902,0.04112754
TTTGTTGTCCGTCCTA-1,0.16,0.04,0.0,0.0,0.23648433,0.1934112,0.37411574,0.19598873
TTTGTTGTCCTTCACG-1,0.16,0.08,0.0,0.0,0.063850105,0.4213953,0.45118186,0.063572675
