,growth
AAACCTGAGCCATCGC-1,1.0425880945786097
AAACCTGAGCTGCAAG-1,1.0221906179484712
AAACCTGAGCTGTTCA-1,1.0045902728935996
AAACCTGAGGAGCGTT-1,0.975631272298809
AAACCTGAGTTAACGA-1,1.0395573590395029
AAACCTGCAACACGCC-1,1.0396414819322706
AAACCTGCAACGATCT-1,1.037156701931927
AAACCTGCACTGTGTA-1,1.0430104917889231
AAACCTGCATCGTCGG-1,0.9809937105215167
AAACCTGGTAGCCTAT-1,0.9195163801842153
AAACCTGGTATAGGTA-1,1.0452183663172585
AAACCTGGTCTAGGTT-1,1.039223826940749
AAACCTGGTGACTACT-1,1.0396549681511078
AAACCTGGTTCAGTAC-1,1.049169468372496
AAACCTGGTTCGCGAC-1,1.045777321343071
AAACCTGGTTCTGAAC-1,0.946376717093517
AAACCTGTCAGCTCTC-1,1.022012017715947
AAACCTGTCATGCAAC-1,0.9525592286261974
AAACCTGTCCGAATGT-1,1.0073650682986977
AAACCTGTCCTCTAGC-1,1.008227762765635
AAACCTGTCGAACGGA-1,1.0246618666861886
AAACCTGTCTATGTGG-1,0.9971638256463997
AAACGGGAGAGTCGGT-1,0.9375678950239448
AAACGGGAGCATGGCA-1,0.9762026300932422
AAACGGGAGCTGTCTA-1,1.0478876337702632
AAACGGGAGGCGCTCT-1,1.0045634939441468
AAACGGGAGTACGTAA-1,1.0464046265764386
AAACGGGAGTCTTGCA-1,1.004091469080789
AAACGGGAGTGGAGTC-1,1.0314815095631478
AAACGGGAGTTAAGTG-1,1.0078235156171265
AAACGGGCAATAACGA-1,1.039827636894945
AAACGGGCACCATCCT-1,1.0431621895148937
AAACGGGCACCGAATT-1,1.0509371569267292
AAACGGGCATGGTAGG-1,1.0457569273935943
AAACGGGCATGGTCAT-1,1.0313140623424009
AAACGGGGTAACGTTC-1,1.0292516676644026
AAACGGGGTCCGCTGA-1,1.037063241154371
AAACGGGGTCTGGAGA-1,1.0383307156706556
AAACGGGGTGACTACT-1,1.0421392156503082
AAACGGGGTGCGAAAC-1,1.0414469354575535
AAACGGGGTTAAGGGC-1,1.0412177776381482
AAACGGGGTTACAGAA-1,0.9993453198449082
AAACGGGGTTTAGGAA-1,1.0383120792857092
AAACGGGTCAGCTCGG-1,1.0409985826237174
AAACGGGTCAGGCAAG-1,1.0317349843746544
AAACGGGTCATGTGGT-1,1.043362054644584
AAACGGGTCGACGGAA-1,1.0048242133808776
AAAGATGAGCAGGCTA-1,1.0403283359791187
AAAGATGAGTGAACAT-1,1.0314735309698397
AAAGATGAGTTAGCGG-1,0.9929562145565981
AAAGATGCAAACAACA-1,1.0344544808250293
AAAGATGCAAGTAATG-1,1.038553070140606
AAAGATGCACACATGT-1,1.0299859966470253
AAAGATGCACAGCCCA-1,1.0452045028485255
AAAGATGCACCGGAAA-1,1.0413088034083213
AAAGATGCACGACGAA-1,0.9921677526044568
AAAGATGCAGATGGGT-1,0.9946181388946755
AAAGATGCAGCCTGTG-1,1.0451361088264237
AAAGATGCATCAGTAC-1,1.002684083685392
AAAGATGCATTCCTCG-1,1.0033478854482736
AAAGATGGTAGAGCTG-1,0.9959326523680001
AAAGATGGTAGCTCCG-1,1.0492606888614049
AAAGATGGTAGGGACT-1,0.9615495792367624
AAAGATGGTATCAGTC-1,1.0434725639393283
AAAGATGGTCAATACC-1,1.0466135486457897
AAAGATGGTCTTGCGG-1,1.040094242982092
AAAGATGGTGACTACT-1,1.0387850522895914
AAAGATGGTGCCTGCA-1,0.9976061223719676
AAAGATGGTGCTAGCC-1,1.0265073064452697
AAAGATGGTGGCGAAT-1,1.0131434958932957
AAAGATGGTGGTGTAG-1,1.0403306020223688
AAAGATGGTTATCACG-1,1.0394857576481153
AAAGATGTCCTTAATC-1,1.043764425861038
AAAGATGTCGGCGCTA-1,0.944235190998445
AAAGCAAAGAGCAATT-1,0.9957544952635337
AAAGCAAAGCTGAACG-1,0.9536435997883307
AAAGCAAAGGGCATGT-1,1.003174493777432
AAAGCAAAGGTCGGAT-1,1.0492656844049673
AAAGCAACAAAGTGCG-1,1.040676275358587
AAAGCAACAATTGCTG-1,1.0446573277996867
AAAGCAACATACCATG-1,1.0400840972887757
AAAGCAACATATGCTG-1,1.0412147410402068
AAAGCAACATGAAGTA-1,1.0406574208815622
AAAGCAAGTCCAGTGC-1,1.0363401265481276
AAAGCAAGTTATCGGT-1,1.000002935362272
AAAGCAAGTTCAGTAC-1,1.0408442039168593
AAAGCAAGTTCTGTTT-1,1.0443191288356346
AAAGCAATCAAAGTAG-1,0.9315024415878768
AAAGCAATCCAGAAGG-1,1.0462250927058392
AAAGCAATCCTGTACC-1,0.952971263205463
AAAGCAATCGATAGAA-1,1.0013630287686484
AAAGCAATCGCACTCT-1,1.0078047303189568
AAAGCAATCGCAGGCT-1,0.9923451139338293
AAAGCAATCTAACGGT-1,1.037103242520087
AAAGCAATCTCCAGGG-1,0.9272456546003413
AAAGCAATCTGGTTCC-1,0.9566366052016663
AAAGCAATCTTGCAAG-1,1.048035444866865
AAAGTAGAGAACTGTA-1,1.0451856049755048
AAAGTAGAGATCTGCT-1,0.9700676287549634
AAAGTAGAGATGCGAC-1,1.0298506567727257
AAAGTAGAGCGATCCC-1,1.0415209904252105
AAAGTAGAGCTAGCCC-1,1.0182699728946292
AAAGTAGAGTACTTGC-1,1.041183450922738
AAAGTAGAGTATGACA-1,0.8909809750250195
AAAGTAGAGTGTACTC-1,1.0388432376323415
AAAGTAGAGTGTGAAT-1,1.0414674978763374
AAAGTAGCACAGGCCT-1,0.9542975797713443
AAAGTAGCACGGTTTA-1,0.9704107705782767
AAAGTAGCACGTGAGA-1,1.03927607310559
AAAGTAGCAGCTGGCT-1,1.0175306498077212
AAAGTAGCAGTTCATG-1,1.0241381789850446
AAAGTAGCATCGACGC-1,1.0416297178585798
AAAGTAGGTAACGTTC-1,1.0092625101468853
AAAGTAGGTATAAACG-1,1.0418641141054552
AAAGTAGGTCCGTTAA-1,0.9632122745899002
AAAGTAGGTCCTAGCG-1,1.042687745829414
AAAGTAGGTGATGTGG-1,1.0420870124536556
AAAGTAGGTGGACGAT-1,1.0385010272640525
AAAGTAGGTGGCAAAC-1,1.0484333476588865
AAAGTAGGTTTGACTG-1,1.021228003593583
AAAGTAGTCAGTCCCT-1,0.9905543464419805
AAAGTAGTCTCACATT-1,1.040880956044071
AAAGTAGTCTCTTATG-1,0.9653414179100653
AAAGTAGTCTGCCAGG-1,1.031158144217352
AAATGCCAGCATGGCA-1,1.0484165671922192
AAATGCCAGCTAGTCT-1,1.0453291225842456
AAATGCCAGCTCCTTC-1,1.0170867203691474
AAATGCCAGGTGCTTT-1,1.0374883023110613
AAATGCCCAAGGCTCC-1,1.0373356097659958
AAATGCCCAAGTTGTC-1,0.9717214855050952
AAATGCCCACACCGCA-1,1.02226021869638
AAATGCCCACAGAGGT-1,1.0308063605266258
AAATGCCCACTGTTAG-1,0.9796797406187778
AAATGCCCAGGGATTG-1,0.9974183155067322
AAATGCCCAGTAAGAT-1,0.9799710479450567
AAATGCCGTACGACCC-1,1.0453728526294197
AAATGCCGTATTCGTG-1,1.0438239196084549
AAATGCCGTGACTCAT-1,0.9855053333768425
AAATGCCGTGCGCTTG-1,1.0277064752696008
AAATGCCGTGCGGTAA-1,1.0408569028431836
AAATGCCGTTACGGAG-1,0.9931009306037719
AAATGCCTCAGCAACT-1,1.0487422420587775
AAATGCCTCAGCTGGC-1,1.046085817633766
AAATGCCTCCCTTGTG-1,0.9882120832775914
AAATGCCTCCTAAGTG-1,1.036110227630714
AAATGCCTCGGTTAAC-1,1.036911401334938
AACACGTAGCGTGAGT-1,1.042025823003505
AACACGTAGGATGGTC-1,1.033956758831495
AACACGTCACATGACT-1,1.042358088260729
AACACGTCAGCTGTAT-1,1.0414050338652932
AACACGTCAGGCTGAA-1,1.0363747331489794
AACACGTCATGTTCCC-1,1.007741353992196
AACACGTGTATCAGTC-1,1.013575486425932
AACACGTGTGCTGTAT-1,0.9299793052199992
AACACGTGTGTTTGTG-1,0.9958173264501323
AACACGTTCAACGGGA-1,0.9854987051857207
AACACGTTCGCGTTTC-1,1.0107874759719493
AACACGTTCTCGCATC-1,1.0264565412249043
AACACGTTCTGTGCAA-1,1.0270904998690824
AACCATGAGAAGGACA-1,1.0338652043256764
AACCATGAGCGTTCCG-1,0.9897335336461822
AACCATGAGGATGGTC-1,0.9924768180331442
AACCATGAGGTGACCA-1,1.0425315790996388
AACCATGAGGTTCCTA-1,0.9287382194344126
AACCATGAGTACGACG-1,1.0358734756080898
AACCATGCAAAGAATC-1,1.0396012959066119
AACCATGCAACACCTA-1,0.9944552712514378
AACCATGCAAGAGTCG-1,1.0474368121986517
AACCATGCACAGACTT-1,1.035509653970449
AACCATGCACGTCAGC-1,1.0427281018604888
AACCATGCAGTATGCT-1,0.9876337726882521
AACCATGCATCCCATC-1,1.0394412549564067
AACCATGGTAAACCTC-1,0.9783180247770744
AACCATGGTCGAATCT-1,1.0092154188700189
AACCATGGTCTGCAAT-1,0.9932452408029491
AACCATGTCCGTAGGC-1,1.042046031741183
AACCATGTCCGTCAAA-1,1.0299495907278424
AACCATGTCGCCGTGA-1,1.051104133617441
AACCATGTCGGCCGAT-1,1.0199226652756315
AACCATGTCTTACCTA-1,1.0452567227933378
AACCGCGAGACATAAC-1,0.9898210261618524
AACCGCGAGACGCTTT-1,0.9852878175582117
AACCGCGAGAGTCGGT-1,1.0378274803134402
AACCGCGAGATACACA-1,1.0299947840207062
AACCGCGAGATGGGTC-1,1.0489113007428874
AACCGCGAGCAGCCTC-1,1.0133540616025185
AACCGCGAGCGTGAAC-1,1.0045375081206964
AACCGCGAGCTGTTCA-1,0.9941094090749849
AACCGCGAGTCACGCC-1,1.01354052363567
AACCGCGCACGCCAGT-1,1.0441870473944472
AACCGCGCATGCTAGT-1,1.0115457663384295
AACCGCGGTACATCCA-1,1.0258360671810232
AACCGCGGTATCTGCA-1,1.0395983073189132
AACCGCGGTGCGATAG-1,1.0476621004887554
AACCGCGGTGTTTGTG-1,1.0415972913508345
AACCGCGGTTCGAATC-1,1.0336831739079977
AACCGCGGTTCGGCAC-1,1.048661140944434
AACCGCGTCACAGGCC-1,1.0451945266468228
AACCGCGTCACGCGGT-1,1.0085816961683254
AACCGCGTCCACTCCA-1,1.0380546832947337
AACCGCGTCCCTCTTT-1,1.045719500595036
AACCGCGTCCTTTCGG-1,1.0363886384864713
AACCGCGTCGATAGAA-1,1.0080261722857238
AACCGCGTCGATCCCT-1,0.9799943645139928
AACCGCGTCGTACGGC-1,1.0448334713894403
AACCGCGTCTAACGGT-1,1.0382990055185717
AACCGCGTCTCGGACG-1,1.040692522314331
AACCGCGTCTGATTCT-1,1.0394228433194017
AACGTTGAGAGGTACC-1,1.0411244094316225
AACGTTGAGAGGTTAT-1,1.0337509136607537
AACGTTGCAAGTACCT-1,1.0160018748136204
AACGTTGCACACAGAG-1,1.037781678670612
AACGTTGCACCAGCAC-1,1.0466523925723157
AACGTTGCACTTACGA-1,1.0374990565211653
AACGTTGCAGGGTTAG-1,1.0402790291971553
AACGTTGCATAACCTG-1,0.9943706315246968
AACGTTGCATCTCCCA-1,0.9978353600035367
AACGTTGGTGGGTATG-1,1.045033805631498
AACGTTGTCATCTGCC-1,0.967944706216392
AACGTTGTCCGCATAA-1,0.9652050371231023
AACGTTGTCCTTGGTC-1,1.0369292350649137
AACGTTGTCGAACGGA-1,1.0484915631613092
AACGTTGTCGCTTAGA-1,0.9970942471542384
AACGTTGTCGGACAAG-1,1.0382806428299793
AACGTTGTCTAAGCCA-1,1.0034710955520936
AACGTTGTCTATCCCG-1,1.045822163601078
AACGTTGTCTCCGGTT-1,0.9670103876168743
AACTCAGAGACATAAC-1,0.896206967276958
AACTCAGAGCCAGTTT-1,1.023512588685267
AACTCAGAGTAGCCGA-1,1.0465530489173693
AACTCAGAGTGTACGG-1,1.0398216754393041
AACTCAGAGTTCGATC-1,1.030848910480482
AACTCAGCAAAGGAAG-1,1.0286743812389667
AACTCAGCAAGGACAC-1,0.9767195005841662
AACTCAGCACGACTCG-1,1.0493693369942647
AACTCAGCAGACAAGC-1,1.0354800792029408
AACTCAGCAGATAATG-1,1.0454397515366884
AACTCAGCAGGCTGAA-1,1.0363606775411391
AACTCAGCATATGGTC-1,1.0433630712329969
AACTCAGCATGTTGAC-1,0.9502448329337592
AACTCAGCATTACCTT-1,0.9564992268006935
AACTCAGGTACCGGCT-1,1.045541097713443
AACTCAGGTCAAAGAT-1,0.9931887374382746
AACTCAGGTCTCTCTG-1,0.9748924508066434
AACTCAGGTGGCGAAT-1,0.9961724905254723
AACTCAGGTTCCATGA-1,1.0355845642687698
AACTCAGGTTCCCTTG-1,1.007478265455803
AACTCAGTCACTTCAT-1,1.047761222919004
AACTCAGTCCACTCCA-1,1.0390757607730512
AACTCAGTCCACTGGG-1,0.955444210424524
AACTCAGTCTATCGCC-1,1.0161692914359823
AACTCCCAGACTCGGA-1,1.0300879238243352
AACTCCCAGACTTTCG-1,1.0281063093542266
AACTCCCAGAGCCCAA-1,1.0081871648605296
AACTCCCAGCTCTCGG-1,1.0480152897581114
AACTCCCAGGAATGGA-1,1.047956328833465
AACTCCCAGGATGGAA-1,0.9959736389693266
AACTCCCAGGTCGGAT-1,1.0450027232763113
AACTCCCAGTACGCGA-1,1.049655620475503
AACTCCCCAAACCCAT-1,1.0448734355534153
AACTCCCCAATAACGA-1,1.040244256853717
AACTCCCCAATGGAAT-1,0.9774570567414367
AACTCCCCACCACGTG-1,1.0321076786306689
AACTCCCCACCCTATC-1,1.0382121179950787
AACTCCCCAGCCAATT-1,1.0398804450065973
AACTCCCCATGGGAAC-1,1.048983583274961
AACTCCCGTAGGGTAC-1,1.044972545007655
AACTCCCGTCTAGCGC-1,0.9921939833998025
AACTCCCGTTATCACG-1,1.0181120203360492
AACTCCCTCAAGCCTA-1,1.0408191903869022
AACTCCCTCCTATTCA-1,1.0477161615968564
AACTCCCTCGAGGTAG-1,0.9667527386603999
AACTCCCTCGTCCAGG-1,1.0439766645304203
AACTCCCTCGTCTGCT-1,0.959070674110792
AACTCCCTCGTTACGA-1,0.9758664778411318
AACTCCCTCTTGCCGT-1,1.045205532000955
AACTCTTAGAGGGATA-1,1.045750375373367
AACTCTTAGCTTATCG-1,1.0407702689519593
AACTCTTAGGGCTTGA-1,1.001558436068743
AACTCTTAGTTAAGTG-1,1.023865160418583
AACTCTTCAACTGCTA-1,1.0370347661423096
AACTCTTCACACAGAG-1,1.0436988557985145
AACTCTTCACACCGCA-1,0.999101507086562
AACTCTTCAGACTCGC-1,0.992082895484577
AACTCTTCAGAGCCAA-1,1.0377412594314972
AACTCTTCAGTCTTCC-1,1.0088061708265612
AACTCTTCATCTACGA-1,1.0346880307887443
AACTCTTCATGCTAGT-1,1.0283139566491377
AACTCTTCATTCCTCG-1,1.0418597956932247
AACTCTTGTACCCAAT-1,1.0317622533579807
AACTCTTGTAGGCATG-1,1.046584265738773
AACTCTTGTCTCGTTC-1,1.0357806998280379
AACTCTTGTGCCTGCA-1,1.041934105748097
AACTCTTGTGTGCGTC-1,1.0448294236790403
AACTCTTTCCACGACG-1,1.043231853347152
AACTCTTTCCAGGGCT-1,1.009998201991162
AACTCTTTCCATTCTA-1,1.0375739341784658
AACTCTTTCGGAAATA-1,1.0124428807262753
AACTCTTTCGTATCAG-1,1.0394116779121243
AACTCTTTCTATCGCC-1,1.0357230592807436
AACTCTTTCTCGTTTA-1,0.9480835647984974
AACTCTTTCTCTTGAT-1,1.0449615827092815
AACTGGTAGACCGGAT-1,0.9939572849936984
AACTGGTAGACGACGT-1,1.001101359817244
AACTGGTAGCCCAGCT-1,1.0358131897174003
AACTGGTAGTCGATAA-1,1.019168378268669
AACTGGTCAAGAAGAG-1,0.962434886801296
AACTGGTCACATAACC-1,1.0124240333352175
AACTGGTCACTATCTT-1,1.0249974533993733
AACTGGTCAGACGCTC-1,0.968017553901082
AACTGGTCAGCCAGAA-1,0.9973535693433956
AACTGGTCATCGATGT-1,0.9445820712580456
AACTGGTCATCGGAAG-1,0.9416484768565001
AACTGGTGTCATGCCG-1,0.9713843860185267
AACTGGTTCCAGGGCT-1,1.0392514111693147
AACTGGTTCGCAGGCT-1,1.0490826755905944
AACTGGTTCGGATGTT-1,0.9532524319887961
AACTGGTTCTAGCACA-1,1.0124319820465082
AACTGGTTCTTTAGTC-1,0.9660111614683317
AACTTTCAGACCTAGG-1,1.0391605655138842
AACTTTCAGAGGTAGA-1,1.0379939555814126
AACTTTCAGATGTGGC-1,1.0456834091516782
AACTTTCAGCATGGCA-1,1.0242540173015946
AACTTTCAGCCAGTAG-1,1.0324206937485008
AACTTTCAGGAGTCTG-1,1.035799294970855
AACTTTCAGGCTCTTA-1,1.0466017168115438
AACTTTCAGGGATCTG-1,1.0390249727504044
AACTTTCAGGGCATGT-1,1.0445961031189295
AACTTTCAGGGCTCTC-1,0.9286884812291234
AACTTTCAGTGTACTC-1,1.0397003324701777
AACTTTCCAAGTCATC-1,1.0408806558390333
AACTTTCCACAGACAG-1,0.9461888100024884
AACTTTCCATCACCCT-1,0.9854537839793568
AACTTTCCATGGGAAC-1,1.03563356516349
AACTTTCGTAAAGGAG-1,0.9994081291560996
AACTTTCGTTAAGACA-1,1.0373782699496503
AACTTTCGTTATTCTC-1,0.966561001728867
AACTTTCGTTTGTGTG-1,1.0136411534832332
AACTTTCTCAAACAAG-1,1.048657099048412
AACTTTCTCACGACTA-1,1.010568557403776
AACTTTCTCAGCTCTC-1,1.0403586138807572
AACTTTCTCCATGAGT-1,1.0276129886387784
AACTTTCTCGAACGGA-1,1.039309844924826
AACTTTCTCGCCAAAT-1,1.049990852225352
AACTTTCTCGCCAGCA-1,1.0451747871276633
AACTTTCTCTACGAGT-1,1.0058507313532508
AAGACCTAGATACACA-1,1.0062635424279383
AAGACCTAGCGACGTA-1,1.0321637498632177
AAGACCTAGGCCCGTT-1,1.0135235530751356
AAGACCTAGGCTAGGT-1,0.9810700552052354
AAGACCTAGTTTAGGA-1,1.0394405866189305
AAGACCTCAATCTACG-1,1.0423470952679033
AAGACCTCACATCCAA-1,1.040673560695317
AAGACCTCAGCCTGTG-1,0.9739941444284785
AAGACCTCAGGGTACA-1,1.0422819784680357
AAGACCTCATGGATGG-1,1.0416898153608973
AAGACCTCATGTCCTC-1,1.04795796923151
AAGACCTGTAACGCGA-1,1.0422905981248993
AAGACCTGTACAGACG-1,1.0464350414730972
AAGACCTGTACCTACA-1,1.037125922875452
AAGACCTGTCTGATTG-1,0.9858046267604532
AAGACCTGTGTGACGA-1,1.0123259649580103
AAGACCTGTTGGTTTG-1,1.0364163218704552
AAGACCTTCCCATTTA-1,1.0472896444397248
AAGACCTTCCTTGGTC-1,0.9615040839408616
AAGACCTTCTCTAGGA-1,1.0388057881419452
AAGCCGCAGACCACGA-1,1.030583393001492
AAGCCGCAGAGTGACC-1,1.0430523728945067
AAGCCGCAGCCGGTAA-1,1.0514725941933425
AAGCCGCAGCGTTTAC-1,1.0443145925865078
AAGCCGCAGGAGTTTA-1,1.0178934095552012
AAGCCGCAGGCGTACA-1,1.0266949845226965
AAGCCGCAGTTATCGC-1,1.0198403009233041
AAGCCGCCAAATCCGT-1,1.0348508086765804
AAGCCGCCAGAGTGTG-1,1.0044850689424198
AAGCCGCCATCCCACT-1,1.0425179079246203
AAGCCGCCATTTCAGG-1,0.997925822162517
AAGCCGCGTAAGTGGC-1,1.0155840299536756
AAGCCGCGTAGTAGTA-1,0.9630932675178236
AAGCCGCGTCAGAATA-1,1.0206242163845327
AAGCCGCGTCGAGATG-1,1.0433644458518065
AAGCCGCGTCGGCATC-1,1.0165461549088948
AAGCCGCGTCTGCAAT-1,1.0387565456499348
AAGCCGCGTGACGCCT-1,1.0400313489301178
AAGCCGCTCATAGCAC-1,1.0388708304313599
AAGCCGCTCATCGATG-1,1.0368630189129224
AAGCCGCTCCGCAGTG-1,0.9480440490694502
AAGCCGCTCGGCCGAT-1,1.0439102898584596
AAGCCGCTCTCAAACG-1,1.0333871539545556
AAGCCGCTCTGGAGCC-1,1.0432500530249709
AAGGAGCAGAATCTCC-1,1.0445609277498207
AAGGAGCAGATCCGAG-1,1.0444608611834016
AAGGAGCAGCTAGGCA-1,1.039659747980163
AAGGAGCAGGCGACAT-1,1.0301298237481222
AAGGAGCAGGTACTCT-1,0.9348120356197006
AAGGAGCAGGTAGCTG-1,1.033121695258619
AAGGAGCAGTGAAGTT-1,1.0081943232916295
AAGGAGCAGTGTACTC-1,1.0317477317851296
AAGGAGCCAAACGCGA-1,1.03024124685418
AAGGAGCCACGGTAGA-1,1.0460098004779772
AAGGAGCGTCACCCAG-1,0.9905764761918799
AAGGAGCGTGCCTGCA-1,1.0483979276698305
AAGGAGCGTGGCCCTA-1,1.0355949134668965
AAGGAGCGTGTGCGTC-1,1.0158389455677022
AAGGAGCGTTCAACCA-1,1.0257005031054798
AAGGAGCTCACCTTAT-1,1.0286640840412937
AAGGAGCTCAGCATGT-1,1.031701051526588
AAGGAGCTCCTCAACC-1,1.0422559862097982
AAGGAGCTCGATAGAA-1,1.0445015488553187
AAGGAGCTCGCGCCAA-1,0.9628624482654966
AAGGAGCTCGGAGCAA-1,1.0447041962108063
AAGGAGCTCTACTCAT-1,1.0365812359644158
AAGGAGCTCTTGAGGT-1,1.0322960205591052
AAGGCAGAGACCTAGG-1,1.0110846151110064
AAGGCAGAGACGCTTT-1,1.0300275796832234
AAGGCAGAGATACACA-1,1.0498077955561638
AAGGCAGAGCACAGGT-1,1.0088887671241258
AAGGCAGAGCTATGCT-1,0.964215717853616
AAGGCAGAGCTTCGCG-1,0.9792997171450004
AAGGCAGAGGAATCGC-1,1.033486462434952
AAGGCAGAGGGAGTAA-1,0.9812811658045175
AAGGCAGCACCAGCAC-1,1.034405033656499
AAGGCAGCACCCAGTG-1,1.0388690145624546
AAGGCAGCACGTCTCT-1,1.0046915620537036
AAGGCAGCAGCCACCA-1,1.031272021445824
AAGGCAGGTATCAGTC-1,0.991392361500323
AAGGCAGGTCTGATTG-1,1.0475042775491916
AAGGCAGGTCTGCAAT-1,1.0157008571362252
AAGGCAGGTGATGATA-1,1.0383356765248126
AAGGCAGGTGTTGAGG-1,1.0464576588021184
AAGGCAGGTTACGTCA-1,1.0412514284105636
AAGGCAGTCTTCCTTC-1,1.01627538657176
AAGGCAGTCTTGTATC-1,1.0287188030266254
AAGGTTCAGCGTAGTG-1,1.043234164010808
AAGGTTCAGGCAGGTT-1,1.038404909666531
AAGGTTCAGGCAGTCA-1,1.0189780450042512
AAGGTTCAGTTCGATC-1,0.9779920906221385
AAGGTTCAGTTGTAGA-1,0.9994467722921175
AAGGTTCCAACAACCT-1,1.0433679979063857
AAGGTTCCAATAACGA-1,0.969952721904972
AAGGTTCCACCACGTG-1,1.0233350675001178
AAGGTTCCACCGGAAA-1,0.9562338608645393
AAGGTTCCACGGTGTC-1,0.9238772800303221
AAGGTTCCAGACGCCT-1,1.0213558542628327
AAGGTTCCATCACGAT-1,1.03663900611721
AAGGTTCCATGCATGT-1,0.9745329500715697
AAGGTTCCATGCCACG-1,1.0118924207946718
AAGGTTCGTATCTGCA-1,1.0046922119485673
AAGGTTCGTGTTTGTG-1,1.0373966263187389
AAGGTTCGTTCAGACT-1,1.044485178156079
AAGGTTCTCAGCTCTC-1,1.0307317152330344
AAGGTTCTCCGCATCT-1,1.0005746518482248
AAGGTTCTCGAATCCA-1,0.9621511792440023
AAGGTTCTCGGTCCGA-1,0.9794253307603538
AAGGTTCTCTCAAGTG-1,1.0433316593897672
AAGGTTCTCTGTCTAT-1,0.9688101431046837
AAGTCTGAGACCTAGG-1,1.0402801124429215
AAGTCTGAGATGTGTA-1,1.0422512908613897
AAGTCTGAGCAGCCTC-1,0.9709906739359198
AAGTCTGAGCCATCGC-1,1.0450029212229435
AAGTCTGAGGGATGGG-1,1.0499296577449801
AAGTCTGAGTAGCCGA-1,0.8886486523417308
AAGTCTGAGTCATCCA-1,0.9620064606964767
AAGTCTGCACACATGT-1,1.0497784577922025
AAGTCTGCACCACGTG-1,1.0424648684821358
AAGTCTGCAGACAAAT-1,1.0391437640986347
AAGTCTGCAGGGTTAG-1,1.003303414953167
AAGTCTGCAGTAAGAT-1,1.022345029145128
AAGTCTGCAGTGACAG-1,1.004570254802294
AAGTCTGCATAAAGGT-1,1.0104705327687753
AAGTCTGGTCATACTG-1,0.9887539097691403
AAGTCTGTCAACGGCC-1,0.995656344168627
AAGTCTGTCCACGCAG-1,1.0378092619282693
AAGTCTGTCCTGCTTG-1,0.9721583110201083
AAGTCTGTCGATCCCT-1,1.0365241244854195
AAGTCTGTCGCCGTGA-1,1.0393779494091033
AAGTCTGTCGTAGGAG-1,0.9744911946508056
AAGTCTGTCTTGTACT-1,1.0070798183695575
AATCCAGAGATCACGG-1,1.0332813218995298
AATCCAGAGATCTGAA-1,1.0309621650603202
AATCCAGCAATGGAAT-1,1.0191547455544667
AATCCAGCACAGGAGT-1,1.0124213397001276
AATCCAGCACGAAGCA-1,1.0097483607315778
AATCCAGCACGGCCAT-1,1.0388259807169327
AATCCAGCACGTTGGC-1,1.0319571762114357
AATCCAGCAGCTGTTA-1,1.0364951067109807
AATCCAGCAGGGTACA-1,0.9966238649026424
AATCCAGCATATACCG-1,1.042592950821558
AATCCAGCATTGTGCA-1,1.0375525338226097
AATCCAGGTCAACATC-1,1.0325995779018762
AATCCAGGTCGCGAAA-1,1.0421667501587843
AATCCAGGTGTATGGG-1,1.0058236283006985
AATCCAGTCAACGCTA-1,1.0400179031452148
AATCCAGTCAAGAAGT-1,0.9731898939621628
AATCCAGTCACGAAGG-1,0.9559722374305734
AATCCAGTCAGTTCGA-1,1.0376533266182892
AATCCAGTCCCTAACC-1,1.0434128904288156
AATCCAGTCGCCCTTA-1,0.8829671974339691
AATCCAGTCGGAATCT-1,0.9582378246696371
AATCGGTAGAATTGTG-1,1.0335973986279074
AATCGGTAGAGCCTAG-1,1.0409554248868296
AATCGGTAGATGTAAC-1,1.040609919270643
AATCGGTAGATGTGTA-1,0.9868248525775732
AATCGGTAGCTTATCG-1,0.920211693311227
AATCGGTAGGCGTACA-1,1.0408017964782255
AATCGGTAGTACACCT-1,1.0312498460927593
AATCGGTAGTACGTAA-1,0.970980172565683
AATCGGTAGTCCATAC-1,1.0203338557175194
AATCGGTAGTTCGCGC-1,1.0400030619769056
AATCGGTCAAAGTGCG-1,1.0376935842074237
AATCGGTCAAGCCGTC-1,1.0216610226331202
AATCGGTCAATCGAAA-1,0.9404228424981071
AATCGGTCACGGTGTC-1,0.9906763447799598
AATCGGTCAGCTGGCT-1,1.045640938092907
AATCGGTGTAAGGGCT-1,1.0402772038294756
AATCGGTGTACATCCA-1,1.040623895884674
AATCGGTGTCAAAGCG-1,1.0441514511560201
AATCGGTGTCAGATAA-1,0.9761592310073259
AATCGGTGTCCGCTGA-1,1.042086844396597
AATCGGTGTTCCAACA-1,1.002226583043854
AATCGGTTCACTGGGC-1,1.0276079845058246
AATCGGTTCAGCTTAG-1,0.9921180757546334
AATCGGTTCCATGAGT-1,1.0435066781545363
AATCGGTTCCCAGGTG-1,1.0409500177384783
AATCGGTTCCGCTGTT-1,1.0127152029368869
AATCGGTTCCGGGTGT-1,1.0424693700613479
AATCGGTTCGGAAACG-1,1.0285335700509575
ACACCAAAGAATTGTG-1,1.0355914377248774
ACACCAAAGCACGCCT-1,1.0334037194550272
ACACCAAAGGAGCGAG-1,1.0074337095644126
ACACCAAAGTCGATAA-1,1.0468999751841666
ACACCAACACTGCCAG-1,1.0026130853190491
ACACCAACAGACTCGC-1,1.0396219868495502
ACACCAACAGCCACCA-1,1.028280106219022
ACACCAACATCAGTAC-1,1.019919502810404
ACACCAAGTAAGGATT-1,1.0431939815206137
ACACCAAGTAGCTAAA-1,1.0467423570008327
ACACCAAGTATCTGCA-1,1.0430825279089746
ACACCAAGTCGGCACT-1,0.9862470016837852
ACACCAAGTTATCGGT-1,1.0430154056745775
ACACCAATCATGTAGC-1,0.9614267632414986
ACACCAATCCCTCTTT-1,1.0338967169868547
ACACCAATCCGCGGTA-1,0.9885805899252027
ACACCAATCGACAGCC-1,1.0162933958013707
ACACCAATCTCCTATA-1,1.0244954465338412
ACACCAATCTGCTTGC-1,1.047133463452442
ACACCCTAGATATGGT-1,1.0418052744799928
ACACCCTAGCCTCGTG-1,0.9992285957478207
ACACCCTAGGATGGAA-1,0.9816362818394858
ACACCCTAGTGCCAGA-1,1.0146747781448822
ACACCCTAGTGGTCCC-1,1.0044716564319442
ACACCCTAGTGTCCAT-1,1.0403636877153246
ACACCCTCAAGCCATT-1,1.045795354137252
ACACCCTCAATCGAAA-1,0.97332927519844
ACACCCTCACAGACTT-1,1.0363707640742836
ACACCCTCACAGGAGT-1,1.0445084798988915
ACACCCTCACATGACT-1,1.038923572020519
ACACCCTCACCGATAT-1,1.0440442737387625
ACACCCTCAGGACGTA-1,1.0332011139991204
ACACCCTCAGGGCATA-1,0.9933690949085602
ACACCCTCAGTAGAGC-1,1.0442898961432532
ACACCCTCATGGTAGG-1,1.0124928852805994
ACACCCTGTAAATGTG-1,1.0160850925386273
ACACCCTGTAGCGATG-1,1.0362324633819728
ACACCCTGTCACTGGC-1,1.0450856115541252
ACACCCTGTCAGTGGA-1,1.045490105334404
ACACCCTGTGACCAAG-1,1.0401518289238856
ACACCCTGTTTGCATG-1,1.025395237682201
ACACCCTTCACAAACC-1,1.041976135169182
ACACCCTTCGATGAGG-1,0.9994582788621357
ACACCCTTCTCCAACC-1,1.0457188061647913
ACACCGGAGATACACA-1,1.0389409963660399
ACACCGGAGATCGGGT-1,0.9304625312746049
ACACCGGAGCCGATTT-1,1.012358186837259
ACACCGGAGCGATTCT-1,1.0117791699520389
ACACCGGAGGAGTACC-1,1.0140373909657272
ACACCGGAGGCGATAC-1,0.9613397394454218
ACACCGGAGGGCTTGA-1,1.044526854048932
ACACCGGAGGTGCTAG-1,1.0354012795834935
ACACCGGAGTCCTCCT-1,1.0241148989769577
ACACCGGAGTGCCATT-1,1.0335291917019116
ACACCGGAGTTGTAGA-1,1.0350725482996466
ACACCGGCACAGACTT-1,0.9597478641448961
ACACCGGCAGATGAGC-1,0.9884585807806443
ACACCGGCAGCCAGAA-1,1.0445212765407146
ACACCGGCATTGCGGC-1,0.9981420877023378
ACACCGGGTAAACCTC-1,1.0465785568586161
ACACCGGGTAAGAGGA-1,0.9983856307461025
ACACCGGGTACCAGTT-1,1.0051668170345538
ACACCGGGTAGGCTGA-1,1.0386643622946061
ACACCGGGTATAAACG-1,1.04091302087956
ACACCGGGTCAACATC-1,1.046020677730127
ACACCGGGTCAGAATA-1,1.041617062583076
ACACCGGGTGTGACCC-1,1.045238737168232
ACACCGGGTTCATGGT-1,1.0214904427764036
ACACCGGGTTCGTTGA-1,0.9813906240166994
ACACCGGTCAGCAACT-1,1.0388699616803942
ACACCGGTCAGCTCTC-1,0.9979440267657883
ACACCGGTCATAACCG-1,0.9919640544325825
ACACCGGTCATGTAGC-1,0.9890411321051209
ACACCGGTCCCATTTA-1,0.9959222096220129
ACACCGGTCCTAGGGC-1,1.0445118232997432
ACACCGGTCGAATCCA-1,0.9385030156110028
ACACCGGTCTACTATC-1,1.0442988813553937
ACACTGAAGATCGGGT-1,1.0035739997204256
ACACTGAAGCCCTAAT-1,1.014831946333373
ACACTGAAGGCAAAGA-1,0.947914209608699
ACACTGACACTAGTAC-1,1.0436132321784994
ACACTGACATTACGAC-1,0.9275146857200262
ACACTGAGTCAGAATA-1,1.0482042134331069
ACACTGAGTGCAGGTA-1,1.0329405145174984
ACACTGAGTTTAAGCC-1,1.0046220154743035
ACACTGATCCTTTCGG-1,1.0047516445516338
ACACTGATCGAGAGCA-1,1.04180397065744
ACACTGATCTTACCGC-1,0.990447746220649
ACAGCCGAGAAGGGTA-1,0.9614552923412517
ACAGCCGAGCGATAGC-1,0.97160050140416
ACAGCCGAGTATTGGA-1,1.0243179210929865
ACAGCCGAGTCGTACT-1,1.047682887249609
ACAGCCGCAAGCCATT-1,1.0000553019273988
ACAGCCGCAGCCACCA-1,1.0350901703752133
ACAGCCGCAGCTCGAC-1,1.0492856752251936
ACAGCCGGTACCTACA-1,1.0377986899552099
ACAGCCGGTAGAAAGG-1,1.0332516021604512
ACAGCCGGTCTTCGTC-1,1.0465276783667983
ACAGCCGGTTGGTGGA-1,1.0501312532260105
ACAGCCGTCACTCTTA-1,1.0089615296410819
ACAGCCGTCCAGAAGG-1,0.9989220621474385
ACAGCCGTCCGCGTTT-1,0.9838551422341922
ACAGCCGTCCTCGCAT-1,1.0423114767363364
ACAGCCGTCGGACAAG-1,0.9551548205746653
ACAGCCGTCGTTGACA-1,1.0373985817225118
ACAGCTAAGCAGACTG-1,1.0442455272868478
ACAGCTAAGCAGGTCA-1,1.0470410257397291
ACAGCTAAGCTATGCT-1,1.0415897414194535
ACAGCTAAGCTGGAAC-1,1.0367983463547532
ACAGCTACAAAGGAAG-1,1.0488579128278488
ACAGCTACAAGCGTAG-1,0.9819659119162466
ACAGCTACAATACGCT-1,1.042344152341028
ACAGCTACATACAGCT-1,1.0439181623082907
ACAGCTACATTGGGCC-1,0.904716528900393
ACAGCTAGTCCTCTTG-1,1.048218188989526
ACAGCTATCAGCGACC-1,1.0428457674252285
ACAGCTATCGGAAACG-1,0.9660989560423024
ACAGCTATCGGTTCGG-1,1.0223313563327192
ACAGCTATCGTTACGA-1,1.040941532211124
ACAGCTATCGTTTAGG-1,1.0064458578844135
ACAGCTATCTGGAGCC-1,1.0049147147328548
ACAGCTATCTTAGCCC-1,1.0458837138172776
ACATACGAGGACACCA-1,0.9479825384431465
ACATACGAGGGCACTA-1,0.9849501612384683
ACATACGAGGGCTTCC-1,1.0151721549033466
ACATACGAGTCCGTAT-1,0.9546126031811113
ACATACGCAAGGACTG-1,1.038370535163911
ACATACGCACATCCAA-1,0.996722380702158
ACATACGCACGGACAA-1,1.0395513902527658
ACATACGCACTGTCGG-1,1.0131867385838444
ACATACGCATATACGC-1,0.9795290610596608
ACATACGCATTTGCCC-1,0.984202077112516
ACATACGGTACAGACG-1,1.043372565853603
ACATACGGTCTAGTGT-1,1.046796928966928
ACATACGGTGGTGTAG-1,1.0374289066322764
ACATACGGTGTTGGGA-1,1.045542925846686
ACATACGGTTCAGTAC-1,1.0394866900081647
ACATACGGTTTAAGCC-1,1.0342909274937502
ACATACGTCAACACCA-1,0.9743416125894003
ACATACGTCAATACCG-1,1.0024126935544169
ACATACGTCAGTCAGT-1,1.0433928073084662
ACATACGTCCGCGGTA-1,1.039041019092549
ACATACGTCCTGCAGG-1,1.00768984635975
ACATACGTCGCGCCAA-1,1.0397831977048275
ACATACGTCTTGACGA-1,1.0395909635397886
ACATCAGAGAAACGAG-1,1.0310703095873084
ACATCAGAGAGATGAG-1,0.9728541459088658
ACATCAGCAATAACGA-1,1.0295875075920708
ACATCAGCAATCGGTT-1,0.9348387311976641
ACATCAGCACCAGTTA-1,1.0411797109716243
ACATCAGCAGTTCATG-1,0.9904316595533068
ACATCAGCAGTTTACG-1,1.040951364684125
ACATCAGCATCATCCC-1,1.0178338838598253
ACATCAGGTAAGGATT-1,1.0424290065883939
ACATCAGGTACCATCA-1,1.04345163938496
ACATCAGGTATCTGCA-1,1.045294597371284
ACATCAGGTCTCTCGT-1,1.02252611880151
ACATCAGGTGCCTGTG-1,1.0382419156341536
ACATCAGGTGGTAACG-1,0.9496004159835175
ACATCAGGTGGTGTAG-1,1.0336849587572638
ACATCAGTCATTGCGA-1,1.0361837489053922
ACATCAGTCCCAAGAT-1,1.049306276057036
ACATCAGTCCTAGTGA-1,1.0322921639074571
ACATCAGTCGGATGGA-1,0.9769241426384349
ACATCAGTCTAGAGTC-1,0.9747265175770442
ACATCAGTCTTGACGA-1,0.9492391061669865
ACATGGTAGAATCTCC-1,0.9895748464627125
ACATGGTAGATGTAAC-1,1.0412987825489457
ACATGGTAGGCACATG-1,1.0451209787508036
ACATGGTCACAGATTC-1,1.0449000274138833
ACATGGTCATGACATC-1,1.0496323277018456
ACATGGTCATTGGGCC-1,0.9578903551222008
ACATGGTGTAACGTTC-1,1.0430367632901758
ACATGGTGTAATAGCA-1,1.049757118560529
ACATGGTGTACCAGTT-1,1.0373506322718105
ACATGGTGTCAAAGAT-1,1.045006041605167
ACATGGTGTCGTTGTA-1,1.0403390215429433
ACATGGTGTGGTCTCG-1,1.0419011714210253
ACATGGTGTTCGCTAA-1,1.0035712003923847
ACATGGTTCAAGCCTA-1,0.9873871272626769
ACATGGTTCAGCTCTC-1,1.0356914232510752
ACATGGTTCCACGTGG-1,1.03859048969182
ACATGGTTCGCATGAT-1,1.0290083813806423
ACATGGTTCTATCCCG-1,1.009496063831763
ACATGGTTCTCCCTGA-1,1.0402583737652111
ACCAGTAAGAGTCTGG-1,0.9267191089573247
ACCAGTAAGCACCGCT-1,0.9885377523586614
ACCAGTAAGCCAGTTT-1,0.992965019982358
ACCAGTACAAGCCTAT-1,1.0308702739597648
ACCAGTACAAGTAATG-1,0.9626341044539694
ACCAGTACAATCCGAT-1,1.0186824884530883
ACCAGTACAATCGGTT-1,1.0235289403497794
ACCAGTACAGAGTGTG-1,1.0379948519122686
ACCAGTACAGTAGAGC-1,0.9914720595275803
ACCAGTACATGATCCA-1,0.8392331222611447
ACCAGTACATTATCTC-1,0.9747354624959098
ACCAGTAGTAAAGGAG-1,0.9844417802184549
ACCAGTAGTAAGGATT-1,1.046575892651424
ACCAGTAGTCACTTCC-1,1.0461479150710824
ACCAGTAGTCGAGTTT-1,0.9826876688592536
ACCAGTAGTCTCACCT-1,1.0438477285276793
ACCAGTAGTCTCGTTC-1,0.9526907433594969
ACCAGTAGTCTGCGGT-1,1.0473362366750918
ACCAGTAGTGTCTGAT-1,0.983674661801176
ACCAGTAGTGTTGAGG-1,1.031933158303249
ACCAGTATCACCAGGC-1,1.0061880422438183
ACCAGTATCAGCTCGG-1,1.0410757179576107
ACCAGTATCCCAGGTG-1,1.0456090368635675
ACCAGTATCGCGGATC-1,1.03922245147608
ACCAGTATCTAGCACA-1,0.9103344849413739
ACCCACTAGACTCGGA-1,1.0480327781168057
ACCCACTAGGCTAGGT-1,0.9633379817098845
ACCCACTAGGGATACC-1,1.0088976638955347
ACCCACTAGTCGCCGT-1,1.0465162116878461
ACCCACTAGTGGTAAT-1,1.0410783012409077
ACCCACTCACAACTGT-1,1.0424194922457457
ACCCACTCACACCGAC-1,1.0442283830926453
ACCCACTCACCAGATT-1,1.0204433445381382
ACCCACTGTAAACCTC-1,0.9393780159408647
ACCCACTGTAAGCACG-1,1.0480205160429876
ACCCACTGTCAGATAA-1,1.040566967023137
ACCCACTGTCTCGTTC-1,1.0215502610198972
ACCCACTGTTCTGGTA-1,1.0358355390863476
ACCCACTGTTTAGGAA-1,1.046589274358787
ACCCACTTCAACCATG-1,1.0434794240188634
ACCCACTTCAGGATCT-1,1.039455251790207
ACCCACTTCAGTGTTG-1,1.0331930675677843
ACCCACTTCCAAAGTC-1,1.0331511122891355
ACCCACTTCCAGTAGT-1,1.0451051261485154
ACCCACTTCGCTTGTC-1,1.038934299386821
ACCGTAAAGAGGTTAT-1,1.0498068024366372
ACCGTAAAGAGTCTGG-1,1.0146396666539899
ACCGTAAAGATGAGAG-1,1.0425160915692437
ACCGTAAAGCGTGAAC-1,1.0424692215705065
ACCGTAAAGGACACCA-1,1.052664984469215
ACCGTAAAGGATGGAA-1,1.0376138325041235
ACCGTAAAGTATCGAA-1,0.9766054992704236
ACCGTAAAGTCATCCA-1,1.0359607733388112
ACCGTAAAGTTGTCGT-1,1.0381595260044707
ACCGTAACAGTGACAG-1,1.0447758375846767
ACCGTAACATGACATC-1,1.0321506582013948
ACCGTAACATGTTCCC-1,1.0095527526998471
ACCGTAACATTAGCCA-1,1.0263726828627544
ACCGTAACATTGGGCC-1,1.0476195881326202
ACCGTAAGTACAGCAG-1,1.0391256097756245
ACCGTAAGTGTCTGAT-1,1.0436865369877764
ACCGTAATCGATCCCT-1,0.92591343804671
ACCGTAATCTCAACTT-1,0.9663412637686681
ACCGTAATCTGCAAGT-1,1.013945647159129
ACCGTAATCTTCGGTC-1,1.0307477295652119
ACCTTTAAGCGATATA-1,1.0203862120130356
ACCTTTAAGCTGTCTA-1,1.0362948477772727
ACCTTTAAGGCGACAT-1,1.0282266360356538
ACCTTTAAGGTTCCTA-1,1.0068863155358505
ACCTTTACAAATCCGT-1,0.9860569158100535
ACCTTTAGTAATCACC-1,1.0430055687868964
ACCTTTAGTATAGGGC-1,0.9963497749587823
ACCTTTAGTCATGCCG-1,1.0448473252376997
ACCTTTAGTCCGCTGA-1,1.0387334669479071
ACCTTTAGTCCTAGCG-1,1.0099152249215588
ACCTTTAGTGGCTCCA-1,1.006036699324727
ACCTTTAGTGGTACAG-1,1.039625349013131
ACCTTTATCACAGTAC-1,1.0382909765867687
ACCTTTATCACGGTTA-1,1.0493231909435639
ACCTTTATCAGGCGAA-1,1.0095134013452447
ACCTTTATCGATGAGG-1,1.0157410117553234
ACCTTTATCGCCAGCA-1,1.012891993539963
ACCTTTATCGTTGCCT-1,0.9845285664986799
ACCTTTATCTAACGGT-1,1.0345039017068567
ACCTTTATCTCTGTCG-1,1.0437173312429568
ACGAGCCAGAGGACGG-1,1.0031344246839426
ACGAGCCAGATCCTGT-1,1.0473769348093473
ACGAGCCAGCAGATCG-1,1.0315691210441797
ACGAGCCCAAGAAAGG-1,1.0406630530941503
ACGAGCCCACAGTCGC-1,1.0014413039175716
ACGAGCCCACATGACT-1,1.0313222343024644
ACGAGCCCACCACCAG-1,1.0430977716249377
ACGAGCCCACTTCGAA-1,1.0030757997658402
ACGAGCCCAGCTGTAT-1,1.0163163225901286
ACGAGCCCATTGGTAC-1,1.0088130083620748
ACGAGCCGTACAGCAG-1,0.9936212146376983
ACGAGCCGTACCGAGA-1,1.0490315911508907
ACGAGCCGTACGACCC-1,1.0408033600738227
ACGAGCCGTCATACTG-1,0.9992743103397679
ACGAGCCTCACCGTAA-1,1.046176838112286
ACGAGCCTCACTCTTA-1,1.011650792578437
ACGAGCCTCCAAGTAC-1,1.011131601714856
ACGAGCCTCCATGAAC-1,0.9755879551554688
ACGAGCCTCCCTTGCA-1,0.9912024979328492
ACGAGCCTCGAACTGT-1,0.9848642790206124
ACGAGGAAGAACTGTA-1,1.0185166373947119
ACGAGGAAGACAGAGA-1,1.0460702946674334
ACGAGGAAGAGCTGCA-1,1.0478283605129615
ACGAGGAAGAGTACCG-1,1.002870777048564
ACGAGGAAGGTGGGTT-1,1.0171151444968167
ACGAGGAAGTCCAGGA-1,0.9990297294439284
ACGAGGAAGTCGAGTG-1,1.0460853638505938
ACGAGGACAAACTGTC-1,1.0018031916241474
ACGAGGACAATGTAAG-1,1.0363575445376194
ACGAGGACACATGACT-1,0.9980932027548921
ACGAGGACACCATGTA-1,1.031545342637059
ACGAGGACAGGGCATA-1,1.0124821309428051
ACGAGGACATACTACG-1,1.0363308149022985
ACGAGGACATCACCCT-1,1.028750573814918
ACGAGGACATCGGGTC-1,0.9368717476580324
ACGAGGACATTGAGCT-1,0.9901234013201584
ACGAGGAGTACCGTAT-1,0.8816913135101231
ACGAGGAGTGAAGGCT-1,0.9995411011576123
ACGAGGAGTTACCGAT-1,1.0151108439357208
ACGAGGATCAGCACAT-1,1.0441425091621288
ACGAGGATCAGGTAAA-1,1.0423932650352061
ACGAGGATCCGAATGT-1,0.9384617979468043
ACGAGGATCCGTTGTC-1,0.974854555326684
ACGAGGATCGGTGTTA-1,0.9612934734238684
ACGATACAGTACTTGC-1,1.0292190019690874
ACGATACAGTGAATTG-1,1.0436257253321952
ACGATACCAACGATGG-1,1.0055373188122168
ACGATACCAAGCTGTT-1,1.0463868621715604
ACGATACCAATCACAC-1,1.0377136782637335
ACGATACCACCAGTTA-1,1.0459363193894295
ACGATACCAGTCAGCC-1,1.0030137614478456
ACGATACCATCTATGG-1,1.0417125154547777
ACGATACCATTCGACA-1,1.047978491363579
ACGATACGTCAGCTAT-1,1.0196296437690384
ACGATACGTCGAACAG-1,1.0187686113910763
ACGATACGTGAGGGTT-1,0.9928774832661824
ACGATACGTGCAGTAG-1,0.9874532563044296
ACGATACGTGGTTTCA-1,0.9895278482346369
ACGATACGTTACAGAA-1,1.0323971535942937
ACGATACGTTATCGGT-1,1.0000808201043445
ACGATACGTTCGTGAT-1,1.0477390143247656
ACGATACTCCTACAGA-1,1.041896497974185
ACGATACTCCTGCAGG-1,1.0514824883713172
ACGATACTCCTTGACC-1,0.9478237517273445
ACGATACTCGCGGATC-1,1.0439185804046132
ACGATACTCGGCTTGG-1,1.0381706529603887
ACGATACTCGGTGTTA-1,1.0075836488768346
ACGATACTCGGTTCGG-1,1.0468370326098235
ACGATACTCTTCGAGA-1,1.0076705998190714
ACGATGTAGAACAACT-1,1.0027158678706232
ACGATGTAGCGACGTA-1,0.9909332897358398
ACGATGTAGTGGGTTG-1,1.0389031743636876
ACGATGTAGTTCGCAT-1,0.9807862162396423
ACGATGTCAAGAGTCG-1,0.9632070243792482
ACGATGTCACCGCTAG-1,0.9937494439717409
ACGATGTCAGCCAATT-1,1.0438019759027473
ACGATGTCAGTAGAGC-1,0.9390681034868756
ACGATGTCATGCAACT-1,1.0459508611705906
ACGATGTGTATAGGGC-1,1.0318865661420096
ACGATGTGTCACACGC-1,0.9345183732560188
ACGATGTGTCGAGATG-1,0.9826193822044189
ACGATGTGTCTGGTCG-1,1.0353221618299155
ACGATGTGTGTCCTCT-1,0.9943074253168629
ACGATGTGTTATCCGA-1,1.0080781790905304
ACGATGTTCCGTACAA-1,0.8556693494216935
ACGATGTTCGCTAGCG-1,1.046118366819916
ACGATGTTCGTTACGA-1,1.0353177313568733
ACGATGTTCTTGGGTA-1,1.035239456337247
ACGCAGCAGAAGGTTT-1,0.991104369204499
ACGCAGCAGTCATCCA-1,1.046648474694723
ACGCAGCAGTGAACGC-1,1.0324506351466618
ACGCAGCAGTGTACTC-1,1.0474376851089193
ACGCAGCAGTTCGCGC-1,1.0397682582807624
ACGCAGCCAATGAAAC-1,0.9407814183553171
ACGCAGCCACAGGAGT-1,0.9965646297742559
ACGCAGCCACATGGGA-1,1.0244890965447435
ACGCAGCCATCACAAC-1,1.042768405280707
ACGCAGCCATGGAATA-1,1.0478648516008353
ACGCAGCCATTAACCG-1,1.0474989652539926
ACGCAGCGTAACGTTC-1,1.0197295793183534
ACGCAGCGTCTCCATC-1,1.041642823710496
ACGCAGCGTGCGGTAA-1,0.9513271258923226
ACGCAGCGTGGTGTAG-1,1.0417738359018351
ACGCAGCGTTGTGGCC-1,1.037849063014084
ACGCAGCGTTTGCATG-1,0.9916094862457547
ACGCAGCTCAAAGACA-1,0.9708777129260538
ACGCAGCTCACGATGT-1,0.9937918245255387
ACGCAGCTCCAATGGT-1,1.0471860591221729
ACGCAGCTCCCGACTT-1,1.0036723573345405
ACGCAGCTCCGAATGT-1,1.0366766032928914
ACGCAGCTCGCGTTTC-1,0.9451202497205284
ACGCAGCTCGCTGATA-1,1.0179247484655833
ACGCAGCTCGTCCGTT-1,1.046797668534922
ACGCAGCTCTTACCTA-1,1.0124217451443633
ACGCAGCTCTTCGGTC-1,1.0460808567521462
ACGCAGCTCTTGCATT-1,0.9981023402277351
ACGCCAGAGCTCCCAG-1,1.0384643724039035
ACGCCAGAGGGATACC-1,1.0064255599926413
ACGCCAGAGTGGGATC-1,1.008659827395355
ACGCCAGAGTGTTTGC-1,1.044720974339922
ACGCCAGCAAGGACAC-1,1.039495481642574
ACGCCAGCACGAGGTA-1,1.02734050322099
ACGCCAGCAGCCACCA-1,1.0052658961410614
ACGCCAGCAGGTCCAC-1,1.033824223546078
ACGCCAGCATACGCCG-1,1.047148129078902
ACGCCAGGTACCGTTA-1,1.0346058906563245
ACGCCAGGTAGAGTGC-1,1.0047150087924324
ACGCCAGGTCAAAGAT-1,1.0258640327507142
ACGCCAGGTCTAGCCG-1,1.042397656610337
ACGCCAGGTGTCTGAT-1,1.0391717585195808
ACGCCAGGTTGAACTC-1,0.9616643190890227
ACGCCAGTCACGATGT-1,1.0420472139796704
ACGCCAGTCAGCATGT-1,1.0376557597496598
ACGCCAGTCCAATGGT-1,1.04917316162544
ACGCCAGTCCCAAGAT-1,0.9875141207507115
ACGCCAGTCCGAGCCA-1,1.0135167208500715
ACGCCAGTCGGAGCAA-1,0.9707099662830836
ACGCCAGTCGTAGGAG-1,1.0281868142476245
ACGCCAGTCTGTCTCG-1,1.0136791355986166
ACGCCGAAGATCCCAT-1,1.0394789763555956
ACGCCGAAGCGCTCCA-1,1.0474740342918616
ACGCCGAAGGACCACA-1,1.024815833051986
ACGCCGAAGGTTCCTA-1,1.0509257798687863
ACGCCGACAAAGCAAT-1,1.0350036479256022
ACGCCGACACAACGTT-1,1.0430985533238255
ACGCCGACAGGCAGTA-1,1.0044429974262077
ACGCCGACATTTCAGG-1,1.0052240088903368
ACGCCGAGTAGCGTCC-1,1.0187259698006892
ACGCCGAGTGAAAGAG-1,0.9883986239344072
ACGCCGAGTGCAACGA-1,0.9885530227657815
ACGCCGAGTGGTCTCG-1,1.017261799097553
ACGCCGAGTGTTCGAT-1,0.99801806746275
ACGCCGAGTTGGTGGA-1,1.0409927898568887
ACGCCGATCAACTCTT-1,1.0387427933687887
ACGCCGATCAGGCGAA-1,0.9887760215058743
ACGCCGATCCGTTGTC-1,1.0073842564469035
ACGCCGATCGCCATAA-1,1.0284000492877106
ACGCCGATCTCGCATC-1,0.9700717916255158
ACGCCGATCTGCTGTC-1,0.9836466933411915
ACGCCGATCTTATCTG-1,1.037450881712495
ACGGAGAAGAGAGCTC-1,1.0224956721535943
ACGGAGAAGAGGACGG-1,0.9839556127020618
ACGGAGAAGATCCCAT-1,1.043326706578536
ACGGAGAAGTAGCGGT-1,1.042095932351157
ACGGAGAAGTGAACGC-1,1.0059399523529966
ACGGAGACAACACGCC-1,1.0384691776233945
ACGGAGACAACCGCCA-1,1.0076868886607524
ACGGAGACAGAAGCAC-1,1.0365669874870458
ACGGAGACAGACACTT-1,1.030429525395142
ACGGAGACAGCCAATT-1,1.0341835846980763
ACGGAGACATCGATGT-1,1.0091022670792125
ACGGAGACATGGTCTA-1,0.9526479695736481
ACGGAGACATTCTTAC-1,0.9996919001723917
ACGGAGAGTAGCGTCC-1,1.042533580069827
ACGGAGAGTATTACCG-1,0.9429925582972306
ACGGAGAGTCAGCTAT-1,1.042086486437749
ACGGAGAGTGTAACGG-1,0.8828161100392883
ACGGAGAGTTAGTGGG-1,0.9861352957632116
ACGGAGATCCCTAATT-1,0.9970300086896986
ACGGAGATCGGCTACG-1,1.0065924457191193
ACGGAGATCTGCGTAA-1,1.0332807530806305
ACGGCCAAGACAGGCT-1,1.0415059499991148
ACGGCCAAGCTAAGAT-1,1.0324304907172668
ACGGCCAAGCTTATCG-1,1.0472046469229248
ACGGCCAAGGATGGAA-1,0.931791731788208
ACGGCCAAGGTGTTAA-1,0.9898418513949269
ACGGCCACAAGGTTTC-1,1.024883911950852
ACGGCCACAATGCCAT-1,1.047382516858785
ACGGCCACACCCATGG-1,1.0344111445226896
ACGGCCACACTGTTAG-1,1.0390268964027123
ACGGCCACAGATGAGC-1,1.047560031890074
ACGGCCACAGCTTAAC-1,0.9811359587400111
ACGGCCACATCTCGCT-1,1.0456455084226521
ACGGCCAGTACCTACA-1,1.0425173580144098
ACGGCCAGTAGGCATG-1,0.9913376302439977
ACGGCCAGTCACTGGC-1,1.0121927641713817
ACGGCCAGTCGAGATG-1,1.046713310658088
ACGGCCAGTCTAGCGC-1,0.9683291776389873
ACGGCCAGTGCATCTA-1,0.94204339055851
ACGGCCAGTGTTCGAT-1,1.0332496188571283
ACGGCCATCAACACTG-1,1.0252015613171626
ACGGCCATCATGCAAC-1,1.0404676199111038
ACGGCCATCCCTTGCA-1,1.045269880896025
ACGGCCATCGATAGAA-1,1.0439570492805341
ACGGCCATCTCTAAGG-1,1.0428954224267046
ACGGCCATCTGAGGGA-1,0.9932184787366031
ACGGCCATCTTAGCCC-1,1.0195731198266387
ACGGGCTAGAAGGTGA-1,1.022025295198275
ACGGGCTAGATACACA-1,1.038266876617041
ACGGGCTAGCTAGTCT-1,1.0270187562811466
ACGGGCTAGCTGCAAG-1,1.0254029670940195
ACGGGCTAGTTAACGA-1,1.0396516147431354
ACGGGCTCACATGTGT-1,0.9843115364066644
ACGGGCTCAGCCAATT-1,1.0391979314430282
ACGGGCTCATAGTAAG-1,1.0369562983703902
ACGGGCTGTCATACTG-1,1.0414986483806516
ACGGGCTGTCGAGTTT-1,0.9984810278689323
ACGGGCTGTGATGTCT-1,1.0384158833774064
ACGGGCTGTTTGGGCC-1,1.0439503041660025
ACGGGCTTCAAACGGG-1,1.0482261740338195
ACGGGCTTCGAATCCA-1,1.0331859359573259
ACGGGCTTCGTAGGAG-1,1.002347313931806
ACGGGCTTCTACCAGA-1,1.0475057342901506
ACGGGCTTCTGCGTAA-1,1.0398519491565061
ACGGGCTTCTGTTTGT-1,1.0441957191019866
ACGGGTCAGAGTGAGA-1,1.0133148830522443
ACGGGTCAGATGCGAC-1,0.9407151331590347
ACGGGTCAGATGTGGC-1,1.0000950943310964
ACGGGTCAGGCCCGTT-1,1.0479561888972366
ACGGGTCAGGCTACGA-1,1.0431264071165156
ACGGGTCAGGCTCTTA-1,1.0361178974853404
ACGGGTCAGGGTATCG-1,1.0489644516367704
ACGGGTCAGTAATCCC-1,1.028757176737418
ACGGGTCAGTACGCGA-1,0.9860923809570008
ACGGGTCCAACCGCCA-1,1.039212354799181
ACGGGTCCAACGATCT-1,1.02093463830577
ACGGGTCCAAGTAATG-1,1.0185218896202972
ACGGGTCCACATCTTT-1,0.9492449125514214
ACGGGTCCACGCTTTC-1,1.0388846431918264
ACGGGTCCAGGAACGT-1,1.0460638467691494
ACGGGTCCATCTCGCT-1,1.0387038725794897
ACGGGTCCATGTAGTC-1,1.0038200414118
ACGGGTCGTACATGTC-1,1.0179343522689877
ACGGGTCGTATATGGA-1,0.9879303248422662
ACGGGTCGTCTAGCGC-1,0.992866152395915
ACGGGTCGTCTTCGTC-1,1.0407581512840516
ACGGGTCGTGAACCTT-1,1.0331281397914702
ACGGGTCGTGGAAAGA-1,1.0318023126599793
ACGGGTCGTTGCTCCT-1,1.0363815233605185
ACGGGTCGTTTGACTG-1,0.970824990606079
ACGGGTCTCAGCTTAG-1,1.0077068036321881
ACGGGTCTCCTCCTAG-1,0.9568123865290115
ACGGGTCTCGGAAATA-1,1.032185503236266
ACGGGTCTCTCGTTTA-1,1.0504347398906795
ACGTCAAAGAATCTCC-1,1.0447607933911336
ACGTCAAAGATGTGTA-1,1.0360277552646378
ACGTCAAAGCAGACTG-1,1.0369312349140651
ACGTCAAAGTCCATAC-1,1.0140144704622618
ACGTCAAAGTCCCACG-1,1.0423343458195646
ACGTCAACAAGCTGAG-1,1.0460115136575794
ACGTCAACACGGCCAT-1,1.0438782873006638
ACGTCAACAGCCTTTC-1,1.0462760061697594
ACGTCAACAGCGTCCA-1,1.033091259277741
ACGTCAACAGCTGGCT-1,0.9743042033191306
ACGTCAACAGGGTACA-1,1.0062307412010696
ACGTCAAGTAATTGGA-1,1.0103590508554734
ACGTCAAGTCTTGTCC-1,1.0508898753001372
ACGTCAAGTGTGTGCC-1,1.0304691692947754
ACGTCAAGTTCTGGTA-1,0.9745297089433436
ACGTCAATCCTCCTAG-1,1.0469678378616096
ACGTCAATCTCCAACC-1,1.007639136115704
ACGTCAATCTGTTTGT-1,1.0403472626452106
ACTATCTAGAAACCGC-1,1.0370586767056305
ACTATCTAGCTGTCTA-1,1.0356697728861326
ACTATCTAGGGTATCG-1,1.0188897254925458
ACTATCTAGTATCGAA-1,1.043499935307711
ACTATCTAGTGGGTTG-1,1.0321882428995053
ACTATCTCAATTCCTT-1,0.952266992853489
ACTATCTCAGATGAGC-1,1.0025246052563594
ACTATCTCAGCCTATA-1,0.7292985724234339
ACTATCTCATCCCACT-1,0.9642939667099745
ACTATCTCATTTGCCC-1,1.0184616857598643
ACTATCTGTAGGACAC-1,1.0391282549647913
ACTATCTGTCCGCTGA-1,1.0193856148116782
ACTATCTGTGCAACGA-1,0.9936657940999062
ACTATCTGTTACTGAC-1,1.0039793948519038
ACTATCTTCATCTGTT-1,0.9863024931880056
ACTATCTTCCAAGTAC-1,1.019269037911919
ACTATCTTCCGCAAGC-1,1.032638267078809
ACTATCTTCCGCATCT-1,1.0443927550560494
ACTATCTTCCTTGACC-1,1.0412480036833545
ACTATCTTCGGCGCTA-1,1.043194310470786
ACTATCTTCTGTACGA-1,0.9999011499336101
ACTATCTTCTTGTATC-1,0.9898724981725306
ACTGAACAGACTTTCG-1,1.0163509160494488
ACTGAACAGAGCCCAA-1,1.0037874791147592
ACTGAACAGATATGGT-1,1.0427524089830835
ACTGAACAGCTCTCGG-1,1.0446000783583982
ACTGAACAGGCCCTTG-1,0.9755325316463067
ACTGAACAGGTTACCT-1,1.0152797799700246
ACTGAACAGTACGATA-1,0.9517253738110725
ACTGAACAGTATCGAA-1,1.041590063755369
ACTGAACCACGACGAA-1,1.0518507131862997
ACTGAACCAGGATCGA-1,0.979071537080901
ACTGAACGTAGAGCTG-1,1.0085397760364931
ACTGAACGTCACTTCC-1,1.0353444277156594
ACTGAACGTGCCTGGT-1,1.0421647806915908
ACTGAACGTGCGCTTG-1,1.0321383941228037
ACTGAACGTGTTAAGA-1,1.0354750788002003
ACTGAACTCATGTCCC-1,1.0273461207443084
ACTGAACTCCAAACTG-1,1.0083329340975533
ACTGAACTCGATCCCT-1,1.0442646742434472
ACTGAACTCGTCTGCT-1,1.044238092003055
ACTGAGTAGATGTGTA-1,0.974540216008087
ACTGAGTAGCCTTGAT-1,1.038427513037323
ACTGAGTAGCGTAGTG-1,1.0320155500720494
ACTGAGTAGGTCATCT-1,1.0304643987102846
ACTGAGTAGTACCGGA-1,0.9356637500029464
ACTGAGTCAATGAAAC-1,1.0350733666817125
ACTGAGTCACAGACTT-1,0.99264778796048
ACTGAGTCACCTATCC-1,1.0339112708105986
ACTGAGTCAGATGGCA-1,1.0318939161971712
ACTGAGTCAGTCTTCC-1,0.9798559080151287
ACTGAGTGTAGTACCT-1,1.047621394028848
ACTGAGTGTATTCTCT-1,0.9702414069171054
ACTGAGTGTCACTTCC-1,1.0260057177432664
ACTGAGTGTCAGAGGT-1,1.0095762620262825
ACTGAGTGTGATGCCC-1,1.0337295656528704
ACTGAGTGTGGTCTCG-1,1.0452513299681003
ACTGAGTGTGTTGGGA-1,1.0114961572997518
ACTGAGTGTTCCGTCT-1,1.0428956051310763
ACTGAGTTCAACCATG-1,1.0494635568644402
ACTGAGTTCCCTAACC-1,0.9995472239727236
ACTGAGTTCTCACATT-1,1.0341314510949298
ACTGATGAGAGACGAA-1,1.034106540523017
ACTGATGAGCTGTCTA-1,1.0205027256049066
ACTGATGAGTCGTACT-1,1.0482182668649187
ACTGATGAGTGGGTTG-1,1.0458151107545077
ACTGATGCAAAGCAAT-1,1.0437111611162702
ACTGATGCAAGACACG-1,1.0393373924591731
ACTGATGCACGCATCG-1,1.0473820187630984
ACTGATGCAGCTGTAT-1,1.039644515287281
ACTGATGGTAGCAAAT-1,1.0399888482244402
ACTGATGGTAGGGACT-1,1.0337376715195605
ACTGATGGTATGAATG-1,0.9958499080754802
ACTGATGGTATGCTTG-1,1.0192932514844848
ACTGATGGTATGGTTC-1,0.9870950558518891
ACTGATGGTCCGTTAA-1,1.038213163290665
ACTGATGTCCACTGGG-1,1.0364364877089576
ACTGATGTCCGAATGT-1,1.032673925784465
ACTGATGTCCTACAGA-1,1.046871535838209
ACTGATGTCGGAATCT-1,1.042015535928146
ACTGCTCAGACAAGCC-1,1.01127452788033
ACTGCTCAGCACAGGT-1,0.9968716372329923
ACTGCTCAGCGATCCC-1,1.0391198740049983
ACTGCTCAGTACGACG-1,1.043361277342681
ACTGCTCCAAAGGCGT-1,1.0206328303912104
ACTGCTCCACAGATTC-1,1.0355139490968366
ACTGCTCCACGAGGTA-1,0.9661336337187949
ACTGCTCCAGGCTGAA-1,0.9860810879437143
ACTGCTCCAGGTCGTC-1,1.0350688231203165
ACTGCTCGTACTCAAC-1,1.0013533425505976
ACTGCTCGTTCGTCTC-1,1.0435188797701564
ACTGCTCTCAAGATCC-1,1.0466288609721743
ACTGCTCTCCAGTATG-1,1.0245532083066353
ACTGCTCTCGTGACAT-1,1.0467472278361918
ACTGCTCTCTTAGAGC-1,1.0252995186843539
ACTGTCCAGAAACCGC-1,1.031071427043206
ACTGTCCAGAAACGCC-1,1.0264241093932933
ACTGTCCAGAAGATTC-1,0.9858451864869062
ACTGTCCAGACCTTTG-1,1.0372254311448097
ACTGTCCAGCAATCTC-1,1.0380718858906448
ACTGTCCAGCTATGCT-1,1.0488966489295228
ACTGTCCCAAGTAGTA-1,0.9398123414909031
ACTGTCCCACGGACAA-1,0.9687849039687918
ACTGTCCCAGCCTATA-1,1.0208307383446054
ACTGTCCCATCCTAGA-1,0.9887854744643763
ACTGTCCCATTAACCG-1,1.0419300124162036
ACTGTCCGTAAGGGAA-1,1.0451202707987006
ACTGTCCGTAATTGGA-1,0.9642471959119696
ACTGTCCGTATGAATG-1,1.0400063189174884
ACTGTCCGTATGCTTG-1,1.0100545500301734
ACTGTCCGTCCGAATT-1,1.0411466443317916
ACTGTCCGTCGATTGT-1,1.0258621701130572
ACTGTCCGTTACCAGT-1,1.0054522242625494
ACTGTCCGTTGCGCAC-1,1.043921556968
ACTGTCCTCAGCTGGC-1,0.9967878569816604
ACTGTCCTCCGCGCAA-1,1.0038506747829299
ACTTACTAGACAGACC-1,0.9665846817304494
ACTTACTAGGACATTA-1,1.0477475929877549
ACTTACTAGTATGACA-1,0.9546839367503291
ACTTACTCACTCGACG-1,0.9863814060615136
ACTTACTCAGAAGCAC-1,1.044985385778543
ACTTACTCAGTACACT-1,1.014210341203213
ACTTACTCAGTATCTG-1,1.0202009833037682
ACTTACTCAGTTAACC-1,0.9937628215425677
ACTTACTCATTCCTGC-1,1.0064589603767424
ACTTACTGTATATGGA-1,0.9554660112715859
ACTTACTGTCATGCAT-1,1.0337197898150003
ACTTACTGTCCAAGTT-1,1.0429656870791522
ACTTACTGTCCATCCT-1,1.0418249400980566
ACTTACTGTGGTTTCA-1,1.0419792004468333
ACTTACTGTTTAAGCC-1,1.0454680606339768
ACTTACTGTTTGCATG-1,1.0139196073531072
ACTTACTTCCCTTGCA-1,1.0443192818338
ACTTACTTCTGACCTC-1,1.0446840024944775
ACTTACTTCTGCTGTC-1,0.9823596667813427
ACTTGTTAGCACACAG-1,0.9889684430676885
ACTTGTTAGCCAGAAC-1,0.9875216299882393
ACTTGTTAGCCTATGT-1,1.0445817560411452
ACTTGTTAGCTCAACT-1,1.045153854805296
ACTTGTTAGGCAGGTT-1,1.0293674883434563
ACTTGTTAGTCAAGCG-1,0.9731882565676154
ACTTGTTAGTCGTTTG-1,1.010748995852547
ACTTGTTCACCCATTC-1,1.0327580886518508
ACTTGTTCACTGTCGG-1,1.0356010563474423
ACTTGTTCAGTTTACG-1,1.0443278211212288
ACTTGTTCATGGAATA-1,1.0356356261898065
ACTTGTTCATTAACCG-1,1.052822299154601
ACTTGTTCATTGGTAC-1,1.0377755826145063
ACTTGTTGTAACGTTC-1,1.003373814894036
ACTTGTTGTCATCCCT-1,1.0049540105874477
ACTTGTTGTCATGCCG-1,1.0429215053934329
ACTTGTTGTGCGATAG-1,1.038284024448203
ACTTGTTGTGTGGTTT-1,0.8999973484196508
ACTTGTTGTTGACGTT-1,0.947867598705192
ACTTGTTTCAGGCGAA-1,1.0405718209175636
ACTTGTTTCCAAAGTC-1,1.0437413188434377
ACTTGTTTCCACGAAT-1,0.9899696559328286
ACTTGTTTCCATGAGT-1,1.0321954521048917
ACTTGTTTCGATGAGG-1,1.0429977579514553
ACTTGTTTCGCGCCAA-1,1.0452498407710076
ACTTGTTTCTTAACCT-1,1.0441925035546
ACTTTCAAGCACCGCT-1,1.0443190586377502
ACTTTCAAGCGTGAGT-1,1.0471249438989148
ACTTTCAAGCTCTCGG-1,1.045311806060826
ACTTTCAAGTCAAGCG-1,1.0402312310859423
ACTTTCACAAACAACA-1,1.0229032977142618
ACTTTCACAAACTGCT-1,1.0013551353718093
ACTTTCACAATCCGAT-1,1.0547378595554413
ACTTTCACACTGAAGG-1,1.0442590603054556
ACTTTCACAGATCCAT-1,1.0134472762293727
ACTTTCACATACGCCG-1,0.9753895887886439
ACTTTCACATGGTAGG-1,0.9389495978001494
ACTTTCAGTCGAGTTT-1,0.9463525499301306
ACTTTCAGTTCACGGC-1,1.0298151825896267
ACTTTCATCGTTTAGG-1,1.018623993170186
ACTTTCATCTGCTTGC-1,1.0307581443779443
ACTTTCATCTTCGGTC-1,1.0339996601788795
AGAATAGAGGGAACGG-1,0.9733135943746605
AGAATAGAGTGAATTG-1,1.0429267850137416
AGAATAGAGTGCCATT-1,1.0031872510610778
AGAATAGAGTGGCACA-1,1.0369790326999309
AGAATAGCAATGAATG-1,0.937271875270215
AGAATAGCACGGTTTA-1,1.0101054379386656
AGAATAGCACGTCAGC-1,1.036944280472144
AGAATAGCACGTTGGC-1,1.044332740022172
AGAATAGCACTGAAGG-1,1.0405192272117436
AGAATAGCACTTACGA-1,1.0049280926020234
AGAATAGCAGCCTTTC-1,1.0491727325763418
AGAATAGGTAACGTTC-1,1.0009908008920205
AGAATAGGTCTAGTGT-1,0.9974286679708523
AGAATAGGTGCAACGA-1,1.0311940516988178
AGAATAGGTTGCCTCT-1,1.034754701209334
AGAATAGTCAGGATCT-1,1.041632490146582
AGAATAGTCCGCATAA-1,1.0343415565411784
AGAATAGTCTTGGGTA-1,1.0435414302307187
AGACGTTAGACACGAC-1,0.9786922879707917
AGACGTTAGATGTGGC-1,1.0459854333497982
AGACGTTAGATGTTAG-1,1.0469449725446143
AGACGTTAGCCCAATT-1,1.0352739610468957
AGACGTTAGCTGGAAC-1,0.9966039926843131
AGACGTTAGTAGATGT-1,0.9856001589361816
AGACGTTCAAACCCAT-1,1.0460199413919298
AGACGTTCAAGACGTG-1,1.0026768431909434
AGACGTTCAGACGCCT-1,1.0287652008433388
AGACGTTCAGCGATCC-1,1.0022677379248555
AGACGTTCATTAGGCT-1,1.0380443443307743
AGACGTTGTAAATACG-1,1.0385146498304072
AGACGTTGTACGCTGC-1,1.0048511013689705
AGACGTTGTCTAGCCG-1,1.0374439653236183
AGACGTTGTCTTTCAT-1,1.0263341215333102
AGACGTTGTGAAAGAG-1,1.0076685091891961
AGACGTTGTGCTTCTC-1,1.016272981777111
AGACGTTGTTGTCTTT-1,1.0375387224054418
AGACGTTTCAGCCTAA-1,0.9651067759078009
AGACGTTTCCCAGGTG-1,1.0180833541015173
AGACGTTTCTATCGCC-1,0.9497396727462929
AGACGTTTCTGTACGA-1,1.0369429438338764
AGAGCGAAGAGCTGCA-1,1.040223683526138
AGAGCGAAGATCCCGC-1,0.9671305833050226
AGAGCGAAGCGACGTA-1,1.0234044091816141
AGAGCGAAGCGGCTTC-1,0.9749959125035687
AGAGCGAAGCGTGAGT-1,1.0464655682820023
AGAGCGAAGCTGCGAA-1,1.0371661212161023
AGAGCGAAGCTGTTCA-1,1.0421739240354648
AGAGCGAAGGTGATTA-1,1.0299488578382636
AGAGCGAAGTACGATA-1,1.0377747439473195
AGAGCGAAGTGGGATC-1,1.0097643779786611
AGAGCGAAGTTACGGG-1,1.0443481793104163
AGAGCGACAAGGACTG-1,1.0294042315465628
AGAGCGACAAGTTGTC-1,1.011730740990592
AGAGCGACACATAACC-1,1.0058562054496578
AGAGCGACACATTAGC-1,1.0077746193129224
AGAGCGACACCTGGTG-1,1.0253265585735227
AGAGCGACAGATCCAT-1,1.0363896047935972
AGAGCGACAGGAACGT-1,1.0364146969160128
AGAGCGACATCACCCT-1,1.0390912508715118
AGAGCGAGTAAGTGGC-1,1.0464040537455201
AGAGCGAGTATAGTAG-1,1.0239367803495811
AGAGCGAGTCCAAGTT-1,1.040984245362548
AGAGCGAGTCGAACAG-1,1.029119449321491
AGAGCGAGTGCAGACA-1,1.0419606475315641
AGAGCGAGTTGAGTTC-1,0.9638966060589865
AGAGCGATCATGTGGT-1,1.01358728363633
AGAGCGATCCGGGTGT-1,1.0121173089777522
AGAGCGATCTCCAACC-1,1.0351537652202143
AGAGCGATCTGCCCTA-1,1.0298480869776352
AGAGCGATCTGGCGAC-1,1.024291757170276
AGAGCTTAGCAGGTCA-1,1.018318048149397
AGAGCTTAGCCACGTC-1,1.0364586740268296
AGAGCTTAGCTGATAA-1,1.0340765702608272
AGAGCTTAGCTTCGCG-1,0.979801757986771
AGAGCTTAGGTGCACA-1,0.9727759126878536
AGAGCTTAGGTGTTAA-1,1.0304694515651205
AGAGCTTAGTCGTACT-1,1.0438374959002097
AGAGCTTCAAGCGATG-1,0.9985927050048709
AGAGCTTCAATGGAAT-1,0.9895924413207334
AGAGCTTCAGACGCCT-1,1.041338846923017
AGAGCTTCATAAAGGT-1,1.0345514607952209
AGAGCTTCATTCCTCG-1,0.9904305537827423
AGAGCTTGTAAGTTCC-1,1.0414535440160588
AGAGCTTGTATCAGTC-1,1.0415291847944197
AGAGCTTGTCTAGCCG-1,1.0488373349229325
AGAGCTTGTCTCTCGT-1,1.0268413310654834
AGAGCTTGTGACGCCT-1,1.0346973316652308
AGAGCTTGTTACGGAG-1,0.9773705295520748
AGAGCTTTCAACCATG-1,1.033876441964553
AGAGCTTTCCAAGCCG-1,1.0248912493443232
AGAGCTTTCGACCAGC-1,1.0022062777199494
AGAGCTTTCGCCAAAT-1,0.9969536215980415
AGAGCTTTCTTGTATC-1,0.9796017140771748
AGAGTGGAGACAATAC-1,0.9894321530214917
AGAGTGGAGACGACGT-1,0.996045225487305
AGAGTGGAGCGCTCCA-1,1.0241998830571175
AGAGTGGAGCTGAAAT-1,0.9894405504198758
AGAGTGGAGTCGCCGT-1,0.9406128786185297
AGAGTGGCAAAGTGCG-1,1.0071782652344992
AGAGTGGCACCAGGTC-1,1.0403958747739206
AGAGTGGCACGGATAG-1,1.0238625934346146
AGAGTGGCAGACGCAA-1,1.0104490964045765
AGAGTGGCAGCAGTTT-1,1.044159956227724
AGAGTGGCATCCGCGA-1,1.0482984779414974
AGAGTGGCATGACATC-1,1.0433551830296721
AGAGTGGGTAAACGCG-1,1.044803239229331
AGAGTGGGTCAAAGCG-1,0.9503136943986328
AGAGTGGTCAAGAAGT-1,1.0409363498033282
AGAGTGGTCAGCTCGG-1,1.0148356546199024
AGAGTGGTCCAAGTAC-1,0.9899177563826617
AGAGTGGTCCGTCAAA-1,0.9862006051344175
AGAGTGGTCGTCTGCT-1,1.0396618457958458
AGAGTGGTCGTGGTCG-1,1.0454972579936108
AGAGTGGTCTTGTATC-1,0.9950093487854647
AGATCTGAGAGCAATT-1,0.9811520208805976
AGATCTGAGATCGATA-1,1.043408092969697
AGATCTGAGCGCCTTG-1,1.0348302030242758
AGATCTGAGGAATTAC-1,1.042885635777253
AGATCTGAGGAGTCTG-1,1.0466510364622252
AGATCTGAGGCAAAGA-1,1.015812939073806
AGATCTGAGGGCTTGA-1,0.98952788277498
AGATCTGAGTGCTGCC-1,1.0460994970967052
AGATCTGAGTGGTAAT-1,1.044297677304456
AGATCTGAGTTAACGA-1,1.0406478829230164
AGATCTGCAAACTGTC-1,1.0352450775567739
AGATCTGCAACGCACC-1,1.0034811723127046
AGATCTGCAAGCCATT-1,1.0462514211748983
AGATCTGCAAGTAGTA-1,1.0180348861823456
AGATCTGCACGAGAGT-1,1.0459724833972148
AGATCTGCAGTATAAG-1,1.0420783183401667
AGATCTGCAGTTCCCT-1,1.0361641725571982
AGATCTGCATCGTCGG-1,1.0325738905219704
AGATCTGCATGATCCA-1,0.9465749614411401
AGATCTGCATGTAGTC-1,1.038324424649417
AGATCTGGTAGAGCTG-1,1.0435365894880166
AGATCTGGTAGAGGAA-1,1.0422382878277558
AGATCTGGTATAGTAG-1,1.0408115025656168
AGATCTGGTGACTCAT-1,1.042972952751685
AGATCTGGTGCTTCTC-1,1.0454935013346391
AGATCTGGTGTAACGG-1,1.0350305862474665
AGATCTGGTTACGTCA-1,0.9715296789478266
AGATCTGGTTACTGAC-1,0.9985518949907012
AGATCTGGTTATCACG-1,1.0440636771531864
AGATCTGTCACTTCAT-1,1.0402878059288236
AGATCTGTCCAAACAC-1,1.0395033080184155
AGATCTGTCCTAAGTG-1,1.0398245624154625
AGATCTGTCCTACAGA-1,1.0384861475466045
AGATCTGTCTCCTATA-1,1.044389859530497
AGATCTGTCTGAGTGT-1,0.8703428370595634
AGATTGCAGACACTAA-1,1.0455726940979928
AGATTGCAGCCCAGCT-1,1.027630813251983
AGATTGCAGCCTCGTG-1,1.0117149821859495
AGATTGCAGGCCCTTG-1,0.99915464120615
AGATTGCAGTACATGA-1,0.998668869744093
AGATTGCAGTCAAGCG-1,1.0405409147822804
AGATTGCAGTGTTGAA-1,1.0365637791428832
AGATTGCCAAGCCTAT-1,1.0266327403012678
AGATTGCCACACAGAG-1,0.9469498468043638
AGATTGCCACGAAATA-1,1.0407178875002994
AGATTGCCACGAGGTA-1,1.0031699265428768
AGATTGCCACGGTTTA-1,1.0353358458005455
AGATTGCCACTTCTGC-1,1.0035797367513388
AGATTGCCAGACAAAT-1,1.0467927241468602
AGATTGCCAGACGCCT-1,0.7481786089573381
AGATTGCCAGTATCTG-1,1.0456555028162737
AGATTGCCATCGATTG-1,0.9746125740184101
AGATTGCCATGCCTTC-1,1.0318903146468514
AGATTGCCATTCACTT-1,1.0237932390528588
AGATTGCGTACAGCAG-1,1.0104191513302978
AGATTGCGTCAATACC-1,1.0434090819475712
AGATTGCGTCGAATCT-1,0.9879009128661954
AGATTGCGTGACGCCT-1,1.0439365966777332
AGATTGCGTGTTGGGA-1,0.9789301766412449
AGATTGCTCACATACG-1,1.0297086659820234
AGATTGCTCAGCTCGG-1,1.041380824856922
AGATTGCTCATCTGTT-1,1.0442960882255417
AGATTGCTCCCATTTA-1,1.0021681056472984
AGATTGCTCGGACAAG-1,1.0423186424996382
AGATTGCTCGTTTGCC-1,0.9915822981456657
AGATTGCTCTCTGAGA-1,1.0292406588835805
AGATTGCTCTTCGAGA-1,1.0335417419342379
AGCAGCCAGATAGGAG-1,1.0455934126289783
AGCAGCCAGCATCATC-1,0.9549210962847687
AGCAGCCAGCGATCCC-1,1.0452999227645927
AGCAGCCAGCTCAACT-1,1.0501031460846928
AGCAGCCAGTGCAAGC-1,0.9494222750964503
AGCAGCCAGTTAGGTA-1,1.0285417477496646
AGCAGCCCAAATTGCC-1,1.0423617488431005
AGCAGCCCAAGGACAC-1,1.0428473350543932
AGCAGCCCAGACAAGC-1,1.0444061317328694
AGCAGCCCAGATGGCA-1,1.0401106784754721
AGCAGCCCAGCTCGCA-1,0.9529206169341591
AGCAGCCCAGCTGTGC-1,0.9925338342053133
AGCAGCCCATTGTGCA-1,1.0469781247318757
AGCAGCCGTAAGTTCC-1,0.9812476203750915
AGCAGCCGTACCGTTA-1,1.033326959195571
AGCAGCCGTATCTGCA-1,1.043419146476727
AGCAGCCGTCAACTGT-1,1.0279653566955134
AGCAGCCGTCGCTTTC-1,1.0000439454290775
AGCAGCCGTCTACCTC-1,1.0028765571502447
AGCAGCCGTCTCACCT-1,0.9662499487618513
AGCAGCCGTCTCATCC-1,1.0018444940812694
AGCAGCCGTGTTTGTG-1,1.0252318856364182
AGCAGCCGTTATCGGT-1,0.9888179661914714
AGCAGCCGTTGTGGCC-1,1.0168253669440377
AGCAGCCTCATGCAAC-1,1.0365382509042425
AGCAGCCTCCAAGCCG-1,1.0478504910601913
AGCAGCCTCTTCGAGA-1,1.034401751222596
AGCATACAGAGGTTGC-1,0.9944487714197947
AGCATACAGAGTCTGG-1,1.043487566579411
AGCATACAGCTGTCTA-1,1.0453000424587056
AGCATACAGGAGTTTA-1,1.0457658776575744
AGCATACAGGCCATAG-1,0.9599509618485178
AGCATACAGGCTAGCA-1,1.0423502485909812
AGCATACAGGGATACC-1,1.0286220911801112
AGCATACCAAGTCATC-1,0.9912554739918499
AGCATACCACCAGATT-1,1.0372298651498342
AGCATACCATGTCGAT-1,1.0376182982929905
AGCATACGTAGGCTGA-1,1.0414218272113878
AGCATACGTCATTAGC-1,0.9870703731946773
AGCATACGTCCGAATT-1,1.0382229100848526
AGCATACGTCTCACCT-1,1.0435511286316315
AGCATACGTGTTCGAT-1,0.9969397697313627
AGCATACGTTCTGTTT-1,1.0403655047076874
AGCATACTCCAGAGGA-1,1.0426301396757507
AGCATACTCGGAGCAA-1,1.0458144512095082
AGCCTAAAGCTCCTCT-1,1.0248459715942213
AGCCTAAAGGCGACAT-1,1.041187018975249
AGCCTAACAAGTAGTA-1,1.0490132644183219
AGCCTAACAATCACAC-1,1.0432228207816951
AGCCTAACAATTGCTG-1,1.0008803457889974
AGCCTAACACCCATTC-1,1.029091767362883
AGCCTAACAGCCTATA-1,1.0429616569738462
AGCCTAACATTACCTT-1,0.9975694293865875
AGCCTAACATTCCTGC-1,1.0221761332792485
AGCCTAACATTCGACA-1,1.0413626527810689
AGCCTAAGTAGGAGTC-1,1.0254073496174205
AGCCTAAGTCACAAGG-1,1.0227671468974757
AGCCTAAGTCAGAATA-1,1.0444243985958108
AGCCTAAGTCTAGGTT-1,1.0373264835957399
AGCCTAAGTGAGCGAT-1,1.0439464926155313
AGCCTAAGTGCAACGA-1,1.044622891306986
AGCCTAAGTGGCAAAC-1,1.04669691929163
AGCCTAAGTGGCCCTA-1,1.0062761545619399
AGCCTAAGTGGTACAG-1,0.9664720933550037
AGCCTAATCAACGCTA-1,1.0432243624784947
AGCCTAATCAATCTCT-1,1.037359031584139
AGCCTAATCCGTTGTC-1,0.9894906381211677
AGCCTAATCGTTACGA-1,1.0460180628299323
AGCCTAATCTAGAGTC-1,1.0181237145500608
AGCCTAATCTCCCTGA-1,1.0259780315133635
AGCCTAATCTTAACCT-1,1.0462632538411143
AGCGGTCAGAAACGCC-1,1.0240955381288606
AGCGGTCAGAATTGTG-1,1.0407800488991945
AGCGGTCAGAGACGAA-1,1.0479610549571419
AGCGGTCAGAGGACGG-1,0.9890578892040276
AGCGGTCAGAGTACCG-1,1.0437342916784482
AGCGGTCAGCCCTAAT-1,1.042507990730046
AGCGGTCCACCCTATC-1,1.0032849996338342
AGCGGTCCATAAAGGT-1,0.9968847373133118
AGCGGTCCATCTGGTA-1,0.9922281142693176
AGCGGTCGTACCATCA-1,0.9936784403091911
AGCGGTCGTCCAACTA-1,1.0473899889945828
AGCGGTCGTCCTGCTT-1,0.9366225940575766
AGCGGTCGTTCAGTAC-1,1.0482455114337712
AGCGGTCTCAGAAATG-1,1.0181979485505634
AGCGGTCTCAGAGCTT-1,1.0247596063896474
AGCGGTCTCAGCGATT-1,1.0469545300650607
AGCGGTCTCGCTGATA-1,0.9967316152565903
AGCGGTCTCTAGAGTC-1,0.9847115501529613
AGCGGTCTCTTATCTG-1,1.0292873477817783
AGCGGTCTCTTGAGGT-1,1.0442777881414644
AGCGGTCTCTTGCCGT-1,1.0395272983320685
AGCGTATAGAACAACT-1,1.0413100580636747
AGCGTATAGCCACGTC-1,0.9815961720316919
AGCGTATAGCTAGCCC-1,1.043591607673752
AGCGTATAGCTGTTCA-1,1.038323294442839
AGCGTATAGGACATTA-1,0.9873867323712758
AGCGTATAGGCTATCT-1,1.0393652440369057
AGCGTATAGTAATCCC-1,1.037440966969575
AGCGTATAGTGAACGC-1,1.0368322156935552
AGCGTATCACTTAAGC-1,0.9934340201478788
AGCGTATCAGATCGGA-1,1.0418157800331536
AGCGTATCAGCGTTCG-1,0.9369266883045313
AGCGTATGTACCGGCT-1,1.0410176912179339
AGCGTATGTACCGTTA-1,1.004289178881077
AGCGTATGTACGCTGC-1,0.9809723459162275
AGCGTATGTATCGCAT-1,1.0338455382505432
AGCGTATGTTCCCGAG-1,1.0063326315729828
AGCGTATTCAACGCTA-1,0.935360523599078
AGCGTATTCAGAAATG-1,1.0355989970412058
AGCGTATTCCGTAGTA-1,0.9571295451219263
AGCGTATTCGGCGCAT-1,1.04759215089164
AGCGTATTCGTAGATC-1,1.012602634003808
AGCGTCGAGATCACGG-1,1.0388335693287576
AGCGTCGAGCACCGTC-1,1.0232672276318795
AGCGTCGAGCCACGTC-1,1.022222816448049
AGCGTCGAGGCCCTCA-1,1.0337512657897767
AGCGTCGAGGGAACGG-1,1.0276810436110921
AGCGTCGAGTACCGGA-1,1.0160069971771366
AGCGTCGAGTGTCTCA-1,1.0222277454645667
AGCGTCGAGTTTAGGA-1,1.0431631965395922
AGCGTCGCAAGTCTAC-1,1.012292375651884
AGCGTCGCAATCCAAC-1,1.0058500888542716
AGCGTCGCACAGCCCA-1,1.0346353599585032
AGCGTCGGTATAAACG-1,1.0369981463646691
AGCGTCGGTCAGATAA-1,1.0322920455482665
AGCGTCGGTCTGCCAG-1,1.0273756520254635
AGCGTCGGTCTGCGGT-1,1.0162505161123925
AGCGTCGGTGTTTGGT-1,0.9673816035736743
AGCGTCGGTTCGGCAC-1,1.0351352669263552
AGCGTCGTCCACGCAG-1,1.0363895000469614
AGCGTCGTCGGTCCGA-1,1.0387008512777847
AGCTCCTAGAAGGGTA-1,1.040708460399318
AGCTCCTAGATGGCGT-1,1.046710980736246
AGCTCCTAGTCAAGCG-1,1.0280771576882137
AGCTCCTAGTGCCAGA-1,1.048703491405266
AGCTCCTAGTTCGATC-1,1.0316147574561658
AGCTCCTCACATAACC-1,1.0193492547276413
AGCTCCTCACTCAGGC-1,1.0435505577862738
AGCTCCTCACTTAAGC-1,0.8853759400871387
AGCTCCTCATACCATG-1,1.0231907091250616
AGCTCCTCATCGATGT-1,0.9809554577074598
AGCTCCTGTAAATGAC-1,1.0362040804348802
AGCTCCTGTTATCCGA-1,0.9728083114793744
AGCTCCTGTTATGTGC-1,1.004546332265032
AGCTCCTGTTGGTGGA-1,1.02228980283504
AGCTCCTTCAACGGGA-1,0.9332233163400159
AGCTCCTTCACTCTTA-1,1.0356890779970487
AGCTCCTTCAGTTAGC-1,0.9793716192986777
AGCTCCTTCGGCATCG-1,1.0200762568159656
AGCTCCTTCTCGCTTG-1,1.041676871386644
AGCTCCTTCTTGCATT-1,1.0164813963496766
AGCTCTCAGAATGTTG-1,1.0179465224615833
AGCTCTCAGCCAGGAT-1,1.0427442616111289
AGCTCTCAGGCCCTTG-1,1.0394812793213786
AGCTCTCAGTGCCAGA-1,1.0023621366803723
AGCTCTCCAACACCCG-1,1.0348422329167097
AGCTCTCCAGGCTGAA-1,1.0296508044483381
AGCTCTCCAGTCCTTC-1,1.0472973470986102
AGCTCTCCATATGGTC-1,1.0234357656771655
AGCTCTCGTAGAAGGA-1,1.0409779978312295
AGCTCTCGTCGGCACT-1,1.0394070156670914
AGCTCTCGTCGTTGTA-1,0.9799555622983824
AGCTCTCGTGTGAATA-1,1.037490063300517
AGCTCTCGTTACGCGC-1,0.9993272221419895
AGCTCTCGTTCGCTAA-1,1.043306662161854
AGCTCTCTCAAGATCC-1,1.0175741278308674
AGCTCTCTCAGCATGT-1,1.031523916044519
AGCTCTCTCATAACCG-1,1.0475049589747405
AGCTCTCTCCTACAGA-1,1.0106272059713783
AGCTCTCTCGCCATAA-1,1.02572628770687
AGCTCTCTCGTATCAG-1,1.01536783598226
AGCTCTCTCGTGTAGT-1,1.0346127234181155
AGCTTGAAGATGCCTT-1,1.0439970443976587
AGCTTGAAGCTAACAA-1,1.0244101877959686
AGCTTGAAGCTTTGGT-1,1.0130726855093222
AGCTTGAAGGACATTA-1,1.038837307986602
AGCTTGAAGTACATGA-1,1.0457932589817642
AGCTTGAAGTGGGTTG-1,1.0287165670638385
AGCTTGACAATACGCT-1,0.9823765669047664
AGCTTGACAGACACTT-1,1.0405049032063025
AGCTTGACAGCCTTTC-1,1.0423796353339436
AGCTTGACAGTATAAG-1,1.026522724949727
AGCTTGACATCCAACA-1,0.8551335797019497
AGCTTGACATGTCTCC-1,1.0406652974031934
AGCTTGACATTCCTGC-1,1.0349548838149065
AGCTTGACATTGTGCA-1,1.043164653489067
AGCTTGAGTACTTAGC-1,1.0451274445615124
AGCTTGAGTCTCTTAT-1,1.046194430991984
AGCTTGAGTTACAGAA-1,1.0411995335036508
AGCTTGAGTTCCCGAG-1,1.0375113005446632
AGCTTGAGTTTCGCTC-1,0.9807932156490916
AGCTTGATCCAGATCA-1,1.03614028938057
AGGCCACAGAGACTAT-1,1.023754344047526
AGGCCACAGAGCTGGT-1,1.0387386536839824
AGGCCACAGAGTCTGG-1,0.9940333410449301
AGGCCACAGGGTATCG-1,1.0415370047728945
AGGCCACCAAGCTGTT-1,1.0482488291137777
AGGCCACCAATAGAGT-1,1.0061290761352482
AGGCCACCACCTATCC-1,0.9976367461519824
AGGCCACCATATGGTC-1,1.025656730957928
AGGCCACGTAGTACCT-1,0.9779059310903753
AGGCCACGTCAACTGT-1,1.0438910192369113
AGGCCACGTCAGTGGA-1,0.968819470419339
AGGCCACGTGGTGTAG-1,1.0429212265048358
AGGCCACTCAACACGT-1,1.0377174917615315
AGGCCACTCACAGTAC-1,1.0405171363177266
AGGCCACTCACCTCGT-1,1.048667755709471
AGGCCACTCAGCGATT-1,1.046246716469163
AGGCCACTCATTGCCC-1,0.9431703604237629
AGGCCACTCCGAGCCA-1,0.9927453147378108
AGGCCACTCGAGGTAG-1,0.9912906795566704
AGGCCGTAGGCAGGTT-1,1.0376270132554946
AGGCCGTCACCTATCC-1,1.010454206701295
AGGCCGTCACGCATCG-1,1.0039783296719271
AGGCCGTCACGCTTTC-1,1.0009837980731509
AGGCCGTCACTATCTT-1,1.011908416192589
AGGCCGTCAGAGCCAA-1,1.0468886558727426
AGGCCGTCAGATCCAT-1,1.0313691150200617
AGGCCGTCAGCTGCAC-1,1.0452515454617501
AGGCCGTCATCCGCGA-1,1.0316297785500568
AGGCCGTCATCTACGA-1,1.047936539978509
AGGCCGTCATTCTTAC-1,1.0477444942982994
AGGCCGTGTATTACCG-1,1.034528490189379
AGGCCGTGTCCGTGAC-1,0.9889960889582768
AGGCCGTGTTCCTCCA-1,1.0325075241599986
AGGCCGTTCATCGGAT-1,1.0363793666088066
AGGCCGTTCCGCAGTG-1,1.0176808365863812
AGGCCGTTCGTCTGCT-1,1.0327684558799548
AGGCCGTTCTAGAGTC-1,1.0270514498689025
AGGCCGTTCTTGTACT-1,1.0071916981285944
AGGGAGTAGAATGTGT-1,1.0448610244161884
AGGGAGTAGATGGCGT-1,1.0405679609862917
AGGGAGTAGCACACAG-1,1.0461013151384218
AGGGAGTAGGATATAC-1,1.0204510880805446
AGGGAGTCAAAGAATC-1,1.03402750411039
AGGGAGTCAATGTAAG-1,1.0433877726294423
AGGGAGTCACCACGTG-1,1.0366533823855637
AGGGAGTCACTGCCAG-1,1.0330846763147625
AGGGAGTCAGCTGGCT-1,1.0352303016828492
AGGGAGTCATTGGGCC-1,1.0101023438991596
AGGGAGTCATTTGCTT-1,1.0347806625287939
AGGGAGTGTAAACACA-1,1.0380883144749222
AGGGAGTGTAGCGCAA-1,1.01729116455703
AGGGAGTGTAGTGAAT-1,0.9379722590128858
AGGGAGTGTCTAGCCG-1,0.9768679820817652
AGGGAGTGTTATCGGT-1,1.0443752114672298
AGGGAGTGTTCCCTTG-1,1.0371858185238405
AGGGAGTGTTTCGCTC-1,1.043882854013218
AGGGAGTTCCCAGGTG-1,1.0196050910964611
AGGGAGTTCGTTACGA-1,1.0394110066471172
AGGGAGTTCTCCGGTT-1,1.0061995662280396
AGGGATGAGACATAAC-1,1.0137940563254204
AGGGATGAGAGCAATT-1,1.0346152620516949
AGGGATGAGAGGTTAT-1,0.9952812307981345
AGGGATGAGAGTAAGG-1,0.9994631239421128
AGGGATGAGCGATAGC-1,1.0407838443231319
AGGGATGAGTACCGGA-1,1.0399128452931925
AGGGATGAGTGTACCT-1,1.0434957902628013
AGGGATGAGTGTACTC-1,0.9695212383569789
AGGGATGCACCACCAG-1,1.040583407080458
AGGGATGCAGACTCGC-1,0.9612025306581816
AGGGATGCAGCTGTAT-1,1.0309150575487813
AGGGATGCAGTCGTGC-1,1.021567327538311
AGGGATGCATGCCCGA-1,1.0454331463532538
AGGGATGGTAGCTAAA-1,1.0384511061452777
AGGGATGGTATCACCA-1,1.0420237724057095
AGGGATGGTCATATGC-1,1.0045661765546305
AGGGATGGTCGCATAT-1,1.0386847746912637
AGGGATGTCACAGTAC-1,1.0449524579443121
AGGGATGTCACCCTCA-1,1.0436564916884141
AGGGATGTCATGCTCC-1,1.042852785936637
AGGGATGTCCAAACTG-1,0.9578055126881841
AGGGATGTCCGTACAA-1,1.0419176461224096
AGGGATGTCTCGTTTA-1,1.013338852235204
AGGGATGTCTTCGGTC-1,0.9705588239987804
AGGGTGAAGAACAACT-1,0.989228392121852
AGGGTGAAGCCACGTC-1,0.9241447279055356
AGGGTGAAGCTGTCTA-1,1.0411153223219158
AGGGTGAAGGACCACA-1,0.9520475039883702
AGGGTGAAGGATGCGT-1,1.0461964878078789
AGGGTGAAGGCTATCT-1,0.935697538726095
AGGGTGAAGTGTGGCA-1,1.0364776683949122
AGGGTGACAAAGGTGC-1,1.0414116788149266
AGGGTGACAACACCCG-1,0.9449856675186078
AGGGTGACACAGCCCA-1,1.0191765615164705
AGGGTGACACAGGCCT-1,1.0416249494885301
AGGGTGACACCCAGTG-1,1.0263589874739036
AGGGTGACACGCTTTC-1,0.9680390782627117
AGGGTGACACGTCAGC-1,0.9933534919895847
AGGGTGACATTCTCAT-1,1.0307726025728785
AGGGTGAGTAAGTGTA-1,1.0513352472017108
AGGGTGAGTATCACCA-1,1.0355102174090023
AGGGTGAGTCAACTGT-1,1.0401722084536944
AGGGTGAGTCGTCTTC-1,1.0131507508984425
AGGGTGAGTCTGATCA-1,1.0358413599466527
AGGGTGAGTGAGTGAC-1,1.0435333705792038
AGGGTGAGTGATGCCC-1,1.0268035217848872
AGGGTGAGTTCGGCAC-1,1.0267908068347469
AGGGTGATCACATAGC-1,1.0197495749712069
AGGGTGATCAGCATGT-1,1.0335847535546094
AGGGTGATCAGCTTAG-1,0.9907029634975868
AGGGTGATCGCAAGCC-1,0.9919701331826252
AGGGTGATCGCTTGTC-1,0.9689749059032582
AGGGTGATCTATCGCC-1,1.02879135616024
AGGGTGATCTGCCCTA-1,1.0312848980016016
AGGTCATAGACTCGGA-1,1.0430593750493011
AGGTCATAGCCGATTT-1,1.0401258084830238
AGGTCATAGCTCCTCT-1,0.9798197504560389
AGGTCATAGGACGAAA-1,1.0387944573237906
AGGTCATAGGGAACGG-1,1.028288032133079
AGGTCATAGTACATGA-1,1.0359963976403
AGGTCATAGTACCGGA-1,1.0077027673455041
AGGTCATCAACGCACC-1,1.0469910732934107
AGGTCATCAAGCTGAG-1,1.0361431206453564
AGGTCATCACTACAGT-1,1.0369535616463381
AGGTCATCATTAGCCA-1,1.0061823114276995
AGGTCATGTCACAAGG-1,1.0465543925808851
AGGTCATGTCATCCCT-1,0.97149309758123
AGGTCATGTCCGAACC-1,1.0105803906207398
AGGTCATGTGATGATA-1,1.0404421026382933
AGGTCATGTTCGCGAC-1,1.0450301810468299
AGGTCATGTTTGTTGG-1,1.0299457392185463
AGGTCATTCAACACAC-1,1.0368068047606078
AGGTCATTCAATCTCT-1,0.9893224337847087
AGGTCATTCACCGTAA-1,1.0386574974336304
AGGTCATTCACTCCTG-1,1.0426784105818092
AGGTCATTCGGCTTGG-1,1.0301164547942168
AGGTCATTCTCTGCTG-1,1.0249177580203837
AGGTCCGAGCCTATGT-1,0.9401791413693362
AGGTCCGAGCGACGTA-1,1.0280206041488162
AGGTCCGAGGACGAAA-1,1.0464190581843393
AGGTCCGAGGGATCTG-1,1.0039568351673724
AGGTCCGCAAAGGTGC-1,1.0473477691950277
AGGTCCGCAAGGCTCC-1,0.9073885609697032
AGGTCCGCAATGCCAT-1,1.0241509793081776
AGGTCCGCACTTGGAT-1,1.0078390055922055
AGGTCCGCAGTCTTCC-1,0.9641374637227228
AGGTCCGCATCACGTA-1,1.0422138985570777
AGGTCCGCATCGGAAG-1,1.0177990506405827
AGGTCCGCATGGTAGG-1,1.0470538376847216
AGGTCCGCATGTAAGA-1,1.0082943323198486
AGGTCCGCATTAACCG-1,1.0130245269694709
AGGTCCGGTAGTACCT-1,1.043712819452511
AGGTCCGGTCGAGTTT-1,0.9499996323702256
AGGTCCGGTCTACCTC-1,1.0414700120220823
AGGTCCGGTTTAGGAA-1,1.0361307908947563
AGGTCCGTCCCAACGG-1,1.0435860743529932
AGTAGTCCACGAAACG-1,1.0162466972205206
AGTAGTCCAGCCAGAA-1,1.0479735650861393
AGTAGTCCAGGAACGT-1,0.9851970377176329
AGTAGTCGTAGCGTGA-1,1.0261422105010598
AGTAGTCGTAGGCATG-1,1.0435833689357008
AGTAGTCGTGCAACTT-1,1.0138594446597944
AGTAGTCTCATCATTC-1,1.0082002344602983
AGTAGTCTCCGCAGTG-1,1.0424624720823887
AGTAGTCTCCGCATCT-1,0.9804394886364834
AGTCTTTAGACGCAAC-1,1.0331544514798292
AGTCTTTAGAGAGCTC-1,1.0317085912157342
AGTCTTTAGCGATATA-1,1.039739865164528
AGTCTTTAGGGCATGT-1,1.0406502006199594
AGTCTTTCAACTTGAC-1,0.9506715353620376
AGTCTTTCAATAAGCA-1,0.9936683528412982
AGTCTTTCAATAGAGT-1,1.0161419004206467
AGTCTTTCACGCATCG-1,1.025820564440072
AGTCTTTCAGCTATTG-1,1.0401669883767133
AGTCTTTCAGGAATCG-1,0.9129174911895844
AGTCTTTCATGCCCGA-1,1.0060219817409608
AGTCTTTCATGTTGAC-1,1.0478450624088766
AGTCTTTCATTGCGGC-1,0.9985872013254793
AGTCTTTGTACCGAGA-1,1.024021295195643
AGTCTTTGTAGCCTCG-1,1.0296289587059513
AGTCTTTGTCCATGAT-1,1.004536867039329
AGTCTTTGTGAGGGTT-1,1.020541821720883
AGTCTTTGTTCCACTC-1,1.0419145421948022
AGTCTTTGTTGGTAAA-1,1.0331905014990077
AGTCTTTTCACCCGAG-1,1.0298918386689448
AGTCTTTTCACGATGT-1,1.0469336085509022
AGTCTTTTCAGTTTGG-1,1.0057287651082156
AGTCTTTTCATACGGT-1,1.029419153763569
AGTCTTTTCATCACCC-1,1.0314232161900911
AGTCTTTTCATGTAGC-1,1.0397218793511187
AGTCTTTTCATTGCGA-1,1.0469737710622529
AGTCTTTTCCAAACTG-1,1.0138517211055338
AGTCTTTTCCTCAACC-1,0.9796541650441322
AGTCTTTTCGTTACAG-1,1.022414058896732
AGTCTTTTCTAACTGG-1,1.038207274170292
AGTCTTTTCTTGACGA-1,1.0178325190625577
AGTGAGGAGACATAAC-1,1.0130041908784004
AGTGAGGAGACCTAGG-1,1.0423289442941064
AGTGAGGAGAGTCTGG-1,1.0490455871566393
AGTGAGGAGCGCTCCA-1,0.9701533008870408
AGTGAGGCAAGAGTCG-1,1.045587380743769
AGTGAGGCACAACTGT-1,1.0431007514235993
AGTGAGGCACACCGCA-1,1.0415558797393443
AGTGAGGCACTGTCGG-1,0.9935185736787098
AGTGAGGCAGCCTGTG-1,1.0443731073728513
AGTGAGGCAGCGTCCA-1,1.0104466009979325
AGTGAGGCATGACATC-1,1.041747122174621
AGTGAGGCATGGATGG-1,1.0459221653096327
AGTGAGGCATTTCACT-1,1.0032810739798532
AGTGAGGGTAGGCTGA-1,1.0081392409470138
AGTGAGGGTCGCATAT-1,0.977853057035745
AGTGAGGGTGCGCTTG-1,0.9754053133602978
AGTGAGGTCAAACCGT-1,1.0174029393418136
AGTGAGGTCAGGTAAA-1,1.0083639642980515
AGTGAGGTCATGCATG-1,1.037851487492194
AGTGAGGTCCGCAAGC-1,1.0469022390063916
AGTGAGGTCTCCTATA-1,0.9982085851649444
AGTGGGAAGACCCACC-1,1.0445322908671193
AGTGGGAAGACGACGT-1,0.9780093720919488
AGTGGGAAGACGCTTT-1,1.0404393415093447
AGTGGGAAGACTAGGC-1,1.0342972941899797
AGTGGGAAGCGTGAGT-1,1.0430769631241457
AGTGGGAAGCTACCTA-1,1.0498671253243324
AGTGGGAAGGCCCTCA-1,1.0130097486864724
AGTGGGAAGTCATCCA-1,1.030116899372347
AGTGGGAAGTGAATTG-1,0.9679848307473382
AGTGGGAAGTGGGATC-1,1.028937029014407
AGTGGGACAAAGGCGT-1,1.0341955340888846
AGTGGGACAACGCACC-1,0.9832244585594344
AGTGGGACAAGTTCTG-1,1.0410293168271798
AGTGGGACAGCTATTG-1,0.9572276124341891
AGTGGGACAGGCAGTA-1,0.9714549576145782
AGTGGGAGTCGAATCT-1,1.0038749069085389
AGTGGGAGTGAAATCA-1,1.035623785629669
AGTGGGAGTGCTAGCC-1,0.9859624486773458
AGTGGGAGTTAAGACA-1,1.045283486754111
AGTGGGATCAACTCTT-1,1.002841890100279
AGTGGGATCAGGATCT-1,1.0076399976930357
AGTGGGATCAGTTCGA-1,1.04150326405478
AGTGGGATCCGTAGTA-1,1.0425968030926749
AGTGGGATCGGAAACG-1,1.0327619239409938
AGTGGGATCTTCGGTC-1,1.0437678554877814
AGTGTCAAGAGACGAA-1,1.048491496446689
AGTGTCAAGAGCCTAG-1,1.0433569709628268
AGTGTCAAGCAATATG-1,1.043691006554583
AGTGTCAAGTGTTTGC-1,1.0434267328921283
AGTGTCACAACACGCC-1,1.0432115023182216
AGTGTCACAACGATGG-1,1.042811572424373
AGTGTCACAGTATAAG-1,0.9827622671108597
AGTGTCACATGCATGT-1,1.0156489408589744
AGTGTCAGTACCGGCT-1,1.013479143392555
AGTGTCAGTCCAGTTA-1,1.0090982950183736
AGTGTCAGTGCTAGCC-1,1.036249144086142
AGTGTCAGTTAAGACA-1,1.0143121206092929
AGTGTCAGTTACGACT-1,0.9546054365752051
AGTGTCAGTTACTGAC-1,0.9813562152304715
AGTTGGTAGAATTGTG-1,1.0047962389570824
AGTTGGTCAACACCCG-1,1.0336254662670534
AGTTGGTCAAGCCATT-1,1.0313440118545514
AGTTGGTCACGTTGGC-1,1.0338991032816294
AGTTGGTCACTCGACG-1,0.9808308676821198
AGTTGGTCAGCAGTTT-1,0.9820971499999571
AGTTGGTCATCTCGCT-1,1.0323664306781828
AGTTGGTCATTCCTCG-1,1.0408878305521807
AGTTGGTGTCCAGTGC-1,0.9442747196696233
AGTTGGTGTGTGAAAT-1,1.045430881600751
AGTTGGTGTTATCGGT-1,1.0407776069530559
AGTTGGTGTTTCGCTC-1,1.0494124975512757
AGTTGGTTCCAATGGT-1,1.0417555708452335
AGTTGGTTCCTCTAGC-1,1.0373166151135045
AGTTGGTTCCTGTACC-1,0.9555664359074305
AGTTGGTTCTCTGAGA-1,1.020568916547771
ATAACGCAGACACGAC-1,1.003985870247861
ATAACGCAGATGTGGC-1,0.9797704861537281
ATAACGCAGCTGAACG-1,1.0357702730727472
ATAACGCAGGCCCGTT-1,1.036918462962439
ATAACGCAGGTGACCA-1,0.9907103977318232
ATAACGCCAATGGACG-1,1.0390116682883055
ATAACGCCACACCGCA-1,1.0438554864369565
ATAACGCCACTAAGTC-1,1.0458158350511721
ATAACGCCAGTATAAG-1,1.046473044209846
ATAACGCCATACGCTA-1,1.0383573456685031
ATAACGCCATCATCCC-1,0.9323965996710958
ATAACGCGTGGCGAAT-1,1.0425864051448184
ATAACGCGTGTGACCC-1,1.038762234648196
ATAACGCGTTGAGGTG-1,1.0467966299138152
ATAACGCGTTGCTCCT-1,1.046224417620506
ATAACGCGTTTGCATG-1,0.9796812127057866
ATAACGCTCACATACG-1,1.0150911654188135
ATAACGCTCAGAAATG-1,0.9882366233301079
ATAACGCTCTGCAGTA-1,1.0458052326772596
ATAACGCTCTTAGCCC-1,1.0075921094739368
ATAAGAGAGAACAACT-1,1.0404251328687428
ATAAGAGAGAGCCCAA-1,1.0269143798624787
ATAAGAGAGAGCTATA-1,1.045040664402002
ATAAGAGAGATATGGT-1,1.0414114632719678
ATAAGAGAGCGTGAAC-1,0.9794840982910407
ATAAGAGAGCTAACAA-1,1.027519089339032
ATAAGAGAGGCATGTG-1,1.0168581424970917
ATAAGAGAGTAACCCT-1,1.0331182372552545
ATAAGAGCAAGCTGGA-1,1.0071052232522524
ATAAGAGCAAGTTGTC-1,1.0445226200649764
ATAAGAGCAATGAATG-1,1.0309845118110759
ATAAGAGCACGAAACG-1,0.9643280846471731
ATAAGAGCAGGGTTAG-1,1.0237967184951693
ATAAGAGCATGTAGTC-1,1.0417613218562372
ATAAGAGTCTCTGAGA-1,1.046892908883727
ATAGACCAGACTAAGT-1,1.0481063388082903
ATAGACCAGAGCTGGT-1,0.9860475442569006
ATAGACCAGAGTTGGC-1,1.045219375832032
ATAGACCAGATCCCGC-1,0.9997834283719278
ATAGACCAGCCCGAAA-1,1.026734085464102
ATAGACCAGCTAGCCC-1,1.0437855722794935
ATAGACCAGTGCCAGA-1,1.0081425877493122
ATAGACCCAAACTGCT-1,1.0405879946035506
ATAGACCCACCGATAT-1,0.9605019457441439
ATAGACCGTAGTAGTA-1,1.00336406915234
ATAGACCGTGCTGTAT-1,1.0333549875836094
ATAGACCGTTCGTCTC-1,1.0281770142763673
ATAGACCTCATAACCG-1,1.0412491657584553
ATAGACCTCCCTAATT-1,1.0436529077799457
ATAGACCTCCGAATGT-1,1.0101125127756754
ATAGACCTCTCATTCA-1,1.0123946698558577
ATCACGAAGAAACCGC-1,1.0294075824298934
ATCACGAAGTACTTGC-1,1.0414060039083568
ATCACGACAAGTTCTG-1,1.0429486493506919
ATCACGACAGTGAGTG-1,1.015316677153413
ATCACGACATAACCTG-1,1.001094790702118
ATCACGAGTATCAGTC-1,1.0366494550037495
ATCACGAGTCGCATAT-1,1.0330185121648754
ATCACGAGTCTTCAAG-1,1.0401838587555088
ATCACGATCAACACCA-1,1.03014119891332
ATCACGATCCCGACTT-1,1.0237491104771133
ATCACGATCCGAGCCA-1,1.0462964561310302
ATCACGATCCGATATG-1,1.0409958957393792
ATCACGATCCTATTCA-1,1.0203601958030715
ATCACGATCGACCAGC-1,1.0474345652499675
ATCACGATCGGAGGTA-1,1.0097303427304434
ATCACGATCGGTGTCG-1,1.0310008863130005
ATCACGATCGTTGCCT-1,1.0309747294195353
ATCACGATCTAACGGT-1,1.0400793231444603
ATCACGATCTTGCATT-1,0.9567264225197033
ATCATCTAGACAATAC-1,1.0407238974597735
ATCATCTAGACTGTAA-1,0.9908707938872668
ATCATCTAGACTTGAA-1,1.0231999506774334
ATCATCTAGAGCAATT-1,1.0216178412813002
ATCATCTAGATACACA-1,1.0005024230650787
ATCATCTAGCGGCTTC-1,0.9849957553120027
ATCATCTAGTAGGTGC-1,1.0485261550525165
ATCATCTAGTGAACAT-1,1.020297573185785
ATCATCTCACAGGAGT-1,1.0452142599122263
ATCATCTCACCGATAT-1,0.8186641840929746
ATCATCTCAGCAGTTT-1,1.0379033210018869
ATCATCTCATCGACGC-1,1.003961237959734
ATCATCTCATGGTCTA-1,1.0301471882685982
ATCATCTCATTGCGGC-1,1.0191818895309137
ATCATCTGTGTTGAGG-1,1.0293430267593524
ATCATCTGTTAGATGA-1,1.0414261753844452
ATCATCTTCCTCTAGC-1,1.0419956448523209
ATCATCTTCGCCAGCA-1,0.8882672031351656
ATCATCTTCTTTAGGG-1,1.0428072116381015
ATCATGGAGACAGGCT-1,1.0259558179373993
ATCATGGAGCTAGTCT-1,0.9834358497529562
ATCATGGAGGATTCGG-1,0.9862046057144093
ATCATGGAGGGATACC-1,1.0384451860590223
ATCATGGCACGCCAGT-1,1.0397051582873933
ATCATGGGTAAACGCG-1,1.0054410646660359
ATCATGGGTCCGTCAG-1,1.0438062578375913
ATCATGGGTGATAAAC-1,1.0423001390847635
ATCATGGGTTGGGACA-1,1.0390139296356065
ATCATGGGTTGTCTTT-1,1.0382989866844863
ATCATGGTCATGTGGT-1,1.039578959993811
ATCCACCAGAGTACAT-1,1.0425664104117607
ATCCACCAGATCTGAA-1,1.0043233754011198
ATCCACCAGCGTTTAC-1,1.039746999571776
ATCCACCAGGCCATAG-1,1.044699982200045
ATCCACCAGGCGTACA-1,1.0105155458360362
ATCCACCAGGCTAGAC-1,1.0418631939117142
ATCCACCAGGGAAACA-1,1.0431898092252314
ATCCACCAGGGTTTCT-1,1.0363936198332446
ATCCACCAGTCTTGCA-1,1.018542371400992
ATCCACCCACTAGTAC-1,1.0164109473632654
ATCCACCCAGATCCAT-1,1.0106989194031346
ATCCACCCATCTGGTA-1,1.0337087876935416
ATCCACCCATTAGCCA-1,1.0397816286498092
ATCCACCCATTCCTCG-1,1.0466335716094781
ATCCACCGTAGCGTAG-1,0.9847754945942545
ATCCACCGTCCCTACT-1,1.0134888605291787
ATCCACCGTTAAAGAC-1,1.0216371400490925
ATCCACCGTTACGGAG-1,1.0332873641601068
ATCCACCGTTCCATGA-1,0.9860049181015045
ATCCACCGTTCTGGTA-1,1.0392361515184085
ATCCACCTCACATGCA-1,1.0448955666345865
ATCCACCTCCTCCTAG-1,1.0379108308355378
ATCCACCTCCTCGCAT-1,0.9809789768685634
ATCCACCTCGCCCTTA-1,1.0369184333156896
ATCCACCTCGTCGTTC-1,1.0466411548460954
ATCCACCTCGTTACGA-1,1.0432872557292652
ATCCACCTCTCGCTTG-1,1.0337485287165524
ATCCGAAAGATGTTAG-1,1.0400620573784252
ATCCGAAAGCGTCAAG-1,0.9843610928941307
ATCCGAACAAGTACCT-1,1.044346256383776
ATCCGAACAATGGAAT-1,1.0433661806838712
ATCCGAACACCCAGTG-1,1.0457367770763422
ATCCGAACACCTCGTT-1,1.0397921748305368
ATCCGAACAGGCGATA-1,0.9884950101793184
ATCCGAACATCCAACA-1,1.0292685986546246
ATCCGAACATCGGGTC-1,1.00586114130214
ATCCGAAGTAAGAGAG-1,0.99822269024556
ATCCGAAGTAAGAGGA-1,0.9837161096531399
ATCCGAAGTACTTCTT-1,1.0418615044502826
ATCCGAAGTATTACCG-1,0.9633460554832489
ATCCGAAGTCATGCCG-1,1.0396008080208317
ATCCGAAGTTCCATGA-1,1.0093887055304682
ATCCGAAGTTCGTCTC-1,0.9561042383497199
ATCCGAAGTTGATTCG-1,1.02587679459696
ATCCGAATCAAACCGT-1,1.0454838609922437
ATCCGAATCATGTCTT-1,1.0472852190819897
ATCCGAATCCCTAACC-1,1.0416304466193969
ATCCGAATCCTCTAGC-1,1.043651363805292
ATCCGAATCGTTTGCC-1,1.0460399009214556
ATCCGAATCTAACTTC-1,1.0299805610367454
ATCCGAATCTGTACGA-1,1.015614598840424
ATCGAGTAGACAATAC-1,1.0154966412187039
ATCGAGTAGCATCATC-1,1.0424200603209346
ATCGAGTAGCCCGAAA-1,1.0344140058933504
ATCGAGTAGCCTATGT-1,1.0430429521821722
ATCGAGTAGCTCAACT-1,0.9057359509528116
ATCGAGTCAGCGTCCA-1,1.0161349458165636
ATCGAGTCAGTATGCT-1,0.9911305656868977
ATCGAGTCATACTACG-1,1.0444194774242919
ATCGAGTCATATGGTC-1,1.0426943356040523
ATCGAGTCATCTATGG-1,1.027163693529363
ATCGAGTGTCCCTTGT-1,1.0448097623019506
ATCGAGTGTCGGCATC-1,1.038785832116704
ATCGAGTGTCTGGAGA-1,0.9964244749915329
ATCGAGTTCCGGCACA-1,0.9979963974147846
ATCGAGTTCGAGAGCA-1,1.045365597183175
ATCGAGTTCGGCGGTT-1,0.9133935482963372
ATCGAGTTCGTGGTCG-1,1.0278832064760746
ATCGAGTTCTTAGAGC-1,1.0485305238227174
ATCTACTAGAGCTGCA-1,1.0451915528437705
ATCTACTAGCTAACTC-1,1.0400193866034895
ATCTACTAGGCAATTA-1,1.0091352859018794
ATCTACTAGGCTATCT-1,1.045398748519584
ATCTACTAGGGTCGAT-1,0.9808960657089241
ATCTACTAGTAATCCC-1,0.9672662824108618
ATCTACTAGTGAAGAG-1,1.0412626318236262
ATCTACTCACCGCTAG-1,1.0101569484259876
ATCTACTCAGTGGGAT-1,1.0300062438544895
ATCTACTCATAAGACA-1,1.0486844611762038
ATCTACTCATCCTAGA-1,1.0455012183855126
ATCTACTGTAAGAGGA-1,0.9549324087331867
ATCTACTGTATGCTTG-1,1.0052019642185326
ATCTACTGTCAATGTC-1,1.0112378208066695
ATCTACTGTGTATGGG-1,0.9941663151729553
ATCTACTGTTACGTCA-1,1.038231592530246
ATCTACTGTTGCTCCT-1,1.0051395604821936
ATCTACTGTTTGTGTG-1,1.0402920906361899
ATCTACTTCAACCAAC-1,1.04068440890794
ATCTACTTCCTAGAAC-1,0.9869241801142475
ATCTACTTCCTCAATT-1,0.9919212122998317
ATCTACTTCGTGGTCG-1,1.0267956439665362
ATCTACTTCTGGGCCA-1,1.0098184667125774
ATCTGCCAGACCGGAT-1,1.0400651097396219
ATCTGCCAGAGTCTGG-1,0.9758915474993615
ATCTGCCAGCCACTAT-1,0.9668362881268742
ATCTGCCAGCGTGTCC-1,1.0206290116002397
ATCTGCCAGTACGCGA-1,1.0404901811777512
ATCTGCCCAAGACGTG-1,0.8934219516470913
ATCTGCCCAAGCGCTC-1,1.0373898614776116
ATCTGCCCACAACGCC-1,1.0390353233515919
ATCTGCCCACCACCAG-1,1.0218781313736327
ATCTGCCCACGAAATA-1,1.051651999374633
ATCTGCCCAGATAATG-1,0.9832357737118981
ATCTGCCCATTCCTCG-1,1.0460771622780487
ATCTGCCGTAGCTTGT-1,1.0144784158307654
ATCTGCCGTAGGACAC-1,0.9898001725463214
ATCTGCCGTAGGCTGA-1,1.041249880867901
ATCTGCCGTCATATGC-1,0.944343264681014
ATCTGCCGTTAGTGGG-1,1.0297031819553637
ATCTGCCTCAGCTCTC-1,1.0259276533987463
ATCTGCCTCAGTCCCT-1,1.0457105375308284
ATCTGCCTCCAGGGCT-1,0.9009302708935564
ATCTGCCTCCCAAGAT-1,1.0407360739400238
ATCTGCCTCGGATGTT-1,0.9918732535790518
ATCTGCCTCGTTTAGG-1,1.042905159743534
ATCTGCCTCTACCTGC-1,1.0281810122969588
ATCTGCCTCTCGCATC-1,1.0188649173219682
ATGAGGGAGAAGCCCA-1,1.0271008747233665
ATGAGGGAGAAGGTTT-1,0.9961393231572833
ATGAGGGAGCGATAGC-1,1.0425072750796744
ATGAGGGAGCGTCAAG-1,0.988434812022053
ATGAGGGAGCTGCGAA-1,1.0139409647244724
ATGAGGGAGGCCGAAT-1,1.0440606322580863
ATGAGGGAGGGTGTGT-1,0.9864225615209906
ATGAGGGAGTGGGATC-1,0.9066416533071769
ATGAGGGCAAGAAGAG-1,1.0409731606945134
ATGAGGGCAATCCGAT-1,1.0015535232451036
ATGAGGGCAGCAGTTT-1,0.9873240131421869
ATGAGGGCAGCCAATT-1,0.9993119758459189
ATGAGGGCAGCCAGAA-1,1.0398174484814167
ATGAGGGCATGCCTTC-1,1.042791938853605
ATGAGGGCATGCTAGT-1,0.972123658086532
ATGAGGGCATTGGTAC-1,0.9969692894449578
ATGAGGGGTAAGGATT-1,1.0004846275637076
ATGAGGGGTAGGCTGA-1,1.0072657278217667
ATGAGGGGTATTACCG-1,0.9603557174755453
ATGAGGGGTCTCATCC-1,1.0396100685236895
ATGAGGGTCATGTAGC-1,1.037585662651141
ATGAGGGTCCATGCTC-1,1.045237335281608
ATGAGGGTCGCGCCAA-1,0.9945361586744956
ATGAGGGTCGGCGCAT-1,1.0051276414677655
ATGAGGGTCGTGGTCG-1,1.043237946039109
ATGAGGGTCTCAACTT-1,1.0502798616143438
ATGCGATAGAATTCCC-1,1.0382322099858452
ATGCGATAGAGGTTGC-1,1.0440312045889912
ATGCGATAGCGATCCC-1,1.0500339947021227
ATGCGATAGCGTCAAG-1,0.9798194914005819
ATGCGATAGGACACCA-1,1.0025467608545948
ATGCGATAGTGGACGT-1,1.0132937338360788
ATGCGATCAACAACCT-1,1.0431498265292687
ATGCGATCACCGGAAA-1,1.0231991955294282
ATGCGATCAGACGCTC-1,1.0086914303027126
ATGCGATCATATACCG-1,0.9872941328696209
ATGCGATGTAGGGACT-1,0.7347842484527443
ATGCGATGTGAAAGAG-1,1.0388301591800622
ATGCGATTCACCATAG-1,1.027599593390391
ATGCGATTCACTTACT-1,0.9743623192826308
ATGCGATTCATAAAGG-1,1.0090005827484694
ATGCGATTCCTCAATT-1,1.0399947870757826
ATGCGATTCGCTGATA-1,1.0368526217272922
ATGCGATTCGTTTATC-1,1.0487651013809511
ATGCGATTCTCGAGTA-1,1.030152624690581
ATGCGATTCTGGTTCC-1,0.961317218352772
ATGGGAGAGAAACCAT-1,1.0458290189716244
ATGGGAGAGAACTCGG-1,1.0251099382244047
ATGGGAGAGAAGAAGC-1,0.9914969744092375
ATGGGAGAGACTGGGT-1,0.943689728162545
ATGGGAGAGGACGAAA-1,1.0401329287793621
ATGGGAGAGGAGTTTA-1,1.0425370197264472
ATGGGAGAGGTGATAT-1,1.0421904086256781
ATGGGAGAGTACATGA-1,1.0483684623959224
ATGGGAGCAAACGCGA-1,0.9630778551589857
ATGGGAGCAAGGCTCC-1,0.9972660357328519
ATGGGAGCAATGGATA-1,1.0337967053886359
ATGGGAGCACCGGAAA-1,1.0469911284998268
ATGGGAGGTTACCGAT-1,0.7606620171170484
ATGGGAGGTTGGTGGA-1,1.0352024051918731
ATGGGAGTCACCATAG-1,1.034500717021668
ATGGGAGTCATTATCC-1,1.0070103031653126
ATGGGAGTCCAAACTG-1,0.9507774246990045
ATGGGAGTCCCTAACC-1,1.0462098023442807
ATGGGAGTCCGAATGT-1,1.045568779358051
ATGGGAGTCCGATATG-1,1.0251855746235974
ATGGGAGTCGGTGTTA-1,0.96429416302492
ATGGGAGTCTCCTATA-1,0.9872148561588387
ATGGGAGTCTCTGAGA-1,0.8105140767399868
ATGTGTGAGAAACGAG-1,1.0404100270968344
ATGTGTGAGAATGTTG-1,1.0421982432556427
ATGTGTGAGCCATCGC-1,1.0346364912687296
ATGTGTGAGCTCCTTC-1,1.0497008582632341
ATGTGTGAGGCTAGGT-1,0.9958198848455108
ATGTGTGCAACAACCT-1,1.0244292376937403
ATGTGTGCAATACGCT-1,1.0106225488569174
ATGTGTGCACAACGTT-1,1.0476155258631108
ATGTGTGCACAGTCGC-1,1.037194525988743
ATGTGTGCACCATGTA-1,1.0348551192494189
ATGTGTGCAGAAGCAC-1,0.9954867517250967
ATGTGTGCAGTATGCT-1,1.0423522472806888
ATGTGTGCATACGCTA-1,1.0445820175675011
ATGTGTGCATGTCCTC-1,1.0075187973477542
ATGTGTGGTACGACCC-1,1.0452307211538665
ATGTGTGGTACTCTCC-1,1.0419488226080285
ATGTGTGGTGAGTGAC-1,1.0464169628869788
ATGTGTGGTGTCCTCT-1,1.0119895435736967
ATGTGTGGTGTTGGGA-1,1.003956482769254
ATGTGTGGTTCCGGCA-1,1.042902373582097
ATGTGTGTCAACACTG-1,1.0380481855639314
ATGTGTGTCAGCTGGC-1,0.9790846586166189
ATGTGTGTCAGGTAAA-1,1.0438215811280542
ATGTGTGTCATGTCCC-1,1.034000059925427
ATGTGTGTCCATTCTA-1,1.0361204931744221
ATGTGTGTCGGTGTCG-1,1.0438045515680385
ATGTGTGTCGGTGTTA-1,1.005545992316758
ATTACTCAGGACTGGT-1,1.043481345095808
ATTACTCAGTTAACGA-1,1.04336823199008
ATTACTCCAACGATGG-1,1.0325254016681613
ATTACTCCAAGCGTAG-1,1.007170130198701
ATTACTCCAAGCTGTT-1,1.0422321564091472
ATTACTCCAATGAAAC-1,1.0417402028539544
ATTACTCCACATTAGC-1,1.044779029165349
ATTACTCCACCGGAAA-1,0.9556174771950015
ATTACTCCACGAAAGC-1,1.0492719311365082
ATTACTCCATGGGAAC-1,1.0248033123754585
ATTACTCGTCAATGTC-1,1.0072133565515797
ATTACTCGTCCGAGTC-1,1.0230385278400047
ATTACTCGTCCTGCTT-1,1.0414762243232165
ATTACTCGTCGATTGT-1,1.0429157478210551
ATTACTCTCAACACCA-1,1.0354824063766193
ATTACTCTCACTGGGC-1,1.0017401470589586
ATTACTCTCATAAAGG-1,1.002761068924932
ATTACTCTCCTTGGTC-1,1.0397208504859397
ATTACTCTCGTCCGTT-1,1.0425049610048192
ATTACTCTCTGACCTC-1,1.0128701729279648
ATTACTCTCTTAGCCC-1,1.04057297663714
ATTATCCAGACTAAGT-1,1.0452862508192289
ATTATCCAGCGCTTAT-1,1.045076858830058
ATTATCCAGGCACATG-1,1.0163200315915843
ATTATCCAGGCTAGGT-1,0.995766297398727
ATTATCCAGTACATGA-1,1.0420891296553048
ATTATCCAGTCCTCCT-1,1.0406824754520592
ATTATCCCAATCAGAA-1,1.0407524266579558
ATTATCCCAATGAATG-1,1.041744024650582
ATTATCCCAGATAATG-1,1.0273528635847693
ATTATCCCAGCTGCTG-1,0.9260960323811057
ATTATCCCATCCGTGG-1,1.0067999539366261
ATTATCCCATTCGACA-1,1.0275176790863
ATTATCCGTAAAGTCA-1,1.0135521290222644
ATTATCCGTAGCTCCG-1,1.0304876730095158
ATTATCCGTAGGGTAC-1,1.0364363197954893
ATTATCCGTCAGCTAT-1,1.0487557368613114
ATTATCCGTCTAGTGT-1,1.0157121160845624
ATTATCCGTCTCACCT-1,1.031994796660808
ATTATCCGTGTGGTTT-1,1.0363115886716594
ATTATCCGTTAGGGTG-1,1.0069829616769255
ATTATCCGTTGAGGTG-1,1.0288928072694925
ATTATCCTCACGCATA-1,1.0297491470724986
ATTATCCTCGAGAGCA-1,1.0153773571072462
ATTATCCTCGGTCTAA-1,1.035492830563194
ATTATCCTCTCCAGGG-1,1.0441032472737877
ATTCTACAGAGTACAT-1,1.025653768208091
ATTCTACAGCAACGGT-1,0.9709302455976238
ATTCTACAGCCAGTAG-1,1.039518702413482
ATTCTACAGCTAAACA-1,1.0218491405485166
ATTCTACAGTACATGA-1,1.045367622525841
ATTCTACAGTCCGTAT-1,1.0399292216366478
ATTCTACCACCTCGTT-1,1.0472967305052177
ATTCTACCAGATTGCT-1,1.04505887682588
ATTCTACCATCCTTGC-1,0.958414876593388
ATTCTACCATCGGTTA-1,1.042604063197463
ATTCTACCATGCATGT-1,0.9789744713299958
ATTCTACCATGCTAGT-1,0.9892323949708879
ATTCTACCATTTGCTT-1,0.9616009181381684
ATTCTACGTAATAGCA-1,1.0435362992951058
ATTCTACGTAGAGTGC-1,1.046417833190922
ATTCTACGTTTACTCT-1,0.9934806226451123
ATTCTACTCCGCTGTT-1,1.0395245568019302
ATTCTACTCTAACTGG-1,1.0408362524835681
ATTCTACTCTCCAGGG-1,0.9869257634280351
ATTGGACAGAATAGGG-1,1.028722950930649
ATTGGACAGACAAAGG-1,1.0043891495853614
ATTGGACAGACAGAGA-1,1.041776017421051
ATTGGACAGCTAGGCA-1,1.0404340462204855
ATTGGACAGGCACATG-1,1.0063810370464576
ATTGGACAGGCTCTTA-1,1.025671991730771
ATTGGACCAAAGTCAA-1,1.031774436771795
ATTGGACCAATGGTCT-1,1.0371811801838564
ATTGGACCACGGATAG-1,0.986021648405569
ATTGGACCAGGACCCT-1,1.0442440939602453
ATTGGACCATAGGATA-1,0.9704595262096141
ATTGGACCATCGACGC-1,1.0058038419327413
ATTGGACCATGAACCT-1,1.0084030021203247
ATTGGACCATTCCTCG-1,1.0453753724517065
ATTGGACCATTCTCAT-1,1.0455292950893311
ATTGGACGTAGCCTAT-1,1.0340618234396906
ATTGGACGTAGCGCAA-1,1.016405720074242
ATTGGACGTAGGCATG-1,0.9951259689779283
ATTGGACGTCCATGAT-1,1.00882258828714
ATTGGACGTGTCTGAT-1,1.0264610152739302
ATTGGACGTTATTCTC-1,1.0304396953258084
ATTGGACGTTCACCTC-1,1.0485252400307024
ATTGGACGTTCAGACT-1,0.9945266750028853
ATTGGACGTTTGACAC-1,1.0178387485825562
ATTGGACTCAGCAACT-1,1.0366443427489789
ATTGGACTCATCTGCC-1,1.0191582462836357
ATTGGACTCGTAGATC-1,1.0383023955393733
ATTGGACTCGTAGGAG-1,1.0004358872781367
ATTGGACTCTCCCTGA-1,1.0053873066007868
ATTGGACTCTGGTGTA-1,1.0009618019397528
ATTGGTGAGAGACGAA-1,0.9867669604335095
ATTGGTGAGCTAGCCC-1,1.035081914518432
ATTGGTGAGCTCCCAG-1,1.029611693490591
ATTGGTGAGGCCATAG-1,0.9432657833215661
ATTGGTGAGTCTCAAC-1,1.0371862270193495
ATTGGTGCAAGCGATG-1,0.9792842282828227
ATTGGTGCACAGACAG-1,1.0360722106657292
ATTGGTGCACGTAAGG-1,1.0414026048883256
ATTGGTGCAGCGTCCA-1,1.0390768766601588
ATTGGTGGTAATTGGA-1,1.0092444987261324
ATTGGTGGTACTTAGC-1,0.985619904068167
ATTGGTGGTCACCCAG-1,0.9706497898541583
ATTGGTGGTCCCTTGT-1,1.0333432093028068
ATTGGTGGTGAGGGTT-1,1.0039942462965694
ATTGGTGGTGGACGAT-1,1.0425866466946647
ATTGGTGTCAGGCGAA-1,1.0298930297448279
ATTGGTGTCCGCGGTA-1,1.0435773893862998
ATTGGTGTCTCCGGTT-1,1.0440700734819657
ATTGGTGTCTTACCTA-1,1.0451746789145462
ATTGGTGTCTTGGGTA-1,1.047319486696384
ATTTCTGAGATAGGAG-1,1.0094579259740728
ATTTCTGAGGAGTACC-1,1.008306330751693
ATTTCTGAGTAGCCGA-1,1.041872488956769
ATTTCTGCAACACCCG-1,1.035292605279907
ATTTCTGCAAGGACTG-1,1.0453590603047747
ATTTCTGCAATGGATA-1,1.0388959062998284
ATTTCTGCACAGACTT-1,0.9976814092305758
ATTTCTGCACGACTCG-1,1.0399411975592063
ATTTCTGCACGGTGTC-1,1.0124813955977434
ATTTCTGCACGTGAGA-1,1.048667565856769
ATTTCTGCACTGAAGG-1,1.041617475663067
ATTTCTGCAGGCTCAC-1,1.038262466955178
ATTTCTGGTAATAGCA-1,1.0431734571863054
ATTTCTGGTCGGCACT-1,0.9469886445986625
ATTTCTGGTTCGGGCT-1,1.0375836126019777
ATTTCTGGTTTGTGTG-1,0.9966437892036553
ATTTCTGTCAACTCTT-1,0.9932439823682766
ATTTCTGTCAATCACG-1,0.9883644270309965
ATTTCTGTCACCTCGT-1,0.9977953583361872
ATTTCTGTCCCAGGTG-1,1.010518382048508
ATTTCTGTCTGCCAGG-1,1.0314733119339146
ATTTCTGTCTGCGTAA-1,1.0489444591238184
ATTTCTGTCTTTAGGG-1,1.0214114493248596
CAACCAAAGATTACCC-1,1.0172495478381454
CAACCAAAGTATGACA-1,1.044491661986153
CAACCAACAAAGTGCG-1,1.0456127704308436
CAACCAACACAGATTC-1,1.0407980505831387
CAACCAACACCGATAT-1,1.0360593961303513
CAACCAACATGTCTCC-1,1.0390242657902733
CAACCAAGTACCAGTT-1,1.0154579405313233
CAACCAAGTAGGAGTC-1,1.04097741511214
CAACCAAGTCACACGC-1,1.0153384425087444
CAACCAAGTCGCGTGT-1,1.0311164075479369
CAACCAAGTCGCTTTC-1,1.0453567744208043
CAACCAAGTCTTTCAT-1,0.9589365672831324
CAACCAAGTGACTCAT-1,1.037577431304346
CAACCAAGTGGCAAAC-1,1.0130778190277154
CAACCAAGTTATCGGT-1,1.003539263103739
CAACCAAGTTCTGAAC-1,1.0433392364900107
CAACCAAGTTGCCTCT-1,1.0377960312086085
CAACCAAGTTTGGGCC-1,1.005034355714066
CAACCAATCAGTACGT-1,1.044410513696253
CAACCAATCATGTCCC-1,1.0447748773467143
CAACCAATCCACGCAG-1,1.0421583026211276
CAACCAATCCGTCATC-1,1.0445231237764032
CAACCAATCGAGAGCA-1,0.9696682151189627
CAACCAATCGGTCTAA-1,1.0378336110562825
CAACCAATCTGATACG-1,0.9818755003620568
CAACCTCAGAAACCTA-1,1.040579847576419
CAACCTCAGCAGATCG-1,1.042900694671269
CAACCTCAGGAGTAGA-1,1.0149812438239567
CAACCTCAGTACGTTC-1,1.0261657761668894
CAACCTCCAATAGAGT-1,1.0451731883559725
CAACCTCCACGCGAAA-1,1.0293739303332792
CAACCTCCAGCGTTCG-1,1.0470038338600556
CAACCTCCAGTCCTTC-1,0.99462105131039
CAACCTCCAGTGACAG-1,1.0350435726314702
CAACCTCCATGAGCGA-1,1.0088059457145426
CAACCTCCATTTGCTT-1,0.9929275226258506
CAACCTCGTCGGATCC-1,0.9835002500252535
CAACCTCGTCTCCATC-1,1.0322448563928037
CAACCTCGTGCTGTAT-1,1.0350063756880108
CAACCTCGTGGAAAGA-1,1.050770406402839
CAACCTCGTTGCGCAC-1,0.996688791833698
CAACCTCTCACCATAG-1,1.039723847816678
CAACCTCTCTCACATT-1,0.9145853028231331
CAACCTCTCTGCCAGG-1,1.0032347504414068
CAACCTCTCTTTACAC-1,0.8702465210335282
CAACCTCTCTTTAGGG-1,0.9808703925177884
CAACTAGAGACGCTTT-1,1.0215162153498343
CAACTAGAGACTGTAA-1,0.999098720406661
CAACTAGAGAGCTGCA-1,1.010292669363614
CAACTAGAGCGATCCC-1,1.0240724885435133
CAACTAGAGTTAGGTA-1,1.0423466844420037
CAACTAGCACGTGAGA-1,1.0436816794947312
CAACTAGCATCTATGG-1,1.0330645926885413
CAACTAGCATGCATGT-1,1.000564355648923
CAACTAGGTATTAGCC-1,0.9869936579470863
CAACTAGGTCTAACGT-1,0.9623353169801729
CAACTAGGTCTAGTCA-1,1.022352284200763
CAACTAGGTGCAACTT-1,0.9555714056198102
CAACTAGGTGCTTCTC-1,1.0120077344005807
CAACTAGGTGGGTCAA-1,1.0345149853871465
CAACTAGGTGTAACGG-1,1.0366866668095565
CAACTAGGTGTTGGGA-1,1.0311373559181152
CAACTAGGTTCACCTC-1,1.0342418037874637
CAACTAGTCACTCCTG-1,1.009786094715469
CAACTAGTCAGTTGAC-1,1.0425944239282467
CAACTAGTCGGTTAAC-1,1.0286910443557213
CAACTAGTCTACGAGT-1,1.0414439508717106
CAAGAAAAGATCTGAA-1,0.9560719288752532
CAAGAAAAGATGTGGC-1,1.030029289155699
CAAGAAAAGGAGCGTT-1,0.991189532520444
CAAGAAAAGGGTTCCC-1,0.9969041655265773
CAAGAAACACAACGTT-1,1.0420142519024242
CAAGAAACACAACTGT-1,1.024407028997231
CAAGAAACACAGGCCT-1,1.035649349889328
CAAGAAACACATGGGA-1,1.0396530422798889
CAAGAAACAGCTGTGC-1,1.0353553967059537
CAAGAAACAGGGCATA-1,1.0030259910253825
CAAGAAACATGGTCAT-1,1.0317237136942383
CAAGAAACATTAGGCT-1,1.011305522080145
CAAGAAAGTACAGCAG-1,1.0431712325537965
CAAGAAAGTGTGAAAT-1,1.0075614429768633
CAAGAAAGTTACCGAT-1,1.0020193559403736
CAAGAAAGTTTGGCGC-1,0.9860748024539006
CAAGAAATCACCGTAA-1,0.939981702341604
CAAGAAATCCCACTTG-1,1.0443194298399339
CAAGAAATCGCGCCAA-1,1.0164353881965895
CAAGAAATCGGATGGA-1,1.0221453025364997
CAAGAAATCTTTAGTC-1,1.0215218145262661
CAAGATCAGAACAATC-1,1.0462368162601288
CAAGATCAGAAGGTTT-1,1.0486569498214586
CAAGATCAGAATGTGT-1,1.0447707344234558
CAAGATCAGACTAAGT-1,1.0445878208861539
CAAGATCAGAGGACGG-1,1.0379063585432062
CAAGATCAGATGTGGC-1,1.0309281761401858
CAAGATCAGCCACGCT-1,0.9582110739095195
CAAGATCAGCGATAGC-1,1.0193988505672202
CAAGATCAGCTGAACG-1,1.0224153324576957
CAAGATCAGGAATGGA-1,1.0423884449537268
CAAGATCAGTATTGGA-1,0.999259578182757
CAAGATCAGTCATCCA-1,0.94319854026807
CAAGATCCAAAGCGGT-1,1.033604447833614
CAAGATCCAAAGTCAA-1,1.0484326246080946
CAAGATCCAATCTACG-1,1.041308386069533
CAAGATCCACTACAGT-1,0.934395738156556
CAAGATCCAGTACACT-1,0.9881428916987123
CAAGATCCATGGTCTA-1,1.0372574791275442
CAAGATCCATTGGGCC-1,1.0389667485855913
CAAGATCGTACCGTTA-1,1.0443598194947121
CAAGATCGTCTAGAGG-1,1.0437655979025426
CAAGATCGTGACAAAT-1,0.9887407495012918
CAAGATCGTTCGAATC-1,1.0354983349182025
CAAGATCGTTGGACCC-1,1.0268445467494562
CAAGATCTCACCACCT-1,1.0226503580846082
CAAGATCTCACGATGT-1,1.0038947188493705
CAAGATCTCACTTATC-1,1.0425943875618786
CAAGATCTCATGGTCA-1,0.9928796661842914
CAAGATCTCATTGCCC-1,1.0298188007026152
CAAGATCTCCAAACAC-1,1.0480648795497112
CAAGATCTCTCCCTGA-1,1.0446328617922074
CAAGGCCAGAACAATC-1,1.0361563110119156
CAAGGCCAGACGCACA-1,1.045732531511068
CAAGGCCAGCCTATGT-1,1.039788216102044
CAAGGCCAGCTCCTTC-1,0.9549042640934031
CAAGGCCAGTAGGTGC-1,0.9647210930283222
CAAGGCCCAAGTTAAG-1,1.0392472505556727
CAAGGCCCAGCTGTTA-1,1.037851063682457
CAAGGCCCATTCTTAC-1,1.0382952930628069
CAAGGCCCATTGGTAC-1,0.9659047062116133
CAAGGCCGTAAGTAGT-1,1.0406579682519452
CAAGGCCGTGATGATA-1,0.9350248636937217
CAAGGCCGTGGCCCTA-1,0.9868525354776916
CAAGGCCGTGTGCGTC-1,1.0444605885982057
CAAGGCCGTTCCGTCT-1,0.992442227650559
CAAGGCCGTTCGAATC-1,1.039880331666825
CAAGGCCGTTGTGGCC-1,1.0222542325374802
CAAGGCCTCCCAAGAT-1,1.0410407085221385
CAAGGCCTCCCATTAT-1,1.0439429508926312
CAAGGCCTCCTCCTAG-1,1.0126556965367481
CAAGGCCTCGTTACAG-1,0.749644395773754
CAAGGCCTCTCGTATT-1,1.035631735659533
CAAGTTGAGACACTAA-1,0.9914159419272656
CAAGTTGAGAGACTAT-1,0.9978138943867627
CAAGTTGAGCAGACTG-1,0.9967139242118149
CAAGTTGAGCAGGTCA-1,0.9323447551663057
CAAGTTGAGCCGTCGT-1,0.9976831164653497
CAAGTTGAGGCATGTG-1,1.0052179046210556
CAAGTTGCACGAAAGC-1,0.9841609236010981
CAAGTTGCAGGCTCAC-1,1.0450008713320482
CAAGTTGCAGTATCTG-1,1.0013866219796905
CAAGTTGGTCAGTGGA-1,1.0303755602134435
CAAGTTGGTTAAGACA-1,1.0492027075881674
CAAGTTGTCAAGAAGT-1,1.0445690172980513
CAAGTTGTCACTTCAT-1,1.041980299024035
CAAGTTGTCAGGCGAA-1,1.0502599176645226
CAAGTTGTCCACGAAT-1,0.992710407540149
CAAGTTGTCCATGAAC-1,0.9317528040360686
CAAGTTGTCGGTGTTA-1,1.0352329268836113
CAAGTTGTCGTCCGTT-1,1.0215522806918316
CAAGTTGTCTCAACTT-1,0.9942018990214329
CAAGTTGTCTTAGAGC-1,1.0452521557600964
CACAAACAGACTTGAA-1,1.0458968532771744
CACAAACAGCTCCTCT-1,1.0476144049687213
CACAAACAGGCTAGGT-1,0.9243958947301154
CACAAACAGTCGAGTG-1,1.0460851304999734
CACAAACCACAAGACG-1,1.0235966803280252
CACAAACCACGCTTTC-1,1.031380069512037
CACAAACCACTGTTAG-1,0.9777196642673401
CACAAACCAGGGTATG-1,1.0467244622625314
CACAAACCAGGTGCCT-1,1.0415344198202983
CACAAACCATATACGC-1,1.040639285123558
CACAAACGTACTTCTT-1,1.0390879931312496
CACAAACGTCCCTTGT-1,1.044508211009681
CACAAACGTCGCGGTT-1,1.0429175519319636
CACAAACGTGTGTGCC-1,0.9912981322805137
CACAAACGTTCACCTC-1,0.9606821953056875
CACAAACTCACCATAG-1,1.0447012309750077
CACAAACTCAGAGGTG-1,0.992833740936612
CACAAACTCAGGTAAA-1,1.0405017649378767
CACAAACTCCCTTGTG-1,1.0423529431708238
CACAAACTCCGCGCAA-1,0.9920579682985348
CACAAACTCGAGCCCA-1,1.0447218887940166
CACAAACTCGGCTACG-1,1.0413930807482035
CACACAAAGGGAACGG-1,1.0489807145272672
CACACAAAGTACGATA-1,0.9859978860960453
CACACAAAGTGTACCT-1,1.0196858576406949
CACACAACAAGCTGTT-1,1.0207766356578931
CACACAACACAGGAGT-1,1.0445577126213375
CACACAACACTTACGA-1,1.0442732374514359
CACACAACATCACAAC-1,0.997434488770251
CACACAACATCGTCGG-1,1.0418754916914004
CACACAAGTATAGGTA-1,1.01896458796089
CACACAAGTCAGTGGA-1,1.0455625700778042
CACACAAGTCCGTGAC-1,1.03055938667832
CACACAAGTCGAGTTT-1,1.0009807562973758
CACACAAGTCGCTTTC-1,1.048560596744774
CACACAAGTGAAGGCT-1,1.042165591667724
CACACAAGTGTGAATA-1,0.9818385999651418
CACACAAGTTAAGGGC-1,1.0064892187486658
CACACAAGTTATGTGC-1,1.0417592782803033
CACACAATCCAGTATG-1,1.0008752086232375
CACACAATCCGTAGTA-1,1.0392712646311058
CACACAATCGTCCAGG-1,1.0049177121798114
CACACCTAGAACTGTA-1,1.029218997914583
CACACCTAGATGTGGC-1,0.9858082433983879
CACACCTAGGCAAAGA-1,0.9785023188408867
CACACCTCAAGGCTCC-1,1.0014408585783523
CACACCTCACGGTGTC-1,0.9934372099775114
CACACCTCAGTCAGCC-1,1.0360410825368096
CACACCTGTAAACACA-1,1.0142152824289943
CACACCTGTAAACGCG-1,1.0429585164055282
CACACCTGTAAGAGGA-1,0.9965684308216436
CACACCTGTCTCCCTA-1,1.038225409844097
CACACCTGTCTTCGTC-1,1.038013282118117
CACACCTGTCTTGTCC-1,0.9623524714221142
CACACCTGTGCAGACA-1,1.0454895548144068
CACACCTGTTCAACCA-1,1.0343481510769608
CACACCTGTTCATGGT-1,1.0416531532528743
CACACCTTCCGCAGTG-1,1.0059014631400591
CACACCTTCCGTCAAA-1,0.9964697292897207
CACACCTTCTGCGTAA-1,1.0442179209598583
CACACCTTCTGTCTAT-1,1.0335859612795752
CACACCTTCTTCGAGA-1,1.029761413550142
CACACCTTCTTGTCAT-1,1.042922090926886
CACACTCAGCCACCTG-1,1.0482973953243353
CACACTCAGTCAATAG-1,1.0350084340586378
CACACTCAGTCTCCTC-1,0.8834116372233064
CACACTCAGTGTTTGC-1,1.0341440650260747
CACACTCCAAACTGCT-1,1.0385160704633887
CACACTCCAACGATCT-1,1.0437971086961906
CACACTCCAGGTGGAT-1,0.9754821993210259
CACACTCCAGTTCCCT-1,1.0441405721670476
CACACTCCATAGACTC-1,1.0417322839087182
CACACTCGTCCCTTGT-1,1.0373216864379915
CACACTCTCCAGGGCT-1,1.032303864644009
CACACTCTCCCACTTG-1,1.0233402193469816
CACACTCTCCTTGACC-1,1.019323972407964
CACACTCTCGAATGGG-1,1.0187530801488336
CACACTCTCGCGCCAA-1,0.9327533618615551
CACACTCTCTGCAGTA-1,0.9661881813639439
CACAGGCAGATCCGAG-1,0.9813894260089603
CACAGGCAGATCCTGT-1,1.0355461990671735
CACAGGCAGCGAGAAA-1,0.893628123178977
CACAGGCAGCGTCAAG-1,1.0408568987435733
CACAGGCAGCTGATAA-1,1.04673714960184
CACAGGCAGGGATCTG-1,1.0330351132157043
CACAGGCAGTACGCCC-1,0.9627815876743075
CACAGGCAGTACGTTC-1,0.9898510427045031
CACAGGCAGTAGATGT-1,0.9433621608910995
CACAGGCAGTCCATAC-1,0.9697431986348025
CACAGGCCAAATACAG-1,1.0262390623552713
CACAGGCCACACCGAC-1,1.0180333559035417
CACAGGCCACGGCGTT-1,0.9903262540927009
CACAGGCCACTCGACG-1,1.0057067080298923
CACAGGCCACTTGGAT-1,0.9881731696617609
CACAGGCCAGCTGTAT-1,1.0323493157663342
CACAGGCCAGGCGATA-1,1.0412495552101968
CACAGGCCAGGTTTCA-1,0.9376973789042781
CACAGGCCATCATCCC-1,0.9613280121316806
CACAGGCGTCGAACAG-1,1.0371946276609056
CACAGGCGTCTCTTAT-1,1.0434933144306853
CACAGGCTCCCATTAT-1,1.023623374944607
CACAGGCTCTTCAACT-1,1.0021683663515628
CACAGTAAGAAAGTGG-1,1.045321349845172
CACAGTAAGAGTTGGC-1,0.9903744480045428
CACAGTAAGCGACGTA-1,1.033454325821135
CACAGTACACAACGTT-1,1.0051641643183618
CACAGTACACAGTCGC-1,1.04239161760541
CACAGTACACGTCTCT-1,0.991201764586131
CACAGTACAGCCTGTG-1,0.958637302606229
CACAGTACAGCTGCTG-1,1.0117316360083715
CACAGTACATGGGAAC-1,0.9302574270219601
CACAGTAGTAAAGGAG-1,0.9917676509020384
CACAGTAGTAAGCACG-1,1.034884163980445
CACAGTAGTAGCGTCC-1,1.042107512367849
CACAGTAGTAGGACAC-1,1.0232104491934408
CACAGTAGTGCACCAC-1,1.000808755360028
CACAGTAGTGGTGTAG-1,1.0320586302421242
CACAGTATCACGCGGT-1,1.0457548439675892
CACAGTATCTGTCTAT-1,1.017677209268554
CACAGTATCTTGTATC-1,1.0357001619960373
CACAGTATCTTTAGTC-1,0.9899615302196206
CACATAGAGATCTGAA-1,1.0343640476052063
CACATAGAGCTGCAAG-1,1.0425060550686902
CACATAGAGGATTCGG-1,0.9974122522855425
CACATAGAGGTGCACA-1,0.9922244712984577
CACATAGCAAACAACA-1,1.0243389011832653
CACATAGCACATGACT-1,1.034371782101245
CACATAGCACCCATGG-1,1.0453037813220494
CACATAGCACGGCGTT-1,1.0456583944688376
CACATAGCAGGACCCT-1,0.9936853549201179
CACATAGCATGGTAGG-1,1.043924049372739
CACATAGGTACCAGTT-1,1.0417808086152893
CACATAGGTCACCCAG-1,1.0437828053713873
CACATAGGTGCACTTA-1,1.016344781595087
CACATAGGTGCAGTAG-1,1.0427279347652663
CACATAGTCACATACG-1,0.9439066899975616
CACATAGTCACGGTTA-1,1.0455245197839196
CACATAGTCACTCTTA-1,1.0429648734658854
CACATAGTCACTTCAT-1,0.9918745829140937
CACATAGTCAGCTTAG-1,1.03475671049308
CACATAGTCCCATTAT-1,0.9358401772747502
CACATAGTCGCAGGCT-1,1.0401473124251357
CACATAGTCGGAAACG-1,1.0427141424368471
CACATAGTCTTACCGC-1,0.9645457509932156
CACATAGTCTTGCCGT-1,1.0341939121042523
CACATTTAGACTGTAA-1,1.0407660616299486
CACATTTAGGTAAACT-1,1.0489445428121993
CACATTTAGTGGTAAT-1,0.9958505093628357
CACATTTCAAACCTAC-1,1.041541614487635
CACATTTCAAACTGCT-1,1.029788280169438
CACATTTCAAGCGAGT-1,1.002726770443747
CACATTTCACACAGAG-1,1.0438048882557027
CACATTTCACTTCGAA-1,0.9776900182619319
CACATTTCAGACGCTC-1,1.0435022192611034
CACATTTCAGGAATGC-1,1.0426927729810547
CACATTTCATCACGTA-1,1.0272993511957942
CACATTTGTAACGACG-1,1.0438669678568486
CACATTTGTAGCTAAA-1,1.0048231462906008
CACATTTGTGTTGGGA-1,1.031194133561227
CACATTTGTTAAAGAC-1,1.0445636040917214
CACATTTTCCGCATAA-1,1.009176836694966
CACATTTTCGCAAACT-1,0.9341192228931081
CACATTTTCGCTTAGA-1,1.0383965723951263
CACATTTTCTAACTTC-1,1.047731904575392
CACCACTAGCTCTCGG-1,1.0420345084868683
CACCACTAGGTGCACA-1,1.0435217595741106
CACCACTAGTCAATAG-1,1.0298422279883477
CACCACTAGTCCGTAT-1,1.022172138509949
CACCACTAGTGGAGTC-1,1.0258963468439837
CACCACTAGTGGCACA-1,1.0369992772066454
CACCACTCACAGTCGC-1,1.0253476419327043
CACCACTCAGAGCCAA-1,1.0066659444773394
CACCACTCAGCTCCGA-1,1.0171921718213746
CACCACTCATACTCTT-1,1.044674939141848
CACCACTCATCACGAT-1,1.0197017475113972
CACCACTCATGAAGTA-1,1.0323981951486243
CACCACTGTAGAGTGC-1,1.0453757977389115
CACCACTGTCATGCCG-1,1.0181578056960037
CACCACTGTCTAGTGT-1,0.9845240343673902
CACCACTGTGGAAAGA-1,1.0393798244933867
CACCACTGTGGCAAAC-1,0.921734203403683
CACCACTGTGTGAATA-1,1.0337394184401014
CACCACTGTGTTTGTG-1,0.9919494606576161
CACCACTTCAAAGACA-1,0.9990684103350986
CACCACTTCCCGGATG-1,0.9933858735649456
CACCACTTCCGCAAGC-1,1.0366814986971449
CACCACTTCTAACTGG-1,1.047100104002306
CACCAGGAGGAGCGTT-1,1.040105375216393
CACCAGGAGGAGTTTA-1,1.0354311222145942
CACCAGGAGGCAGTCA-1,0.8890357295340429
CACCAGGAGTCGCCGT-1,1.041675614115264
CACCAGGCAGATCTGT-1,1.0303512164918236
CACCAGGCATCTATGG-1,0.9994151314537502
CACCAGGCATCTCCCA-1,1.0193734476615754
CACCAGGCATTGGCGC-1,1.0236380691964355
CACCAGGGTAAGTGGC-1,1.043250037533898
CACCAGGGTAGCGCAA-1,1.0446185972595077
CACCAGGGTGGTCCGT-1,1.0459963245463226
CACCAGGTCAGCTCTC-1,1.0409878783357243
CACCAGGTCATGCTCC-1,0.9627098171111257
CACCAGGTCCGCTGTT-1,0.9907640876910533
CACCAGGTCGGAAACG-1,1.0389444846536235
CACCAGGTCGGAGGTA-1,1.0397430457018944
CACCAGGTCTGCAGTA-1,1.0471399245274922
CACCAGGTCTTTAGGG-1,1.0084407376944584
CACCTTGAGAGCCCAA-1,0.9962069512590371
CACCTTGAGAGGTTAT-1,1.034257897729865
CACCTTGAGAGTACAT-1,1.0288959809328477
CACCTTGAGGACTGGT-1,1.0294181410837602
CACCTTGAGGTTACCT-1,1.0451676956602878
CACCTTGAGTACGTTC-1,1.002857751232834
CACCTTGAGTGTTAGA-1,1.0452922795023394
CACCTTGCAAACCCAT-1,1.035424642432844
CACCTTGCAGTCGATT-1,0.9457496984668926
CACCTTGCATATGGTC-1,1.0458038635108433
CACCTTGCATGTCTCC-1,1.0234453507706993
CACCTTGGTCGGCTCA-1,1.0413794320377177
CACCTTGGTCTAGCGC-1,1.0422954618284144
CACCTTGGTGACCAAG-1,1.0435260347629312
CACCTTGGTTACCAGT-1,1.044180437966496
CACCTTGTCAACACTG-1,1.0428446434618555
CACCTTGTCCTAAGTG-1,1.036787136251387
CACCTTGTCTCCCTGA-1,0.9465700034174934
CACCTTGTCTGCCAGG-1,1.041861875479853
CACTCCAAGATGTGGC-1,1.0474374247589713
CACTCCAAGCCACCTG-1,1.045481703152748
CACTCCAAGGGCTTGA-1,1.046211533528595
CACTCCAAGGTTCCTA-1,0.9963720301039308
CACTCCAAGTCCGTAT-1,1.0361699600515997
CACTCCACAAAGGTGC-1,1.0448843023030165
CACTCCACAAGGTGTG-1,0.9872460017642848
CACTCCACAAGTTCTG-1,1.0468544701650824
CACTCCACACACCGAC-1,1.0422270991505902
CACTCCACACAGCGTC-1,0.976457280306189
CACTCCACAGCGTCCA-1,0.9903891439662128
CACTCCACAGCTCGAC-1,1.0375428510569755
CACTCCAGTACATCCA-1,1.0438769561328267
CACTCCAGTAGCGTAG-1,1.0430103970840696
CACTCCAGTCATCGGC-1,1.0269331987231496
CACTCCAGTCCATGAT-1,1.035448523552065
CACTCCAGTGTTCTTT-1,1.038956042887961
CACTCCAGTTGCGCAC-1,1.0442576583752456
CACTCCATCCACGACG-1,1.0264514599761736
CACTCCATCTTATCTG-1,1.0122953311035066
CAGAATCAGAGGGATA-1,1.0336156943215582
CAGAATCAGAGGTACC-1,0.9807123493428036
CAGAATCAGAGGTTGC-1,1.0235873216600033
CAGAATCAGATGGGTC-1,1.0481419339952935
CAGAATCAGCGAAGGG-1,0.9995155570548471
CAGAATCAGCGCCTTG-1,1.0104829336102632
CAGAATCAGCGCTCCA-1,1.0490438753389593
CAGAATCAGTAAGTAC-1,1.0450993451576214
CAGAATCCAAGGTGTG-1,1.018749204376765
CAGAATCCACACCGCA-1,1.0191220887853236
CAGAATCCACAGAGGT-1,1.0488783292061425
CAGAATCCACATGACT-1,1.040274011769175
CAGAATCCACGACTCG-1,1.0153799464285076
CAGAATCCACTTACGA-1,0.9768336133834961
CAGAATCCATTACCTT-1,0.8954316952698931
CAGAATCGTACCGGCT-1,1.0218800208749532
CAGAATCGTATGCTTG-1,1.0454087229177915
CAGAATCGTGAAGGCT-1,1.0085740047821599
CAGAATCGTGGTCCGT-1,1.0298773616287904
CAGAATCTCAGTTCGA-1,0.9993373413824908
CAGAATCTCATTGCCC-1,0.9918563997941885
CAGAATCTCGCCTGTT-1,1.033361369582646
CAGAATCTCGGAGGTA-1,1.0349541049574467
CAGAATCTCGTAGGAG-1,1.0348722403935942
CAGAATCTCTCCGGTT-1,1.0398545875907699
CAGAATCTCTCTTATG-1,1.0421065105115037
CAGAATCTCTTCCTTC-1,0.968869610539861
CAGAGAGAGATAGTCA-1,1.0337084343638336
CAGAGAGAGATCCGAG-1,1.0090880734459462
CAGAGAGAGATGTGGC-1,1.0165186783399929
CAGAGAGAGCCAGGAT-1,1.0413230932263726
CAGAGAGAGCTAAGAT-1,1.0118078399592734
CAGAGAGAGTGTTTGC-1,1.0276069861614585
CAGAGAGCAAACAACA-1,1.0294473653803844
CAGAGAGCAAACTGTC-1,1.0101158482143584
CAGAGAGCAAAGCAAT-1,1.0415630395063873
CAGAGAGCAAGACGTG-1,1.042479169198913
CAGAGAGCAAGCGCTC-1,1.0042788626750885
CAGAGAGCAATCCAAC-1,1.0408274864194902
CAGAGAGCAGCCTTTC-1,1.0454219071690212
CAGAGAGCAGGTCTCG-1,0.9860818896234025
CAGAGAGGTCCGCTGA-1,1.0382785707081241
CAGAGAGGTGCACCAC-1,1.0352340412493033
CAGAGAGGTGCAGGTA-1,1.0042706196778368
CAGAGAGTCAACACTG-1,1.04277094752814
CAGAGAGTCAACGGCC-1,1.035403667524419
CAGAGAGTCACCCTCA-1,1.0330950462535278
CAGAGAGTCATAGCAC-1,1.0463990760097521
CAGAGAGTCCAAATGC-1,1.0106962015313221
CAGAGAGTCCACGTGG-1,1.0324272426123513
CAGAGAGTCCAGGGCT-1,0.9936455611958218
CAGAGAGTCCTGTAGA-1,1.0418181650861076
CAGAGAGTCTGGGCCA-1,0.9734775960090942
CAGATCAAGACAGAGA-1,1.032127256269633
CAGATCAAGACCCACC-1,1.0299461531979757
CAGATCAAGATATGCA-1,1.023894553149736
CAGATCAAGATGCCTT-1,1.035813720823033
CAGATCAAGCTGTTCA-1,1.0441675154953647
CAGATCAAGGTGTGGT-1,0.8920658813948952
CAGATCAAGTGAAGAG-1,1.0432463449441391
CAGATCACAACACCTA-1,0.9846465570694125
CAGATCACAGGGTTAG-1,1.0418429691292026
CAGATCACAGTTTACG-1,1.0490817848783693
CAGATCACATATGAGA-1,0.9287988305989374
CAGATCACATCTCCCA-1,0.9099886187116073
CAGATCAGTACTCGCG-1,0.9890025069814915
CAGATCAGTACTTCTT-1,0.9878578356197991
CAGATCAGTCATGCAT-1,1.0426794073498655
CAGATCAGTGAGGGTT-1,1.037379471884087
CAGATCAGTTCCTCCA-1,0.9416355481547976
CAGATCAGTTCTGAAC-1,1.0392313675897216
CAGATCAGTTTGTGTG-1,0.9935032951643252
CAGATCATCAACACTG-1,1.0413069365635899
CAGATCATCACAACGT-1,0.9721881531723399
CAGATCATCCGCAGTG-1,1.0284691390766498
CAGATCATCGCTGATA-1,0.9905682919290711
CAGATCATCGGTGTCG-1,1.0290858136108045
CAGATCATCTCTTGAT-1,1.036314852183831
CAGATCATCTGCCAGG-1,1.0467095647139975
CAGCAGCAGAATGTGT-1,0.9671655642131668
CAGCAGCAGACCCACC-1,0.989210896865698
CAGCAGCAGAGGTTGC-1,1.00088020439634
CAGCAGCAGGGCACTA-1,0.9985679259846615
CAGCAGCAGGGCTCTC-1,1.0457698865526674
CAGCAGCAGTATGACA-1,0.9796663188586864
CAGCAGCAGTGTCCCG-1,1.0346133758585747
CAGCAGCCACCTATCC-1,1.000662092638731
CAGCAGCCACTAGTAC-1,1.037419013024757
CAGCAGCCAGCTCCGA-1,1.0519688018471354
CAGCAGCCAGGGTTAG-1,1.037623624087577
CAGCAGCCATGACGGA-1,1.044502595990905
CAGCAGCGTAGGACAC-1,0.9773305504629091
CAGCAGCGTCAACTGT-1,0.9914898463635632
CAGCAGCGTCCGAATT-1,1.0191662276762288
CAGCAGCGTCGCTTTC-1,1.0467272970038344
CAGCAGCGTGAGTGAC-1,0.9954606388042496
CAGCAGCGTGGCCCTA-1,1.0438149833119768
CAGCAGCTCACAAACC-1,1.0462000390744757
CAGCAGCTCACATGCA-1,1.045112241150793
CAGCAGCTCATGTGGT-1,1.0401993558433207
CAGCAGCTCCATGAGT-1,1.0340748283858392
CAGCAGCTCCCTCAGT-1,1.0163419916601235
CAGCAGCTCTTGACGA-1,1.046596642378071
CAGCATAAGAGCTGGT-1,1.036200840493422
CAGCATAAGCGATAGC-1,1.0235028064910536
CAGCATAAGTACACCT-1,0.9627192892787401
CAGCATAAGTTGTAGA-1,0.933490089825556
CAGCATACAATCTGCA-1,1.0208188079712002
CAGCATAGTAAATACG-1,0.9797000492996182
CAGCATAGTCGAGATG-1,0.9705751544153816
CAGCATAGTCGCTTCT-1,1.0035613439366147
CAGCATAGTCTTCTCG-1,1.019284782012448
CAGCATAGTGAACCTT-1,1.0444065761289911
CAGCATAGTGTATGGG-1,1.0230290036516796
CAGCATATCAGTTGAC-1,1.0490298843453671
CAGCATATCCGGGTGT-1,0.995771271926548
CAGCATATCCGTACAA-1,1.0224659954244524
CAGCATATCTTGTCAT-1,1.0225676424259047
CAGCCGAAGATCCGAG-1,1.0394071611960152
CAGCCGAAGATGCCTT-1,0.9635512076261816
CAGCCGAAGCAGCCTC-1,0.9940662130132457
CAGCCGAAGGCGTACA-1,1.0077101269743214
CAGCCGAAGGTGCACA-1,1.039429370529682
CAGCCGACAAGCCTAT-1,1.0057838363140148
CAGCCGACACAGATTC-1,1.0030102429574517
CAGCCGACACAGTCGC-1,0.9372640715720816
CAGCCGACACATAACC-1,1.0414595028471707
CAGCCGACAGATGAGC-1,0.9675557485768597
CAGCCGACAGTCAGCC-1,1.0438087665884002
CAGCCGAGTACTCTCC-1,0.9963745508302331
CAGCCGAGTAGAGGAA-1,1.0413802085834654
CAGCCGAGTGCATCTA-1,0.9855504060903563
CAGCCGATCAACACGT-1,1.0191482989334644
CAGCCGATCAGCGACC-1,1.043846733995049
CAGCCGATCCATGAGT-1,1.0181026255789105
CAGCCGATCCCAGGTG-1,1.0395433517223203
CAGCCGATCGACAGCC-1,0.9588105618957515
CAGCCGATCGCAGGCT-1,1.0015528163134122
CAGCCGATCGGATGGA-1,0.9458358446371167
CAGCCGATCTCACATT-1,1.0455681705255733
CAGCCGATCTCTTGAT-1,1.0378671789376277
CAGCGACAGAAGAAGC-1,0.9602763752337531
CAGCGACAGACTAAGT-1,1.0292871217460482
CAGCGACAGCTAACTC-1,0.957555908567246
CAGCGACAGTCCGTAT-1,1.0424288668591977
CAGCGACAGTGCCATT-1,1.0355306016859729
CAGCGACAGTGGGCTA-1,1.0446840094928556
CAGCGACCAAGTAATG-1,1.0002511997270207
CAGCGACCAATCTGCA-1,1.0250404411343403
CAGCGACCACGGTGTC-1,1.0456864829025383
CAGCGACCAGCTTAAC-1,0.9678304871285166
CAGCGACCATCATCCC-1,0.9622820466363128
CAGCGACCATGAAGTA-1,1.0343897289193642
CAGCGACGTAAATGTG-1,0.9959133326320123
CAGCGACGTCCTGCTT-1,0.9727024859576258
CAGCGACGTCGCGGTT-1,1.037184177066677
CAGCGACGTCTCGTTC-1,1.0382079316171384
CAGCGACGTTCCATGA-1,1.0438572184571433
CAGCGACGTTGATTCG-1,1.04115849110359
CAGCGACGTTTGACTG-1,1.0372462205904975
CAGCGACTCCAAGTAC-1,0.9970073123455938
CAGCGACTCCACGCAG-1,1.0194331194107518
CAGCGACTCGCACTCT-1,0.952545862168166
CAGCGACTCTAGCACA-1,1.0403418307146333
CAGCGACTCTTTAGTC-1,0.9762285452400254
CAGCTAAAGAGGTACC-1,0.9633446457327185
CAGCTAAAGATCTGAA-1,1.0408233318751245
CAGCTAAAGGCTACGA-1,1.0020782807965378
CAGCTAACACATCCGG-1,0.9816571901552332
CAGCTAACACCGCTAG-1,1.0421509887438745
CAGCTAACACCTCGTT-1,0.9887761334930605
CAGCTAACACGGATAG-1,0.9151333694592856
CAGCTAACACTATCTT-1,1.0456449149890603
CAGCTAACAGCATGAG-1,0.9310562923242628
CAGCTAACATAACCTG-1,0.9806413501668207
CAGCTAACATTACGAC-1,1.044453057294845
CAGCTAAGTCACCCAG-1,1.0456916122631048
CAGCTAAGTCGCTTTC-1,1.019895579270983
CAGCTAAGTCTAGTCA-1,1.0113990973140068
CAGCTAAGTGGCCCTA-1,1.0419763000210687
CAGCTAAGTTCCGTCT-1,1.041186434572178
CAGCTAATCCAACCAA-1,0.9346328832552637
CAGCTAATCGTCCGTT-1,1.0372652352039116
CAGCTAATCTCTTGAT-1,0.9947953731673911
CAGCTGGAGACTAGAT-1,1.023575922421345
CAGCTGGAGACTGGGT-1,1.0351685591369197
CAGCTGGAGCGATTCT-1,1.0386956064063346
CAGCTGGAGCGTGTCC-1,0.9899341127677034
CAGCTGGAGCTAGTTC-1,1.040305078543569
CAGCTGGAGGAGTTGC-1,0.9687992100259469
CAGCTGGAGGGATGGG-1,1.0163156025738938
CAGCTGGAGGGCACTA-1,1.037887655236931
CAGCTGGAGTGAACAT-1,1.0475212105164784
CAGCTGGCAAATCCGT-1,1.0219340875584193
CAGCTGGCACCAGGCT-1,1.0442904818286054
CAGCTGGCACCGTTGG-1,1.0412349650622004
CAGCTGGCAGTCGATT-1,1.045752689224869
CAGCTGGCATGTTCCC-1,0.9808624932259603
CAGCTGGGTGACTACT-1,1.0470293893589164
CAGCTGGGTGCGGTAA-1,1.0246575797050488
CAGCTGGGTTATCCGA-1,1.0362309788774158
CAGCTGGGTTCAGCGC-1,0.9727563973869949
CAGCTGGTCACGCGGT-1,1.0105493447335887
CAGCTGGTCAGGCGAA-1,1.0469110780691209
CAGCTGGTCATAACCG-1,0.9951265197990814
CAGCTGGTCCGCAGTG-1,1.0439949743601167
CAGCTGGTCTAACTGG-1,1.048068986582747
CAGCTGGTCTTAACCT-1,0.9848704230215826
CAGGTGCAGATGTGGC-1,0.9820346045028108
CAGGTGCAGCGCCTTG-1,1.026193770340398
CAGGTGCAGCTATGCT-1,0.9946303427814783
CAGGTGCAGGCAGTCA-1,0.9794047320061243
CAGGTGCAGGTGCAAC-1,0.976772798459009
CAGGTGCAGTCCTCCT-1,1.0322950450737547
CAGGTGCAGTTAACGA-1,0.9384160815780243
CAGGTGCCAGACACTT-1,0.9556026090527149
CAGGTGCCAGTTTACG-1,0.9879151289026709
CAGGTGCGTAAAGGAG-1,1.0065136779205877
CAGGTGCGTCACCCAG-1,1.0382996997834075
CAGGTGCGTGCAGGTA-1,1.02367200809184
CAGGTGCGTGTGGCTC-1,0.984702485981242
CAGGTGCTCAGTTTGG-1,1.0402951195752796
CAGGTGCTCTCCAGGG-1,1.0259291136389928
CAGGTGCTCTTTAGGG-1,1.0278762976957907
CAGTAACAGACAGACC-1,0.9985807458988422
CAGTAACAGACGCACA-1,1.037638742812277
CAGTAACAGAGATGAG-1,0.8888366498502439
CAGTAACAGCGTCTAT-1,1.0398668100669461
CAGTAACAGTAGCGGT-1,1.039082225892747
CAGTAACAGTCAAGGC-1,0.953994023251671
CAGTAACAGTCGTTTG-1,1.0332134235357069
CAGTAACCAACGATCT-1,0.9995972035501351
CAGTAACCAAGTTAAG-1,1.0469088566591584
CAGTAACCAATAGAGT-1,0.9475994261526969
CAGTAACCAATTCCTT-1,0.960603505823122
CAGTAACCACTAAGTC-1,0.9766179809334671
CAGTAACCAGAAGCAC-1,1.0036073520698219
CAGTAACCAGCATACT-1,1.041627000970176
CAGTAACCATCCAACA-1,1.0384573787319484
CAGTAACGTACTTAGC-1,1.000302953921994
CAGTAACGTCGTCTTC-1,1.0381179645038574
CAGTAACGTTCGCGAC-1,1.0479682341763077
CAGTAACTCAGTTGAC-1,1.038407343316667
CAGTAACTCATCGCTC-1,1.0474844563617802
CAGTAACTCATGCATG-1,1.0471108920863548
CAGTAACTCATGGTCA-1,1.0270012928694245
CAGTAACTCCGTTGTC-1,0.9700232420618952
CAGTAACTCTGCTGTC-1,1.050593938672247
CAGTAACTCTGGCGAC-1,0.9949765367086121
CAGTAACTCTGTCTCG-1,0.9973450226938524
CAGTAACTCTTGTCAT-1,1.0437506880894358
CAGTAACTCTTTAGGG-1,0.9718472188333005
CAGTCCTAGAAACGCC-1,1.0441999751524604
CAGTCCTAGATCACGG-1,1.0424941146479125
CAGTCCTAGCCACGCT-1,1.0479320699627843
CAGTCCTAGCCCAGCT-1,1.0351808374115283
CAGTCCTAGGCGCTCT-1,1.0369457149730863
CAGTCCTCAACTTGAC-1,1.0363256919749928
CAGTCCTCAATCTGCA-1,1.0250910597975356
CAGTCCTCACAGGAGT-1,1.0009337256265023
CAGTCCTCACCAGGCT-1,1.0447609226345904
CAGTCCTCAGATGAGC-1,0.9481732204943203
CAGTCCTCAGTGAGTG-1,0.9917631339618259
CAGTCCTCATAAAGGT-1,0.9609007157455234
CAGTCCTCATCGATTG-1,1.0302476348988219
CAGTCCTGTAGCCTAT-1,1.0497175996887196
CAGTCCTGTCCCGACA-1,1.0446035947781298
CAGTCCTGTGCTTCTC-1,1.0300067414440364
CAGTCCTGTGTTTGTG-1,1.0372527458447385
CAGTCCTGTTGTACAC-1,1.0227085534090725
CAGTCCTTCAAGCCTA-1,1.0121579273374746
CAGTCCTTCAGATAAG-1,0.9642755681463047
CAGTCCTTCAGCCTAA-1,0.9709189257883254
CAGTCCTTCGAGAGCA-1,1.027195847595494
CAGTCCTTCGAGCCCA-1,1.0235752181839344
CAGTCCTTCGCCGTGA-1,1.012162484146836
CAGTCCTTCGTCTGCT-1,0.9362887135777621
CAGTCCTTCTGCGGCA-1,1.0455596538630993
CATATGGAGAACTCGG-1,1.0345932876774881
CATATGGAGAGCTATA-1,1.0414751430710525
CATATGGAGATGTAAC-1,1.0241548904163973
CATATGGAGCCTCGTG-1,1.01857236396437
CATATGGAGGCAGTCA-1,1.0345656101599248
CATATGGAGTGAACAT-1,1.029064034058328
CATATGGAGTGAATTG-1,1.0179999656872285
CATATGGAGTGACATA-1,1.0389863032695636
CATATGGAGTTCCACA-1,1.0141947935680011
CATATGGAGTTGAGAT-1,0.9984445819529352
CATATGGCACATCCAA-1,1.044584958204636
CATATGGCACCCAGTG-1,1.0441882608860398
CATATGGCAGTTAACC-1,1.038727847197328
CATATGGGTACCGCTG-1,1.0352638881264422
CATATGGGTGACCAAG-1,1.0112218211447086
CATATGGGTGCTGTAT-1,1.0453043011254484
CATATGGGTGTGCGTC-1,1.0366881256314049
CATATGGGTTCAACCA-1,0.9814389906253028
CATATGGTCTGGTTCC-1,1.0157011119450876
CATATGGTCTGTCAAG-1,0.9768799909376465
CATATGGTCTGTCCGT-1,1.047817084422745
CATATTCAGAGCAATT-1,1.0403619261080306
CATATTCAGCTCAACT-1,0.9845405648752408
CATATTCAGCTCCCAG-1,0.9539337793078195
CATATTCAGCTTATCG-1,0.9544041762227572
CATATTCAGGCAATTA-1,0.994106312236038
CATATTCAGTACGACG-1,1.0422400483204968
CATATTCAGTCAATAG-1,1.0377085250508342
CATATTCAGTCGTTTG-1,1.0460378064461127
CATATTCCAGCTGCTG-1,1.037931388843463
CATATTCCATGCATGT-1,1.0442543647042237
CATATTCCATGCGCAC-1,1.03836681935077
CATATTCGTACCGTAT-1,1.0182971301317507
CATATTCGTATCACCA-1,1.046767852674387
CATATTCGTATGAAAC-1,1.0389471054831072
CATATTCGTTGTCTTT-1,0.9992520975150188
CATATTCTCAGCTTAG-1,1.0214841642838142
CATATTCTCGCCTGTT-1,1.0451200217785723
CATATTCTCGGAAATA-1,1.045344761121608
CATATTCTCTAACTCT-1,1.044494444028689
CATATTCTCTAAGCCA-1,1.0460794081976121
CATCAAGAGTTAACGA-1,1.043936138031474
CATCAAGAGTTATCGC-1,1.00858766740334
CATCAAGCACCCATTC-1,1.011802386597812
CATCAAGCAGCTGCAC-1,1.0227711696087882
CATCAAGCAGCTTCGG-1,0.9952205320231677
CATCAAGCATCTACGA-1,0.9935391048668195
CATCAAGCATCTCCCA-1,0.9823519781582557
CATCAAGCATGGGACA-1,0.983372070779432
CATCAAGGTAAATGAC-1,0.9915393905896336
CATCAAGGTCACCTAA-1,1.0342868388540318
CATCAAGGTCATCGGC-1,1.0375211723130513
CATCAAGGTGCACCAC-1,0.9769442235588148
CATCAAGGTGGCCCTA-1,1.0421483571195778
CATCAAGGTGTGGTTT-1,1.0056977487534275
CATCAAGGTTCCAACA-1,0.9513178216786242
CATCAAGGTTTGTTTC-1,1.0358745810260777
CATCAAGTCCACGTGG-1,0.9958069883716884
CATCAAGTCTGCTGTC-1,1.027462585953917
CATCAGAAGAGGGCTT-1,0.9975272153369954
CATCAGAAGCAACGGT-1,1.0003657250988096
CATCAGAAGGCCCTCA-1,0.9989494357829283
CATCAGAAGGTGATTA-1,1.0079301227770376
CATCAGAAGTGACTCT-1,1.0400703672099265
CATCAGACAAGTTGTC-1,1.0339811316025658
CATCAGACAATGGAAT-1,1.019658111473996
CATCAGACACGTCAGC-1,0.9795766332978325
CATCAGACACTGTTAG-1,1.049699115184607
CATCAGACATGCCACG-1,0.9639158966971655
CATCAGAGTAATCACC-1,1.041623699067617
CATCAGAGTCCAGTAT-1,0.9905451522275176
CATCAGAGTCGCTTTC-1,1.0465424857737256
CATCAGAGTTGTGGAG-1,1.0428279312364899
CATCAGATCAGAGCTT-1,1.0306405925066724
CATCAGATCCAGGGCT-1,1.0451445574553508
CATCAGATCGCCATAA-1,1.0424210795395819
CATCCACAGAAGGACA-1,0.996717969566789
CATCCACAGAGTACAT-1,0.9605727981397223
CATCCACAGATGTAAC-1,0.9746118073731459
CATCCACAGGGCACTA-1,1.0322294270103458
CATCCACAGGGCTTGA-1,1.0442016871210105
CATCCACCAAGTTGTC-1,1.0369275656913681
CATCCACCAATGAAAC-1,1.0480373927607092
CATCCACCACGACGAA-1,1.038044055511512
CATCCACCATTAGCCA-1,0.9643203755510349
CATCCACGTCGAGTTT-1,1.0024764011736507
CATCCACGTCGTGGCT-1,1.0093818606905427
CATCCACGTCTAGGTT-1,1.047772660912532
CATCCACTCACTTCAT-1,1.0414562308198585
CATCCACTCCACTGGG-1,0.8778790472981515
CATCCACTCCTTTACA-1,0.9755299697275333
CATCCACTCGAATGGG-1,1.0436770701532188
CATCCACTCTCGAGTA-1,1.0403279880855705
CATCGAAAGAGTGAGA-1,1.0446747731043742
CATCGAAAGCGTGAGT-1,0.9830645400638013
CATCGAAAGCTAAACA-1,1.0383869966069315
CATCGAAAGGACCACA-1,0.9925770721026991
CATCGAAAGGTGATTA-1,1.0385344801502552
CATCGAAAGTCCATAC-1,1.0154514851267886
CATCGAAAGTCGTTTG-1,1.0426562390456082
CATCGAAAGTGGTAGC-1,1.0383091008235166
CATCGAAAGTTGAGTA-1,1.0056254769208537
CATCGAACACATTCGA-1,1.0141183770978128
CATCGAACACGTGAGA-1,0.9247657559656741
CATCGAACAGTGGGAT-1,1.0015879983751168
CATCGAACATCGGACC-1,1.0417696698574128
CATCGAAGTAGAAGGA-1,0.999719470608153
CATCGAAGTAGAGCTG-1,1.0502835405074233
CATCGAAGTCTGCCAG-1,1.045687641523285
CATCGAAGTGCTTCTC-1,1.034022385496124
CATCGAAGTTCACCTC-1,1.024910096905487
CATCGAAGTTCCGGCA-1,0.9824044438049533
CATCGAATCACGCATA-1,1.0069814342993502
CATCGAATCATATCGG-1,1.0382771103570492
CATCGAATCCCAAGTA-1,1.0317261030197502
CATCGAATCCCATTTA-1,1.0166070862891996
CATCGAATCCTATGTT-1,1.0479406608934416
CATCGAATCGACGGAA-1,1.0298568183475822
CATCGAATCGCAAACT-1,1.027412350921939
CATCGAATCGTGGGAA-1,1.0415789719197652
CATCGGGAGCACGCCT-1,1.0128465976807721
CATCGGGAGCAGACTG-1,1.0444805236874815
CATCGGGAGCCAGTTT-1,0.9888739048480819
CATCGGGAGTAACCCT-1,0.9924773244454953
CATCGGGAGTACTTGC-1,1.0461167116985757
CATCGGGAGTCGAGTG-1,1.049957927514993
CATCGGGCAAAGTGCG-1,0.9828735280119504
CATCGGGCACAAGCCC-1,1.0195950130192881
CATCGGGCAGCTCGCA-1,0.9918541478331855
CATCGGGCAGTTCATG-1,1.0038262938657736
CATCGGGCATTCTCAT-1,1.040429773159067
CATCGGGGTACCGCTG-1,1.0203879087638368
CATCGGGGTCAGATAA-1,0.9970126106327696
CATCGGGGTGTAATGA-1,1.0406894477065762
CATCGGGGTTCTCATT-1,1.0442181577347553
CATCGGGGTTTGTTGG-1,1.0449287106039753
CATCGGGTCGCCAAAT-1,0.9056199920380109
CATCGGGTCTAACTGG-1,1.0572887469174481
CATCGGGTCTCAAGTG-1,0.9889587902207098
CATCGGGTCTGCTGTC-1,1.0419207334562877
CATGACAAGACGACGT-1,1.0071032883457258
CATGACAAGAGGTACC-1,1.033946911726795
CATGACAAGAGTCGGT-1,1.0468306703763077
CATGACAAGGGATCTG-1,1.0100101020365588
CATGACAAGGGATGGG-1,1.0003183638082476
CATGACAAGTCCTCCT-1,0.9095555419280787
CATGACAAGTTACGGG-1,1.0400443032188063
CATGACACAACACGCC-1,1.0456513227326814
CATGACACAGCTCGCA-1,1.0442703376177387
CATGACACAGCTGTTA-1,0.977711933822632
CATGACACAGGTCTCG-1,0.9865287860993389
CATGACACATTAGCCA-1,1.0484044611044379
CATGACAGTATGAATG-1,0.9619300483904589
CATGACAGTGCTGTAT-1,0.9748788116079862
CATGACAGTGCTTCTC-1,0.9867456496768606
CATGACAGTGGTAACG-1,0.8876475727781252
CATGACATCCCAAGTA-1,1.0432392908750598
CATGACATCCGGGTGT-1,1.0231472536491768
CATGACATCCTAGTGA-1,0.9417298236093595
CATGACATCGTCACGG-1,0.9586472234731854
CATGACATCGTTACAG-1,1.040195029703375
CATGACATCTAACGGT-1,1.039565605949965
CATGACATCTGCAGTA-1,1.018382807888829
CATGCCTAGCGATAGC-1,1.0471075994890744
CATGCCTAGCGATGAC-1,1.0297131994043063
CATGCCTAGGCCATAG-1,1.0028929961794077
CATGCCTAGGCCCTCA-1,1.0261926838140973
CATGCCTAGTCTCAAC-1,1.0486252327710424
CATGCCTAGTTGAGTA-1,1.0494776928253056
CATGCCTCAAAGAATC-1,0.9959120283563875
CATGCCTCAATGGAGC-1,1.0021816574286433
CATGCCTCACAGGCCT-1,1.0062040532883152
CATGCCTCACAGGTTT-1,1.0423645369528136
CATGCCTCAGACGCCT-1,0.9820568582276683
CATGCCTCAGATGGGT-1,1.0471291795712219
CATGCCTCATGAACCT-1,1.0380990719162517
CATGCCTCATTCGACA-1,1.042066043782975
CATGCCTGTAAGGATT-1,1.0044156673318367
CATGCCTGTCCGAATT-1,1.042981965782919
CATGCCTGTCCGAGTC-1,1.046404460435772
CATGCCTTCAACTCTT-1,1.0329638447583072
CATGCCTTCAGGCGAA-1,1.0415810874038451
CATGCCTTCATGCTCC-1,1.0231495906833006
CATGCCTTCCAGAAGG-1,1.0480284711761914
CATGCCTTCCGTCAAA-1,1.0118374180188283
CATGCCTTCCTACAGA-1,1.019826211106358
CATGCCTTCCTGCCAT-1,1.0471014791495157
CATGCCTTCGCCTGAG-1,1.0197639065334185
CATGCCTTCGTTACGA-1,1.0040611471684437
CATGGCGAGACCCACC-1,1.0129884604442367
CATGGCGAGACGCAAC-1,1.0176677818128963
CATGGCGAGAGACGAA-1,1.0211183643978294
CATGGCGAGCGAAGGG-1,1.0408617039799344
CATGGCGAGCTTCGCG-1,0.9981226965882105
CATGGCGAGGAGTTTA-1,1.041605398049842
CATGGCGAGGGTTTCT-1,1.0440478864559326
CATGGCGAGTTAACGA-1,1.0621026325888299
CATGGCGAGTTTGCGT-1,1.0477905975145618
CATGGCGCAAGAAGAG-1,1.0129015198899722
CATGGCGCAATAGCAA-1,1.013102020878251
CATGGCGCAATGGACG-1,1.023916168005576
CATGGCGCACAAGACG-1,0.9685660928600381
CATGGCGCACAGAGGT-1,1.0491381577254548
CATGGCGCACCAGGTC-1,1.047721371361008
CATGGCGCACCATGTA-1,0.9963807920432389
CATGGCGCACGAGAGT-1,1.0500216617572564
CATGGCGCACTATCTT-1,1.0427635104211594
CATGGCGCAGCTCGAC-1,1.0416623162224592
CATGGCGGTCACAAGG-1,1.049222853756761
CATGGCGGTGTCTGAT-1,0.9980781910658387
CATGGCGGTTCCCTTG-1,1.0142247856834123
CATGGCGGTTGAGGTG-1,1.0421179625932786
CATGGCGTCACAACGT-1,1.0425088389081012
CATGGCGTCAGAGCTT-1,1.0473318839871009
CATGGCGTCCACGTTC-1,1.0369512993112897
CATGGCGTCCGCGCAA-1,1.0483208114584592
CATGGCGTCGGAATCT-1,1.0192027160066113
CATTATCAGAAGATTC-1,1.0335628845656286
CATTATCAGAAGGGTA-1,1.0013331851724963
CATTATCAGACTGTAA-1,1.0476139533634714
CATTATCAGAGGTACC-1,0.9274809131752705
CATTATCAGATATGGT-1,1.0081226007446025
CATTATCAGATCTGAA-1,0.9332028089158533
CATTATCAGGACACCA-1,1.0450859400194563
CATTATCAGGTGCTAG-1,1.045586987004668
CATTATCAGTTAAGTG-1,0.9837431284649029
CATTATCCAATAGCGG-1,1.029602842287369
CATTATCCACTTACGA-1,0.9155358733134124
CATTATCCAGTCCTTC-1,1.025897577044997
CATTATCGTACGACCC-1,1.0253400126804797
CATTATCGTAGAGTGC-1,1.0366339151902655
CATTATCGTCATGCCG-1,0.9859794717196
CATTATCGTGAAGGCT-1,1.0399745018059294
CATTATCTCCCTAATT-1,1.041897337811228
CATTATCTCCGAAGAG-1,1.0464541043953568
CATTATCTCCTCTAGC-1,1.0197944123848497
CATTATCTCGATCCCT-1,1.0392835920990304
CATTATCTCGGAGCAA-1,1.0036158100132282
CATTATCTCTCTTGAT-1,1.0427019486203095
CATTCGCAGAGTCGGT-1,1.0378573498784125
CATTCGCAGAGTCTGG-1,0.9947966263150718
CATTCGCAGGACAGCT-1,1.0471848030183326
CATTCGCAGGCCCTTG-1,1.0096432371687258
CATTCGCAGTACGACG-1,1.0398471736464345
CATTCGCAGTGCGTGA-1,1.0164756959670331
CATTCGCAGTTGAGAT-1,0.9591635362641026
CATTCGCCAAAGCAAT-1,1.0106814477821262
CATTCGCCAAGCTGGA-1,1.0374861715030692
CATTCGCCAGCGATCC-1,0.9278903335742033
CATTCGCCAGCTGTGC-1,0.9607276820670178
CATTCGCCATGGTCTA-1,0.9533794575572585
CATTCGCGTAAGAGAG-1,1.0388471304915872
CATTCGCGTGAGCGAT-1,1.0328822519348975
CATTCGCTCAGATAAG-1,1.0362351511986458
CATTCGCTCTGTCTAT-1,0.99903495092971
CCAATCCAGAGCCCAA-1,1.014231657336541
CCAATCCAGAGTACAT-1,1.0402970147436092
CCAATCCAGATAGGAG-1,1.030050717014969
CCAATCCAGATGTGTA-1,1.0460361119090742
CCAATCCAGCAATATG-1,0.945307908345941
CCAATCCAGGATGCGT-1,1.0405090484209176
CCAATCCAGGCTAGAC-1,1.0406664354473902
CCAATCCAGGTCATCT-1,0.9730351157637207
CCAATCCCAAACGCGA-1,1.0390058124182213
CCAATCCCAACACCTA-1,1.0027958295739352
CCAATCCCAAGTCTAC-1,1.0430195843592127
CCAATCCCACATTAGC-1,1.045263487798329
CCAATCCCAGAAGCAC-1,1.0066818085237232
CCAATCCCAGGAACGT-1,1.0449406424524876
CCAATCCCAGGGCATA-1,1.014718485887928
CCAATCCCATAGGATA-1,1.0328440231208313
CCAATCCGTAACGACG-1,1.0107224249138826
CCAATCCGTAAGGATT-1,1.0465592553493848
CCAATCCGTAGATTAG-1,1.0281463760166403
CCAATCCGTAGGAGTC-1,1.0441062921165094
CCAATCCGTCGGCACT-1,1.043951228050732
CCAATCCGTCTCATCC-1,1.0053247171724757
CCAATCCGTTCAGTAC-1,1.0044475609742831
CCAATCCGTTGTGGAG-1,1.0154845860629858
CCAATCCTCATCATTC-1,0.9751829538709206
CCAATCCTCGCTAGCG-1,1.0423649064558398
CCAATCCTCTGCTTGC-1,1.045559714562334
CCACCTAAGAAACCTA-1,1.0395972804195455
CCACCTAAGAAGCCCA-1,1.016482727277319
CCACCTAAGACTTTCG-1,1.0014066526884269
CCACCTAAGATGTGTA-1,0.9961370587548212
CCACCTAAGCAGGCTA-1,0.9832796081687832
CCACCTAAGCATCATC-1,0.9715509993805552
CCACCTAAGGCCCTCA-1,0.9754317699453965
CCACCTAAGGGTCTCC-1,1.039828696322275
CCACCTACAAGCCGTC-1,1.0299348458841677
CCACCTACAAGGACAC-1,0.9545859160352888
CCACCTACACATTAGC-1,1.0378421048937305
CCACCTACACCGTTGG-1,0.9434274799481698
CCACCTACACTAGTAC-1,1.0284201082045759
CCACCTACAGAAGCAC-1,1.0413282746259973
CCACCTAGTAGCCTCG-1,1.040250795351923
CCACCTAGTGGCAAAC-1,1.0400079612400632
CCACCTATCAATACCG-1,1.0322105958020986
CCACCTATCAGCAACT-1,1.0443824043272751
CCACCTATCATGTGGT-1,0.9995114340738336
CCACCTATCCGGGTGT-1,1.0028066264097992
CCACCTATCGATAGAA-1,1.0120937327898032
CCACCTATCGCGGATC-1,0.9906669984648059
CCACCTATCTAGCACA-1,1.029128512094899
CCACCTATCTCAAGTG-1,1.043722807700132
CCACCTATCTCGTATT-1,1.0107910241876241
CCACGGAAGATATGCA-1,1.0322170967050084
CCACGGAAGCGTAATA-1,1.043936688183809
CCACGGAAGTACATGA-1,0.9742853252508682
CCACGGAAGTAGGTGC-1,1.0041614438897415
CCACGGAAGTGAACAT-1,1.0344432980404994
CCACGGACATGTAGTC-1,1.0386091745985488
CCACGGAGTACATGTC-1,1.0248645315940372
CCACGGAGTAGGAGTC-1,1.0229384739564087
CCACGGAGTCGCATAT-1,1.0127840666026682
CCACGGAGTCTTGATG-1,1.042349970367568
CCACGGAGTCTTGCGG-1,1.0398084646676957
CCACGGAGTGGCAAAC-1,1.0109524833254935
CCACGGAGTGGTCCGT-1,1.0468385730504317
CCACGGATCCTTGCCA-1,0.9678540546604509
CCACGGATCGGTGTTA-1,0.9994613681369777
CCACGGATCTCATTCA-1,1.0119131639763113
CCACGGATCTCTAAGG-1,0.9827200346222573
CCACTACAGCAGGTCA-1,1.039523875000444
CCACTACAGCTATGCT-1,1.0259027305162762
CCACTACAGTAACCCT-1,1.0417091283384385
CCACTACAGTCGATAA-1,1.0077973193390362
CCACTACAGTGAACGC-1,0.9857483692791281
CCACTACCAAGGACAC-1,1.038991438041857
CCACTACCAGACGCAA-1,1.0271067018927298
CCACTACCAGCCTTGG-1,0.9981166534094061
CCACTACCAGCTGCTG-1,1.0435424746228443
CCACTACCAGTATAAG-1,1.044738338090486
CCACTACCATCGGACC-1,1.041942397695355
CCACTACCATCTACGA-1,1.0106852202699332
CCACTACGTAGCAAAT-1,1.027373161972259
CCACTACGTCTAGCCG-1,1.0355921923383606
CCACTACGTTCAACCA-1,1.0241878509851414
CCACTACGTTCTCATT-1,1.0357647832006456
CCACTACTCACTCTTA-1,1.0012812611522754
CCACTACTCACTGGGC-1,1.0133875157126033
CCACTACTCATTATCC-1,1.034863016400053
CCACTACTCCGTAGGC-1,1.0386973953792926
CCACTACTCCTCGCAT-1,1.0389792223587215
CCACTACTCGCCAGCA-1,1.0485007282638252
CCACTACTCGTTACGA-1,1.014598615242119
CCACTACTCTACCTGC-1,0.9969740507358362
CCAGCGAAGAAGGTGA-1,1.0441432668931663
CCAGCGAAGAGATGAG-1,1.0252563724526318
CCAGCGAAGAGGTTAT-1,0.9926277685180839
CCAGCGAAGATGCCAG-1,1.0372278442526384
CCAGCGAAGTCCTCCT-1,1.0393847500399396
CCAGCGAAGTGAAGAG-1,1.0285043216885823
CCAGCGACACGGATAG-1,1.0396954526408027
CCAGCGACAGCATACT-1,1.0150305008687637
CCAGCGACATATGAGA-1,1.0373966352773123
CCAGCGAGTCCGAACC-1,1.0326865437380255
CCAGCGAGTGGCCCTA-1,1.0455754065000884
CCAGCGAGTTAAGATG-1,1.047440607004756
CCAGCGAGTTCTCATT-1,1.0286910639435967
CCAGCGAGTTTAAGCC-1,1.041627922378336
CCAGCGAGTTTGCATG-1,0.9488213122694271
CCAGCGATCCCGGATG-1,0.9318155201012056
CCAGCGATCCGTACAA-1,1.0106479829889556
CCATGTCAGACTGGGT-1,1.0400872086445692
CCATGTCAGATCCTGT-1,1.020040644760915
CCATGTCAGATGCCAG-1,1.008726504878981
CCATGTCAGCCGGTAA-1,1.0422158811570592
CCATGTCAGCTACCTA-1,1.0424609249314298
CCATGTCAGGGTCGAT-1,1.0346028707217765
CCATGTCAGTAGCGGT-1,1.0468077615486808
CCATGTCAGTATCGAA-1,1.0399622008094
CCATGTCCAATTCCTT-1,1.0438985329872887
CCATGTCCACATTAGC-1,1.0435504544642304
CCATGTCCACCATGTA-1,1.038296376001311
CCATGTCCACGACTCG-1,0.9593695901891826
CCATGTCCAGGTGCCT-1,1.0456005529358956
CCATGTCCATTGGCGC-1,1.0013475439672173
CCATGTCGTAGGAGTC-1,1.0372252415290455
CCATGTCGTCAGTGGA-1,0.9569153709210134
CCATGTCGTCTCCATC-1,1.0067629943373937
CCATGTCGTGCCTGTG-1,1.0335464586317415
CCATGTCGTTAGATGA-1,1.0414724119565906
CCATGTCGTTGAGTTC-1,0.98227348202468
CCATGTCTCAATCACG-1,0.9905233090458913
CCATGTCTCCTATGTT-1,1.035961948399774
CCATGTCTCTTTCCTC-1,0.9991671740451048
CCATTCGAGATATGCA-1,0.9944503347021476
CCATTCGAGATGTAAC-1,1.0373165348408189
CCATTCGAGGCATGTG-1,1.0277008678788462
CCATTCGAGGGTCTCC-1,1.03842642491446
CCATTCGAGGTAAACT-1,1.0233537204281142
CCATTCGAGTCCAGGA-1,1.0368588711886197
CCATTCGAGTGTGGCA-1,1.029333491414175
CCATTCGCACGTGAGA-1,1.015597770785182
CCATTCGCAGCTATTG-1,0.9775478334726121
CCATTCGCAGCTTAAC-1,1.0414772592020534
CCATTCGCAGTAGAGC-1,1.0424565969896435
CCATTCGCAGTCCTTC-1,1.044779968686181
CCATTCGCATGGTTGT-1,0.9950380089730629
CCATTCGGTAAAGTCA-1,1.041847022193937
CCATTCGGTACATCCA-1,1.04549516073503
CCATTCGGTCTAGTGT-1,1.0398239707664196
CCATTCGGTGACGGTA-1,1.0444970228841763
CCATTCGGTTGTTTGG-1,0.9353479870495554
CCATTCGTCACAGGCC-1,1.0376077265614367
CCATTCGTCCAGAGGA-1,0.9867580483958724
CCATTCGTCCGGGTGT-1,1.0434973780131653
CCATTCGTCGACAGCC-1,1.0088692469491527
CCATTCGTCTGATACG-1,0.9982636935887926
CCCAATCAGATAGGAG-1,0.948046664662761
CCCAATCAGATCGATA-1,1.0016932595191717
CCCAATCAGCCCAATT-1,0.9959245030072491
CCCAATCAGCTGGAAC-1,1.0339266620610206
CCCAATCAGGCCGAAT-1,0.9691283743301812
CCCAATCCAAAGCGGT-1,1.0288707967768977
CCCAATCCAATCCAAC-1,1.0429562675423198
CCCAATCCACCACCAG-1,1.046327616032779
CCCAATCCACGCTTTC-1,1.0035857660585783
CCCAATCCAGCATGAG-1,1.03938681850475
CCCAATCCAGCGTTCG-1,1.0410180483021074
CCCAATCCAGGACCCT-1,1.0456769722448014
CCCAATCCATATGAGA-1,1.0087060203295655
CCCAATCCATTGGCGC-1,1.0493161435862723
CCCAATCGTACCGTAT-1,1.048029168494827
CCCAATCGTCCTGCTT-1,1.0374044230482145
CCCAATCTCCGAAGAG-1,1.0122439490975728
CCCAATCTCTTGAGAC-1,1.0154040142865846
CCCAGTTAGACTTGAA-1,1.0099695695622677
CCCAGTTAGCACCGCT-1,1.0327197104858064
CCCAGTTAGCAGGCTA-1,1.0007839870652437
CCCAGTTAGCGTAATA-1,1.042324341766321
CCCAGTTAGCTAACTC-1,1.017412369274009
CCCAGTTAGCTAGGCA-1,1.0463636568221562
CCCAGTTAGCTGGAAC-1,0.9918269834832107
CCCAGTTAGCTTATCG-1,1.0396525528604492
CCCAGTTAGGTAGCTG-1,1.0032387135720175
CCCAGTTAGTCTTGCA-1,1.0071135188029356
CCCAGTTCAAACAACA-1,1.0409358844772603
CCCAGTTCAAACTGCT-1,1.0416160874207598
CCCAGTTCAAGAGGCT-1,1.0099848288871343
CCCAGTTCACCAGGTC-1,1.0074583948326485
CCCAGTTCACCGCTAG-1,1.013517445203315
CCCAGTTCATATACGC-1,1.0508238247758184
CCCAGTTCATGATCCA-1,1.0042247362198238
CCCAGTTGTAAACCTC-1,0.891270475498356
CCCAGTTGTACCGGCT-1,1.0478469156568289
CCCAGTTGTCAAAGCG-1,1.0442579113934793
CCCAGTTGTCATACTG-1,1.034148833446686
CCCAGTTGTCCAAGTT-1,1.0430562961975378
CCCAGTTGTCCGTTAA-1,1.0400963499418718
CCCAGTTGTGACAAAT-1,1.0415687764583843
CCCAGTTGTGCAGACA-1,0.9782344552456811
CCCAGTTGTTAAGTAG-1,1.033174289574467
CCCAGTTGTTGGGACA-1,1.0440481022049983
CCCAGTTTCCTCAACC-1,1.033761974034308
CCCAGTTTCCTTCAAT-1,0.9470745849329044
CCCAGTTTCGTCTGCT-1,1.0394361143581605
CCCAGTTTCGTTTATC-1,0.9590355242957539
CCCAGTTTCTCGGACG-1,0.9668916567025053
CCCAGTTTCTTCCTTC-1,0.9585193134874778
CCCATACAGAAGGACA-1,1.0441348909416992
CCCATACAGCCACCTG-1,1.0435143961006768
CCCATACAGCGCCTCA-1,1.0421245058806345
CCCATACAGCTGTCTA-1,1.0426880052408292
CCCATACAGGACAGAA-1,1.0112962168697683
CCCATACCAACACGCC-1,0.9696757132829954
CCCATACCAAGGTGTG-1,1.0414625468410186
CCCATACCACCAGGCT-1,1.048765865013523
CCCATACCAGCCTTTC-1,1.007381373908874
CCCATACCAGCGAACA-1,1.0430904669185415
CCCATACCAGCGTCCA-1,1.0303822266167666
CCCATACGTCCGAACC-1,1.040312131666133
CCCATACGTGCCTGTG-1,1.041648535862696
CCCATACGTGGTAACG-1,0.9937194562820264
CCCATACTCGCTTAGA-1,1.040177665922361
CCCATACTCTGCCCTA-1,1.0438567562785068
CCCTCCTAGAGTACAT-1,1.0436691616912095
CCCTCCTAGCAGGTCA-1,1.0007422060805264
CCCTCCTAGCCACGTC-1,1.0045649167349726
CCCTCCTAGCTGTCTA-1,1.0058217789934185
CCCTCCTAGTAGATGT-1,1.0197549878389616
CCCTCCTAGTGAACAT-1,0.9627418365616559
CCCTCCTCACAACGCC-1,0.9626546542666734
CCCTCCTCACCTCGGA-1,1.0426306163422192
CCCTCCTCACGACGAA-1,1.0353757590652817
CCCTCCTCAGCGATCC-1,1.0418255086209
CCCTCCTCAGCTGTTA-1,1.0043975759764445
CCCTCCTGTAATCGTC-1,1.0396932268496568
CCCTCCTGTACTCAAC-1,1.043998546607952
CCCTCCTGTACTCGCG-1,1.0427426248538365
CCCTCCTGTACTTGAC-1,1.0066841107887707
CCCTCCTGTAGGGTAC-1,0.997411386983825
CCCTCCTGTATCGCAT-1,1.0463826629550332
CCCTCCTGTCCTCTTG-1,1.0487183837493077
CCCTCCTGTGAAATCA-1,0.9790691249492215
CCCTCCTGTGATGCCC-1,0.9736388230530224
CCCTCCTGTGCCTTGG-1,1.0344995561401267
CCCTCCTGTGCTCTTC-1,1.0448664434032935
CCCTCCTGTGGACGAT-1,1.0479969478667592
CCCTCCTTCGCAAGCC-1,0.9921889187829952
CCCTCCTTCTCTGTCG-1,1.0091292657252462
CCGGGATAGACAATAC-1,1.0278502367689093
CCGGGATAGACTGGGT-1,1.0311184288356108
CCGGGATAGGTGGGTT-1,1.033781970656809
CCGGGATCAACGATCT-1,0.9426853567571015
CCGGGATCAGACAAAT-1,1.0162890015488675
CCGGGATCATACTACG-1,1.044684166153841
CCGGGATCATAGTAAG-1,0.9954830471861038
CCGGGATCATTAGGCT-1,0.9660833371947379
CCGGGATGTCTGGAGA-1,1.0460327404292318
CCGGGATGTTCGAATC-1,1.039099830175422
CCGGGATGTTGGTGGA-1,1.0403809715732575
CCGGGATTCAACGAAA-1,1.0388435606535913
CCGGGATTCACCGTAA-1,0.9981987592485697
CCGGGATTCAGAGCTT-1,1.0371995603582418
CCGGGATTCCCTAATT-1,1.0446459860824981
CCGGGATTCTAACTCT-1,0.9757009339832916
CCGGGATTCTGGGCCA-1,1.0238662774964173
CCGGTAGAGAGCTTCT-1,1.0316841346931265
CCGGTAGAGATCGGGT-1,1.0427800992272167
CCGGTAGAGATCTGCT-1,1.0176337233556991
CCGGTAGAGCGATATA-1,1.0429768926209275
CCGGTAGAGCTCCTCT-1,1.0041132441526177
CCGGTAGAGGACTGGT-1,0.9813806771122872
CCGGTAGAGGATGTAT-1,1.0420048421318597
CCGGTAGCAATTCCTT-1,1.0402697051247711
CCGGTAGCACCAGTTA-1,1.0465019677034262
CCGGTAGCATCAGTCA-1,1.0155100535566213
CCGGTAGCATGTTGAC-1,1.0352311619970898
CCGGTAGCATTCTTAC-1,1.0401616507466511
CCGGTAGCATTTGCCC-1,1.0053790178706077
CCGGTAGGTAAATGTG-1,0.992526925957689
CCGGTAGGTACTTCTT-1,1.0458929217902997
CCGGTAGGTACTTGAC-1,1.0399754579788754
CCGGTAGGTCGAATCT-1,1.0480551557526263
CCGGTAGGTCTAACGT-1,1.0302200574763314
CCGGTAGGTGCGATAG-1,1.010980258327925
CCGGTAGGTGGGTATG-1,1.0382243847559687
CCGGTAGGTGGTAACG-1,0.9927761296016221
CCGGTAGGTGTAAGTA-1,1.0435012041414702
CCGGTAGTCAGTACGT-1,0.9892800264630585
CCGGTAGTCATATCGG-1,1.0365495033949064
CCGGTAGTCCTTTCGG-1,1.0215832962371014
CCGTACTAGCCAGGAT-1,1.0375743489202172
CCGTACTCAACTGGCC-1,1.0445034294400881
CCGTACTCAAGAGGCT-1,0.9692016609048414
CCGTACTCAGATCGGA-1,0.9661240964214852
CCGTACTGTAGAAAGG-1,1.0074278068960334
CCGTACTGTATATGGA-1,0.9376087161555768
CCGTACTGTCGCATAT-1,1.0030685680861702
CCGTACTGTCGTCTTC-1,0.9375351335740975
CCGTACTGTGCAGTAG-1,1.0301556303861092
CCGTACTGTTCAGGCC-1,1.0413543391658338
CCGTACTGTTCGTTGA-1,0.9674580695191389
CCGTACTGTTGTACAC-1,1.0428901841028342
CCGTACTTCACCTCGT-1,0.9932870151606344
CCGTACTTCCGCATAA-1,1.0092070385839724
CCGTACTTCGACCAGC-1,1.0475341588551852
CCGTACTTCGAGAGCA-1,1.043193004536786
CCGTACTTCGCCTGTT-1,1.0308837133433102
CCGTACTTCGTTGCCT-1,0.9909511053133078
CCGTACTTCTCGAGTA-1,0.9478625707424942
CCGTGGAAGAACTCGG-1,0.9529230541548389
CCGTGGAAGAATGTTG-1,0.9241865666061474
CCGTGGAAGACTGGGT-1,1.0033137335775668
CCGTGGAAGAGCCCAA-1,1.0307641914256502
CCGTGGAAGAGCTATA-1,1.0441773138132178
CCGTGGAAGCCCAGCT-1,1.0430274863254219
CCGTGGAAGCTGTCTA-1,1.0284783477458936
CCGTGGAAGTACCGGA-1,1.0442166633894725
CCGTGGAAGTTCGCAT-1,1.018725499062097
CCGTGGAAGTTGAGTA-1,1.0356075760731343
CCGTGGACAAAGGAAG-1,1.0115213739615692
CCGTGGACAAGCGTAG-1,1.0192500707516141
CCGTGGACACCCATTC-1,1.0004023574416459
CCGTGGACACGTGAGA-1,1.0399916520021968
CCGTGGACATCCGTGG-1,1.0414654602674724
CCGTGGACATTCTCAT-1,1.0437038662922957
CCGTGGAGTGTCAATC-1,1.037328865511332
CCGTGGATCCAAACAC-1,0.9934078204414986
CCGTGGATCCTAAGTG-1,1.0327105403022114
CCGTGGATCGGCATCG-1,1.0362419191242946
CCGTGGATCGTCCAGG-1,0.9932326428799672
CCGTTCAAGAAACCGC-1,0.9428233309001463
CCGTTCAAGCCAGAAC-1,1.0294285237809337
CCGTTCAAGCGCTTAT-1,1.0384350231817145
CCGTTCAAGGGCACTA-1,0.9614871048214823
CCGTTCAAGTGTACCT-1,0.972954283538768
CCGTTCACACATTCGA-1,1.0116134716169087
CCGTTCACAGATAATG-1,1.0061818897028354
CCGTTCACAGCTGCAC-1,1.0453099327547315
CCGTTCACAGGGCATA-1,1.0330557620390484
CCGTTCAGTACATCCA-1,1.0414231728054946
CCGTTCAGTACTCGCG-1,1.0350718463148894
CCGTTCAGTCCGAATT-1,0.997394604855172
CCGTTCAGTCGAGATG-1,0.9529087992751853
CCGTTCAGTCTCCACT-1,1.0468367557219838
CCGTTCAGTTAAGGGC-1,1.0503040402987924
CCGTTCATCAACACCA-1,1.036972143492631
CCGTTCATCCACGTGG-1,1.0381384668480307
CCGTTCATCCACTCCA-1,1.035320424695245
CCGTTCATCTGACCTC-1,1.0359956024156882
CCGTTCATCTGCTGTC-1,1.0377896258950705
CCGTTCATCTTAGCCC-1,0.9835297910495867
CCTAAAGAGGAGCGAG-1,1.0487147932875376
CCTAAAGCAAGCCCAC-1,1.0304493611872056
CCTAAAGCAAGGCTCC-1,1.0376682663772465
CCTAAAGCACTGAAGG-1,1.0311410560201928
CCTAAAGCAGACACTT-1,0.9399594331836899
CCTAAAGCAGAGCCAA-1,1.0296994803054107
CCTAAAGTCAACGGCC-1,1.0478252658721112
CCTAAAGTCAGGTTCA-1,1.045113706148845
CCTAAAGTCGCCAAAT-1,1.043215120112903
CCTAAAGTCGTACGGC-1,0.9951493332070175
CCTAAAGTCTCAAGTG-1,1.0380651815464055
CCTACACAGATGTGGC-1,1.042477646300126
CCTACACAGCTCCTTC-1,1.0141191069207904
CCTACACCAAATCCGT-1,1.041995793771927
CCTACACCAATAGCAA-1,0.9861795940404583
CCTACACCACACTGCG-1,1.0420838455032233
CCTACACCAGATGAGC-1,0.9562756213777927
CCTACACCAGCCTGTG-1,0.970238438907562
CCTACACGTATCACCA-1,1.0339885967952462
CCTACACGTCACTGGC-1,0.9646197500935907
CCTACACGTCAGGACA-1,1.0374162647545728
CCTACACGTCCATCCT-1,1.0010797136393221
CCTACACGTGACGCCT-1,0.9290227503662313
CCTACACGTTACTGAC-1,1.0214063818709884
CCTACACGTTGTGGCC-1,1.0473176995189812
CCTACACTCACTGGGC-1,0.957885373738249
CCTACACTCCAAATGC-1,1.0314049165685988
CCTACACTCGGAGCAA-1,1.044112610484405
CCTACACTCTGTCTAT-1,1.0433037366219045
CCTACACTCTGTTTGT-1,1.0428861332059618
CCTACCAAGAGCTGGT-1,1.0388386823832705
CCTACCAAGCTACCGC-1,1.0056580600108531
CCTACCAAGCTTTGGT-1,0.9918600639079086
CCTACCAAGGCTACGA-1,1.0241957920362206
CCTACCAAGTGTACGG-1,0.9973983285193841
CCTACCACAAGGGTCA-1,1.0403260840215907
CCTACCACAAGGTTCT-1,1.0444458727383483
CCTACCACAATAGAGT-1,0.9692126791811407
CCTACCACACGCCAGT-1,1.0465054976337764
CCTACCACACTATCTT-1,0.9758438153470846
CCTACCACAGCGTCCA-1,1.036701915832425
CCTACCACAGCTGTGC-1,1.0143848589364424
CCTACCACAGGATCGA-1,1.0113694385920184
CCTACCAGTAAACACA-1,0.9785718610267226
CCTACCAGTACAGCAG-1,0.9680697435309863
CCTACCAGTCCTGCTT-1,0.9787300728169807
CCTACCAGTCTCCATC-1,0.9699762154805475
CCTACCAGTGAGGGAG-1,1.0439715432349992
CCTACCAGTGCACGAA-1,1.0366326235643073
CCTACCATCAGATAAG-1,1.0109411806694915
CCTACCATCCAAAGTC-1,1.0331675909226221
CCTACCATCCGAAGAG-1,1.0490171351436943
CCTACCATCGGATGGA-1,1.0385340984851639
CCTACCATCTGTCTCG-1,1.0444097621346111
CCTAGCTAGATAGCAT-1,1.0493558100688938
CCTAGCTAGCAGCGTA-1,1.046407998667839
CCTAGCTAGCCAGTAG-1,1.0027237328068395
CCTAGCTCAAGAAAGG-1,0.985894447574501
CCTAGCTCACATGTGT-1,1.035917432773802
CCTAGCTCACGCGAAA-1,0.984880504601609
CCTAGCTCACTGCCAG-1,1.0467774953513396
CCTAGCTCAGCAGTTT-1,0.9594508218542424
CCTAGCTCAGCTCGAC-1,1.041986386407933
CCTAGCTCATCGGTTA-1,1.0192617474255512
CCTAGCTGTAGGAGTC-1,1.0361528340217283
CCTAGCTGTATTAGCC-1,0.9888683250837956
CCTAGCTGTGCAGTAG-1,1.045620006433287
CCTAGCTGTGTGGTTT-1,1.0375119340936594
CCTAGCTGTTAGTGGG-1,1.03912317245985
CCTAGCTGTTCGCGAC-1,1.017979084480976
CCTAGCTGTTGGTTTG-1,1.0405674521553119
CCTAGCTGTTTAGGAA-1,1.0363216072092523
CCTAGCTTCAAACGGG-1,0.990977492309805
CCTAGCTTCAAGAAGT-1,1.038996522664753
CCTAGCTTCAATCACG-1,1.0400414001184133
CCTAGCTTCACTTATC-1,1.0411575306028287
CCTAGCTTCGGCATCG-1,0.9992700089223937
CCTAGCTTCGTGGACC-1,1.0342893625777703
CCTAGCTTCTAACGGT-1,1.040821160804909
CCTATTAAGACCTAGG-1,1.0337277200030193
CCTATTAAGATGGCGT-1,0.9799637739620689
CCTATTAAGCTCCTCT-1,1.0416754575875116
CCTATTAAGGACTGGT-1,0.9952960493668452
CCTATTAAGGGATACC-1,1.0407427944370473
CCTATTACAAGAGTCG-1,0.9986877080232132
CCTATTACAAGGTTCT-1,1.0403938198306497
CCTATTACAAGTTCTG-1,1.0357567012623528
CCTATTACACGGATAG-1,1.0033479948559343
CCTATTACACTGTCGG-1,0.9867854899995938
CCTATTACACTGTTAG-1,0.9260263424461623
CCTATTACAGCCAGAA-1,1.0391333968457777
CCTATTACAGTACACT-1,1.0339844232296418
CCTATTACAGTCCTTC-1,1.050028323579124
CCTATTACATGAGCGA-1,1.038041670669144
CCTATTAGTACACCGC-1,1.0370020751114113
CCTATTAGTGTTAAGA-1,0.9708054424399235
CCTATTAGTTCCACGG-1,1.008695601157217
CCTATTAGTTGGGACA-1,1.0388527354448769
CCTATTATCCCAACGG-1,1.040668370482985
CCTATTATCCCGGATG-1,1.042542987162812
CCTCAGTAGAAACCAT-1,1.0416158983494868
CCTCAGTAGAACTCGG-1,1.0234707106488337
CCTCAGTAGAGTTGGC-1,1.0412253376813752
CCTCAGTAGCGATATA-1,1.0468490112353306
CCTCAGTAGGACCACA-1,1.006477613038571
CCTCAGTAGTCTCGGC-1,1.0337804624758815
CCTCAGTCAAGTTAAG-1,0.9019287475222894
CCTCAGTCACGTTGGC-1,1.0025809360651328
CCTCAGTCATCTACGA-1,1.004186169756823
CCTCAGTCATGACATC-1,1.0310701272413272
CCTCAGTCATTGTGCA-1,1.0397005188126973
CCTCAGTGTAGGCTGA-1,1.0419678091685303
CCTCAGTGTAGGGTAC-1,1.0084761725601743
CCTCAGTGTCGTCTTC-1,1.044409006207753
CCTCAGTGTGCTCTTC-1,1.0319482308273535
CCTCAGTGTTCACGGC-1,0.9952238942916322
CCTCAGTGTTCCTCCA-1,1.0415030924947886
CCTCAGTTCGTGGGAA-1,1.0372887046212171
CCTCAGTTCTCTGTCG-1,1.048033396619713
CCTCAGTTCTTGAGGT-1,1.0252546320774552
CCTCTGAAGACCTAGG-1,1.0194723292714796
CCTCTGAAGACTAAGT-1,1.0351152006001334
CCTCTGAAGCCGATTT-1,1.0285285934268595
CCTCTGAAGTACCGGA-1,1.040965196683366
CCTCTGAAGTGCGTGA-1,0.9802001010828731
CCTCTGACAAACTGTC-1,1.039060598865833
CCTCTGACAAGAAGAG-1,1.0423278813944417
CCTCTGACACAGCGTC-1,1.0367957565100991
CCTCTGACACTAGTAC-1,1.0362660647480426
CCTCTGACACTCAGGC-1,0.9986939973891915
CCTCTGAGTATATCCG-1,1.0215812354879432
CCTCTGAGTCGAATCT-1,0.894937068961246
CCTCTGAGTTCATGGT-1,0.9866627773059159
CCTCTGATCTGGAGCC-1,1.046126680574409
CCTCTGATCTTCGGTC-1,1.0279841451987892
CCTTACGAGAGATGAG-1,1.0441134224444364
CCTTACGAGCACGCCT-1,0.9676231310346287
CCTTACGAGCCGATTT-1,1.0330989875748298
CCTTACGAGCTTCGCG-1,1.0084752111630346
CCTTACGAGGATCGCA-1,1.0235668265354716
CCTTACGAGGTCGGAT-1,1.043270641208758
CCTTACGAGTAAGTAC-1,1.0411438033797633
CCTTACGAGTGTACCT-1,1.0408462552993951
CCTTACGCAAACGTGG-1,0.9350080151007182
CCTTACGCAATTCCTT-1,1.0123900157123644
CCTTACGCACACCGCA-1,1.0306869477277536
CCTTACGCACAGACTT-1,1.0281111218742596
CCTTACGCAGGTTTCA-1,1.0350193913101235
CCTTACGCATAAGACA-1,1.0196166101921245
CCTTACGCATTTGCTT-1,0.9648335415756472
CCTTACGGTGGGTATG-1,1.0395011545326707
CCTTACGGTGTAAGTA-1,1.040045462561669
CCTTACGTCAAGATCC-1,1.048317139143315
CCTTACGTCCCAAGAT-1,1.0165474901519442
CCTTACGTCCCAGGTG-1,0.9903054938418935
CCTTACGTCCGAATGT-1,1.008448933707086
CCTTACGTCCTAGGGC-1,1.0505703115689362
CCTTACGTCTGCTGCT-1,1.0409526770396724
CCTTCCCAGACCGGAT-1,1.0362738773704019
CCTTCCCAGAGGTACC-1,0.9932438072109692
CCTTCCCAGCCTTGAT-1,1.009240450492733
CCTTCCCAGCTCTCGG-1,1.0034747378392734
CCTTCCCAGTATGACA-1,0.9888993165767951
CCTTCCCCAAGAAAGG-1,1.0051437766955718
CCTTCCCCAATGACCT-1,0.9817881405570174
CCTTCCCCACCGTTGG-1,1.047638054963402
CCTTCCCCACGAAATA-1,1.007484419199045
CCTTCCCCAGGCTGAA-1,1.0407769884995937
CCTTCCCCAGTCACTA-1,1.008622689151817
CCTTCCCCATGGGAAC-1,1.0383937997666737
CCTTCCCGTACCGGCT-1,1.0459158077800412
CCTTCCCGTATAATGG-1,0.968573035929683
CCTTCCCGTGAAATCA-1,0.9924803793927623
CCTTCCCGTGACTACT-1,1.0446731149962198
CCTTCCCGTGATAAGT-1,1.0347490704998474
CCTTCCCTCAAGGTAA-1,0.9696991270638197
CCTTCCCTCACTTACT-1,1.0475248109686168
CCTTCCCTCAGTTAGC-1,1.0080714017919834
CCTTCCCTCGTCCAGG-1,1.0428517243001099
CCTTCCCTCGTCCGTT-1,1.0536873438836072
CCTTCGAAGAAGGCCT-1,1.0308854610220144
CCTTCGAAGACGCTTT-1,1.0134856713342941
CCTTCGAAGATATACG-1,0.9501970469933415
CCTTCGAAGCACGCCT-1,1.0500677905140439
CCTTCGAAGCGTGAGT-1,1.0309285580399004
CCTTCGAAGCTGAACG-1,0.9523473028306548
CCTTCGAAGGCAATTA-1,0.996623355382351
CCTTCGAAGGCTAGGT-1,1.0105842810768446
CCTTCGAAGGTTCCTA-1,1.0007258768457126
CCTTCGAAGTAGATGT-1,0.9516564287007299
CCTTCGAAGTAGTGCG-1,0.961846459314658
CCTTCGACAACTGGCC-1,1.0510666902138273
CCTTCGACAAGACACG-1,1.036025417291685
CCTTCGACACATCTTT-1,1.0418223877844166
CCTTCGACATAAGACA-1,1.0430438968101616
CCTTCGACATCAGTCA-1,0.9957084090079554
CCTTCGAGTAACGTTC-1,1.0160042900636845
CCTTCGAGTAAGTAGT-1,1.0292064147008788
CCTTCGAGTCAGGACA-1,1.0057394325041153
CCTTCGAGTCCGTGAC-1,1.0420602591428443
CCTTCGAGTGACGCCT-1,1.0372723851579424
CCTTCGAGTTTGCATG-1,1.0105215792466669
CCTTCGATCACCTCGT-1,0.9830920224504179
CCTTCGATCACGACTA-1,1.039427396042294
CCTTCGATCCTGCAGG-1,1.0343838569998425
CCTTCGATCGAGCCCA-1,1.0475987192923668
CCTTCGATCTTGTACT-1,0.9476578328119218
CCTTTCTAGAAACCAT-1,1.0091901106903625
CCTTTCTAGCCAACAG-1,0.9977107578585139
CCTTTCTAGGCTCATT-1,1.0248251316554458
CCTTTCTAGTCAATAG-1,1.0037171382403574
CCTTTCTAGTGAACGC-1,1.01177043221897
CCTTTCTCAAGCCTAT-1,1.008989306229106
CCTTTCTCAAGCGAGT-1,1.0422606631154918
CCTTTCTCACAGACAG-1,1.0076808949542402
CCTTTCTCACAGATTC-1,1.049499424095934
CCTTTCTCACGAAAGC-1,0.9767212850691208
CCTTTCTCAGCTTCGG-1,1.0446622364835492
CCTTTCTCATCACCCT-1,1.0380999816363667
CCTTTCTGTCATGCAT-1,1.0458149258690839
CCTTTCTGTCATGCCG-1,1.0414191324929383
CCTTTCTGTCATTAGC-1,0.9388362969808831
CCTTTCTTCAAGAAGT-1,1.0466590867640309
CCTTTCTTCCGCGTTT-1,1.0463383227931489
CCTTTCTTCCTTTACA-1,1.0471018656765725
CCTTTCTTCGTCGTTC-1,1.0112156058940571
CGAACATAGATCTGCT-1,1.0474447974228658
CGAACATAGATGGCGT-1,0.9710051746097467
CGAACATAGCCTCGTG-1,1.016951996601505
CGAACATAGTCCTCCT-1,1.031666299855774
CGAACATCAATGACCT-1,1.033762925821958
CGAACATCAGGCGATA-1,0.9966992388773085
CGAACATCAGGGTATG-1,1.0465622789533011
CGAACATCAGTTCATG-1,0.9710553833786673
CGAACATGTCATATGC-1,1.0426786433889212
CGAACATGTCCATCCT-1,0.994946751824547
CGAACATGTGGAAAGA-1,1.0177846759227178
CGAACATGTGTGGTTT-1,1.0335652843802388
CGAACATGTTGAGTTC-1,0.9939949786236424
CGAACATTCAGCTTAG-1,1.0123227014227896
CGAACATTCCATGAAC-1,1.0472022918787163
CGAACATTCGCGGATC-1,0.9620748020292588
CGAACATTCGTTTAGG-1,0.9913270211281453
CGAACATTCTGCAGTA-1,0.9519552986724078
CGAATGTAGATCTGCT-1,1.0366171989781165
CGAATGTAGCCACCTG-1,0.9942531223210638
CGAATGTAGGGTGTGT-1,1.0292388550396612
CGAATGTAGTGTACGG-1,1.0077929853720486
CGAATGTCAAGCCTAT-1,1.0479284222045202
CGAATGTCACATCCAA-1,1.0386126060180558
CGAATGTCACCGAATT-1,0.9153499183431245
CGAATGTCACCTCGGA-1,0.9958661044630867
CGAATGTCAGTTAACC-1,1.0399900119468024
CGAATGTCATCACGAT-1,0.9904954512964989
CGAATGTGTAAACGCG-1,1.0376669764916024
CGAATGTGTACTCGCG-1,1.042541031211594
CGAATGTGTGTGACCC-1,1.022471013632686
CGAATGTGTTAGGGTG-1,1.0386351895718622
CGAATGTTCAAACCGT-1,1.0430268808098033
CGAATGTTCACGCGGT-1,1.0418065922581965
CGAATGTTCACTGGGC-1,1.0426258636345407
CGAATGTTCAGAGGTG-1,1.0428659689562672
CGAATGTTCAGGCGAA-1,0.9651430271146012
CGAATGTTCGCCAGCA-1,1.0358150380011881
CGACCTTAGCAAATCA-1,1.0321511977976008
CGACCTTAGCCGATTT-1,0.9396857021081066
CGACCTTAGCGATAGC-1,1.0528821451882853
CGACCTTAGGCATGTG-1,1.030398290828753
CGACCTTAGGGAACGG-1,0.9134395842276959
CGACCTTAGGGTATCG-1,1.0065919161028174
CGACCTTCAATCGGTT-1,1.0364552088486019
CGACCTTCAGGAATCG-1,1.0414381428344057
CGACCTTCATGTCCTC-1,0.9182976274182766
CGACCTTGTACCGAGA-1,1.0449224211257897
CGACCTTGTCATCCCT-1,1.041551368158934
CGACCTTGTCGCATCG-1,0.985010572584225
CGACCTTGTGTAACGG-1,1.048352561162862
CGACCTTTCAGCTCTC-1,1.0377422652397204
CGACCTTTCATACGGT-1,1.0371498986577927
CGACCTTTCCTTTCGG-1,0.9989496941567463
CGACCTTTCGCCGTGA-1,1.0392552656201346
CGACCTTTCTGCGACG-1,1.0448034742608217
CGACTTCAGCCACCTG-1,0.9906136208156184
CGACTTCAGCCCAATT-1,1.0359795227610145
CGACTTCAGCTAGTGG-1,1.042947114577284
CGACTTCAGCTTATCG-1,1.033407591601336
CGACTTCAGGCTCAGA-1,1.0432858253838229
CGACTTCAGTACGATA-1,1.0376330211873688
CGACTTCAGTGGACGT-1,1.0335033464511276
CGACTTCCAAACAACA-1,1.0351283750875926
CGACTTCCAACCGCCA-1,1.0322833599981234
CGACTTCCAAGTCATC-1,1.0484423269703862
CGACTTCCACCACGTG-1,1.039775475313467
CGACTTCCATCCGGGT-1,1.022710677909605
CGACTTCCATGGAATA-1,1.0041084448966846
CGACTTCCATTTCACT-1,1.04367916167754
CGACTTCGTCTAGAGG-1,1.0390858932092326
CGACTTCGTCTCAACA-1,1.031946318239062
CGACTTCGTCTTGCGG-1,1.0415769749216086
CGACTTCGTGATAAGT-1,1.0133813918836876
CGACTTCGTTAGTGGG-1,0.9895703839387874
CGACTTCGTTGATTGC-1,0.9871080580957785
CGACTTCTCAATAAGG-1,1.0355961855979097
CGACTTCTCCCAAGTA-1,1.044939591241885
CGACTTCTCGCCAAAT-1,0.9841882053839212
CGACTTCTCGGTCTAA-1,1.0436438498689184
CGACTTCTCGGTTAAC-1,0.969046467078415
CGACTTCTCGTACCGG-1,1.047042394703277
CGACTTCTCGTCGTTC-1,0.9947902075740691
CGACTTCTCGTTGCCT-1,1.041994002133247
CGAGAAGAGAAGGTTT-1,1.0415479716038192
CGAGAAGAGACTGGGT-1,0.9568474513331285
CGAGAAGAGAGCCTAG-1,1.036828897092978
CGAGAAGAGATCGATA-1,0.9968147362685094
CGAGAAGAGCCAGGAT-1,1.0497701598687146
CGAGAAGAGCTCTCGG-1,1.045034533144603
CGAGAAGAGGCCCGTT-1,1.0449831592235648
CGAGAAGAGGGAGTAA-1,1.0081318855055525
CGAGAAGAGGGTTCCC-1,1.0323622730757243
CGAGAAGAGTTATCGC-1,1.0368344230183224
CGAGAAGCAAAGGTGC-1,1.0355620447086025
CGAGAAGCAATCGAAA-1,1.0337364287737754
CGAGAAGCACAGCGTC-1,0.9611947631362538
CGAGAAGCACATCCGG-1,0.9774701448831736
CGAGAAGCACGCGAAA-1,1.005645065768683
CGAGAAGCAGAGTGTG-1,1.024498198532027
CGAGAAGCAGCGAACA-1,1.0278635524896604
CGAGAAGGTAAAGGAG-1,0.9987016069759279
CGAGAAGGTCAAAGCG-1,1.0475702127994706
CGAGAAGTCCGCAAGC-1,1.0435626062285117
CGAGAAGTCTAAGCCA-1,0.9677653765542734
CGAGAAGTCTTCGAGA-1,0.994431091848355
CGAGCACAGAAACCAT-1,1.0382393172667115
CGAGCACAGAGACGAA-1,1.033931766667013
CGAGCACAGCCAGAAC-1,1.0423692541955076
CGAGCACAGCTGCAAG-1,1.047651209537943
CGAGCACAGGGTCTCC-1,1.0432762928117825
CGAGCACAGGTACTCT-1,1.0294310388654333
CGAGCACAGGTGCACA-1,1.037286879230179
CGAGCACAGTGCGATG-1,1.001517707360311
CGAGCACAGTGTCTCA-1,0.980195853260741
CGAGCACCAAACAACA-1,1.0461051197977105
CGAGCACCAAGCGTAG-1,1.048964840420457
CGAGCACCACAGACTT-1,0.9677811625119779
CGAGCACCACGAGGTA-1,0.9850296342588719
CGAGCACCAGCTGCTG-1,1.0374152707316648
CGAGCACCAGTCGTGC-1,0.9651680693823347
CGAGCACCATCACCCT-1,1.046909855699527
CGAGCACCATGTAGTC-1,0.9956901092155773
CGAGCACGTAGCCTAT-1,1.0461375855235124
CGAGCACGTATTCGTG-1,1.0351975479181121
CGAGCACGTCAGAAGC-1,0.9817574988137419
CGAGCACGTGATGATA-1,1.031400841911538
CGAGCACGTGTGGCTC-1,1.0439311861411578
CGAGCACGTTAAGACA-1,1.0471129655861438
CGAGCACTCCAGTAGT-1,1.0365852840188805
CGAGCACTCGCCAAAT-1,1.0445177726099444
CGAGCACTCGGAGCAA-1,0.9767969106319665
CGAGCACTCGGCCGAT-1,1.0412219450170221
CGAGCACTCTTACCTA-1,1.0409915745936966
CGAGCACTCTTGTTTG-1,1.044062354916659
CGAGCCAAGACCGGAT-1,1.0212372909523426
CGAGCCAAGAGATGAG-1,1.0321921256600974
CGAGCCAAGCCACGTC-1,1.0452268319837028
CGAGCCAAGCGAGAAA-1,1.0450905564855968
CGAGCCAAGTACCGGA-1,1.0253205332076187
CGAGCCAAGTCCATAC-1,0.9318415351385089
CGAGCCACAGATGAGC-1,1.0496185576594539
CGAGCCAGTAAGGATT-1,1.0415811508045463
CGAGCCAGTACGAAAT-1,1.0451945602468982
CGAGCCAGTACGCACC-1,1.0381667286914564
CGAGCCAGTCGCCATG-1,1.035232900213432
CGAGCCAGTCTAAAGA-1,1.013652859834567
CGAGCCAGTCTAGAGG-1,1.025562448459656
CGAGCCAGTGTTGAGG-1,0.9918301823485589
CGAGCCAGTTATTCTC-1,1.010005830979418
CGAGCCATCACTTCAT-1,0.9901963515033881
CGAGCCATCAGCTCGG-1,1.0305061657137766
CGAGCCATCGGAAATA-1,1.0451638394578258
CGAGCCATCTAACGGT-1,1.0242890812561496
CGAGCCATCTGCGACG-1,0.9765613567839121
CGAGCCATCTTGTCAT-1,1.0433541640891266
CGATCGGAGACTAAGT-1,0.9837675111096609
CGATCGGAGCAGATCG-1,1.0500333479264599
CGATCGGAGCCCAATT-1,1.027971184480458
CGATCGGAGCGATCCC-1,0.9353088431429684
CGATCGGAGCGTCTAT-1,0.98648806371105
CGATCGGAGGATGCGT-1,0.9972513654446812
CGATCGGAGTACTTGC-1,1.0481408630707787
CGATCGGAGTGTCCAT-1,1.039082347776091
CGATCGGCAATAAGCA-1,1.0508548898778398
CGATCGGCAGACGCAA-1,1.0461291530254764
CGATCGGCAGCCTATA-1,0.9905579088232113
CGATCGGCATCGGAAG-1,0.9869485708029675
CGATCGGCATTACGAC-1,0.9980953944417135
CGATCGGCATTCTTAC-1,0.9477436002695646
CGATCGGGTAAGAGAG-1,1.0440176604423403
CGATCGGGTCAATACC-1,0.9552653052490863
CGATCGGGTCATATCG-1,1.0378308070620967
CGATCGGGTCTAGCGC-1,1.042457832000741
CGATCGGGTGCAGACA-1,0.9953257696678893
CGATCGGGTTCGGGCT-1,0.9789646334345906
CGATCGGTCATGTAGC-1,1.046321684785235
CGATCGGTCGACGGAA-1,1.0376130163912292
CGATCGGTCGAGGTAG-1,1.0399021819993988
CGATCGGTCGCGGATC-1,1.0174635567678934
CGATCGGTCGGTTAAC-1,1.002528228107445
CGATGGCAGACGCAAC-1,0.9858410974638474
CGATGGCAGCGATATA-1,0.9867532828101531
CGATGGCAGCTAACTC-1,1.0038124903705894
CGATGGCAGGCACATG-1,1.0445956281762898
CGATGGCAGGCAGTCA-1,1.0249599768272402
CGATGGCAGTGAAGTT-1,0.967687580314608
CGATGGCAGTGCAAGC-1,0.9232753776120741
CGATGGCCAAGTAATG-1,1.0457439013198249
CGATGGCCACCACGTG-1,0.9543742592411195
CGATGGCCAGGATTGG-1,1.0379919965421294
CGATGGCCAGTGGAGT-1,0.9851171137112511
CGATGGCGTAACGTTC-1,1.0359480684991509
CGATGGCGTATATGAG-1,1.0442625736638314
CGATGGCGTCGAAAGC-1,1.0370242959873786
CGATGGCGTCGCTTTC-1,1.0441956285635379
CGATGGCGTGGGTCAA-1,1.0435479821836622
CGATGGCTCACGATGT-1,0.9657065846764458
CGATGGCTCCACGTTC-1,1.0263165533910827
CGATGGCTCCGCTGTT-1,1.0021517273639353
CGATGGCTCGATAGAA-1,1.0263067110989712
CGATGGCTCGGCTACG-1,1.0351381807036129
CGATGGCTCTCCGGTT-1,0.9358641207492137
CGATGGCTCTCGTTTA-1,1.0377786623889935
CGATGTAAGACGCAAC-1,1.0444302975113653
CGATGTAAGGATGTAT-1,1.0437173142215108
CGATGTAAGTAATCCC-1,0.974786071408795
CGATGTACAGAGTGTG-1,1.026921303556477
CGATGTACATGTTCCC-1,1.0371419533181399
CGATGTACATTAACCG-1,1.0489589755931972
CGATGTAGTACGCACC-1,1.0388821901926224
CGATGTAGTCCCTACT-1,1.0452189579352913
CGATGTAGTCTAACGT-1,0.9985559489021089
CGATGTAGTGAAATCA-1,1.0443391470792027
CGATGTAGTGAGGGAG-1,1.0374640293200594
CGATGTAGTGCTTCTC-1,0.9915744287883692
CGATGTAGTGTAAGTA-1,1.04803802987912
CGATGTAGTTTGTTGG-1,1.0420201775233564
CGATGTATCAAACCGT-1,1.0353606307819294
CGATGTATCACTGGGC-1,1.0190486557786067
CGATGTATCCAAGCCG-1,1.0338608348110931
CGATGTATCTAGAGTC-1,1.0322802933366606
CGATGTATCTCCAACC-1,0.9989309338884872
CGATGTATCTGACCTC-1,1.0477328659703906
CGATGTATCTGAGGGA-1,1.0441687423437669
CGATTGAAGAATGTTG-1,1.0479737889348648
CGATTGAAGACTTTCG-1,1.0124544388210486
CGATTGAAGATCTGAA-1,1.0211463314608942
CGATTGAAGCGATGAC-1,1.016701584153692
CGATTGAAGGAGTTGC-1,1.043230596118909
CGATTGAAGGGAGTAA-1,1.0380152857830254
CGATTGAAGTGTACTC-1,1.0480768670641258
CGATTGACAAGAAAGG-1,1.0382523722476984
CGATTGACAAGTTGTC-1,1.0169962224711966
CGATTGACATGGAATA-1,0.9633886755770915
CGATTGACATGGTAGG-1,1.0523583340677023
CGATTGAGTATAATGG-1,0.9570666957654739
CGATTGAGTCATCGGC-1,1.0423666938917777
CGATTGAGTCGGCACT-1,0.9996764148486024
CGATTGAGTCTAGAGG-1,0.9484282750457781
CGATTGAGTGCTTCTC-1,1.0424423414996007
CGATTGATCAAGATCC-1,1.0359702270188684
CGATTGATCTCGCATC-1,0.9934324621120824
CGCCAAGAGAATGTTG-1,1.0289972266656664
CGCCAAGAGAGGGCTT-1,1.0360859551752144
CGCCAAGAGCAATCTC-1,1.0312354230520797
CGCCAAGAGCCAACAG-1,0.9739446539392462
CGCCAAGAGGCGCTCT-1,0.9720208400859434
CGCCAAGAGGTAAACT-1,0.9987287400224519
CGCCAAGAGTATCTCG-1,1.0369269444761984
CGCCAAGAGTCGAGTG-1,1.038513210986149
CGCCAAGAGTGTTGAA-1,0.9773065633131587
CGCCAAGCAACGATGG-1,1.036298661577644
CGCCAAGCACCACCAG-1,1.0371043313407347
CGCCAAGCACCCATGG-1,1.0389585907300123
CGCCAAGCACGGTGTC-1,1.0391783614089398
CGCCAAGCAGTCAGAG-1,1.0407733123005283
CGCCAAGCATGTTCCC-1,1.0045073950353012
CGCCAAGGTCAGGACA-1,1.0104518181625315
CGCCAAGGTCTAGTGT-1,1.042001203207526
CGCCAAGGTCTTGCGG-1,1.0423896514724618
CGCCAAGGTGGTACAG-1,0.9961571018693385
CGCCAAGGTTTGTTTC-1,0.9973128920566243
CGCCAAGTCAATAAGG-1,1.0393099986097136
CGCCAAGTCAGGCCCA-1,1.0265744141397284
CGCCAAGTCCGAAGAG-1,1.0455188105179325
CGCCAAGTCCTATGTT-1,1.036696229070558
CGCCAAGTCGGAGGTA-1,1.0287878149255787
CGCCAAGTCTATGTGG-1,1.0374657795345328
CGCCAAGTCTTAGCCC-1,1.0426609397164173
CGCGGTAAGATCCGAG-1,1.0401806240920255
CGCGGTAAGATCGGGT-1,1.0451341610807143
CGCGGTAAGTGGCACA-1,1.0170269059626698
CGCGGTACAAGAAGAG-1,1.0036665023296774
CGCGGTACAATGGAAT-1,1.0328759937766687
CGCGGTACACACCGAC-1,1.0386677837095808
CGCGGTACACAGTCGC-1,1.0463527031717628
CGCGGTAGTACCGAGA-1,1.0373620482937442
CGCGGTAGTAGCCTCG-1,1.0159769520601993
CGCGGTAGTATGGTTC-1,1.0285482463764948
CGCGGTAGTCCTGCTT-1,1.038879823895362
CGCGGTAGTCGAGATG-1,1.0089442446342607
CGCGGTAGTCGCTTCT-1,0.9810236269865772
CGCGGTATCACGATGT-1,1.0381390068725405
CGCGGTATCCCTCAGT-1,1.0380373200750082
CGCGGTATCGAGCCCA-1,1.0052181011704409
CGCGGTATCGATGAGG-1,0.9886534668426186
CGCGTTTAGGCAGGTT-1,1.0463651150402482
CGCGTTTCAATAGAGT-1,0.9747265241146851
CGCGTTTCACCAGGTC-1,1.04614932946857
CGCGTTTCAGCGTCCA-1,1.020891633713343
CGCGTTTCATAGGATA-1,1.0504407291920266
CGCGTTTGTAAGTGTA-1,1.0004971095176327
CGCGTTTGTATAGGTA-1,1.0404368199252534
CGCGTTTGTCCTGCTT-1,1.013136501294724
CGCGTTTGTTATCACG-1,0.9924139159058222
CGCGTTTTCATATCGG-1,0.982451000872172
CGCGTTTTCGACAGCC-1,0.972916626394816
CGCGTTTTCGCCTGAG-1,1.0388864340669266
CGCGTTTTCGGTGTTA-1,1.0109021168480323
CGCGTTTTCGTATCAG-1,1.03447844281161
CGCGTTTTCTGATACG-1,1.0501076262847613
CGCTATCAGACCCACC-1,1.0332100419041985
CGCTATCAGTCATGCT-1,1.0306092579101962
CGCTATCAGTTTCCTT-1,0.915913783049231
CGCTATCCAATGGATA-1,0.9701383788225272
CGCTATCCACACATGT-1,1.0334570379656427
CGCTATCCACCAGGCT-1,1.040391537217052
CGCTATCCACGTTGGC-1,1.0285171162196465
CGCTATCCACTTACGA-1,1.0402410403262008
CGCTATCCAGCGTCCA-1,1.0125827422221043
CGCTATCCAGTTTACG-1,1.0484367253979512
CGCTATCCATCTCCCA-1,1.0319195385566082
CGCTATCCATGGTTGT-1,1.0399123980219962
CGCTATCGTAGCACGA-1,1.0448487315556778
CGCTATCGTAGGCTGA-1,0.9918022422778082
CGCTATCGTCTAACGT-1,0.9349980871935685
CGCTATCGTGCTTCTC-1,1.0189281802643326
CGCTATCGTGTCTGAT-1,1.0141963327377912
CGCTATCGTTCAGACT-1,1.0419580764713003
CGCTATCGTTGGACCC-1,1.0359004720169527
CGCTATCTCACGATGT-1,1.046849736817539
CGCTATCTCAGGCAAG-1,1.0435175342106153
CGCTATCTCATACGGT-1,1.0083337792219622
CGCTATCTCCGCTGTT-1,0.9957098456578175
CGCTATCTCCGTTGCT-1,0.9762721940972438
CGCTATCTCCTATGTT-1,1.0439506382138102
CGCTGGAAGTTAACGA-1,0.9308329957690944
CGCTGGACACAACGCC-1,0.9910919700318025
CGCTGGACAGCTGTGC-1,1.0367327663174883
CGCTGGACAGTCAGCC-1,1.0393716239444708
CGCTGGACATCATCCC-1,1.0423623759119498
CGCTGGACATGAAGTA-1,1.0232409114231422
CGCTGGAGTAAGTGGC-1,1.0503874589894562
CGCTGGAGTAGCGCAA-1,0.9359092198549894
CGCTGGAGTCGCTTTC-1,0.9939122396760153
CGCTGGATCACCCGAG-1,1.0127091718939998
CGCTGGATCCGCATCT-1,0.9890738607183325
CGCTGGATCCTAAGTG-1,1.050132473878656
CGCTTCAAGACAGGCT-1,1.0063652119405153
CGCTTCAAGAGTAATC-1,1.0350103307620548
CGCTTCAAGATGAGAG-1,0.967983507992953
CGCTTCAAGGATGCGT-1,1.0510970425903359
CGCTTCAAGTGCAAGC-1,0.9482050963423656
CGCTTCAAGTGGACGT-1,1.0350559583498624
CGCTTCAAGTTACGGG-1,0.9915640018195319
CGCTTCACAATGACCT-1,1.0298534864709563
CGCTTCACAGGACGTA-1,1.0463195899414988
CGCTTCACAGGGTATG-1,0.8546358221386239
CGCTTCACAGTCCTTC-1,1.0054073906438596
CGCTTCAGTCTAACGT-1,1.043624245076791
CGCTTCAGTCTCGTTC-1,1.026460063751102
CGCTTCAGTGCCTGTG-1,1.0318376535882237
CGCTTCAGTGTCAATC-1,1.0327480876130264
CGCTTCAGTGTTCGAT-1,1.04575196586556
CGCTTCAGTGTTTGTG-1,1.022200393849867
CGCTTCAGTTCGCTAA-1,1.039099464650498
CGCTTCAGTTGTTTGG-1,1.039385870028415
CGCTTCAGTTTGGGCC-1,1.0146760394513878
CGCTTCATCCAGAAGG-1,1.034422985114009
CGCTTCATCCTTGCCA-1,1.0404449430776843
CGCTTCATCTTGCCGT-1,0.998060752119757
CGGACACAGACAGACC-1,1.0313701965157593
CGGACACAGACTACAA-1,0.9947969383549051
CGGACACAGCACGCCT-1,0.9969526779346521
CGGACACAGCGATCCC-1,1.0418642582708992
CGGACACCAATAAGCA-1,1.0063808809841968
CGGACACCAATGGTCT-1,0.9534336439566838
CGGACACCAGCCTTGG-1,1.0362722151252792
CGGACACCATATGAGA-1,1.0476058509962316
CGGACACCATCACCCT-1,0.9891368042867047
CGGACACCATCGGACC-1,1.0403880396704768
CGGACACGTCAGAATA-1,1.036788400080143
CGGACACGTCGGCATC-1,1.037805276213411
CGGACACGTGACGGTA-1,1.0146590912488238
CGGACACGTGCAACGA-1,0.9937082027325705
CGGACACTCATATCGG-1,1.0345234215459451
CGGACACTCATTGCCC-1,1.0440235174725792
CGGACACTCCGTAGTA-1,1.028291112625241
CGGACACTCGATCCCT-1,1.041451800977962
CGGACACTCTCCGGTT-1,1.0314838355955314
CGGACGTAGACCACGA-1,1.014098724947317
CGGACGTAGGCATGGT-1,1.0324229914743301
CGGACGTAGGGCTTCC-1,1.0363075760024658
CGGACGTCACGAGGTA-1,1.0140137126863102
CGGACGTCACTTCGAA-1,1.0319222937189616
CGGACGTCAGCAGTTT-1,1.0443703571930727
CGGACGTCAGGCTCAC-1,1.0275320980273701
CGGACGTCAGTCAGAG-1,1.0453363587910283
CGGACGTCATTAGGCT-1,1.0409261464669284
CGGACGTGTAAACACA-1,1.0388551406375657
CGGACGTGTACAGTTC-1,0.9758840200714403
CGGACGTGTACTTCTT-1,0.9865022693145642
CGGACGTGTATGCTTG-1,1.044005524667114
CGGACGTGTCCAGTTA-1,0.9839648469454143
CGGACGTGTCGGCTCA-1,0.996688802464894
CGGACGTGTGGTCTCG-1,1.0376634655163872
CGGACGTGTTCAACCA-1,1.0385496883282304
CGGACGTTCATGGTCA-1,1.009465902538072
CGGACGTTCCAGTATG-1,1.0219123161182488
CGGACGTTCCGGGTGT-1,1.0313498967549597
CGGACGTTCCTAAGTG-1,1.0455580167446488
CGGACGTTCCTATTCA-1,1.0052386399882174
CGGACGTTCTGTCTCG-1,1.0457245020416415
CGGACGTTCTTGAGGT-1,1.0282367023541221
CGGACGTTCTTGTATC-1,0.9612443106264762
CGGACTGAGACACGAC-1,1.0371100857829938
CGGACTGAGATTACCC-1,1.0016549019136143
CGGACTGAGTTATCGC-1,1.0297187141832511
CGGACTGCAATCACAC-1,1.0464377014169093
CGGACTGCAATGAAAC-1,1.0388862032236894
CGGACTGCAGACGCCT-1,1.0441036705557432
CGGACTGCAGCTGCAC-1,1.0469637111034051
CGGACTGCAGGGTACA-1,1.015918624069496
CGGACTGCATGCGCAC-1,1.0360222035001438
CGGACTGGTAAGTGGC-1,1.0390831298437204
CGGACTGGTAATCACC-1,0.9359479689700761
CGGACTGGTACTCAAC-1,0.9645729265206592
CGGACTGGTCATATGC-1,1.0372414596246249
CGGACTGGTCTCTCTG-1,1.0251095337503484
CGGACTGGTTACGGAG-1,1.0422057591436407
CGGACTGGTTGATTGC-1,1.0343448044178445
CGGACTGTCACGACTA-1,1.0190094142868926
CGGACTGTCCCGACTT-1,0.9572008823620455
CGGACTGTCGCCTGAG-1,1.0186253502611828
CGGACTGTCTCGTATT-1,1.0091217243918942
CGGAGCTAGCATGGCA-1,1.0437938446365673
CGGAGCTAGCGCCTTG-1,0.9204330740421933
CGGAGCTAGGGAACGG-1,1.009652979320078
CGGAGCTAGGGTATCG-1,0.9990168981760805
CGGAGCTCACACCGCA-1,1.0474644718664692
CGGAGCTCATCCGTGG-1,1.0427774557168747
CGGAGCTGTGGGTATG-1,1.0185939565920106
CGGAGCTGTGTCAATC-1,1.0432777462464533
CGGAGCTGTTCCACAA-1,0.9993413113685592
CGGAGCTTCAAAGTAG-1,0.9532291300990076
CGGAGCTTCAATCTCT-1,1.041185042661491
CGGAGCTTCAGGCCCA-1,0.947613345906512
CGGAGCTTCCTCAATT-1,1.0377470717584272
CGGAGCTTCTGAGGGA-1,1.026590882074356
CGGAGCTTCTGCCCTA-1,1.0394404707316118
CGGAGCTTCTGTGCAA-1,0.9905748126740299
CGGAGCTTCTTGGGTA-1,1.0419911001461253
CGGAGTCAGAATGTGT-1,0.9954874336992086
CGGAGTCAGGACTGGT-1,1.034446512325211
CGGAGTCAGGCATGTG-1,1.0157977088064254
CGGAGTCAGGGTGTGT-1,1.049947532550729
CGGAGTCCAAACTGCT-1,0.9970592998843925
CGGAGTCCAAAGGTGC-1,0.980669605517717
CGGAGTCCAATTGCTG-1,1.0469981579878274
CGGAGTCCACGCTTTC-1,1.0483111726187306
CGGAGTCCACGTAAGG-1,0.9562911345728058
CGGAGTCCAGTAGAGC-1,1.0016215944739766
CGGAGTCCATATGCTG-1,1.035910755769828
CGGAGTCCATCTATGG-1,1.0433575126405743
CGGAGTCCATCTCGCT-1,1.0491538052049574
CGGAGTCCATGGGAAC-1,1.0383519221613475
CGGAGTCGTACCGTTA-1,1.023144698344515
CGGAGTCGTAGCCTAT-1,1.0430786275650858
CGGAGTCGTCTGGTCG-1,1.0500166046779005
CGGAGTCGTGTGACGA-1,0.9681985239162373
CGGAGTCGTTTGCATG-1,1.0377100984888625
CGGAGTCTCAGCATGT-1,1.0414844882997456
CGGAGTCTCCAAATGC-1,1.0320548368447833
CGGAGTCTCCCAACGG-1,1.0388856837259086
CGGAGTCTCCGAGCCA-1,1.0070865946951573
CGGAGTCTCCGCATCT-1,1.0174530909387471
CGGAGTCTCCTGTACC-1,1.0458265111035034
CGGAGTCTCGCAAACT-1,0.9529983776675671
CGGAGTCTCGGCTACG-1,1.002711615840048
CGGAGTCTCTGGTATG-1,0.946306320739721
CGGCTAGAGAGGGCTT-1,1.050013666372526
CGGCTAGAGATACACA-1,1.0473560609945705
CGGCTAGAGATGCCTT-1,1.031806157492045
CGGCTAGAGCAAATCA-1,1.0387626809020931
CGGCTAGAGCAATCTC-1,1.0181900867036917
CGGCTAGAGCTACCTA-1,1.0151290459814226
CGGCTAGAGCTGCAAG-1,0.9437972845304049
CGGCTAGAGTGAACAT-1,1.04418373612761
CGGCTAGCAAGGGTCA-1,1.0400040865539455
CGGCTAGCAGAGCCAA-1,1.048304970107438
CGGCTAGCAGATGAGC-1,1.0284360652099998
CGGCTAGCAGGGATTG-1,1.0369099057115418
CGGCTAGCATCCAACA-1,1.0354652466034244
CGGCTAGGTAATCGTC-1,1.0333002476450717
CGGCTAGGTCACCTAA-1,0.9620202584725379
CGGCTAGGTCGGGTCT-1,1.0482528050104927
CGGCTAGGTCTGCGGT-1,1.046088472655837
CGGCTAGGTGGACGAT-1,1.0354813055273508
CGGCTAGGTTCAGGCC-1,1.0390271499761747
CGGCTAGTCAATAAGG-1,0.7303563228603773
CGGCTAGTCATCATTC-1,0.9990746422895185
CGGCTAGTCCAATGGT-1,1.0387323786294456
CGGCTAGTCCACGCAG-1,0.9944472367288403
CGGCTAGTCCGCAGTG-1,1.0196193852030642
CGGCTAGTCTAACCGA-1,1.04278536897533
CGGCTAGTCTGCCAGG-1,1.0497906716229761
CGGCTAGTCTGTCTCG-1,0.9525495467846409
CGGGTCAAGCCCAGCT-1,1.0446950953080978
CGGGTCAAGCTGGAAC-1,0.9746509461402177
CGGGTCAAGGCCCTCA-1,0.9836453133891246
CGGGTCAAGGGTTCCC-1,0.9002113010670113
CGGGTCAAGTTGTAGA-1,1.0176780465366357
CGGGTCACAAGTACCT-1,1.0327222773881928
CGGGTCACAATGAATG-1,1.0016300703386112
CGGGTCACACCTCGTT-1,1.038748605660963
CGGGTCACACCTGGTG-1,1.0297789370805082
CGGGTCACATTCCTCG-1,1.0437618870859202
CGGGTCAGTAAGGATT-1,0.9767826531338915
CGGGTCAGTCAACTGT-1,0.9632941320871714
CGGGTCAGTCCATCCT-1,1.0280245451351486
CGGGTCAGTGTAAGTA-1,1.0134076436608168
CGGGTCAGTTGATTCG-1,1.0392172798038153
CGGGTCAGTTGGTTTG-1,0.9964415574709626
CGGGTCATCCTCAATT-1,1.0485900609026466
CGGGTCATCCTCGCAT-1,0.987507555387168
CGGGTCATCGTAGGTT-1,1.040953732439965
CGGGTCATCGTCTGAA-1,1.0036081426756243
CGGGTCATCTGCTGCT-1,1.0030500693821967
CGGTTAAAGACCACGA-1,1.038707350905503
CGGTTAAAGAGTACCG-1,1.0353604376028578
CGGTTAAAGCAAATCA-1,1.0364578987418238
CGGTTAAAGCAGATCG-1,0.9789315699662001
CGGTTAAAGGATTCGG-1,1.0306705291053595
CGGTTAACAAAGCGGT-1,0.9993362607551102
CGGTTAACAAGTTCTG-1,0.965838402407681
CGGTTAACACCTGGTG-1,0.9991615515134561
CGGTTAACATAGGATA-1,0.9911887486993616
CGGTTAACATCCGTGG-1,0.9874847057260093
CGGTTAACATGCATGT-1,1.0403205810801825
CGGTTAAGTAGAGTGC-1,1.0277914929184815
CGGTTAAGTCAACATC-1,1.0325999719182035
CGGTTAAGTCACAAGG-1,1.046977371019516
CGGTTAAGTCGCATAT-1,1.0315284295672658
CGGTTAAGTCTCCCTA-1,1.0464789814816646
CGGTTAAGTGCGCTTG-1,0.9876172102729338
CGGTTAAGTGTCTGAT-1,0.9897912776623115
CGGTTAAGTTGCGTTA-1,1.0430498292803183
CGGTTAATCAGCTGGC-1,1.0443760641842779
CGGTTAATCCAAGCCG-1,0.9898773445517511
CGGTTAATCCATGCTC-1,1.0070062451846815
CGGTTAATCCTTCAAT-1,0.9768649282132476
CGGTTAATCTATCCTA-1,1.0264073092124761
CGGTTAATCTTTAGGG-1,1.0330190275817097
CGTAGCGAGGAATTAC-1,1.002093092351975
CGTAGCGAGGTCATCT-1,1.0118561901208536
CGTAGCGAGGTTCCTA-1,1.0024828783777096
CGTAGCGAGTCAATAG-1,1.0076082131907884
CGTAGCGCAACGATCT-1,1.0244664690759124
CGTAGCGCAAGCCGTC-1,1.0081183323670202
CGTAGCGCACTTAACG-1,0.9711379024326746
CGTAGCGCAGCCAATT-1,1.039617172873571
CGTAGCGCAGTGACAG-1,1.0335126331818432
CGTAGCGCATGAACCT-1,1.0464287205864793
CGTAGCGCATGCAACT-1,1.0061224684156505
CGTAGCGCATGGTAGG-1,1.043919683657957
CGTAGCGCATTGTGCA-1,1.0450456560016361
CGTAGCGGTAAACACA-1,1.0413895160027626
CGTAGCGGTACGACCC-1,1.0385493707449118
CGTAGCGGTCATGCAT-1,1.0259430577234412
CGTAGCGGTGGCTCCA-1,1.0046917825696582
CGTAGCGGTTACTGAC-1,1.0343067358107232
CGTAGCGGTTCACGGC-1,1.0458513501021394
CGTAGCGGTTGCGTTA-1,1.0484588060223867
CGTAGCGTCAAGGCTT-1,1.0393967145669747
CGTAGCGTCTCCAACC-1,1.0333063877036166
CGTAGCGTCTCTGAGA-1,0.989345047187265
CGTAGGCAGAATGTGT-1,0.9883677147821843
CGTAGGCAGATAGGAG-1,0.9996803143270837
CGTAGGCAGGCTCAGA-1,1.0476387765850037
CGTAGGCAGGGTGTTG-1,1.0325915582390162
CGTAGGCAGTGAAGTT-1,1.034447313687331
CGTAGGCCAACACGCC-1,0.9490711291072282
CGTAGGCCAACTTGAC-1,0.9587089490730359
CGTAGGCCAAGCCGCT-1,0.9717781861169534
CGTAGGCCACAGGTTT-1,1.0312882024295322
CGTAGGCCACTACAGT-1,0.9277435504244248
CGTAGGCCAGACAGGT-1,1.0169149259068115
CGTAGGCCAGTTCATG-1,1.0064288878639869
CGTAGGCCATACGCTA-1,1.0469393552128508
CGTAGGCCATGTTCCC-1,0.9646925413589602
CGTAGGCGTACAGTGG-1,1.0427480484957536
CGTAGGCGTAGGCTGA-1,1.0130054020370218
CGTAGGCGTATTAGCC-1,1.0122250012578036
CGTAGGCGTCCGAAGA-1,1.038283185430901
CGTAGGCTCACTATTC-1,1.0460707096674906
CGTAGGCTCAGCCTAA-1,1.0424893195223823
CGTAGGCTCCGGGTGT-1,0.9705552243930768
CGTAGGCTCGGAGCAA-1,1.03282707793615
CGTAGGCTCTACCTGC-1,1.0070305222846656
CGTAGGCTCTGTCAAG-1,1.0422469495199755
CGTCACTAGACTAGAT-1,0.9948250679691515
CGTCACTAGAGACGAA-1,0.9901819351021148
CGTCACTAGCGCTTAT-1,0.9638299678756101
CGTCACTCAGCATGAG-1,1.044508920540509
CGTCACTCAGTAGAGC-1,1.0312548372435781
CGTCACTCATGATCCA-1,1.0229887373417625
CGTCACTGTACGCACC-1,1.0003768710163434
CGTCACTGTCCGAATT-1,1.0410893340178926
CGTCACTGTCTCATCC-1,0.9824933045785258
CGTCACTGTCTCTCTG-1,0.9801983686326944
CGTCACTGTGATAAGT-1,1.0397755356713176
CGTCACTGTGCAGACA-1,0.9987559959679316
CGTCACTGTGGCCCTA-1,1.046806592165977
CGTCACTGTTGGTGGA-1,1.0277923360090753
CGTCACTTCGAATGCT-1,1.0000106818520083
CGTCACTTCTGATACG-1,1.0415157173937242
CGTCAGGAGAGCTTCT-1,1.0406159220110365
CGTCAGGAGAGGTACC-1,1.0303914937123326
CGTCAGGAGATAGCAT-1,1.0000186201174848
CGTCAGGAGCATGGCA-1,1.0391641112256416
CGTCAGGAGGAGCGTT-1,0.9912716482792231
CGTCAGGAGGGTGTGT-1,1.029893981194472
CGTCAGGAGTGGACGT-1,0.9640416392122722
CGTCAGGAGTGTGGCA-1,1.0443811323897505
CGTCAGGCAATAGAGT-1,0.9913814356004851
CGTCAGGCAATCCGAT-1,1.0203152820273589
CGTCAGGCAATGAAAC-1,0.8278347776275952
CGTCAGGCACACCGCA-1,1.0121867869713952
CGTCAGGCAGACAAAT-1,1.0375257338631643
CGTCAGGCAGGTCTCG-1,0.9324910390015405
CGTCAGGCATTGGTAC-1,1.0133426756383668
CGTCAGGGTCTCCACT-1,1.0137288712907977
CGTCAGGGTGAACCTT-1,1.0386673037607843
CGTCAGGGTTATGTGC-1,1.0208134422332031
CGTCAGGTCACTATTC-1,1.0422606742470273
CGTCAGGTCGGCGGTT-1,0.9933509607459907
CGTCAGGTCTATCGCC-1,1.0376394091290104
CGTCAGGTCTCTGTCG-1,1.0507763652441233
CGTCAGGTCTTGTACT-1,1.0443714380312539
CGTCCATAGAGCAATT-1,0.925037957656472
CGTCCATAGAGGTTAT-1,1.0452486006617085
CGTCCATAGCTGGAAC-1,1.0171208808565686
CGTCCATAGGATCGCA-1,1.0422840021249735
CGTCCATCAAGCCGCT-1,0.9687950827332641
CGTCCATCAATCTGCA-1,1.0375298749691835
CGTCCATCACGGATAG-1,1.0377503187548733
CGTCCATCACTTGGAT-1,0.9511425260262498
CGTCCATCAGATGAGC-1,1.0252924077512038
CGTCCATCATGTCTCC-1,1.0423529927632023
CGTCCATCATTAGGCT-1,0.9772285598983551
CGTCCATGTACCCAAT-1,1.0453384902588214
CGTCCATGTCTAGCCG-1,1.0434038598185558
CGTCCATGTCTCTTAT-1,1.0443727728456258
CGTCCATGTGAGCGAT-1,1.0328442845832688
CGTCCATGTTCACCTC-1,1.0224468770168764
CGTCCATTCCCTGACT-1,0.995148793430198
CGTCCATTCGCCATAA-1,1.0258405513882998
CGTCCATTCGGCGGTT-1,0.9677837884354191
CGTCCATTCTCGATGA-1,1.0399611259169403
CGTCTACAGACGCAAC-1,1.036138833119061
CGTCTACAGAGAGCTC-1,1.0422502117876018
CGTCTACAGCATCATC-1,1.049382530043337
CGTCTACAGTGGTCCC-1,1.037273313832909
CGTCTACAGTTCCACA-1,1.00120541298191
CGTCTACCAAGGCTCC-1,0.8986738365751131
CGTCTACCACCGAATT-1,1.0425585646920634
CGTCTACCACCGTTGG-1,1.045094222708873
CGTCTACCATGTAGTC-1,1.0061617236462608
CGTCTACGTAATTGGA-1,1.0450746732829115
CGTCTACGTAGTGAAT-1,1.0336745178266977
CGTCTACGTATTCTCT-1,1.0422772115535865
CGTCTACGTCCGCTGA-1,1.0460454369352117
CGTCTACGTCGCGTGT-1,1.0467600204253713
CGTCTACGTGCACCAC-1,1.0365450543465988
CGTCTACGTGCCTTGG-1,1.0366250592619062
CGTCTACGTGTAACGG-1,1.010160807910345
CGTCTACTCCACGACG-1,1.045748618896749
CGTCTACTCGATCCCT-1,1.0318675040964707
CGTCTACTCGCTAGCG-1,1.0349624950009721
CGTCTACTCTACTTAC-1,0.991882359557085
CGTCTACTCTTTACGT-1,1.0098748529026766
CGTGAGCAGCAACGGT-1,1.0415891035055012
CGTGAGCAGCCCAACC-1,1.0357307250161176
CGTGAGCAGCGTTTAC-1,1.0417129782592633
CGTGAGCAGTGGTAGC-1,1.0479018937299305
CGTGAGCAGTTATCGC-1,0.9747205614269456
CGTGAGCCAACTGCTA-1,1.055727033305631
CGTGAGCCACACCGAC-1,1.0139172929860196
CGTGAGCCACATGACT-1,1.0435463050195752
CGTGAGCCACATGTGT-1,1.026676415085058
CGTGAGCCACATTCGA-1,0.993616421310748
CGTGAGCCAGCGAACA-1,1.0393205089190392
CGTGAGCCAGGACGTA-1,1.0392295101755111
CGTGAGCCATAAGACA-1,0.9892366651591011
CGTGAGCGTAAACCTC-1,1.0330695234846203
CGTGAGCGTGAGGCTA-1,1.0350901875354896
CGTGAGCGTGATAAAC-1,1.0187093260575824
CGTGAGCGTTACGCGC-1,1.0041914270794334
CGTGAGCTCAAACCGT-1,1.040168967380691
CGTGAGCTCACGATGT-1,1.0488251337396366
CGTGAGCTCCCAAGAT-1,1.0387644287141538
CGTGTAAAGAAACGAG-1,1.005305472586549
CGTGTAAAGATGTAAC-1,1.0304579104121376
CGTGTAAAGTCTCGGC-1,0.9842215274420953
CGTGTAACAAAGTCAA-1,1.0303041430517312
CGTGTAACAGCCTGTG-1,1.0363702437982976
CGTGTAACAGCTCGAC-1,0.9863269128332387
CGTGTAACAGGTCTCG-1,0.971692255957196
CGTGTAACATACTCTT-1,1.0455647570787625
CGTGTAACATGAACCT-1,1.046243714076052
CGTGTAAGTAAACGCG-1,0.968867936310523
CGTGTAAGTATATGGA-1,1.0325319626446334
CGTGTAAGTCACCTAA-1,1.0230069166190927
CGTGTAAGTCAGCTAT-1,1.0384024525068218
CGTGTAAGTGAGCGAT-1,0.9158733363754976
CGTGTAAGTGATAAAC-1,1.0442229413031476
CGTGTAAGTGCGATAG-1,1.0126890196968663
CGTGTAAGTGTCCTCT-1,0.9571086339526229
CGTGTAAGTGTGACGA-1,1.010158078694016
CGTGTAAGTTATGCGT-1,1.0387136227087554
CGTGTAATCACCTTAT-1,1.0408060273943769
CGTGTAATCGGGAGTA-1,1.0462025768278673
CGTGTCTAGACGACGT-1,1.0294941924464598
CGTGTCTAGATTACCC-1,1.0480853394022118
CGTGTCTAGGCTAGCA-1,1.0232515194537486
CGTGTCTCACAAGCCC-1,1.0435304691527403
CGTGTCTCACACCGAC-1,0.9801826509834719
CGTGTCTCACAGATTC-1,1.0495077836144946
CGTGTCTCAGACGCAA-1,1.0222646859531617
CGTGTCTCAGATAATG-1,1.0357672468826191
CGTGTCTCAGCTATTG-1,1.0276388850133298
CGTGTCTCATACTCTT-1,1.0180712383855517
CGTGTCTGTCACCCAG-1,1.0158161168151758
CGTGTCTGTGAGCGAT-1,1.040992368761086
CGTGTCTGTTAAAGAC-1,0.9593622816049177
CGTGTCTGTTACCGAT-1,1.044141905772673
CGTGTCTGTTGGGACA-1,1.0203173454048766
CGTGTCTTCATTGCGA-1,1.035927596802113
CGTGTCTTCCTCAATT-1,1.0428495018695136
CGTGTCTTCGTCCAGG-1,0.9963821985569925
CGTGTCTTCTACTCAT-1,0.9876601754673378
CGTGTCTTCTTTACAC-1,0.9904714025531174
CGTTAGAAGCACAGGT-1,1.0410000585623167
CGTTAGAAGCGAAGGG-1,1.0398174205740869
CGTTAGAAGGACTGGT-1,0.9573003444246763
CGTTAGAAGGAGTACC-1,1.0341893987472752
CGTTAGAAGTACATGA-1,1.0446074624739141
CGTTAGAAGTCCGGTC-1,0.9937498361198515
CGTTAGACAAGGGTCA-1,1.0341361394251198
CGTTAGACAATGAATG-1,1.034107401215181
CGTTAGACAATGTAAG-1,1.0371479208799297
CGTTAGACAGGACGTA-1,0.9805546603672106
CGTTAGACAGTAACGG-1,1.0380203511959143
CGTTAGACAGTACACT-1,1.047025134395703
CGTTAGACAGTTTACG-1,1.0461692718910143
CGTTAGACATCTCGCT-1,1.0253612165950448
CGTTAGAGTAAGTGTA-1,0.9648639810680798
CGTTAGAGTGTAACGG-1,1.0485648975992556
CGTTAGATCAAGAAGT-1,1.042418010301109
CGTTAGATCACTTATC-1,0.9821493647363679
CGTTAGATCCATTCTA-1,1.0455692360031044
CGTTAGATCTCCTATA-1,1.0424716268074417
CGTTAGATCTTACCGC-1,0.9481163473024214
CGTTCTGAGAGACGAA-1,1.0497888688069523
CGTTCTGAGTCGATAA-1,1.040729627630288
CGTTCTGCAAACTGTC-1,1.043523266524083
CGTTCTGCAAAGTGCG-1,1.0503604873438457
CGTTCTGCACCATCCT-1,1.0455909135924621
CGTTCTGCACCGAATT-1,1.0418865957474233
CGTTCTGCAGATGGCA-1,1.0426924219784115
CGTTCTGCAGCTCCGA-1,1.0414401777885502
CGTTCTGCAGCTTCGG-1,1.0208272690019233
CGTTCTGCAGTGACAG-1,1.0002301951148176
CGTTCTGCATTGGTAC-1,1.0436353371423788
CGTTCTGGTACAGCAG-1,1.0357340891513709
CGTTCTGGTAGCGTCC-1,1.0430139520316501
CGTTCTGGTCCTAGCG-1,1.0410981311948786
CGTTCTGGTCGGCTCA-1,1.0071502516834883
CGTTCTGGTGATGTGG-1,0.9239675114033044
CGTTCTGGTGCACGAA-1,1.0017781399371133
CGTTCTGGTGCTTCTC-1,1.0194637679629037
CGTTCTGGTGGTCTCG-1,0.9661887659802658
CGTTCTGGTTCAGGCC-1,1.0441347909297047
CGTTCTGGTTGAGTTC-1,0.9064866759428823
CGTTCTGGTTTCGCTC-1,1.0085549934917435
CGTTCTGTCAAGGCTT-1,1.0270495565198614
CGTTCTGTCCCACTTG-1,1.038760311356733
CGTTCTGTCCGAACGC-1,1.0416202961015006
CGTTCTGTCCTTGCCA-1,1.0473020486588909
CGTTCTGTCTCGATGA-1,1.047857080272772
CGTTCTGTCTCTAAGG-1,1.037816240888976
CGTTCTGTCTTTAGGG-1,1.043067413006429
CGTTGGGAGAATGTGT-1,1.0090071383004708
CGTTGGGAGACTAGAT-1,1.0486429995139877
CGTTGGGAGATAGGAG-1,1.0412917892656621
CGTTGGGAGTCTCCTC-1,1.0152398105746376
CGTTGGGAGTGTGAAT-1,0.9789693016715085
CGTTGGGAGTTGTCGT-1,1.0207793081551386
CGTTGGGCACACCGCA-1,1.0389895799518876
CGTTGGGCATCCCACT-1,1.0388477936237699
CGTTGGGCATCCGCGA-1,1.0466798136940754
CGTTGGGCATCCTAGA-1,0.978573772281824
CGTTGGGGTAGCCTAT-1,0.9889264453803803
CGTTGGGGTATCGCAT-1,1.0056612232250581
CGTTGGGGTCTCACCT-1,1.0052714485974936
CGTTGGGGTCTCTTAT-1,1.0367671256198538
CGTTGGGGTGTTCTTT-1,1.0368912708214009
CGTTGGGTCCATGAAC-1,1.0026463473935576
CGTTGGGTCCGTAGTA-1,1.0420172109583268
CGTTGGGTCTGTACGA-1,1.040977431988818
CGTTGGGTCTGTCTAT-1,1.0436217665009755
CGTTGGGTCTGTCTCG-1,1.0379942526532264
CGTTGGGTCTTTAGGG-1,0.978504051004735
CTAACTTAGAACAATC-1,1.0449960481137337
CTAACTTAGAAGATTC-1,1.0173767390979114
CTAACTTAGAATTGTG-1,1.0443306266700705
CTAACTTAGATAGTCA-1,1.048601355961441
CTAACTTAGATATGCA-1,0.9995457740899718
CTAACTTAGGAATCGC-1,1.045536224272646
CTAACTTAGGCTAGGT-1,1.0130405763662038
CTAACTTAGGGTCTCC-1,1.0286906137677017
CTAACTTAGTAGCCGA-1,1.0349352723700167
CTAACTTAGTGTGAAT-1,1.0465350481526141
CTAACTTCAATAACGA-1,0.9941857807857397
CTAACTTCAATGGTCT-1,1.0418769220876505
CTAACTTCACAAGACG-1,1.029198609791221
CTAACTTCACCAGATT-1,1.0467361036070275
CTAACTTCACCTCGTT-1,1.0308036248666803
CTAACTTCACGGCTAC-1,1.0092119479285708
CTAACTTCAGATCGGA-1,1.0008245595824445
CTAACTTCAGTACACT-1,0.9832124145962905
CTAACTTGTAATTGGA-1,1.047549895803064
CTAACTTGTACGACCC-1,1.0286498117157878
CTAACTTGTCGATTGT-1,1.016781949657723
CTAACTTGTCTAGCCG-1,0.9714787576691463
CTAACTTGTCTCCCTA-1,1.0355713732755634
CTAACTTGTGCATCTA-1,1.0408785618022685
CTAACTTGTGGTCCGT-1,1.0464253190954036
CTAACTTGTTGCCTCT-1,1.0423140208542125
CTAACTTTCAACACTG-1,1.0451694451571487
CTAACTTTCATGCTCC-1,1.05272095938495
CTAACTTTCCATGAAC-1,1.0337066114881321
CTAACTTTCCTACAGA-1,1.0291899056139804
CTAACTTTCCTATTCA-1,1.0320902304199195
CTAACTTTCGTCCGTT-1,1.0458141232350693
CTAACTTTCTCTGTCG-1,0.9412928876185391
CTAAGACAGAAAGTGG-1,1.0374094247373287
CTAAGACAGATTACCC-1,1.0484324105480896
CTAAGACAGCTCCTTC-1,0.9994406460066287
CTAAGACAGGAATGGA-1,1.0354699503571019
CTAAGACAGGAGTTTA-1,1.0152070077328472
CTAAGACAGGCCATAG-1,1.046365177531189
CTAAGACAGGTGCAAC-1,1.0394737299333914
CTAAGACCAAGGTTTC-1,1.0143315459578772
CTAAGACCAAGTTGTC-1,1.0441594907638543
CTAAGACCACACGCTG-1,1.0401724341215721
CTAAGACCACATAACC-1,1.048428577706261
CTAAGACCACATCCAA-1,0.9994896194041146
CTAAGACCACATCCGG-1,1.0386281324684479
CTAAGACCACTAAGTC-1,1.0474760591988772
CTAAGACCAGCTGTGC-1,1.0327766542170598
CTAAGACCAGGTGCCT-1,1.045356816615076
CTAAGACCATACTACG-1,1.027248347422506
CTAAGACCATTTGCCC-1,1.0135111767766547
CTAAGACGTAACGCGA-1,1.0061136678431406
CTAAGACGTAGAGTGC-1,1.017553804698881
CTAAGACGTGCATCTA-1,1.0457590720577292
CTAAGACGTTAGAACA-1,0.977763822915783
CTAAGACTCACTATTC-1,1.0206605940821682
CTAAGACTCAGCTCTC-1,1.0412324755104685
CTAAGACTCGTAGGAG-1,1.032534572464188
CTAATGGAGAAACGAG-1,1.0404296976250076
CTAATGGAGTCGTTTG-1,1.0406171345342972
CTAATGGAGTGGACGT-1,1.0406532968331912
CTAATGGAGTGTTAGA-1,1.0182713582466154
CTAATGGAGTTCCACA-1,0.9883098036303006
CTAATGGCAAACGCGA-1,1.0476832169749823
CTAATGGCAAGTACCT-1,1.0462512561571662
CTAATGGCACAGAGGT-1,1.0370223499066729
CTAATGGCATAGACTC-1,1.0421921446256648
CTAATGGGTAAGTTCC-1,0.9873439558674606
CTAATGGGTGCCTGGT-1,1.0136769229803961
CTAATGGGTTATGCGT-1,1.0432841452937394
CTAATGGTCACAATGC-1,1.0423623211028585
CTAATGGTCACTATTC-1,1.0404622406521558
CTAATGGTCACTTCAT-1,1.0306126291625246
CTAATGGTCCACGTGG-1,1.043817115671843
CTAATGGTCCGTTGTC-1,1.0418643462946213
CTAATGGTCCTCGCAT-1,1.021345631212764
CTAATGGTCGCGTAGC-1,1.0076481314935537
CTAATGGTCTAACCGA-1,1.0133134584213266
CTACACCAGCGCCTTG-1,1.034531521087464
CTACACCAGGGTTCCC-1,1.0361644389793705
CTACACCAGGTGATAT-1,1.0433669760423425
CTACACCAGTGTTGAA-1,1.0217589991563203
CTACACCAGTTACGGG-1,0.9995826881942153
CTACACCCAAGTCTAC-1,1.0241944273613839
CTACACCCACCGTTGG-1,1.0461815961636372
CTACACCCACGGTAGA-1,1.0454347683492138
CTACACCCAGACAAAT-1,1.037340884899434
CTACACCCATCTCGCT-1,1.007938914412004
CTACACCGTACGCTGC-1,1.0052936976363451
CTACACCGTAGGACAC-1,1.0068324960065254
CTACACCGTATAGGGC-1,1.0460700423503673
CTACACCGTCGAAAGC-1,0.9583847749176162
CTACACCGTGAGGGTT-1,1.0173903516643614
CTACACCGTTTGCATG-1,1.0435467528108977
CTACACCTCAACCATG-1,1.0087076289404466
CTACACCTCAGATAAG-1,1.04698173109129
CTACACCTCAGTTCGA-1,1.0395039705509337
CTACACCTCCCTGACT-1,0.9933136227848776
CTACACCTCGACCAGC-1,1.0159902273871022
CTACATTAGAGGGCTT-1,1.0373910280059075
CTACATTAGCAATATG-1,1.0360665729754575
CTACATTAGCGATGAC-1,1.0480727153976814
CTACATTAGGCTCTTA-1,1.0331368021307483
CTACATTAGTCTCAAC-1,1.031115406436113
CTACATTCAATAAGCA-1,1.0414248049639332
CTACATTCACACCGCA-1,1.041548055980032
CTACATTCAGTATAAG-1,0.9483778117838706
CTACATTCAGTCGATT-1,0.9666352933705942
CTACATTCATCATCCC-1,1.0401744573470284
CTACATTGTAAAGGAG-1,1.014612402346329
CTACATTGTAAGTTCC-1,0.9292136009759093
CTACATTGTAGCCTCG-1,1.0376895114982365
CTACATTGTCACACGC-1,1.0197632945081612
CTACATTGTGTCAATC-1,1.0420864462476396
CTACATTTCAACGAAA-1,0.9992599655670871
CTACATTTCCAAGCCG-1,1.0328387519828168
CTACATTTCCACGAAT-1,1.0444880936170116
CTACATTTCGTGGGAA-1,1.0376169590058588
CTACATTTCTACTATC-1,1.0224292449237828
CTACCCAAGCTGTCTA-1,1.0370929237941178
CTACCCAAGTAGATGT-1,1.0497519312028532
CTACCCACAAGCGTAG-1,1.0402176339697609
CTACCCACAAGTAGTA-1,0.9854331916670833
CTACCCACAAGTTGTC-1,1.0423089461213917
CTACCCACATCGGACC-1,1.0252439478553133
CTACCCACATGCCACG-1,1.0310965477767784
CTACCCACATTCTCAT-1,1.0053608327707868
CTACCCAGTACCGAGA-1,1.033007004874233
CTACCCAGTATAGGGC-1,1.0360734212593519
CTACCCAGTGACAAAT-1,0.9951590931572066
CTACCCAGTGAGCGAT-1,1.013592703913591
CTACCCAGTGCAGACA-1,1.04286611367673
CTACCCAGTGGTCTCG-1,1.0363228734922156
CTACCCATCAGGCGAA-1,0.9351613764547166
CTACCCATCCGATATG-1,1.044780229229528
CTACCCATCGCATGAT-1,1.0340339738447966
CTACCCATCTCGGACG-1,1.0317779480000455
CTACCCATCTTGAGGT-1,1.0207250438554658
CTACGTCAGAAACGAG-1,1.0352228976057236
CTACGTCAGACTACAA-1,1.0376934181487032
CTACGTCAGAGCTTCT-1,1.0419477214955857
CTACGTCAGATGGCGT-1,1.0416533023264478
CTACGTCAGCACCGCT-1,1.044828844277384
CTACGTCAGCGATGAC-1,1.0404405800476064
CTACGTCAGGAATTAC-1,1.0435873590310116
CTACGTCAGTAGCGGT-1,1.0269980442943036
CTACGTCAGTATTGGA-1,0.9123856426916694
CTACGTCCATCCGTGG-1,1.0396157596768358
CTACGTCCATGCCTAA-1,0.9545922918990867
CTACGTCGTAGATTAG-1,1.035542001646695
CTACGTCGTCCGTTAA-1,0.9851212127241654
CTACGTCGTTCACCTC-1,1.025862075113852
CTACGTCTCACATAGC-1,1.0101482438121694
CTACGTCTCAGAGACG-1,1.0274837049561645
CTAGAGTAGCAAATCA-1,0.9896441910376061
CTAGAGTAGGGATACC-1,1.037360293117789
CTAGAGTCAAAGGCGT-1,1.0173963575127352
CTAGAGTCAAGCGTAG-1,1.0384724747946597
CTAGAGTCACAACTGT-1,1.0337501953097687
CTAGAGTCACATCCAA-1,1.0445635965914943
CTAGAGTCACCGCTAG-1,0.9361694772747826
CTAGAGTCACGCTTTC-1,1.0465721639394872
CTAGAGTCAGACGCAA-1,1.033032828644721
CTAGAGTCAGCATACT-1,0.9625927729876436
CTAGAGTCAGCGTAAG-1,1.0391365345184036
CTAGAGTCAGTCAGAG-1,1.0440363642072408
CTAGAGTCATGTTCCC-1,1.0168462733027077
CTAGAGTCATTATCTC-1,1.010348900496154
CTAGAGTGTAAACGCG-1,1.0379535239154176
CTAGAGTGTACAGTGG-1,1.0410873881019378
CTAGAGTGTCCATCCT-1,1.003937940232791
CTAGAGTGTCTTCGTC-1,0.9932741736438102
CTAGAGTGTTAAGAAC-1,0.9330893428467603
CTAGAGTGTTATCCGA-1,1.029384495292172
CTAGAGTTCGGGAGTA-1,1.0436243927917084
CTAGAGTTCTGACCTC-1,1.001332968478555
CTAGAGTTCTGAGTGT-1,1.0487125732330949
CTAGCCTAGCGATCCC-1,1.033381768526577
CTAGCCTAGCGTGTCC-1,0.9898751954978906
CTAGCCTAGGAGTACC-1,1.0447235305306681
CTAGCCTAGTCGATAA-1,1.0513883584828199
CTAGCCTCACAAGTAA-1,1.0057868943064916
CTAGCCTCAGACGCAA-1,1.0435529002094819
CTAGCCTCAGGTCCAC-1,1.0376349114636427
CTAGCCTCATAGACTC-1,1.043084096836302
CTAGCCTCATCACGTA-1,1.0178027850571123
CTAGCCTGTAACGTTC-1,1.046549569398559
CTAGCCTGTAAGTGTA-1,1.043752536327933
CTAGCCTGTAGAGGAA-1,1.0420418732534626
CTAGCCTGTCAAAGAT-1,1.0263937741713602
CTAGCCTGTCAATACC-1,0.9547233944220678
CTAGCCTGTCTCGTTC-1,1.0444408497182558
CTAGCCTGTGAGGGAG-1,1.0451349578672922
CTAGCCTGTGGTTTCA-1,1.030886382766446
CTAGCCTGTGTGAATA-1,0.9843718885190398
CTAGCCTGTTCGCGAC-1,0.9268533424940759
CTAGCCTTCAATCACG-1,1.046883022109169
CTAGCCTTCACAACGT-1,1.0317060870293306
CTAGCCTTCATAACCG-1,0.9903695853357669
CTAGCCTTCCAATGGT-1,1.034799404470015
CTAGCCTTCCCTCAGT-1,0.9768935899542466
CTAGCCTTCGACGGAA-1,1.0336878352006764
CTAGCCTTCTGCGGCA-1,1.0459882000692127
CTAGTGAAGAATTCCC-1,1.0212205838645103
CTAGTGAAGTCCGTAT-1,0.968647010148405
CTAGTGACACATTCGA-1,0.8082660934838688
CTAGTGACACCTTGTC-1,1.0418792013778049
CTAGTGACAGCGTCCA-1,1.0506054582281126
CTAGTGACATATACGC-1,1.0482665978851338
CTAGTGACATATGAGA-1,1.010357101584681
CTAGTGACATGCTGGC-1,1.0139324083844363
CTAGTGAGTACCGCTG-1,0.9884934898212555
CTAGTGAGTCAGAGGT-1,0.9966872428664906
CTAGTGAGTCATGCCG-1,1.0186246871284896
CTAGTGAGTCCGTCAG-1,1.0431182020495964
CTAGTGAGTCCTAGCG-1,1.0060018238907824
CTAGTGAGTCGACTAT-1,0.9962867848627884
CTAGTGAGTTATGTGC-1,1.0416388747093528
CTAGTGATCAAACGGG-1,1.019943630841027
CTAGTGATCACTCTTA-1,1.001802038115093
CTAGTGATCCTGTAGA-1,0.9961862771857956
CTAGTGATCGCCTGTT-1,0.9925747753853923
CTAGTGATCGTTGCCT-1,1.0172238553951005
CTAGTGATCTTCCTTC-1,1.0399737728388099
CTCACACAGAAACGCC-1,0.960589622799052
CTCACACAGCTAGTCT-1,1.0435524639505942
CTCACACAGCTCCCAG-1,0.9759082009042003
CTCACACAGCTGCCCA-1,0.9417151631906682
CTCACACAGGCCCTCA-1,1.0040004212100355
CTCACACCAATGTTGC-1,0.9775201738313004
CTCACACCACACTGCG-1,1.047699151626449
CTCACACCAGCTCCGA-1,0.957334652880167
CTCACACCAGTGGGAT-1,1.030127928009159
CTCACACGTACCCAAT-1,0.966198186416745
CTCACACGTCTGGAGA-1,1.0456906557239556
CTCACACGTGTCGCTG-1,1.0099390943786994
CTCACACGTGTGAAAT-1,0.9796153558584829
CTCACACGTTCTCATT-1,1.0179387716120338
CTCACACGTTGCTCCT-1,1.005963600670467
CTCACACGTTTGCATG-1,0.9655531480709955
CTCACACGTTTGTTGG-1,1.0040845295866925
CTCACACTCAGAGACG-1,1.0454459068951645
CTCACACTCCGTACAA-1,1.0439003053521725
CTCACACTCCTTAATC-1,0.9839458703337197
CTCACACTCTATCCTA-1,1.0422421614099695
CTCACACTCTCCAACC-1,1.0370610215566582
CTCACACTCTCCAGGG-1,1.0282702920806879
CTCACACTCTGGTATG-1,1.0490520218646793
CTCAGAAAGACTAAGT-1,1.0487538885681138
CTCAGAACACGGTAGA-1,1.0423574805168312
CTCAGAACAGTCCTTC-1,0.9980519816925281
CTCAGAACATACGCCG-1,1.0515108814170144
CTCAGAACATTTCACT-1,1.0134196826346795
CTCAGAAGTCCGAAGA-1,1.0423792610416716
CTCAGAAGTCGGCACT-1,0.8842577887565386
CTCAGAAGTGCCTGCA-1,1.0467807373833573
CTCAGAAGTGTAACGG-1,1.0336246929902693
CTCAGAAGTTATCGGT-1,1.0128675496864679
CTCAGAAGTTCAGACT-1,1.0079851950173864
CTCAGAAGTTCAGTAC-1,1.0401461495297561
CTCAGAAGTTCCCGAG-1,1.049200028581609
CTCAGAATCAAACCGT-1,1.0292103330101723
CTCAGAATCACTATTC-1,1.0450318289712834
CTCAGAATCAGTCCCT-1,0.9834134134205832
CTCAGAATCAGTGTTG-1,1.0437465255794434
CTCAGAATCATGCATG-1,1.029019977070057
CTCAGAATCGCACTCT-1,1.0482847684607643
CTCAGAATCTCGCTTG-1,1.0393377220028546
CTCAGAATCTGCAAGT-1,1.0268535352073622
CTCAGAATCTGGTGTA-1,1.0157710370889887
CTCAGAATCTTAACCT-1,1.042117019813172
CTCATTAAGCGCCTTG-1,1.0442795419530275
CTCATTAAGTACATGA-1,1.0058298530262009
CTCATTAAGTACGTAA-1,1.014960901912044
CTCATTAAGTCCAGGA-1,1.0367360658640914
CTCATTAAGTGTTAGA-1,0.9891633326629968
CTCATTACAATGAATG-1,1.0478876605173595
CTCATTACAATGTTGC-1,1.0526496881773273
CTCATTACACTTCTGC-1,1.0270297726679107
CTCATTACAGCTGTTA-1,0.9840401885912033
CTCATTACATCAGTCA-1,1.0446581491560596
CTCATTACATGTCTCC-1,1.0391652680163537
CTCATTAGTAATCACC-1,0.9832760514437446
CTCATTAGTACCCAAT-1,1.0375790880467965
CTCATTAGTCAGCTAT-1,1.0434644896106269
CTCATTAGTCAGGACA-1,0.9705380806254071
CTCATTAGTCGCTTCT-1,1.0470774124473714
CTCATTAGTCGGCACT-1,1.0272944735327452
CTCATTAGTCTCAACA-1,1.0203214191026835
CTCATTAGTTAAGAAC-1,1.0453523504940367
CTCATTATCAGCTTAG-1,1.0433876455602082
CTCATTATCCAATGGT-1,1.0497459333292027
CTCATTATCCACTCCA-1,1.009791841813677
CTCATTATCCATGAGT-1,1.034915172895704
CTCATTATCCGTAGTA-1,0.9127643790586794
CTCATTATCGCGTAGC-1,1.0439362461769754
CTCATTATCGTATCAG-1,0.9595706959724751
CTCATTATCGTTTGCC-1,1.0334697789503864
CTCATTATCTCACATT-1,0.9460880998992205
CTCCTAGAGAACAACT-1,1.033768928462037
CTCCTAGAGATTACCC-1,1.0213363811670815
CTCCTAGAGCACACAG-1,0.994033013922188
CTCCTAGAGCCACGCT-1,1.033849113174987
CTCCTAGAGCTACCGC-1,1.0447159739568266
CTCCTAGAGCTGCCCA-1,1.0257904097490198
CTCCTAGAGGACTGGT-1,1.0038862429951239
CTCCTAGAGGATCGCA-1,1.016595719133175
CTCCTAGAGTCCGGTC-1,1.0501361999359928
CTCCTAGCAATAAGCA-1,0.954145703293762
CTCCTAGCAATGGTCT-1,1.04566941541771
CTCCTAGCACCGATAT-1,1.0325528770749404
CTCCTAGCAGACGTAG-1,1.03359200213147
CTCCTAGCATAGACTC-1,0.9625997479763373
CTCCTAGCATTCACTT-1,1.0103160528263337
CTCCTAGCATTGGGCC-1,1.0188518943588556
CTCCTAGGTAAATGTG-1,1.0437358998382826
CTCCTAGGTAACGACG-1,1.0272378402559008
CTCCTAGTCACCTCGT-1,1.0127096289258084
CTCCTAGTCAGGATCT-1,1.0088212137702963
CTCCTAGTCCTTTCGG-1,1.0398690799654182
CTCCTAGTCGTCTGAA-1,0.9779282921947875
CTCCTAGTCTGACCTC-1,1.0134288193152705
CTCGAAAAGAAGATTC-1,1.0401693697037164
CTCGAAAAGATGGCGT-1,0.9255942085800746
CTCGAAAAGCGTAATA-1,1.050683100395999
CTCGAAAAGCTAACAA-1,1.0310070213817433
CTCGAAAAGCTACCTA-1,1.0331730623966289
CTCGAAAAGCTCCTCT-1,1.0248797712170392
CTCGAAAAGCTGGAAC-1,0.9706026287184043
CTCGAAAAGCTTCGCG-1,1.0405220916783837
CTCGAAAAGGCTCTTA-1,1.047223696627115
CTCGAAAAGTTGAGAT-1,1.0498293950567523
CTCGAAACACACTGCG-1,1.0089303758203814
CTCGAAACACCTATCC-1,1.031253902109231
CTCGAAACATATACGC-1,1.0390159898813285
CTCGAAACATCGACGC-1,1.0416744400756965
CTCGAAAGTTAAGTAG-1,1.0360627855814348
CTCGAAAGTTACGCGC-1,1.0286013860470122
CTCGAAATCGACGGAA-1,1.039244768968148
CTCGAAATCGCCCTTA-1,1.0440541902046128
CTCGAAATCGTTACGA-1,1.039143242677032
CTCGAAATCTAACCGA-1,1.0407389672499177
CTCGAGGAGATGTGGC-1,1.0495414981663258
CTCGAGGAGCCCAACC-1,1.0334613155543277
CTCGAGGAGCTAGCCC-1,0.9893316299551835
CTCGAGGAGCTGCGAA-1,0.9994656340479989
CTCGAGGAGGCACATG-1,1.0320967950400368
CTCGAGGCAATAGCAA-1,1.044974270788316
CTCGAGGCAATGGTCT-1,1.0444647055639875
CTCGAGGCAATGTTGC-1,1.034568991321441
CTCGAGGCACCAGCAC-1,0.9489494565641373
CTCGAGGCAGAGTGTG-1,1.041370080367702
CTCGAGGCAGCTGCTG-1,0.9725643281656936
CTCGAGGCAGGAATCG-1,1.0261676715046293
CTCGAGGCATTCCTGC-1,1.0424024752756995
CTCGAGGGTAGCTTGT-1,0.9516091433157174
CTCGAGGGTATGGTTC-1,0.7233819658672673
CTCGAGGGTCAGAAGC-1,1.0439563580030076
CTCGAGGGTGTTAAGA-1,1.0342733918000404
CTCGAGGTCACCATAG-1,1.0409810413309537
CTCGAGGTCAGAGGTG-1,0.9947237474624362
CTCGAGGTCAGCTTAG-1,1.0389967135015838
CTCGAGGTCCACGAAT-1,1.0393825724104335
CTCGAGGTCCCATTTA-1,0.9991693156574691
CTCGAGGTCGGTCTAA-1,0.9405301937565101
CTCGAGGTCTACTTAC-1,1.0046892089247506
CTCGGAGAGACAAAGG-1,1.0069469330897454
CTCGGAGAGACACGAC-1,0.946779650734088
CTCGGAGAGAGTCTGG-1,1.0398329665050603
CTCGGAGAGCGCTCCA-1,1.0322660332722164
CTCGGAGAGGACAGAA-1,1.0413570914369785
CTCGGAGAGGCCCTTG-1,1.0347357344381782
CTCGGAGAGGGAACGG-1,1.0378094627446266
CTCGGAGAGTCGTTTG-1,0.909912798804393
CTCGGAGAGTTCGCAT-1,0.9904602454020952
CTCGGAGAGTTGTAGA-1,1.0380440336914418
CTCGGAGCACATCTTT-1,0.9956462767383404
CTCGGAGCATTCCTGC-1,1.028177523323355
CTCGGAGGTAATTGGA-1,1.043468652659103
CTCGGAGGTAGCTTGT-1,1.0337043140595354
CTCGGAGGTAGTGAAT-1,1.0399767071619113
CTCGGAGGTATTACCG-1,0.9930960369824096
CTCGGAGGTCATCGGC-1,1.0385267498370676
CTCGGAGGTCCAAGTT-1,1.0337219848407595
CTCGGAGGTCTTGATG-1,1.0336467678233194
CTCGGAGTCAGGCAAG-1,1.0418599166517293
CTCGGAGTCGCCGTGA-1,1.0431059742449325
CTCGGAGTCGGCTTGG-1,1.0380996482198608
CTCGGAGTCGTTGCCT-1,1.040152693039697
CTCGGAGTCTACTCAT-1,1.0392311431719057
CTCGGGAAGAAACGCC-1,1.00445630108276
CTCGGGAAGAGGTTGC-1,1.0458889511181035
CTCGGGAAGCGCTTAT-1,1.0434914250536858
CTCGGGAAGGCTCTTA-1,0.9549752153732641
CTCGGGACAACACCCG-1,1.0103743576970552
CTCGGGACAAGTACCT-1,1.0382928930425197
CTCGGGACAATGACCT-1,1.0195066749123374
CTCGGGACACGACTCG-1,1.0324814418608583
CTCGGGACACTGCCAG-1,1.0362941194853104
CTCGGGACACTTCTGC-1,1.0407939708230314
CTCGGGACAGCTGTAT-1,0.9804453206678855
CTCGGGACAGGATTGG-1,1.0452553765419514
CTCGGGACATCAGTCA-1,1.0295469541776794
CTCGGGAGTAAACACA-1,1.006573999051369
CTCGGGAGTACCGCTG-1,0.9881302708769847
CTCGGGAGTCGCGTGT-1,1.0386886685089938
CTCGGGAGTCTAGTGT-1,1.0434829096386988
CTCGGGAGTCTCATCC-1,1.0181972998785263
CTCGGGAGTGAGTATA-1,1.0429503647826774
CTCGGGAGTTACAGAA-1,0.9788509889938483
CTCGGGAGTTACTGAC-1,1.0397402142775267
CTCGGGAGTTGAACTC-1,0.9522339307293655
CTCGGGATCGACCAGC-1,0.9945095091562605
CTCGGGATCGTGTAGT-1,1.03390050894184
CTCGGGATCTCAACTT-1,1.022179011105157
CTCGGGATCTTGAGAC-1,1.0173032414594627
CTCGTACAGAGCCCAA-1,1.0458832242913143
CTCGTACAGATCGGGT-1,1.0462329116342954
CTCGTACAGTGGGTTG-1,1.046786695491635
CTCGTACCAAGCTGGA-1,1.0393900380333796
CTCGTACCACCTCGGA-1,1.0233751357980425
CTCGTACCAGATAATG-1,1.0382952598764896
CTCGTACCAGGAATCG-1,0.9884665244954027
CTCGTACCATAGACTC-1,1.04573893246236
CTCGTACCATCCCACT-1,1.0139114114761238
CTCGTACCATCCGCGA-1,1.0348927690519607
CTCGTACGTAAGTAGT-1,0.9895699027762335
CTCGTACGTACACCGC-1,1.0456265661707778
CTCGTACGTACATCCA-1,0.974712156265097
CTCGTACGTCCATGAT-1,1.0302040607003822
CTCGTACGTGAAGGCT-1,1.0424239700914686
CTCGTACGTTCGGCAC-1,0.9889688131815098
CTCGTACTCGACCAGC-1,0.9852571662676514
CTCGTACTCGGCTACG-1,0.9832310649088655
CTCGTACTCTCGATGA-1,1.0168782342433018
CTCGTACTCTGTCTAT-1,1.0331855401842263
CTCGTACTCTTGAGAC-1,1.040928641237192
CTCGTCAAGACCCACC-1,1.0227038497795453
CTCGTCAAGATCCCGC-1,1.0243747600635615
CTCGTCAAGCCCAGCT-1,0.9741356802120246
CTCGTCAAGTTGTAGA-1,1.0315868798298842
CTCGTCACAAACAACA-1,0.9987442478532762
CTCGTCACAAGGTTCT-1,1.0429408124992023
CTCGTCACATGCCACG-1,1.0420206746800025
CTCGTCAGTACAGACG-1,1.0069205573655393
CTCGTCAGTACCGGCT-1,0.984030627070595
CTCGTCAGTGTTGGGA-1,1.0465891454416008
CTCGTCAGTTCTGAAC-1,1.0188866255090063
CTCGTCAGTTGCGTTA-1,1.047832398475975
CTCGTCATCAGGTTCA-1,0.9772994133150609
CTCGTCATCCTGCAGG-1,0.9973343474650725
CTCGTCATCGCTTAGA-1,0.9955774251780825
CTCGTCATCTCTTATG-1,0.9852063990941949
CTCGTCATCTTGACGA-1,1.0432218615576248
CTCTAATAGAATGTGT-1,1.038038723066885
CTCTAATAGACCCACC-1,1.042990185919935
CTCTAATAGAGTAAGG-1,1.0453884112727956
CTCTAATAGCTGAAAT-1,1.0408921713306452
CTCTAATAGGTGGGTT-1,1.0440425047521338
CTCTAATAGTACGATA-1,1.039424806094338
CTCTAATAGTCGCCGT-1,1.0452295589177862
CTCTAATAGTTAGCGG-1,0.8992198512353042
CTCTAATCAAACCCAT-1,1.0050897590050576
CTCTAATCAAAGGTGC-1,1.0466703724908715
CTCTAATCAAGTAATG-1,0.9815936805919695
CTCTAATCACCATGTA-1,0.9637342118841554
CTCTAATCACCGAATT-1,1.0376544932234129
CTCTAATCACTGTTAG-1,1.0412931219116237
CTCTAATCAGACACTT-1,1.0410359835182557
CTCTAATCAGTAAGCG-1,1.0362708505187777
CTCTAATCATCCTAGA-1,0.9989601389244596
CTCTAATGTACCGCTG-1,0.8823706749259062
CTCTAATGTCTAGGTT-1,1.0060798336047303
CTCTAATGTGCTGTAT-1,1.0431360446134113
CTCTAATGTGTTTGGT-1,1.0419451199892997
CTCTAATTCAATCTCT-1,1.0063769692448554
CTCTAATTCCGCATAA-1,1.0100195544181731
CTCTAATTCTAACTTC-1,1.0370585444574476
CTCTAATTCTTTAGGG-1,1.0480920853797655
CTCTACGAGAGCCCAA-1,0.9184654861329393
CTCTACGAGATGCGAC-1,1.0467409998643222
CTCTACGAGCGATGAC-1,1.0391398796290376
CTCTACGAGTGGTAGC-1,0.9831985963189726
CTCTACGCAGGGATTG-1,0.9909478184919073
CTCTACGCAGTACACT-1,1.0433066322829945
CTCTACGCATCGTCGG-1,1.04882057065805
CTCTACGCATTGAGCT-1,1.0375205681690653
CTCTACGGTACATGTC-1,1.0227583684138593
CTCTACGGTATAGGGC-1,1.035926878907887
CTCTACGGTCTTCTCG-1,1.0466649962492969
CTCTACGGTTCAGTAC-1,1.046056702168161
CTCTACGTCACAGTAC-1,1.0327854402236383
CTCTACGTCAGGATCT-1,0.9726329478404097
CTCTACGTCATACGGT-1,1.0028674151298025
CTCTACGTCATAGCAC-1,0.9789706878469352
CTCTACGTCATCTGCC-1,1.0097775189215452
CTCTACGTCCGCAGTG-1,1.0076216846584318
CTCTACGTCTCCGGTT-1,0.962922694734712
CTCTGGTAGACCGGAT-1,1.0323261239432182
CTCTGGTAGACCTAGG-1,1.0023560022456541
CTCTGGTAGCGTGTCC-1,1.0442998174002087
CTCTGGTAGTATCTCG-1,1.0008800012398729
CTCTGGTCAACTGCTA-1,1.048496795030406
CTCTGGTCAATAACGA-1,0.9712140640772992
CTCTGGTCACAGACTT-1,1.0442608190482408
CTCTGGTCACGGCGTT-1,1.0065989476270576
CTCTGGTCACTCGACG-1,1.0455133149514013
CTCTGGTCAGGCTCAC-1,1.0367191991482294
CTCTGGTCATCCTAGA-1,0.9885294563451189
CTCTGGTGTACCGAGA-1,1.0188438419553294
CTCTGGTGTCAGCTAT-1,1.0456503574838725
CTCTGGTGTGGGTATG-1,1.0072737542266057
CTCTGGTGTTACCGAT-1,1.0502476265645406
CTCTGGTTCAACCAAC-1,0.8642180017131083
CTCTGGTTCCAGTATG-1,0.9738322955424819
CTCTGGTTCCGCTGTT-1,1.0419460939423637
CTCTGGTTCGAACGGA-1,1.0270612991154646
CTCTGGTTCGTGGTCG-1,1.0006060318186207
CTGAAACAGAAACCTA-1,0.9606228494522806
CTGAAACAGCCAGTTT-1,1.041831300454261
CTGAAACAGCCTATGT-1,1.0352483154785328
CTGAAACAGCCTCGTG-1,0.9632568208872598
CTGAAACAGGATTCGG-1,0.9795292934954104
CTGAAACAGGCCCTCA-1,1.0001768322176443
CTGAAACAGGGTTTCT-1,0.9879299260848667
CTGAAACAGTCGATAA-1,1.0174897898552402
CTGAAACAGTGCTGCC-1,1.0432960755311145
CTGAAACAGTGTCCCG-1,1.015290561810051
CTGAAACAGTGTTAGA-1,1.0414373046191767
CTGAAACCACCACCAG-1,1.041731289882423
CTGAAACCACCCATTC-1,1.0402556483344223
CTGAAACCAGAAGCAC-1,1.023068739084873
CTGAAACCATTTGCTT-1,1.0451906098735395
CTGAAACGTACAGTGG-1,1.0368335279630478
CTGAAACGTATTCTCT-1,1.0044277161161035
CTGAAACGTCAGAATA-1,1.0452491333404736
CTGAAACGTGACAAAT-1,0.9808842453172747
CTGAAACTCATAGCAC-1,1.0133165015349626
CTGAAACTCCTATGTT-1,1.0203057017172081
CTGAAACTCTGCTGCT-1,1.0417333865838543
CTGAAGTAGAATGTGT-1,1.0399874611889108
CTGAAGTAGCGGATCA-1,0.9788663903100657
CTGAAGTAGCGTCTAT-1,0.9747419834360272
CTGAAGTAGCTAGCCC-1,0.9967028190581938
CTGAAGTAGTACGATA-1,1.0379885900880756
CTGAAGTAGTACTTGC-1,0.7258201171802385
CTGAAGTCAAAGTGCG-1,1.0467361491267928
CTGAAGTCACAGTCGC-1,1.017670937765529
CTGAAGTCATCAGTCA-1,0.9578836050651469
CTGAAGTGTCCTAGCG-1,0.999627491801332
CTGAAGTGTTTGTTGG-1,1.0411087574122024
CTGAAGTTCAGAAATG-1,0.9893833831876148
CTGAAGTTCCGGGTGT-1,1.0331056886344698
CTGAAGTTCCTCTAGC-1,1.0476264731707619
CTGATAGAGCGTAGTG-1,1.0486229743625182
CTGATAGAGGAATTAC-1,1.0325758135438048
CTGATAGAGGCATGGT-1,1.02599117412071
CTGATAGAGGCGTACA-1,1.0358321061684324
CTGATAGCAAGTTAAG-1,1.0456415725174972
CTGATAGCAATGTAAG-1,1.0423875148940502
CTGATAGCACCGAATT-1,1.0372148619199864
CTGATAGCACGCGAAA-1,1.0275686411416625
CTGATAGCACTCAGGC-1,1.0407006723181973
CTGATAGCATATGCTG-1,1.0034525997716544
CTGATAGCATGCCTAA-1,1.038551341289544
CTGATAGGTAGCGTAG-1,1.038395007956978
CTGATAGGTCAATGTC-1,1.0447539387704479
CTGATAGGTCTGCGGT-1,0.9418961250284321
CTGATAGGTGAAAGAG-1,1.024033492860012
CTGATAGGTTACGTCA-1,1.041737118733856
CTGATAGGTTCCCTTG-1,0.9990510412893697
CTGATAGTCACCATAG-1,1.0020060550247956
CTGATAGTCCCTAACC-1,1.0271078619884533
CTGATAGTCCTGTACC-1,0.9958301542096418
CTGATAGTCGGCCGAT-1,1.0423784197121864
CTGATAGTCGTCCGTT-1,1.045553136027079
CTGATAGTCTAACGGT-1,0.9985288781623585
CTGATAGTCTGCAAGT-1,1.003706706829384
CTGATAGTCTTGTTTG-1,1.0424630695330566
CTGATCCAGAGTGACC-1,1.0420882734285963
CTGATCCAGCAGACTG-1,1.0235448341743303
CTGATCCAGCGTGAGT-1,1.0326785436771428
CTGATCCAGCTGCAAG-1,1.0433819389168197
CTGATCCAGGAATTAC-1,1.041795033402726
CTGATCCAGTCGTTTG-1,1.0354733628846535
CTGATCCCATGTAGTC-1,1.0141362073528364
CTGATCCCATTAACCG-1,1.0221979213613597
CTGATCCGTAGCCTAT-1,1.0423429972511777
CTGATCCGTCCAGTAT-1,1.0315782052474805
CTGATCCGTCTCACCT-1,1.0419024200591063
CTGATCCGTGGTAACG-1,0.9916587029108073
CTGATCCGTTCGGCAC-1,1.019323310487458
CTGATCCGTTTGTTTC-1,1.0428284514781536
CTGATCCTCGGACAAG-1,1.0106447272447654
CTGATCCTCGTGACAT-1,0.9037551988514652
CTGATCCTCTCTAAGG-1,1.0370714513304657
CTGCCTAAGCAAATCA-1,1.035432969951735
CTGCCTAAGCCCAGCT-1,1.0310552089151839
CTGCCTAAGCTAACTC-1,1.0387704703070209
CTGCCTAAGTGCCAGA-1,1.002222673911717
CTGCCTACAAGTCTGT-1,1.009714233528176
CTGCCTACACTTAAGC-1,1.0406071317254837
CTGCCTACAGAGTGTG-1,1.0349796867408525
CTGCCTACAGATGGGT-1,0.9853898129031771
CTGCCTACAGGAACGT-1,1.0468379581284684
CTGCCTACATCGGAAG-1,1.0395238618220575
CTGCCTAGTAGCGCAA-1,0.9748461074986772
CTGCCTAGTAGCTCCG-1,1.0365232661743875
CTGCCTAGTCCCTACT-1,1.0071347270835713
CTGCCTAGTCTAGCGC-1,1.042485487794767
CTGCCTAGTGCTCTTC-1,1.0455660964696796
CTGCCTAGTTATCGGT-1,1.043103551062168
CTGCCTAGTTGGTAAA-1,1.0431592187353962
CTGCCTATCACTCCTG-1,1.0431887898917565
CTGCCTATCCAGAAGG-1,1.026116732812966
CTGCCTATCCCTAATT-1,1.0099065046594429
CTGCCTATCGCATGAT-1,1.0453685278398899
CTGCCTATCGGTCTAA-1,1.0289558791160374
CTGCCTATCGTTGACA-1,1.005979963697538
CTGCCTATCTGGAGCC-1,0.9922745951345926
CTGCGGAAGAACTCGG-1,1.0307145958188895
CTGCGGAAGCCACCTG-1,1.019359726112407
CTGCGGAAGGGTCGAT-1,1.0353064627577608
CTGCGGAAGGTGATTA-1,0.920120354888692
CTGCGGAAGTCTTGCA-1,1.0420698628149652
CTGCGGACACAGAGGT-1,1.0386637369179168
CTGCGGACACAGGAGT-1,1.036130231572315
CTGCGGACACCTCGGA-1,1.0405637200577271
CTGCGGACATATGGTC-1,1.0476456687301647
CTGCGGACATGTCTCC-1,1.0317565844241217
CTGCGGAGTATAAACG-1,1.008664041180197
CTGCGGAGTATAGGTA-1,1.0397622504242712
CTGCGGAGTCACCCAG-1,1.0228445756059197
CTGCGGAGTCCATGAT-1,1.044755596572987
CTGCGGAGTCTCGTTC-1,1.044693628360707
CTGCGGAGTTCAGCGC-1,1.0127596769697265
CTGCGGAGTTCTGTTT-1,1.0424946161649344
CTGCGGATCAGTTTGG-1,1.045630342274988
CTGCGGATCATCATTC-1,1.0328713628894652
CTGCGGATCCGGGTGT-1,1.0467889758972824
CTGCGGATCCTATTCA-1,1.0245506455426532
CTGCGGATCTAACTTC-1,0.9974896144144777
CTGCGGATCTGCGACG-1,1.0327766318657305
CTGCTGTAGAGTAATC-1,1.0419045977373456
CTGCTGTAGTCATGCT-1,1.043930972381387
CTGCTGTCAAACCCAT-1,0.9900980974719864
CTGCTGTCAAAGGAAG-1,1.02964969760528
CTGCTGTCAAATCCGT-1,1.0401162182236585
CTGCTGTCACCACCAG-1,1.0472605460816011
CTGCTGTCAGCGAACA-1,0.9945598954742789
CTGCTGTCAGTAAGCG-1,0.9811118132026951
CTGCTGTCATGGTCAT-1,0.9275756730440113
CTGCTGTGTACGCACC-1,1.0437307592283902
CTGCTGTGTAGCCTAT-1,0.9992763403223134
CTGCTGTGTATAAACG-1,1.0198681209779539
CTGCTGTGTCCAACTA-1,1.0386079951449847
CTGCTGTGTCTCACCT-1,0.9977504005830419
CTGCTGTGTTGCCTCT-1,0.9943602771641353
CTGCTGTGTTGGTGGA-1,1.0498058828843981
CTGCTGTTCTGATACG-1,1.0403591386664635
CTGGTCTAGCCTATGT-1,1.026443695476284
CTGGTCTAGCGTAGTG-1,1.02569700645288
CTGGTCTAGGACTGGT-1,1.0188366564931
CTGGTCTAGGAGTTTA-1,1.015501541842774
CTGGTCTAGGGCTTCC-1,1.0430718922784672
CTGGTCTAGTGGGATC-1,0.9408411562783695
CTGGTCTAGTGGGTTG-1,1.0383193632457601
CTGGTCTCAATCCGAT-1,1.0412942493843016
CTGGTCTCAGGTCGTC-1,1.0495732619111833
CTGGTCTGTCGCTTCT-1,1.0070108154770414
CTGGTCTGTTCCATGA-1,1.0459025288065849
CTGGTCTGTTCTCATT-1,1.0319281899550146
CTGGTCTGTTTGTTGG-1,1.0214070702997469
CTGGTCTTCAAGGCTT-1,1.0275997724607082
CTGGTCTTCATAGCAC-1,0.9407720180754829
CTGGTCTTCGCCCTTA-1,0.9998489680115775
CTGTGCTAGAGCTTCT-1,1.0473665974626782
CTGTGCTAGCTGCCCA-1,0.9997066794817548
CTGTGCTAGGAGTACC-1,1.0307697430187628
CTGTGCTAGGATGTAT-1,0.9879390260455226
CTGTGCTAGGTGCTTT-1,1.0345206334888173
CTGTGCTCAAACCTAC-1,1.036791305987228
CTGTGCTCAATAGCGG-1,1.0071670641176436
CTGTGCTCAATCCAAC-1,1.0320214561622294
CTGTGCTCACGAAGCA-1,1.0430843342687415
CTGTGCTCAGATGGCA-1,1.0075456323536147
CTGTGCTCATCACGTA-1,1.0429654265714725
CTGTGCTCATGGTCAT-1,1.0410516324173136
CTGTGCTGTACCTACA-1,1.0246657727129493
CTGTGCTGTATTCTCT-1,1.0088098556540097
CTGTGCTGTCAGAAGC-1,1.0400017069175485
CTGTGCTGTCATATGC-1,1.0425368495719012
CTGTGCTGTCTAGGTT-1,1.0344375593598032
CTGTGCTGTGTGGCTC-1,1.0399206244151245
CTGTGCTGTTAGATGA-1,1.0329688215408117
CTGTGCTGTTATGTGC-1,1.0115943076629899
CTGTGCTTCATCGATG-1,1.0372273364321103
CTGTGCTTCCGTTGCT-1,1.036550939755972
CTGTGCTTCTCTGAGA-1,1.0431852540502355
CTGTGCTTCTGGTTCC-1,1.0149449314348233
CTGTGCTTCTGTCTAT-1,1.0454127199705863
CTGTGCTTCTTCTGGC-1,0.9634654843680748
CTGTTTAAGAAGAAGC-1,1.0022842203910667
CTGTTTAAGAGGTTAT-1,0.9835878176536923
CTGTTTAAGAGTACCG-1,0.9242191376467913
CTGTTTAAGATTACCC-1,1.0321682541845734
CTGTTTAAGCGATTCT-1,1.0001054775446163
CTGTTTAAGGTGATAT-1,1.0176685038026385
CTGTTTAAGGTGCTTT-1,0.9901649502238311
CTGTTTAAGTGAACAT-1,0.9621717167910928
CTGTTTAAGTGGACGT-1,1.043934754538623
CTGTTTACAACGATCT-1,0.9654990083715221
CTGTTTACAAGAGTCG-1,1.0165847391935985
CTGTTTACACGAAGCA-1,0.9943375270565021
CTGTTTACACGGATAG-1,1.0468766003515806
CTGTTTACAGCTGGCT-1,1.022277727236193
CTGTTTACATCCAACA-1,1.0448168954051078
CTGTTTACATGGGAAC-1,0.9267784574119959
CTGTTTACATTAGCCA-1,0.9747077435989315
CTGTTTACATTCGACA-1,0.9192197651218283
CTGTTTAGTACGACCC-1,1.0391773839820904
CTGTTTAGTCAATGTC-1,1.0169895608856467
CTGTTTAGTCTAGTGT-1,1.0478140286673217
CTGTTTAGTGCAACTT-1,1.0421389609884733
CTGTTTAGTTGATTGC-1,1.0443093562020351
CTGTTTATCAAGAAGT-1,0.985417558907309
CTGTTTATCAGGATCT-1,1.0264483725905469
CTGTTTATCCATGAGT-1,1.0405602611653628
CTGTTTATCCGATATG-1,1.050032553128555
CTGTTTATCGAATGCT-1,1.0374877727135674
CTGTTTATCGTCCAGG-1,1.0431724508780158
CTGTTTATCGTGGGAA-1,1.0132374442194887
CTGTTTATCTCAAACG-1,1.0362855317206612
CTGTTTATCTCCCTGA-1,1.0053701824099106
CTGTTTATCTCTAGGA-1,1.0459842141304954
CTGTTTATCTGCAGTA-1,0.9771620914369691
CTGTTTATCTGCTTGC-1,1.0376249154336503
CTGTTTATCTGGAGCC-1,0.9645464966504769
CTGTTTATCTGTACGA-1,1.0310203317481084
CTGTTTATCTTACCGC-1,0.9723964135981106
CTGTTTATCTTTAGTC-1,1.0400124814154739
CTTAACTAGATAGTCA-1,1.041083484866472
CTTAACTAGCGGATCA-1,1.0386880403265462
CTTAACTAGCTCCTCT-1,0.9926128265429389
CTTAACTAGGGAAACA-1,1.0489287189805514
CTTAACTAGTTACGGG-1,1.0457086829630682
CTTAACTAGTTCCACA-1,1.043587452211218
CTTAACTCAAAGTGCG-1,0.996024358712132
CTTAACTCAATGCCAT-1,1.005335752683957
CTTAACTCACTGAAGG-1,1.0126515428125853
CTTAACTCAGTAAGAT-1,1.0070419991251331
CTTAACTGTAAAGTCA-1,1.0307330981212073
CTTAACTGTACTTGAC-1,1.0401428326186173
CTTAACTGTCGAATCT-1,1.042444365186308
CTTAACTGTGCAACTT-1,1.0460683459238198
CTTAACTGTTACCAGT-1,1.0348816942465504
CTTAACTTCCCAACGG-1,1.031704909465753
CTTAACTTCCTCTAGC-1,1.041218703204321
CTTAACTTCGGATGGA-1,0.9392149389099379
CTTACCGAGGACCACA-1,0.9855855038627854
CTTACCGAGTAATCCC-1,1.0366760185763655
CTTACCGAGTGCCAGA-1,1.002357342480667
CTTACCGCAACGATCT-1,0.9990288693149072
CTTACCGCAAGTACCT-1,1.04225798747326
CTTACCGCAGCCTTTC-1,1.0290037761376083
CTTACCGCATCTCCCA-1,0.9610170424966418
CTTACCGCATGCTAGT-1,1.044597757900983
CTTACCGGTCCTCTTG-1,0.9274526881917099
CTTACCGGTCGACTGC-1,1.0423267226095059
CTTACCGGTCTCTCTG-1,1.040256682072985
CTTACCGGTTCCAACA-1,1.025687034594396
CTTACCGTCATCGATG-1,1.047363299006769
CTTACCGTCCGCGTTT-1,0.9492002474481014
CTTACCGTCGAATCCA-1,1.0438874991178058
CTTACCGTCGAGCCCA-1,1.0448542904449218
CTTACCGTCGCATGAT-1,1.0400049101897952
CTTACCGTCGGGAGTA-1,1.0459381322212518
CTTACCGTCTGTGCAA-1,1.0098941727549926
CTTAGGAAGAATGTGT-1,1.0279962761559367
CTTAGGAAGCTGAAAT-1,1.0395198955038636
CTTAGGAAGGCAAAGA-1,1.0204217702437028
CTTAGGAAGTACGATA-1,0.9349262018942435
CTTAGGAAGTCTTGCA-1,1.0132893276453723
CTTAGGACAAGCGAGT-1,1.006719502374182
CTTAGGACAGCTGTTA-1,1.038699295837088
CTTAGGAGTAAATGTG-1,1.0317277757914936
CTTAGGAGTACTCGCG-1,0.9046630236495441
CTTAGGAGTATAGGTA-1,1.0455103526645095
CTTAGGAGTCAAAGAT-1,1.0271158494219885
CTTAGGAGTCAGAAGC-1,1.0001287276794084
CTTAGGAGTGAAAGAG-1,1.0185578626093517
CTTAGGAGTTTGGCGC-1,1.0480849357676496
CTTAGGATCAACACCA-1,0.9667963821340306
CTTAGGATCAACCATG-1,1.040896407248792
CTTAGGATCACTCTTA-1,1.0173560994818835
CTTAGGATCCAACCAA-1,1.0248515226325399
CTTAGGATCGCATGGC-1,1.0300513090774979
CTTAGGATCTTTACGT-1,0.9994421118623844
CTTCTCTAGACTAAGT-1,1.0404316270969316
CTTCTCTAGCAGGCTA-1,1.0160451372842196
CTTCTCTAGCCCAATT-1,0.8688302760204996
CTTCTCTAGGCTAGGT-1,0.9896923066736277
CTTCTCTAGTACACCT-1,1.0268578873994119
CTTCTCTCAAACGCGA-1,1.0409837081076843
CTTCTCTCACAACGCC-1,1.0387957388717868
CTTCTCTCATGCAATC-1,0.9713298096693768
CTTCTCTGTCCAGTTA-1,1.0185244999682108
CTTCTCTGTCGAGTTT-1,1.041849883123039
CTTCTCTGTCGCATAT-1,1.0389218836874843
CTTCTCTGTCGTGGCT-1,1.0135695366370852
CTTCTCTGTCTCTTAT-1,1.0354916417390347
CTTCTCTGTGCGAAAC-1,1.034395131520316
CTTCTCTGTGTAAGTA-1,1.0071592736436004
CTTCTCTGTGTCAATC-1,1.0393274540822202
CTTCTCTGTGTCTGAT-1,0.9993105663382248
CTTCTCTGTTATCCGA-1,1.0453606482467728
CTTCTCTGTTCCCGAG-1,1.038612791899438
CTTCTCTGTTGTGGCC-1,0.9063850067073727
CTTCTCTTCACCATAG-1,1.0421179847480737
CTTCTCTTCAGCCTAA-1,1.047764120313283
CTTCTCTTCCTGCAGG-1,1.0420888396358388
CTTGGCTAGAGTCTGG-1,1.0250246026603638
CTTGGCTAGCATGGCA-1,1.0318010775079023
CTTGGCTAGGTACTCT-1,0.9705710631002595
CTTGGCTAGTGGGATC-1,1.0357103429572807
CTTGGCTCACATTAGC-1,1.0123408094741135
CTTGGCTCACCATCCT-1,1.0439986651116016
CTTGGCTCACTAGTAC-1,1.0022989788210213
CTTGGCTCAGCCACCA-1,1.0426157344530218
CTTGGCTCAGCTCGCA-1,0.9059157051953746
CTTGGCTCAGGCAGTA-1,1.0478220425251232
CTTGGCTCAGTCGTGC-1,1.046245742448075
CTTGGCTCATATACCG-1,1.0104101668953
CTTGGCTCATCTACGA-1,1.0041224730981533
CTTGGCTGTAATCGTC-1,1.043540517550139
CTTGGCTGTAGCTTGT-1,0.9951111768864989
CTTGGCTGTCACACGC-1,1.0422789198225455
CTTGGCTGTTGGTAAA-1,1.0368624972350424
CTTGGCTGTTTGGCGC-1,0.9807602201682165
CTTGGCTTCAGCTGGC-1,1.0464350160930933
CTTGGCTTCGTCCAGG-1,0.9651485691878834
CTTGGCTTCTCCAACC-1,1.0234170610981885
CTTTGCGAGAGCCCAA-1,1.0486558989157706
CTTTGCGAGGCCGAAT-1,1.0317258304143735
CTTTGCGAGGGTGTGT-1,1.0202976239609147
CTTTGCGAGGTGATTA-1,1.0043361535915627
CTTTGCGAGTCGCCGT-1,1.0134347932773433
CTTTGCGCAAGTTAAG-1,0.9848261673789971
CTTTGCGCACAGGAGT-1,1.0458526799569865
CTTTGCGCATCACGTA-1,1.0287696497312007
CTTTGCGGTCGGGTCT-1,1.0375102359771944
CTTTGCGTCAACACCA-1,1.0434882173919948
GAAACTCAGATCGGGT-1,1.0396735181942551
GAAACTCAGCACACAG-1,1.0040055010754358
GAAACTCAGCGATAGC-1,1.0462218488173896
GAAACTCAGCGTAATA-1,1.0272580927633939
GAAACTCAGTACGTAA-1,0.9920909774855464
GAAACTCAGTGAAGAG-1,1.0393995869509858
GAAACTCAGTTACGGG-1,1.0446344719545158
GAAACTCAGTTGAGAT-1,0.975590890551066
GAAACTCCACAGGCCT-1,0.9955582006567208
GAAACTCCACCGAATT-1,0.997159590889196
GAAACTCCACTCGACG-1,1.026065786508533
GAAACTCCAGACGTAG-1,1.0344553094418554
GAAACTCCAGCCACCA-1,1.0459931013341313
GAAACTCCAGTATGCT-1,1.046422003142183
GAAACTCGTACAGCAG-1,1.0192032026015643
GAAACTCGTCGTGGCT-1,1.0041385278209036
GAAACTCGTCTAAAGA-1,1.0249243894836537
GAAACTCGTGGGTATG-1,0.9538441457901173
GAAACTCGTGTGCCTG-1,1.037550969044099
GAAACTCGTTCCACGG-1,0.9293765760129594
GAAACTCGTTTGTTGG-1,1.0303659857013003
GAAATGAAGAACAATC-1,1.0447892174202558
GAAATGAAGCTAGTTC-1,1.0390886976777252
GAAATGAAGTCTTGCA-1,1.0456210851941476
GAAATGAAGTTACGGG-1,1.0410342949874734
GAAATGACAATGGAAT-1,0.9896415599935334
GAAATGACACCGAAAG-1,0.9469329299054999
GAAATGACAGGCTCAC-1,0.9981278810564562
GAAATGACATACTCTT-1,1.0378362310261493
GAAATGACATTGTGCA-1,1.0281823722932812
GAAATGAGTAAGGGCT-1,1.0387205395544037
GAAATGAGTACTTAGC-1,0.9776624271432359
GAAATGAGTATGAATG-1,0.986008528823265
GAAATGAGTGTCGCTG-1,1.0285089133859728
GAAATGATCAGCGATT-1,0.9802457968888602
GAAATGATCCACTCCA-1,1.0246137045395174
GAAATGATCCCGACTT-1,0.9868737061695171
GAAATGATCTCGATGA-1,1.0403021112559305
GAACATCAGAAGGTGA-1,1.0515899116760299
GAACATCAGCAGCCTC-1,1.0256652693284967
GAACATCAGCGCCTTG-1,1.0359923401524265
GAACATCAGCGTTTAC-1,0.9313221392597951
GAACATCAGCTGGAAC-1,0.9874375297943486
GAACATCAGTAGCCGA-1,1.0485148889991052
GAACATCAGTCAATAG-1,1.0471093587241909
GAACATCAGTCGAGTG-1,1.0424022439671554
GAACATCCAGAAGCAC-1,1.0379267928675482
GAACATCCATGGTCTA-1,1.0375312019135245
GAACATCGTAGCCTAT-1,1.0264657497849041
GAACATCGTCCTAGCG-1,1.0347266337777798
GAACATCGTTACGTCA-1,1.0343671808761605
GAACATCGTTATCGGT-1,1.0407399430420752
GAACATCGTTCGTCTC-1,1.0535375549947419
GAACATCTCACAAACC-1,1.0009099128106955
GAACATCTCACCTCGT-1,0.9799530649711428
GAACATCTCGAACGGA-1,1.0457660080542615
GAACCTAAGAGTTGGC-1,1.0464307941530637
GAACCTAAGGCCGAAT-1,1.0277250603739365
GAACCTACAAGGCTCC-1,1.0378536639512261
GAACCTACAATCCAAC-1,1.0415476962603814
GAACCTACACGCGAAA-1,1.047567942787977
GAACCTACATATGCTG-1,0.9127878633684627
GAACCTAGTAGGGTAC-1,1.0406115862188037
GAACCTAGTCCATGAT-1,1.0482073452222682
GAACCTAGTGTTTGTG-1,1.0453879974908407
GAACCTAGTTGAGGTG-1,0.9776463120636785
GAACCTATCAAGGCTT-1,1.0215894951421272
GAACCTATCAATACCG-1,0.9504664992548906
GAACCTATCAGTTCGA-1,1.0065974724101967
GAACCTATCGCAGGCT-1,1.0057201040022041
GAACGGAAGAAGGACA-1,1.0206317462266106
GAACGGAAGACTTGAA-1,1.0273011144983122
GAACGGAAGAGTCTGG-1,0.9140160283297384
GAACGGAAGCAGACTG-1,1.046329140278329
GAACGGAAGCGTGAGT-1,1.0497356650487915
GAACGGAAGGACACCA-1,1.042736386546193
GAACGGAAGGGTCGAT-1,0.9887763934584556
GAACGGAAGTAGATGT-1,1.0338950125309803
GAACGGACACATCCAA-1,0.9659971610874225
GAACGGACACTCGACG-1,1.0406093212321836
GAACGGACACTTGGAT-1,0.940044652804736
GAACGGACATGGTCTA-1,0.958947818904857
GAACGGACATTGTGCA-1,0.9751182539234329
GAACGGAGTCAGAAGC-1,1.0443455800626076
GAACGGAGTGTAATGA-1,1.0401131155758667
GAACGGATCAAAGACA-1,1.0360929879954737
GAACGGATCAACGAAA-1,0.9969874497399819
GAACGGATCACATAGC-1,0.9943360229311246
GAACGGATCGGGAGTA-1,1.0409661661818348
GAACGGATCTAACGGT-1,0.9926467423754158
GAACGGATCTACCTGC-1,1.0422408803174577
GAAGCAGAGATATGCA-1,1.017496003450567
GAAGCAGAGCGATATA-1,1.0399904790374084
GAAGCAGAGCTGTCTA-1,0.9867268136236049
GAAGCAGAGGCCGAAT-1,0.9165284823293155
GAAGCAGAGTGGGCTA-1,0.9220693294149123
GAAGCAGCAAATTGCC-1,0.9384376711557861
GAAGCAGCAGCCTGTG-1,0.9295924923338534
GAAGCAGCAGTTAACC-1,1.0266502505299007
GAAGCAGGTAGCGCTC-1,1.0321534550494915
GAAGCAGGTAGCGTCC-1,1.0427917236963493
GAAGCAGGTCCGAATT-1,1.0327022219254158
GAAGCAGGTCCGCTGA-1,0.9821907706184628
GAAGCAGGTCTGCCAG-1,0.9841056049200992
GAAGCAGGTGGACGAT-1,1.048435422297904
GAAGCAGTCACATGCA-1,0.9560054032897034
GAAGCAGTCCGAATGT-1,1.0407714393110945
GAAGCAGTCCGTTGCT-1,0.9855077907321889
GAAGCAGTCCGTTGTC-1,0.924127159801672
GAAGCAGTCGGAATCT-1,0.9993338429874886
GAAGCAGTCTTGCATT-1,1.0431633253030306
GAAGCAGTCTTTACGT-1,1.0402236865893197
GAATAAGAGACTAGAT-1,0.9917651126694096
GAATAAGAGGAGCGAG-1,1.043640403707681
GAATAAGAGGTGCTAG-1,1.004172891506514
GAATAAGAGTGGGCTA-1,1.0337035594084245
GAATAAGCAATGTTGC-1,1.0102196098374379
GAATAAGCACATAACC-1,1.0362065508688443
GAATAAGCACCACCAG-1,1.0473183523815655
GAATAAGCACCAGGTC-1,0.998241951490671
GAATAAGCAGCTGTAT-1,0.9554641423568978
GAATAAGCAGGGTACA-1,1.0286499305833003
GAATAAGGTAAACGCG-1,1.0452701647963545
GAATAAGGTCGCATAT-1,1.0236864258775613
GAATAAGGTCTGGTCG-1,0.961893412314708
GAATAAGGTGACTCAT-1,1.0344820663713261
GAATAAGGTTATCGGT-1,1.0396447676340463
GAATAAGGTTCGGGCT-1,1.0440688336293462
GAATAAGTCACAATGC-1,1.044744375441626
GAATAAGTCTCACATT-1,1.040995272476205
GAATAAGTCTGGTGTA-1,1.0053127192363827
GAATGAAAGAATTGTG-1,0.9892130784461851
GAATGAAAGCGACGTA-1,1.0456538552218704
GAATGAAAGTACGCCC-1,1.0023153396227853
GAATGAACAAAGCGGT-1,0.9974396301410067
GAATGAACACAGGCCT-1,1.036436189412249
GAATGAACACGCATCG-1,1.043412037567397
GAATGAACATGGAATA-1,1.0393828287932891
GAATGAAGTAAATACG-1,0.9690739014268493
GAATGAAGTACTTAGC-1,1.0481392271845555
GAATGAAGTCACCCAG-1,1.0537152084376518
GAATGAAGTCGAGATG-1,1.0031368058117376
GAATGAAGTTTGTGTG-1,1.051365447254321
GAATGAATCAGCTTAG-1,1.0399500022103205
GAATGAATCATGTCCC-1,1.0346138992950071
GAATGAATCGACGGAA-1,0.9758253848798817
GAATGAATCGTATCAG-1,1.0215724427086046
GAATGAATCTTCATGT-1,0.977250303182037
GAATGAATCTTCGAGA-1,0.9487434996036859
GACACGCAGACGACGT-1,1.0125465509193856
GACACGCAGCCTATGT-1,1.0415154941477862
GACACGCAGCTAGTGG-1,0.9562060818099329
GACACGCAGGGCTTCC-1,1.0324062827619456
GACACGCAGGGTCGAT-1,0.9567362948125192
GACACGCAGTAACCCT-1,1.0372946137996235
GACACGCAGTGGGCTA-1,1.0377146284193157
GACACGCCAATAGAGT-1,1.0439100175296443
GACACGCCAATAGCAA-1,1.0466117696703159
GACACGCCAGCCAATT-1,0.9731257829310679
GACACGCCAGCTGCAC-1,1.0351001177132066
GACACGCCAGTGAGTG-1,1.0432113749981107
GACACGCCATATGAGA-1,1.0410183969805424
GACACGCCATCCGTGG-1,1.0470168510964428
GACACGCCATCCTAGA-1,1.02830305066039
GACACGCGTAATCGTC-1,1.042200320596608
GACACGCGTATCGCAT-1,1.0345245518785082
GACACGCGTCATTAGC-1,1.0099916902625885
GACACGCGTCGAGTTT-1,0.9778335099847641
GACACGCGTCGTCTTC-1,1.0381849382304589
GACACGCGTCTCTCTG-1,1.048091769424948
GACACGCGTCTTGTCC-1,1.0261460288929536
GACACGCGTGACTCAT-1,1.0413607924206008
GACACGCGTGCTCTTC-1,1.0402261560288117
GACACGCGTTAAGGGC-1,0.9946068516139018
GACACGCGTTGTACAC-1,1.0422555779528535
GACACGCTCCTAGGGC-1,1.0180103088483683
GACACGCTCGTGGTCG-1,0.9478338284957959
GACACGCTCTGTCAAG-1,1.0262927677551226
GACAGAGAGAGCTGCA-1,0.9793915483957237
GACAGAGAGCCCAGCT-1,1.0043884909922554
GACAGAGAGCGTGTCC-1,1.0158766144671743
GACAGAGCAAACGCGA-1,0.860964426768687
GACAGAGCAATAGCGG-1,1.0032468503274217
GACAGAGCACAGGTTT-1,1.04641738067467
GACAGAGCACGGACAA-1,1.0384747852033958
GACAGAGCACTTGGAT-1,0.923702792298487
GACAGAGCAGGGTATG-1,1.038563234343189
GACAGAGCATAGACTC-1,0.9894204450766722
GACAGAGGTAGAGCTG-1,1.0429002122117605
GACAGAGGTCTAGAGG-1,1.0386833779553917
GACAGAGGTCTTTCAT-1,1.0397977168760928
GACAGAGGTGCAACGA-1,0.9782443320344022
GACAGAGGTTACTGAC-1,1.0407931529195524
GACAGAGGTTCCGTCT-1,1.0402446008492663
GACAGAGTCACATACG-1,0.9967389855663503
GACAGAGTCAGTGTTG-1,0.9283363356797916
GACAGAGTCTCAAGTG-1,0.951469159796211
GACAGAGTCTCTAGGA-1,0.9920799161202736
GACCAATAGATGAGAG-1,1.0344349732349334
GACCAATAGGCACATG-1,0.9951774387647099
GACCAATAGTAATCCC-1,1.01407292153072
GACCAATAGTTAGGTA-1,1.0508319824665038
GACCAATCACGAAACG-1,1.0217913422875031
GACCAATCACGGTGTC-1,0.9553896665538423
GACCAATCACTACAGT-1,0.9591507638282045
GACCAATCAGCGATCC-1,1.0434108319911546
GACCAATCAGTAGAGC-1,1.0369590330884297
GACCAATCATAGTAAG-1,1.0473640552209378
GACCAATCATGACGGA-1,1.046475735121944
GACCAATCATGGGACA-1,0.9888685728087374
GACCAATCATGGTCTA-1,0.9710142459204157
GACCAATGTAGCTCCG-1,1.0138598455211252
GACCAATGTATATCCG-1,1.0436301577889782
GACCAATGTATTCGTG-1,1.0295635046457539
GACCAATGTCAAACTC-1,1.0368743759145636
GACCAATGTCAGAATA-1,1.0364076811125935
GACCAATGTTGAGTTC-1,1.0482271854068337
GACCAATTCAAACGGG-1,1.041008132386657
GACCAATTCCGAATGT-1,0.9166897243357188
GACCAATTCCGCTGTT-1,1.0273569315313
GACCAATTCGCCTGAG-1,0.9947719227888384
GACCAATTCGTGGGAA-1,1.0276675461385854
GACCAATTCTGCCAGG-1,0.9769836923821039
GACCTGGAGAAGGCCT-1,0.9706411104412558
GACCTGGAGAGTGAGA-1,1.035611746190633
GACCTGGAGTCTTGCA-1,0.9665188630146716
GACCTGGCAAGCGTAG-1,0.9911753665484901
GACCTGGCAATCTGCA-1,1.0384533582424202
GACCTGGCACGTCTCT-1,1.0434111191035234
GACCTGGCAGACGCCT-1,0.9943277210779279
GACCTGGCATTGAGCT-1,1.0459152590534726
GACCTGGGTAAACCTC-1,1.0326658756734517
GACCTGGGTAAATGTG-1,0.9988439979194634
GACCTGGGTAACGCGA-1,0.9684010989592619
GACCTGGGTACAGCAG-1,1.0407441778518398
GACCTGGGTACCGTTA-1,1.004703681142945
GACCTGGGTCCCTACT-1,0.9628748044653442
GACCTGGGTGATAAAC-1,1.0360558068729329
GACCTGGGTTGGTGGA-1,0.9643014850139523
GACCTGGTCACATAGC-1,0.8883789444567721
GACCTGGTCAGAAATG-1,1.0371113892678168
GACCTGGTCGAGGTAG-1,0.9826773552499778
GACCTGGTCGATCCCT-1,1.0349449550832697
GACCTGGTCTTATCTG-1,1.0422896874739842
GACGCGTAGAAGGGTA-1,1.0402569276837637
GACGCGTAGCTAGGCA-1,1.0398079840543912
GACGCGTAGGCTAGCA-1,0.9691868188452403
GACGCGTAGGTGGGTT-1,1.0314704034032764
GACGCGTAGTCTCCTC-1,1.01791019184485
GACGCGTAGTCTTGCA-1,1.0200838312253433
GACGCGTAGTGTGGCA-1,1.0127991724193341
GACGCGTCAAGTTGTC-1,1.0278683042887724
GACGCGTCACACAGAG-1,0.8780199259266963
GACGCGTCACAGACTT-1,1.0039462278107079
GACGCGTCAGTGGAGT-1,1.037489956896883
GACGCGTCATACTACG-1,1.0242228290865696
GACGCGTCATATACCG-1,0.9704673620100229
GACGCGTCATGTTCCC-1,1.0437037906945847
GACGCGTGTAATCGTC-1,0.9939896949227693
GACGCGTGTACTTGAC-1,1.0056867616174048
GACGCGTGTAGCCTCG-1,1.0402146714612048
GACGCGTGTATTACCG-1,1.0407803908300188
GACGCGTGTCAGAGGT-1,0.962178123023345
GACGCGTGTCCCTTGT-1,1.0418684350381933
GACGCGTGTCTCATCC-1,0.9676990380057214
GACGCGTGTGCGAAAC-1,1.0237321208218388
GACGCGTGTGGCAAAC-1,0.9584812527904313
GACGCGTTCCATGAGT-1,0.9670425503917023
GACGCGTTCGCTGATA-1,1.0429793146583772
GACGCGTTCTCACATT-1,1.0504029440361904
GACGCGTTCTTTAGGG-1,0.9749954423830601
GACGGCTAGAATTCCC-1,0.993731423306467
GACGGCTAGAGTAAGG-1,0.9970154755889645
GACGGCTAGGAGTACC-1,0.9662151464097899
GACGGCTAGTCGCCGT-1,1.0332181670276783
GACGGCTCACGGTGTC-1,0.9611765858462312
GACGGCTCACTTCGAA-1,1.0388428725909735
GACGGCTCAGAGTGTG-1,0.9684261340411211
GACGGCTCAGGTTTCA-1,1.009422095102548
GACGGCTGTAACGACG-1,1.043095077417404
GACGGCTGTAAGAGGA-1,1.042018992937752
GACGGCTGTAAGGGAA-1,1.0429695390735192
GACGGCTGTCCGTGAC-1,1.046621014127183
GACGGCTGTTACGCGC-1,1.037888328473612
GACGGCTGTTAGTGGG-1,1.003458529043529
GACGGCTGTTCCCGAG-1,1.0328924488615334
GACGGCTTCAGTACGT-1,1.042789290367822
GACGGCTTCGGACAAG-1,0.9898485916489925
GACGGCTTCGTTGCCT-1,1.04003153109899
GACGTGCAGAGACGAA-1,1.0387909994143192
GACGTGCAGCTAAGAT-1,0.932050189211369
GACGTGCAGGATGGAA-1,1.0456595519822909
GACGTGCCACACATGT-1,1.0475347899845835
GACGTGCCAGCGTTCG-1,1.0478574182021942
GACGTGCCAGGCGATA-1,1.0055488104777777
GACGTGCCATACTCTT-1,1.0466065285842723
GACGTGCGTACAGCAG-1,1.0077727262035105
GACGTGCGTAGGGACT-1,1.0386040803050012
GACGTGCGTCCGTTAA-1,0.9666622401919968
GACGTGCGTGAGCGAT-1,1.0155274903806528
GACGTGCGTGGTCTCG-1,1.0401164218350765
GACGTGCTCAGGTAAA-1,1.032793310559893
GACGTGCTCAGGTTCA-1,1.0076254172668289
GACGTGCTCCTCTAGC-1,1.0339753135147198
GACGTGCTCCTGCCAT-1,1.0266680246674948
GACGTGCTCGCCGTGA-1,1.0456655637677885
GACGTGCTCTTGACGA-1,0.990975556401067
GACGTTAAGTCGTTTG-1,1.0057563024799454
GACGTTAAGTTAAGTG-1,1.0433846046579143
GACGTTAAGTTGAGTA-1,0.9855995552185166
GACGTTACAATGGATA-1,1.010447058192947
GACGTTACACAGATTC-1,1.0399863205113056
GACGTTACAGGTCGTC-1,1.0241396821055233
GACGTTACATAGAAAC-1,1.000872513874723
GACGTTACATGTAAGA-1,0.9967757914820211
GACGTTAGTAAATACG-1,1.0345510410191014
GACGTTAGTCATATGC-1,1.040919710843314
GACGTTAGTCGGCTCA-1,1.0385815047574494
GACGTTAGTCTCTCTG-1,1.0420779789528385
GACGTTAGTGACCAAG-1,1.0220078881143924
GACGTTAGTGCACGAA-1,1.0433130626754696
GACGTTAGTTACGACT-1,1.0480247794708544
GACGTTAGTTATGTGC-1,0.945626777959181
GACGTTATCCGCTGTT-1,1.0461925466834945
GACGTTATCGCAAGCC-1,0.987281225245928
GACTAACAGAGACGAA-1,1.0493336430532512
GACTAACAGAGGTACC-1,1.0127367584138534
GACTAACAGAGTAAGG-1,1.0421515180924792
GACTAACAGCACACAG-1,1.0398710472408494
GACTAACAGGACAGAA-1,0.9522016361978674
GACTAACAGGCCCTCA-1,1.0315019048430423
GACTAACAGTCTTGCA-1,1.0406030895052039
GACTAACCACATCCGG-1,1.0411229398536128
GACTAACCACATGGGA-1,1.0475994361433931
GACTAACCAGTCAGCC-1,0.9772887179559382
GACTAACCATCGGAAG-1,1.0403283395622978
GACTAACCATGCCTTC-1,1.0448899007438401
GACTAACCATGTCGAT-1,1.0439108868414888
GACTAACCATTAGCCA-1,0.976553241680509
GACTAACGTACAGTGG-1,1.0459614926492142
GACTAACGTATAAACG-1,1.045313715326516
GACTAACGTATCAGTC-1,1.040120013516123
GACTAACGTCAGATAA-1,0.9880563707407256
GACTAACGTTCCCTTG-1,1.0134840014347521
GACTAACTCAAGCCTA-1,1.030579854009811
GACTAACTCACCACCT-1,1.0278908107421048
GACTAACTCCGAGCCA-1,1.041869508419826
GACTAACTCCGTAGGC-1,0.994854477584983
GACTAACTCGGAAATA-1,1.0457513240442027
GACTAACTCGGCGCAT-1,0.9799392922755191
GACTAACTCGGCGGTT-1,1.0432587602093952
GACTAACTCGGGAGTA-1,1.0450997384450789
GACTAACTCGTGACAT-1,1.0045443864865766
GACTACAAGAGTACAT-1,0.9931484684773167
GACTACAAGGACCACA-1,1.033058185922063
GACTACAAGGCCCTCA-1,1.0083071023448436
GACTACAAGTGTCCCG-1,1.0324197079786377
GACTACAAGTTATCGC-1,0.9330057511749309
GACTACACACAAGACG-1,0.999214357828796
GACTACACACATCCAA-1,1.0449060234531307
GACTACACAGATTGCT-1,1.015651979331576
GACTACACAGGGATTG-1,1.0434648884630318
GACTACACAGTCAGCC-1,1.0427009690062365
GACTACACATCCGCGA-1,1.0402468466568744
GACTACAGTACCAGTT-1,1.0039379008895404
GACTACAGTGCGATAG-1,1.044134796488334
GACTACAGTGGAAAGA-1,1.0450502290752464
GACTACAGTTAAGTAG-1,0.9861795397418646
GACTACAGTTACCAGT-1,1.036260862874859
GACTACATCAGATAAG-1,0.9719163095234727
GACTACATCAGTGCAT-1,0.9197144903163762
GACTACATCCTCTAGC-1,1.0365034489412945
GACTACATCTGCCCTA-1,1.0200045331806644
GACTACATCTTGCATT-1,0.9524910975473851
GACTACATCTTGTCAT-1,1.0419697786181203
GACTGCGAGATCCGAG-1,1.0457214675685107
GACTGCGAGCTGGAAC-1,1.0421491079054384
GACTGCGAGTGACATA-1,1.0323048688692857
GACTGCGCAACTTGAC-1,0.9449741223600383
GACTGCGCAAGTCTGT-1,1.0478786233604176
GACTGCGCACTCAGGC-1,1.0452800582347388
GACTGCGCACTTAAGC-1,1.0171734150711482
GACTGCGCAGACAAAT-1,1.0041619752143158
GACTGCGCATCCGGGT-1,1.0446768486793176
GACTGCGGTACCGTAT-1,1.0363573775976849
GACTGCGGTAGCAAAT-1,1.03957671300198
GACTGCGGTAGCGATG-1,1.0120331913109109
GACTGCGGTAGCGTCC-1,1.044003464649832
GACTGCGGTCATATCG-1,1.042305197030504
GACTGCGGTCGCATAT-1,1.0357706577404928
GACTGCGGTTCCGGCA-1,1.033668010116734
GACTGCGGTTCGTGAT-1,1.0440634675112628
GACTGCGGTTCTCATT-1,1.0313661247509782
GACTGCGGTTGAACTC-1,1.0409727071523076
GACTGCGTCAACGCTA-1,1.017515024504641
GACTGCGTCCAGAAGG-1,1.0474011987338783
GACTGCGTCCCTGACT-1,0.9886884247199246
GACTGCGTCCGCATAA-1,1.0415730651247528
GACTGCGTCTGCAAGT-1,1.0445622737800937
GACTGCGTCTTCCTTC-1,1.0484968528898215
GAGCAGAAGACTTGAA-1,0.9905598293718305
GAGCAGAAGCACCGCT-1,1.0059368063429948
GAGCAGAAGGAGTACC-1,1.0529585013737008
GAGCAGAAGGATGCGT-1,1.0328186655694485
GAGCAGAAGGGAGTAA-1,1.0222027112135075
GAGCAGAAGGTGATTA-1,0.9789700707407739
GAGCAGAAGTAGGCCA-1,0.9955291614289712
GAGCAGAAGTGCGTGA-1,1.0341240057043661
GAGCAGAAGTTATCGC-1,1.0045376920140079
GAGCAGACAAGCGAGT-1,0.9862413892715635
GAGCAGACAATAAGCA-1,1.0495415564938553
GAGCAGACAATGGATA-1,1.0410930008949355
GAGCAGACACGAAACG-1,1.0450607996472712
GAGCAGACACGAAGCA-1,0.9954593195911996
GAGCAGACATCGGTTA-1,1.029717289082013
GAGCAGACATGCATGT-1,1.02859412128913
GAGCAGAGTACAGACG-1,1.038258952689899
GAGCAGAGTCTAGCGC-1,0.9174140520012249
GAGCAGAGTGACTCAT-1,0.9633838626040184
GAGCAGATCAGAAATG-1,0.9770303180751374
GAGCAGATCCAAATGC-1,1.0319791632473567
GAGCAGATCCCAAGTA-1,0.9955271344547628
GAGCAGATCGATCCCT-1,1.037227375371504
GAGCAGATCTGATTCT-1,1.0377486921362702
GAGCAGATCTTGCAAG-1,1.0393983988140232
GAGGTGAAGCGATGAC-1,1.0432725371716078
GAGGTGAAGCGCCTCA-1,1.0242601209557765
GAGGTGAAGCTAAACA-1,1.027091730174182
GAGGTGAAGTGGTAAT-1,1.0275818553497544
GAGGTGACAAAGGAAG-1,1.0273200284552646
GAGGTGACAAGTTAAG-1,1.0395654595357584
GAGGTGACACCCTATC-1,1.0116315195327674
GAGGTGACACCGATAT-1,0.9863074675153097
GAGGTGACATGATCCA-1,0.991718655731022
GAGGTGAGTACTTCTT-1,1.0419208058662819
GAGGTGAGTAGCTCCG-1,0.9773816243990956
GAGGTGAGTATCTGCA-1,1.03325017391096
GAGGTGAGTCATCCCT-1,0.9960689491896297
GAGGTGAGTTACGCGC-1,0.9854267601666773
GAGGTGAGTTCCCTTG-1,1.0222721839180036
GAGGTGAGTTCCTCCA-1,0.9954323804841865
GAGGTGAGTTTGCATG-1,1.0059088997967758
GAGGTGATCATGCTCC-1,1.0453610743136716
GAGGTGATCCACTCCA-1,1.0296850631367662
GAGGTGATCCATGAGT-1,1.0351062981312134
GAGGTGATCCCAAGTA-1,1.0447918297322776
GAGGTGATCCCATTTA-1,1.0100064005077933
GAGGTGATCCTTAATC-1,1.03069714474263
GAGGTGATCTACGAGT-1,1.0197087595826908
GAGGTGATCTCGGACG-1,1.007822968927471
GAGGTGATCTGTACGA-1,1.0354208679932564
GAGTCCGAGATAGTCA-1,1.0235781597163451
GAGTCCGAGCCCTAAT-1,1.0371429018484482
GAGTCCGAGGCCCGTT-1,1.0398856785355002
GAGTCCGAGTCAATAG-1,1.040347102239479
GAGTCCGAGTGTTGAA-1,1.0382525548067671
GAGTCCGAGTTAAGTG-1,1.0490186718728851
GAGTCCGCAAATACAG-1,1.032509539202283
GAGTCCGCAAGCCATT-1,0.9988305829996489
GAGTCCGCACCTTGTC-1,1.0433206603524836
GAGTCCGCACGCGAAA-1,0.9709108261103624
GAGTCCGCAGCGATCC-1,1.035553109593122
GAGTCCGCAGGCTCAC-1,1.0070205327707467
GAGTCCGCAGGGTATG-1,1.0341414662936312
GAGTCCGCATACGCTA-1,1.0357543908354543
GAGTCCGCATGCCACG-1,1.033371477838653
GAGTCCGCATGCTAGT-1,1.0384912590994169
GAGTCCGGTACAGTTC-1,1.0356342077778018
GAGTCCGGTACCGTAT-1,1.0241004005475027
GAGTCCGGTAGCGTAG-1,1.0383205776906195
GAGTCCGGTATGCTTG-1,0.9961993312906812
GAGTCCGGTCGCCATG-1,1.04397539453511
GAGTCCGGTGATAAGT-1,1.0440072145882824
GAGTCCGGTTGTGGCC-1,1.0440082548687826
GAGTCCGGTTTGTTTC-1,1.047211517919304
GAGTCCGTCAAGAAGT-1,0.9467774968868756
GAGTCCGTCTTGTCAT-1,1.0416559161586667
GATCAGTAGACGCAAC-1,1.0421189818485885
GATCAGTAGATGTTAG-1,0.981915072203921
GATCAGTAGCGCCTCA-1,1.0422573933211237
GATCAGTAGCTAGCCC-1,1.042383578625665
GATCAGTAGTAGCCGA-1,1.0442716284241935
GATCAGTCAAATTGCC-1,1.0303193294581563
GATCAGTCAACTGCGC-1,1.042520196518202
GATCAGTCAATCCAAC-1,1.0382800471389093
GATCAGTCACAGCCCA-1,0.9381919277478843
GATCAGTCACGAAACG-1,0.9778417573240034
GATCAGTCACTGAAGG-1,0.9996824035879635
GATCAGTCAGCCAGAA-1,1.0326010758882798
GATCAGTCATTCGACA-1,1.0455091694838825
GATCAGTGTAATCACC-1,1.0414147073282358
GATCAGTGTACCGTAT-1,1.0369653052040158
GATCAGTGTACGCACC-1,1.0447813539197839
GATCAGTGTACTCAAC-1,1.0353358590015185
GATCAGTGTAGAGCTG-1,1.041774533290184
GATCAGTGTCATTAGC-1,1.0393820528612547
GATCAGTGTGTCAATC-1,1.0030599716685946
GATCAGTTCACCTCGT-1,0.9176707715847063
GATCAGTTCGGCGGTT-1,1.0486448186570412
GATCAGTTCTGCTGTC-1,1.0457946079681675
GATCGATAGACACTAA-1,1.0363234843431235
GATCGATAGAGACTTA-1,1.0435780279084144
GATCGATAGATACACA-1,1.0426399862831883
GATCGATAGCCGCCTA-1,1.0120893086037557
GATCGATAGGGTCGAT-1,1.0294508372485764
GATCGATAGGTAGCTG-1,1.0067707817213485
GATCGATAGTCCAGGA-1,1.0416299040758292
GATCGATCACGGTGTC-1,1.013199843892074
GATCGATCAGGAATGC-1,1.0003213587620428
GATCGATCAGGTCGTC-1,1.000895797705148
GATCGATCAGTGAGTG-1,1.0450828310830063
GATCGATCATCCGTGG-1,1.030893890254703
GATCGATCATCCTTGC-1,0.9475495266537439
GATCGATCATGCCTTC-1,0.9311387677757161
GATCGATCATTTGCTT-1,1.048730037507638
GATCGATGTAGCAAAT-1,1.0424752509451451
GATCGATGTAGCCTCG-1,0.9510118540863715
GATCGATGTATAAACG-1,1.0401977663826127
GATCGATGTATAGGTA-1,0.9921615959550412
GATCGATGTCCCTTGT-1,0.9537389708819803
GATCGATGTCCGAAGA-1,1.045461088489036
GATCGATGTGAGGCTA-1,1.0430156853612076
GATCGATGTGTGGTTT-1,0.9972766580966909
GATCGATGTTCGTGAT-1,1.037697955800531
GATCGATGTTTGCATG-1,1.0418990967552395
GATCGATTCTCTTGAT-1,0.9622147975562559
GATCGATTCTGCGACG-1,1.041732005658149
GATCGCGAGACACGAC-1,1.0174246078795746
GATCGCGAGAGTCTGG-1,1.0515316694975216
GATCGCGAGCCAGTAG-1,0.9281477804074385
GATCGCGAGCTAAACA-1,1.0368837236821706
GATCGCGAGGCCATAG-1,1.0464059313241632
GATCGCGAGTCGCCGT-1,1.00038381681732
GATCGCGCAAGTCTAC-1,1.0008378142355359
GATCGCGCAGGCTGAA-1,1.039813442160308
GATCGCGCATCACAAC-1,1.0134949906394604
GATCGCGCATGGAATA-1,0.9788433943867297
GATCGCGGTAATCACC-1,0.9773431806442353
GATCGCGGTCGGATCC-1,1.0013880910170765
GATCGCGGTCTAGGTT-1,1.0211928098089582
GATCGCGGTTACGACT-1,1.0322979664051546
GATCGCGGTTGGTAAA-1,1.0077427675232862
GATCGCGTCAGCAACT-1,1.0402125468970087
GATCGCGTCATGCTCC-1,1.0430683208036913
GATCGCGTCCTAGGGC-1,1.01787472884831
GATCGCGTCGCCATAA-1,0.9517977314083472
GATCGCGTCGCCGTGA-1,1.0309085498975
GATCGCGTCTATCCTA-1,1.0425186888510645
GATCGTAAGAGATGAG-1,1.0457455728550107
GATCGTAAGATGTAAC-1,1.0519370507988057
GATCGTAAGGCAGGTT-1,1.0406866061877607
GATCGTAAGTCAAGCG-1,1.0382561810430355
GATCGTAAGTGAAGAG-1,0.9631583399340207
GATCGTAAGTGTTGAA-1,1.0338355246154223
GATCGTACAAACCCAT-1,1.0066574226815268
GATCGTACAAGCCGTC-1,1.0398207679159828
GATCGTACATGTAGTC-1,1.0400953959741572
GATCGTAGTAGATTAG-1,1.0471308607953786
GATCGTAGTAGCTAAA-1,0.9459616601828781
GATCGTAGTATGGTTC-1,1.0086373209429735
GATCGTAGTATTCGTG-1,0.9990007158716109
GATCGTAGTCCCGACA-1,1.0306873116493613
GATCGTAGTCCGTCAG-1,1.0132253100673017
GATCGTAGTCTAGTGT-1,1.0391982462189748
GATCGTAGTTCCTCCA-1,1.046091989806621
GATCGTAGTTGAGTTC-1,1.042354671524709
GATCGTATCAAACCGT-1,1.037175476413534
GATCGTATCGAACGGA-1,1.0432011864630728
GATCGTATCTCGTTTA-1,1.017994658525732
GATCGTATCTCTTATG-1,1.008572035742752
GATCTAGAGCACAGGT-1,1.0408565213570864
GATCTAGAGGATCGCA-1,1.0439007924544712
GATCTAGAGGCCATAG-1,1.004654406820075
GATCTAGAGGTTACCT-1,1.0418333123004462
GATCTAGAGGTTCCTA-1,0.9849576011624589
GATCTAGCACAAGCCC-1,1.0336611469764398
GATCTAGCACATTAGC-1,1.0011574800380698
GATCTAGCACTTCTGC-1,1.0229165432450615
GATCTAGCATAAGACA-1,1.0219774086674054
GATCTAGGTATGAATG-1,1.0068244804426567
GATCTAGGTCATGCAT-1,1.039454141795761
GATCTAGGTCGTGGCT-1,0.9934051570149361
GATCTAGGTCTAAACC-1,1.014461234324643
GATCTAGGTGATGTCT-1,1.036939579238132
GATCTAGGTGTGACCC-1,1.000562604815545
GATCTAGGTTGTACAC-1,1.035400306473636
GATCTAGTCCAGAGGA-1,0.9950152900840611
GATGAAAAGATATGGT-1,1.0419046401987333
GATGAAAAGCCACCTG-1,1.0195945150551307
GATGAAAAGCCCAATT-1,1.0406314458010815
GATGAAAAGCTAAGAT-1,1.0306907811779435
GATGAAAAGCTGCGAA-1,1.038164859635124
GATGAAAAGGGCACTA-1,1.0068491004365252
GATGAAAAGGTGATAT-1,1.0453585014518059
GATGAAAAGTCCGTAT-1,1.0004457852741906
GATGAAAAGTTGTAGA-1,0.9473383185917841
GATGAAACAATCGGTT-1,0.9581564121347046
GATGAAACACGGCGTT-1,0.9968185991628882
GATGAAACATACGCTA-1,1.0514994156402424
GATGAAACATCTACGA-1,0.9588440889749608
GATGAAAGTAGCCTCG-1,1.0158956208518364
GATGAAAGTAGCGTAG-1,1.0415749452939944
GATGAAAGTCATACTG-1,1.0417413832467264
GATGAAAGTCCAGTTA-1,1.0372357072438274
GATGAAAGTCCGACGT-1,1.041807223590512
GATGAAAGTCCGTTAA-1,1.0389463525760105
GATGAAAGTGCGAAAC-1,1.0444442184994431
GATGAAAGTTAGAACA-1,0.997197051362159
GATGAAATCACGCGGT-1,1.0431226660104307
GATGAAATCATTCACT-1,1.0461811801738263
GATGAAATCCCTCTTT-1,1.0433024423917359
GATGAAATCCGGCACA-1,0.8503430293648874
GATGAAATCCTACAGA-1,1.0492296288950114
GATGAAATCGCCTGTT-1,1.0505307484696607
GATGAAATCGGTCCGA-1,1.0335759063189192
GATGAAATCTCGGACG-1,1.034911550013028
GATGAAATCTTTACGT-1,1.0442733664358217
GATGAGGAGAGCCCAA-1,1.0372073492660638
GATGAGGAGATGCCAG-1,1.023252895397442
GATGAGGAGCATCATC-1,1.0353771853082963
GATGAGGAGCTAAGAT-1,1.0080335157906954
GATGAGGAGGTGATTA-1,1.0461275668573435
GATGAGGAGTACGACG-1,1.0304941795757663
GATGAGGAGTCATCCA-1,1.0102836385966394
GATGAGGCAATAACGA-1,0.9962495175202478
GATGAGGCAATGTTGC-1,1.04695413053175
GATGAGGCACAGACTT-1,1.0126575346389133
GATGAGGCACCTGGTG-1,0.9635364673582456
GATGAGGCAGCTCGAC-1,1.0196160996235797
GATGAGGCATCTCCCA-1,1.0455183816504092
GATGAGGCATGACGGA-1,1.0504974747692282
GATGAGGCATGTCTCC-1,0.9117651541863935
GATGAGGGTACCGCTG-1,1.0417914830867407
GATGAGGGTCCAACTA-1,1.0429231286574046
GATGAGGGTGAAAGAG-1,1.047024755129532
GATGAGGTCACCGGGT-1,1.0439187079673944
GATGAGGTCAGCTCTC-1,1.01543108877068
GATGAGGTCAGGTTCA-1,1.0394355146865941
GATGAGGTCGGTCCGA-1,1.016401890619309
GATGAGGTCGTCCAGG-1,0.9924248877204971
GATGAGGTCTCGGACG-1,1.04888791627094
GATGAGGTCTGGTGTA-1,1.0312152372420478
GATGAGGTCTGGTTCC-1,1.036438634670383
GATGAGGTCTGTCAAG-1,1.0092229687935779
GATGAGGTCTTACCTA-1,1.0443700578378514
GATGAGGTCTTGTACT-1,0.9710484181572122
GATGCTAAGAACAACT-1,0.9419974377418289
GATGCTAAGACTTTCG-1,0.9762690512247678
GATGCTAAGCATGGCA-1,0.9511916351281354
GATGCTAAGGTGGGTT-1,0.9871365546448669
GATGCTACAAACTGCT-1,1.0383190670279712
GATGCTACAACACCCG-1,1.037548775345576
GATGCTACAACTGCGC-1,1.0412014484997651
GATGCTACACACGCTG-1,1.042028629709642
GATGCTACAGGGTTAG-1,1.0347437017518653
GATGCTACATAGACTC-1,1.0374787853528362
GATGCTACATGCAACT-1,0.9863338769621508
GATGCTAGTATTACCG-1,1.0102585873277317
GATGCTAGTCATATCG-1,1.041836981164191
GATGCTAGTCCAGTTA-1,0.9974420756801028
GATGCTAGTCGCGTGT-1,1.044776295612851
GATGCTAGTCGTGGCT-1,1.0387230690156433
GATGCTAGTCTAGCCG-1,1.0432458346875568
GATGCTAGTGTGGTTT-1,1.0371745058052324
GATGCTAGTTACTGAC-1,0.9532181415282642
GATGCTATCAGTGTTG-1,1.0431473640726494
GATGCTATCATACGGT-1,1.0302136901130674
GATGCTATCCAAAGTC-1,1.0378496957833008
GATGCTATCGGATGGA-1,1.0126364006183697
GATGCTATCTCGATGA-1,1.0514655145126286
GATGCTATCTCGCATC-1,1.0428504761296118
GATTCAGAGACACGAC-1,1.0327261505204657
GATTCAGAGAGACTAT-1,1.0328388367580428
GATTCAGAGGCGATAC-1,1.0423338211714446
GATTCAGAGGGATGGG-1,1.044528771766289
GATTCAGAGTGAATTG-1,1.0457652017727093
GATTCAGCAAAGGTGC-1,0.9805337820588923
GATTCAGCACAGGTTT-1,1.0346349592276365
GATTCAGCACCTGGTG-1,1.0402928354817509
GATTCAGCACGGTTTA-1,1.0011479334619395
GATTCAGCATGGAATA-1,1.006363054012126
GATTCAGCATGTTGAC-1,1.037404179969026
GATTCAGGTAATCGTC-1,1.042314403371441
GATTCAGGTAGCGTCC-1,1.0413638615471719
GATTCAGGTAGCTGCC-1,1.00570935598532
GATTCAGGTCAGTGGA-1,1.0253750133125963
GATTCAGGTGAGTGAC-1,1.0372431823269832
GATTCAGGTGGTCTCG-1,1.0348914285487811
GATTCAGGTTATTCTC-1,1.046084777774987
GATTCAGGTTGTGGAG-1,1.0381521765191737
GATTCAGTCAATAAGG-1,1.0420196085335287
GATTCAGTCCCTTGTG-1,1.0344554394143866
GATTCAGTCGATAGAA-1,1.0451671943930472
GATTCAGTCGATGAGG-1,1.0493722589582315
GATTCAGTCTACTTAC-1,1.0070262571543056
GATTCAGTCTTGCATT-1,1.038778240667864
GCAAACTAGAGGACGG-1,1.0445467416104295
GCAAACTAGATCACGG-1,1.0105678486210732
GCAAACTAGCGCTTAT-1,1.034243746681161
GCAAACTAGCGTAGTG-1,1.002741021876046
GCAAACTAGTACACCT-1,1.0319510542578176
GCAAACTAGTCTCCTC-1,1.038707648550569
GCAAACTAGTTAACGA-1,1.000954432858031
GCAAACTCACTTACGA-1,1.0435083901312092
GCAAACTCATCACGAT-1,1.0516054782464554
GCAAACTCATTAACCG-1,1.0366223031495834
GCAAACTGTACACCGC-1,1.0350112549678416
GCAAACTGTAGCTGCC-1,1.0412174692172311
GCAAACTGTCATCGGC-1,1.0421415523319106
GCAAACTTCTCGCTTG-1,1.0397273229456172
GCAAACTTCTTGCATT-1,1.046250858623416
GCAATCAAGAAGGTTT-1,0.9804667866898709
GCAATCAAGCCAGTAG-1,1.0164813125818808
GCAATCAAGGCCCGTT-1,1.0120018398255413
GCAATCAAGTCCGGTC-1,1.0180517164252771
GCAATCAAGTCTCGGC-1,1.0043662779562028
GCAATCAAGTGAACGC-1,1.04103562164325
GCAATCAAGTGAATTG-1,1.0494048229865813
GCAATCAAGTGGTAAT-1,1.0419209076792912
GCAATCAAGTTGTAGA-1,1.0459308251891997
GCAATCACAATCTACG-1,1.0290259198492717
GCAATCACACATTAGC-1,1.0463683484004693
GCAATCAGTACAGTGG-1,1.0394352236118154
GCAATCAGTAGGCATG-1,0.9661955960040552
GCAATCAGTCGTTGTA-1,1.0444323116922265
GCAATCAGTGAGTATA-1,1.0181545370619025
GCAATCAGTGCGAAAC-1,1.0219084770977378
GCAATCAGTGTGGTTT-1,0.9955707140374288
GCAATCAGTTCACGGC-1,0.874155467616445
GCAATCAGTTTGGGCC-1,1.0377088225259525
GCAATCATCAACACGT-1,1.0437561910046813
GCAATCATCACCGTAA-1,0.9826478608474339
GCAATCATCCGCATCT-1,0.9983460946278061
GCAATCATCGGCCGAT-1,0.9984343732279778
GCAATCATCTGATACG-1,1.042717359060364
GCAATCATCTTGACGA-1,1.0348853987701363
GCAATCATCTTGCCGT-1,1.0341875578508775
GCACATAAGCCGCCTA-1,0.9921809899955618
GCACATAAGGTTCCTA-1,1.0334953135341707
GCACATAAGTGCCAGA-1,0.9391951755740184
GCACATACAACTTGAC-1,1.039146915833919
GCACATACACAGACTT-1,0.9783903818502876
GCACATACACGAGAGT-1,1.0067738433842315
GCACATACATGCGCAC-1,1.0166215583760851
GCACATACATGGTTGT-1,0.9817471026877724
GCACATACATTTCACT-1,1.0238022811458285
GCACATAGTAGAGGAA-1,1.0428698210377632
GCACATAGTATTACCG-1,1.006280481528285
GCACATAGTCACAAGG-1,1.0432959159607493
GCACATAGTCTAGAGG-1,1.0423970904342363
GCACATAGTCTTTCAT-1,1.0340772599573336
GCACATAGTTGTACAC-1,1.0016108569476883
GCACATATCGTACGGC-1,0.9965008159081072
GCACATATCTAAGCCA-1,1.0469148003891302
GCACTCTAGACAATAC-1,1.041562946309694
GCACTCTAGACACGAC-1,1.039000583704987
GCACTCTAGCGTTCCG-1,0.9722322988008553
GCACTCTAGTAGTGCG-1,1.037968143526841
GCACTCTAGTTGTCGT-1,1.02164575009319
GCACTCTCAACGATGG-1,1.01957024781549
GCACTCTCACATTTCT-1,0.9684555245433593
GCACTCTCACCCATGG-1,1.0138285314407158
GCACTCTCACCGATAT-1,0.9969877212051916
GCACTCTCACTCAGGC-1,1.0016890637021127
GCACTCTCAGAGTGTG-1,0.998954482018651
GCACTCTCAGCAGTTT-1,1.0425944001280374
GCACTCTCAGCCACCA-1,1.0465512461299677
GCACTCTCAGTGGAGT-1,1.0404554823559766
GCACTCTCATCACGTA-1,0.9972254712122733
GCACTCTCATGCGCAC-1,1.0435145624590325
GCACTCTGTAAACACA-1,1.0239161516778343
GCACTCTGTAAGTAGT-1,1.0139913026553071
GCACTCTGTACAGACG-1,1.0490838940013831
GCACTCTGTCTCCATC-1,0.9900235278902733
GCACTCTTCAACCAAC-1,1.0446306783195098
GCACTCTTCACATACG-1,1.0414876970323654
GCACTCTTCACCAGGC-1,1.0458921645352042
GCACTCTTCACCCGAG-1,1.0312153944909175
GCACTCTTCCCAAGTA-1,1.0333221531581431
GCACTCTTCCGAACGC-1,0.9363933552188545
GCACTCTTCGCTTGTC-1,1.0457612946650963
GCACTCTTCTGCGACG-1,0.955929373807755
GCAGCCAAGAGCTATA-1,0.9786665042095107
GCAGCCACACGTCAGC-1,1.039697145691046
GCAGCCACAGATAATG-1,1.0042569902924012
GCAGCCACAGCCAGAA-1,1.0413106068551254
GCAGCCACAGCTGGCT-1,0.9971014038166125
GCAGCCAGTACCAGTT-1,1.0395068933877922
GCAGCCAGTAGGACAC-1,1.03704355059226
GCAGCCAGTCTCAACA-1,1.0041809441775944
GCAGCCAGTGACGCCT-1,1.0302043972537018
GCAGCCAGTGCAGGTA-1,1.03807732368301
GCAGCCAGTGTGTGCC-1,1.0286048826286154
GCAGCCATCAACACCA-1,1.042074848624218
GCAGCCATCCAGAGGA-1,0.9882864909991212
GCAGCCATCGACCAGC-1,0.982578216908695
GCAGCCATCGCCCTTA-1,0.9179143613157645
GCAGTTAAGTACACCT-1,1.002645723089179
GCAGTTACAAGAAGAG-1,1.0185787778518645
GCAGTTACATAACCTG-1,1.0403011563626194
GCAGTTACATGGAATA-1,1.0111467513237198
GCAGTTAGTAGATTAG-1,1.0418862831767957
GCAGTTAGTCATCCCT-1,0.9370228607208313
GCAGTTAGTCCGAGTC-1,1.0421569286386203
GCAGTTAGTGATAAAC-1,1.0347500531078975
GCAGTTAGTGCACCAC-1,1.039929890245171
GCAGTTATCCGCAAGC-1,0.9422625422939036
GCAGTTATCCTATGTT-1,0.9480633473098102
GCAGTTATCGGTGTCG-1,1.0492807307884455
GCAGTTATCGTACGGC-1,1.046689875782766
GCAGTTATCGTTGACA-1,1.0404231862993913
GCAGTTATCTAACTCT-1,1.0375778332543537
GCATACAAGAATGTTG-1,0.9709212705474254
GCATACAAGAGACTAT-1,1.0380415388137283
GCATACAAGCGAAGGG-1,1.039085729437053
GCATACAAGCTGGAAC-1,0.9952707583146418
GCATACAAGGATGGAA-1,1.04252274136183
GCATACAAGTGGTAAT-1,1.0372072079083705
GCATACACACCTCGTT-1,1.0456562456850584
GCATACACACGAGGTA-1,1.028074091308264
GCATACACATGCCCGA-1,1.0174626895339367
GCATACAGTAAGGGAA-1,0.9412708741371723
GCATACAGTAGCGTCC-1,1.0460992489018042
GCATACAGTCCGCTGA-1,1.0450062813977838
GCATACAGTGTCCTCT-1,0.9055749691975424
GCATACAGTGTGAATA-1,1.0380458159658452
GCATACATCAGTGCAT-1,0.9958900401539733
GCATACATCTCTTATG-1,1.0117497005668978
GCATACATCTGGCGAC-1,1.0086448650209279
GCATACATCTTGCAAG-1,1.0248925205545958
GCATGATAGAACAACT-1,1.0433133543912474
GCATGATAGACAATAC-1,1.0056631719665097
GCATGATAGAGATGAG-1,0.9997771164682917
GCATGATAGTCCATAC-1,1.042954467971722
GCATGATCAAGCGATG-1,1.0373457944778743
GCATGATCACACATGT-1,0.9524607552862624
GCATGATCACGAAACG-1,1.0255673457373191
GCATGATCAGCTGTAT-1,0.9611909821897352
GCATGATCATAAAGGT-1,1.0462012984422948
GCATGATGTAGCGCTC-1,0.9820273650285777
GCATGATGTAGCTGCC-1,1.0187993014652699
GCATGATGTCCGAATT-1,1.0449363269705625
GCATGATGTCTGGAGA-1,1.037756531863538
GCATGATGTTCCACAA-1,1.0450603119943542
GCATGATTCAACTCTT-1,1.0414611095628605
GCATGATTCAGTTCGA-1,1.043322023757158
GCATGATTCGGTCTAA-1,1.0465143881702286
GCATGATTCGTTGCCT-1,0.972055513035246
GCATGCGAGACTGTAA-1,0.985082856333164
GCATGCGAGAGTACAT-1,1.0006630243403272
GCATGCGAGAGTCGGT-1,1.0002907008183786
GCATGCGAGTACTTGC-1,1.035278012517254
GCATGCGCAAACTGTC-1,1.02562317521158
GCATGCGCAAGTCTGT-1,1.0393453357984215
GCATGCGCACGAGGTA-1,1.0295061424829715
GCATGCGCAGGCTCAC-1,0.9987836307093698
GCATGCGCATTTCAGG-1,1.0039116113016553
GCATGCGGTACATCCA-1,1.039524484365037
GCATGCGGTACCCAAT-1,1.001560790260542
GCATGCGGTCACTGGC-1,1.0018689692470901
GCATGCGGTGAGGGAG-1,1.0374464112687622
GCATGCGGTTCCAACA-1,1.0367491685411878
GCATGCGTCACGCGGT-1,0.9979019394249317
GCATGCGTCAGAGGTG-1,0.9943995522835694
GCATGCGTCGGCGGTT-1,0.9958146534359325
GCATGCGTCTTACCTA-1,1.0287155043132765
GCATGCGTCTTCAACT-1,0.9965260376638678
GCATGTAAGCGTGAGT-1,0.9241935847106273
GCATGTAAGGGAAACA-1,0.928701669737943
GCATGTAAGTATCGAA-1,1.0047984075026628
GCATGTAAGTTCGATC-1,1.047112141526161
GCATGTAAGTTGCAGG-1,0.9088844783810129
GCATGTACACAACGCC-1,0.9951198836605564
GCATGTACACAAGACG-1,1.034483217353479
GCATGTACACCTATCC-1,1.0253965087995767
GCATGTACAGACGCAA-1,1.0141933991532586
GCATGTACAGCTATTG-1,1.0426991899900773
GCATGTAGTACGACCC-1,0.9307356467185459
GCATGTAGTATCGCAT-1,1.0259185001111233
GCATGTAGTGTTGGGA-1,0.9372008428535987
GCATGTATCAACACTG-1,0.9233129878848532
GCATGTATCCAGGGCT-1,1.0481775239411129
GCATGTATCCTTTCTC-1,1.0359804653508446
GCATGTATCGCTTGTC-1,1.0188697343115478
GCATGTATCGTCCAGG-1,1.0353209862747017
GCATGTATCTCTGTCG-1,1.0403366140048147
GCCAAATAGCGCCTCA-1,0.9477771813734595
GCCAAATCAATGGTCT-1,1.0234000372864205
GCCAAATCACGAGGTA-1,1.0211221256554865
GCCAAATCACTGTTAG-1,0.9819206803158803
GCCAAATCAGCTCCGA-1,1.023586602936
GCCAAATCATGAACCT-1,1.0176819676627518
GCCAAATCATGCCACG-1,0.9184774241591829
GCCAAATGTAAACCTC-1,0.9744341950065456
GCCAAATGTAATCACC-1,0.9861383409301454
GCCAAATGTCATTAGC-1,1.0450586316272883
GCCAAATGTCTGGAGA-1,0.991110516889788
GCCAAATGTGGCAAAC-1,1.0166383321826409
GCCAAATGTGTGGCTC-1,1.035071718131732
GCCAAATGTTAAAGTG-1,1.0406179571505316
GCCAAATGTTACGCGC-1,1.035345992744379
GCCAAATGTTCACGGC-1,1.0441285380079193
GCCAAATGTTCCACAA-1,0.980884468518274
GCCAAATGTTGTACAC-1,1.046010728894646
GCCAAATTCATTCACT-1,0.9928964490861076
GCCAAATTCATTGCCC-1,0.9793773961124708
GCCAAATTCATTTGGG-1,1.0470887320164493
GCCAAATTCGCGTAGC-1,1.0388289006173035
GCCTCTAAGCCTATGT-1,1.0055964517763403
GCCTCTAAGCGACGTA-1,1.0191983388283432
GCCTCTAAGGTGTTAA-1,1.0298322147553145
GCCTCTAAGTGACATA-1,1.0268435940379483
GCCTCTAAGTGTCCAT-1,0.990607416197415
GCCTCTAAGTTAGCGG-1,0.985531108445776
GCCTCTACAGATTGCT-1,0.9628129489446732
GCCTCTACAGCCTATA-1,1.0027102044037486
GCCTCTACAGGTTTCA-1,0.9493796723325755
GCCTCTACATCGTCGG-1,1.0386910164387044
GCCTCTACATGCTGGC-1,1.0438362608998801
GCCTCTAGTAGAGCTG-1,1.0042434212564828
GCCTCTAGTAGCGCAA-1,1.0385756556589165
GCCTCTAGTAGGACAC-1,0.9534438855769151
GCCTCTAGTCCAGTAT-1,0.9906135404519718
GCCTCTAGTCTAACGT-1,0.9992252460895101
GCCTCTAGTTCAACCA-1,1.0242817827797346
GCCTCTAGTTCACCTC-1,0.892576672117412
GCCTCTATCAACGCTA-1,1.040547182642486
GCCTCTATCACAGGCC-1,1.0305747304434483
GCCTCTATCCTACAGA-1,1.0075098962857707
GCCTCTATCGAGAGCA-1,1.0185906098785955
GCCTCTATCTTTACAC-1,0.9829737217735602
GCGACCAAGATATGGT-1,0.9853733761112293
GCGACCAAGTGATCGG-1,1.009701623553303
GCGACCAAGTGCGTGA-1,1.0443523962345076
GCGACCACACAGCCCA-1,1.047891060546917
GCGACCACACCGAATT-1,1.0477668731654335
GCGACCACATCGATTG-1,1.033509899078379
GCGACCAGTTGCCTCT-1,1.0297372358121168
GCGACCATCCCATTAT-1,1.0406971605475588
GCGACCATCTAGAGTC-1,1.0419187260939857
GCGAGAAAGAATTGTG-1,1.037266966807618
GCGAGAAAGGACATTA-1,1.0443101504339478
GCGAGAAAGGAGTAGA-1,1.0434985420384761
GCGAGAAAGTTCGCAT-1,1.0476495521856488
GCGAGAACAACGCACC-1,1.0373296219818948
GCGAGAACACCAACCG-1,1.0396316039200584
GCGAGAACACGCATCG-1,0.8718342638226719
GCGAGAACACGGATAG-1,0.9930065734689899
GCGAGAACATAACCTG-1,1.0451266552191094
GCGAGAACATGACATC-1,1.033308051715852
GCGAGAAGTGCACGAA-1,1.0435613478876928
GCGAGAAGTTCAGCGC-1,1.0229531216711203
GCGAGAATCCAGGGCT-1,0.9901387443846642
GCGCAACAGACAGGCT-1,1.0318978650365114
GCGCAACAGCCAGAAC-1,0.9955125959806845
GCGCAACAGTATCTCG-1,1.0322209549738286
GCGCAACAGTCCTCCT-1,0.9910318254824171
GCGCAACAGTGTCCAT-1,1.0090098217802745
GCGCAACCAAAGTCAA-1,1.039121319387476
GCGCAACCAAGCGTAG-1,1.002226946615576
GCGCAACCAAGTCTGT-1,1.0293026428671805
GCGCAACCACTACAGT-1,1.0397896161096447
GCGCAACGTAATTGGA-1,1.0462160746206768
GCGCAACGTAGCGTCC-1,1.0332412032552953
GCGCAACGTAGCTCCG-1,0.9338707037230585
GCGCAACGTCTGATTG-1,1.0187680441702003
GCGCAACGTGCCTGCA-1,1.0270744748854606
GCGCAACGTGCTCTTC-1,1.0376668006572747
GCGCAACGTTCCTCCA-1,0.9576144421603804
GCGCAACGTTGTACAC-1,1.0428087092051899
GCGCAACTCAACCAAC-1,1.0392837153179244
GCGCAACTCACAGGCC-1,0.9586436258676528
GCGCAACTCGTCACGG-1,1.0333190517634456
GCGCAACTCTCAAACG-1,1.0417413935118887
GCGCAACTCTGATACG-1,1.0412248902204213
GCGCAGTAGAAAGTGG-1,0.9907462410455693
GCGCAGTAGAAGGTTT-1,1.00282938688201
GCGCAGTAGAATCTCC-1,0.9515536905993205
GCGCAGTAGATTACCC-1,1.003145306077641
GCGCAGTAGGAACTGC-1,1.0407716025830076
GCGCAGTAGGGTTTCT-1,1.0250182768603464
GCGCAGTAGTAGCCGA-1,1.0402673570895766
GCGCAGTAGTGGTAAT-1,1.0446489766589107
GCGCAGTCAAAGAATC-1,1.0347361566619078
GCGCAGTCAAGTAGTA-1,1.03917837634963
GCGCAGTCAATCGGTT-1,1.041361813987729
GCGCAGTCACCAGGTC-1,1.0385260364368312
GCGCAGTCACTGTCGG-1,1.0434845449448311
GCGCAGTCAGTATCTG-1,1.031206582557491
GCGCAGTCAGTCCTTC-1,1.0180959674861643
GCGCAGTGTAACGTTC-1,1.0262233104937208
GCGCAGTGTACCGTAT-1,0.9928681581288401
GCGCAGTGTACGACCC-1,1.0432177647489587
GCGCAGTGTATAGGTA-1,1.0357413773038056
GCGCAGTGTCAGATAA-1,1.0481158079804722
GCGCAGTGTCGCATAT-1,1.033819244959555
GCGCAGTGTTCGAATC-1,1.0232983546562404
GCGCAGTTCAGGCGAA-1,1.0023098967889181
GCGCAGTTCCAGAAGG-1,0.9755951573733023
GCGCAGTTCCCTTGCA-1,1.02740720043585
GCGCAGTTCGGACAAG-1,1.0432921696623647
GCGCCAAAGACAATAC-1,0.993189721634803
GCGCCAAAGATACACA-1,1.041062169353756
GCGCCAAAGATATGCA-1,1.0279034895682484
GCGCCAAAGCAAATCA-1,1.0513567583006282
GCGCCAAAGCCGTCGT-1,1.034853472629385
GCGCCAAAGTAGCCGA-1,1.0080766243510226
GCGCCAAAGTCAAGCG-1,1.0128045777641386
GCGCCAAAGTGCTGCC-1,1.0382560927471447
GCGCCAAAGTGGGATC-1,0.9503156161601739
GCGCCAAAGTGGTAGC-1,1.046721873406192
GCGCCAACACTTAAGC-1,1.0299097983747227
GCGCCAACATCGATTG-1,1.044991697983225
GCGCCAAGTAATTGGA-1,1.040007530636396
GCGCCAAGTTACAGAA-1,1.0245568199664172
GCGCCAAGTTCCGTCT-1,1.0473677293722534
GCGCCAATCATCATTC-1,1.024541100571968
GCGCCAATCCAAACTG-1,1.041733857317485
GCGCCAATCCATGCTC-1,1.0436590063172029
GCGCCAATCCTCTAGC-1,0.9885794578213414
GCGCCAATCTCCGGTT-1,0.9462843481055343
GCGCGATAGACCCACC-1,1.0443213833190692
GCGCGATAGAGTGAGA-1,1.0314366817667728
GCGCGATAGATGCCTT-1,1.0379737584886188
GCGCGATAGCAATATG-1,1.029211541740578
GCGCGATAGCTAGCCC-1,1.0454608236815661
GCGCGATAGTGTCCCG-1,1.0398001285275313
GCGCGATCAAGTCTAC-1,0.9837070025247651
GCGCGATCACTAAGTC-1,0.9572303254204535
GCGCGATCACTGCCAG-1,1.0314467293143335
GCGCGATCAGTCCTTC-1,1.0395975513295403
GCGCGATCAGTTCCCT-1,1.0441999772228059
GCGCGATGTAGCTGCC-1,1.0276811543789268
GCGCGATGTCGCATAT-1,1.0516230055156985
GCGCGATGTCGCATCG-1,1.0221979535709802
GCGCGATGTTCACGGC-1,0.9308953965431762
GCGCGATGTTGGGACA-1,1.0015599711230914
GCGCGATTCAGGCCCA-1,0.9073336274569388
GCGCGATTCATTCACT-1,0.9752471282764161
GCGCGATTCCGTAGGC-1,1.0433305740630732
GCGCGATTCTACTATC-1,1.0436192456661004
GCGCGATTCTTGTACT-1,0.973994984948985
GCGGGTTAGCGTTCCG-1,1.0031179429858137
GCGGGTTCAAGCCGCT-1,1.0193272496873338
GCGGGTTCACTAGTAC-1,1.0431540961624197
GCGGGTTCATCAGTAC-1,0.9599479515989031
GCGGGTTCATCCTTGC-1,0.9841400096330245
GCGGGTTCATGGTCAT-1,1.048486435995045
GCGGGTTGTCCCGACA-1,0.9851534402602458
GCGGGTTGTCCGAAGA-1,1.0343476934988334
GCGGGTTGTGGGTATG-1,1.0440730709973827
GCGGGTTTCACCCTCA-1,1.0368631078420998
GCGGGTTTCAGAGGTG-1,1.0296728029792432
GCGGGTTTCCTGTACC-1,1.0408650828339756
GCGGGTTTCTACTTAC-1,1.0310019982445737
GCTCCTAAGACAAGCC-1,1.0378230878363934
GCTCCTAAGACAGGCT-1,1.0269707497606795
GCTCCTAAGCACACAG-1,0.983317901182236
GCTCCTAAGCCGATTT-1,1.048452763375504
GCTCCTAAGCTCCTCT-1,1.0435153103800343
GCTCCTACAAGGCTCC-1,1.0407884513316592
GCTCCTACAATCTACG-1,1.022206051055166
GCTCCTACAATGTTGC-1,1.034350319736107
GCTCCTACACAACGCC-1,0.9749643728801253
GCTCCTACACACCGCA-1,1.0423071792401046
GCTCCTACACATTTCT-1,1.0421388638913998
GCTCCTACACGCTTTC-1,1.027983357644983
GCTCCTACACGGTTTA-1,0.9728656520640209
GCTCCTACAGCATGAG-1,1.0467858937775476
GCTCCTACATATGGTC-1,1.0048592186638559
GCTCCTACATTATCTC-1,0.9421631445536359
GCTCCTAGTAAGTAGT-1,1.0505434546237278
GCTCCTAGTCCGCTGA-1,1.0062792392585869
GCTCCTAGTTATGTGC-1,1.0363777311353157
GCTCCTAGTTCGTGAT-1,1.04309692719346
GCTCCTAGTTTGGCGC-1,1.0125479303473393
GCTCCTATCACAGGCC-1,1.040885082250724
GCTCCTATCAGAAATG-1,0.9877147102828894
GCTCCTATCGAATGCT-1,1.0276433728771341
GCTCCTATCTAACTGG-1,1.044632448887322
GCTCTGTAGCGCTCCA-1,1.0391686110608649
GCTCTGTAGCTACCTA-1,1.045187725249711
GCTCTGTAGGCCCTTG-1,1.0401622060627331
GCTCTGTAGTCGTACT-1,1.0433673190296662
GCTCTGTAGTGGGATC-1,1.0229363260597826
GCTCTGTAGTTGCAGG-1,1.023115186601922
GCTCTGTCAATCACAC-1,1.0059795409020797
GCTCTGTGTAGCGTAG-1,1.025031466983505
GCTCTGTGTAGCGTGA-1,1.0323903627594697
GCTCTGTGTATAAACG-1,1.0370706668252074
GCTCTGTGTCTAAAGA-1,0.9924350712885032
GCTCTGTGTTCGGGCT-1,0.9909421124904259
GCTCTGTGTTGCTCCT-1,1.0487314195026938
GCTCTGTTCGTACCGG-1,1.0066707448942138
GCTCTGTTCGTATCAG-1,1.0507176328600518
GCTCTGTTCTGCCAGG-1,1.0117486781082112
GCTCTGTTCTGGTTCC-1,1.0419593939208907
GCTGCAGAGACATAAC-1,1.0477197278945378
GCTGCAGAGACCACGA-1,1.007782692005096
GCTGCAGAGCCAGTAG-1,1.016364678882891
GCTGCAGAGGCCCTTG-1,1.0438780757055546
GCTGCAGCAAGCGCTC-1,1.0023316623004594
GCTGCAGCAATGTTGC-1,1.0404892661110734
GCTGCAGCAGCTATTG-1,1.0418477577806566
GCTGCAGGTACGCTGC-1,1.0274439734448295
GCTGCAGGTCGACTGC-1,1.0498496897648577
GCTGCAGGTCGAGTTT-1,1.0284073605248545
GCTGCAGGTGACGGTA-1,1.0465382989817775
GCTGCAGGTTTCGCTC-1,0.9825090633626605
GCTGCAGGTTTGTGTG-1,1.0468400259203745
GCTGCAGTCACCAGGC-1,0.9466800645832537
GCTGCAGTCACCTCGT-1,1.042687848020109
GCTGCAGTCCAAACAC-1,1.001513458990125
GCTGCAGTCCTAGGGC-1,1.0014906321666701
GCTGCAGTCGTTACAG-1,0.9507426519388985
GCTGCAGTCGTTTATC-1,1.0120402881465222
GCTGCAGTCTCTAGGA-1,1.0207641163909154
GCTGCGAAGAATTGTG-1,1.0019063123866163
GCTGCGAAGATGGGTC-1,1.0313344266791324
GCTGCGAAGCCGTCGT-1,1.0423716310938447
GCTGCGAAGGACGAAA-1,0.9906526172505762
GCTGCGAAGGCATGGT-1,1.0376543556118525
GCTGCGAAGGCATGTG-1,1.026390916525419
GCTGCGAAGTACGTTC-1,1.0382038183995186
GCTGCGAAGTGACTCT-1,1.0467274677706415
GCTGCGACAATAAGCA-1,1.044937734528134
GCTGCGACAGCTGTGC-1,1.0031071904766153
GCTGCGACAGTCCTTC-1,0.9691208008488078
GCTGCGACAGTTTACG-1,1.0508949416733517
GCTGCGACATCACGAT-1,1.030820140850525
GCTGCGACATTCTCAT-1,1.033029900695383
GCTGCGAGTTACGACT-1,1.044353723169443
GCTGCGAGTTGGTAAA-1,1.0466609460892786
GCTGCGATCACATGCA-1,1.038411136198446
GCTGCGATCATGTCTT-1,0.9884735027376012
GCTGCGATCGGATGTT-1,1.039087129411662
GCTGCTTAGAGGACGG-1,1.0429524820341378
GCTGCTTAGCCACGTC-1,0.9914458137339247
GCTGCTTAGCCACTAT-1,1.0441088419230158
GCTGCTTAGCGAAGGG-1,0.9057413973254415
GCTGCTTAGGCGTACA-1,1.0151876812781664
GCTGCTTAGGGTATCG-1,1.0352468582356666
GCTGCTTAGTGAAGTT-1,1.0358978883969772
GCTGCTTCACATTCGA-1,0.9462443532212234
GCTGCTTCACCCAGTG-1,0.9477887245656639
GCTGCTTCAGCCTATA-1,1.0390305551326968
GCTGCTTCATAAGACA-1,1.0386712146994808
GCTGCTTGTACCGCTG-1,1.026717794904717
GCTGCTTGTCAACTGT-1,1.0474537591237332
GCTGCTTGTTCTGGTA-1,1.0162998432346155
GCTGCTTTCAAAGACA-1,1.015588058572195
GCTGCTTTCACAACGT-1,1.0226888180885016
GCTGCTTTCATAACCG-1,1.0478713993212958
GCTGCTTTCCAGAGGA-1,1.044861395916758
GCTGCTTTCCATGCTC-1,1.0200134600921842
GCTGCTTTCCGAATGT-1,1.0114693972526783
GCTGCTTTCCTACAGA-1,1.0303150275983821
GCTGCTTTCGAGGTAG-1,1.0462790052326758
GCTGCTTTCGCCGTGA-1,1.0000745265866973
GCTGCTTTCTAACTCT-1,1.0402131253554936
GCTGGGTAGTACATGA-1,1.015486846926877
GCTGGGTAGTACGTTC-1,1.020386096172872
GCTGGGTAGTTGAGTA-1,0.9828493808040085
GCTGGGTCACACGCTG-1,0.9914917964368111
GCTGGGTCACTATCTT-1,1.0405522751648784
GCTGGGTCAGCGATCC-1,1.0333432969093648
GCTGGGTCAGCTGGCT-1,1.0122416553269329
GCTGGGTCAGTGGGAT-1,1.0013265456293425
GCTGGGTCATACGCCG-1,0.9497560691997063
GCTGGGTCATGTCGAT-1,1.0480494373931843
GCTGGGTGTACCATCA-1,1.0103966249626268
GCTGGGTGTCTTGATG-1,0.9386581367680114
GCTGGGTGTGAAAGAG-1,1.0459634053379536
GCTGGGTTCCAACCAA-1,0.9562681120836535
GCTGGGTTCGCCTGAG-1,1.0339371392652215
GCTGGGTTCTACCTGC-1,0.9990533490664445
GCTGGGTTCTCTAGGA-1,1.0402875815953416
GCTGGGTTCTGAGGGA-1,0.9975821714503349
GCTGGGTTCTTCGAGA-1,0.9638193574358231
GCTTCCAAGAGCTATA-1,1.0249025728124301
GCTTCCAAGCAGGTCA-1,1.0442780435195733
GCTTCCAAGCTACCTA-1,0.9737075701134278
GCTTCCAAGTCTTGCA-1,1.042593234617485
GCTTCCACAACAACCT-1,1.039658325418101
GCTTCCACAAGCTGTT-1,1.0089422020214616
GCTTCCACACTGTCGG-1,1.0043065443808223
GCTTCCACAGGGTACA-1,1.0497788724410608
GCTTCCACATCCGTGG-1,1.0401078769226977
GCTTCCACATCTCGCT-1,1.0439274478192366
GCTTCCACATTCCTCG-1,1.0384104728132149
GCTTCCAGTAGCGCAA-1,1.0264712619109566
GCTTCCAGTGTTAAGA-1,1.031697030624581
GCTTCCAGTTCAACCA-1,1.0460950028699565
GCTTCCAGTTCAGACT-1,1.0390143035144837
GCTTCCAGTTTGTTTC-1,1.0372077240373596
GCTTCCATCAATCACG-1,1.0282745861429385
GCTTCCATCAGGCCCA-1,1.0231668399183032
GCTTCCATCCGAAGAG-1,1.012035286621555
GCTTCCATCTCGATGA-1,1.0293654226334663
GCTTCCATCTCTGAGA-1,0.9864293437996665
GCTTCCATCTGGTTCC-1,1.0343770192522739
GCTTGAAAGATCGATA-1,1.0422914720413397
GCTTGAAAGGCATGTG-1,1.048079617570109
GCTTGAACAATGGACG-1,1.0414206135749589
GCTTGAACACAGGCCT-1,1.0459808834200435
GCTTGAACACGAAAGC-1,1.0391570434112118
GCTTGAACAGTATGCT-1,1.0476563992286783
GCTTGAACAGTGAGTG-1,1.0386605674581664
GCTTGAACATGCAACT-1,1.0485431832685381
GCTTGAACATGTTCCC-1,0.9454193240510839
GCTTGAAGTCGAGATG-1,1.0403104014367415
GCTTGAAGTCTAAAGA-1,0.9896347930881577
GCTTGAAGTGCACCAC-1,1.0107571801505735
GCTTGAAGTGCGATAG-1,0.9375409940833551
GCTTGAAGTGTGCCTG-1,1.0324145758603707
GCTTGAAGTTGGAGGT-1,1.001627708271752
GCTTGAATCCAGAGGA-1,1.0461949190951714
GCTTGAATCCATGAAC-1,1.0378100532509411
GCTTGAATCCTAGTGA-1,1.0490652811147463
GCTTGAATCCTGTACC-1,0.9646461079929414
GCTTGAATCGACCAGC-1,1.0405404689856872
GCTTGAATCGAGAACG-1,1.0441285591310563
GCTTGAATCGTGGGAA-1,0.8761261811518566
GCTTGAATCTAACCGA-1,0.9755461301183761
GGAAAGCAGAGAGCTC-1,1.0362337437890392
GGAAAGCAGGCATTGG-1,1.0254172726549806
GGAAAGCAGTGGGATC-1,1.0397198710388058
GGAAAGCAGTTGCAGG-1,0.9881352918486427
GGAAAGCCACCAGCAC-1,1.0217317563011004
GGAAAGCCACTCAGGC-1,1.0469034295206314
GGAAAGCCAGACGCAA-1,1.0003775799284758
GGAAAGCCAGCGTTCG-1,1.000290763118225
GGAAAGCCAGGTCTCG-1,1.0341370381623014
GGAAAGCGTACAAGTA-1,1.0418904194901242
GGAAAGCGTCACTTCC-1,1.045337461867836
GGAAAGCGTCAGAAGC-1,1.0340875907192153
GGAAAGCGTCTCCACT-1,1.0412485426362674
GGAAAGCTCAACGCTA-1,1.047967222475357
GGAAAGCTCAGCGACC-1,1.051908124653901
GGAAAGCTCCCAAGTA-1,1.025416805821495
GGAAAGCTCCCTAACC-1,1.041513607236349
GGAAAGCTCCGAAGAG-1,1.0297951465478337
GGAAAGCTCCGAGCCA-1,1.0356513528112683
GGAACTTAGACGCACA-1,1.0011793500927328
GGAACTTAGCCACGTC-1,1.0467726541712077
GGAACTTAGCTACCGC-1,1.0343314377874049
GGAACTTAGCTCCCAG-1,0.9651162962421479
GGAACTTAGGATGGAA-1,1.0411273112169956
GGAACTTAGGCAGGTT-1,1.0435610087126186
GGAACTTAGTGAAGTT-1,0.9338895914002104
GGAACTTCAAGCCTAT-1,1.0386404553526658
GGAACTTCAATGACCT-1,1.0432787291896923
GGAACTTCACATTAGC-1,0.9882176465557658
GGAACTTCACGCATCG-1,1.0299991883667021
GGAACTTCAGACTCGC-1,1.0048701610558401
GGAACTTCAGCCTTGG-1,0.9098811507028172
GGAACTTCATACTACG-1,1.0146776676651599
GGAACTTGTAGGAGTC-1,0.9923335983618801
GGAACTTGTAGGGTAC-1,1.0453794120007114
GGAACTTGTCAGAATA-1,1.0233840335804616
GGAACTTGTCCGAACC-1,1.042070278756112
GGAACTTGTCGGCTCA-1,1.0106340795512778
GGAACTTTCAGCAACT-1,1.0082483868200605
GGAACTTTCAGTTAGC-1,1.0389466693758527
GGAACTTTCCTGCTTG-1,1.0273498817079292
GGAACTTTCGCGCCAA-1,1.033022337384456
GGAACTTTCGGAAATA-1,1.0198714869868666
GGAACTTTCGTAGGAG-1,1.0366835026354486
GGAATAAAGGTTCCTA-1,1.035846018384852
GGAATAAAGTGAAGTT-1,1.0019563842008383
GGAATAAAGTGAATTG-1,0.9958126909514712
GGAATAAAGTGGCACA-1,1.0377074797086445
GGAATAAAGTTCGATC-1,0.9861633407342388
GGAATAACACAGATTC-1,1.0389962598136135
GGAATAACAGACGCCT-1,1.00679176980688
GGAATAACAGATGGCA-1,1.0456781565947473
GGAATAACAGCAGTTT-1,0.9901193828441597
GGAATAACAGCATACT-1,1.015950564931536
GGAATAACAGCCTATA-1,1.0423881987539452
GGAATAACATGTTCCC-1,1.0169091652476376
GGAATAATCCATGAAC-1,1.0307107047862354
GGAATAATCCGCTGTT-1,1.0359973775886184
GGAATAATCGTCTGAA-1,1.0153610579536447
GGAATAATCTCGTTTA-1,0.9629425428355896
GGACAAGAGAACAACT-1,1.043201800699509
GGACAAGAGACTCGGA-1,1.0337312736328883
GGACAAGAGCCACGTC-1,0.9024039604267989
GGACAAGAGCTAACAA-1,1.0147014316689718
GGACAAGAGGCAATTA-1,1.0446191053736953
GGACAAGAGGGCTTGA-1,0.9888037155179494
GGACAAGAGTATGACA-1,1.0267270291619655
GGACAAGCAAGGACTG-1,1.0207823787124721
GGACAAGCACCCATTC-1,1.0329952198550363
GGACAAGGTAAATGTG-1,1.044720096718427
GGACAAGGTACAGTTC-1,0.9797918739894346
GGACAAGGTCCAGTAT-1,0.9904113214854351
GGACAAGGTTAGTGGG-1,1.0335855602868902
GGACAAGGTTCCATGA-1,1.035326672730331
GGACAAGGTTTAGGAA-1,1.020930281270419
GGACAAGTCAAACAAG-1,0.9999886727284444
GGACAAGTCAAGCCTA-1,1.0075090422772048
GGACAAGTCAGCTCGG-1,0.9538884400089761
GGACAAGTCCTTCAAT-1,0.9855378027198989
GGACAAGTCGGAGCAA-1,1.0323753245655183
GGACAAGTCGTACGGC-1,1.0417154906510078
GGACAAGTCTCTAGGA-1,1.0400646478771913
GGACAGAAGACAGGCT-1,1.0424739837565646
GGACAGAAGATCACGG-1,1.0049607934038671
GGACAGAAGCATGGCA-1,1.0467609498555943
GGACAGAAGCCAACAG-1,1.0450479205523695
GGACAGAAGCCACGTC-1,0.9514787556451167
GGACAGAAGCCACTAT-1,0.7432838875442922
GGACAGAAGCCTCGTG-1,1.0476232543265254
GGACAGAAGGGCTTCC-1,1.0407953848709868
GGACAGAAGTAGGCCA-1,1.0437129233868887
GGACAGACAAGCCCAC-1,1.0392819048156128
GGACAGACAAGGTGTG-1,1.0413024583266701
GGACAGACAGCTGTTA-1,0.9799019207214377
GGACAGACAGCTTCGG-1,1.0461071726896163
GGACAGACAGTAGAGC-1,1.0315090963767706
GGACAGACAGTGAGTG-1,1.0084019833162134
GGACAGACATGATCCA-1,1.0309668517980464
GGACAGAGTCCCTTGT-1,1.047978248992432
GGACAGAGTCTCATCC-1,1.0300710967929356
GGACAGATCCGCATCT-1,1.0387918220394239
GGACAGATCGATAGAA-1,1.0290186931929313
GGACAGATCGGAGCAA-1,1.0163242891234756
GGACAGATCGTCCGTT-1,0.9657269684153077
GGACAGATCTGGTATG-1,1.0059409814587534
GGACAGATCTTCGGTC-1,1.0090982979620104
GGACATTAGACCTTTG-1,1.0044308642177975
GGACATTAGGTTCCTA-1,0.9969987921497383
GGACATTAGTTAACGA-1,1.0173595683423915
GGACATTCAATCGAAA-1,0.9661729622883208
GGACATTCAGCCTTTC-1,0.989031754121065
GGACATTCAGTTCATG-1,0.977922031676732
GGACATTCATCGGGTC-1,1.0315212055384977
GGACATTGTACAAGTA-1,1.0033897378807766
GGACATTGTACAGTGG-1,1.0509755392658693
GGACATTGTATGAATG-1,0.9832247570460464
GGACATTGTTCAGACT-1,1.0103171027416453
GGACATTGTTTGCATG-1,0.9862002619389549
GGACATTTCACATGCA-1,1.0451792648437916
GGACATTTCATCATTC-1,1.034609860684417
GGACATTTCCTGCTTG-1,1.0448329018312068
GGACATTTCGATGAGG-1,1.0302075908985548
GGACATTTCGCAGGCT-1,1.042536712446519
GGACATTTCTTTAGTC-1,1.0382116380589534
GGACGTCAGACTACAA-1,1.0467828983274226
GGACGTCAGAGTACCG-1,1.0180176925902298
GGACGTCAGTGACATA-1,1.0423948865552657
GGACGTCAGTGACTCT-1,1.042077268693157
GGACGTCCACAACGTT-1,1.028322852250416
GGACGTCCACCATGTA-1,1.0338866549391128
GGACGTCCACCCATGG-1,1.0426057502350903
GGACGTCCAGTATCTG-1,1.0275650052343028
GGACGTCCATCACCCT-1,1.0363948603309725
GGACGTCCATTCCTCG-1,1.0147015363129752
GGACGTCGTAATCACC-1,1.041800996431312
GGACGTCGTCGAAAGC-1,1.0436250182512623
GGACGTCGTGTGTGCC-1,1.040751289602555
GGACGTCGTTCAACCA-1,1.044833465417163
GGACGTCGTTGCGTTA-1,1.0392324604886969
GGACGTCGTTGCTCCT-1,1.032428043031723
GGACGTCTCGCCTGAG-1,1.005428987021122
GGAGCAAAGACTGGGT-1,1.0361594470147968
GGAGCAAAGCAGGCTA-1,1.0447583764314383
GGAGCAAAGCCAGTAG-1,1.0470313976939831
GGAGCAAAGGCCCTTG-1,1.0135398905522186
GGAGCAAAGTACTTGC-1,1.0516022039377162
GGAGCAACAAACCTAC-1,0.9754243139851374
GGAGCAACAATGGATA-1,0.9565031634838063
GGAGCAACAATGGTCT-1,1.003117665452345
GGAGCAAGTAAAGGAG-1,1.0474147918230885
GGAGCAAGTCACACGC-1,0.990943398817869
GGAGCAAGTCGCGTGT-1,1.034715440323088
GGAGCAAGTGTATGGG-1,1.034196782200298
GGAGCAAGTGTGTGCC-1,0.971558124160909
GGAGCAAGTTGGTAAA-1,1.0392483708115234
GGAGCAATCAGCACAT-1,1.0422840046342294
GGAGCAATCGGCCGAT-1,1.0160403369446103
GGAGCAATCGTAGGTT-1,1.0394297047492398
GGAGCAATCGTCGTTC-1,1.0367744544426996
GGAGCAATCTGTCTCG-1,1.0406686902754472
GGATGTTAGAAGGGTA-1,1.0408572490769252
GGATGTTAGCGATCCC-1,1.0398551722598934
GGATGTTAGCTGATAA-1,1.047156261719108
GGATGTTCAAACTGCT-1,1.0355069190098078
GGATGTTCAAAGCGGT-1,1.0377459453940625
GGATGTTCAAGCTGTT-1,1.04583406357746
GGATGTTCAAGGACTG-1,0.9854475083434083
GGATGTTCAGCTGTAT-1,1.0467662167378635
GGATGTTCAGGTCCAC-1,1.042745925366267
GGATGTTCATTCTCAT-1,1.045332441139785
GGATGTTGTAGGCTGA-1,1.0413858487413223
GGATGTTGTCATTAGC-1,1.0466495932649618
GGATGTTGTCTGCAAT-1,1.037576679861428
GGATGTTGTCTTCAAG-1,0.9889184136800362
GGATGTTGTTAGGGTG-1,0.9935981904508757
GGATGTTGTTATGCGT-1,1.0455858695690334
GGATGTTTCCTGCTTG-1,1.0395801318648488
GGATGTTTCGCGCCAA-1,1.0451032113470005
GGATGTTTCGCTGATA-1,1.0334086470446764
GGATGTTTCTGCGACG-1,1.0362817624536442
GGATTACAGAATGTTG-1,1.0449423895805139
GGATTACAGACCACGA-1,1.024168565270109
GGATTACAGAGCCCAA-1,1.0130378479528337
GGATTACAGAGGTTAT-1,1.0391070026814027
GGATTACAGCCGATTT-1,1.0343860896538182
GGATTACAGCTAAGAT-1,1.0435640020149473
GGATTACAGCTAGGCA-1,1.0320774387609724
GGATTACAGTAGGCCA-1,1.04682806673143
GGATTACCACGGCCAT-1,1.0421439456928083
GGATTACCATCGTCGG-1,0.9776228056422226
GGATTACCATTAACCG-1,1.046232074893466
GGATTACGTAAACACA-1,1.0497157341377121
GGATTACGTAGAGCTG-1,1.0366926138335117
GGATTACGTATATCCG-1,1.04275979753815
GGATTACGTCGAAAGC-1,0.9851998269108393
GGATTACGTTCTGTTT-1,1.0461288362309282
GGATTACTCCGCATAA-1,1.0355321650964862
GGATTACTCCTAAGTG-1,1.025437397514657
GGATTACTCCTCCTAG-1,0.9882331278419823
GGATTACTCGCTTAGA-1,1.0430110688346623
GGATTACTCGGCTACG-1,1.0319017349841797
GGATTACTCTCCCTGA-1,0.9887137074861989
GGATTACTCTGTGCAA-1,1.0299702629257774
GGCAATTAGAAGGGTA-1,1.0470197562472314
GGCAATTAGAGCCTAG-1,1.0160937644820065
GGCAATTAGATCTGCT-1,1.031830429959951
GGCAATTAGATGTGGC-1,1.0295998939229383
GGCAATTAGCACAGGT-1,1.0246702501716565
GGCAATTAGCGTAGTG-1,1.0326435806185466
GGCAATTAGCTAACTC-1,1.044598966412457
GGCAATTAGGCGACAT-1,1.0414473934996225
GGCAATTAGTAAGTAC-1,1.028410401119654
GGCAATTAGTATGACA-1,0.9895806978236732
GGCAATTAGTGACATA-1,1.035629064774354
GGCAATTAGTGTACCT-1,0.968662151147067
GGCAATTCAAGAAGAG-1,1.0113315963727765
GGCAATTCAAGCGTAG-1,1.047036049574918
GGCAATTCAAGTCTAC-1,1.0399353090923236
GGCAATTCACATAACC-1,0.9563906378148948
GGCAATTCACCGAAAG-1,1.048083542066228
GGCAATTCATAAGACA-1,1.0132241322205715
GGCAATTGTCTCTCGT-1,1.0387851403813275
GGCAATTGTCTCTTAT-1,1.0482321099539678
GGCAATTGTGGCTCCA-1,1.0080497777802342
GGCAATTTCAAACGGG-1,0.9698483152279825
GGCAATTTCACCAGGC-1,1.038356193463123
GGCAATTTCATGGTCA-1,1.046517817709018
GGCAATTTCGCAGGCT-1,1.0356290951279332
GGCAATTTCGGGAGTA-1,1.0416616209005494
GGCAATTTCGTTGACA-1,1.0051599305885346
GGCAATTTCTGTCAAG-1,1.03342760905434
GGCAATTTCTTAACCT-1,1.0382127925912643
GGCAATTTCTTGTCAT-1,0.9756126892580694
GGCCGATAGACAAAGG-1,0.9696353870595669
GGCCGATAGAGACTTA-1,0.9965373114984851
GGCCGATCAAGCCGTC-1,1.0463363844651665
GGCCGATCACGACGAA-1,1.0461021276079068
GGCCGATCACGTAAGG-1,1.0409983740309767
GGCCGATCAGATAATG-1,1.0106788701729115
GGCCGATGTACTCGCG-1,1.0463889142582592
GGCCGATGTCCGAACC-1,1.0313590971516726
GGCCGATGTGCAACGA-1,1.0430282045808077
GGCCGATGTGCAGACA-1,0.9990853878430681
GGCCGATGTGCCTTGG-1,1.0458484830803731
GGCCGATGTGGTGTAG-1,1.038337746189563
GGCCGATGTTCGGCAC-1,1.0444101386879205
GGCCGATGTTGAGGTG-1,1.0433746465368192
GGCCGATGTTTGGCGC-1,1.0471372027748111
GGCCGATTCCCAAGTA-1,1.033890099886778
GGCCGATTCCCATTAT-1,1.0303741706272103
GGCCGATTCGGCTACG-1,0.998107500212922
GGCCGATTCTGCAGTA-1,1.0014509710331827
GGCGACTAGTTTCCTT-1,1.0425328467254287
GGCGACTCACGGCTAC-1,1.042921909136864
GGCGACTCAGTCAGCC-1,1.0240289614355378
GGCGACTGTACTTAGC-1,1.038968679431973
GGCGACTGTAGAGGAA-1,0.9922437800749833
GGCGACTGTGAAGGCT-1,1.0279070901556129
GGCGACTGTTACTGAC-1,1.0207035088994154
GGCGACTGTTGTCTTT-1,1.0360052642076485
GGCGACTTCGCGTAGC-1,0.9822765791766566
GGCGACTTCGGTCTAA-1,1.0224923462962086
GGCGTGTCAAGGGTCA-1,1.0357592994403977
GGCGTGTCAATGGAAT-1,1.0175187723501324
GGCGTGTCACAGGAGT-1,0.9886330108536444
GGCGTGTCACGCGAAA-1,0.9591037325947278
GGCGTGTCATGGAATA-1,1.0426401418022313
GGCGTGTCATGGTCAT-1,1.0227315651732785
GGCGTGTGTCTAAACC-1,1.049154167360831
GGCGTGTGTCTACCTC-1,0.9730502178634649
GGCGTGTGTCTTTCAT-1,1.0441468446835878
GGCGTGTGTGTGTGCC-1,1.0174165921983547
GGCGTGTGTTTACTCT-1,1.0476828004157481
GGCGTGTTCAATAAGG-1,1.0420859917238183
GGCGTGTTCACAGGCC-1,1.012657748954554
GGCGTGTTCAGGCGAA-1,1.032399841933613
GGCGTGTTCCTAAGTG-1,1.0380090650625453
GGCGTGTTCGCAAACT-1,1.0373987424119553
GGCGTGTTCGCCTGAG-1,1.0435765692619163
GGCGTGTTCGTCGTTC-1,0.9946273262871956
GGCGTGTTCTTGTTTG-1,0.9722890170794275
GGCTCGAAGGGTCTCC-1,1.0106237548817762
GGCTCGAAGGTGCACA-1,0.9890632616496228
GGCTCGAAGTTTCCTT-1,1.0264895469668913
GGCTCGACAAAGAATC-1,1.0191162593936556
GGCTCGACAACGATGG-1,1.039462550047153
GGCTCGACACTTGGAT-1,1.0444441148562562
GGCTCGACAGCTGTAT-1,0.9812888284051827
GGCTCGACATGGTCTA-1,1.0425432255148286
GGCTCGAGTGCGCTTG-1,1.0475287366769876
GGCTCGAGTTCCGTCT-1,1.0184708721607194
GGCTCGATCGACCAGC-1,1.0358381678211463
GGCTCGATCTATCCCG-1,1.0010102854319487
GGCTCGATCTCGCATC-1,1.0214904473953457
GGCTCGATCTGGTATG-1,1.0389779366718792
GGCTCGATCTTTAGGG-1,0.993840891142147
GGCTGGTAGAGGACGG-1,1.0436407926383269
GGCTGGTAGATGTTAG-1,1.0300781211241368
GGCTGGTAGCTGCAAG-1,1.016839134993283
GGCTGGTAGGGAAACA-1,1.014584571378677
GGCTGGTCACATAACC-1,0.9901141605509818
GGCTGGTCACATGACT-1,1.0236148094206572
GGCTGGTCAGCTGTAT-1,1.040886564585627
GGCTGGTCATACGCTA-1,0.9217703661185062
GGCTGGTCATCCGGGT-1,1.0430816466358976
GGCTGGTCATCGATGT-1,1.033288435165299
GGCTGGTGTAGCTAAA-1,1.0348225466714618
GGCTGGTGTAGGGTAC-1,1.0393787311804565
GGCTGGTGTATCTGCA-1,0.9963748503454103
GGCTGGTGTCACACGC-1,1.046418523476676
GGCTGGTGTGCTCTTC-1,1.0025440595587387
GGCTGGTGTGCTGTAT-1,1.031920719965568
GGCTGGTGTGGGTCAA-1,1.052040268544645
GGCTGGTTCAACACGT-1,0.994351970241142
GGCTGGTTCAGGATCT-1,1.036474935757434
GGCTGGTTCCGCGGTA-1,1.0427328974972196
GGCTGGTTCCGTTGTC-1,0.98752096608877
GGCTGGTTCCTTAATC-1,1.036836896612106
GGCTGGTTCGAACTGT-1,1.027592975520735
GGCTGGTTCGAGAGCA-1,1.039344037089327
GGCTGGTTCGCTAGCG-1,1.0423162026779706
GGGAATGAGCAAATCA-1,1.0445122604876433
GGGAATGAGCCACTAT-1,1.0142579345814602
GGGAATGAGGTGACCA-1,1.0387706323586614
GGGAATGAGTCAAGCG-1,1.0157305477559029
GGGAATGAGTGACATA-1,1.0437680543589154
GGGAATGCACCGATAT-1,1.0250497884335907
GGGAATGCATAGACTC-1,0.9636651681516449
GGGAATGCATATGAGA-1,1.0395057138504875
GGGAATGCATCGGGTC-1,1.0443546021812855
GGGAATGGTACCTACA-1,1.041801234121688
GGGAATGGTACGACCC-1,1.0480432258948145
GGGAATGGTAGCGCAA-1,1.0353960013866619
GGGAATGGTCCGACGT-1,0.9710964947414764
GGGAATGGTCCGCTGA-1,1.0115771306980252
GGGAATGGTCTCGTTC-1,0.9824590973020195
GGGAATGGTGACGGTA-1,0.9263891571813127
GGGAATGGTGAGTGAC-1,1.043337065968431
GGGAATGGTGATGCCC-1,1.0087998328713337
GGGAATGGTGTCAATC-1,1.038607758446439
GGGAATGGTTCTCATT-1,1.0422130866078274
GGGAATGTCAAGGCTT-1,1.0378768342414415
GGGAATGTCCAGTAGT-1,0.995233308642036
GGGAATGTCCAGTATG-1,0.9853745785198753
GGGAATGTCCGCATCT-1,0.9942621368648296
GGGAATGTCTGGTTCC-1,1.0450186115229936
GGGACCTAGATGTTAG-1,0.9975454939800484
GGGACCTAGCACACAG-1,0.918870113478203
GGGACCTAGCGTAGTG-1,1.0197927753089635
GGGACCTAGGCATGGT-1,1.044776386987182
GGGACCTAGTTCGATC-1,0.9988303495673629
GGGACCTCAATCCGAT-1,0.9777073573551797
GGGACCTCACCATCCT-1,1.0185809024215111
GGGACCTCATCCCACT-1,1.0376361622670032
GGGACCTCATCGATTG-1,0.9486570528878957
GGGACCTCATGCGCAC-1,1.0355411576085423
GGGACCTGTCACACGC-1,1.0326997888197487
GGGACCTGTCACCCAG-1,1.0322366197532276
GGGACCTGTCTCATCC-1,1.0423066571604562
GGGACCTGTCTCCATC-1,1.009996414402812
GGGACCTGTTACGACT-1,1.0424903229512943
GGGACCTTCAGCTGGC-1,1.0099957334390195
GGGACCTTCATCACCC-1,1.0152990431377054
GGGACCTTCCCTAATT-1,1.0079556462724584
GGGACCTTCCTAGTGA-1,0.9768496922699442
GGGACCTTCGTCTGCT-1,1.0397732814570761
GGGACCTTCTCCGGTT-1,0.9631179278457899
GGGACCTTCTTCCTTC-1,0.9903983714841257
GGGACCTTCTTCGAGA-1,1.0159043294347674
GGGAGATAGAATTCCC-1,1.0108253651957533
GGGAGATAGAGTCGGT-1,0.9992108726126337
GGGAGATAGCTAAGAT-1,1.0249243264839534
GGGAGATAGGAGTCTG-1,1.0159372512222762
GGGAGATAGGCAGGTT-1,1.0394141338254024
GGGAGATAGGTGTTAA-1,1.0172516741466322
GGGAGATAGTAGGCCA-1,0.9593237094795198
GGGAGATCAAGAGTCG-1,1.0359196081709803
GGGAGATCAGAGTGTG-1,1.0011895845456025
GGGAGATCAGTATGCT-1,1.035351226731623
GGGAGATGTAGCTTGT-1,1.030715256786977
GGGAGATGTCCTAGCG-1,0.9885010318601956
GGGAGATGTCTCACCT-1,1.022303880563564
GGGAGATGTTGGTAAA-1,1.040737951456964
GGGAGATTCAACCAAC-1,1.0366658138312324
GGGAGATTCACCAGGC-1,1.033575049459441
GGGAGATTCAGGATCT-1,1.038160172816033
GGGAGATTCATCTGCC-1,1.046408497957534
GGGAGATTCCCACTTG-1,0.9796123378588539
GGGAGATTCCCTGACT-1,1.0479985200253195
GGGAGATTCCTCATTA-1,1.0373928381570758
GGGAGATTCGTCTGCT-1,1.0266474247583257
GGGAGATTCTAACTGG-1,0.9315136652873329
GGGAGATTCTACGAGT-1,0.9943454244319855
GGGAGATTCTTGACGA-1,1.0468869570305994
GGGATGAAGAGTGAGA-1,0.9958638318018429
GGGATGAAGTGAAGTT-1,0.9332639627075178
GGGATGAAGTGCGATG-1,1.0104391251202627
GGGATGACAAGAAAGG-1,1.0207676458914905
GGGATGAGTCTAGTCA-1,1.038982045554178
GGGATGAGTGCAACGA-1,1.0108619769004508
GGGATGAGTTCGCGAC-1,1.0481122876230637
GGGATGAGTTGGAGGT-1,1.0288736050622191
GGGATGAGTTGTACAC-1,1.0286207728752903
GGGATGATCAACACCA-1,0.9720339773244736
GGGATGATCCACGAAT-1,1.0124636283919806
GGGATGATCCATGCTC-1,1.02959074738307
GGGATGATCGCCATAA-1,1.0018379364636136
GGGATGATCGGAAATA-1,0.9942594632837761
GGGATGATCTCGCTTG-1,1.0047828521407995
GGGATGATCTGGTTCC-1,1.0411300822385678
GGGCACTAGAGTACAT-1,0.9989431062804068
GGGCACTAGAGTCTGG-1,1.0002580464312776
GGGCACTAGCCAGTTT-1,0.9926717857996842
GGGCACTAGGACAGCT-1,1.0090618982131256
GGGCACTAGGATGTAT-1,1.0353769982748486
GGGCACTAGGCCCTCA-1,1.0143679179905976
GGGCACTAGGGAGTAA-1,1.047495733942688
GGGCACTAGTCTCCTC-1,1.0420590260177922
GGGCACTAGTGGAGAA-1,1.038703126594738
GGGCACTCAAGAAGAG-1,1.0213734930071716
GGGCACTCAATACGCT-1,1.035489113840674
GGGCACTCAATGGTCT-1,1.0479585659393666
GGGCACTCACAAGCCC-1,1.0219768397408804
GGGCACTCAGAAGCAC-1,1.0232098919199357
GGGCACTCATCACCCT-1,0.9955123471359041
GGGCACTCATTAACCG-1,0.9885658730410196
GGGCACTGTACCATCA-1,1.0401676928528956
GGGCACTGTACCGTTA-1,1.0224174545446965
GGGCACTGTACCTACA-1,0.9508981317023321
GGGCACTGTCTCTTAT-1,1.0320384035914754
GGGCACTGTTAAGGGC-1,1.0383271092346114
GGGCACTGTTGCTCCT-1,1.005365863214784
GGGCACTTCACCGGGT-1,0.964492915664598
GGGCACTTCCTCAACC-1,1.0025597794887597
GGGCACTTCGAACTGT-1,1.0033417542305036
GGGCACTTCGATAGAA-1,0.972412321760862
GGGCATCAGCCATCGC-1,1.0477924597523145
GGGCATCAGCGTTCCG-1,1.0213037499433826
GGGCATCCACGTTGGC-1,1.0154281277696764
GGGCATCCAGACGTAG-1,1.037078451078446
GGGCATCGTAAGGGCT-1,0.9944587995057713
GGGCATCGTACTCAAC-1,1.0403611566455404
GGGCATCGTATAATGG-1,0.9774989316117025
GGGCATCGTCTAACGT-1,1.040478205259826
GGGCATCGTGACCAAG-1,0.950040836501622
GGGCATCGTGGCCCTA-1,0.9902400853543035
GGGCATCTCCAAGCCG-1,1.0405376604988053
GGGCATCTCGAATGGG-1,1.0109750007550427
GGGCATCTCGTTTAGG-1,0.9345169854795191
GGGCATCTCTTTAGGG-1,1.0164240340801687
GGGTCTGAGGAGTCTG-1,1.029183211791583
GGGTCTGAGGCATGTG-1,1.0358863143849304
GGGTCTGAGTGGAGAA-1,1.038496411438996
GGGTCTGCAACCGCCA-1,1.025946378494371
GGGTCTGCAATCGAAA-1,1.0336347880281693
GGGTCTGCAATCGGTT-1,1.048712600966724
GGGTCTGCAGCGTAAG-1,1.0408052881285748
GGGTCTGGTACATGTC-1,1.0049162571976256
GGGTCTGGTACCCAAT-1,1.0452797599528654
GGGTCTGGTCCGAAGA-1,1.0430121104894259
GGGTCTGGTCGCGTGT-1,1.0417773884425015
GGGTCTGGTGACGCCT-1,1.0433132384678276
GGGTCTGGTTAAGTAG-1,1.0328028859221898
GGGTCTGGTTCGTTGA-1,0.9664212268249072
GGGTCTGTCAGCGATT-1,1.0359668800397215
GGGTCTGTCAGTCCCT-1,1.008042845256341
GGGTCTGTCGAATGGG-1,1.0076045076349454
GGGTCTGTCGCAGGCT-1,1.023923351697058
GGGTCTGTCTGCCCTA-1,1.0108717463121488
GGGTTGCAGCCGGTAA-1,1.0163550990607926
GGGTTGCAGCTAGTCT-1,1.0378421351307858
GGGTTGCAGGGAGTAA-1,0.9489365408630952
GGGTTGCAGTACCGGA-1,0.9923467496883894
GGGTTGCAGTCATGCT-1,1.028688607609742
GGGTTGCCAATGGATA-1,1.0278497871021735
GGGTTGCCAGCCTGTG-1,1.046409555975632
GGGTTGCCAGTACACT-1,1.0378435267023678
GGGTTGCCAGTATAAG-1,1.0416525056535388
GGGTTGCGTAGCCTAT-1,0.9647752615363094
GGGTTGCGTAGCGTAG-1,0.8798820112340755
GGGTTGCGTCAATGTC-1,1.0397134061082611
GGGTTGCGTGACCAAG-1,1.033539147492538
GGGTTGCGTGGTTTCA-1,1.0415184303712852
GGGTTGCGTTGATTCG-1,0.9864412819970636
GGGTTGCGTTTACTCT-1,1.0421942390061696
GGGTTGCTCCCGACTT-1,0.9915535983450638
GGGTTGCTCCTTGGTC-1,1.0237502464921937
GGGTTGCTCGGAGGTA-1,1.033537065444916
GGGTTGCTCGTTTATC-1,1.052283581122871
GGGTTGCTCTACTTAC-1,1.0408818037452847
GGTATTGAGAATTGTG-1,1.0273035611848282
GGTATTGAGATGTAAC-1,1.0326482611307004
GGTATTGAGCTAGGCA-1,0.9555432391915102
GGTATTGAGCTAGTCT-1,1.0355730050581822
GGTATTGAGGACATTA-1,1.0343066463794295
GGTATTGAGTGGAGTC-1,1.0436907777416504
GGTATTGCACAGCGTC-1,1.038425181965649
GGTATTGCAGCCAGAA-1,1.0199872288421017
GGTATTGCAGCCTTTC-1,1.0458671496454381
GGTATTGGTAAGAGAG-1,1.0281969331856506
GGTATTGGTACCTACA-1,0.9765399174106376
GGTATTGGTGAGGGTT-1,1.0385397323648695
GGTATTGGTGTCCTCT-1,1.0481940752149979
GGTATTGGTTGTGGCC-1,0.9993662609560355
GGTATTGTCACATAGC-1,1.0105601807368605
GGTATTGTCACGCATA-1,1.040825094783966
GGTATTGTCAGCCTAA-1,1.0397934607231025
GGTATTGTCAGGTTCA-1,0.973438695345544
GGTATTGTCCTCGCAT-1,0.9913438427292913
GGTATTGTCTCAAACG-1,1.0447200884529775
GGTGAAGAGCCAGAAC-1,0.9568671203517332
GGTGAAGAGCTCCTCT-1,1.0189036925105799
GGTGAAGAGGCCCTCA-1,0.9912182093797688
GGTGAAGCAATGCCAT-1,1.0413968417585666
GGTGAAGCACGAAAGC-1,1.0444577512797892
GGTGAAGCACGTCAGC-1,1.04436493313718
GGTGAAGCACTTACGA-1,1.0440944257069433
GGTGAAGCATTACCTT-1,0.9411103704575416
GGTGAAGGTACACCGC-1,1.0226582681330783
GGTGAAGGTAGAGTGC-1,0.9364571977717566
GGTGAAGGTCAACTGT-1,0.9813280733856625
GGTGAAGGTGAGGCTA-1,1.0072520322706215
GGTGAAGGTGGGTATG-1,1.0218381266106868
GGTGAAGGTTACGGAG-1,1.0468282958188404
GGTGAAGTCACCTCGT-1,1.0123859772247232
GGTGAAGTCCATGAAC-1,0.9837995636549653
GGTGAAGTCCCAAGAT-1,1.0443736912901769
GGTGAAGTCCGTCATC-1,1.0465347507662806
GGTGAAGTCGGCGCTA-1,1.0196229182818481
GGTGAAGTCGTTACGA-1,1.0419115681907347
GGTGAAGTCTACCTGC-1,1.0361630556272814
GGTGAAGTCTACGAGT-1,1.0429466579525433
GGTGAAGTCTACTATC-1,1.0394560675406066
GGTGAAGTCTTACCGC-1,1.036036750464369
GGTGAAGTCTTCAACT-1,1.0322854410659892
GGTGCGTAGATGCCAG-1,1.0323521726111669
GGTGCGTAGCGATAGC-1,1.016419123435837
GGTGCGTAGGCGACAT-1,1.0494436503351774
GGTGCGTCAAACTGCT-1,1.0383711222815437
GGTGCGTCAAAGCGGT-1,1.0014923294707512
GGTGCGTCAAGCGAGT-1,1.0438197375444656
GGTGCGTCACGACTCG-1,1.002670591270111
GGTGCGTCAGCCACCA-1,0.9867171471517161
GGTGCGTCATATGGTC-1,1.0336551204672824
GGTGCGTCATGGTCTA-1,0.9965073311398068
GGTGCGTCATTCACTT-1,0.984447348430754
GGTGCGTGTCCGAATT-1,1.0323048697390504
GGTGCGTGTGGGTATG-1,1.0028777872047698
GGTGCGTGTTCCTCCA-1,1.018229382497124
GGTGCGTGTTTCCACC-1,0.9953263975225067
GGTGCGTGTTTGACAC-1,1.0437038246854569
GGTGCGTTCATTATCC-1,0.9932039960731093
GGTGCGTTCTAACGGT-1,1.0427982454441718
GGTGTTAAGAACTCGG-1,1.0013379142213474
GGTGTTAAGATATACG-1,0.9858648178245911
GGTGTTAAGATGTAAC-1,1.0415253700706073
GGTGTTAAGCTAGCCC-1,1.0275982737040887
GGTGTTAAGCTGTTCA-1,1.0393898416421428
GGTGTTAAGGATTCGG-1,1.0426337101492071
GGTGTTAAGGCTAGAC-1,1.0455835412082841
GGTGTTACACAACGTT-1,0.9770504443215221
GGTGTTACACCTCGGA-1,1.01835738514083
GGTGTTACACGTCTCT-1,1.0423451533954127
GGTGTTACAGATGGCA-1,1.0019323034481316
GGTGTTACAGATGGGT-1,0.9689091461531926
GGTGTTACAGCTCGCA-1,0.9238985379969198
GGTGTTACATATGAGA-1,1.004516110712219
GGTGTTACATGCCTAA-1,0.9942164150893023
GGTGTTAGTAAACACA-1,0.9659768642850628
GGTGTTAGTAGAAAGG-1,1.039622912184229
GGTGTTAGTAGCAAAT-1,1.0371008460577384
GGTGTTAGTCCAGTGC-1,0.9762320040888655
GGTGTTAGTCTAGAGG-1,0.9997118219092984
GGTGTTAGTGAGGGTT-1,0.9966790427745991
GGTGTTAGTTCTGTTT-1,0.9373982219136715
GGTGTTAGTTGAGTTC-1,1.0441576781138322
GGTGTTATCATCGATG-1,1.0413483546805888
GGTGTTATCCGTACAA-1,1.0391872819653336
GGTGTTATCTCCGGTT-1,1.0438051640485457
GGTGTTATCTGGCGAC-1,1.0452499667243942
GGTGTTATCTTTACAC-1,1.0168676944619204
GTAACGTAGAGCTATA-1,1.0034896985172372
GTAACGTAGCACCGTC-1,0.9855745239179374
GTAACGTAGCCTTGAT-1,0.8671854999826393
GTAACGTAGGACCACA-1,1.0344606652571209
GTAACGTAGGCATGTG-1,1.0450302811996497
GTAACGTAGTCCTCCT-1,1.0344461933817775
GTAACGTCAACGATCT-1,1.039722394139597
GTAACGTCACGACGAA-1,1.016560521865209
GTAACGTCACTGTGTA-1,1.0413122768676577
GTAACGTCAGTCGTGC-1,1.0382223777076276
GTAACGTCAGTTCATG-1,0.9817487595005043
GTAACGTCATGATCCA-1,1.0430581626407165
GTAACGTGTAAGAGAG-1,0.9963397971275261
GTAACGTGTACAGACG-1,1.045031144856626
GTAACGTGTATCACCA-1,1.0461829743146749
GTAACGTGTCTGCGGT-1,0.9711639531134363
GTAACGTGTGCGCTTG-1,1.0223532018828227
GTAACGTTCAGCAACT-1,1.040225255087651
GTAACGTTCAGGCGAA-1,1.0476732445346018
GTAACGTTCAGTCCCT-1,1.0474745446473863
GTAACGTTCATTCACT-1,1.0434317560227258
GTAACGTTCCTGCTTG-1,1.0197255179912923
GTAACGTTCGCACTCT-1,0.9969112310711975
GTAACGTTCGCATGGC-1,1.044744835938825
GTAACTGAGAAACCTA-1,1.0129712460628637
GTAACTGAGCCATCGC-1,1.0397905872082764
GTAACTGAGCGCCTTG-1,0.9045094815148581
GTAACTGAGGTGCTTT-1,0.9414084197258639
GTAACTGAGTAGGTGC-1,1.0343064998856284
GTAACTGAGTATTGGA-1,1.0485492396578369
GTAACTGCAAAGGTGC-1,1.039473785671774
GTAACTGCACTACAGT-1,0.981531387434549
GTAACTGGTAACGACG-1,1.0437101166121878
GTAACTGGTACTTAGC-1,1.003235783742565
GTAACTGGTAGCGTGA-1,1.044066744220359
GTAACTGGTCCAGTAT-1,1.0261640592036838
GTAACTGGTGGTAACG-1,1.01828495809092
GTAACTGGTGGTCCGT-1,1.049237055525614
GTAACTGGTGTAATGA-1,1.0396181537933231
GTAACTGGTTAGTGGG-1,1.0381258930313795
GTAACTGGTTATCACG-1,1.0277220778643004
GTAACTGGTTGTGGCC-1,1.0104767911801884
GTAACTGTCAGCTTAG-1,1.0329375373523313
GTAACTGTCCGTTGTC-1,0.96517617471578
GTAACTGTCGATGAGG-1,1.0367994230998563
GTAACTGTCGCAAACT-1,0.9749511609876101
GTAACTGTCGTACCGG-1,1.0156741398945766
GTAACTGTCGTCCGTT-1,1.0267219222179063
GTAACTGTCTGGCGTG-1,1.0499636684095872
GTAACTGTCTTGCCGT-1,0.9791683045799809
GTACGTAAGCAATCTC-1,1.0429096381458434
GTACGTAAGTCGCCGT-1,0.9701061128043932
GTACGTAAGTGGGCTA-1,1.0506330539430626
GTACGTACAAAGGCGT-1,1.0349909728768283
GTACGTACACGAGGTA-1,1.0272482211949094
GTACGTACAGCCTATA-1,1.0421598157197247
GTACGTACATCGGACC-1,1.0035386761054943
GTACGTACATTAGCCA-1,1.0489467149182428
GTACGTAGTAAATGAC-1,0.9964433428057899
GTACGTAGTAAGTGGC-1,1.0273423433670577
GTACGTAGTCAACTGT-1,1.0451908015553404
GTACGTAGTCCGTTAA-1,1.033396869686405
GTACGTAGTCTCCACT-1,0.9591808267263127
GTACGTAGTGACAAAT-1,1.041523243383964
GTACGTAGTGTGCGTC-1,0.9476684300987018
GTACGTAGTTGCCTCT-1,1.0414620606390612
GTACGTATCACTTACT-1,1.0169473846700303
GTACGTATCAGTTGAC-1,1.050367346809142
GTACGTATCATCTGCC-1,0.9120175251611576
GTACGTATCCAAATGC-1,1.045167155523218
GTACGTATCCAGGGCT-1,1.0332145139576354
GTACGTATCTCAACTT-1,1.0494811250549247
GTACGTATCTCTTGAT-1,0.9588644518445195
GTACTCCAGCAGGTCA-1,0.9360250789781732
GTACTCCAGGAGTACC-1,0.99450905760459
GTACTCCAGGAGTTGC-1,1.0345198123311947
GTACTCCAGGCATGTG-1,1.0201369644812677
GTACTCCAGGCTCTTA-1,1.043852411566479
GTACTCCAGTTAAGTG-1,1.0449489628684507
GTACTCCAGTTCCACA-1,1.0353318553792006
GTACTCCCAACACCTA-1,1.0455293864859803
GTACTCCCACACAGAG-1,0.9293552093564051
GTACTCCCACGAAACG-1,1.0381832287858557
GTACTCCCACTCGACG-1,1.022443587749787
GTACTCCCAGTCTTCC-1,1.011178974513564
GTACTCCGTTCCACAA-1,1.0413543031643442
GTACTCCGTTGGTGGA-1,1.0033123244014603
GTACTCCTCAAGGCTT-1,1.0442407747991738
GTACTCCTCACTGGGC-1,1.0110483003897055
GTACTCCTCATACGGT-1,1.0445368495714276
GTACTCCTCGAGAACG-1,1.0267016343060391
GTACTTTAGATCCGAG-1,1.0023497871472027
GTACTTTAGATGAGAG-1,1.0314518281493907
GTACTTTAGCTTATCG-1,1.0424643355874772
GTACTTTAGTCTCCTC-1,1.0105295535945118
GTACTTTCAATACGCT-1,1.0242471282636365
GTACTTTCACCGAATT-1,1.0433086326988263
GTACTTTCACTATCTT-1,0.9294606325874432
GTACTTTCAGGAATCG-1,0.9508900781904965
GTACTTTCAGGAATGC-1,1.0432186150051397
GTACTTTCAGGGATTG-1,0.997420925439868
GTACTTTCATTAACCG-1,0.9507672741593219
GTACTTTGTAAGGGAA-1,1.0483228373065312
GTACTTTGTAATTGGA-1,1.0288921039832322
GTACTTTGTACCAGTT-1,1.0419278295478325
GTACTTTGTAGCCTAT-1,1.0454691312577968
GTACTTTGTATTACCG-1,0.9918796992057851
GTACTTTGTTAAGAAC-1,1.0157641748983188
GTACTTTGTTCAACCA-1,1.0031551156240865
GTACTTTTCAAACGGG-1,1.0158968078787063
GTACTTTTCCTCAACC-1,1.0135209902806306
GTACTTTTCGCAAGCC-1,1.0272105532640385
GTACTTTTCGTTTATC-1,1.0212278104175905
GTACTTTTCTGGGCCA-1,0.8101609247739925
GTAGGCCAGAAGAAGC-1,1.043958401699713
GTAGGCCAGCTGATAA-1,0.9948668341760967
GTAGGCCAGGGAAACA-1,1.0373169838246834
GTAGGCCAGTTACCCA-1,1.0227767675542574
GTAGGCCCAAACGTGG-1,1.0254276356643233
GTAGGCCCAAGCCCAC-1,0.9437118263128679
GTAGGCCCAAGCGATG-1,1.0329738935782375
GTAGGCCCAAGTCTGT-1,1.0489776938117268
GTAGGCCCAATACGCT-1,0.9431932094272708
GTAGGCCCACCAGCAC-1,1.0119260249509272
GTAGGCCCACGTAAGG-1,0.9530446501817375
GTAGGCCGTAAGGGCT-1,1.0412377269154345
GTAGGCCGTATGAAAC-1,1.0280064942963392
GTAGGCCGTCACAAGG-1,1.0394111404060187
GTAGGCCGTGGTAACG-1,1.028033699041389
GTAGGCCGTTATCGGT-1,1.037439922854331
GTAGGCCGTTCGTCTC-1,0.9850164484644074
GTAGGCCGTTTAGCTG-1,0.9997058966219006
GTAGGCCTCAGCATGT-1,0.9581349575378438
GTAGGCCTCCAAATGC-1,1.045219066910355
GTAGGCCTCCCTAACC-1,1.0058556756683645
GTAGGCCTCCTGTAGA-1,1.0469023038402505
GTAGGCCTCGTCCAGG-1,1.0487476640053046
GTAGGCCTCTACGAGT-1,1.0289985083928916
GTAGGCCTCTCTAAGG-1,1.029102962790691
GTAGGCCTCTTACCGC-1,1.0356086936178241
GTAGTCAAGGGAAACA-1,1.035210977813859
GTAGTCAAGGGCTTCC-1,1.0402414540381377
GTAGTCAAGTACATGA-1,1.0407935241498005
GTAGTCAAGTAGGTGC-1,1.0434799328510969
GTAGTCAAGTCAATAG-1,0.9791680175261568
GTAGTCAAGTGCGATG-1,1.0462764698361775
GTAGTCAAGTGTACGG-1,1.0209603148331339
GTAGTCACAATGGACG-1,1.0294613421078727
GTAGTCACACGGTAAG-1,1.0334575477099621
GTAGTCACATGCCTTC-1,1.0452001110389195
GTAGTCAGTAAATGTG-1,1.034638921278308
GTAGTCAGTCACCCAG-1,0.9973193363684822
GTAGTCAGTCTGGTCG-1,1.0282681593295497
GTAGTCATCCAAACAC-1,1.0057582022474507
GTAGTCATCCTCCTAG-1,1.0410836505708492
GTAGTCATCGCAAACT-1,1.0400787263991944
GTAGTCATCGGTTAAC-1,1.0364177260097809
GTAGTCATCTGATTCT-1,1.001092121600446
GTATCTTAGAACTCGG-1,1.0429866957920033
GTATCTTAGAAGGTTT-1,1.0361062480950198
GTATCTTAGAGACTAT-1,0.9870668895738666
GTATCTTAGCACGCCT-1,1.0420164208966198
GTATCTTAGCTTATCG-1,1.0488370722454057
GTATCTTCAAGCCGCT-1,1.0306570684796699
GTATCTTCACCACCAG-1,1.0319903722078558
GTATCTTCACCGAAAG-1,1.0476533150739884
GTATCTTCAGCGTCCA-1,1.042921669018762
GTATCTTCAGCTGCAC-1,1.0369100603441754
GTATCTTCAGTCAGAG-1,1.0137831085451678
GTATCTTCAGTTCCCT-1,1.0371011782871151
GTATCTTCATTCGACA-1,1.031834387505276
GTATCTTGTCCTGCTT-1,0.9184444373609819
GTATCTTGTCTCTTAT-1,1.040200717008613
GTATCTTGTTAAAGTG-1,1.0327034211459596
GTATCTTTCAGTCCCT-1,0.9971817894219367
GTATCTTTCCCAAGAT-1,0.96786041717662
GTATCTTTCCGAACGC-1,1.0052540706333601
GTATCTTTCCGTTGTC-1,1.036081054594773
GTATCTTTCGGAAATA-1,1.040249573653485
GTATCTTTCGGTCTAA-1,0.9781479966423582
GTATCTTTCTGGAGCC-1,1.0092811302849478
GTATCTTTCTGGGCCA-1,0.9547013789294471
GTATTCTAGAAACGCC-1,1.0444771909559842
GTATTCTAGAAGGGTA-1,1.0222171537346612
GTATTCTAGAGGTACC-1,1.0265315689437315
GTATTCTAGCAAATCA-1,1.0427091530166714
GTATTCTAGCTAACTC-1,0.9550815284636477
GTATTCTAGCTGGAAC-1,1.0398305789395892
GTATTCTAGGCCGAAT-1,1.018911675014291
GTATTCTAGGCTCAGA-1,1.0370446070026347
GTATTCTAGTGAAGTT-1,1.0153442037913314
GTATTCTCAAACTGCT-1,1.0167782062193897
GTATTCTCACATCTTT-1,1.0148464020939312
GTATTCTCACGAGGTA-1,1.0398945964290331
GTATTCTCATTTCACT-1,1.0121376426269726
GTATTCTGTATATCCG-1,1.0274486984171192
GTATTCTGTTAAGGGC-1,1.0119871397834823
GTATTCTGTTAGGGTG-1,0.9623285730000509
GTATTCTTCAGTTGAC-1,1.0371756513770067
GTATTCTTCATCGCTC-1,1.047525728611073
GTATTCTTCCCTAATT-1,1.043721937788988
GTATTCTTCTTTAGTC-1,1.0342769453583924
GTCAAGTAGACACTAA-1,1.0424448186121493
GTCAAGTAGCAGATCG-1,0.879567465789402
GTCAAGTAGCCAACAG-1,1.0182144841811087
GTCAAGTAGTGAATTG-1,0.9949962380857961
GTCAAGTAGTGTCTCA-1,1.0472654650131956
GTCAAGTCAAGAAGAG-1,1.0490430990480262
GTCAAGTCAATAGCAA-1,1.042627749870567
GTCAAGTCAATCCGAT-1,1.047373229081713
GTCAAGTCAGCTCCGA-1,1.0427715979373493
GTCAAGTCATACTACG-1,1.0078332912631172
GTCAAGTCATCACGAT-1,1.0282031735708055
GTCAAGTCATCCTAGA-1,0.997486374685465
GTCAAGTGTAGAAGGA-1,1.0058094170560565
GTCAAGTGTAGTAGTA-1,1.0391345565557337
GTCAAGTGTCATATCG-1,0.9984232876463033
GTCAAGTGTCCGACGT-1,0.9209495375938718
GTCAAGTGTCGGCATC-1,1.0405027988613318
GTCAAGTGTCTAAACC-1,1.0226745737568395
GTCAAGTGTCTCTCGT-1,1.0506657422238526
GTCAAGTGTGAGGGAG-1,1.0107807933834458
GTCAAGTGTGCAACGA-1,1.0056109893386587
GTCAAGTGTTGACGTT-1,1.019829385009963
GTCAAGTTCACATACG-1,1.0398930392731134
GTCAAGTTCATGCATG-1,0.9483171846838234
GTCAAGTTCCGTCAAA-1,1.0369152917905236
GTCAAGTTCGCCTGTT-1,1.046838931835524
GTCAAGTTCTGGCGTG-1,1.0385961906537806
GTCACAAAGCCACCTG-1,1.005918057167409
GTCACAAAGCCCAACC-1,1.0505716625605
GTCACAAAGCTCCTCT-1,1.0334228768648577
GTCACAAAGGGTTTCT-1,1.0408633782888053
GTCACAAAGGTGTGGT-1,1.018683343084738
GTCACAAAGTCGTACT-1,0.9823697266596426
GTCACAAAGTGATCGG-1,0.989723503181523
GTCACAAAGTGCGATG-1,1.033867351295597
GTCACAACAAACTGTC-1,1.0279133826822033
GTCACAACAACAACCT-1,1.0323574232557777
GTCACAACAATAAGCA-1,1.0173587496636616
GTCACAACAATCAGAA-1,1.0357122844703144
GTCACAACACATTTCT-1,1.0407779945093887
GTCACAACACGGTTTA-1,1.0446667415122652
GTCACAACAGGAATCG-1,1.0336218753821185
GTCACAACATGGTCTA-1,1.0429469277469503
GTCACAAGTCAAAGCG-1,0.9492174961810915
GTCACAAGTCAACTGT-1,1.0477424011879972
GTCACAAGTGCTAGCC-1,1.0299268335120406
GTCACAAGTTACGACT-1,1.01387585673539
GTCACAATCAGGCAAG-1,1.0065080753056963
GTCACAATCATAAAGG-1,0.9792215788348403
GTCACAATCATGCAAC-1,1.0404504667568004
GTCACAATCGCAAGCC-1,1.0442045833148939
GTCACAATCGGCCGAT-1,1.043597579805741
GTCACAATCGTTTATC-1,1.0207157324667413
GTCACAATCTTTACGT-1,1.035134662665435
GTCACGGAGAAGGTGA-1,1.0423880699256227
GTCACGGAGGCGACAT-1,1.0261094568161757
GTCACGGAGTGCTGCC-1,1.043674844208146
GTCACGGAGTGGGTTG-1,0.9548963500084047
GTCACGGAGTTCGCGC-1,1.032526824156568
GTCACGGCAACGATCT-1,1.033048217642674
GTCACGGCAACGCACC-1,1.0321275720166605
GTCACGGCAAGCGATG-1,1.0332546928727186
GTCACGGCAAGTCTAC-1,0.9822529639173853
GTCACGGCAATGAATG-1,1.0451111525138663
GTCACGGCATTGGTAC-1,0.9589938168847336
GTCACGGGTAATCGTC-1,1.0047210600146197
GTCACGGGTAGGGTAC-1,1.0400713595004896
GTCACGGGTATCTGCA-1,1.0418309215252286
GTCACGGGTGACTACT-1,1.0410824754079613
GTCACGGGTGAGGGTT-1,1.038655729135311
GTCACGGTCAACACTG-1,0.9787440008476133
GTCACGGTCACAGGCC-1,1.0513909156115675
GTCACGGTCACCCGAG-1,1.0025788305288081
GTCACGGTCACGCGGT-1,1.0273083491972783
GTCACGGTCGGTTCGG-1,1.0381376695941207
GTCACGGTCGTCACGG-1,1.0001082696346528
GTCATTTAGATCGATA-1,1.0435515324046254
GTCATTTAGATGGCGT-1,0.9959144484502113
GTCATTTAGCGCTTAT-1,0.8975369204894659
GTCATTTAGGCCGAAT-1,1.0294440432844714
GTCATTTCACCGAAAG-1,1.0393509156969813
GTCATTTCACGTAAGG-1,1.0481316039221942
GTCATTTCAGTCTTCC-1,0.9956077847692558
GTCATTTCAGTGGGAT-1,0.9983426074090114
GTCATTTCATACGCCG-1,1.0381989977701318
GTCATTTGTAATCGTC-1,0.9985751057307918
GTCATTTGTACGCACC-1,1.0427656111879477
GTCATTTGTCGAACAG-1,0.9941531941889713
GTCATTTGTCTCTTAT-1,0.9571185239022533
GTCATTTGTGGTCCGT-1,0.99737358144542
GTCATTTGTGTGCCTG-1,1.0420047782513768
GTCATTTTCAGAGGTG-1,1.0423285530266675
GTCATTTTCAGCCTAA-1,1.046853720948419
GTCATTTTCAGTGCAT-1,1.0366227151580063
GTCATTTTCCCGACTT-1,1.0313449462572857
GTCATTTTCGTGGTCG-1,1.0097318079482818
GTCATTTTCTGAGGGA-1,0.9566522231334134
GTCATTTTCTGCTGCT-1,1.0256630780377631
GTCCTCAAGAGTGAGA-1,1.0417692937441876
GTCCTCAAGGAGTAGA-1,1.0386557127651599
GTCCTCAAGTGCCAGA-1,1.0345149343601987
GTCCTCAAGTGTCCAT-1,1.0427757010746612
GTCCTCACACAGACAG-1,0.9927393639704863
GTCCTCACACCCTATC-1,0.9637531104903274
GTCCTCACACGACGAA-1,1.047527276180889
GTCCTCACATACAGCT-1,1.0366788576896822
GTCCTCACATATACCG-1,1.0501430326938033
GTCCTCAGTATGGTTC-1,1.0427336005101078
GTCCTCAGTCTCACCT-1,1.0392569688769657
GTCCTCAGTCTGATTG-1,1.0399404151992735
GTCCTCAGTCTGCAAT-1,1.0357897690940319
GTCCTCAGTCTTGTCC-1,0.9919806383846572
GTCCTCAGTGAAAGAG-1,0.9882990505351374
GTCCTCAGTGGTCTCG-1,1.0451764301803845
GTCCTCAGTGTCTGAT-1,1.0387429358407971
GTCCTCAGTTCCGGCA-1,1.035607474945449
GTCCTCAGTTCTCATT-1,1.0424576650608333
GTCCTCAGTTCTGTTT-1,1.0150069264967818
GTCCTCAGTTGTGGAG-1,0.9824408511927725
GTCCTCATCTGCAGTA-1,1.0344004030970064
GTCGGGTAGACGCTTT-1,1.0484343180775728
GTCGGGTAGCTGCGAA-1,1.0429112346600606
GTCGGGTAGGCACATG-1,1.040128649790469
GTCGGGTAGTGTACTC-1,1.0368484153905397
GTCGGGTAGTTTCCTT-1,0.9929274855280348
GTCGGGTCACATCCAA-1,1.0430004293207085
GTCGGGTCACGCATCG-1,1.0430228554279524
GTCGGGTCACTCGACG-1,1.009810120549396
GTCGGGTCACTGTGTA-1,1.040317446210249
GTCGGGTCATCACCCT-1,1.0076944804376557
GTCGGGTGTCACAAGG-1,0.9751605693758434
GTCGGGTGTGGTCCGT-1,1.0499241556684242
GTCGGGTGTGTGAATA-1,1.0211618278963401
GTCGGGTTCAACACAC-1,1.0302254222428457
GTCGGGTTCAACCAAC-1,0.9874595214490084
GTCGGGTTCACATGCA-1,1.043266221224901
GTCGGGTTCACTGGGC-1,1.0369955484523639
GTCGGGTTCACTTACT-1,1.0421250922419023
GTCGGGTTCAGAGCTT-1,1.0456179204886322
GTCGGGTTCCGCAAGC-1,1.0378120850474861
GTCGGGTTCTGGGCCA-1,1.0391432680880348
GTCGGGTTCTTCAACT-1,1.0077187292777325
GTCGTAAAGAGACGAA-1,0.992949000873728
GTCGTAAAGCCACTAT-1,1.025394751423271
GTCGTAAAGGCTATCT-1,1.0150191355266622
GTCGTAACAACGATGG-1,0.9301167820077209
GTCGTAACAATGGACG-1,1.0417583654206826
GTCGTAACAGTCGATT-1,0.9428700011309007
GTCGTAACATCGGGTC-1,1.0444106540912406
GTCGTAAGTATCACCA-1,0.9518805840656537
GTCGTAAGTGAAAGAG-1,1.0484318610923569
GTCGTAAGTGAACCTT-1,1.0342398190530073
GTCGTAAGTTCAGGCC-1,0.9801754516027832
GTCGTAAGTTCTGTTT-1,0.9571478613370786
GTCGTAATCAAGGTAA-1,1.0391279102116877
GTCTCGTAGATGTAAC-1,1.0494788227813945
GTCTCGTAGCAGATCG-1,1.043133205547063
GTCTCGTAGCGTTCCG-1,1.0413936380605948
GTCTCGTAGCTAACTC-1,1.039546377813073
GTCTCGTAGCTGTTCA-1,0.9547439769978001
GTCTCGTAGGCCATAG-1,1.0344124715934566
GTCTCGTAGTACGACG-1,1.0257867667615839
GTCTCGTAGTGGTAAT-1,1.0313531808334129
GTCTCGTAGTTGCAGG-1,0.940076373251427
GTCTCGTCAAAGCGGT-1,1.0361262845315178
GTCTCGTCACACTGCG-1,1.0328567648247151
GTCTCGTCACGCGAAA-1,1.0277734464698884
GTCTCGTCACTCAGGC-1,1.0441756608993373
GTCTCGTCACTCTGTC-1,1.0293314365282293
GTCTCGTCAGCTGCAC-1,0.9967048922805601
GTCTCGTCAGTGAGTG-1,0.9790453286361355
GTCTCGTCATGACGGA-1,1.039936103578115
GTCTCGTCATGCAACT-1,1.0036634950032643
GTCTCGTCATTTCACT-1,1.0052335931969576
GTCTCGTGTAGATTAG-1,1.0112658061511637
GTCTCGTGTCTCATCC-1,1.0437504628272825
GTCTCGTGTCTGCCAG-1,0.9692427432117331
GTCTCGTGTTCTCATT-1,0.9849735006580512
GTCTCGTGTTCTGAAC-1,1.0215644653135056
GTCTCGTTCATAACCG-1,1.0240032685794316
GTCTCGTTCCGATATG-1,1.0420161853035934
GTCTCGTTCCTAGGGC-1,1.041121394878243
GTCTCGTTCCTAGTGA-1,1.0426165866791361
GTCTCGTTCGCGATCG-1,1.0401302925463771
GTCTCGTTCGGCGCTA-1,1.0148673342071266
GTCTTCGAGCTCCTTC-1,1.0031825582010492
GTCTTCGAGGAATTAC-1,1.0396641317633757
GTCTTCGAGGTACTCT-1,1.0456275947114815
GTCTTCGCAAAGTCAA-1,1.0123056173026284
GTCTTCGCAATAGCAA-1,1.0455030852010578
GTCTTCGCAATCCGAT-1,1.0028594657481373
GTCTTCGCACTAAGTC-1,1.037983966605044
GTCTTCGCATCAGTAC-1,1.0254740304531567
GTCTTCGGTAAGTGTA-1,1.03372192780572
GTCTTCGGTCTAAACC-1,1.0053917649472355
GTCTTCGGTTCCAACA-1,1.043661297227202
GTCTTCGGTTCCACAA-1,1.0500084781182384
GTCTTCGTCCAGAGGA-1,0.9818754936301944
GTCTTCGTCGGTCTAA-1,1.0018456238425624
GTCTTCGTCGTTGACA-1,1.050905584808917
GTCTTCGTCGTTTGCC-1,1.014424522786392
GTGAAGGAGAGGGCTT-1,1.0311882777129182
GTGAAGGAGTGTTGAA-1,0.9914248080346969
GTGAAGGAGTTACCCA-1,1.0417855487974512
GTGAAGGCACCAGCAC-1,1.034475106311938
GTGAAGGGTAGAAGGA-1,1.042354547121674
GTGAAGGGTAGCCTAT-1,1.0303968514376665
GTGAAGGGTATGAAAC-1,1.0200551151728139
GTGAAGGGTCAGATAA-1,1.0427168337811112
GTGAAGGGTGCAACTT-1,1.0233936903695289
GTGAAGGGTGCCTGGT-1,1.0335258133538183
GTGAAGGGTTCCCGAG-1,1.0399276059059392
GTGAAGGTCCAGGGCT-1,0.9761788161877072
GTGAAGGTCCTACAGA-1,1.04709469995853
GTGAAGGTCGAGCCCA-1,0.9870445341394486
GTGAAGGTCGGAGCAA-1,1.0494388261404315
GTGAAGGTCGTACCGG-1,1.0485450187937153
GTGAAGGTCTCGAGTA-1,0.9779505213827662
GTGCAGCAGAAGGCCT-1,1.0393233609905124
GTGCAGCAGACATAAC-1,1.0397303896739596
GTGCAGCAGCCGTCGT-1,1.0426503520507306
GTGCAGCAGCGATAGC-1,0.9939032791409432
GTGCAGCAGTGAAGTT-1,0.7494418988937892
GTGCAGCAGTGTCCAT-1,1.03689434511422
GTGCAGCCACGTGAGA-1,1.0102823138317174
GTGCAGCCACTAAGTC-1,1.0405838837803216
GTGCAGCCAGAGTGTG-1,0.9857734096873954
GTGCAGCCAGCAGTTT-1,1.046936705094306
GTGCAGCCAGGGTTAG-1,1.0454035842614098
GTGCAGCCAGTTCCCT-1,1.0389175452297976
GTGCAGCCATCCGGGT-1,1.0447417326398145
GTGCAGCCATTTCACT-1,1.0402110581381445
GTGCAGCGTCTGATTG-1,1.0374814030535457
GTGCAGCGTCTGCGGT-1,1.0334532782334482
GTGCAGCGTCTGGTCG-1,1.0341192846129788
GTGCAGCGTCTTCGTC-1,0.9017392785799189
GTGCAGCGTGATAAGT-1,1.0388696134326507
GTGCAGCGTTACAGAA-1,1.04443224799847
GTGCAGCGTTCATGGT-1,1.0463963839274122
GTGCAGCTCAACCAAC-1,1.0021253591367982
GTGCAGCTCAGGATCT-1,1.0219986876374405
GTGCAGCTCCTCATTA-1,1.0470406408340862
GTGCAGCTCCTCGCAT-1,1.0372451578664201
GTGCAGCTCGGAAACG-1,1.0398194586125646
GTGCAGCTCTCGTATT-1,1.0443442538487246
GTGCATAAGAAGGCCT-1,0.9852227841027168
GTGCATAAGCACAGGT-1,1.0441700127663567
GTGCATAAGCAGGCTA-1,1.0448739024041471
GTGCATAAGCTAACAA-1,1.0249503686398176
GTGCATAAGCTGGAAC-1,0.9915420499266059
GTGCATAAGTCAAGCG-1,0.9932323420169956
GTGCATACACAGGCCT-1,1.0403335066656694
GTGCATACATATGAGA-1,1.0441612197992276
GTGCATAGTAGCACGA-1,1.03512148881746
GTGCATAGTCAGCTAT-1,1.051450799741227
GTGCATAGTGAAAGAG-1,1.0459224301729202
GTGCATAGTGGTTTCA-1,1.0473415694142463
GTGCATAGTTAGATGA-1,0.9706192758956503
GTGCATAGTTCCTCCA-1,0.9159587030271746
GTGCATATCAATAAGG-1,0.9931836139761275
GTGCATATCATTATCC-1,1.0162582261084674
GTGCATATCCTAGAAC-1,1.0177898387429485
GTGCATATCTTGAGAC-1,1.0437697767596466
GTGCATATCTTGCATT-1,0.9143010831903666
GTGCATATCTTTCCTC-1,1.043735166890716
GTGCGGTAGATCCTGT-1,0.9954810473355573
GTGCGGTAGGCTCATT-1,1.0475758071753078
GTGCGGTAGTCGATAA-1,1.0399945076990889
GTGCGGTCAGGGTATG-1,1.0424880168900073
GTGCGGTCAGGTCTCG-1,1.0331672594036907
GTGCGGTCATGAACCT-1,0.9898359638316341
GTGCGGTGTAGATTAG-1,0.9482435822509568
GTGCGGTGTCCCGACA-1,0.9681930597637278
GTGCGGTGTCCGAACC-1,1.0069232010892675
GTGCGGTGTCGCTTCT-1,1.0419244094176725
GTGCGGTGTGCGCTTG-1,1.0425839897957205
GTGCGGTGTTCAGTAC-1,0.9551536864497681
GTGCGGTGTTGGTTTG-1,1.0463195099188514
GTGCGGTTCGACGGAA-1,1.046363224845013
GTGCTTCAGACTGTAA-1,1.0158122442680795
GTGCTTCAGGAGCGTT-1,1.0161936923234234
GTGCTTCAGGCTACGA-1,1.0394071631574016
GTGCTTCAGGCTAGAC-1,1.0379200779942663
GTGCTTCAGTCCAGGA-1,0.9345203056873277
GTGCTTCCACCGATAT-1,1.0418610039853193
GTGCTTCCAGTCGATT-1,0.9535974672982436
GTGCTTCGTAGTGAAT-1,1.0429992937619388
GTGCTTCGTCTTCTCG-1,1.0470848922682927
GTGCTTCGTTTCGCTC-1,0.9833011264076428
GTGCTTCGTTTGGGCC-1,1.0257561870430463
GTGCTTCTCCTATTCA-1,1.006442516991779
GTGCTTCTCTTCATGT-1,1.0458460789970556
GTGCTTCTCTTGCCGT-1,1.0328823707741142
GTGGGTCAGAACAACT-1,1.0238263789964743
GTGGGTCAGCGCTTAT-1,1.0503796687239522
GTGGGTCAGCTAAGAT-1,1.034281848489983
GTGGGTCAGGCTCAGA-1,1.0381506251069
GTGGGTCAGGGTCTCC-1,1.0351050898385634
GTGGGTCAGTGCGTGA-1,1.0036857406229367
GTGGGTCAGTTACGGG-1,1.033159293286093
GTGGGTCCAAACGCGA-1,1.0474985763066906
GTGGGTCCACCAGGTC-1,1.0429412929513646
GTGGGTCCAGCGTCCA-1,0.9591805027036244
GTGGGTCCAGGTCTCG-1,1.0461620786104389
GTGGGTCCATCAGTCA-1,1.0460602209289576
GTGGGTCCATGGATGG-1,1.0391747605368973
GTGGGTCGTACTTAGC-1,0.944495573179311
GTGGGTCGTACTTCTT-1,0.9213004330177534
GTGGGTCGTATAGGTA-1,0.9823083293725959
GTGGGTCGTCAACATC-1,1.0415064394217426
GTGGGTCTCCCTAACC-1,1.0422679527144043
GTGGGTCTCGACGGAA-1,1.0000721423169343
GTGGGTCTCGGGAGTA-1,1.002463828959562
GTGGGTCTCTTCGGTC-1,0.9814110759830309
GTGTGCGAGAAACCGC-1,1.030667766929034
GTGTGCGAGACTGGGT-1,0.9781366693593042
GTGTGCGAGATCGGGT-1,1.0392343000955795
GTGTGCGAGGACATTA-1,1.041968818180755
GTGTGCGAGGGATCTG-1,1.0132560768772279
GTGTGCGCAACTGCGC-1,0.9806816718993153
GTGTGCGCAAGGTGTG-1,1.0348336409711614
GTGTGCGCAAGTCTGT-1,0.9395410878052504
GTGTGCGCAATGTTGC-1,1.0442838702072696
GTGTGCGCATGCCTAA-1,1.037396682618952
GTGTGCGGTAGCGTCC-1,1.016011753672287
GTGTGCGGTCCGAATT-1,1.043987429873077
GTGTGCGGTCTCACCT-1,0.9591819243515048
GTGTGCGGTGCAACGA-1,0.9951687090420296
GTGTGCGGTTAAGAAC-1,1.0312872742172947
GTGTGCGTCCTATGTT-1,1.0075394615511841
GTGTGCGTCCTCCTAG-1,1.0208176536379698
GTGTGCGTCCTGCAGG-1,1.0413513805384427
GTGTGCGTCGCCTGTT-1,1.0354710234575355
GTGTTAGAGCCAGTAG-1,1.0152412625638196
GTGTTAGAGGCCCGTT-1,1.034022051386554
GTGTTAGAGGCCCTCA-1,0.9724060131049534
GTGTTAGAGTACGATA-1,1.0476696533461602
GTGTTAGAGTCTCAAC-1,0.9201763868209067
GTGTTAGCAAACGCGA-1,1.0305234410962245
GTGTTAGCAAAGGTGC-1,1.0377234834446174
GTGTTAGCACACATGT-1,1.037075087826185
GTGTTAGCACATAACC-1,0.9209767337440091
GTGTTAGCACGAAACG-1,1.0435993247315252
GTGTTAGCACTTACGA-1,1.035903601362387
GTGTTAGCAGCATGAG-1,1.032302920293534
GTGTTAGCAGCCTTTC-1,1.0159911999878084
GTGTTAGCAGGGCATA-1,1.050138487562998
GTGTTAGCAGTTTACG-1,1.0437620044425038
GTGTTAGCATCACCCT-1,1.02151607193883
GTGTTAGCATCCAACA-1,1.0000015689374155
GTGTTAGGTAAGTTCC-1,1.0454563865527007
GTGTTAGGTCCTAGCG-1,1.0364450765026472
GTGTTAGGTGATAAAC-1,1.025911811332869
GTGTTAGGTGCATCTA-1,1.0406918390094435
GTGTTAGGTGGCAAAC-1,1.0436641974487708
GTGTTAGGTGGTCTCG-1,1.0436530995692286
GTGTTAGTCATCGCTC-1,1.0388884225782635
GTGTTAGTCCTTGACC-1,0.9787218442355976
GTGTTAGTCGGCGGTT-1,1.0331926428812994
GTGTTAGTCTACCAGA-1,1.0402546736386409
GTTAAGCAGACCTTTG-1,1.0419275898003069
GTTAAGCAGACTGGGT-1,1.0313453516114013
GTTAAGCAGAGACGAA-1,1.0303148935851332
GTTAAGCAGTGCCAGA-1,1.024810861666201
GTTAAGCAGTGCGTGA-1,1.0219129500248647
GTTAAGCCAAGCGCTC-1,1.0367745887599076
GTTAAGCCAAGTAGTA-1,1.0406775278664135
GTTAAGCCACGAAGCA-1,1.014320271325142
GTTAAGCCACGACTCG-1,1.0228003202655087
GTTAAGCCAGGATTGG-1,1.0054918322991317
GTTAAGCCAGGTGCCT-1,1.0090987922683734
GTTAAGCCATTCTCAT-1,1.0423772245474971
GTTAAGCGTCACTGGC-1,1.0429688843310085
GTTAAGCGTCCAGTTA-1,1.039994951238826
GTTAAGCGTCGAAAGC-1,1.020612253276644
GTTAAGCGTCGGCACT-1,1.0340227790612073
GTTAAGCGTTACCGAT-1,1.0248370317559605
GTTAAGCGTTCACGGC-1,1.0264895219889407
GTTAAGCTCATGCATG-1,1.0317339920852808
GTTAAGCTCGCTAGCG-1,0.9800406894639281
GTTAAGCTCGTTGCCT-1,1.0439389477715846
GTTAAGCTCTGGTATG-1,1.0310662338866365
GTTAAGCTCTGTTGAG-1,0.988827203053125
GTTAAGCTCTTTAGTC-1,1.0391309940844629
GTTACAGAGATGTGTA-1,1.049692741160732
GTTACAGAGCCAACAG-1,1.0110770774411806
GTTACAGAGGCCGAAT-1,0.9401963316460386
GTTACAGCACGCATCG-1,1.042186547709192
GTTACAGGTAGCCTCG-1,1.0112133486038093
GTTACAGGTCGGCTCA-1,1.0131643258403982
GTTACAGGTCTGCGGT-1,1.032949850270523
GTTACAGGTGTCAATC-1,1.0442053567390472
GTTACAGTCACTCTTA-1,1.0455291402288527
GTTACAGTCAGCTCGG-1,1.002042340503119
GTTACAGTCCAAACTG-1,1.033083470663441
GTTACAGTCCGTACAA-1,1.0416368420373217
GTTACAGTCGCTTGTC-1,0.9153740045985559
GTTACAGTCGTCTGCT-1,1.0453786465385906
GTTACAGTCTCTGCTG-1,1.0480149064346789
GTTCATTAGACTACAA-1,1.0401694636610517
GTTCATTAGAGTCTGG-1,0.993607295403262
GTTCATTAGATCCTGT-1,1.0331930179013038
GTTCATTAGCGTCTAT-1,1.0447828802257726
GTTCATTAGCTGTCTA-1,1.048339868183557
GTTCATTAGTATCGAA-1,1.0430912781794328
GTTCATTAGTCCCACG-1,0.9867268420716676
GTTCATTAGTGTCTCA-1,0.99881402956562
GTTCATTAGTGTTGAA-1,0.9979161323777382
GTTCATTCAATCAGAA-1,1.0422999828697168
GTTCATTCACCTCGGA-1,1.0398763925890917
GTTCATTCATGACGGA-1,0.9917581030881953
GTTCATTCATTCCTCG-1,1.0358850010577498
GTTCATTGTAGGACAC-1,1.0444093463546633
GTTCATTGTCGCATAT-1,1.0281320293654044
GTTCATTGTGGACGAT-1,1.032943606417714
GTTCATTGTTCGTCTC-1,0.996952401748941
GTTCATTTCACCATAG-1,1.0098640129016638
GTTCATTTCACTTACT-1,1.0411716630489662
GTTCATTTCCGGGTGT-1,0.9271789267821176
GTTCATTTCCTCAACC-1,0.9467280736968336
GTTCATTTCGTACCGG-1,1.028625069982278
GTTCATTTCGTCCGTT-1,1.0352843091062705
GTTCATTTCTGTCTCG-1,1.048719324665564
GTTCGGGAGCAGATCG-1,1.046631864260964
GTTCGGGAGCGTCTAT-1,0.9807157742239279
GTTCGGGAGTGGAGAA-1,1.0293194861029789
GTTCGGGAGTGGTCCC-1,1.0059804011145763
GTTCGGGAGTTAGGTA-1,1.0402302365914335
GTTCGGGCAACGATCT-1,0.9850335871028056
GTTCGGGCAACTGCGC-1,1.0424252906055067
GTTCGGGCACCATGTA-1,1.0113772265537186
GTTCGGGCAGACGTAG-1,1.0403549154432272
GTTCGGGCAGCCACCA-1,1.0474178140328332
GTTCGGGCAGTAGAGC-1,1.018100671619217
GTTCGGGCATTAGGCT-1,1.0375015959334626
GTTCGGGGTACCGCTG-1,0.9836357138762024
GTTCGGGGTCCATGAT-1,1.0374245965003883
GTTCGGGGTCGAAAGC-1,1.0440669213862734
GTTCGGGGTCGTTGTA-1,0.9652477013498759
GTTCGGGGTCTTTCAT-1,1.021206609242684
GTTCGGGGTGAGGCTA-1,1.045662994920988
GTTCGGGGTGGTTTCA-1,1.0123400618029073
GTTCGGGGTTACGGAG-1,1.0401987074563324
GTTCGGGGTTCCAACA-1,1.0403568906346419
GTTCGGGTCAACGGCC-1,1.0462045960276818
GTTCGGGTCACCCTCA-1,1.036213974946423
GTTCGGGTCACGGTTA-1,0.9647076557807558
GTTCGGGTCCGAATGT-1,1.0436293595558601
GTTCGGGTCGAGAACG-1,1.019002920048216
GTTCGGGTCTACTTAC-1,1.0416588772587194
GTTCTCGAGAGTGAGA-1,1.049803437366972
GTTCTCGAGATATGCA-1,1.0123486537925461
GTTCTCGAGATGGGTC-1,1.0252552166272786
GTTCTCGAGGGATACC-1,1.0352491463054123
GTTCTCGAGTGTACGG-1,1.042342249295263
GTTCTCGCACCACGTG-1,1.0479280383090253
GTTCTCGCAGGTCTCG-1,0.9787819033311408
GTTCTCGCAGTGACAG-1,0.994452585380535
GTTCTCGCATATACGC-1,0.8804769247071144
GTTCTCGCATCGATGT-1,0.9948018162312173
GTTCTCGCATGCAATC-1,1.0361784087140917
GTTCTCGCATGGTCAT-1,1.0294883404159327
GTTCTCGGTCACACGC-1,1.0434467447827471
GTTCTCGGTCGACTGC-1,0.9136457014780834
GTTCTCGGTCGGGTCT-1,0.9629363813725428
GTTCTCGGTCGTGGCT-1,1.0383782439130735
GTTCTCGGTGCAGTAG-1,1.045542073995997
GTTCTCGTCAGCGATT-1,1.0090603656707486
GTTCTCGTCGAGCCCA-1,0.9952952377947906
GTTCTCGTCGCCATAA-1,0.9351635851695579
GTTCTCGTCTTGTATC-1,0.9833040216775479
GTTTCTAAGATGCCAG-1,1.025438985365409
GTTTCTAAGATGTGTA-1,1.0329953929801985
GTTTCTAAGTATGACA-1,0.9729750035339398
GTTTCTAAGTCGTTTG-1,1.0483062537450036
GTTTCTACAAATTGCC-1,0.9704541189797733
GTTTCTACACCACGTG-1,1.0443778567272992
GTTTCTACAGTAAGCG-1,0.9908711588926726
GTTTCTACATATGGTC-1,1.039045697335547
GTTTCTAGTACACCGC-1,1.0163851930203553
GTTTCTAGTAGCGCAA-1,1.0381210214354781
GTTTCTAGTCCAAGTT-1,0.9890799727068391
GTTTCTAGTCTAGAGG-1,1.0222574083811207
GTTTCTAGTTATCACG-1,1.0418353685767174
GTTTCTATCCTGCCAT-1,1.0302715894907348
GTTTCTATCTGGGCCA-1,1.024115237016821
TAAACCGCAAGTTAAG-1,1.0489867388986431
TAAACCGCAAGTTGTC-1,1.0385245561163754
TAAACCGCAATCGAAA-1,1.0397920550237782
TAAACCGCACATGACT-1,1.0109400191163787
TAAACCGCACGGATAG-1,1.04282555798995
TAAACCGCACTTGGAT-1,0.9926099980126651
TAAACCGCATATGCTG-1,1.0329755330403483
TAAACCGGTAGCCTAT-1,0.9620150930895832
TAAACCGGTAGCGTAG-1,1.0020554913654376
TAAACCGGTCAAAGAT-1,1.0045084440949892
TAAACCGGTCCGAAGA-1,1.0488690191639807
TAAACCGGTGCACCAC-1,1.0167569953130338
TAAACCGGTGTGACCC-1,1.0426112555387481
TAAACCGGTGTGGCTC-1,1.0288587162174674
TAAACCGTCATCTGTT-1,0.9429066979288397
TAAACCGTCATGTCTT-1,0.9697898253209984
TAAACCGTCCACGACG-1,1.033261631421003
TAAACCGTCGGTGTTA-1,1.0472346815172238
TAAACCGTCGTAGATC-1,1.0434897648256223
TAAACCGTCTCCAACC-1,0.9726093329238915
TAAACCGTCTGAAAGA-1,1.0425685655486405
TAAACCGTCTGTCTCG-1,1.0443438010056374
TAAGAGAAGAGACGAA-1,0.9043947247659886
TAAGAGAAGAGTGAGA-1,1.0211398854935365
TAAGAGAAGCGATCCC-1,1.0454253308298938
TAAGAGAAGCGTAGTG-1,1.0388313943504195
TAAGAGAAGCGTTGCC-1,1.0005379307871831
TAAGAGAAGGCCGAAT-1,1.0420250445823511
TAAGAGACAAGCGAGT-1,1.0473236777673716
TAAGAGACAATGACCT-1,1.0335356249882324
TAAGAGACAATGGACG-1,1.0361306540302724
TAAGAGACACAACTGT-1,1.0115727638074001
TAAGAGACACGAAGCA-1,0.9550551972184008
TAAGAGACACGCCAGT-1,0.9543449136998415
TAAGAGACAGCTTCGG-1,1.0400200121067995
TAAGAGACAGTTCATG-1,1.0225064032345237
TAAGAGACATTGCGGC-1,0.9742070403622188
TAAGAGAGTAGCTGCC-1,1.0340858389111434
TAAGAGAGTCAGGACA-1,1.045625712240391
TAAGAGAGTCTCAACA-1,1.0285707744427828
TAAGAGAGTTACTGAC-1,1.0494010788367187
TAAGAGATCAACGGGA-1,1.002589903001553
TAAGAGATCACATAGC-1,1.0325326874333793
TAAGAGATCATCGCTC-1,0.9173327632277791
TAAGAGATCCTCATTA-1,1.0403909888174265
TAAGAGATCGATAGAA-1,1.0385745271098572
TAAGAGATCGGAATCT-1,0.9941206202403599
TAAGAGATCGGCGCAT-1,1.0400140624179932
TAAGAGATCTGAGTGT-1,1.0265738489913678
TAAGCGTAGAGGTAGA-1,0.956827719209156
TAAGCGTAGATGTTAG-1,1.047209225055129
TAAGCGTAGCAATATG-1,0.9830887420376738
TAAGCGTAGCAATCTC-1,0.9985538723078375
TAAGCGTAGGGATCTG-1,0.9706265054203316
TAAGCGTAGTATCGAA-1,0.9892948097401107
TAAGCGTAGTCTCGGC-1,1.0223783201347254
TAAGCGTCAGCCTTGG-1,1.0435320254052918
TAAGCGTCAGGGATTG-1,1.0144559391453567
TAAGCGTCAGTTAACC-1,1.0092887306726088
TAAGCGTCATGATCCA-1,0.9561869103399975
TAAGCGTCATGCAATC-1,1.0355818046173686
TAAGCGTGTAAGAGAG-1,1.0250817734085744
TAAGCGTGTAAGGATT-1,0.9966696236085211
TAAGCGTGTACAGTGG-1,0.9973930265388269
TAAGCGTGTAGGGACT-1,0.9335681078323422
TAAGCGTTCAAGGTAA-1,1.0366800569091636
TAAGCGTTCAGTTGAC-1,0.9579210051293277
TAAGCGTTCAGTTTGG-1,1.0393028032852412
TAAGCGTTCGGCTTGG-1,1.0086611208854575
TAAGTGCAGAGTCTGG-1,0.9981604210577617
TAAGTGCAGGATGCGT-1,1.0324268847443854
TAAGTGCAGTCGATAA-1,0.9423756959813061
TAAGTGCAGTCGTACT-1,1.0194474111359129
TAAGTGCAGTCTCCTC-1,1.0349347093046108
TAAGTGCAGTTTGCGT-1,1.0381468846814312
TAAGTGCCACCATCCT-1,1.035386849912587
TAAGTGCCACCGATAT-1,1.039544580413006
TAAGTGCCAGGAATCG-1,1.0289684058858417
TAAGTGCCAGGTGGAT-1,1.0289436629370357
TAAGTGCGTACCGTAT-1,1.0335273804479626
TAAGTGCGTATTAGCC-1,1.005707079213166
TAAGTGCGTCTAGTCA-1,1.0442382376326196
TAAGTGCGTTTAGCTG-1,1.0433925405679014
TAAGTGCTCAAAGACA-1,1.0449743454934157
TAAGTGCTCAGTCCCT-1,1.008432568420912
TAAGTGCTCGTAGATC-1,0.9009778057524035
TACACGAAGATGCCTT-1,1.0445920714432047
TACACGAAGCTAGTGG-1,1.0439597401460778
TACACGAAGCTCTCGG-1,1.0204008086303882
TACACGAAGTCTCGGC-1,1.0360359523842624
TACACGAAGTGGGATC-1,1.0033372181085596
TACACGACAACGCACC-1,1.015198321440331
TACACGACATCCGGGT-1,1.0452359368214335
TACACGAGTCGACTGC-1,1.0496911119182235
TACACGAGTCGGCATC-1,0.9520365024695884
TACACGATCAGAGACG-1,1.0399073143729702
TACACGATCCGAGCCA-1,0.9661412454104229
TACACGATCCGTAGGC-1,1.0416460408696215
TACACGATCGGTGTCG-1,1.0436859580258924
TACACGATCGGTTCGG-1,1.0441426170776866
TACACGATCGTGTAGT-1,1.0323064552973136
TACACGATCTCTTATG-1,1.0397228218043877
TACACGATCTGAGTGT-1,0.9941281078800266
TACAGTGAGATCTGCT-1,1.047408234085703
TACAGTGAGCAATCTC-1,1.0485456361564316
TACAGTGAGCGAAGGG-1,1.038253311195837
TACAGTGAGTCTCAAC-1,0.984995379466572
TACAGTGCAAGCCGTC-1,0.9671023411249188
TACAGTGCACAGACTT-1,1.044033193323077
TACAGTGCACGAAATA-1,1.038164482561917
TACAGTGCAGCGTTCG-1,0.9991509965732488
TACAGTGCAGTCGATT-1,1.042230463266241
TACAGTGCAGTTTACG-1,1.0113988807451024
TACAGTGCATTAACCG-1,1.041063870021742
TACAGTGGTAATTGGA-1,0.9717677495695662
TACAGTGGTACACCGC-1,0.9866385229325848
TACAGTGGTACAGTGG-1,1.0420346963821996
TACAGTGGTATATCCG-1,0.9827546837461338
TACAGTGGTATGCTTG-1,1.0368724114419934
TACAGTGGTCACCCAG-1,1.0233158844922585
TACAGTGGTCATCCCT-1,1.0366139653721786
TACAGTGGTCTTGTCC-1,1.0425671664709946
TACAGTGTCAAGATCC-1,1.0128899939316949
TACAGTGTCATCGCTC-1,1.0393825276904436
TACAGTGTCCTCAATT-1,0.992749141723707
TACAGTGTCGCATGGC-1,1.0419305705995432
TACAGTGTCGGTGTTA-1,1.006780719305285
TACAGTGTCTAACTTC-1,0.8791964811059225
TACAGTGTCTTCCTTC-1,1.0074816479221085
TACCTATAGAACAACT-1,1.0376785705802922
TACCTATAGAGTAAGG-1,1.0063646312430206
TACCTATAGCGGATCA-1,1.0501656391506564
TACCTATAGGATTCGG-1,1.0243200922969038
TACCTATAGTACATGA-1,1.034216918278671
TACCTATAGTGACATA-1,1.0445661717052475
TACCTATCAAGGGTCA-1,1.0337084937644605
TACCTATCACAACGCC-1,0.9633146829893755
TACCTATCACCGTTGG-1,0.9746365525188971
TACCTATCAGATAATG-1,1.001289869056012
TACCTATCAGGGATTG-1,0.9842095509341562
TACCTATCATACAGCT-1,1.0408311511711856
TACCTATGTCACTGGC-1,1.044535970953663
TACCTATGTCAGAAGC-1,1.043871677591462
TACCTATGTCGAACAG-1,0.9355173516288734
TACCTATGTGAGTGAC-1,1.020498998261305
TACCTATGTGATAAGT-1,1.0295225636687464
TACCTATGTTAAGACA-1,1.0433756927587947
TACCTATGTTCGTCTC-1,1.0137212130614786
TACCTATGTTGACGTT-1,0.9743148845810315
TACCTATTCCTGCTTG-1,1.0241527541806612
TACCTATTCGCCGTGA-1,1.0396903347855744
TACCTATTCGGACAAG-1,1.0430453861319828
TACCTATTCGGCGCTA-1,1.0044394235091358
TACCTTAAGACAGGCT-1,1.0000949240844081
TACCTTAAGAGTGACC-1,1.039062754406904
TACCTTAAGCCTCGTG-1,0.9592960501917086
TACCTTAAGCGTGAGT-1,1.0391564392005757
TACCTTAAGCGTGTCC-1,1.048149138636536
TACCTTACAAATTGCC-1,1.0328396430690223
TACCTTACACGAGGTA-1,0.9683591344094783
TACCTTACACTCAGGC-1,1.0417959167766182
TACCTTACACTGTTAG-1,1.0058146657814013
TACCTTACAGTATAAG-1,0.9996136022273026
TACCTTACATAAAGGT-1,1.0391454987769622
TACCTTACATCCCACT-1,1.0086498273004891
TACCTTACATGAAGTA-1,1.0393716069453915
TACCTTAGTAAACGCG-1,1.0409221823795198
TACCTTAGTAGCCTCG-1,0.9897635469025082
TACCTTAGTCAAAGCG-1,1.0431795139218305
TACCTTATCAGCTCTC-1,1.0046399262981545
TACCTTATCCGAAGAG-1,0.983124869599305
TACCTTATCGGATGGA-1,1.0345275756556571
TACCTTATCTAACTTC-1,0.9774975235219528
TACCTTATCTGCAGTA-1,1.035603759786214
TACGGATAGAGATGAG-1,1.0396738340183544
TACGGATAGGCAATTA-1,1.0275860847974148
TACGGATAGGGCATGT-1,1.0458434055993702
TACGGATAGGGTCGAT-1,1.0017692429646912
TACGGATAGGTGCACA-1,1.0107159809558122
TACGGATCACAAGCCC-1,0.9373944164630069
TACGGATCAGGTCCAC-1,1.0394551523211655
TACGGATGTAAACGCG-1,0.9754326488114285
TACGGATGTCATCCCT-1,1.0416298296910635
TACGGATGTGTTGGGA-1,1.044336324451085
TACGGATTCGGCGGTT-1,1.047009042543964
TACGGATTCTCTGCTG-1,1.0403999843613394
TACGGGCAGAACTCGG-1,1.0447667218034693
TACGGGCAGAGGGCTT-1,1.046518410369783
TACGGGCAGATGCCAG-1,0.9638402065379627
TACGGGCCACATAACC-1,1.0438953129752262
TACGGGCCACTCGACG-1,0.9760500349074894
TACGGGCCAGGAATGC-1,1.032456433103768
TACGGGCCAGGGAGAG-1,1.0350787888160098
TACGGGCGTACCCAAT-1,1.0493526900705947
TACGGGCGTAGAGCTG-1,0.9776068180397348
TACGGGCGTCACTTCC-1,1.0295677074386023
TACGGGCGTCCTGCTT-1,1.0467840010348997
TACGGGCGTCTCTCTG-1,1.02925229774214
TACGGGCGTGACCAAG-1,1.0477445034146373
TACGGGCGTGCCTGTG-1,1.0467545870085928
TACGGGCGTTCGTGAT-1,1.0204793842977513
TACGGGCGTTTAGCTG-1,0.9944681051530819
TACGGGCTCAGGATCT-1,1.0073808605122605
TACGGGCTCCAATGGT-1,1.0443489461889184
TACGGGCTCCCAAGAT-1,1.0416429612196785
TACGGGCTCGCTAGCG-1,1.0377830114364712
TACGGGCTCTGTCTCG-1,1.0266972354481574
TACGGTAAGAATGTGT-1,0.995330291500441
TACGGTAAGATACACA-1,1.0279942658330645
TACGGTAAGCCTATGT-1,1.0311365699848365
TACGGTAAGGAGTACC-1,1.038854080357485
TACGGTAAGTACATGA-1,1.039371549736321
TACGGTAAGTCAAGGC-1,1.038896893703459
TACGGTACAAGAAAGG-1,1.0419014313230717
TACGGTACAAGGCTCC-1,0.9975013097439825
TACGGTACACCAGTTA-1,1.0476731929418353
TACGGTACACGCTTTC-1,1.0391461857215307
TACGGTACAGCTGGCT-1,0.986057680297105
TACGGTACAGTCACTA-1,1.0087971281470896
TACGGTACAGTTCCCT-1,1.0464723782430625
TACGGTACATCCCATC-1,0.966441051095767
TACGGTAGTAACGCGA-1,1.042648482234409
TACGGTAGTAGCGCAA-1,1.0453946676839192
TACGGTAGTCAAACTC-1,1.0392269585099274
TACGGTAGTCAAAGCG-1,1.0374033765758368
TACGGTAGTCAGGACA-1,1.0442311902926609
TACGGTAGTGCACGAA-1,0.9922715371672777
TACGGTAGTTAAGAAC-1,1.0312136053500336
TACGGTATCACAGTAC-1,1.046676736272312
TACGGTATCACTTATC-1,1.0152664047478452
TACGGTATCGCACTCT-1,1.0423077766150832
TACGGTATCGGAAACG-1,1.04235331869352
TACGGTATCGGTTAAC-1,1.0408503376534546
TACGGTATCGTAGGAG-1,0.982664443442383
TACGGTATCTGTCTCG-1,1.0084224431785684
TACTCATAGACATAAC-1,1.0422930395958936
TACTCATAGCTGCCCA-1,0.9457018227810926
TACTCATAGTGTCCAT-1,1.0446886076192714
TACTCATCAAAGTGCG-1,0.9692884719014313
TACTCATCAATGGTCT-1,1.0286344570008712
TACTCATCACATGTGT-1,1.0333250580587623
TACTCATCATCCTTGC-1,0.9584704092835931
TACTCATCATGGTCTA-1,0.9541391369301075
TACTCATCATTACCTT-1,1.0111324345225419
TACTCATGTAACGCGA-1,1.0417104643848598
TACTCATGTACATCCA-1,1.0383366475037257
TACTCATGTAGCTAAA-1,1.0287776869245602
TACTCATGTGCCTGTG-1,0.9757759631518705
TACTCATGTTTAAGCC-1,1.0390705299419891
TACTCATTCACGGTTA-1,0.9980326120193369
TACTCATTCAGCACAT-1,1.0371303108912495
TACTCATTCATGTCTT-1,1.048985716901574
TACTCATTCCGCGCAA-1,1.0453208791467556
TACTCATTCGCCATAA-1,0.9511908528493799
TACTCATTCGCCGTGA-1,1.040810430773924
TACTCATTCGTCACGG-1,0.9896601853148356
TACTCATTCGTGGTCG-1,1.037995844907532
TACTCATTCTTACCTA-1,0.9836931263640465
TACTCATTCTTTCCTC-1,1.0295015319319607
TACTCGCAGACAATAC-1,0.9809463883519418
TACTCGCAGAGGACGG-1,1.0407895062297636
TACTCGCAGTTAAGTG-1,1.0462148906136508
TACTCGCCAAGGACAC-1,0.9616167161595499
TACTCGCCATACGCTA-1,1.0139101347999386
TACTCGCCATCCCACT-1,1.0409340177711865
TACTCGCCATTAGCCA-1,1.0400165834173796
TACTCGCGTAACGCGA-1,1.0375400686952199
TACTCGCGTCCGAAGA-1,0.9882703308644046
TACTCGCGTCGTTGTA-1,0.9897257802720629
TACTCGCGTGCAACGA-1,1.031338871729923
TACTCGCGTGTTCGAT-1,1.0454977340469414
TACTCGCGTTGGAGGT-1,1.003954493357901
TACTCGCTCAACGGCC-1,1.036246677260609
TACTCGCTCACAATGC-1,0.9676280234104969
TACTCGCTCCGTCAAA-1,1.0489208963422316
TACTCGCTCGGAATCT-1,1.0159821148328276
TACTCGCTCGGCGCAT-1,0.9646910820185787
TACTCGCTCGTAGGAG-1,1.0429276450334821
TACTCGCTCTTTAGGG-1,1.0376982755368758
TACTTACAGACCTTTG-1,1.0405435646240102
TACTTACAGCTGCAAG-1,1.0429587003755711
TACTTACAGGAATGGA-1,1.0119842819719214
TACTTACAGGAGTCTG-1,1.0397524609505109
TACTTACAGTATCGAA-1,0.9981760335890555
TACTTACAGTCGAGTG-1,1.0294033995534924
TACTTACAGTGAAGAG-1,1.035249693617553
TACTTACCACAAGTAA-1,0.9952096811991047
TACTTACCACTGAAGG-1,1.0276367616634958
TACTTACCAGACGCAA-1,1.045961197894768
TACTTACCATACTACG-1,1.0419213329036552
TACTTACGTAAGCACG-1,1.0017447499872956
TACTTACGTGACCAAG-1,0.9953417354964902
TACTTACGTGACGGTA-1,0.9427921822799669
TACTTACGTGGTGTAG-1,1.0249318110286905
TACTTACGTTCAGTAC-1,0.9926596221217981
TACTTACGTTCCACGG-1,0.973726650875816
TACTTACGTTTAAGCC-1,0.9914960473860089
TACTTACTCAATACCG-1,0.9443553426444341
TACTTACTCGGAAATA-1,0.9945374008269693
TACTTACTCTATGTGG-1,1.0077747856147075
TACTTACTCTTGCCGT-1,1.0346776892854694
TACTTACTCTTGTCAT-1,1.0445649152143193
TACTTACTCTTTCCTC-1,0.9808214957204547
TACTTGTAGCACACAG-1,1.0326324063748795
TACTTGTAGCGATAGC-1,0.8518220756940323
TACTTGTCAAGGTTTC-1,1.0459650746645188
TACTTGTCACCCAGTG-1,1.0472328809162565
TACTTGTCACGAAACG-1,1.039937714894866
TACTTGTCAGCTGCAC-1,1.0460455663749118
TACTTGTCATTCTCAT-1,1.0315991997257585
TACTTGTGTACGACCC-1,1.0473356153544606
TACTTGTGTATAATGG-1,1.0377643234683276
TACTTGTGTATCGCAT-1,1.030263723394643
TACTTGTGTCAAACTC-1,0.8943555925632539
TACTTGTGTCTGCGGT-1,1.0047236490764702
TACTTGTTCACAGTAC-1,1.038230707043227
TACTTGTTCACGATGT-1,1.0376774052862352
TACTTGTTCCTGCCAT-1,1.0202491959032856
TACTTGTTCGTCTGCT-1,1.047074743636661
TACTTGTTCTACCAGA-1,1.0406315517172589
TACTTGTTCTCACATT-1,1.0347629489132295
TACTTGTTCTGGCGTG-1,1.0444206633948594
TAGACCAAGACTGGGT-1,0.9679548025954737
TAGACCAAGAGATGAG-1,1.0444266991765663
TAGACCAAGCAGGTCA-1,1.042363076043398
TAGACCAAGCCAGTAG-1,1.0382050784618062
TAGACCAAGTGGGTTG-1,1.0420085665341272
TAGACCACACCACCAG-1,0.9436510018782135
TAGACCACAGTCAGCC-1,0.9868907924933847
TAGACCACATCGTCGG-1,1.0080785457745371
TAGACCAGTCAGCTAT-1,1.009776114951054
TAGACCAGTGTGAATA-1,0.9752568621805127
TAGACCAGTTCGTTGA-1,1.0317792988034709
TAGACCAGTTGCGTTA-1,1.042837460008875
TAGACCAGTTTGGCGC-1,1.0367346544553249
TAGACCATCCCAAGAT-1,1.015638789912025
TAGAGCTAGAGCTGGT-1,1.0448202353280005
TAGAGCTAGCGATAGC-1,0.9362960989046454
TAGAGCTAGGACCACA-1,1.0333628158115067
TAGAGCTAGGGTTCCC-1,0.8853993776624451
TAGAGCTAGGTGATAT-1,1.0382386578617757
TAGAGCTAGTATCTCG-1,1.044248074174855
TAGAGCTAGTCATGCT-1,1.0497590653758002
TAGAGCTAGTCCAGGA-1,1.036128369944537
TAGAGCTAGTCGATAA-1,1.0096918779147364
TAGAGCTCACAACTGT-1,0.9556209976741924
TAGAGCTCACCATGTA-1,0.9865692218310244
TAGAGCTCACTCGACG-1,0.9698309074593726
TAGAGCTCAGCATACT-1,1.0381382387758735
TAGAGCTGTAGCCTAT-1,0.9690866955252477
TAGAGCTGTGACGCCT-1,0.9917166776953185
TAGAGCTGTGCAGACA-1,1.0470322784664485
TAGAGCTGTTAAAGAC-1,1.0160634451871833
TAGAGCTTCATCTGCC-1,1.0329393578101373
TAGAGCTTCATGTAGC-1,1.0291747827380082
TAGAGCTTCGCACTCT-1,1.0483865477588916
TAGAGCTTCGTAGATC-1,1.0364104998572177
TAGCCGGAGACTAAGT-1,1.0402490595413245
TAGCCGGAGCGAGAAA-1,1.0427661152138605
TAGCCGGAGGCACATG-1,1.017495426973011
TAGCCGGAGGCGATAC-1,1.0395279816503642
TAGCCGGAGGGTATCG-1,0.9575298342777833
TAGCCGGAGTAACCCT-1,1.0393029784891137
TAGCCGGCAAGTCATC-1,1.0404481009883306
TAGCCGGCACAAGCCC-1,1.0397243514276535
TAGCCGGCACAAGTAA-1,1.0289889580816391
TAGCCGGCAGCTTCGG-1,0.975093598095812
TAGCCGGCATCCCACT-1,1.0231666271854807
TAGCCGGGTAGGGTAC-1,1.0412649772134301
TAGCCGGGTCACTGGC-1,1.0137180368827905
TAGCCGGGTGCTTCTC-1,1.0393905476162746
TAGCCGGGTGTGTGCC-1,1.045536486895729
TAGCCGGGTTATCGGT-1,1.0365209505146369
TAGCCGGGTTGGGACA-1,1.0407198172863943
TAGCCGGTCCAAATGC-1,0.9904729481311444
TAGCCGGTCCGTAGTA-1,1.0193609388031593
TAGCCGGTCCGTCATC-1,1.0351930142492396
TAGCCGGTCGGAATCT-1,1.036303471766626
TAGCCGGTCTGTGCAA-1,1.0449596611883647
TAGGCATAGACTTTCG-1,1.039810174613718
TAGGCATAGAGGTTGC-1,1.0360912909647748
TAGGCATAGAGTACAT-1,1.0345813591550952
TAGGCATAGGATGCGT-1,1.0424930923991627
TAGGCATCAAACTGTC-1,1.0416472953398486
TAGGCATCAATGACCT-1,1.0444764288091821
TAGGCATCACACATGT-1,1.0230638358775368
TAGGCATCAGATGGCA-1,1.0401025242627127
TAGGCATCATAGACTC-1,1.0436025549944126
TAGGCATCATGCTGGC-1,1.0291496362263841
TAGGCATGTCAAACTC-1,1.0443525089070322
TAGGCATGTGGGTATG-1,0.9556334453137074
TAGGCATGTGTGAATA-1,1.0220956685233884
TAGGCATGTGTGGCTC-1,1.0210915836703534
TAGGCATGTTACGCGC-1,1.041885031513292
TAGGCATGTTCTGAAC-1,1.0086165986102196
TAGGCATTCAAACAAG-1,1.0315759527817074
TAGGCATTCAGCTGGC-1,1.0481185160663984
TAGGCATTCATATCGG-1,1.027302797657082
TAGGCATTCCTCAATT-1,1.0023931184025403
TAGTGGTAGGCTCTTA-1,1.034785021697352
TAGTGGTAGGTGTTAA-1,0.9640341712255442
TAGTGGTAGTGGGCTA-1,1.0118647388741808
TAGTGGTCAAACCCAT-1,1.0271850758416894
TAGTGGTCACCTGGTG-1,1.041713884531325
TAGTGGTCAGGGATTG-1,1.0398479927067905
TAGTGGTGTAATCACC-1,1.0171781328890976
TAGTGGTGTATCGCAT-1,0.9871030776529011
TAGTGGTGTATGCTTG-1,0.9971909020749892
TAGTGGTGTCACACGC-1,1.0294807107688708
TAGTGGTGTCCATCCT-1,1.0290935212058818
TAGTGGTGTCGATTGT-1,1.041063119143549
TAGTGGTGTGACGGTA-1,1.0456067419053434
TAGTGGTGTGCACCAC-1,1.041479772460864
TAGTGGTGTTAAAGAC-1,1.0447358575611125
TAGTGGTGTTGCTCCT-1,1.0260381141632122
TAGTGGTGTTTGCATG-1,1.0449708324984188
TAGTGGTTCACCCGAG-1,0.9524601522893656
TAGTGGTTCGCCTGAG-1,1.040513186530985
TAGTGGTTCTCAACTT-1,1.0182720007499524
TAGTGGTTCTCTGTCG-1,1.0214216441173394
TAGTGGTTCTGCTGCT-1,0.9717507268864637
TAGTTGGAGGAGTTTA-1,0.9774870145108787
TAGTTGGAGGATGCGT-1,1.0444559999724499
TAGTTGGAGGCCCTCA-1,0.955493998176448
TAGTTGGAGTCATCCA-1,0.9526764772593426
TAGTTGGCAAGGACAC-1,1.0347027629569832
TAGTTGGCACATGTGT-1,1.0411577775028593
TAGTTGGCACTCGACG-1,1.0366162038682811
TAGTTGGCAGGCTCAC-1,1.039060871319334
TAGTTGGCAGGGATTG-1,0.9386113084516332
TAGTTGGCATTCTTAC-1,0.9630506180101686
TAGTTGGGTAATCACC-1,1.0404629831649956
TAGTTGGGTCAGCTAT-1,0.9596379885329223
TAGTTGGGTCCGAGTC-1,1.020259392225691
TAGTTGGGTGCTGTAT-1,1.0467462888519847
TAGTTGGGTTATCCGA-1,1.0371495823579913
TAGTTGGGTTCAGACT-1,1.039389483567337
TAGTTGGGTTGACGTT-1,0.9736377238754355
TAGTTGGGTTGTCGCG-1,0.9124421051864714
TAGTTGGTCAGAGCTT-1,0.9980708272096938
TAGTTGGTCTCAACTT-1,0.9378014937182917
TAGTTGGTCTCCCTGA-1,0.9875604030298644
TATCAGGAGTAGCCGA-1,1.0462083620943603
TATCAGGAGTGCTGCC-1,1.0418756373766427
TATCAGGCAATGCCAT-1,1.0359231250457686
TATCAGGCACAGCCCA-1,1.0159245903814373
TATCAGGCACATTAGC-1,1.0454604467613011
TATCAGGCACGGTAGA-1,1.0301137705109247
TATCAGGCATCACGAT-1,1.0405152112229668
TATCAGGGTAGAGCTG-1,1.0399949246285454
TATCAGGGTCCCTTGT-1,1.0043886220843854
TATCAGGGTTAAGACA-1,0.9757534215527133
TATCAGGGTTACGCGC-1,0.9841960665352244
TATCAGGGTTCCGTCT-1,1.0339767818786918
TATCAGGGTTGATTCG-1,1.0434715229625662
TATCAGGTCATTGCGA-1,0.9849632684705685
TATCAGGTCCGAGCCA-1,0.9909635045330403
TATCAGGTCCGCATAA-1,0.999644557032478
TATCAGGTCCGCTGTT-1,1.0391327728115936
TATCAGGTCCTCAACC-1,1.0070613717629748
TATCAGGTCGTAGGAG-1,0.9913507698548921
TATCAGGTCTCATTCA-1,1.0431281538750157
TATCAGGTCTTCAACT-1,1.0006431471336568
TATCAGGTCTTGTACT-1,0.9735176377517749
TATCAGGTCTTGTTTG-1,0.9505949261929695
TATCTCAAGCTAAACA-1,0.9631554216284475
TATCTCAAGGGCACTA-1,0.9850176102586776
TATCTCAAGGGTCGAT-1,1.0312362738875875
TATCTCAAGGTGACCA-1,1.0465204498066412
TATCTCAAGTACGTTC-1,1.0393836081681365
TATCTCAAGTCAAGGC-1,1.0414059735109245
TATCTCAAGTGAAGTT-1,1.0002097257955254
TATCTCACAGTTAACC-1,0.983137688663417
TATCTCAGTAGAGGAA-1,0.9729979116054746
TATCTCAGTCATACTG-1,1.0446495196730818
TATCTCAGTCATTAGC-1,1.0327262120068272
TATCTCAGTCTCCACT-1,1.024739865071493
TATCTCAGTGTTAAGA-1,0.9991248049146229
TATCTCATCATCTGTT-1,1.0225147792780136
TATCTCATCCGCAGTG-1,1.0311791041917824
TATCTCATCCTAGTGA-1,1.0490310988069487
TATCTCATCGAATGGG-1,1.0286761074253161
TATCTCATCGCCATAA-1,1.0137942573348033
TATCTCATCGTGACAT-1,1.0412471953922
TATCTCATCTGCCAGG-1,0.992125073181695
TATCTCATCTGCGGCA-1,1.036885704018806
TATGCCCAGACTACAA-1,1.0276406116880037
TATGCCCAGCCGATTT-1,0.9468524369676664
TATGCCCAGGGCTCTC-1,1.0409400149213301
TATGCCCAGTGACTCT-1,0.9875130633007899
TATGCCCCAATAGAGT-1,0.9546453689087131
TATGCCCCAGCTGGCT-1,0.982951838104459
TATGCCCCATACGCCG-1,1.0060235807590565
TATGCCCCATACGCTA-1,1.0314506363419058
TATGCCCTCAGCTCGG-1,1.0264705918859593
TATGCCCTCTACTCAT-1,1.043983687042954
TATGCCCTCTGCTTGC-1,0.9752546224257587
TATGCCCTCTTGTTTG-1,1.0407044898928548
TATGCCCTCTTTAGTC-1,0.9249813195893505
TATTACCAGCAGCGTA-1,1.0449456518595437
TATTACCAGCGATCCC-1,1.0027217422177452
TATTACCAGGACCACA-1,1.0457852803375474
TATTACCAGGCCGAAT-1,1.0327881219313049
TATTACCAGGCGTACA-1,0.9941379406678434
TATTACCAGGCTATCT-1,0.9831075057852965
TATTACCAGTCCCACG-1,1.0151933385372232
TATTACCCAATGAAAC-1,1.0151165907083841
TATTACCCACAGGCCT-1,1.0394006847150599
TATTACCCACCGAAAG-1,0.9635394866643084
TATTACCCACCTTGTC-1,1.032216210503958
TATTACCCAGCGTAAG-1,0.9953469215874395
TATTACCCATTAGGCT-1,1.0437872492749865
TATTACCCATTCGACA-1,1.03017148509304
TATTACCGTATGGTTC-1,1.019176521388118
TATTACCGTCATCCCT-1,0.9829353210516352
TATTACCGTCGAGTTT-1,1.044152901406872
TATTACCTCAGCGACC-1,1.0412898283995873
TATTACCTCCCATTAT-1,0.9908430711373714
TATTACCTCCCTGACT-1,0.9341602566560497
TATTACCTCCGTAGGC-1,1.043539461087054
TATTACCTCGGCGGTT-1,1.0373586987794974
TATTACCTCGTGACAT-1,1.0337221452308012
TATTACCTCTATCGCC-1,1.036705529703969
TATTACCTCTGTCAAG-1,1.0386082766828502
TCAACGAAGACATAAC-1,1.0445256202220274
TCAACGAAGAGTAATC-1,1.0344130869265933
TCAACGAAGCAGGCTA-1,1.0452771693146614
TCAACGAAGCGTGTCC-1,1.0459046460310992
TCAACGAAGCTAGTTC-1,1.0207675704334034
TCAACGAAGTACGATA-1,1.041747580925403
TCAACGAAGTCAAGGC-1,1.0234417634268398
TCAACGACAAGCCGTC-1,1.0467796279045418
TCAACGACACAGATTC-1,0.9715186149178323
TCAACGACAGAGCCAA-1,0.9287711853959189
TCAACGACATAGGATA-1,1.0171244174798117
TCAACGACATGGGAAC-1,1.0366018717854113
TCAACGAGTAATCACC-1,1.0259513553373718
TCAACGAGTATGAAAC-1,1.0061660902450857
TCAACGAGTCCAACTA-1,1.0440045966422353
TCAACGAGTGAACCTT-1,1.043905479055041
TCAACGAGTTTGACAC-1,1.0471257580846105
TCAACGATCAGTGCAT-1,0.8978314397422982
TCAACGATCCTTTCGG-1,1.0360960954627945
TCAACGATCGGTGTTA-1,1.0004305561330538
TCAACGATCGTCCAGG-1,1.0432029766656392
TCAATCTAGAACTGTA-1,1.0254860646518382
TCAATCTAGACAGAGA-1,1.0385346558643838
TCAATCTAGCTCCTCT-1,1.0453340679556749
TCAATCTAGTATCGAA-1,1.0357590445962044
TCAATCTCAAGCTGTT-1,1.0321099198045987
TCAATCTCATCTCGCT-1,1.0079465972148192
TCAATCTGTAAATGTG-1,0.9803654238296398
TCAATCTGTCCTCTTG-1,1.0068799476582653
TCAATCTGTCTAACGT-1,1.000612238267479
TCAATCTGTCTCCCTA-1,1.0350789309632995
TCAATCTGTCTCTTAT-1,1.0305116347137686
TCAATCTGTGAGGGAG-1,1.0454339128738779
TCAATCTTCAAGATCC-1,0.9745646518459513
TCAATCTTCAAGCCTA-1,1.047501545153582
TCAATCTTCCAACCAA-1,0.9820648401940829
TCAATCTTCGGTCCGA-1,1.0004487780117777
TCAATCTTCGTACCGG-1,1.0309164028005142
TCAATCTTCGTAGGAG-1,1.0357588124215018
TCAATCTTCTTACCTA-1,1.0236255031531096
TCAATCTTCTTTAGGG-1,1.0472481013995187
TCACAAGAGAACTGTA-1,1.019000490973748
TCACAAGAGAGATGAG-1,1.04347152812313
TCACAAGAGAGTACAT-1,1.0385282201630484
TCACAAGAGGCTAGGT-1,1.0385738927609207
TCACAAGAGGCTCTTA-1,1.0112396037918991
TCACAAGAGGGAAACA-1,1.045757385057096
TCACAAGAGTACGATA-1,0.9806686032508544
TCACAAGAGTACGCCC-1,1.003340477199727
TCACAAGCAAACCTAC-1,1.0484040001286958
TCACAAGCAAGCGAGT-1,1.0383066547818471
TCACAAGCACCCAGTG-1,0.9689769352124873
TCACAAGCACTTCGAA-1,1.0152610206556207
TCACAAGCAGACTCGC-1,1.0101380609477972
TCACAAGCATGCTAGT-1,1.0440225656711568
TCACAAGGTAAGGGAA-1,1.0392788044774157
TCACAAGGTACGCTGC-1,1.0430579188882534
TCACAAGGTATATGAG-1,0.9564089452323411
TCACAAGGTTAAGATG-1,1.0198524016155508
TCACAAGGTTCCACTC-1,0.9712789789095694
TCACAAGGTTGGACCC-1,1.0065413530128788
TCACAAGTCCGCGGTA-1,1.0311491845204428
TCACAAGTCTGCAGTA-1,1.0270557227649046
TCACGAAAGTAATCCC-1,0.9515743680006424
TCACGAAAGTCGATAA-1,1.0357488123773109
TCACGAAAGTCTCAAC-1,1.0098806491955536
TCACGAACAAAGCGGT-1,0.9972595895228625
TCACGAACAAAGTCAA-1,1.0045383532406347
TCACGAACAAGTTCTG-1,1.0414359176915455
TCACGAACACACTGCG-1,1.0078344877785261
TCACGAACACAGCCCA-1,1.0138039075802219
TCACGAACACAGGCCT-1,1.0449436877492466
TCACGAACAGATGGGT-1,0.9760571389737654
TCACGAACAGGATCGA-1,0.9962012180311299
TCACGAACAGTTCCCT-1,1.0492550915185073
TCACGAAGTGTTCTTT-1,1.0196095301009165
TCACGAAGTTACCGAT-1,1.0467504594706243
TCACGAAGTTCCATGA-1,1.0455888955451627
TCACGAAGTTCGTCTC-1,0.9674315342489692
TCACGAATCCCTTGTG-1,0.9301561636926339
TCACGAATCCTACAGA-1,1.0411641859790612
TCACGAATCGTCCAGG-1,0.9893068919234842
TCACGAATCTATGTGG-1,0.9753007674353673
TCACGAATCTCCAGGG-1,1.0287774212718959
TCACGAATCTGATTCT-1,1.0396021083027425
TCAGATGAGACTAAGT-1,1.0409035441602277
TCAGATGAGCATGGCA-1,1.043646126899732
TCAGATGAGCTATGCT-1,1.0466491027970197
TCAGATGAGGCAAAGA-1,1.0122340617040069
TCAGATGAGGGAACGG-1,1.0068970292139015
TCAGATGAGTACGCCC-1,0.9907909258644619
TCAGATGAGTCCGTAT-1,1.0412656528777247
TCAGATGAGTCTCGGC-1,1.041037534164299
TCAGATGAGTGACATA-1,1.0438291083427627
TCAGATGAGTGCAAGC-1,1.0487266792213008
TCAGATGAGTGGTAGC-1,0.9560674313830843
TCAGATGCAAGCCCAC-1,1.0294806151396982
TCAGATGCAAGCCGTC-1,0.9952613012499575
TCAGATGCAAGCTGGA-1,1.0440861250845768
TCAGATGCAAGGACTG-1,0.994640028422788
TCAGATGCAAGGTTTC-1,1.0281691180744033
TCAGATGCACCCTATC-1,0.9918285808276747
TCAGATGCACCGAATT-1,1.040154268694783
TCAGATGCACGCTTTC-1,1.038068529552166
TCAGATGCACTGAAGG-1,0.9449495995706944
TCAGATGCAGTAAGCG-1,1.0352092755198417
TCAGATGCATGCAACT-1,0.9992808651942771
TCAGATGCATGGTCTA-1,1.0271291056086154
TCAGATGCATTACCTT-1,1.0481111010956832
TCAGATGGTAGCTTGT-1,1.041346700220435
TCAGATGGTATCTGCA-1,1.013471215832759
TCAGATGGTCGAGTTT-1,1.0430252093606667
TCAGATGGTTATGCGT-1,1.0416832639141467
TCAGATGTCGGGAGTA-1,1.049079783683585
TCAGATGTCTCTGCTG-1,1.0205699617112645
TCAGCAAAGAATCTCC-1,1.0375734815704178
TCAGCAAAGACTGTAA-1,1.036565927864576
TCAGCAAAGATGCCAG-1,1.0456040892189904
TCAGCAAAGATGCCTT-1,0.9967262856071886
TCAGCAAAGCAGGTCA-1,1.0329708239455373
TCAGCAAAGCCGATTT-1,1.0394970193941864
TCAGCAAAGCTAAACA-1,0.9763855005685292
TCAGCAAAGCTGCGAA-1,1.035503764406446
TCAGCAAAGGAATGGA-1,1.0301458741442
TCAGCAACAAACCCAT-1,1.0145392250374676
TCAGCAACAAAGGAAG-1,1.0309991812720365
TCAGCAACAACACCCG-1,1.021707254359518
TCAGCAACAGACAGGT-1,1.0062657260071415
TCAGCAACAGCTGGCT-1,1.044674267558402
TCAGCAAGTAAGGGCT-1,1.0430309755547162
TCAGCAAGTACCGCTG-1,1.0254136229080448
TCAGCAAGTAGGCTGA-1,1.0388024001769667
TCAGCAAGTATAAACG-1,1.0425725088018847
TCAGCAAGTATAGGTA-1,1.0455446861675541
TCAGCAAGTCGGATCC-1,1.039934530823967
TCAGCAAGTGTATGGG-1,0.9715851093495621
TCAGCAATCAATCTCT-1,1.01510705369943
TCAGCAATCCTAGGGC-1,1.0145733569117532
TCAGCAATCGATAGAA-1,0.9736052089499866
TCAGCTCAGATGTAAC-1,1.044371699106973
TCAGCTCAGCAATATG-1,0.9314728551563473
TCAGCTCAGCCAGGAT-1,0.9665682571252903
TCAGCTCAGCTTTGGT-1,1.0362868356956774
TCAGCTCAGGACCACA-1,0.9440927828545059
TCAGCTCAGGGATGGG-1,1.0000986820988735
TCAGCTCAGTATCGAA-1,1.0124162802213803
TCAGCTCAGTATCTCG-1,1.0406675288859295
TCAGCTCCACGACTCG-1,1.0386259390538548
TCAGCTCCAGTGGAGT-1,1.0316522030980597
TCAGCTCCATCCTTGC-1,1.0283160552756525
TCAGCTCGTACAGTTC-1,1.0284531529927052
TCAGCTCGTGAAAGAG-1,1.0399870123890829
TCAGCTCGTTCAGTAC-1,1.0473704646834732
TCAGCTCGTTCCGTCT-1,1.0077095732720194
TCAGCTCGTTTCCACC-1,0.9765086956099545
TCAGCTCTCAGCAACT-1,1.035453444710285
TCAGCTCTCATGTGGT-1,0.897942962717058
TCAGCTCTCTACCTGC-1,1.0444978526085968
TCAGCTCTCTTCCTTC-1,1.0390828963455507
TCAGGATAGAAACCTA-1,1.044528603040392
TCAGGATAGACTAAGT-1,1.0455833723355408
TCAGGATAGCATCATC-1,1.0476938358850532
TCAGGATAGGACAGCT-1,1.0487424651725803
TCAGGATAGGAGTCTG-1,1.0438102705764094
TCAGGATAGTGCGATG-1,0.9803371909730366
TCAGGATAGTGTTGAA-1,0.9981372252022579
TCAGGATAGTTGAGAT-1,0.966867778348569
TCAGGATCAATGGACG-1,1.0447161648757084
TCAGGATCACACCGCA-1,0.9931267451383051
TCAGGATCACTTAACG-1,1.0348209292278456
TCAGGATCAGATAATG-1,0.9677820333120122
TCAGGATCAGATCCAT-1,1.0172034196325404
TCAGGATCAGATGGCA-1,1.0353399420909808
TCAGGATCAGCAGTTT-1,1.0205563290396402
TCAGGATCATCACGAT-1,1.0440109038746057
TCAGGATCATGCCACG-1,0.9523334995416084
TCAGGATCATGCGCAC-1,1.0436199807980848
TCAGGATGTAGCGCTC-1,1.0356803160630903
TCAGGATGTCAGAGGT-1,1.0393331542869817
TCAGGATGTCATCGGC-1,0.8858611260621183
TCAGGATGTCCGAAGA-1,1.0438512866469571
TCAGGATGTCCGTCAG-1,0.9721668194919172
TCAGGATGTCTACCTC-1,1.049659590631874
TCAGGATGTGCAGTAG-1,1.0350117527284097
TCAGGATGTGCGGTAA-1,1.0092204632406112
TCAGGATGTTTAGGAA-1,1.0173510884357722
TCAGGATTCAACACTG-1,0.9766474008977329
TCAGGATTCAACTCTT-1,0.9271190946515573
TCAGGATTCAGAGGTG-1,0.971286685037689
TCAGGATTCCAAACTG-1,1.0424808762768885
TCAGGATTCCGATATG-1,1.0492945414445984
TCAGGATTCCTGCCAT-1,1.0260554588347501
TCAGGATTCCTTAATC-1,1.036433209542025
TCAGGATTCCTTGACC-1,1.0434613317550199
TCAGGATTCGATGAGG-1,0.9875930762078098
TCAGGATTCGCCTGAG-1,0.9300216938703681
TCAGGATTCTCGGACG-1,1.0336672326976766
TCAGGATTCTCTTATG-1,0.9983191434709618
TCAGGTAAGAGCTGCA-1,1.0465016569990506
TCAGGTAAGATCCTGT-1,1.0410183415039966
TCAGGTAAGATGCGAC-1,1.0422660016137508
TCAGGTAAGATGGGTC-1,1.0290564532558695
TCAGGTAAGATTACCC-1,1.038819761778907
TCAGGTAAGCTAGTGG-1,1.0227154791535147
TCAGGTAAGCTCCCAG-1,1.0213211293483169
TCAGGTAAGTGCAAGC-1,1.0439793629869103
TCAGGTAAGTGGTCCC-1,1.0428658293354671
TCAGGTACAAGCCGCT-1,0.9684092016806825
TCAGGTACAAGTAGTA-1,1.0412083656326914
TCAGGTACAGGTCCAC-1,1.0366829608631751
TCAGGTACATACCATG-1,1.0309438529318298
TCAGGTACATCGTCGG-1,1.0395124094834516
TCAGGTACATGGATGG-1,0.9958960310860764
TCAGGTAGTCCTCTTG-1,0.9999124954815166
TCAGGTAGTCTAAACC-1,1.0144087677646214
TCAGGTAGTCTTGATG-1,0.9300686377576954
TCAGGTAGTGTGGCTC-1,1.048705741839139
TCAGGTAGTTCCAACA-1,1.031517248392898
TCAGGTATCACCTTAT-1,1.0368469413205839
TCAGGTATCACTTCAT-1,1.044495416547189
TCAGGTATCAGTTTGG-1,1.0389713207249782
TCAGGTATCCAAGCCG-1,1.0449072686448073
TCAGGTATCCGGCACA-1,1.047513874484937
TCAGGTATCGGCATCG-1,1.0261235118345644
TCAGGTATCTGCGTAA-1,1.0425858034777715
TCAGGTATCTTAGAGC-1,1.0387439996672538
TCATTACAGATGCGAC-1,0.9960138240130779
TCATTACAGCCGATTT-1,1.0373931165384271
TCATTACAGCTCCTTC-1,0.9756062691806296
TCATTACAGCTGAACG-1,0.9896236370360811
TCATTACAGGCAATTA-1,1.0410323127254544
TCATTACAGGTGCTAG-1,0.9715344533855488
TCATTACAGTGTGAAT-1,1.021184501912432
TCATTACCAAGGCTCC-1,1.0463511633862894
TCATTACCACGAAAGC-1,1.0430036964287348
TCATTACCAGGTCCAC-1,1.029736921657211
TCATTACCATGAACCT-1,1.0245707137105053
TCATTACGTACCTACA-1,1.0423923181349812
TCATTACGTGGTCTCG-1,1.033382439466719
TCATTACGTTACCAGT-1,1.0418183282400368
TCATTACGTTCAACCA-1,1.0057370155213512
TCATTACGTTTGTGTG-1,0.9849521235416249
TCATTACTCAGCGATT-1,1.0348337619373622
TCATTACTCCAAACAC-1,1.014849814860138
TCATTACTCCATGAGT-1,1.0383777498540645
TCATTACTCCGTTGCT-1,1.007284432897437
TCATTACTCGGATGTT-1,1.015413871874596
TCATTACTCGTTACAG-1,0.9382401846129041
TCATTACTCTATCCCG-1,0.9968229401336067
TCATTTGAGAGAACAG-1,0.899047091885692
TCATTTGAGCGCCTTG-1,1.0470268683746853
TCATTTGAGCGTGAAC-1,1.002252081495618
TCATTTGAGCTCCTCT-1,0.957216661100402
TCATTTGAGGATGCGT-1,1.0400992780695453
TCATTTGAGTACGCGA-1,0.9550390077333845
TCATTTGAGTGGACGT-1,0.8826050328728422
TCATTTGAGTGTACGG-1,1.0469610833409888
TCATTTGCACAGCCCA-1,0.9750873989755002
TCATTTGCACGTAAGG-1,1.042407858335151
TCATTTGCACTCTGTC-1,1.018268820919997
TCATTTGCATGATCCA-1,0.9606539100550721
TCATTTGGTAGAAGGA-1,1.0416717031292355
TCATTTGGTATATGGA-1,1.0365155010138867
TCATTTGGTATGCTTG-1,1.0141557432815007
TCATTTGGTGCAGACA-1,0.8974253768495056
TCATTTGGTTCGCTAA-1,1.0342713173194595
TCATTTGGTTTGCATG-1,1.0121954187299356
TCATTTGTCAACACGT-1,1.0397338407115804
TCATTTGTCCTATTCA-1,1.041513448916312
TCATTTGTCCTTGACC-1,1.03735439340252
TCATTTGTCGGATGGA-1,0.9325368161877456
TCATTTGTCTCAAACG-1,1.0315147387692616
TCATTTGTCTCGCATC-1,1.0428616571616882
TCCACACAGACAAAGG-1,0.9814383565236767
TCCACACAGACCTTTG-1,1.0501195468863875
TCCACACAGATCTGCT-1,1.001309072989976
TCCACACAGCGCCTCA-1,1.0469032619408687
TCCACACAGCGTTCCG-1,1.0466980167858102
TCCACACAGCTCCTCT-1,0.9787184430329543
TCCACACAGGAATTAC-1,0.9777335748147239
TCCACACCAGACAGGT-1,1.0347894358625596
TCCACACCAGTATGCT-1,1.0412602526468653
TCCACACCATACGCTA-1,1.0000469763988153
TCCACACCATCCGCGA-1,1.0241995755957434
TCCACACGTACAGTTC-1,1.0174160040908948
TCCACACGTAGCGATG-1,0.9360532139783547
TCCACACGTCTCCATC-1,0.9663845523499651
TCCACACGTGGTACAG-1,1.0149511819388888
TCCACACGTTACAGAA-1,1.0078478897122658
TCCACACGTTAGATGA-1,1.0228015423646664
TCCACACGTTCGCGAC-1,1.0472887248030325
TCCACACGTTCTCATT-1,1.042386992602272
TCCACACTCATTGCGA-1,0.9968765185121851
TCCACACTCCTAAGTG-1,1.0225288661580387
TCCACACTCGCCAGCA-1,0.9649727235892042
TCCACACTCTCTGCTG-1,1.046165878645752
TCCCGATAGCATCATC-1,1.0402670299348076
TCCCGATAGGCTCTTA-1,1.016009891830411
TCCCGATAGTCAAGGC-1,0.9980916972431991
TCCCGATAGTGCCAGA-1,0.9785048559043241
TCCCGATAGTGTCTCA-1,1.036886444436009
TCCCGATCAAGACACG-1,1.0435063096911834
TCCCGATCAATCGGTT-1,1.051854752079644
TCCCGATCACGAGAGT-1,0.9939541268996934
TCCCGATCACTAGTAC-1,1.0468452854547947
TCCCGATCAGATCCAT-1,1.0327525540239402
TCCCGATCATAAAGGT-1,1.0368218649341048
TCCCGATCATGATCCA-1,1.0407350025187032
TCCCGATCATTGAGCT-1,1.0053085228603107
TCCCGATGTAGCCTCG-1,1.0071945393228152
TCCCGATGTCACACGC-1,1.0391842132414835
TCCCGATGTCTAGTGT-1,1.0454523430151879
TCCCGATGTCTGGAGA-1,0.9717190733128659
TCCCGATGTGCTGTAT-1,1.0293491683270748
TCCCGATGTTAGTGGG-1,1.0369034031262727
TCCCGATTCACCCGAG-1,1.0450611418319704
TCCCGATTCACGCGGT-1,1.0449824389190774
TCCCGATTCATGGTCA-1,1.0421033057021383
TCCCGATTCCAGTAGT-1,1.0260684018621715
TCCCGATTCGTACCGG-1,0.9944439923804463
TCCCGATTCTCACATT-1,1.046230163917825
TCCCGATTCTGCTGCT-1,1.04122635739799
TCGAGGCAGCAGATCG-1,0.9858875900365774
TCGAGGCAGCGATAGC-1,1.0198380047305748
TCGAGGCAGGCATGTG-1,0.991233936878659
TCGAGGCAGGTGCACA-1,1.02888328007365
TCGAGGCAGTAGATGT-1,1.0453168366263403
TCGAGGCAGTGTCTCA-1,1.0293608630156006
TCGAGGCCACAAGACG-1,0.9942290754161093
TCGAGGCCACTAGTAC-1,1.0477689598649451
TCGAGGCCATCCAACA-1,1.0408639676443923
TCGAGGCCATGTCGAT-1,1.0454802972595365
TCGAGGCGTAAGGATT-1,0.9877505007288525
TCGAGGCGTGCAACTT-1,1.0388624550455527
TCGAGGCGTTACCAGT-1,1.0449877068581992
TCGAGGCTCGGTCTAA-1,0.9975561497974543
TCGAGGCTCGTTTAGG-1,1.0397027531881753
TCGAGGCTCGTTTATC-1,0.9938261340757812
TCGAGGCTCTACCAGA-1,0.9689001550769232
TCGAGGCTCTGGTTCC-1,1.0428465393081774
TCGAGGCTCTTCGAGA-1,0.997526966033607
TCGCGAGAGAGCTGGT-1,1.0199451782003108
TCGCGAGAGCTAGTGG-1,0.967354291493081
TCGCGAGAGCTGAACG-1,1.0460979782017894
TCGCGAGAGGCGACAT-1,1.0434050376364867
TCGCGAGAGGTCGGAT-1,1.0367224025433575
TCGCGAGAGTGCTGCC-1,1.0425370046186575
TCGCGAGCAAATCCGT-1,1.047248569537139
TCGCGAGCAATAGCGG-1,1.0441904280024517
TCGCGAGCACGAAAGC-1,1.0336264754022593
TCGCGAGCACGGTAAG-1,1.0203865008912671
TCGCGAGGTACACCGC-1,1.0064872426758191
TCGCGAGGTACAGTGG-1,1.0068942997500723
TCGCGAGGTACCAGTT-1,0.9462788256951787
TCGCGAGGTCCTCCAT-1,0.998964904374375
TCGCGAGGTCTAGAGG-1,0.9048098461921344
TCGCGAGGTTTGCATG-1,1.0386417866180429
TCGCGAGTCATCGCTC-1,0.9835012942567645
TCGCGAGTCTGTACGA-1,1.0022241049132656
TCGCGAGTCTTGCAAG-1,1.0305481927587603
TCGCGTTAGAAGGCCT-1,0.9045985024490253
TCGCGTTAGCGGCTTC-1,1.0407591771397664
TCGCGTTAGGTGATAT-1,1.015645118863235
TCGCGTTAGTGTACTC-1,1.0401147687428096
TCGCGTTCAATGAAAC-1,1.0428879591520759
TCGCGTTCAATGGTCT-1,1.0134839195746854
TCGCGTTCAGCTCGCA-1,1.0366052196508233
TCGCGTTCAGCTTAAC-1,1.0402277189571396
TCGCGTTCAGTAACGG-1,1.0479185491500966
TCGCGTTCATCGTCGG-1,1.0430685979269347
TCGCGTTCATTAGGCT-1,0.9951054444680323
TCGCGTTGTAAGTAGT-1,1.0079298987661778
TCGCGTTGTCTCCACT-1,1.0384311670777346
TCGCGTTGTGCCTTGG-1,0.9797135058764207
TCGCGTTGTGTAATGA-1,1.0423075827035644
TCGCGTTTCATCTGCC-1,1.043610964283885
TCGCGTTTCCGCATCT-1,0.9896555357416702
TCGCGTTTCGGAGGTA-1,0.9837424979684491
TCGCGTTTCGTGGACC-1,1.0437137234309033
TCGCGTTTCTCGCATC-1,1.0352440458624927
TCGGGACAGAACTGTA-1,1.0181931610051755
TCGGGACAGAGTAAGG-1,1.011516851786861
TCGGGACAGCGATAGC-1,1.0459811613094856
TCGGGACAGGATGCGT-1,1.0406596007313196
TCGGGACAGGGCTTCC-1,1.0248458854514444
TCGGGACAGTGGGATC-1,0.9893068477939823
TCGGGACAGTTTCCTT-1,0.9328475080180195
TCGGGACCAACGATCT-1,1.0179213827446045
TCGGGACCAAGCTGTT-1,1.003652786737268
TCGGGACCAAGGTGTG-1,1.0147138984049298
TCGGGACCACACAGAG-1,1.0456795708046562
TCGGGACCACTTAAGC-1,1.0424179890021956
TCGGGACCAGACGCAA-1,0.9725138535608546
TCGGGACCAGGCTCAC-1,1.0393444484690395
TCGGGACCAGGGATTG-1,1.0303823752741779
TCGGGACCATCATCCC-1,1.0411260586317206
TCGGGACCATTCCTGC-1,1.0287985948485319
TCGGGACCATTCGACA-1,1.0042690039871196
TCGGGACGTAAGAGAG-1,1.003959817596491
TCGGGACGTAAGTGTA-1,0.9838955649792167
TCGGGACGTACCAGTT-1,1.0434305200636307
TCGGGACGTATAGTAG-1,1.03862512940926
TCGGGACGTCAAGCGA-1,0.9119280591102802
TCGGGACGTCCAGTAT-1,1.041995059712318
TCGGGACGTGAGGGAG-1,1.0022878895134728
TCGGGACGTTTAGGAA-1,1.0289350555131511
TCGGGACTCAATAAGG-1,0.9967360704084036
TCGGGACTCACCTTAT-1,1.0424668600626226
TCGGGACTCCATGAGT-1,1.0402662505464062
TCGGGACTCGGACAAG-1,0.9506427343601808
TCGGGACTCGTTGACA-1,1.0007803813283374
TCGGGACTCTGAAAGA-1,0.9920046600418653
TCGGTAAAGATCCCAT-1,1.0034792761634899
TCGGTAAAGCCAGAAC-1,0.9915506919679663
TCGGTAAAGTCGTTTG-1,1.006749157658864
TCGGTAACAATAACGA-1,1.049479844980763
TCGGTAACAATCAGAA-1,1.0461411042115243
TCGGTAACACCACCAG-1,1.0354275571497584
TCGGTAACAGCTGTGC-1,1.0414014237422886
TCGGTAACATACTACG-1,0.9839207139200732
TCGGTAACATATGCTG-1,1.022986035247999
TCGGTAACATCTGGTA-1,1.0344423249574053
TCGGTAAGTACAGTTC-1,1.0014502766810505
TCGGTAAGTAGCGCAA-1,1.0365052929955745
TCGGTAAGTCAGCTAT-1,1.0183549745253233
TCGGTAAGTCTCCCTA-1,1.0241157918850714
TCGGTAAGTGATGCCC-1,0.9402348482068986
TCGGTAAGTTCCAACA-1,1.0173548171176006
TCGGTAATCAAAGTAG-1,1.0417381071665093
TCGGTAATCCATTCTA-1,1.0392007037122521
TCGGTAATCGGTCTAA-1,1.0151136081224552
TCGGTAATCTCCCTGA-1,1.0381540009717398
TCGTACCAGCTCAACT-1,1.0435387375938805
TCGTACCAGCTCCTTC-1,1.033516443252498
TCGTACCAGTTACGGG-1,1.0452983227853545
TCGTACCCAAATCCGT-1,1.0011286044650995
TCGTACCCACCCAGTG-1,0.9781811626399655
TCGTACCCACGGCTAC-1,1.047313981892524
TCGTACCCATGGTCAT-1,1.0210671314469038
TCGTACCCATGTCCTC-1,1.0439244604296558
TCGTACCCATTGGCGC-1,1.018317411442376
TCGTACCGTACATCCA-1,1.0470497576645523
TCGTACCGTACTCGCG-1,1.0480203118194809
TCGTACCGTATAGGTA-1,0.9655410862336304
TCGTACCGTATCTGCA-1,1.0377165821063166
TCGTACCGTCTGCAAT-1,0.9887221474017233
TCGTACCTCCCGACTT-1,1.0197557257059393
TCGTACCTCCTGTACC-1,1.0357181772233677
TCGTACCTCTTACCTA-1,1.0145475402470425
TCGTAGAAGTTAGCGG-1,1.0309031481746347
TCGTAGAAGTTCGCGC-1,1.0428308365013406
TCGTAGACAAATTGCC-1,1.0300680505753819
TCGTAGACAATACGCT-1,0.9565423390408807
TCGTAGACACAGTCGC-1,1.0322527040605438
TCGTAGACACATGACT-1,1.0029434642353938
TCGTAGACACATTTCT-1,0.9953749721481976
TCGTAGACAGCTCCGA-1,1.0137048628193677
TCGTAGACATGACGGA-1,1.0467683082259887
TCGTAGAGTCAACATC-1,1.0494688265938974
TCGTAGAGTGGCAAAC-1,1.043269439203556
TCGTAGAGTTAAGGGC-1,1.03763576554867
TCGTAGAGTTGCTCCT-1,1.0227732808959136
TCGTAGAGTTGGTTTG-1,0.9835853505460537
TCGTAGAGTTTAAGCC-1,1.046000493867382
TCGTAGATCACAATGC-1,1.034865802921768
TCGTAGATCATCGCTC-1,1.0323447979303046
TCGTAGATCGTACCGG-1,1.010030325950307
TCGTAGATCTGCTGCT-1,0.9941602019774723
TCTATTGAGAGCTATA-1,1.036138511317621
TCTATTGAGAGGTAGA-1,1.0418301491632174
TCTATTGAGATCTGAA-1,1.0044568112229146
TCTATTGAGATGCGAC-1,1.0303607236362757
TCTATTGAGCGCCTTG-1,1.0454697161136601
TCTATTGAGCTAGTTC-1,0.9620372920282925
TCTATTGAGGCAGGTT-1,1.0471915283898467
TCTATTGAGTCAAGGC-1,0.9495619459455589
TCTATTGAGTGACTCT-1,1.0487302872304975
TCTATTGCAAACGTGG-1,1.0490358753890074
TCTATTGCAAGACGTG-1,1.0471839849285975
TCTATTGCAATGGACG-1,0.9710040728220535
TCTATTGCAGCCTGTG-1,0.9461138885194665
TCTATTGCAGGGTATG-1,1.0369226186124187
TCTATTGCATACAGCT-1,1.0038804936147114
TCTATTGCATCCGCGA-1,1.043556419745629
TCTATTGCATCGGAAG-1,0.990399424248885
TCTATTGCATTCTTAC-1,1.0248021939089802
TCTATTGGTACCGTTA-1,0.9974394569258755
TCTATTGGTAGCTGCC-1,1.02131387598865
TCTATTGGTATTCGTG-1,1.0434358622217246
TCTATTGGTCACACGC-1,0.9908081492448703
TCTATTGGTCGCATAT-1,1.0408932682045464
TCTATTGGTGATGATA-1,1.0027981738561584
TCTATTGGTTCCACTC-1,0.9535399245561984
TCTATTGGTTCCCGAG-1,1.0471507139071883
TCTATTGGTTGTCTTT-1,1.037383778106887
TCTATTGTCAGTGTTG-1,1.0475275574416114
TCTATTGTCCATGAGT-1,1.0388332350653293
TCTATTGTCCGAATGT-1,1.0478863279946269
TCTATTGTCCGTACAA-1,1.0324669560458817
TCTATTGTCGCATGAT-1,1.0419240745854348
TCTATTGTCGGCGCAT-1,1.0337188236630686
TCTCATAAGAGGTACC-1,1.031931143827149
TCTCATAAGCCCGAAA-1,1.0145848912803221
TCTCATAAGCGATTCT-1,1.014093252716769
TCTCATAAGCTAAGAT-1,1.0406835227639484
TCTCATAAGGCAGGTT-1,1.0489013401899316
TCTCATAAGGTAGCCA-1,1.0107175607691883
TCTCATAAGTGCGATG-1,1.0358340425388237
TCTCATACACGAGGTA-1,1.0211548375212824
TCTCATACAGGGTTAG-1,1.0422354188508713
TCTCATACAGGTCGTC-1,0.9935690067617522
TCTCATACAGTCCTTC-1,1.0429245786586963
TCTCATAGTAAAGTCA-1,0.9594039442015622
TCTCATAGTAAGTTCC-1,1.0355934323902127
TCTCATAGTAATCACC-1,1.0327540090121266
TCTCATAGTACCGAGA-1,1.0305592606982297
TCTCATAGTCAGCTAT-1,1.0385684889031244
TCTCATAGTCCATGAT-1,1.0365997625684025
TCTCATAGTGACGCCT-1,1.0473345257150073
TCTCATAGTGAGTATA-1,1.0489325880900675
TCTCATAGTGGTCTCG-1,0.9660413998910901
TCTCATAGTGTGCCTG-1,1.049562962002826
TCTCATAGTTCCAACA-1,1.0251216354698343
TCTCATAGTTCGTTGA-1,1.0377035763487403
TCTCATATCACAGGCC-1,1.043229651925397
TCTCATATCAGAGACG-1,0.992916100398905
TCTCATATCAGCTTAG-1,1.0169305846926266
TCTCATATCGCGTAGC-1,1.0267098581424228
TCTCTAAAGAACAACT-1,1.0072119739951504
TCTCTAAAGAATTGTG-1,0.9836277933711286
TCTCTAAAGACTTGAA-1,0.9296415808128975
TCTCTAAAGAGTACCG-1,0.978452282197175
TCTCTAAAGATCTGAA-1,1.050057112261963
TCTCTAAAGTACGTAA-1,1.022531950972625
TCTCTAACAATGAATG-1,1.0267714402196515
TCTCTAACACACATGT-1,1.0380939039601635
TCTCTAACACAGATTC-1,1.0450789160966438
TCTCTAACACCTCGTT-1,0.9755284208421527
TCTCTAACACGGCGTT-1,1.013842447009565
TCTCTAAGTCAGAAGC-1,1.0355284392586526
TCTCTAAGTCCATGAT-1,1.035512738845448
TCTCTAAGTCCTCCAT-1,0.9210944631294986
TCTCTAAGTCTAGTGT-1,1.0356127334026834
TCTCTAAGTCTGATCA-1,0.9955162550211569
TCTCTAAGTGATGCCC-1,1.0253590701021813
TCTCTAAGTTCGTCTC-1,1.0440567570803776
TCTCTAATCACCATAG-1,0.9745986402116857
TCTCTAATCATACGGT-1,1.0347674584052515
TCTCTAATCCGTTGCT-1,1.0361028552457594
TCTCTAATCGCCGTGA-1,1.040165792248712
TCTCTAATCGCTTAGA-1,1.0386498860255458
TCTCTAATCTCGCTTG-1,1.0280356856310993
TCTCTAATCTGTACGA-1,1.0164857650482912
TCTGAGAAGAGCTGCA-1,1.0441444219235683
TCTGAGAAGGCCCTTG-1,1.0252687253710318
TCTGAGAAGGGCTTGA-1,1.0285605755872935
TCTGAGAAGGTGTTAA-1,0.9705185443795393
TCTGAGACAAACTGCT-1,1.0388822933872972
TCTGAGACAAGTCTAC-1,0.9737459316062824
TCTGAGACACAGGCCT-1,1.037504735198076
TCTGAGACACATGTGT-1,1.0309366245523595
TCTGAGACACCGGAAA-1,1.0399102616713676
TCTGAGACACGAAGCA-1,0.9574772366253315
TCTGAGACACGCGAAA-1,1.0094256145919056
TCTGAGACAGTAAGAT-1,1.0435431978996406
TCTGAGACATGCCACG-1,1.037079712792493
TCTGAGAGTCCTCCAT-1,1.044700978188132
TCTGAGAGTGCATCTA-1,1.039653451393576
TCTGAGAGTGGTGTAG-1,1.0259817936411626
TCTGAGAGTTGAACTC-1,0.9902036462038012
TCTGAGATCAAACAAG-1,0.993346678313741
TCTGAGATCAACTCTT-1,1.0290808703311807
TCTGAGATCCAATGGT-1,1.0440765324495116
TCTGAGATCCGTTGCT-1,0.9449087887300717
TCTGAGATCGGACAAG-1,1.041623932782374
TCTGAGATCGGTTAAC-1,1.0429464596577669
TCTGAGATCTCCAGGG-1,1.0464752412848124
TCTGAGATCTCCCTGA-1,1.0439361681623676
TCTGAGATCTTCGAGA-1,1.0334627404173782
TCTGGAAAGAAGGTGA-1,0.9732753216882729
TCTGGAAAGAGGGATA-1,1.028962187213673
TCTGGAAAGCGATCCC-1,1.0327423078395577
TCTGGAAAGGGAGTAA-1,0.9769668889069083
TCTGGAAAGGTGCAAC-1,1.0374946438186328
TCTGGAAAGTCACGCC-1,0.9970689328622909
TCTGGAACAAAGTCAA-1,0.9934910389133151
TCTGGAACAACACCTA-1,1.0431986815142131
TCTGGAACAATGAAAC-1,0.9659248334558014
TCTGGAACACATGACT-1,1.0235619718736484
TCTGGAACAGACGTAG-1,1.0481196543705267
TCTGGAACATCGGAAG-1,1.044108847355239
TCTGGAACATGTAGTC-1,1.0432212071014861
TCTGGAAGTCCGACGT-1,1.0353333058093408
TCTGGAAGTCCTCTTG-1,1.0465777450994351
TCTGGAAGTCGCGGTT-1,0.9999641452683316
TCTGGAAGTGAGGGTT-1,1.007820941035117
TCTGGAAGTTACGTCA-1,1.0380493333636531
TCTGGAAGTTATCGGT-1,1.0360610862633322
TCTGGAAGTTTGACTG-1,1.0402166704027942
TCTGGAATCAGTGCAT-1,0.9453881256461416
TCTGGAATCCGCTGTT-1,1.0285080362051433
TCTTCGGAGAATGTTG-1,1.020523664416701
TCTTCGGAGAGACGAA-1,1.047451234287165
TCTTCGGAGCGAAGGG-1,1.0209877244874466
TCTTCGGAGCGGATCA-1,1.0393649246976773
TCTTCGGAGCTAAGAT-1,1.0253033262510152
TCTTCGGAGTGTCCCG-1,0.9897225395733256
TCTTCGGCAAGGACTG-1,1.0349335334604266
TCTTCGGCAAGTAGTA-1,1.0461756042197308
TCTTCGGCAGGTGGAT-1,1.0460506585428795
TCTTCGGGTAAACACA-1,0.9819936094081483
TCTTCGGGTAGGGACT-1,1.041097258281859
TCTTCGGGTATGAAAC-1,1.0304996041477184
TCTTCGGGTTTGTGTG-1,1.043478684483084
TCTTCGGTCAAGCCTA-1,1.0344543068949394
TCTTCGGTCAGGTAAA-1,0.9980127144416494
TCTTCGGTCCGCAAGC-1,1.032091623310376
TCTTCGGTCCGTACAA-1,0.9715157333649898
TCTTCGGTCGCATGAT-1,0.9551765972679305
TCTTCGGTCTCGAGTA-1,1.0418113848104877
TCTTTCCAGAGCTGCA-1,1.039168472009138
TCTTTCCAGTGAAGAG-1,0.9980870731194705
TCTTTCCCAAATTGCC-1,0.9021421817814401
TCTTTCCCAACTGCGC-1,1.0462366296436587
TCTTTCCCACCTCGTT-1,1.0485501657217169
TCTTTCCCACGAGGTA-1,1.038519683981495
TCTTTCCCACGGTAAG-1,1.0503448652210714
TCTTTCCCACGTCAGC-1,0.9805773347340132
TCTTTCCCAGCTGTTA-1,1.0164174585742156
TCTTTCCCAGGAATCG-1,1.0443348213792065
TCTTTCCCATCGGTTA-1,1.0489252148695998
TCTTTCCCATGGATGG-1,0.9878794207559217
TCTTTCCCATGGTCAT-1,0.9990768980546256
TCTTTCCGTCTGATTG-1,1.03235219001204
TCTTTCCGTCTTTCAT-1,0.9985581922948088
TCTTTCCGTGACGCCT-1,1.0176529877565064
TCTTTCCGTGCAACTT-1,1.0443408623771866
TCTTTCCTCAGTACGT-1,1.0372446497769923
TCTTTCCTCGTCCGTT-1,0.9988205398208564
TCTTTCCTCTCTGTCG-1,0.9824294963618484
TGAAAGAAGCACGCCT-1,0.9620071118905791
TGAAAGAAGCTAAACA-1,1.010766672272217
TGAAAGAAGGACATTA-1,1.0416581886935117
TGAAAGACACATCCGG-1,1.0117185791022443
TGAAAGACAGCTCCGA-1,1.017313709302676
TGAAAGACATGGTCAT-1,1.026724418140586
TGAAAGACATGTCTCC-1,1.039647563804304
TGAAAGAGTAAACACA-1,1.0472424251298118
TGAAAGAGTCCGAATT-1,0.9541433993666992
TGAAAGAGTCTAGAGG-1,1.0243997037353179
TGAAAGAGTGTGAAAT-1,1.0404743503074663
TGAAAGAGTGTGCCTG-1,1.0448924826252173
TGAAAGAGTTAAAGTG-1,1.011837611144985
TGAAAGATCAACACAC-1,1.0300449526997126
TGAAAGATCCGTACAA-1,1.046384361566613
TGAAAGATCTAGCACA-1,1.0453177592540819
TGAAAGATCTCTAGGA-1,1.0410043996404825
TGAAAGATCTTCATGT-1,1.0389926434496388
TGACAACAGCCCAATT-1,1.036274686907189
TGACAACAGCTAAGAT-1,0.9943637585542282
TGACAACAGGCAGTCA-1,1.0347592243217254
TGACAACAGGCTAGAC-1,1.0400224327916914
TGACAACAGGTTCCTA-1,1.0021455164751036
TGACAACAGTGCCATT-1,1.0192848847990328
TGACAACAGTGGGTTG-1,1.0252366082863211
TGACAACAGTGTCCCG-1,1.0400319015378032
TGACAACAGTTGTCGT-1,1.034419323306873
TGACAACCAAATCCGT-1,1.046901985512043
TGACAACCAATAGCGG-1,1.0075909923147957
TGACAACCAATCGGTT-1,0.9713574888351842
TGACAACCACCTCGTT-1,1.0324556172004253
TGACAACCACGGCCAT-1,1.0400961003178613
TGACAACCACGGTAGA-1,1.0386985978852534
TGACAACCAGTAACGG-1,0.9957974328966399
TGACAACGTAAACACA-1,1.0237787527566589
TGACAACGTAAGGATT-1,1.0431321681314583
TGACAACGTAGTAGTA-1,1.0469867941611437
TGACAACGTATTCGTG-1,0.9318014793269048
TGACAACGTCAGAGGT-1,1.0489375183247405
TGACAACGTCAGCTAT-1,1.0453042793041551
TGACAACGTCCGAACC-1,0.9339167119991548
TGACAACGTCGGGTCT-1,1.048407184477013
TGACAACGTGGACGAT-1,1.0315761682083955
TGACAACGTGGCCCTA-1,0.9576339993427057
TGACAACGTGGGTATG-1,1.0405180134167282
TGACAACGTTGATTCG-1,1.048875268172872
TGACAACTCATCGCTC-1,1.0448785217876753
TGACAACTCATCGGAT-1,1.0334257361797161
TGACAACTCCGTAGGC-1,1.04024738092215
TGACAACTCGATGAGG-1,1.0362815114759956
TGACAACTCGCAGGCT-1,1.0063207327597066
TGACGGCAGAGCTGGT-1,0.9482606356698268
TGACGGCAGAGTCGGT-1,0.9800253927261535
TGACGGCAGGACATTA-1,0.9832206787574709
TGACGGCAGGTAGCTG-1,1.0023549060416759
TGACGGCAGGTGGGTT-1,1.0085320932834836
TGACGGCAGTCCATAC-1,1.0336717216663007
TGACGGCCAACGATGG-1,1.0331055251613088
TGACGGCCAATCGGTT-1,1.0434463901558582
TGACGGCCACGCGAAA-1,1.0392262609094967
TGACGGCCACGGCCAT-1,1.049748699152901
TGACGGCCAGGTGCCT-1,1.0058664702320421
TGACGGCCAGTTTACG-1,1.0251778804242084
TGACGGCCATTGAGCT-1,1.0308632724148525
TGACGGCCATTTGCCC-1,1.0132719035080588
TGACGGCGTATATGAG-1,1.0359936712800741
TGACGGCGTCAAAGCG-1,1.012026154160185
TGACGGCGTCGATTGT-1,1.0437525591731245
TGACGGCGTCGGGTCT-1,1.0361422163738818
TGACGGCGTCTGGTCG-1,1.0303463707490514
TGACGGCGTTGTACAC-1,1.0389701287057247
TGACGGCTCCAAAGTC-1,1.033484070606084
TGACGGCTCCCACTTG-1,0.9510752089891988
TGACGGCTCCGATATG-1,1.023739628935252
TGACGGCTCGTCTGCT-1,0.9514752166262066
TGACGGCTCTTGTTTG-1,1.0434157181082822
TGACTAGAGAACTGTA-1,1.0460295468894905
TGACTAGAGCTCCTCT-1,1.0343334644568563
TGACTAGCAAGTACCT-1,1.0355518487700879
TGACTAGCAATCTACG-1,1.0431033429024237
TGACTAGCAGATGAGC-1,1.004141416034229
TGACTAGCATAGTAAG-1,1.0423117901521513
TGACTAGCATCTCCCA-1,1.0386066155330391
TGACTAGCATGTTGAC-1,1.043188818384675
TGACTAGGTAGCGCAA-1,1.03819281301316
TGACTAGGTCCATCCT-1,1.036021106381312
TGACTAGGTGTCTGAT-1,0.9652995433011635
TGACTAGTCACATAGC-1,1.0289112996121184
TGACTAGTCAGAGGTG-1,0.724686746505258
TGACTAGTCGAGGTAG-1,0.9950068725744011
TGACTAGTCGGATGTT-1,0.9916032095931627
TGACTAGTCTTCATGT-1,1.043568513869072
TGACTTTAGAGTACCG-1,1.0357259250001016
TGACTTTAGATACACA-1,0.969875727800698
TGACTTTAGCCTTGAT-1,1.005617553651013
TGACTTTAGCGATATA-1,0.9650805164256134
TGACTTTAGCTAACTC-1,1.045187396400493
TGACTTTCACTAGTAC-1,1.0435882375285441
TGACTTTCATCCTTGC-1,0.9896434020467363
TGACTTTGTAGCCTAT-1,0.9172312787346053
TGACTTTGTCTCGTTC-1,1.0063427357555277
TGACTTTGTGGACGAT-1,1.0420712577488207
TGACTTTTCAGAGCTT-1,1.0116420276774947
TGACTTTTCATTGCCC-1,1.0006063791206437
TGACTTTTCCAGAAGG-1,1.0088413528124947
TGACTTTTCGGACAAG-1,1.0445728863988863
TGACTTTTCGGGAGTA-1,1.015143266022611
TGACTTTTCTCCAACC-1,0.9748092945700311
TGACTTTTCTCTGTCG-1,1.0482355715531748
TGACTTTTCTTAACCT-1,1.0480465613665604
TGAGAGGAGACTAAGT-1,1.0409125490316795
TGAGAGGAGACTAGAT-1,1.005278048827014
TGAGAGGAGTGATCGG-1,0.9670017233409831
TGAGAGGCAAGGTTTC-1,0.9994030035010295
TGAGAGGCACAACTGT-1,1.0483474822810293
TGAGAGGCACAGTCGC-1,1.0422006289991619
TGAGAGGCACATTAGC-1,1.0201791247368726
TGAGAGGCACGGTTTA-1,1.0242422582686919
TGAGAGGCAGTGACAG-1,1.041945127141429
TGAGAGGCAGTTAACC-1,1.047329194087821
TGAGAGGCATCACGTA-1,0.9953586975372894
TGAGAGGGTATCAGTC-1,1.0501536563241594
TGAGAGGGTCTTGATG-1,0.96369320925732
TGAGAGGGTGACAAAT-1,1.034244065304411
TGAGAGGGTGACTACT-1,1.0320534093053215
TGAGAGGGTTTGGGCC-1,0.9794281701116665
TGAGAGGTCAATCTCT-1,1.0234565487136724
TGAGAGGTCCGCGGTA-1,1.0487052795647933
TGAGAGGTCGCCAAAT-1,1.044921047504188
TGAGAGGTCTGGGCCA-1,0.8942918388023693
TGAGAGGTCTGGTATG-1,1.0274925497308076
TGAGCATAGAATGTGT-1,1.0316673911318144
TGAGCATAGCCGATTT-1,1.037971075939323
TGAGCATAGCGTGAGT-1,1.009951647185428
TGAGCATAGCTAAACA-1,0.9763082679377385
TGAGCATAGTCATCCA-1,1.0387940534506626
TGAGCATAGTCGAGTG-1,1.027482586778188
TGAGCATCACAACTGT-1,1.0386130409459098
TGAGCATCACCAACCG-1,1.043247296000008
TGAGCATCACCAGCAC-1,1.0292064598826332
TGAGCATCATTCACTT-1,1.001751157524072
TGAGCATGTAAGTGGC-1,0.9692114710268677
TGAGCATGTAGCGTCC-1,1.0124413713914375
TGAGCATGTCGGATCC-1,1.0422138905255354
TGAGCATGTTAAAGAC-1,1.0343884415170441
TGAGCATGTTATTCTC-1,1.0247429345139105
TGAGCATGTTCCACTC-1,0.9812577750595297
TGAGCATGTTTGTTTC-1,1.048364080644198
TGAGCATTCCGCAGTG-1,0.9918564370864852
TGAGCATTCGACGGAA-1,1.0463924419969841
TGAGCATTCGCCATAA-1,1.0341234305224922
TGAGCATTCGTGACAT-1,0.9475683841602479
TGAGCATTCTAACTCT-1,0.9835551072363039
TGAGCCGAGAATTGTG-1,0.9871920141269779
TGAGCCGAGAGTGAGA-1,1.0061468959633098
TGAGCCGAGATGTTAG-1,1.0149352800076603
TGAGCCGAGCCAGGAT-1,1.0008680981812352
TGAGCCGAGTTGAGAT-1,1.0463674336002484
TGAGCCGAGTTTCCTT-1,1.0442699537835538
TGAGCCGCAAGGACTG-1,0.9692317874310804
TGAGCCGCACAGAGGT-1,1.0447169158804552
TGAGCCGCACATGACT-1,0.9570799935016838
TGAGCCGCATCGATGT-1,0.9969205782754235
TGAGCCGGTAAACACA-1,1.038335009229455
TGAGCCGGTAAAGGAG-1,0.972394878215936
TGAGCCGGTACTTGAC-1,1.0375232025447536
TGAGCCGGTGAAAGAG-1,1.0145541342265985
TGAGCCGGTGTATGGG-1,1.042740443300767
TGAGCCGTCACAGGCC-1,1.040913367364465
TGAGCCGTCACCGGGT-1,1.0456361176475477
TGAGCCGTCATAACCG-1,1.031798321466421
TGAGCCGTCCAGGGCT-1,1.004413425768798
TGAGCCGTCCATTCTA-1,1.04200047412932
TGAGCCGTCGGATGGA-1,1.0420655836272343
TGAGCCGTCGTCTGAA-1,1.0435785473734285
TGAGCCGTCTATCCCG-1,1.0215657541172192
TGAGCCGTCTGGGCCA-1,1.0410597628510125
TGAGGGAAGCGTCTAT-1,0.9924591381995285
TGAGGGAAGGCTATCT-1,1.0436972112642742
TGAGGGAAGGTAAACT-1,1.011867369534602
TGAGGGAAGTCGCCGT-1,1.039050854417038
TGAGGGAAGTTAGGTA-1,1.044616635701533
TGAGGGACAAGTTGTC-1,0.9942460556224092
TGAGGGACACGGCCAT-1,0.982019915726097
TGAGGGACACGTGAGA-1,1.0032752481624179
TGAGGGACAGGGTATG-1,0.9816731474443762
TGAGGGACATGGGACA-1,1.0247066443383257
TGAGGGAGTAAATGAC-1,1.0361356098011016
TGAGGGAGTAGCACGA-1,1.0273627740199371
TGAGGGAGTAGCGATG-1,0.9487833565529545
TGAGGGAGTCGGGTCT-1,1.012859190912646
TGAGGGAGTGTTGGGA-1,0.9446004945854178
TGAGGGATCAGCTCTC-1,1.0332420460933622
TGAGGGATCGATGAGG-1,1.0413475269311312
TGAGGGATCGCCAAAT-1,1.00015927984173
TGATTTCAGAACTCGG-1,1.042982293516868
TGATTTCAGAGATGAG-1,1.0407361021764017
TGATTTCAGAGCTTCT-1,1.0294002237073192
TGATTTCAGATATACG-1,0.9894524718472534
TGATTTCAGGACCACA-1,1.009755153795922
TGATTTCAGTCCATAC-1,1.0156519652879819
TGATTTCCAGACACTT-1,1.0139733630264083
TGATTTCCATATGCTG-1,1.0361606254519067
TGATTTCGTAAGGGAA-1,1.04181523171912
TGATTTCGTAGGGACT-1,1.038322257006247
TGATTTCGTCACACGC-1,0.9552909051304012
TGATTTCGTTATCACG-1,0.9881248611048874
TGATTTCTCAGTTCGA-1,1.0477828985683435
TGATTTCTCCCGACTT-1,1.0446834175433177
TGATTTCTCCTAAGTG-1,0.9980560490344378
TGATTTCTCCTAGTGA-1,1.0430915342434814
TGATTTCTCCTCCTAG-1,1.0453528898723403
TGATTTCTCTCAAGTG-1,1.0227874114551243
TGATTTCTCTGGCGAC-1,0.9968284222208432
TGATTTCTCTTGTATC-1,0.9779580746965363
TGCACCTAGACTAGGC-1,1.0448039838304881
TGCACCTAGACTGTAA-1,1.0372584128616957
TGCACCTAGCGTAATA-1,1.0257287060497515
TGCACCTAGGACACCA-1,1.0442590019461118
TGCACCTAGGGAAACA-1,1.0371628658826544
TGCACCTAGTGGGCTA-1,1.03887679840274
TGCACCTCAACGATGG-1,0.9684434954102715
TGCACCTCAAGAGGCT-1,1.014412479810213
TGCACCTCACAACTGT-1,0.9886886379648457
TGCACCTCACCAGGCT-1,1.02469239128523
TGCACCTCACTGCCAG-1,0.9651779524165165
TGCACCTCAGTGGGAT-1,0.9843023974093185
TGCACCTCATCAGTCA-1,1.0205672947878537
TGCACCTCATCCGGGT-1,1.036679400672083
TGCACCTCATGAAGTA-1,1.038922272945
TGCACCTGTACCGCTG-1,0.9985258237612643
TGCACCTGTATAGGGC-1,1.0406740412093163
TGCACCTGTCTCTTAT-1,0.9743553544688416
TGCACCTTCAACGCTA-1,1.0397280165227696
TGCACCTTCACTTATC-1,1.0075650340101845
TGCACCTTCATTGCGA-1,1.010982162293506
TGCACCTTCCACGTGG-1,1.0360264425736077
TGCACCTTCCTCCTAG-1,0.993423537900392
TGCACCTTCTCGCATC-1,1.0311735289765651
TGCCAAAAGAAACGCC-1,0.9630492452031892
TGCCAAAAGAGCCCAA-1,1.0218154488600717
TGCCAAAAGATGTTAG-1,1.0443583883115677
TGCCAAAAGCTCAACT-1,1.0244535888749933
TGCCAAAAGCTGCCCA-1,0.9829849891264131
TGCCAAAAGGACATTA-1,1.0061633670959629
TGCCAAAAGGAGCGAG-1,0.9906524336243381
TGCCAAAAGGATGTAT-1,1.0347220123555907
TGCCAAAAGGGAAACA-1,1.0414291723559748
TGCCAAACACATTCGA-1,1.048322319391316
TGCCAAACACTACAGT-1,1.0458225559988967
TGCCAAACAGCTTCGG-1,0.9984916576036758
TGCCAAACAGTCGATT-1,0.9491928492737917
TGCCAAACATCCAACA-1,1.0126640755049778
TGCCAAACATTTCACT-1,0.9874004390396304
TGCCAAAGTAATCACC-1,1.030731451463477
TGCCAAAGTACAGACG-1,0.9827492407322294
TGCCAAAGTCAGGACA-1,1.0337409079258069
TGCCAAAGTCGCATCG-1,0.9934286631539686
TGCCAAAGTCTGCAAT-1,0.9746851876237963
TGCCAAAGTGAGTATA-1,1.0403234632708487
TGCCAAAGTGGAAAGA-1,0.9915296715603372
TGCCAAAGTGTGCCTG-1,1.034227410695994
TGCCAAAGTTGATTGC-1,0.9669917439623306
TGCCAAAGTTGCGCAC-1,1.0340963366033156
TGCCAAAGTTGTCTTT-1,1.046691564536055
TGCCAAATCAACCATG-1,1.0371334496066558
TGCCAAATCCACGTTC-1,0.9805787962151731
TGCCAAATCCCTCTTT-1,0.9595902710009141
TGCCCATAGAAAGTGG-1,1.0394318834993042
TGCCCATAGATAGGAG-1,1.041579295775701
TGCCCATAGATGCCAG-1,1.0379179349414474
TGCCCATAGCAATATG-1,0.9976151188795171
TGCCCATAGCCAGTAG-1,1.0105047382503376
TGCCCATAGGGCATGT-1,0.8844389602240527
TGCCCATAGTCATCCA-1,1.0314803704403677
TGCCCATAGTGCGATG-1,1.0393415113490223
TGCCCATCAAATACAG-1,1.0306501239039516
TGCCCATCAAGCTGGA-1,0.978410376978193
TGCCCATCAATCACAC-1,1.0407588075257685
TGCCCATCAATCCGAT-1,1.0101567630144466
TGCCCATCAATTCCTT-1,0.9872087965246786
TGCCCATCACCACCAG-1,1.0385118950163357
TGCCCATCAGGTCTCG-1,1.0390713058437144
TGCCCATCAGTGGAGT-1,0.9491721099937771
TGCCCATGTAAATGAC-1,0.9933374211881344
TGCCCATGTATTACCG-1,1.03621838889724
TGCCCATGTCGTCTTC-1,1.034845432918788
TGCCCATGTGGGTCAA-1,1.001430911752426
TGCCCATGTTACAGAA-1,0.9412473121690023
TGCCCATTCCTAGGGC-1,1.045636850582983
TGCCCATTCGCGATCG-1,0.9639181931711469
TGCCCATTCTCCGGTT-1,1.001158609795301
TGCCCATTCTCTTGAT-1,1.0425368162101043
TGCCCATTCTGAGTGT-1,0.9909006855630227
TGCCCATTCTGTCAAG-1,1.0468011219968782
TGCCCTAAGAGAGCTC-1,0.9234979350658613
TGCCCTAAGAGTGAGA-1,0.9901559118525382
TGCCCTAAGATCTGCT-1,1.0264357836429288
TGCCCTAAGCGATAGC-1,0.9039227619744478
TGCCCTAAGGCACATG-1,0.960344924724909
TGCCCTAAGGGAGTAA-1,1.0245241422097169
TGCCCTAAGTAATCCC-1,1.0397274787770363
TGCCCTACATCCAACA-1,1.0180016801630545
TGCCCTACATCTATGG-1,1.0486621109863135
TGCCCTAGTACTCAAC-1,0.9867966600231827
TGCCCTAGTATCTGCA-1,1.0384016844902078
TGCCCTAGTCCGTTAA-1,1.0431514192504636
TGCCCTAGTCGGCACT-1,0.9967168683734284
TGCCCTAGTGAAGGCT-1,1.0265330319519366
TGCCCTAGTGGCCCTA-1,1.0410421698105814
TGCCCTATCATCGGAT-1,1.0172027560754755
TGCCCTATCCGCTGTT-1,1.0465499216489373
TGCCCTATCCTGCCAT-1,1.0514081435641502
TGCCCTATCCTTGCCA-1,1.0418929900208764
TGCCCTATCTCGGACG-1,0.9899944562159674
TGCGCAGAGCGATTCT-1,1.0109111329701832
TGCGCAGAGGCATGGT-1,1.0088990449417732
TGCGCAGAGTAGGCCA-1,0.9750791890243727
TGCGCAGCACACCGAC-1,0.925746176731602
TGCGCAGCACATGGGA-1,1.0399862102141406
TGCGCAGCACCTGGTG-1,0.9846524755221394
TGCGCAGCACTAAGTC-1,1.0464119612636054
TGCGCAGCAGTATGCT-1,1.0279430310947841
TGCGCAGCAGTGAGTG-1,1.035856276351654
TGCGCAGCATAAGACA-1,1.0393317952761565
TGCGCAGCATCGGTTA-1,1.038726449604141
TGCGCAGGTAACGCGA-1,1.0414130091599836
TGCGCAGGTCTCATCC-1,0.8394319544465957
TGCGCAGGTGACTCAT-1,1.0455680444703708
TGCGCAGGTGAGGGTT-1,0.9536068711927789
TGCGCAGGTTACAGAA-1,1.0393375117476065
TGCGCAGTCACGACTA-1,1.0396011803042244
TGCGCAGTCCAAACAC-1,1.0377650089715411
TGCGCAGTCTGCAGTA-1,1.0424096064663892
TGCGGGTAGCTAAACA-1,0.9966621229665278
TGCGGGTAGGATGTAT-1,0.9510165390026117
TGCGGGTAGGCCATAG-1,1.0367628217676712
TGCGGGTAGGTAGCCA-1,0.9982087224294974
TGCGGGTAGGTGCTTT-1,0.9933181318706156
TGCGGGTAGTATGACA-1,1.006766424130484
TGCGGGTAGTTCGCGC-1,1.0429306541654577
TGCGGGTCAAACCTAC-1,1.0424942891449287
TGCGGGTCACACCGAC-1,1.0421597940149556
TGCGGGTCACATCCAA-1,1.0330277965816514
TGCGGGTCACCACGTG-1,1.0220672798985027
TGCGGGTCACCTCGGA-1,0.9769993205356255
TGCGGGTCAGAAGCAC-1,1.0250548105694786
TGCGGGTCAGCCTTTC-1,1.0510665232973717
TGCGGGTCAGGCGATA-1,0.9244188177403413
TGCGGGTCATAGAAAC-1,0.9338025549232247
TGCGGGTCATGCATGT-1,1.0374280822143553
TGCGGGTCATGTCGAT-1,1.0291342231612548
TGCGGGTCATTATCTC-1,1.0135845480394157
TGCGGGTCATTCGACA-1,0.9246911740602164
TGCGGGTGTTGCTCCT-1,1.0421515807766581
TGCGGGTTCAACTCTT-1,1.0499679877718484
TGCGGGTTCACCATAG-1,0.9996008158565344
TGCGGGTTCACTTCAT-1,1.0329232814387381
TGCGGGTTCGGATGTT-1,1.032619048789314
TGCGGGTTCGGCGCTA-1,1.0416287465948888
TGCGGGTTCTCATTCA-1,1.0080613431846785
TGCGGGTTCTGCCCTA-1,1.0270484451247683
TGCGTGGAGAGATGAG-1,1.0214135472901364
TGCGTGGAGCGTAGTG-1,1.0318964153956998
TGCGTGGAGGATGCGT-1,0.9978031689927095
TGCGTGGAGGCAATTA-1,1.040325657135033
TGCGTGGAGGCGTACA-1,1.0239746944319728
TGCGTGGAGTGAAGAG-1,0.9857261847906589
TGCGTGGAGTTAACGA-1,0.9938050957763918
TGCGTGGCAATGGTCT-1,1.043881213741386
TGCGTGGCAGACAGGT-1,0.9479237989362033
TGCGTGGCAGCTGTTA-1,0.9270292799591162
TGCGTGGGTACAGTTC-1,1.0056000056234788
TGCGTGGGTCATATGC-1,1.0422050136916838
TGCGTGGGTCCAGTGC-1,1.0413336784241494
TGCGTGGGTCTTGTCC-1,1.0338661077452767
TGCGTGGGTGTTGAGG-1,1.0228199733370191
TGCGTGGGTTCTGTTT-1,0.9726355725358746
TGCGTGGTCAATAAGG-1,1.0351837291964718
TGCGTGGTCACAATGC-1,0.9940340937488166
TGCGTGGTCCGATATG-1,1.0455037590008005
TGCGTGGTCTCGGACG-1,1.032190403217716
TGCGTGGTCTGTACGA-1,0.9922573115916111
TGCGTGGTCTGTCAAG-1,1.0446947296280653
TGCTACCAGAAGGCCT-1,1.0062648125998583
TGCTACCAGCCTATGT-1,1.0341056886471893
TGCTACCAGCTAACTC-1,1.033840429282361
TGCTACCAGGTGCTAG-1,1.0361841378787906
TGCTACCAGTGTTGAA-1,1.0488749909501065
TGCTACCAGTTGAGAT-1,1.0467004372681619
TGCTACCAGTTGTCGT-1,0.9857683790372094
TGCTACCCAAATTGCC-1,1.0170551851265655
TGCTACCCACACCGCA-1,1.0408886575178475
TGCTACCCACAGACAG-1,0.9867452271561671
TGCTACCCACATGACT-1,1.0425385144219164
TGCTACCCAGAAGCAC-1,1.0248084581690864
TGCTACCCATGATCCA-1,1.044439169014414
TGCTACCGTCTCTCGT-1,1.0498523912841031
TGCTACCGTTCGTGAT-1,1.0420029890940146
TGCTACCGTTTGTGTG-1,1.0380672372671729
TGCTACCTCAACTCTT-1,1.0044561224057595
TGCTACCTCACCACCT-1,1.0429989513401419
TGCTACCTCAGGCCCA-1,1.0389740444128157
TGCTACCTCAGGCGAA-1,1.0417917114254933
TGCTACCTCATCTGCC-1,1.038824198727826
TGCTACCTCCGTCATC-1,1.0107064175434142
TGCTACCTCGTAGGAG-1,1.0097109602890926
TGCTGCTAGACTCGGA-1,1.0190030740483007
TGCTGCTAGAGTACAT-1,1.0382518992265812
TGCTGCTAGCCACGCT-1,1.038411343196111
TGCTGCTAGGCAGTCA-1,1.031291882147494
TGCTGCTAGTGAAGTT-1,1.035175535027088
TGCTGCTCAATGGATA-1,0.9427600810516147
TGCTGCTCAGACAAAT-1,1.053545374453205
TGCTGCTCAGGATTGG-1,1.0190377610731314
TGCTGCTCATAAGACA-1,1.0317459268664395
TGCTGCTCATACAGCT-1,1.0162719011020382
TGCTGCTCATCCTAGA-1,0.9745713521395416
TGCTGCTGTCAACTGT-1,0.9731529878880895
TGCTGCTGTCCGAGTC-1,1.040307225448055
TGCTGCTGTGGTCTCG-1,1.0412128266811602
TGCTGCTGTTAAAGAC-1,1.0360462431236714
TGCTGCTTCACTCCTG-1,0.9934265674041158
TGCTGCTTCATCTGTT-1,1.043624648118072
TGCTGCTTCCACGTGG-1,0.9575926429680353
TGCTGCTTCCGAAGAG-1,1.0467635588398345
TGGACGCAGATCACGG-1,0.9183312972346588
TGGACGCAGCATGGCA-1,0.9873677684206248
TGGACGCAGCCAACAG-1,0.8470661881239991
TGGACGCAGGACAGCT-1,1.0404747863932866
TGGACGCAGGCCATAG-1,0.9813486601487428
TGGACGCCAACTGCTA-1,0.9784270569959137
TGGACGCCAAGCTGAG-1,1.0089513186112307
TGGACGCCACTAAGTC-1,1.0222327838328336
TGGACGCCATCCTAGA-1,1.0362117907646555
TGGACGCGTACTCGCG-1,0.9201771207469899
TGGACGCTCAACTCTT-1,0.9865448381414849
TGGACGCTCACGATGT-1,0.9606510867597092
TGGACGCTCCCTGACT-1,0.9978028296978516
TGGACGCTCTACCAGA-1,0.9521202441356666
TGGACGCTCTCTGCTG-1,1.0466069390544679
TGGCCAGAGAAACCGC-1,1.0437334839513326
TGGCCAGAGACGCAAC-1,1.0423229901380588
TGGCCAGAGACTAGGC-1,1.0460777019691663
TGGCCAGCAATGAATG-1,1.0488568642708171
TGGCCAGCACTGTTAG-1,1.026208203289764
TGGCCAGCAGACGCCT-1,1.0447208102447174
TGGCCAGCAGCGTTCG-1,0.9984334912546217
TGGCCAGCAGTTCCCT-1,0.9705565261206741
TGGCCAGCATCACAAC-1,1.0382191708672217
TGGCCAGCATCTATGG-1,1.0354353659333682
TGGCCAGGTCCATGAT-1,1.0420277171394945
TGGCCAGGTCCGAGTC-1,1.0486301237785016
TGGCCAGGTCCGTCAG-1,1.0155907103688726
TGGCCAGGTCGTCTTC-1,1.0066412691992837
TGGCCAGGTCTCTTTA-1,0.9836799186708942
TGGCCAGGTGCTCTTC-1,1.0000167430860458
TGGCCAGGTGTTGAGG-1,0.9999731454183234
TGGCCAGTCACCAGGC-1,0.9846180150136531
TGGCCAGTCACGACTA-1,1.044834584833718
TGGCCAGTCGGTCCGA-1,1.0437486013690094
TGGCGCAAGAAGAAGC-1,1.0339104794369463
TGGCGCAAGCGTCAAG-1,1.0461361600736678
TGGCGCAAGCGTTTAC-1,1.0224883297791378
TGGCGCAAGTGAAGTT-1,1.0461765005289358
TGGCGCACAAACCTAC-1,1.0394364750325036
TGGCGCACAAAGGTGC-1,0.9717023265397758
TGGCGCACACAGAGGT-1,1.0226002820019542
TGGCGCACACGGCTAC-1,1.0465083011525835
TGGCGCACACTCGACG-1,1.044071343687422
TGGCGCACAGCCTATA-1,0.9610229531531709
TGGCGCACAGCCTTTC-1,1.0442825810186778
TGGCGCACATGTAGTC-1,1.037748357942322
TGGCGCAGTAATAGCA-1,1.0143952000055672
TGGCGCAGTAATTGGA-1,1.0434563092283735
TGGCGCAGTCAAAGCG-1,1.0293392240306174
TGGCGCAGTCGAATCT-1,1.0388051420766362
TGGCGCAGTTGGTTTG-1,1.0312036746139814
TGGCGCAGTTTGCATG-1,1.0407003593455526
TGGCGCATCAATAAGG-1,0.9742479947369677
TGGCGCATCACCCGAG-1,0.8752101401983453
TGGCGCATCCCACTTG-1,1.031791182213933
TGGCGCATCCCTAACC-1,1.0477477951154144
TGGCGCATCCGCGCAA-1,1.0024009170261785
TGGCGCATCGCTAGCG-1,1.034191011094171
TGGCGCATCGTAGATC-1,1.0425630551672433
TGGCGCATCTGGCGAC-1,1.0199619393317991
TGGCTGGAGACCGGAT-1,1.0433624411758124
TGGCTGGAGATAGCAT-1,1.0420791372567793
TGGCTGGAGATGTGGC-1,1.004807974416392
TGGCTGGAGCGTGTCC-1,1.0026499326068827
TGGCTGGAGGATGGAA-1,0.978295227494925
TGGCTGGAGGTGCAAC-1,0.9509907718591366
TGGCTGGCAAGTCTAC-1,1.0467242120400164
TGGCTGGCAATAAGCA-1,0.9120132356675245
TGGCTGGCAGCTGTTA-1,1.0368088462140104
TGGCTGGCAGTATCTG-1,1.0384581015358079
TGGCTGGCAGTCGATT-1,1.002207737748782
TGGCTGGCATAAGACA-1,1.0378932186857064
TGGCTGGCATAGGATA-1,1.040051462456494
TGGCTGGCATGCAACT-1,1.0090635475560834
TGGCTGGGTAATCGTC-1,1.0476372372742178
TGGCTGGGTATTACCG-1,0.9590199998477402
TGGCTGGGTCAAACTC-1,1.0145180177299662
TGGCTGGGTCAACTGT-1,1.043596949453382
TGGCTGGGTCTGCAAT-1,1.0008353903574745
TGGCTGGGTCTTCAAG-1,1.0399202847352957
TGGCTGGTCAGAGCTT-1,0.9750048905950951
TGGCTGGTCAGCACAT-1,0.9882081216910795
TGGCTGGTCCGTAGGC-1,1.008387391215091
TGGGAAGAGAGGGCTT-1,1.0388269515148438
TGGGAAGAGATCCGAG-1,0.9855281217778932
TGGGAAGAGATGCGAC-1,1.0457362536075256
TGGGAAGAGCAATATG-1,1.0435066604775456
TGGGAAGAGCCACTAT-1,1.0451173067398516
TGGGAAGAGCGACGTA-1,0.9926187137431111
TGGGAAGAGGCAAAGA-1,1.031592477357355
TGGGAAGAGTTACGGG-1,1.0385167440941323
TGGGAAGCAACGATGG-1,1.037938061465491
TGGGAAGCAATCGAAA-1,1.0322475821851396
TGGGAAGCAATGTTGC-1,1.0393095892789772
TGGGAAGCACCGGAAA-1,1.0419118243176742
TGGGAAGCACGAGAGT-1,1.041779645013913
TGGGAAGCACGCATCG-1,1.0343688976842607
TGGGAAGCACTGTCGG-1,1.0286392821646853
TGGGAAGCATGCCACG-1,0.9946922468259612
TGGGAAGGTACGAAAT-1,1.044331424540019
TGGGAAGGTAGCTAAA-1,1.0400095786382575
TGGGAAGGTAGTAGTA-1,1.0097736046549854
TGGGAAGGTCAACTGT-1,1.0440874377950078
TGGGAAGGTCATACTG-1,1.0172035902542058
TGGGAAGGTCCGTCAG-1,1.0309625265832194
TGGGAAGGTTGACGTT-1,1.0440827038512492
TGGGAAGGTTTGTTGG-1,1.0416069852122045
TGGGAAGTCCACTCCA-1,1.0469899236674285
TGGGAAGTCCGCGCAA-1,1.0369373973694858
TGGGAAGTCCGTTGCT-1,1.0388424966488503
TGGGAAGTCGTAGGTT-1,1.0292711602572513
TGGGCGTAGCACCGCT-1,0.8493559791662095
TGGGCGTCAAGAAAGG-1,1.0340158707426366
TGGGCGTCATAGGATA-1,1.0468142679045356
TGGGCGTGTACTTGAC-1,1.0346078628880104
TGGGCGTGTCTCAACA-1,1.0466215397528835
TGGGCGTGTGTTGAGG-1,1.0448732772247384
TGGGCGTTCACAAACC-1,1.0274566305388466
TGGGCGTTCCAATGGT-1,1.0045007681163347
TGGGCGTTCCGTAGTA-1,1.0116387107107465
TGGGCGTTCTTAACCT-1,0.9839981611121651
TGGGCGTTCTTTAGTC-1,1.0478558398798508
TGGTTAGAGATGAGAG-1,1.041396392900252
TGGTTAGAGGCTCAGA-1,1.0218660269445023
TGGTTAGAGGTGCTAG-1,1.0373171653652256
TGGTTAGCAACGATGG-1,0.9929386981014426
TGGTTAGCAGCGATCC-1,1.0383675585131218
TGGTTAGCAGTAACGG-1,0.875196309154945
TGGTTAGCATAGACTC-1,0.9664474459855453
TGGTTAGCATATGAGA-1,1.0367957743899114
TGGTTAGGTAGCACGA-1,1.039257698629901
TGGTTAGGTCAGTGGA-1,1.0447090798921659
TGGTTAGGTCGGGTCT-1,1.0285832522001643
TGGTTAGGTTTCGCTC-1,1.0366182132343036
TGGTTAGTCAATAAGG-1,1.0443057610246216
TGGTTAGTCACGCGGT-1,1.007085100297513
TGGTTAGTCAGCTCGG-1,0.9913208804426269
TGGTTAGTCAGTGTTG-1,1.046418935557388
TGGTTAGTCATCTGTT-1,1.0357368263562043
TGGTTAGTCGGTGTCG-1,1.0250082341632512
TGGTTAGTCTGACCTC-1,0.983789229910429
TGGTTAGTCTGTACGA-1,1.038439511199052
TGGTTAGTCTTAGCCC-1,1.0363265687006473
TGGTTCCAGCAGATCG-1,1.0148178647947834
TGGTTCCAGGCAATTA-1,1.013514366224643
TGGTTCCAGGGCATGT-1,1.0216415806272494
TGGTTCCAGTTGAGTA-1,1.0423494498290664
TGGTTCCCAAATTGCC-1,0.9950913795398678
TGGTTCCCACAACGTT-1,1.0482324975044797
TGGTTCCCACATCTTT-1,1.0390624671807978
TGGTTCCCACGGCTAC-1,0.9970681396932098
TGGTTCCCAGACACTT-1,1.0380418355107681
TGGTTCCCAGTGGGAT-1,1.0440387107511049
TGGTTCCGTACCATCA-1,1.037107764263114
TGGTTCCGTATTCTCT-1,0.9963307588442993
TGGTTCCGTGGTACAG-1,0.7454207730169075
TGGTTCCGTGGTCTCG-1,1.010974344051304
TGGTTCCGTGTGGTTT-1,0.9954803748696264
TGGTTCCGTTAAAGAC-1,1.0400976587618438
TGGTTCCGTTGGTAAA-1,1.0457982147246914
TGGTTCCTCCCTCAGT-1,1.0163847492462112
TGGTTCCTCTACTCAT-1,1.0387661077292907
TGGTTCCTCTCGTATT-1,1.0080023400239007
TGGTTCCTCTCTAAGG-1,0.9576929194509938
TGTATTCAGACGCTTT-1,1.0190776620926665
TGTATTCAGCGATTCT-1,1.037799280863512
TGTATTCAGGACATTA-1,1.0323021565124255
TGTATTCAGGTCATCT-1,1.0458215477968709
TGTATTCCACAAGCCC-1,1.0415938633684092
TGTATTCCACATAACC-1,1.041325778515775
TGTATTCCACCGTTGG-1,1.0397434252105353
TGTATTCCACGACGAA-1,1.0237447876358496
TGTATTCCACGGTTTA-1,1.0412564964681659
TGTATTCCATTAACCG-1,1.0471429497821385
TGTATTCGTAGGGTAC-1,1.0108007755006043
TGTATTCGTATGCTTG-1,1.001692048952437
TGTATTCGTCTGCAAT-1,1.0389753766666943
TGTATTCGTCTTCTCG-1,1.0214808524314936
TGTATTCGTGGCAAAC-1,0.9995264083466082
TGTATTCGTTGAACTC-1,0.9895887883209423
TGTATTCTCAGCTCTC-1,1.037992597970078
TGTATTCTCCAAACAC-1,0.990546095794718
TGTATTCTCCAGATCA-1,1.0053909466320226
TGTATTCTCCATGAAC-1,0.9425929305132306
TGTATTCTCGAACGGA-1,1.0390665946575197
TGTATTCTCGCAAGCC-1,1.012296693281501
TGTATTCTCTGCGTAA-1,1.036101090976985
TGTATTCTCTGTCTCG-1,1.0400305428789076
TGTCCCAAGACTAGGC-1,1.036922139010522
TGTCCCAAGCCTTGAT-1,1.039196595697873
TGTCCCAAGGCAATTA-1,1.0140237570548145
TGTCCCAAGTGCGTGA-1,1.018128835714225
TGTCCCACAAGGTGTG-1,1.0398879674147294
TGTCCCACAGATCGGA-1,0.997413551671912
TGTCCCACAGGTCCAC-1,1.037952137097455
TGTCCCACATTGAGCT-1,0.9613197233141585
TGTCCCAGTAAGCACG-1,1.0454651211016157
TGTCCCAGTAGTACCT-1,0.9290011620094724
TGTCCCAGTCAACATC-1,0.996729143911459
TGTCCCAGTCAATACC-1,1.0416782962591982
TGTCCCAGTCCGACGT-1,0.9760431767535253
TGTCCCAGTCGAAAGC-1,1.0194514198553482
TGTCCCAGTCGACTAT-1,1.0455193700836505
TGTCCCAGTCTAGCCG-1,1.0449063848585751
TGTCCCAGTGAGCGAT-1,1.0359010937353386
TGTCCCAGTTGGGACA-1,1.0419359054244879
TGTCCCATCAGCTCTC-1,1.0374231936407097
TGTCCCATCCATGCTC-1,0.9656204702497164
TGTCCCATCGAACTGT-1,1.0210385823303199
TGTCCCATCGGATGTT-1,1.0420124729233506
TGTCCCATCTGGTGTA-1,1.037519847419947
TGTGGTAAGACAGAGA-1,0.998942200143599
TGTGGTAAGACTAGAT-1,1.039503712228076
TGTGGTAAGCCACTAT-1,1.0448505895125262
TGTGGTAAGGTTCCTA-1,0.9873329733223231
TGTGGTAAGTCCAGGA-1,1.0446396611791215
TGTGGTAAGTGCTGCC-1,0.9643472467589422
TGTGGTAAGTTTAGGA-1,1.0028518877529449
TGTGGTACAAACAACA-1,0.981571307583756
TGTGGTACAAGTCTAC-1,1.013582382694434
TGTGGTACACAGGCCT-1,1.0063309315994238
TGTGGTACACATCCGG-1,1.0133746918520037
TGTGGTACACTCTGTC-1,0.9870514624548039
TGTGGTACACTGAAGG-1,0.9562695159242063
TGTGGTACAGCCTTTC-1,1.0055568085648365
TGTGGTACAGCTGCAC-1,1.0395710856722729
TGTGGTACATTGAGCT-1,1.0518521238956224
TGTGGTAGTCAGTGGA-1,1.0475858363737274
TGTGGTAGTCCTGCTT-1,1.029523135272567
TGTGGTAGTGCCTGGT-1,0.9816292439201041
TGTGGTAGTGTCGCTG-1,0.9715514239666699
TGTGGTATCAAACCAC-1,1.01936010066243
TGTGGTATCACCCGAG-1,1.0307769854109219
TGTGGTATCACTTACT-1,1.0425354381745295
TGTGGTATCAGAAATG-1,1.0365401303399937
TGTGGTATCAGCTGGC-1,1.028219120773363
TGTGGTATCCCAAGTA-1,1.0099234534366133
TGTGTTTAGAAACGCC-1,1.0304335160295959
TGTGTTTAGAGAGCTC-1,0.9814095701918458
TGTGTTTAGCACGCCT-1,0.9760192803038985
TGTGTTTAGCCATCGC-1,1.0212085972234661
TGTGTTTCAAGGTTCT-1,0.9635396610010127
TGTGTTTCACATGTGT-1,0.9613379343667036
TGTGTTTCACGAGGTA-1,1.0035475976861177
TGTGTTTCATACTACG-1,1.038612072195101
TGTGTTTCATGAACCT-1,0.8806922873322492
TGTGTTTCATGCCCGA-1,0.9861386989392147
TGTGTTTCATGGGAAC-1,1.0421635189530225
TGTGTTTCATGTTCCC-1,1.0486998666575995
TGTGTTTGTAACGCGA-1,1.0239674713789466
TGTGTTTGTAGCTTGT-1,1.0220168918238015
TGTGTTTGTCCGTTAA-1,1.0211631464331519
TGTGTTTGTCCTAGCG-1,0.9334531039319032
TGTGTTTGTCGAAAGC-1,0.9775591702867487
TGTGTTTGTCGATTGT-1,0.9660150375338118
TGTGTTTGTGCCTTGG-1,0.959286867046574
TGTGTTTGTGTGAATA-1,1.0361168663099307
TGTGTTTTCAAACGGG-1,1.0433473657151613
TGTGTTTTCACGCGGT-1,1.0468238394088418
TGTGTTTTCGGTGTCG-1,1.0430681231118615
TGTGTTTTCGTCTGAA-1,1.022354584688594
TGTGTTTTCTATCCTA-1,1.0402586611218703
TGTTCCGAGAGTACAT-1,1.0381001246665094
TGTTCCGAGATCGGGT-1,1.043221806524728
TGTTCCGAGATCTGAA-1,1.0187820604337299
TGTTCCGAGCACCGTC-1,0.9809725118570435
TGTTCCGAGCTAGTGG-1,1.0083990946119075
TGTTCCGAGCTCTCGG-1,1.0070321557056614
TGTTCCGAGGATATAC-1,1.008792369299813
TGTTCCGAGGCAATTA-1,1.0222015023335174
TGTTCCGAGGGCTTCC-1,1.0402086901749625
TGTTCCGAGTGGTAGC-1,1.0345398638879946
TGTTCCGAGTGTCTCA-1,1.0444886598842908
TGTTCCGAGTTGCAGG-1,0.9842270222110485
TGTTCCGCACCTTGTC-1,1.0123008579065196
TGTTCCGCACGACTCG-1,1.0351606296593354
TGTTCCGCACGAGGTA-1,1.0417814267965269
TGTTCCGCACGGCCAT-1,1.0462000178455377
TGTTCCGCACTTAACG-1,0.9899708025442518
TGTTCCGCAGACGTAG-1,0.9348785795757919
TGTTCCGCAGAGCCAA-1,1.0230018861820063
TGTTCCGCAGGGAGAG-1,1.0020814130070481
TGTTCCGCAGGTTTCA-1,1.042128525247698
TGTTCCGCATCACAAC-1,1.042418035081634
TGTTCCGCATCCGTGG-1,0.9677122736341164
TGTTCCGCATCGTCGG-1,1.0121633894760735
TGTTCCGCATGTCCTC-1,1.0463482344455526
TGTTCCGCATGTCTCC-1,1.0354766247668914
TGTTCCGCATTGCGGC-1,1.0364917882419717
TGTTCCGGTCAGTGGA-1,1.047354857379167
TGTTCCGGTCGCCATG-1,0.9490892717725851
TGTTCCGGTGCATCTA-1,1.0343212886671092
TGTTCCGGTTGCTCCT-1,0.9803746877674522
TGTTCCGTCAACCAAC-1,1.0439808710165797
TGTTCCGTCAACGGGA-1,1.0385437428350752
TGTTCCGTCACAGTAC-1,0.9548143200421534
TGTTCCGTCAGTCAGT-1,0.9302310956485803
TGTTCCGTCTCCAGGG-1,1.0423969508458533
TGTTCCGTCTGCGACG-1,1.0348448327024908
TGTTCCGTCTTGTATC-1,1.0251646970041233
TTAACTCAGATGCCTT-1,1.003354348481063
TTAACTCAGGAGCGTT-1,1.039269074037641
TTAACTCCAAAGAATC-1,1.0489110739755054
TTAACTCCAAGACGTG-1,1.0401312532779332
TTAACTCCAAGCCCAC-1,0.9312609241904776
TTAACTCCAATCGAAA-1,1.007298551526104
TTAACTCCACGCATCG-1,1.0520163597986238
TTAACTCCAGGCGATA-1,1.0339862913656632
TTAACTCCAGGGCATA-1,1.0360236396620295
TTAACTCCAGTGACAG-1,0.9906465945041867
TTAACTCCAGTGGAGT-1,1.0090919929110913
TTAACTCGTAAGAGGA-1,0.9922916694364569
TTAACTCGTACCGTTA-1,1.042769218796067
TTAACTCGTCCGCTGA-1,1.0079316904531237
TTAACTCGTGAGGGTT-1,1.0482466507643835
TTAACTCGTGAGTGAC-1,1.0398978198757933
TTAACTCGTGTGAAAT-1,1.0410932995966793
TTAACTCGTGTGACCC-1,0.9901877684524564
TTAACTCGTGTGCCTG-1,0.9966624030531164
TTAACTCGTTATCCGA-1,0.8855704101116895
TTAACTCGTTATCGGT-1,1.0493215104917373
TTAACTCGTTCCTCCA-1,1.0296906492787077
TTAACTCTCATCGCTC-1,1.0346882017128414
TTAACTCTCCCAACGG-1,1.0449791898303826
TTAACTCTCCCTCAGT-1,1.0407550354757253
TTAACTCTCCGCGTTT-1,0.9745702586090094
TTAACTCTCCTAGTGA-1,0.9589087041011574
TTAACTCTCGTCCGTT-1,1.0203783128137014
TTAGGACAGAAGGACA-1,1.0465875872078463
TTAGGACAGATCCTGT-1,1.0286441286008798
TTAGGACAGCTAACTC-1,1.0391228340449628
TTAGGACAGTGAATTG-1,1.046889394285754
TTAGGACCACTATCTT-1,0.965471364669179
TTAGGACCAGACGTAG-1,1.0453378018377668
TTAGGACCATAGTAAG-1,1.0447478659386682
TTAGGACCATGCCCGA-1,1.0206022255006775
TTAGGACGTCTCTTTA-1,0.9814526565424907
TTAGGACGTTGGTAAA-1,1.0033917236491683
TTAGGACTCACCAGGC-1,0.9517363805936735
TTAGGACTCATGTGGT-1,0.9934925352480065
TTAGGACTCCGGGTGT-1,0.9982525862387326
TTAGGACTCGCCGTGA-1,1.0432738398881392
TTAGGACTCGTGTAGT-1,1.0254949483131823
TTAGGCAAGCCAGAAC-1,0.9917854487190211
TTAGGCAAGCGTAGTG-1,1.0489389371654667
TTAGGCAAGCTGAACG-1,1.0459414718020343
TTAGGCAAGGAGTCTG-1,1.0065398212311787
TTAGGCAAGGATGCGT-1,1.0513727437816212
TTAGGCACAATCGAAA-1,1.0416297680753652
TTAGGCACAGACACTT-1,1.007642497259748
TTAGGCAGTACCCAAT-1,1.0236934026402709
TTAGGCAGTCGGCATC-1,1.016721421323932
TTAGGCAGTGCAGACA-1,0.9644821554445256
TTAGGCAGTGTAATGA-1,0.9937550173541115
TTAGGCAGTGTTCGAT-1,1.0435376228073654
TTAGGCAGTTAGGGTG-1,1.0244980826307244
TTAGGCAGTTCCAACA-1,0.862174589306161
TTAGGCATCACGAAGG-1,1.043023835673558
TTAGGCATCACGCATA-1,0.9910494050597699
TTAGGCATCCGCGCAA-1,1.047070698807992
TTAGGCATCGATGAGG-1,1.0450909324529554
TTAGGCATCTCCAGGG-1,0.9984624203123063
TTAGGCATCTTGACGA-1,0.9873551085286405
TTAGTTCAGAGGGCTT-1,1.0389191880375994
TTAGTTCAGCCAACAG-1,1.025813582603591
TTAGTTCAGCTACCTA-1,0.9977369442298428
TTAGTTCAGGATGGAA-1,0.9741357072577317
TTAGTTCAGGGAAACA-1,1.041517786862327
TTAGTTCAGGTTCCTA-1,1.0036538544953986
TTAGTTCAGTCCCACG-1,1.0515382482444675
TTAGTTCAGTCGTTTG-1,0.9031614846744088
TTAGTTCAGTGAATTG-1,1.0453088158059929
TTAGTTCAGTGTACTC-1,1.0022226216649943
TTAGTTCCAGCGATCC-1,0.9754494429445787
TTAGTTCCAGCGTCCA-1,1.023213084352779
TTAGTTCCATCCCACT-1,0.9982970075898527
TTAGTTCCATCCGGGT-1,0.9514217049293577
TTAGTTCGTCTCAACA-1,1.0434078786137213
TTAGTTCGTCTTCAAG-1,0.9918170691478587
TTAGTTCTCCGCTGTT-1,1.0434859132815295
TTAGTTCTCCTATGTT-1,0.9813312880870292
TTAGTTCTCGCTGATA-1,1.0431355302509435
TTATGCTAGAAACCGC-1,1.0059296269759856
TTATGCTAGGAGTACC-1,1.0447838807658607
TTATGCTAGGTAAACT-1,0.9490175625666252
TTATGCTAGGTCGGAT-1,1.0071473361332788
TTATGCTAGTACGCCC-1,0.9687680671668321
TTATGCTCAAGCCCAC-1,1.0423807222053214
TTATGCTCACACCGAC-1,1.0447276401859429
TTATGCTCAGAAGCAC-1,1.0383354758628551
TTATGCTCATCACAAC-1,1.0373100100438033
TTATGCTGTATAATGG-1,1.0259748188739253
TTATGCTGTCTTTCAT-1,1.0344109592067896
TTATGCTGTTAAAGTG-1,1.024989148889248
TTATGCTTCAATCTCT-1,1.0433065192889288
TTATGCTTCTAGAGTC-1,1.0251500333131611
TTATGCTTCTCATTCA-1,1.0136062543733253
TTATGCTTCTCTTATG-1,1.0072265561763007
TTCCCAGAGAACTCGG-1,1.0090095798112853
TTCCCAGAGATATGGT-1,1.0317180553954868
TTCCCAGAGATTACCC-1,1.0438467044982003
TTCCCAGAGTGCCATT-1,1.0469781584330768
TTCCCAGCAACGCACC-1,1.0411400148227035
TTCCCAGCAAGTCATC-1,1.0100725535846025
TTCCCAGCAATCACAC-1,1.0120028257893807
TTCCCAGCACATGTGT-1,1.0452480588932986
TTCCCAGCACGAAACG-1,0.9656403135732643
TTCCCAGCAGCCAGAA-1,1.0382040941297819
TTCCCAGCAGCTGTAT-1,1.0443130306862805
TTCCCAGCAGGGAGAG-1,1.0427180576239488
TTCCCAGCATCCGCGA-1,1.0258167754026677
TTCCCAGCATTTCAGG-1,1.0499251342208822
TTCCCAGGTATTAGCC-1,1.0375738468493247
TTCCCAGGTCCTCCAT-1,1.0413972249562946
TTCCCAGGTCTAGCCG-1,0.9925099087697817
TTCCCAGGTCTGATCA-1,1.035510806819956
TTCCCAGGTTCCGTCT-1,1.0412683103028442
TTCCCAGTCCAGATCA-1,0.9476912374109877
TTCCCAGTCTCACATT-1,1.0431928701800828
TTCCCAGTCTTAGCCC-1,1.0420921196183572
TTCGAAGAGAAACGAG-1,0.956225723884693
TTCGAAGAGACAGACC-1,1.0420093636624754
TTCGAAGAGGAATGGA-1,0.9573238777849751
TTCGAAGAGTCGAGTG-1,1.046901604025326
TTCGAAGCAAAGGTGC-1,1.0040897650828982
TTCGAAGCATTGCGGC-1,1.0372483774855523
TTCGAAGGTAAGTTCC-1,0.9910435905142173
TTCGAAGGTAGGGTAC-1,1.0177686794834115
TTCGAAGGTCAACATC-1,0.9630717899267195
TTCGAAGGTGGACGAT-1,1.0469671939923215
TTCGAAGTCATGTAGC-1,1.0401239438386354
TTCGAAGTCCCTAACC-1,1.0494466516468353
TTCGAAGTCCTCGCAT-1,1.031493994099937
TTCGAAGTCTACTATC-1,1.0369781526790076
TTCGAAGTCTGACCTC-1,1.030088229466451
TTCGAAGTCTTCAACT-1,1.0068083134926098
TTCGGTCAGAACAACT-1,1.0439559544136892
TTCGGTCAGAGTAAGG-1,0.9380573835871503
TTCGGTCAGTGAAGTT-1,1.026498267268055
TTCGGTCAGTTCGCGC-1,1.045900207081813
TTCGGTCCACACGCTG-1,1.0414946924961763
TTCGGTCCACACTGCG-1,1.0171066187844031
TTCGGTCCACCCTATC-1,1.0072085419588566
TTCGGTCCATATACCG-1,1.0463558770535606
TTCGGTCGTACAAGTA-1,1.0034646042706297
TTCGGTCGTAGCTAAA-1,1.0145236414453644
TTCGGTCTCAAACCGT-1,1.0402463189363955
TTCGGTCTCAACCATG-1,1.0416858366608381
TTCGGTCTCACCCTCA-1,1.0428294811665109
TTCGGTCTCAGCTCGG-1,1.0405852701513256
TTCGGTCTCTTTCCTC-1,1.027051614979924
TTCTACAAGAACTGTA-1,1.0449030726348665
TTCTACAAGAGTAATC-1,1.0182655702415613
TTCTACAAGCTGCGAA-1,1.0159936573356618
TTCTACAAGCTGTTCA-1,1.0399156537052079
TTCTACAAGTCGTTTG-1,1.0040375411346572
TTCTACAAGTGTTTGC-1,0.9934996223377043
TTCTACACAAGAAGAG-1,0.9724931900980632
TTCTACACACTCTGTC-1,1.0333683242047629
TTCTACACAGGCTCAC-1,0.9419082519793532
TTCTACAGTAGGCATG-1,0.9723294611272223
TTCTACAGTATTCTCT-1,1.01014401354197
TTCTACAGTCTAAACC-1,1.0254645460239045
TTCTACAGTCTTCTCG-1,1.0428500230145563
TTCTACATCACATGCA-1,1.0033134417393885
TTCTACATCACCTCGT-1,1.013212360413343
TTCTACATCCGCAAGC-1,0.9720323861882736
TTCTACATCCGCATCT-1,1.017625838069616
TTCTCAAAGCCGTCGT-1,0.9476740575541218
TTCTCAAAGCGATCCC-1,1.0039568434762212
TTCTCAAAGCTTTGGT-1,1.0431476919948826
TTCTCAAAGGGTGTTG-1,1.0403840855433675
TTCTCAACAAGTAATG-1,1.0235008036827478
TTCTCAACAGGTGCCT-1,0.9637927810927672
TTCTCAACATGGATGG-1,1.0371926065732093
TTCTCAAGTAAGTGGC-1,1.0420025646650968
TTCTCAAGTAGAAAGG-1,1.0217207498137646
TTCTCAAGTATAGGGC-1,1.041582285290812
TTCTCAAGTCTAGCCG-1,1.0466757770218775
TTCTCAAGTGAAATCA-1,1.04533528767973
TTCTCAAGTTAAAGAC-1,0.9594821479399588
TTCTCAAGTTAGAACA-1,0.9952832747283161
TTCTCAAGTTAGTGGG-1,1.0426106689561239
TTCTCAAGTTCCACTC-1,1.0117510199124609
TTCTCAATCCTTAATC-1,0.9140585710685423
TTCTCCTAGACGCTTT-1,1.0404382339813092
TTCTCCTAGATATACG-1,1.004176793486165
TTCTCCTAGATGGGTC-1,0.9973921940846286
TTCTCCTAGCTAGCCC-1,0.9054061289281695
TTCTCCTAGCTTTGGT-1,1.0220853746435556
TTCTCCTAGGGCACTA-1,0.9863706554182354
TTCTCCTAGTTAAGTG-1,1.045012231986739
TTCTCCTCAAACCCAT-1,1.0118062476752343
TTCTCCTCAGGCTCAC-1,1.005857207450065
TTCTCCTCATAGTAAG-1,1.0309563770927714
TTCTCCTCATCCCATC-1,0.9845475664503043
TTCTCCTGTAAAGGAG-1,1.0469266887283224
TTCTCCTGTAGGCTGA-1,1.0056986540397301
TTCTCCTGTCAAAGAT-1,1.0415184276753138
TTCTCCTGTCACAAGG-1,1.0409010297692238
TTCTCCTGTCTGCGGT-1,1.0405519549360094
TTCTCCTGTTAAGACA-1,1.0366288654041425
TTCTCCTGTTACGTCA-1,1.0366488881865612
TTCTCCTTCAAGGCTT-1,0.9687235762991999
TTCTCCTTCATCATTC-1,1.019088580909399
TTCTCCTTCCCGACTT-1,0.9833535394459196
TTCTCCTTCGAATCCA-1,1.0026627777199968
TTCTCCTTCGACCAGC-1,1.037354087853582
TTCTCCTTCTGTCTCG-1,1.0353630893278543
TTCTCCTTCTTGCCGT-1,0.9081543853959092
TTCTTAGAGAGTCTGG-1,1.0408620629794076
TTCTTAGAGCCAGTAG-1,1.017550020563197
TTCTTAGAGGTACTCT-1,1.01302848089638
TTCTTAGAGTGTTAGA-1,0.996761291237695
TTCTTAGCAAAGCAAT-1,1.0411665225522746
TTCTTAGCAAAGGCGT-1,1.0313979781570435
TTCTTAGCAATAGCGG-1,0.8688784503585031
TTCTTAGCACGACGAA-1,1.0295005530274937
TTCTTAGCACGCGAAA-1,1.025778857343219
TTCTTAGCATCTACGA-1,1.045423090786641
TTCTTAGCATTACCTT-1,0.9326163400367488
TTCTTAGCATTTGCTT-1,0.9535176872669318
TTCTTAGGTAATCGTC-1,1.0359159649056982
TTCTTAGGTAGGCATG-1,1.0427670205739243
TTCTTAGGTATATGGA-1,1.0268202984204222
TTCTTAGGTATGCTTG-1,1.0008028942764962
TTCTTAGGTCTCGTTC-1,0.9600583805724856
TTCTTAGGTCTGGTCG-1,1.017174814451681
TTCTTAGGTGATAAGT-1,1.034421709836959
TTCTTAGTCACAGGCC-1,1.0372932756826019
TTCTTAGTCACCATAG-1,1.0169689140167493
TTCTTAGTCGAATGCT-1,1.009646888605073
TTCTTAGTCGCGCCAA-1,1.0375994582052759
TTCTTAGTCTACTCAT-1,1.0297303322291218
TTCTTAGTCTAGCACA-1,1.0290603539330914
TTCTTAGTCTCCAACC-1,1.034808508850632
TTCTTAGTCTGCAAGT-1,1.0432357995725456
TTGAACGAGAATGTGT-1,1.0481322777278803
TTGAACGAGCTGATAA-1,1.029595406224959
TTGAACGAGTGAACAT-1,1.0397937771884198
TTGAACGAGTGTTAGA-1,1.0353474752757337
TTGAACGAGTTAACGA-1,1.0250683829594993
TTGAACGAGTTGAGAT-1,0.9677647886240962
TTGAACGCAAGTTCTG-1,1.0434747218499072
TTGAACGCATTTCAGG-1,1.0096893985210644
TTGAACGGTAAGTTCC-1,0.9846870314023863
TTGAACGGTACGCACC-1,1.0479645432813025
TTGAACGGTCCCTACT-1,0.9984135496370954
TTGAACGGTCGCATAT-1,0.9673904147382766
TTGAACGGTGTGGCTC-1,0.9609521322263945
TTGAACGTCACAAACC-1,0.9720010988994092
TTGAACGTCTACGAGT-1,1.0372705965118965
TTGACTTAGAGGTAGA-1,0.9971489607379531
TTGACTTAGATATGGT-1,1.044801981351126
TTGACTTAGCGCCTCA-1,1.0389878275640492
TTGACTTAGCGTGAGT-1,1.0083719086000034
TTGACTTAGCGTTCCG-1,0.9718569368506609
TTGACTTAGGTGTTAA-1,0.9933222342232111
TTGACTTAGTCGTTTG-1,0.9900201278940082
TTGACTTAGTGGTAGC-1,1.0373635400408463
TTGACTTCAAGCGAGT-1,0.9759585424358957
TTGACTTCAATCTGCA-1,1.04745834241238
TTGACTTCAATGAATG-1,1.047344018509822
TTGACTTCACAACGTT-1,1.0417412588278396
TTGACTTCAGGATTGG-1,0.9781693065289131
TTGACTTGTAAGTGGC-1,0.9771569667985371
TTGACTTGTATAGGGC-1,1.036286066844185
TTGACTTGTGCCTGGT-1,1.046884608203254
TTGACTTGTGGTCTCG-1,1.0464522131169354
TTGACTTGTTATGCGT-1,1.0508391367845822
TTGACTTGTTTGTTTC-1,0.9654348237892868
TTGACTTTCACCCGAG-1,1.0332939710472901
TTGACTTTCAGCTGGC-1,1.0407424126246305
TTGACTTTCCCACTTG-1,1.0423654473540924
TTGACTTTCGTATCAG-1,1.03783383366344
TTGACTTTCTAGAGTC-1,1.0460639282271242
TTGACTTTCTCCCTGA-1,1.0382972630880951
TTGACTTTCTGCAGTA-1,0.9748202450079851
TTGCCGTAGAGCCTAG-1,1.0380201078476352
TTGCCGTAGATAGTCA-1,0.989550274670257
TTGCCGTAGCGCCTCA-1,1.0504183899139292
TTGCCGTAGCTACCTA-1,1.030313617241519
TTGCCGTAGGCAGTCA-1,0.9610971765261307
TTGCCGTAGTCAAGCG-1,1.0251758964945468
TTGCCGTGTGGTCCGT-1,1.0400168079998529
TTGCCGTGTTCGAATC-1,1.0438536157474503
TTGCCGTGTTCGTTGA-1,1.0445509484715283
TTGCCGTTCAGTTGAC-1,1.003787029266461
TTGCCGTTCGCTAGCG-1,1.0394775565142895
TTGCCGTTCTGATTCT-1,0.928181414197897
TTGCGTCAGATAGGAG-1,1.0334975281283918
TTGCGTCAGCTAACTC-1,1.0081835171836167
TTGCGTCAGCTGGAAC-1,0.990001696076656
TTGCGTCAGGACTGGT-1,1.0353017056295828
TTGCGTCAGGATCGCA-1,1.0388201806737556
TTGCGTCAGTCCGGTC-1,1.0256175502507634
TTGCGTCCAACACCTA-1,1.0110937484723541
TTGCGTCCAAGAGTCG-1,0.9957646096596865
TTGCGTCCACGAAAGC-1,1.0463840245338278
TTGCGTCCACGTCTCT-1,1.035625157503169
TTGCGTCCAGTGAGTG-1,1.0348078434034471
TTGCGTCCAGTGGGAT-1,0.9853965196633577
TTGCGTCCATGTTGAC-1,1.0324833008904526
TTGCGTCGTTGTTTGG-1,1.0396123163151878
TTGCGTCGTTTGCATG-1,1.038446908328256
TTGCGTCGTTTGTGTG-1,1.0357738835913306
TTGCGTCTCCCTCAGT-1,1.0021835445568363
TTGCGTCTCGCCTGAG-1,1.0377638018325637
TTGCGTCTCTCCAACC-1,1.0090671589119284
TTGGAACAGAATGTGT-1,1.029116523995244
TTGGAACAGCTGCGAA-1,1.0292573700003615
TTGGAACAGGTGATTA-1,0.9992434644276242
TTGGAACCAAGTCATC-1,0.9862090390912633
TTGGAACCACCATCCT-1,1.0434636973416032
TTGGAACCACCGATAT-1,1.0451628363202028
TTGGAACCACGCGAAA-1,1.045412152394821
TTGGAACCAGCAGTTT-1,1.0000044677512467
TTGGAACCATGAACCT-1,1.0448773305401544
TTGGAACCATGACGGA-1,1.0453367901926818
TTGGAACGTAAACCTC-1,1.017512465192744
TTGGAACGTAGAAAGG-1,1.019456651919796
TTGGAACGTCCGAGTC-1,1.04196806448195
TTGGAACGTCGCGGTT-1,1.0198884038185339
TTGGAACGTGGCGAAT-1,1.032448157971513
TTGGAACGTGGGTCAA-1,1.0457380010275477
TTGGAACGTGTCCTCT-1,1.0421716542735717
TTGGAACGTTAGATGA-1,1.0404933621032995
TTGGAACGTTGAACTC-1,0.9923194441227482
TTGGAACTCATGTGGT-1,0.9957474280257802
TTGGAACTCCGAAGAG-1,1.044151822844672
TTGGAACTCTCGTTTA-1,1.035698495068029
TTGGCAAAGAGTACAT-1,1.0065651816688637
TTGGCAAAGCCCAACC-1,1.019135002292998
TTGGCAAAGGATCGCA-1,1.0363537449283624
TTGGCAAAGGTGGGTT-1,0.9997439799950015
TTGGCAAAGTCATGCT-1,1.0242015881625273
TTGGCAACAAGGGTCA-1,1.0418777841832367
TTGGCAACATCTCCCA-1,1.0500920071475148
TTGGCAACATGTTCCC-1,1.0151297692301744
TTGGCAAGTAGAGTGC-1,1.047969681100075
TTGGCAAGTATAATGG-1,1.0011283762364933
TTGGCAAGTATTACCG-1,0.9701114369541661
TTGGCAAGTCGCGTGT-1,1.0129165921106165
TTGGCAAGTGGCAAAC-1,1.0418957856003124
TTGGCAATCAACGGCC-1,1.036511253123544
TTGGCAATCACCGGGT-1,1.044287507829436
TTGGCAATCAGCTTAG-1,1.0015237360048084
TTGGCAATCATACGGT-1,1.042739223786857
TTGGCAATCCACGTGG-1,1.03995340345045
TTGGCAATCCGCTGTT-1,0.9986427122060464
TTGTAGGAGAGCTATA-1,1.0154535896399768
TTGTAGGAGCGGATCA-1,1.0080311876660635
TTGTAGGAGCTCAACT-1,0.9662783720366224
TTGTAGGAGGCAGGTT-1,1.043862857552572
TTGTAGGAGTGTTGAA-1,1.0450426807667226
TTGTAGGCAACACGCC-1,1.0397307219450844
TTGTAGGCAAGTCTGT-1,1.0455215287709347
TTGTAGGCAATCCAAC-1,0.9788770099849551
TTGTAGGCACCACCAG-1,1.0206892593569183
TTGTAGGCACCCATGG-1,1.0403935595021263
TTGTAGGCATGGAATA-1,1.0301373141499093
TTGTAGGGTCAGAATA-1,0.9442753933162518
TTGTAGGGTCGCATAT-1,1.0364522356985268
TTGTAGGGTGTAAGTA-1,0.9742827924539735
TTGTAGGGTGTAATGA-1,1.038480663773773
TTGTAGGGTTACCGAT-1,1.046479734641575
TTGTAGGTCGAATCCA-1,1.0474096021938228
TTGTAGGTCTAACGGT-1,1.033050231731867
TTGTAGGTCTCTTATG-1,1.0400553951195777
TTGTAGGTCTGTACGA-1,1.0346443792775126
TTTACTGAGAAGGGTA-1,1.0416267955349516
TTTACTGAGAATTGTG-1,1.042553064643914
TTTACTGAGGAGTCTG-1,0.9700837059367751
TTTACTGAGGAGTTGC-1,1.039250858226549
TTTACTGAGGCCCTCA-1,1.0170165768781094
TTTACTGAGTACGTTC-1,1.0120057742787592
TTTACTGCAACGCACC-1,1.039810659442746
TTTACTGCAAGTAGTA-1,0.9860353019726712
TTTACTGCAATAGCAA-1,1.0423727507987999
TTTACTGCACCTCGTT-1,1.015502967420295
TTTACTGCACGTCTCT-1,1.042260059331111
TTTACTGCAGTAAGCG-1,1.0372408724215996
TTTACTGCAGTATCTG-1,1.0432425957857743
TTTACTGGTAAGGATT-1,0.9817966459582083
TTTACTGGTAATTGGA-1,1.0365632024640001
TTTACTGGTACACCGC-1,1.0327343466123815
TTTACTGGTACGCACC-1,1.0384401248512185
TTTACTGGTAGGGTAC-1,1.0398989345314975
TTTACTGTCAACCAAC-1,1.0231637843792645
TTTACTGTCAGCAACT-1,0.9748797716824936
TTTACTGTCAGGCGAA-1,0.9871657459544979
TTTACTGTCGGAGGTA-1,1.0397923180079855
TTTACTGTCTACGAGT-1,1.019756055637612
TTTACTGTCTCGATGA-1,1.0263557608627032
TTTACTGTCTGTGCAA-1,1.0351086568030217
TTTACTGTCTTAGCCC-1,0.9366204758399775
TTTATGCAGAAGGTGA-1,1.0372390431701242
TTTATGCAGACAAAGG-1,0.9380059100559902
TTTATGCAGAGGTACC-1,1.0469592922767923
TTTATGCAGCCCAATT-1,1.0425824291502133
TTTATGCAGCCGTCGT-1,1.0392930997136545
TTTATGCAGCTGATAA-1,1.0315513838600012
TTTATGCAGGCTCAGA-1,0.9754572637482332
TTTATGCAGGGTTTCT-1,1.0385275368414792
TTTATGCAGGTGTGGT-1,0.9551079036774223
TTTATGCAGTGAACGC-1,1.0450630471181521
TTTATGCAGTGGTAAT-1,1.036158496399119
TTTATGCCAAGTTCTG-1,1.0423651194948915
TTTATGCCACACATGT-1,1.0501093578990786
TTTATGCCAGCGTAAG-1,0.9987306304589486
TTTATGCGTAACGACG-1,1.034603920588461
TTTATGCGTACGCTGC-1,1.0172171572586106
TTTATGCGTAGAAGGA-1,1.0378301007662634
TTTATGCGTCCGTCAG-1,0.817938315406539
TTTATGCGTGTTCGAT-1,1.0317877684768222
TTTATGCGTTCGTGAT-1,1.0179990183765824
TTTATGCGTTCGTTGA-1,1.044166484399675
TTTATGCGTTTACTCT-1,1.0121768093647443
TTTATGCTCAATACCG-1,1.0418948974560145
TTTATGCTCACTATTC-1,1.0300935425165472
TTTATGCTCGCGTTTC-1,0.9913872633565449
TTTATGCTCTTGACGA-1,0.9979135308196402
TTTCCTCAGATGGGTC-1,1.002656241133294
TTTCCTCAGGCTCATT-1,1.0488727148838388
TTTCCTCAGGGAAACA-1,1.0337423955423326
TTTCCTCAGGGATACC-1,0.9520034700982796
TTTCCTCCAATGGTCT-1,0.990499034759001
TTTCCTCGTACCATCA-1,0.9648312811874561
TTTCCTCGTCAGAATA-1,0.9951878054676673
TTTCCTCGTCGACTGC-1,1.0155314383619676
TTTCCTCGTTACCAGT-1,0.9687026005658745
TTTCCTCTCATCGGAT-1,0.976391086450302
TTTCCTCTCATGCTCC-1,1.0305507194538808
TTTCCTCTCATGTAGC-1,0.9877953101494001
TTTCCTCTCCGAACGC-1,0.7453954573408567
TTTCCTCTCGCCTGAG-1,0.9656771845197099
TTTGCGCAGACTTTCG-1,1.048269577260414
TTTGCGCAGCCCAACC-1,0.8979781853433038
TTTGCGCAGCTTCGCG-1,1.0408083465241402
TTTGCGCAGGTAAACT-1,1.0397544675047883
TTTGCGCAGGTGCACA-1,0.9740521263154551
TTTGCGCAGTGGGTTG-1,1.0412901662796856
TTTGCGCAGTGTTTGC-1,1.0372117669451015
TTTGCGCCAAATACAG-1,1.0470312295338418
TTTGCGCCACAACGCC-1,1.005017918519208
TTTGCGCCACAAGTAA-1,1.0340542481197987
TTTGCGCCACAGATTC-1,0.99305994533157
TTTGCGCCACCAGGTC-1,1.0435373671869448
TTTGCGCCATGCTGGC-1,0.9860801365939348
TTTGCGCCATTGCGGC-1,1.041416866068434
TTTGCGCGTACAGACG-1,1.0399151280910182
TTTGCGCGTATCACCA-1,1.043570335000285
TTTGCGCGTCAGATAA-1,0.9647844570593443
TTTGCGCGTGTCTGAT-1,1.0401638970912812
TTTGCGCTCAGCGACC-1,1.0360514168978403
TTTGCGCTCGACAGCC-1,0.9484429873945819
TTTGCGCTCGCCTGTT-1,0.9891128611118984
TTTGCGCTCTCCAACC-1,1.0385270999846001
TTTGCGCTCTCTGAGA-1,1.0399833120132314
TTTGCGCTCTTAGCCC-1,1.0414173626763104
TTTGGTTAGAATGTTG-1,1.022726272552132
TTTGGTTAGCCGGTAA-1,1.0415296912060392
TTTGGTTAGGCATTGG-1,0.9954400900868671
TTTGGTTAGTCAAGGC-1,1.047587647173851
TTTGGTTAGTTAGCGG-1,1.0469322025441974
TTTGGTTCAAACCCAT-1,1.0335401196286542
TTTGGTTCAAATTGCC-1,1.0448276478766345
TTTGGTTCACAAGTAA-1,1.0047379528285272
TTTGGTTCAGGAACGT-1,1.026965416474207
TTTGGTTCAGTAACGG-1,1.0467043404937393
TTTGGTTCATCCTTGC-1,0.9889532140652703
TTTGGTTGTCGTTGTA-1,0.9890973913698309
TTTGGTTGTCTCTCGT-1,1.036235860809635
TTTGGTTGTCTTGTCC-1,1.0443546579976726
TTTGGTTGTGAGTGAC-1,1.0391266032170166
TTTGGTTGTGGTTTCA-1,1.0378560041636933
TTTGGTTGTTGCGCAC-1,1.0430107178117454
TTTGGTTTCACAGGCC-1,1.0426136354245295
TTTGGTTTCAGCATGT-1,0.9547897277398911
TTTGGTTTCCTACAGA-1,1.0437099392526767
TTTGGTTTCGTCACGG-1,1.0254315796363598
TTTGGTTTCTCCTATA-1,0.9596261545284807
TTTGGTTTCTTCCTTC-1,1.0366732537026015
TTTGTCAAGAATGTTG-1,0.9717491927928054
TTTGTCAAGCTCCTTC-1,0.9494218584884587
TTTGTCAAGGAGCGTT-1,1.0446113094128295
TTTGTCAAGGCATTGG-1,1.0093849658850118
TTTGTCAAGTGTTTGC-1,0.9547067381260486
TTTGTCACACCGTTGG-1,0.9934597672500456
TTTGTCACACGGCCAT-1,1.0064146254057682
TTTGTCACAGACGCCT-1,1.0278984635672184
TTTGTCACATCCTTGC-1,1.0271021439331482
TTTGTCACATGAGCGA-1,1.041936512981304
TTTGTCAGTAAGTGTA-1,1.0189993105220287
TTTGTCAGTAATCACC-1,1.0420283299380546
TTTGTCAGTAGCCTCG-1,1.0486596171904718
TTTGTCAGTCACAAGG-1,1.047308111411985
TTTGTCAGTCTCCATC-1,0.9650387099036583
TTTGTCAGTGTTCGAT-1,1.0248238825764606
TTTGTCATCCGGCACA-1,1.0388915974501542
TTTGTCATCCTTGCCA-1,1.0079410630438213
TTTGTCATCGTCCGTT-1,1.0378611014345822
TTTGTCATCTCAAGTG-1,1.0361265097674424
TTTGTCATCTCACATT-1,1.024831548115064
TTTGTCATCTCTTATG-1,0.956468438112469
AAACCTGAGCAGGTCA-1,1.0282380685869712
AAACCTGAGCTGAACG-1,1.0098136693054602
AAACCTGAGGCTAGGT-1,1.0305270979870964
AAACCTGAGTTGAGTA-1,0.9895791789204589
AAACCTGCACTCTGTC-1,0.9910921980237812
AAACCTGCATGCGCAC-1,1.0016689406277286
AAACCTGGTACGCACC-1,1.0362373431260858
AAACCTGGTCGACTAT-1,0.9903192351793041
AAACCTGGTGAAATCA-1,0.8352276735682506
AAACCTGGTGAACCTT-1,1.0048479547820823
AAACCTGTCACCGGGT-1,0.9833974073874115
AAACCTGTCACCTTAT-1,1.0285181493455016
AAACCTGTCCTTGACC-1,0.992100939850562
AAACGGGAGAAACCAT-1,0.9818567816945244
AAACGGGAGCTGATAA-1,0.8136528433506258
AAACGGGAGGAATGGA-1,1.0333155140694323
AAACGGGAGGGCACTA-1,0.9137002600586358
AAACGGGCAGTATAAG-1,0.849554345782831
AAACGGGCATGTTCCC-1,1.028566723555575
AAACGGGGTATTACCG-1,0.9215905330813651
AAACGGGGTGATGTCT-1,1.0398694798455275
AAACGGGTCCAAATGC-1,0.9460559769545799
AAAGATGAGAGGTTGC-1,1.0254617210807837
AAAGATGAGCTAGCCC-1,1.0293982873893694
AAAGATGAGCTAGGCA-1,1.0312539616884573
AAAGATGAGTCCGTAT-1,1.0279485154179242
AAAGATGAGTCGCCGT-1,1.0421669409348138
AAAGATGAGTGAACGC-1,1.0452734253915488
AAAGATGAGTGTCCCG-1,0.9656813578667937
AAAGATGCAGATTGCT-1,1.0238571510358114
AAAGATGCAGTATCTG-1,1.0124484571189523
AAAGATGGTCCCGACA-1,0.9537488039834098
AAAGATGGTCGGCATC-1,1.03195270420676
AAAGATGGTCTAGTCA-1,1.023672891875768
AAAGATGGTGCACTTA-1,0.9714507542544198
AAAGATGGTGTGGTTT-1,1.0290015117154077
AAAGATGGTTCACCTC-1,1.0301489119470368
AAAGATGGTTGTCGCG-1,0.9066601103282413
AAAGATGTCTATGTGG-1,0.9888785454748767
AAAGCAAAGAATTCCC-1,0.9994387417222695
AAAGCAAAGGGAACGG-1,1.0285553086681016
AAAGCAACACCAACCG-1,1.023022246917541
AAAGCAAGTCTCTCTG-1,1.0316226973180265
AAAGCAAGTGGGTATG-1,0.987920227713855
AAAGCAATCACGATGT-1,1.0280343990778902
AAAGCAATCCTGCTTG-1,1.0063986723198786
AAAGCAATCGTGACAT-1,0.9524894486939931
AAAGCAATCTGTCTCG-1,0.9778711009208545
AAAGTAGAGACAGACC-1,0.9854054598890319
AAAGTAGAGCTACCGC-1,1.047867887333766
AAAGTAGAGGGAGTAA-1,0.954991312297302
AAAGTAGAGTAACCCT-1,0.9785423297042978
AAAGTAGCAACCGCCA-1,1.004112671595577
AAAGTAGCACGACGAA-1,0.8826854999800937
AAAGTAGCATCCCACT-1,1.0312798529607081
AAAGTAGCATTAACCG-1,1.034294710375891
AAAGTAGCATTCACTT-1,0.9187482437500125
AAAGTAGCATTCTCAT-1,1.0408059458824694
AAAGTAGGTACAAGTA-1,1.0369701767736272
AAAGTAGGTCGCATCG-1,1.005860854952891
AAAGTAGGTCTAGTCA-1,1.0351401914023344
AAAGTAGGTGGCCCTA-1,1.0380168617013819
AAAGTAGTCATGTCCC-1,1.0347822190179095
AAAGTAGTCTGGGCCA-1,0.971232438490508
AAATGCCAGAGAGCTC-1,1.0456729933023499
AAATGCCAGATGCGAC-1,0.9816850413356151
AAATGCCAGCGTGAAC-1,1.025916286306805
AAATGCCAGGTTACCT-1,0.9570061105580376
AAATGCCCATGTAAGA-1,1.0377322767445125
AAATGCCCATTTCAGG-1,0.9537136792314279
AAATGCCGTAAGGGAA-1,1.031382998359337
AAATGCCGTACCAGTT-1,1.03535803792622
AAATGCCGTCCGAGTC-1,1.0376697788681573
AAATGCCTCCCATTTA-1,0.9466603148887418
AAATGCCTCGAACGGA-1,1.0048800789449157
AACACGTAGAAACCGC-1,0.986369140892334
AACACGTAGCGTAATA-1,1.0358531177078758
AACACGTAGCTAACAA-1,1.020830786125924
AACACGTCAAGCGAGT-1,1.0368872443478827
AACACGTCACTTACGA-1,0.9079774236442991
AACACGTGTCAGGACA-1,1.032834617206226
AACACGTGTCTAGGTT-1,1.036043698120442
AACACGTGTGGTGTAG-1,1.0455433722885594
AACACGTGTTAGATGA-1,1.0156431970216524
AACCATGAGCAACGGT-1,1.0175844212295029
AACCATGAGTCAATAG-1,1.0418328506004333
AACCATGAGTGGAGAA-1,1.0284361422846602
AACCATGCAATCTACG-1,1.029524010616072
AACCATGCACCATGTA-1,1.036077591620173
AACCATGCACGACTCG-1,1.0348080791065666
AACCATGCACTACAGT-1,1.0371729510287921
AACCATGCAGATGAGC-1,1.0245270665651227
AACCATGCAGCTCCGA-1,1.029476768559921
AACCATGGTCCTCCAT-1,1.0383187751917085
AACCATGGTCGGATCC-1,1.0318250544477239
AACCATGGTGCTTCTC-1,1.0260573421311578
AACCATGGTGTGGTTT-1,1.0391943199103695
AACCATGTCACATGCA-1,0.9186048142876323
AACCATGTCCATGCTC-1,0.9589211232371095
AACCATGTCTCCGGTT-1,1.0163417413589564
AACCGCGAGACTAAGT-1,1.0305455569659556
AACCGCGAGGTAGCTG-1,1.0268279699919591
AACCGCGCAAACCCAT-1,1.0311655658942125
AACCGCGCACGAAGCA-1,0.9682572868311293
AACCGCGCAGCTGCTG-1,1.0389429610343655
AACCGCGCAGCTGTGC-1,0.9190000184453189
AACCGCGGTCCGAACC-1,0.9974927075219764
AACCGCGGTTCCATGA-1,1.0195503528615877
AACCGCGTCACAATGC-1,1.0139080932193572
AACCGCGTCACCATAG-1,1.0299079881381399
AACCGCGTCCAAATGC-1,1.0294001720794015
AACCGCGTCCTGCTTG-1,1.0077220840609824
AACCGCGTCGGTCCGA-1,0.9646714896058114
AACGTTGCAATGTAAG-1,1.0392521674996726
AACGTTGCACAGGTTT-1,1.0387278899403485
AACGTTGCAGCTTAAC-1,0.9963621698984105
AACGTTGCATCGGAAG-1,0.9084344517806573
AACGTTGCATGAGCGA-1,0.9692308022523769
AACGTTGCATGCAACT-1,1.015233742546382
AACGTTGCATTATCTC-1,0.9773775808301748
AACGTTGGTAGATTAG-1,1.028867619200627
AACGTTGGTCATCCCT-1,1.0282637439669005
AACGTTGTCCACTCCA-1,0.9893447021328113
AACGTTGTCCAGTAGT-1,1.0414933359396044
AACTCAGAGATTACCC-1,1.0332509143779636
AACTCAGAGGATCGCA-1,0.9787356538000849
AACTCAGAGGGCATGT-1,1.0355210067085678
AACTCAGAGTTCGCGC-1,1.0118362958496345
AACTCAGCAATAGAGT-1,0.9854584885079272
AACTCAGCAATGAAAC-1,1.021363400163933
AACTCAGCATCACCCT-1,0.9370869860499254
AACTCAGGTGAGTGAC-1,1.0254342683857585
AACTCAGGTTCGTGAT-1,1.045435607879678
AACTCAGGTTTGACAC-1,0.9780252128814009
AACTCAGTCAATCTCT-1,1.0251809752993088
AACTCAGTCCATGCTC-1,0.9669582463200856
AACTCAGTCCGTAGTA-1,0.9732962891598159
AACTCAGTCGGCATCG-1,0.9665803218757592
AACTCAGTCTGTCCGT-1,0.9800820549086259
AACTCCCAGATATGCA-1,1.026568523719772
AACTCCCAGCGCTCCA-1,1.0304916852556316
AACTCCCAGCGGATCA-1,1.0329081810824932
AACTCCCAGTCCGGTC-1,0.9396396170781428
AACTCCCAGTGAAGAG-1,1.033670551677792
AACTCCCAGTGAAGTT-1,0.9792897723561483
AACTCCCCAGCCACCA-1,0.995205921071377
AACTCCCGTGCAGACA-1,0.9649077250060119
AACTCCCGTTCCACGG-1,1.0380187540639523
AACTCCCTCACGGTTA-1,1.0328388753696445
AACTCCCTCAGTTAGC-1,1.0406339307809305
AACTCCCTCTGCAGTA-1,0.9667827047330465
AACTCTTAGATGTCGG-1,1.000447204599975
AACTCTTAGCCACCTG-1,1.0149908765535431
AACTCTTAGCCCAACC-1,0.9036171350523314
AACTCTTAGCGAAGGG-1,1.0280682716871707
AACTCTTAGGTTCCTA-1,1.0280486104344568
AACTCTTCAAGACGTG-1,0.9999239919059397
AACTCTTCAAGCGAGT-1,1.0313589096893274
AACTCTTCAAGCTGAG-1,1.0437435318197192
AACTCTTCAATAGCGG-1,1.0264587769309366
AACTCTTCACACCGCA-1,1.0037974103901712
AACTCTTCACGCCAGT-1,1.016036246418464
AACTCTTCAGATCGGA-1,0.9942440047836095
AACTCTTCAGATGGCA-1,1.0081515681566953
AACTCTTCATCGTCGG-1,0.9622343286926885
AACTCTTCATTTGCCC-1,0.9760688960141539
AACTCTTGTAGCGCTC-1,1.024458116656745
AACTCTTGTATAGGGC-1,0.9749928385549356
AACTCTTGTTGTCGCG-1,0.919544711201264
AACTCTTGTTGTGGCC-1,1.0350053158768089
AACTCTTTCAGTCCCT-1,1.0338885853517572
AACTCTTTCCCTAATT-1,0.9282393253430073
AACTCTTTCGGCATCG-1,0.9886905346308124
AACTCTTTCGGCGCAT-1,1.0302275368730696
AACTCTTTCGTCCGTT-1,1.005580063646739
AACTCTTTCTAACGGT-1,1.0219616281116528
AACTGGTAGCTAACAA-1,0.9574878873445377
AACTGGTAGGCCGAAT-1,1.0087985517380351
AACTGGTAGGTTCCTA-1,1.0353723359289164
AACTGGTAGTGAACAT-1,0.9176519040700828
AACTGGTCACAGATTC-1,1.0305933861009304
AACTGGTCACCACCAG-1,0.9876337740115956
AACTGGTCACCTATCC-1,1.0332530379216602
AACTGGTCACGAAGCA-1,0.9802550187531821
AACTGGTCAGTAACGG-1,0.9691798277911063
AACTGGTGTAAGAGAG-1,1.0298826473765272
AACTGGTGTCTCTCGT-1,1.0041931956493089
AACTGGTGTGAAGGCT-1,0.919105109923097
AACTGGTGTGGCTCCA-1,1.0130521493757452
AACTGGTGTTCAACCA-1,1.0367156126679593
AACTGGTGTTGCCTCT-1,1.0369071710371083
AACTGGTTCACTTCAT-1,1.01939616373051
AACTGGTTCCAGAAGG-1,1.0372710688966262
AACTGGTTCGTGTAGT-1,1.0346589693802493
AACTGGTTCTACGAGT-1,1.0341478083824185
AACTTTCAGAGGGATA-1,1.0317604603008628
AACTTTCAGGAGTAGA-1,1.0406840723857156
AACTTTCAGGCCCGTT-1,0.9651971075354473
AACTTTCCAAGCTGAG-1,1.0301862668954727
AACTTTCCAATCTGCA-1,1.0387601300170937
AACTTTCCACGGTAGA-1,1.0370727194925946
AACTTTCCAGGCGATA-1,1.0397865164306002
AACTTTCGTAGAGCTG-1,1.027295982394318
AACTTTCGTCTAGCCG-1,0.955637108225003
AACTTTCGTGTGACGA-1,1.0168133466319675
AACTTTCGTTCCACAA-1,1.032233082604481
AACTTTCTCCGCGCAA-1,0.9951258777141536
AACTTTCTCGTTGCCT-1,1.0113584292698778
AAGACCTAGCCCTAAT-1,0.9367763945021249
AAGACCTAGGCAAAGA-1,0.9167800051921917
AAGACCTAGGGATGGG-1,1.0145345140393387
AAGACCTAGGTCGGAT-1,1.0238945718553853
AAGACCTCAAGAGGCT-1,1.0371966376944124
AAGACCTCACGCCAGT-1,1.0335473012192664
AAGACCTCATCGTCGG-1,0.9816399585320081
AAGACCTCATGCCCGA-1,0.9757262701849402
AAGACCTCATGGTCTA-1,1.0248151281392888
AAGACCTGTGAGCGAT-1,1.0504473691276202
AAGACCTGTGTGAAAT-1,1.0277343050514836
AAGACCTGTTCGCGAC-1,1.0284045543628777
AAGACCTGTTCGGCAC-1,1.0443813980536576
AAGACCTTCAGGCAAG-1,0.9859269603596263
AAGACCTTCATGCTCC-1,0.9823764581622919
AAGACCTTCCGCATCT-1,0.9736046299807963
AAGACCTTCCGTCAAA-1,0.9959025384910404
AAGACCTTCGTGGACC-1,1.0162115723684852
AAGCCGCAGGCGATAC-1,0.9506145929383863
AAGCCGCAGGCTAGAC-1,1.0291391862079176
AAGCCGCAGGTAGCCA-1,0.9072400675089567
AAGCCGCAGTCGCCGT-1,1.0016538660085574
AAGCCGCCAAGGACAC-1,1.0398383479354534
AAGCCGCCACAACTGT-1,1.0212922658275405
AAGCCGCCATATGGTC-1,1.0306553884441125
AAGCCGCCATTCTCAT-1,1.0162052780970154
AAGCCGCGTAATCGTC-1,1.032289008339804
AAGCCGCGTATATGGA-1,1.0318961898429926
AAGCCGCGTCCGAGTC-1,1.0009418533563441
AAGCCGCGTGCACCAC-1,0.9382778110062737
AAGCCGCGTGTTGGGA-1,0.9891269277516808
AAGCCGCTCCGCGGTA-1,1.0334230848561634
AAGGAGCAGCCAGGAT-1,0.9037134782924022
AAGGAGCAGCCAGTAG-1,1.0302607928546568
AAGGAGCAGGTCATCT-1,1.0238432157224213
AAGGAGCCAATAGCAA-1,0.996187097271064
AAGGAGCCACAGGCCT-1,0.9663851889265751
AAGGAGCCACGAGGTA-1,0.9812836581105621
AAGGAGCCATTTCAGG-1,0.9964216398202647
AAGGAGCGTGCTCTTC-1,0.986550184939077
AAGGAGCGTGTTGAGG-1,1.032262087986365
AAGGAGCTCACATACG-1,0.9912740180777385
AAGGAGCTCAGCATGT-1,0.9440163293633161
AAGGAGCTCATACGGT-1,0.9390750191212763
AAGGAGCTCCTTAATC-1,0.8859123820608881
AAGGCAGCAAGGACAC-1,1.0342185958927086
AAGGCAGCACATTTCT-1,1.001952522405265
AAGGCAGCACCATGTA-1,0.9837275537169025
AAGGCAGCACTTGGAT-1,0.9174593840746122
AAGGCAGCAGCCAGAA-1,0.9578751522772561
AAGGCAGCATCCTTGC-1,0.9331451708752143
AAGGCAGGTAGCCTCG-1,1.0238198837774104
AAGGCAGGTATGAAAC-1,0.9836253833839359
AAGGCAGGTGCGATAG-1,0.9717150752535288
AAGGCAGGTTAAGAAC-1,1.0453684148435922
AAGGCAGTCCGCATCT-1,1.0265271648346441
AAGGCAGTCCTTGGTC-1,0.8646464209169394
AAGGCAGTCGACCAGC-1,1.0276588681882934
AAGGCAGTCGCCCTTA-1,0.9679486023446312
AAGGCAGTCTTGCAAG-1,1.0294757037595754
AAGGTTCAGAGAGCTC-1,1.0297544385289796
AAGGTTCAGCCGCCTA-1,0.9922965170718401
AAGGTTCAGCGTGTCC-1,1.0336411842241675
AAGGTTCAGGCGTACA-1,0.8891318977923949
AAGGTTCCAAGCCCAC-1,1.0155214404204023
AAGGTTCCAAGCGTAG-1,1.040916941890783
AAGGTTCCATGTCGAT-1,1.0050482561627407
AAGGTTCGTCTCATCC-1,0.982043572310005
AAGGTTCTCTCCAGGG-1,1.0338052100064485
AAGGTTCTCTCGCATC-1,0.9530893183699239
AAGTCTGAGACGACGT-1,1.0405984494651526
AAGTCTGAGACTACAA-1,0.9739629141296479
AAGTCTGAGAGCTGGT-1,1.0269304290191243
AAGTCTGAGATGTCGG-1,1.030926623101586
AAGTCTGAGCAGCGTA-1,1.0340868971536086
AAGTCTGAGCTAAGAT-1,1.0273528718498908
AAGTCTGAGTTGTAGA-1,1.0388386678597856
AAGTCTGCACCTCGGA-1,1.0053920160617709
AAGTCTGCAGTCTTCC-1,1.0010334433741748
AAGTCTGCATGCTAGT-1,1.0293681402400752
AAGTCTGGTAATCGTC-1,1.0169429452110423
AAGTCTGGTACGAAAT-1,1.0370922209398117
AAGTCTGGTAGGAGTC-1,1.030537399172014
AAGTCTGGTCGGCTCA-1,1.0539437527158995
AAGTCTGGTTATCACG-1,0.8288304395684586
AAGTCTGTCCCGGATG-1,1.0370867624266116
AAGTCTGTCCCTTGCA-1,1.03426095225669
AAGTCTGTCCGCATAA-1,0.9889509661449057
AAGTCTGTCCTTTCGG-1,1.0440472651911377
AAGTCTGTCTAAGCCA-1,1.031062925752948
AAGTCTGTCTTTAGGG-1,0.9764095041036258
AATCCAGAGCTTTGGT-1,1.026390215229246
AATCCAGAGGAGTTTA-1,1.0275382142409144
AATCCAGAGGCTCATT-1,1.0321142686368308
AATCCAGAGGGATCTG-1,1.0330723058266806
AATCCAGAGTTGAGAT-1,0.9326721510367141
AATCCAGCAAATTGCC-1,0.994776356155968
AATCCAGCAATCAGAA-1,1.040973168144709
AATCCAGCAGGATCGA-1,1.0347900841690554
AATCCAGGTACCTACA-1,1.0397207241744442
AATCCAGGTCAGTGGA-1,1.0039721864216757
AATCCAGGTCATACTG-1,1.0301788582299654
AATCCAGTCCAGAGGA-1,0.8032725388148114
AATCCAGTCCTAAGTG-1,1.0440814456654801
AATCCAGTCCTTGCCA-1,0.9596940570314356
AATCCAGTCTGGTATG-1,0.9886763585114858
AATCGGTAGCGATGAC-1,1.0108101878310054
AATCGGTAGTGGAGAA-1,0.9804201760754421
AATCGGTCAAGGGTCA-1,0.9603496667295273
AATCGGTCACACCGCA-1,1.018980704005639
AATCGGTCATCGACGC-1,1.027729221954773
AATCGGTGTCATATCG-1,0.9450570367106423
AATCGGTGTCCGAACC-1,0.983636878623136
AATCGGTGTCGCGAAA-1,1.0087477135443919
AATCGGTGTGACTACT-1,1.028807595936444
AATCGGTTCACATGCA-1,0.9840354829372832
AATCGGTTCGTTTATC-1,1.0233107120070106
ACACCAAAGAGCTATA-1,1.0339022302386074
ACACCAAAGATGTGGC-1,1.0101721098429517
ACACCAAAGCTAGTTC-1,1.0407615029789214
ACACCAAAGGAGTCTG-1,1.0280940264901397
ACACCAAAGTAATCCC-1,0.9861207452847757
ACACCAACAAGGTTCT-1,1.0234827013374097
ACACCAACACAGACAG-1,0.9644167701638601
ACACCAACACAGCCCA-1,1.0254999996747738
ACACCAACACATAACC-1,1.0322263325099228
ACACCAACATCCTAGA-1,0.9904273043303108
ACACCAACATCGGTTA-1,0.982515446062315
ACACCAAGTAGGAGTC-1,0.9332878835925399
ACACCAAGTATTACCG-1,0.992055366054992
ACACCAAGTCCATGAT-1,1.0417614468637582
ACACCAAGTCCTAGCG-1,1.0376738467654434
ACACCAAGTGACAAAT-1,0.9855688373654702
ACACCAAGTTCACCTC-1,1.0293496381130318
ACACCAATCAGCTCGG-1,0.9837565782796376
ACACCAATCCCGGATG-1,1.0213762667725381
ACACCCTCAAAGGCGT-1,1.0010226335200527
ACACCCTCAATCCAAC-1,1.0320678496288884
ACACCCTCACGCATCG-1,1.0352413032891938
ACACCCTCACGTCAGC-1,0.9775074605339178
ACACCCTCAGCCAATT-1,1.0204537401459484
ACACCCTCATCCTTGC-1,1.0308227010481266
ACACCCTGTCTAGTGT-1,0.9424777511567564
ACACCCTGTGTAATGA-1,1.0333752135442282
ACACCCTTCCCTCTTT-1,1.036213427716997
ACACCCTTCGTAGATC-1,0.9271750563950847
ACACCCTTCTGGCGTG-1,1.0324206001355796
ACACCGGAGACGCAAC-1,1.0099848825995001
ACACCGGAGATCCTGT-1,0.9760500869634382
ACACCGGAGGATATAC-1,0.9730260692945241
ACACCGGAGGCAATTA-1,0.9641947579796698
ACACCGGAGGTTACCT-1,0.9445213534504343
ACACCGGCACCCATTC-1,0.9052101153084122
ACACCGGCACGGCCAT-1,1.0331879802114103
ACACCGGCAGGGTATG-1,1.0169235033295854
ACACCGGCATAGACTC-1,1.0344425496692462
ACACCGGCATGGATGG-1,1.0144286082174936
ACACCGGGTACAGACG-1,0.9091828043925567
ACACCGGGTACTCGCG-1,1.035759685306383
ACACCGGGTCTAAAGA-1,1.02924255689536
ACACCGGGTGAGGCTA-1,1.0440799066913045
ACACCGGGTGTATGGG-1,0.9589987959099985
ACACCGGTCATGGTCA-1,1.0284493819504468
ACACCGGTCTTTAGTC-1,1.0451077029770406
ACACTGAAGACTGGGT-1,1.034615729171539
ACACTGAAGAGGGATA-1,0.9326944910530376
ACACTGAAGCACAGGT-1,0.926526082209052
ACACTGAAGCCCGAAA-1,1.0409253482312224
ACACTGAAGTCCATAC-1,0.9719746972464932
ACACTGACAAGTCTGT-1,1.046967152357305
ACACTGACACCAGATT-1,1.0353001628626397
ACACTGACATTGGGCC-1,0.9257641558105506
ACACTGAGTAGGGACT-1,1.025174292660567
ACACTGAGTCCAAGTT-1,1.0280770889377324
ACACTGAGTGTCAATC-1,0.9725292944602032
ACACTGATCAACGGCC-1,1.010252021220814
ACACTGATCCCTAACC-1,0.8206115591247783
ACACTGATCGCTAGCG-1,0.9955188769181893
ACAGCCGAGAGCTGCA-1,1.0387458827114187
ACAGCCGAGATCACGG-1,1.047065843937493
ACAGCCGAGCGATATA-1,0.977016231828294
ACAGCCGAGTCACGCC-1,0.9750161909597205
ACAGCCGAGTGGTAGC-1,1.0474388603315978
ACAGCCGAGTGTTAGA-1,1.03543584764146
ACAGCCGCAGATTGCT-1,0.9540381362795476
ACAGCCGGTAAACCTC-1,0.9986817409944053
ACAGCCGGTAGCGCAA-1,0.9406096162018492
ACAGCCGGTAGGCTGA-1,0.9152060176841782
ACAGCCGTCCCTGACT-1,0.8728962641137322
ACAGCCGTCGGAGCAA-1,1.0231227317964586
ACAGCCGTCTGGTATG-1,1.0438511022149748
ACAGCCGTCTTGCCGT-1,1.0044309540870058
ACAGCTAAGACTAGAT-1,0.957051012486006
ACAGCTAAGATGCCAG-1,1.0335032727996047
ACAGCTAAGCAGCGTA-1,1.0357581874355093
ACAGCTACACACCGCA-1,0.9757666751761366
ACAGCTACACCCAGTG-1,0.981606751916716
ACAGCTACAGGCAGTA-1,1.0177568680973752
ACAGCTACATGAGCGA-1,0.9810855806542862
ACAGCTAGTCTGCCAG-1,0.9835153852580222
ACAGCTATCCCAGGTG-1,1.021156484462498
ACAGCTATCCGTCAAA-1,1.031178883808429
ACAGCTATCGACCAGC-1,1.02730434834344
ACAGCTATCGCGCCAA-1,1.0336812167718816
ACAGCTATCGGAAATA-1,1.0270336047190574
ACAGCTATCTTGAGAC-1,1.0297288569247274
ACATACGAGAATCTCC-1,1.0217932323823842
ACATACGAGATGGCGT-1,1.0333844211941212
ACATACGAGGCAATTA-1,1.025366989708051
ACATACGAGTGCAAGC-1,1.0312360609686808
ACATACGCAAGTAGTA-1,1.0053660215568119
ACATACGCAATCCAAC-1,1.0022348475974494
ACATACGCACAGCGTC-1,0.9899678954543374
ACATACGGTAAACCTC-1,0.9044490767795221
ACATACGGTACAGACG-1,1.0314879931115255
ACATACGGTACCGTAT-1,1.0274000278566677
ACATACGGTCGACTGC-1,1.038463701130387
ACATACGGTGTTGAGG-1,0.9697116238704492
ACATACGGTTCCACAA-1,1.0347634458393982
ACATACGTCAGCGATT-1,0.9857700123877476
ACATACGTCGGATGGA-1,1.0425153859519098
ACATCAGAGAGTAATC-1,0.985524777001132
ACATCAGAGCTGTTCA-1,0.9698127921724135
ACATCAGAGTACGCGA-1,1.0397939383578556
ACATCAGAGTACTTGC-1,0.9554296902842915
ACATCAGAGTTAACGA-1,1.0331626302536847
ACATCAGAGTTCGCAT-1,1.0419372822876618
ACATCAGCACCTGGTG-1,0.7955414932570505
ACATCAGCAGACTCGC-1,1.0200105200572136
ACATCAGCATACGCTA-1,0.9921916548544044
ACATCAGCATCCGTGG-1,1.041730116023456
ACATCAGGTCACCTAA-1,1.0238721232143708
ACATCAGGTCCTCCAT-1,0.9969709734296635
ACATCAGGTCGGATCC-1,1.027107328948032
ACATCAGGTGACGCCT-1,1.0200125074904727
ACATCAGGTGCCTGTG-1,0.981730230725405
ACATCAGTCCAGTATG-1,1.023728775731084
ACATCAGTCGCCGTGA-1,1.0352577662526954
ACATCAGTCGGTGTCG-1,1.0306070311937199
ACATCAGTCGTACGGC-1,1.0049680563798495
ACATCAGTCTCGTTTA-1,0.906565687198516
ACATGGTAGAGGTACC-1,1.0348774605070141
ACATGGTAGCTAAACA-1,0.9344424617132409
ACATGGTAGGGCTTCC-1,0.9663839355130707
ACATGGTAGGTGCTAG-1,1.029255926574238
ACATGGTAGTGTCCAT-1,1.027800405073804
ACATGGTCAAGCCGCT-1,0.9498835813457358
ACATGGTCACCACGTG-1,0.9823450509073419
ACATGGTCAGATCCAT-1,1.0303258922729746
ACATGGTCATCTCGCT-1,1.024345412874325
ACATGGTGTAAATGTG-1,1.0382009107800725
ACATGGTGTCATGCAT-1,1.0395913104882892
ACATGGTGTGAGGGAG-1,0.9930695214281273
ACATGGTTCAACGGCC-1,1.0031524183721305
ACATGGTTCTACCTGC-1,1.035718156509183
ACATGGTTCTATCGCC-1,0.9540581109881888
ACATGGTTCTCAAGTG-1,1.0006802130390344
ACATGGTTCTGATTCT-1,0.9948285945285967
ACCAGTAAGCGATGAC-1,0.9827672911992607
ACCAGTAAGTCGTACT-1,0.911298711008801
ACCAGTAAGTGTGGCA-1,0.9881068960231574
ACCAGTACAAATACAG-1,1.0194273534132108
ACCAGTACAGGTCCAC-1,0.903043923363099
ACCAGTACATACAGCT-1,1.0307289070995804
ACCAGTACATATACCG-1,1.0452982700772622
ACCAGTACATGGAATA-1,1.0091598456308946
ACCAGTAGTACCGTAT-1,1.0281326680002452
ACCAGTAGTATAGGGC-1,1.0303751573030135
ACCAGTAGTGAAAGAG-1,1.0179960117910476
ACCAGTAGTGTCCTCT-1,1.0235413794407524
ACCAGTAGTTACGTCA-1,1.0306442573678396
ACCAGTAGTTCCAACA-1,0.8979711412803241
ACCAGTAGTTCTCATT-1,0.9909976306038412
ACCAGTAGTTGTGGAG-1,1.0466300589344755
ACCAGTATCACATACG-1,1.036539536050952
ACCAGTATCGTGGGAA-1,0.9707666343069021
ACCAGTATCTATCCCG-1,1.0314602049163097
ACCCACTAGCACCGTC-1,1.043186087933037
ACCCACTAGGACAGAA-1,1.0393058438140343
ACCCACTAGGGTCGAT-1,1.0361820127409362
ACCCACTAGTAGTGCG-1,0.985577618865604
ACCCACTAGTCGATAA-1,0.7456562692296765
ACCCACTCACAGCCCA-1,0.9785576789230712
ACCCACTCACCAGGTC-1,0.9655979771573816
ACCCACTCAGTTAACC-1,0.9243147037579115
ACCCACTCATTGGGCC-1,1.0320416198312343
ACCCACTGTAAATACG-1,0.9680651062988331
ACCCACTGTAAGTTCC-1,1.0196547759175796
ACCCACTGTAATCGTC-1,1.0474371354928524
ACCCACTGTCGAAAGC-1,0.9473855126783061
ACCCACTTCCTCAATT-1,0.991772571730519
ACCCACTTCGGAAATA-1,0.9662444392983446
ACCCACTTCGGTGTCG-1,1.0307435527603979
ACCCACTTCTAGCACA-1,0.9846577061451204
ACCCACTTCTCGCATC-1,1.0465779567878348
ACCCACTTCTGGCGTG-1,1.029492387522834
ACCGTAAAGACGCACA-1,1.0312964343270532
ACCGTAAAGACGCTTT-1,1.0247016184030222
ACCGTAAAGAGACGAA-1,1.0110385875403167
ACCGTAAAGCAAATCA-1,1.0230420555079212
ACCGTAAAGGATGTAT-1,1.0363644989353487
ACCGTAAAGTGGTAAT-1,0.7528666459797063
ACCGTAACAAGGTTTC-1,0.9477077148320908
ACCGTAACACAACTGT-1,1.0252899088970646
ACCGTAACAGATGGGT-1,1.0263166693719585
ACCGTAACAGCTGCAC-1,0.9679743268556483
ACCGTAAGTACACCGC-1,0.9878312850265114
ACCGTAAGTAGCCTCG-1,1.0242336732077453
ACCGTAAGTAGGAGTC-1,1.040194182531371
ACCGTAAGTCAGAATA-1,1.0251185902414066
ACCGTAATCAATCACG-1,1.0321155797527193
ACCGTAATCAGCGACC-1,1.0103935175605487
ACCGTAATCTGGCGTG-1,0.9975340761025349
ACCTTTAAGATTACCC-1,1.0349477436325047
ACCTTTAAGGCCCTTG-1,0.9025791472172233
ACCTTTAAGTGGACGT-1,1.0066865514292427
ACCTTTACAAGCTGGA-1,1.0313490227955415
ACCTTTACAATCAGAA-1,0.9714548856751202
ACCTTTACAGCTGTGC-1,1.014731774827911
ACCTTTACATTCTTAC-1,1.0286955061654697
ACCTTTAGTCATCGGC-1,1.021935362357562
ACCTTTAGTCTACCTC-1,1.0174789397729338
ACCTTTAGTTATCCGA-1,1.0285025028752974
ACCTTTAGTTATGTGC-1,1.0267280255003204
ACCTTTATCACCCGAG-1,0.9761910449028856
ACCTTTATCTGTTTGT-1,0.971575243157361
ACGAGCCAGCGTGAGT-1,0.9472911089053669
ACGAGCCAGTGGGATC-1,0.9984716144010922
ACGAGCCCAAACCCAT-1,1.0244628036825392
ACGAGCCCAATAGCGG-1,1.010732933678561
ACGAGCCCACAGTCGC-1,1.0328832068985638
ACGAGCCCAGGGTATG-1,1.0078885107612632
ACGAGCCCATCAGTCA-1,1.0173585732969086
ACGAGCCCATGCAATC-1,0.9376354810298275
ACGAGCCCATGTTGAC-1,1.039225918898595
ACGAGCCGTAACGTTC-1,0.9950111055900398
ACGAGCCGTGATGTGG-1,0.993013420885895
ACGAGCCTCAAGAAGT-1,0.9411411223230871
ACGAGGAAGATATGGT-1,0.943574870417897
ACGAGGAAGATCGATA-1,0.9855148020889657
ACGAGGAAGCTGGAAC-1,1.0298851868934167
ACGAGGAAGGATGGAA-1,1.0012134092705702
ACGAGGAAGTGACTCT-1,1.017156299782686
ACGAGGACACAAGTAA-1,1.0152046702098327
ACGAGGAGTAACGTTC-1,0.96084263934418
ACGAGGAGTAAGAGAG-1,1.034764680965592
ACGAGGAGTCGAATCT-1,1.0326765524952894
ACGAGGAGTCTAACGT-1,1.0418383732140895
ACGAGGAGTGCAACGA-1,1.0272154956283308
ACGAGGATCAGCACAT-1,1.043273940515053
ACGAGGATCATAACCG-1,1.0395796408932498
ACGAGGATCCTATGTT-1,0.9242905349629558
ACGAGGATCTGGCGTG-1,0.9497907987961981
ACGAGGATCTTAACCT-1,1.0365987293118377
ACGATACAGAACTCGG-1,1.015696548018995
ACGATACAGAGTGACC-1,0.9732523908846016
ACGATACAGCTGTCTA-1,1.037473176325664
ACGATACAGTGAAGTT-1,1.015556411911218
ACGATACCAGCATGAG-1,1.0456236904476555
ACGATACCAGTCAGCC-1,1.0102501920618117
ACGATACGTCGTGGCT-1,0.9969899348707646
ACGATACGTCTCCACT-1,0.9230576413789519
ACGATACGTTCCCGAG-1,0.9245720012300584
ACGATACTCAGCGATT-1,1.0269477393126034
ACGATACTCAGTGCAT-1,1.0285878229229204
ACGATACTCCATGAGT-1,1.0315720074433914
ACGATACTCCGAATGT-1,1.0268631299775153
ACGATACTCTTGTCAT-1,0.9472474490306224
ACGATGTAGGACAGAA-1,0.8974037197622585
ACGATGTAGGCGCTCT-1,1.0303713938471568
ACGATGTAGTGCCATT-1,1.0343292830916184
ACGATGTAGTGTCCAT-1,0.9378966827636028
ACGATGTCAAGGTGTG-1,1.0100750816737651
ACGATGTCACATGTGT-1,1.0311681566838298
ACGATGTCACGGCGTT-1,1.0325694639149323
ACGATGTCAGCGTAAG-1,1.0324700451790418
ACGATGTCAGGAATGC-1,0.9696653687669681
ACGATGTCATCACAAC-1,0.9493396578972095
ACGATGTCATCGACGC-1,1.0255351183026804
ACGATGTGTATCAGTC-1,1.032279068104464
ACGATGTGTCACTGGC-1,0.9777766478184504
ACGATGTGTGAAAGAG-1,0.9733370199239835
ACGATGTGTTTGACAC-1,0.9852444060458853
ACGATGTTCAACTCTT-1,1.0402657144419065
ACGATGTTCGGCATCG-1,1.0403913557000553
ACGATGTTCGTTACGA-1,0.951745371276827
ACGCAGCAGTCCGTAT-1,1.039014294993206
ACGCAGCCAAGCGTAG-1,1.0397546813756624
ACGCAGCCACTCTGTC-1,1.0170936304285185
ACGCAGCCATCACGTA-1,1.0383333559828245
ACGCAGCCATTATCTC-1,1.019993118143232
ACGCAGCGTCCAACTA-1,1.0316845003795077
ACGCAGCGTGCACGAA-1,0.9602250193019634
ACGCAGCGTTACCAGT-1,1.0132903449679849
ACGCAGCTCAAACCAC-1,1.0407575598006074
ACGCAGCTCAGCCTAA-1,1.0336010216616407
ACGCCAGAGACAGAGA-1,0.979146626593881
ACGCCAGAGACTTTCG-1,1.0206208431771124
ACGCCAGAGAGGGCTT-1,1.029358116538051
ACGCCAGAGCTGCGAA-1,1.0101092128722757
ACGCCAGAGTATTGGA-1,1.0160851103012383
ACGCCAGAGTCGCCGT-1,1.020198975121146
ACGCCAGAGTGTACTC-1,0.9690014939613661
ACGCCAGCACCTCGTT-1,1.030622362626582
ACGCCAGCACGGTAGA-1,1.0269512352656929
ACGCCAGCACTTGGAT-1,0.9344257283755867
ACGCCAGCAGCTGGCT-1,1.0031720782495455
ACGCCAGCAGGATCGA-1,0.9896437239721896
ACGCCAGGTACGCACC-1,0.9445318899478757
ACGCCAGGTATTAGCC-1,1.0254786558538622
ACGCCAGGTGCCTTGG-1,0.9976035371246535
ACGCCAGGTTAAGACA-1,0.9107866733258245
ACGCCAGGTTGGGACA-1,1.0445288131003607
ACGCCAGGTTGTTTGG-1,1.0294229472678769
ACGCCAGTCAAACCAC-1,1.0441365781151453
ACGCCAGTCACAGTAC-1,0.9859491323151705
ACGCCAGTCACATAGC-1,1.0364962628403944
ACGCCGAAGAGACTTA-1,1.0217863865480898
ACGCCGAAGCAAATCA-1,0.963510010090977
ACGCCGAAGCGTGTCC-1,1.0379898988062675
ACGCCGAAGGATATAC-1,1.0269390153624711
ACGCCGAAGGATGTAT-1,1.023359783621101
ACGCCGACAAGACGTG-1,0.9542197659804357
ACGCCGACATCGTCGG-1,1.0309153115761316
ACGCCGAGTACTTAGC-1,1.036897437479502
ACGCCGAGTCCGACGT-1,0.9705219245549735
ACGCCGAGTGTGCGTC-1,1.0338726745772409
ACGCCGAGTTGCCTCT-1,1.0397624967198709
ACGCCGATCACAGTAC-1,1.0332419226923766
ACGCCGATCCACTCCA-1,1.031770865343628
ACGCCGATCCGTACAA-1,1.0016136719328002
ACGCCGATCGGAATCT-1,0.9663326131223325
ACGCCGATCGGCTTGG-1,1.0037178690193869
ACGCCGATCGTGTAGT-1,1.0365782213690193
ACGCCGATCGTTTGCC-1,1.013462754766646
ACGCCGATCTTCGGTC-1,1.0279467540701968
ACGGAGAAGGAATTAC-1,1.0155660821739783
ACGGAGAAGTACGATA-1,1.0265557286677391
ACGGAGAAGTGATCGG-1,1.0345846084987695
ACGGAGAAGTGGTAAT-1,1.0331433244998829
ACGGAGACACCACCAG-1,1.0016605801753136
ACGGAGACACCCTATC-1,0.9830990560905651
ACGGAGACACCTGGTG-1,0.9617405156473895
ACGGAGACAGGGTACA-1,1.0396542105433142
ACGGAGACATAGTAAG-1,1.0379069200263609
ACGGAGAGTAAGCACG-1,0.9598301468515931
ACGGAGAGTATAATGG-1,1.0353344580187527
ACGGAGAGTGAGCGAT-1,1.0231354773877694
ACGGAGAGTTACGACT-1,1.0302823223579307
ACGGAGAGTTCGTGAT-1,0.9540625080920576
ACGGAGATCAACACGT-1,1.0454561036696848
ACGGAGATCAACCATG-1,1.0320069566675343
ACGGAGATCAACGCTA-1,1.019294224536766
ACGGAGATCTGGTTCC-1,1.0148266907035255
ACGGCCAAGAGTCTGG-1,1.0369292071447316
ACGGCCAAGCAGACTG-1,0.9750217033735763
ACGGCCAAGCTCCTCT-1,1.022421354141714
ACGGCCAAGGCTCAGA-1,0.9968180323178552
ACGGCCAAGTACCGGA-1,1.039332674642941
ACGGCCAAGTTCGCAT-1,0.954307071263707
ACGGCCACAATTCCTT-1,1.0328514777806763
ACGGCCACACGACTCG-1,0.9570221739141144
ACGGCCACAGGCTCAC-1,1.0291813744922347
ACGGCCACAGGGTACA-1,0.9606681201269089
ACGGCCACATCAGTAC-1,1.0168777311047783
ACGGCCAGTGTGGCTC-1,1.0325484363688067
ACGGCCAGTTGATTGC-1,1.0336742582576046
ACGGCCATCAACACGT-1,1.0326982467313885
ACGGCCATCCTCGCAT-1,0.9866815463566647
ACGGCCATCGTGGACC-1,1.0188794987848557
ACGGCCATCTTCCTTC-1,1.0407547217396504
ACGGGCTAGGACAGAA-1,0.9206806569961578
ACGGGCTAGTCGTTTG-1,0.9291186859287993
ACGGGCTAGTGTTAGA-1,0.9907115480694134
ACGGGCTCAAGAAAGG-1,1.0080649005552285
ACGGGCTGTACACCGC-1,1.0289804885611127
ACGGGCTGTATCGCAT-1,1.026357184783321
ACGGGCTGTCCTCTTG-1,1.0324234297434796
ACGGGCTGTCTGATCA-1,0.8514838736313722
ACGGGCTTCACTCCTG-1,1.0348097941143757
ACGGGCTTCTAAGCCA-1,1.0304448077090382
ACGGGCTTCTTGCATT-1,0.9560686134660765
ACGGGTCAGAGTCGGT-1,0.9118167454844451
ACGGGTCAGCGAAGGG-1,0.9360781082745424
ACGGGTCAGGCCATAG-1,1.0402556271999501
ACGGGTCAGTGTCCCG-1,0.9944648231511067
ACGGGTCCACAAGCCC-1,1.0218876026256074
ACGGGTCCACCAGGTC-1,1.0177639050175447
ACGGGTCCAGGGAGAG-1,1.0197014309005759
ACGGGTCCATATACGC-1,1.033910848289368
ACGGGTCCATGTCGAT-1,1.0375759686221449
ACGGGTCGTAATAGCA-1,1.0031201609684341
ACGGGTCGTGTCCTCT-1,0.9188155211725495
ACGGGTCGTTCTGGTA-1,1.0092231565727867
ACGGGTCTCAACCATG-1,1.0171684812628867
ACGGGTCTCACCGTAA-1,1.0019270944103784
ACGGGTCTCCTTTCGG-1,0.9250362957705697
ACGGGTCTCGTCCGTT-1,0.9142316263086601
ACGGGTCTCTGGAGCC-1,0.9480152552392931
ACGGGTCTCTTAGAGC-1,0.8355897185446383
ACGTCAAAGTCGTACT-1,1.0236495793296494
ACGTCAAAGTGACTCT-1,0.9969562232122533
ACGTCAAAGTGTACTC-1,0.9240247731626622
ACGTCAAAGTTCGATC-1,1.0344591701673809
ACGTCAACAACTGGCC-1,0.9857443486700375
ACGTCAACAATAAGCA-1,1.0383473191977424
ACGTCAACACCACCAG-1,1.0131754855154576
ACGTCAACAGATCTGT-1,1.0243188457705437
ACGTCAACAGGCAGTA-1,1.0398653284848445
ACGTCAAGTACCGTAT-1,0.9482019280193021
ACGTCAAGTATATCCG-1,1.004364764525641
ACGTCAATCACTTCAT-1,1.0199574287429003
ACGTCAATCAGGATCT-1,1.0358265428015772
ACGTCAATCCTCATTA-1,1.0350383795433593
ACTATCTAGAGACGAA-1,1.0425047898337318
ACTATCTAGCAACGGT-1,1.031304974633289
ACTATCTAGTGCCATT-1,1.04565908089596
ACTATCTCAAGTAATG-1,0.9011269335021582
ACTATCTCAGATCTGT-1,1.0064878647598128
ACTATCTCATCACAAC-1,1.0370886756845403
ACTATCTGTACGACCC-1,0.9451788811322749
ACTATCTGTGTGCCTG-1,0.9640294808736491
ACTATCTTCGGCGGTT-1,1.0204211844225226
ACTGAACAGATTACCC-1,1.0296148980371078
ACTGAACAGCACCGCT-1,1.0259064708887706
ACTGAACAGCTACCTA-1,1.023507623569577
ACTGAACAGGCTAGCA-1,1.0245348958865423
ACTGAACAGGGTGTGT-1,1.0303297664740405
ACTGAACAGTGATCGG-1,1.0283414108234628
ACTGAACAGTGTGAAT-1,0.938746667369859
ACTGAACCAATGAATG-1,1.0278524727581528
ACTGAACCACCAGGTC-1,1.0397985057640964
ACTGAACCACGGCGTT-1,1.0092438598412345
ACTGAACCATTCTTAC-1,0.9857642763061848
ACTGAACGTAGCACGA-1,1.0374477728951046
ACTGAACGTCTAAAGA-1,1.0266808156320875
ACTGAACGTCTGGAGA-1,0.9681037428369808
ACTGAACGTGTTCGAT-1,0.809798406701227
ACTGAACGTTCCGTCT-1,1.035604343158316
ACTGAACTCAACACAC-1,0.9905094244397888
ACTGAACTCATATCGG-1,1.0113129444299827
ACTGAACTCTTGTATC-1,1.0065165004100272
ACTGAGTAGCGGATCA-1,0.9759959972248106
ACTGAGTAGTACGATA-1,0.9432125410630249
ACTGAGTCAGATGAGC-1,0.9410133283097514
ACTGAGTCATATGAGA-1,1.033603728340163
ACTGAGTGTAAATGAC-1,0.9421260312552482
ACTGAGTGTGCCTGCA-1,1.0296625752071686
ACTGAGTGTTCACGGC-1,1.031231694186154
ACTGAGTGTTTAGGAA-1,1.0318852601614585
ACTGAGTTCAAGGTAA-1,1.0218644926248581
ACTGAGTTCAATCTCT-1,1.0372091678045103
ACTGAGTTCGAATGCT-1,1.0253920485916763
ACTGATGAGGAGTAGA-1,1.0268846696811542
ACTGATGCAATCCAAC-1,0.9743524316076434
ACTGATGCAGCTCGAC-1,1.0304590936609304
ACTGATGCAGGTGCCT-1,0.9153400786616994
ACTGATGCATCCGTGG-1,0.892607126552549
ACTGATGGTACCTACA-1,1.0394633321871374
ACTGATGGTCGCGGTT-1,0.9935964750494268
ACTGATGGTGCTGTAT-1,1.0344539790262686
ACTGATGGTGGTACAG-1,1.0266325079091507
ACTGATGTCACATAGC-1,1.031029740302657
ACTGATGTCTTACCGC-1,1.018528335530329
ACTGCTCAGATAGCAT-1,1.0219459726923503
ACTGCTCAGCTACCTA-1,0.9773323423034891
ACTGCTCAGCTGTTCA-1,1.0495833444465306
ACTGCTCAGGCCCTCA-1,1.0379597064829067
ACTGCTCAGGGATGGG-1,1.013506132634551
ACTGCTCAGTAGGCCA-1,1.0259705282447595
ACTGCTCAGTGAACGC-1,0.9883970691384871
ACTGCTCAGTGTCCCG-1,1.0300596563984397
ACTGCTCAGTGTGAAT-1,1.010790075953884
ACTGCTCCACAGACTT-1,1.014315651021597
ACTGCTCCACGCCAGT-1,0.9828696994477213
ACTGCTCCACTTAACG-1,0.9439568475668101
ACTGCTCCAGTATGCT-1,1.0313105772848696
ACTGCTCCATTGCGGC-1,1.0236525870259037
ACTGCTCGTAAGCACG-1,1.0083820212801995
ACTGCTCGTACCGCTG-1,0.9793572050315928
ACTGCTCGTCTCCATC-1,0.98520559983638
ACTGCTCGTGGGTATG-1,1.0223900414865448
ACTGCTCGTTAAAGTG-1,1.0232791741640066
ACTGCTCTCATGTCCC-1,1.0229029610605156
ACTGCTCTCCCTAATT-1,1.0385991379649457
ACTGCTCTCCGCGTTT-1,1.03243958507684
ACTGCTCTCCTGCCAT-1,1.0337959432297865
ACTGCTCTCGCATGGC-1,0.8943712999297715
ACTGCTCTCGCCGTGA-1,1.03861764369503
ACTGTCCAGACCTAGG-1,1.032703570313207
ACTGTCCAGCTCAACT-1,0.9699719566332742
ACTGTCCAGTCCGGTC-1,0.9663559509640381
ACTGTCCCACACATGT-1,1.0199326575491932
ACTGTCCCAGGCTCAC-1,0.9113394249637113
ACTGTCCTCCACTGGG-1,1.0240201210874826
ACTGTCCTCCATTCTA-1,0.8971173840959801
ACTGTCCTCTATGTGG-1,1.0079541479206249
ACTTACTAGAAGGGTA-1,0.9079767560618215
ACTTACTAGATCGGGT-1,1.0318031140172768
ACTTACTAGCTGTCTA-1,1.0392799837563287
ACTTACTAGTTACGGG-1,0.8184211880613329
ACTTACTAGTTGTCGT-1,0.8887202458108626
ACTTACTCAATGAATG-1,0.8990168485875106
ACTTACTCACGGCCAT-1,1.0220245972677369
ACTTACTCAGAAGCAC-1,1.0340674791352333
ACTTACTCATGCCCGA-1,1.0351568097565762
ACTTACTCATGTAAGA-1,0.9212843500464919
ACTTACTCATTGTGCA-1,1.0345496949989281
ACTTACTGTAGCGTCC-1,0.87117874504675
ACTTACTGTCTTGATG-1,0.954981066542836
ACTTACTGTGCGCTTG-1,1.0299381455580563
ACTTACTGTTCGTCTC-1,0.9766952880660033
ACTTACTTCAGCAACT-1,1.0045258780403261
ACTTACTTCATTTGGG-1,1.020300135255124
ACTTACTTCCAGTATG-1,1.0342116145494793
ACTTACTTCCGCATCT-1,0.922329264799403
ACTTACTTCCTGTAGA-1,0.9997501196817002
ACTTACTTCCTTAATC-1,1.036458533190151
ACTTACTTCTGCCCTA-1,0.9145018029943354
ACTTGTTAGACCCACC-1,1.033613624660668
ACTTGTTAGCACGCCT-1,1.0306513216921043
ACTTGTTAGCCAGGAT-1,0.9523822776295096
ACTTGTTAGCCCTAAT-1,0.9742709542411938
ACTTGTTAGCCTCGTG-1,0.990101475215023
ACTTGTTAGCTAGGCA-1,1.0144684644652315
ACTTGTTAGTGTCCAT-1,0.9403700125765109
ACTTGTTCAATCTGCA-1,1.0407403892734302
ACTTGTTCATACGCTA-1,1.0179270645672551
ACTTGTTCATGCCACG-1,1.026609092707766
ACTTGTTGTAAGCACG-1,1.032193421616503
ACTTGTTGTCGGCTCA-1,0.9557320149816056
ACTTGTTGTCTCAACA-1,1.0474343207115338
ACTTGTTGTCTGATCA-1,1.032912328419946
ACTTGTTGTGATGTCT-1,1.0353373274647073
ACTTGTTGTGCAGTAG-1,1.0259905921912877
ACTTGTTTCAGAGCTT-1,1.0340799633328543
ACTTGTTTCTGCGGCA-1,0.9575191500889303
ACTTTCAAGGCGCTCT-1,1.0117563062032406
ACTTTCAAGTACGCCC-1,1.0418515371891865
ACTTTCAAGTCAAGCG-1,1.0297777339378538
ACTTTCAGTACCATCA-1,1.0057597274285928
ACTTTCAGTCCTCCAT-1,0.9805153026143028
ACTTTCAGTCGGCTCA-1,0.9960216807761721
ACTTTCAGTGTAAGTA-1,1.027599479072063
ACTTTCAGTTGGTGGA-1,1.0373576903284745
ACTTTCATCCTATGTT-1,0.9645792452401698
ACTTTCATCTACTATC-1,1.027713160131481
ACTTTCATCTTCTGGC-1,1.0181858845424239
AGAATAGAGAATTCCC-1,1.0383623672077305
AGAATAGAGGCTAGAC-1,1.0140485451548475
AGAATAGAGTAGTGCG-1,1.0299615946013043
AGAATAGAGTATCGAA-1,0.9991757887290682
AGAATAGAGTCATCCA-1,0.8794417609968388
AGAATAGAGTGACATA-1,0.9907673223182026
AGAATAGCACGTCTCT-1,0.952535553849773
AGAATAGCAGATCGGA-1,1.0275510955569063
AGAATAGCATATGCTG-1,0.990717484649069
AGAATAGGTGAGTATA-1,1.0283106100577375
AGAATAGTCAGCAACT-1,1.0426144424998913
AGAATAGTCCCTCTTT-1,1.0416071703657008
AGAATAGTCGAGAACG-1,1.0240904867305238
AGAATAGTCGCCGTGA-1,0.9818056695411463
AGAATAGTCGTCTGCT-1,1.0363828153548291
AGAATAGTCTGACCTC-1,1.031343715267724
AGACGTTAGCCAGAAC-1,1.0304653842650995
AGACGTTAGCTAAACA-1,0.9218687976571543
AGACGTTAGGACAGCT-1,1.0302527645492126
AGACGTTAGGAGTTTA-1,1.0357441504237694
AGACGTTAGGTGCAAC-1,1.0250405444102175
AGACGTTAGTACTTGC-1,0.926891498232414
AGACGTTCACGTTGGC-1,1.0156052232899035
AGACGTTGTAGCTCCG-1,0.933433998965447
AGACGTTGTATAAACG-1,1.0259359122023168
AGACGTTGTGATGTGG-1,1.0347553939408043
AGACGTTGTTGTTTGG-1,0.8417397185790008
AGACGTTTCATCGCTC-1,1.0185975371469298
AGACGTTTCATTGCCC-1,0.9585234827729459
AGACGTTTCCACGCAG-1,0.9469204272503751
AGACGTTTCCTTTCGG-1,0.9531677411334132
AGACGTTTCTCCAGGG-1,1.037875471645477
AGACGTTTCTCTGCTG-1,1.0309895553032764
AGAGCGAAGAAACGCC-1,1.0196832353348404
AGAGCGAAGAATTCCC-1,1.001361606556866
AGAGCGAAGACACGAC-1,1.0373439131419653
AGAGCGAAGACAGAGA-1,0.9709440722404228
AGAGCGAAGACTAGAT-1,1.0339345835455378
AGAGCGAAGGCATGGT-1,1.0491591865533234
AGAGCGACAAGGTTCT-1,1.0295239930079711
AGAGCGACACGTCTCT-1,1.0547764009728475
AGAGCGACATACCATG-1,0.9650958296242694
AGAGCGACATTCTCAT-1,1.0433966085695223
AGAGCGAGTCACAAGG-1,1.0271317453482527
AGAGCGAGTCATACTG-1,0.9269043447138337
AGAGCGAGTCGAATCT-1,0.9345108910906095
AGAGCGAGTCTAGGTT-1,1.0345467127232224
AGAGCGATCAATACCG-1,1.0338620045896079
AGAGCGATCAGCTCGG-1,0.9560173781031088
AGAGCGATCGGTCTAA-1,0.9674026690754567
AGAGCGATCTGGTATG-1,1.011202706284506
AGAGCGATCTTGCCGT-1,1.0378127175488026
AGAGCGATCTTGTACT-1,0.8382157418305777
AGAGCTTAGCCGGTAA-1,1.0187817477408048
AGAGCTTAGGTGGGTT-1,1.0367235793718999
AGAGCTTCACGGTAGA-1,1.022418836033946
AGAGCTTCATTGGGCC-1,1.0269456754321196
AGAGCTTGTAGCGATG-1,0.998801217293915
AGAGCTTGTGCCTTGG-1,1.0149862256928592
AGAGCTTGTTAAAGTG-1,1.026226824339417
AGAGCTTGTTACGCGC-1,1.0257526088181081
AGAGCTTGTTAGTGGG-1,0.9816181608431985
AGAGCTTTCGTTACGA-1,0.9698323516824736
AGAGCTTTCTGCAAGT-1,1.0089226308390318
AGAGCTTTCTGGGCCA-1,1.0237051948109146
AGAGCTTTCTTTCCTC-1,1.014508126839841
AGAGTGGAGATGGCGT-1,0.9294516247105474
AGAGTGGAGCTGCAAG-1,1.0306158782272403
AGAGTGGCAACTTGAC-1,0.9865944648149343
AGAGTGGCACACCGAC-1,1.0426747411585615
AGAGTGGCACCACCAG-1,1.0274329666214004
AGAGTGGCAGTCCTTC-1,1.0273068521681574
AGAGTGGCATCGATTG-1,0.9764884030172333
AGAGTGGGTATGCTTG-1,1.023220862538957
AGAGTGGGTCGTCTTC-1,1.0118031761704338
AGAGTGGGTCTCTTAT-1,0.9478910650339667
AGAGTGGGTGATGCCC-1,0.9840823699912479
AGAGTGGTCCTTCAAT-1,1.0320059047424877
AGAGTGGTCGCCAGCA-1,0.9057608280749817
AGATCTGAGCAGATCG-1,0.96722253141645
AGATCTGAGCGATATA-1,1.0302579057849883
AGATCTGAGCTAAGAT-1,1.000413459755871
AGATCTGAGTACGTAA-1,0.9635779586050157
AGATCTGCAAATACAG-1,0.9946041026877198
AGATCTGCAAGACACG-1,0.9728975951162965
AGATCTGCATGGTTGT-1,1.023539531182835
AGATCTGGTACCATCA-1,1.0341537438338724
AGATCTGGTCAAAGAT-1,0.9905809836419958
AGATCTGGTCTTCGTC-1,0.9076988240015875
AGATCTGGTGGTGTAG-1,0.9796924229175563
AGATCTGGTGTGACCC-1,0.9957063022906709
AGATCTGGTTACGACT-1,0.9784544493231413
AGATCTGTCCACTCCA-1,0.9723108011039768
AGATCTGTCCGCGGTA-1,0.9992997378189694
AGATTGCAGTGAATTG-1,0.9417141378352176
AGATTGCCAACACCCG-1,1.0264871234850084
AGATTGCCAATCTGCA-1,1.0302231154039672
AGATTGCCAGTTCCCT-1,0.9384871019630047
AGATTGCGTCCGCTGA-1,1.0231060555833447
AGATTGCGTTCAGACT-1,1.0242102580177088
AGATTGCTCAGCCTAA-1,1.027945945161064
AGATTGCTCATCACCC-1,1.007897291921557
AGATTGCTCGTGGTCG-1,1.040656468078199
AGATTGCTCTACTTAC-1,0.9930876976680533
AGCAGCCAGGAATGGA-1,1.001352024617522
AGCAGCCAGGCTATCT-1,1.0158530850327592
AGCAGCCAGGTGACCA-1,1.0018616367756743
AGCAGCCAGTATCGAA-1,1.0329125169428508
AGCAGCCAGTGCAAGC-1,1.0211632272701536
AGCAGCCAGTTCCACA-1,1.0244516850084866
AGCAGCCCAACACCTA-1,1.0326929200032178
AGCAGCCCAAGGACTG-1,1.0289295603120914
AGCAGCCCAATTCCTT-1,1.028859750652591
AGCAGCCCACGAGGTA-1,1.0341583624787094
AGCAGCCCAGAAGCAC-1,0.9878809531935564
AGCAGCCCAGGGAGAG-1,1.0196199633651644
AGCAGCCCAGGTCGTC-1,0.9541210855190096
AGCAGCCCATATACGC-1,1.0418054268348236
AGCAGCCGTAAACACA-1,0.945249665121935
AGCAGCCGTGACGGTA-1,0.9946570967895331
AGCAGCCGTGAGGGTT-1,1.035568276507041
AGCAGCCGTGGGTCAA-1,1.0318119105773695
AGCAGCCTCAGCACAT-1,1.0304982116024557
AGCAGCCTCGCCTGTT-1,1.024178766399741
AGCATACAGATGCGAC-1,0.9546424450103145
AGCATACCACCGCTAG-1,1.033472219539002
AGCATACGTAGTGAAT-1,1.033348862753098
AGCATACGTATTAGCC-1,0.9566764084842654
AGCATACGTGCAGGTA-1,1.0183995407179736
AGCATACGTTATCCGA-1,1.0347886167255942
AGCATACTCAACCAAC-1,0.9612344193385993
AGCATACTCCTGCTTG-1,0.9325566894494951
AGCCTAAAGAAACGCC-1,1.0056714621636178
AGCCTAAAGAGGGATA-1,1.029063765071867
AGCCTAAAGATACACA-1,1.0419877518622147
AGCCTAAAGGCTACGA-1,0.9729946581451773
AGCCTAAAGTGGAGTC-1,1.0229802150640317
AGCCTAAAGTGTACCT-1,0.9085189814817428
AGCCTAACACCCAGTG-1,1.0325618796621794
AGCCTAACACCTCGTT-1,1.002403500712518
AGCCTAACAGTATGCT-1,0.9989707980758307
AGCCTAACATCAGTCA-1,1.0304397553054696
AGCCTAACATCGTCGG-1,1.0400220845456019
AGCCTAACATGAGCGA-1,0.9868327432016976
AGCCTAAGTACGACCC-1,0.9698372438349167
AGCCTAAGTCGACTAT-1,1.0280034323913054
AGCCTAAGTCTGGAGA-1,1.0340543963686017
AGCCTAAGTCTGGTCG-1,0.9181153333007819
AGCCTAATCAACCAAC-1,1.0301533187907728
AGCCTAATCATGCTCC-1,1.052120418555836
AGCCTAATCGCCAGCA-1,0.9071197978151914
AGCGGTCAGGACGAAA-1,0.972968941459801
AGCGGTCAGGATGGAA-1,0.9275223689123556
AGCGGTCAGTAGGCCA-1,1.02652727900688
AGCGGTCAGTCTCGGC-1,0.9567730884447482
AGCGGTCAGTGAATTG-1,1.025587997365715
AGCGGTCGTAATAGCA-1,1.0218171015876725
AGCGGTCGTACCCAAT-1,1.0235492291560149
AGCGGTCGTAGATTAG-1,1.0262147272909568
AGCGGTCGTAGTAGTA-1,0.8683168359901045
AGCGGTCGTGGTCTCG-1,1.0058175924091157
AGCGGTCGTTGCTCCT-1,0.9742960208608886
AGCGGTCTCACATGCA-1,0.9695761294120997
AGCGTATAGACCTTTG-1,1.0022265691700434
AGCGTATAGATCTGAA-1,1.030957483804186
AGCGTATAGCTGAAAT-1,0.97676227624192
AGCGTATAGGATGGTC-1,1.0456564233384553
AGCGTATCAAAGGCGT-1,0.8636030766569858
AGCGTATCACCTATCC-1,0.7630567855654408
AGCGTATCACGGATAG-1,1.0399844537828427
AGCGTATCATCTCGCT-1,0.9128216674938839
AGCGTATCATGGTCTA-1,0.9780417546650151
AGCGTATGTGTAAGTA-1,0.9752270183661129
AGCGTATGTGTGCGTC-1,1.0078199419200018
AGCGTATTCACGGTTA-1,1.0247164994800033
AGCGTATTCGCGCCAA-1,0.9500186512052617
AGCGTATTCGCTAGCG-1,0.9531909685631009
AGCGTATTCGTAGGTT-1,1.0382437035131944
AGCGTATTCGTCCAGG-1,1.0263946955780399
AGCGTATTCTAGCACA-1,1.042724978771122
AGCGTATTCTCCCTGA-1,0.9662445740778868
AGCGTATTCTTTACAC-1,0.9462075754451241
AGCGTCGAGATCCTGT-1,0.9974009315505492
AGCGTCGAGCACCGCT-1,0.993612054812844
AGCGTCGAGTACGTTC-1,0.9722896865076662
AGCGTCGCAATGTTGC-1,0.9616757395063971
AGCGTCGCACGCGAAA-1,1.0434765487650022
AGCGTCGCAGTTCATG-1,1.0308883024328448
AGCGTCGCATCAGTCA-1,1.005644281082692
AGCGTCGCATTCTTAC-1,1.0263913808371583
AGCGTCGGTATGAATG-1,0.9114796281841038
AGCGTCGGTTATCGGT-1,1.0421740624557276
AGCGTCGGTTCGTCTC-1,1.01944796481136
AGCGTCGGTTGGTGGA-1,0.9682557137410711
AGCGTCGTCAACACCA-1,1.0196720198055835
AGCGTCGTCCCTCAGT-1,0.9247182175191969
AGCGTCGTCGGTTAAC-1,0.8848056195330831
AGCGTCGTCTGCAAGT-1,0.9839728541177998
AGCTCCTAGGAATTAC-1,0.9430486601787039
AGCTCCTCAATCCAAC-1,1.036336094153473
AGCTCCTCACGTGAGA-1,1.0235806587363678
AGCTCCTCAGTCCTTC-1,1.0284799078574935
AGCTCCTCATGTCCTC-1,0.9468454188312604
AGCTCCTGTACAGTGG-1,1.0354349331529058
AGCTCCTGTACCGGCT-1,1.0156301375627663
AGCTCCTGTCTGCGGT-1,1.0296432535907565
AGCTCCTGTGAGCGAT-1,1.0383577584476236
AGCTCCTGTGGGTCAA-1,0.9672640150813119
AGCTCCTGTTAAAGTG-1,0.9682723557335895
AGCTCCTGTTGGACCC-1,1.0192068041209665
AGCTCCTTCAATCACG-1,0.9949794942728762
AGCTCCTTCAGGTAAA-1,0.9472148387909481
AGCTCCTTCGAGAGCA-1,0.9789102948554164
AGCTCCTTCTTGACGA-1,1.0171605849101615
AGCTCTCAGAGTCGGT-1,1.0148197139357493
AGCTCTCAGCTAACAA-1,0.9975048593161083
AGCTCTCAGGATGGTC-1,0.9266936095327177
AGCTCTCCAAGTCTGT-1,1.0399591033360573
AGCTCTCCAGACTCGC-1,0.9644194906274903
AGCTCTCCATCCTTGC-1,0.9828603013374859
AGCTCTCCATGTTGAC-1,1.0377216050345563
AGCTCTCGTCATGCAT-1,0.9951838422833759
AGCTCTCGTCTCTCTG-1,1.0314871210137868
AGCTCTCGTGATGCCC-1,0.9577109817283175
AGCTCTCGTGATGTGG-1,0.9598069148302563
AGCTCTCGTGGTACAG-1,1.032039552947015
AGCTCTCGTGTGGTTT-1,1.0477347636790688
AGCTCTCGTTACCGAT-1,1.0309746751345434
AGCTCTCTCCGCATCT-1,0.952339175699634
AGCTCTCTCTACCTGC-1,1.0426603773574743
AGCTCTCTCTCTGAGA-1,0.9156417725107643
AGCTTGACAATCGGTT-1,1.0174718483655965
AGCTTGACATCGGTTA-1,1.0223961891103717
AGCTTGAGTTACGTCA-1,1.034213125245828
AGCTTGAGTTGCGTTA-1,1.0402966399938873
AGCTTGATCAAAGACA-1,1.0378518914617254
AGCTTGATCCCTCTTT-1,1.0334255457341726
AGCTTGATCGTACCGG-1,0.9752319108287075
AGCTTGATCTCTTATG-1,1.0263171354924225
AGCTTGATCTTTAGTC-1,0.9537793720597122
AGGCCACAGCCACCTG-1,0.9962965067479547
AGGCCACAGCCCTAAT-1,1.0346205027333018
AGGCCACAGCCTCGTG-1,1.02908867020616
AGGCCACAGTGCAAGC-1,1.0310449884696742
AGGCCACCACCACGTG-1,0.9724394557690029
AGGCCACCACCAGATT-1,1.0380291058176871
AGGCCACGTCGGCATC-1,0.9150792515815919
AGGCCACGTGTCAATC-1,0.7899195885481829
AGGCCACGTGTTAAGA-1,0.8188470520502368
AGGCCACGTTGGGACA-1,1.0456350006342314
AGGCCACTCACTCCTG-1,0.9750723348799862
AGGCCACTCAGGCAAG-1,0.8613344388479929
AGGCCACTCATCGGAT-1,1.020502616665882
AGGCCACTCTTGTTTG-1,1.0380449057522443
AGGCCGTAGTAGCCGA-1,1.0265465817685848
AGGCCGTCAAGCGAGT-1,1.0307474067409879
AGGCCGTCAAGTCTAC-1,1.024522024763067
AGGCCGTCACCGGAAA-1,0.9934761801991101
AGGCCGTCATAGAAAC-1,1.037399507862987
AGGCCGTCATTCCTGC-1,0.9862519092250642
AGGCCGTGTACCGTTA-1,0.9575075850000203
AGGCCGTGTCACACGC-1,0.9324564771323247
AGGCCGTGTCTGCCAG-1,0.936566380924087
AGGCCGTGTCTTTCAT-1,1.0294732246532485
AGGCCGTTCGTTACAG-1,1.0162301917274899
AGGGAGTAGATACACA-1,0.8508656597514364
AGGGAGTAGCATCATC-1,0.9772838894938775
AGGGAGTAGCCAGTTT-1,1.0392349357572872
AGGGAGTAGGAGTCTG-1,1.0375240303920712
AGGGAGTAGTGACATA-1,1.032135059754877
AGGGAGTAGTGCGTGA-1,1.0415633275878298
AGGGAGTAGTGTCTCA-1,1.0355822483379666
AGGGAGTCACTGTCGG-1,0.981677741020672
AGGGAGTCAGGCAGTA-1,1.015573406985155
AGGGAGTCATGCTAGT-1,1.0365207467889441
AGGGAGTCATTCTTAC-1,1.0339177450609014
AGGGAGTCATTTCAGG-1,0.9389272078688351
AGGGAGTGTCTAACGT-1,0.9696537352082812
AGGGAGTGTGTTCGAT-1,1.0368950602893183
AGGGAGTGTTACGCGC-1,0.9904596022347218
AGGGAGTTCGTAGGTT-1,1.0137374410661137
AGGGATGAGACATAAC-1,1.020031006658847
AGGGATGAGCACAGGT-1,0.92413439929567
AGGGATGAGCGATGAC-1,1.0268791905531989
AGGGATGAGCTGTTCA-1,1.0345684238261004
AGGGATGAGGTCATCT-1,0.9936800674551614
AGGGATGAGGTTACCT-1,0.9887356518398243
AGGGATGCAAAGAATC-1,1.033465119617706
AGGGATGCAAAGGAAG-1,1.0066619630100584
AGGGATGCACGTCAGC-1,1.040640197839803
AGGGATGCAGACGCAA-1,1.0304875021735906
AGGGATGCAGGGAGAG-1,1.033446147770017
AGGGATGCATCGATGT-1,1.0366949378285868
AGGGATGGTCACAAGG-1,0.9731391037835365
AGGGATGGTCAGAAGC-1,1.0092094638231461
AGGGATGGTCTGCCAG-1,1.024257849670822
AGGGATGGTGCCTGCA-1,0.9973778010172795
AGGGATGGTTATCCGA-1,0.9786112993743492
AGGGATGTCGGAGCAA-1,1.0261191295742857
AGGGATGTCTGTCAAG-1,1.036590887922827
AGGGTGAAGAAACCAT-1,1.024694965717911
AGGGTGAAGAATGTTG-1,0.9986786142230288
AGGGTGAAGCAGCCTC-1,1.0195345327730636
AGGGTGAAGCCGCCTA-1,0.9096626158244934
AGGGTGACAACTTGAC-1,1.0120752778285382
AGGGTGACAAGCTGAG-1,1.0003160096595691
AGGGTGACACCATGTA-1,0.9305067090226111
AGGGTGACACTATCTT-1,1.0002532083199362
AGGGTGACAGGAATCG-1,1.0297976640280913
AGGGTGACAGGTCCAC-1,0.9307156310079064
AGGGTGACAGGTCTCG-1,1.0335120040413637
AGGGTGACATGAACCT-1,0.967808131866255
AGGGTGACATGTCCTC-1,1.001968316949085
AGGGTGAGTAAACACA-1,1.00154692463936
AGGGTGAGTAACGACG-1,1.0414229048717716
AGGGTGAGTCAACTGT-1,0.9607581589641063
AGGGTGAGTCAGATAA-1,1.0252182985056435
AGGGTGAGTGCAGACA-1,1.045783999418266
AGGGTGATCAGGCCCA-1,1.0095631386810218
AGGGTGATCATTTGGG-1,1.0348205445534673
AGGGTGATCCTGCTTG-1,0.9786561357060113
AGGGTGATCGATAGAA-1,0.9617245567006979
AGGGTGATCTGCGGCA-1,0.9876367636960457
AGGGTGATCTGCTGCT-1,0.9179359876509342
AGGTCATAGAGTAATC-1,1.0315636118157523
AGGTCATAGCGTTGCC-1,0.9937662587919351
AGGTCATAGCTGTTCA-1,1.0403827903728289
AGGTCATAGGCAGGTT-1,1.0341091940109153
AGGTCATAGGCTAGCA-1,1.0416830976573488
AGGTCATAGGTGATTA-1,0.962434624803966
AGGTCATAGTTAGCGG-1,1.0344359519732869
AGGTCATAGTTTGCGT-1,1.0348893798893593
AGGTCATCAAGCTGGA-1,1.0322977038606223
AGGTCATCACAGGTTT-1,0.9856965857034533
AGGTCATCACGTGAGA-1,1.037223266270376
AGGTCATCAGATCGGA-1,0.9982959998880029
AGGTCATCATTGGCGC-1,1.0336808284116767
AGGTCATCATTTCACT-1,1.0357929505993786
AGGTCATGTAGCTGCC-1,1.0127181012478128
AGGTCATGTCTACCTC-1,0.9419986690788754
AGGTCATGTCTGCCAG-1,0.9373958237079677
AGGTCATGTTACTGAC-1,1.0482139373738661
AGGTCATGTTCGCTAA-1,0.8958890294339704
AGGTCATTCAACACTG-1,1.0389996361665135
AGGTCATTCCGAACGC-1,1.02598772382032
AGGTCCGAGAATGTTG-1,1.0056219890754892
AGGTCCGAGACCGGAT-1,1.0336447970881266
AGGTCCGAGCAGACTG-1,1.019279049256458
AGGTCCGAGCGAAGGG-1,1.0418384682488453
AGGTCCGAGCGTGAAC-1,0.9653284356890729
AGGTCCGAGGAATGGA-1,1.041460852334218
AGGTCCGCAATGGACG-1,1.0325636269300844
AGGTCCGCACACAGAG-1,1.0226364391144331
AGGTCCGCACGGCCAT-1,0.9832097106672091
AGGTCCGGTAAATACG-1,1.0361343465011827
AGGTCCGGTTACCGAT-1,1.0257439022499086
AGGTCCGTCACCACCT-1,0.9660281675214524
AGGTCCGTCACCGTAA-1,1.0404048135715898
AGGTCCGTCACTGGGC-1,1.0287174981118208
AGGTCCGTCGCTTAGA-1,1.0133036160988067
AGGTCCGTCTGCAAGT-1,0.9847509547007709
AGGTCCGTCTGCTGTC-1,1.0231323222257889
AGTAGTCAGAATTGTG-1,1.0370384510583974
AGTAGTCAGATACACA-1,0.802307084446925
AGTAGTCAGATGTCGG-1,1.0278167581866315
AGTAGTCAGGCCCGTT-1,1.0337980152140571
AGTAGTCAGGCTCTTA-1,1.0336410211481835
AGTAGTCAGGGATACC-1,1.040272683235046
AGTAGTCAGTACGTTC-1,0.9500698853777798
AGTAGTCCAAGTTCTG-1,1.0330046296742152
AGTAGTCGTAAATGTG-1,1.0247023132154462
AGTAGTCGTACCGGCT-1,1.0398226525375518
AGTAGTCGTCTCACCT-1,1.0336324560181487
AGTAGTCGTCTCTTAT-1,1.0265246514403867
AGTAGTCGTGACGCCT-1,1.0024321763146768
AGTAGTCGTTCTGGTA-1,1.015457817727848
AGTAGTCTCGTGGTCG-1,1.028371765824949
AGTAGTCTCTAAGCCA-1,1.0251963652081184
AGTCTTTAGCCAGTAG-1,1.021189769517651
AGTCTTTAGTAGTGCG-1,1.0350320827155417
AGTCTTTCAATAGCAA-1,1.026770027503226
AGTCTTTCAGCTGCAC-1,1.0071874908912068
AGTCTTTGTAGCGTCC-1,1.031371317724877
AGTCTTTGTAGGAGTC-1,1.0403274164524439
AGTCTTTGTCACCTAA-1,0.9872412805278578
AGTCTTTGTCCAGTTA-1,1.0216285446599165
AGTCTTTGTCTCCCTA-1,0.9907623715110229
AGTCTTTGTGCTAGCC-1,0.7879336077379617
AGTCTTTGTTCCACGG-1,1.00412933089094
AGTCTTTTCAATCTCT-1,1.0180003292612
AGTCTTTTCGAATGGG-1,1.0424728318195111
AGTCTTTTCGGTGTCG-1,1.0404065337441049
AGTGAGGAGCTGTTCA-1,0.9778725005742345
AGTGAGGAGTGGCACA-1,0.9732369329113045
AGTGAGGCACCAGGTC-1,1.0331792779931448
AGTGAGGCACGGCTAC-1,1.0332809790789341
AGTGAGGCACGTAAGG-1,1.021854148833707
AGTGAGGCATACGCTA-1,1.0230206022334543
AGTGAGGCATCGGAAG-1,0.9522433554448092
AGTGAGGGTTCCTCCA-1,0.8625178970215895
AGTGAGGGTTGTGGAG-1,1.0383052652452702
AGTGAGGTCTACCTGC-1,0.8295520098769817
AGTGAGGTCTATGTGG-1,0.8705223637915892
AGTGGGAAGATCTGAA-1,0.9565858427596333
AGTGGGAAGCTAACTC-1,1.0341278188860512
AGTGGGAAGCTCTCGG-1,1.034433724459474
AGTGGGACAACACCCG-1,0.9622181357398941
AGTGGGACACACCGAC-1,0.9884111263528009
AGTGGGACATCACAAC-1,0.9609734657413133
AGTGGGACATCCGTGG-1,1.0296108894177354
AGTGGGACATGCATGT-1,1.031702110384398
AGTGGGAGTCCAGTGC-1,1.0005023703252818
AGTGGGAGTGTGCGTC-1,1.010370078582593
AGTGGGATCACTATTC-1,1.03877729655467
AGTGGGATCAGAGACG-1,1.0059746301145411
AGTGGGATCCCGGATG-1,1.0378785964656545
AGTGGGATCCGCGGTA-1,1.029540589817999
AGTGGGATCGGTTAAC-1,0.9914417685411172
AGTGTCAAGATAGGAG-1,1.0192365907784244
AGTGTCAAGGAGCGAG-1,0.9990609212862932
AGTGTCAAGTGGTAGC-1,1.043979924265329
AGTGTCACAAACAACA-1,1.0312874312393367
AGTGTCACAATTGCTG-1,1.0182825233220805
AGTGTCACACACCGCA-1,1.0330632835446785
AGTGTCACATCCAACA-1,1.0336908336862278
AGTGTCACATTTGCTT-1,1.0298095072997444
AGTGTCAGTAAATGTG-1,0.9923640324821607
AGTGTCAGTCCGAGTC-1,1.0226244425084612
AGTGTCAGTGAAAGAG-1,1.0340671746231842
AGTGTCATCACAAACC-1,1.0215043211341075
AGTGTCATCAGCTCGG-1,1.0228562829061898
AGTGTCATCCAGTATG-1,0.9434413487958012
AGTGTCATCTGTCCGT-1,1.037418496799352
AGTTGGTAGGGCTTCC-1,0.9835411639887209
AGTTGGTCAGAGTGTG-1,0.9187389773749163
AGTTGGTCAGCGTAAG-1,1.0435389757776898
AGTTGGTCATACGCCG-1,1.0246785875959874
AGTTGGTCATCTACGA-1,1.0300451321367203
AGTTGGTGTAACGTTC-1,1.0407902038597254
AGTTGGTGTCCGAGTC-1,1.0224670082338232
AGTTGGTGTCTAGCCG-1,0.9816063080475926
AGTTGGTGTCTTCGTC-1,0.9911351811451143
AGTTGGTGTTCAACCA-1,0.9892783359664271
AGTTGGTGTTCGAATC-1,1.0323524469479413
AGTTGGTTCAAACCAC-1,1.0467571894363987
AGTTGGTTCCAATGGT-1,1.0362486233916834
AGTTGGTTCTCATTCA-1,1.004293338174601
AGTTGGTTCTTCCTTC-1,1.0252491184807822
ATAACGCAGAGATGAG-1,1.0305185115683555
ATAACGCAGATAGGAG-1,0.9198895624445214
ATAACGCAGCTATGCT-1,1.0312206898132996
ATAACGCCAGGCTGAA-1,1.0353514261002077
ATAACGCGTACCGGCT-1,0.9508000517619448
ATAACGCGTCATTAGC-1,1.0196467610881568
ATAACGCGTCCAGTGC-1,0.9855991811919678
ATAACGCTCATCGATG-1,1.0388581576448852
ATAAGAGAGCCCAACC-1,1.0196191244319857
ATAAGAGAGCGAAGGG-1,1.0486589749700834
ATAAGAGAGCTGAAAT-1,0.9990430758506964
ATAAGAGAGCTGTTCA-1,1.037198540165835
ATAAGAGAGGAATTAC-1,1.0264068956602457
ATAAGAGAGGGCATGT-1,0.9599534194804871
ATAAGAGCAAAGCAAT-1,0.9508256976216737
ATAAGAGCAAATCCGT-1,1.0048963722008863
ATAAGAGCAAGGACTG-1,1.01879210064302
ATAAGAGCAATCAGAA-1,0.974195658767441
ATAAGAGCAATCGGTT-1,0.9036164740394961
ATAAGAGCAATGACCT-1,1.0336243310958069
ATAAGAGCAATGGACG-1,1.0170345280694266
ATAAGAGCACAACGTT-1,1.0203540181753301
ATAAGAGGTCACCCAG-1,0.9952661967458338
ATAAGAGGTCGCATCG-1,0.901528545600088
ATAAGAGGTGAAATCA-1,1.0226788581300386
ATAAGAGGTGAGGCTA-1,1.0425104448033373
ATAAGAGGTTTAAGCC-1,1.0221692819295405
ATAAGAGTCAGTTAGC-1,0.8822261289410841
ATAAGAGTCCACTCCA-1,1.0350078652054497
ATAAGAGTCGCAGGCT-1,1.0227946866577775
ATAAGAGTCGTGGACC-1,1.0489416513920582
ATAAGAGTCTCTGAGA-1,0.9828289556375938
ATAAGAGTCTGAGGGA-1,1.0441925696304817
ATAGACCAGAACAACT-1,0.979578596355481
ATAGACCAGAACTCGG-1,0.9481050667063798
ATAGACCAGATGCCAG-1,0.9771452323635611
ATAGACCGTAAATACG-1,0.9776478356341235
ATAGACCTCACGATGT-1,0.9003948258184611
ATAGACCTCATCTGTT-1,1.0264276703888389
ATAGACCTCCATGAGT-1,1.0423796978369235
ATAGACCTCGCAAGCC-1,1.03533588556919
ATAGACCTCGTAGGAG-1,1.0356185656512884
ATCACGAAGACACTAA-1,0.9179091190538995
ATCACGAAGATGTAAC-1,0.9599116285647318
ATCACGACAACGATGG-1,0.9809031016065175
ATCACGACAAGACGTG-1,0.9275670385991133
ATCACGACAATGACCT-1,0.985058065705398
ATCACGACATTTGCTT-1,1.0002693967816672
ATCACGAGTCTCCATC-1,1.0259881867326077
ATCACGAGTTGCGCAC-1,1.0257337866341951
ATCACGATCCGTAGTA-1,0.9840678045764181
ATCATCTAGAAGCCCA-1,1.0018622905619734
ATCATCTAGATGCCTT-1,0.9970634926922961
ATCATCTAGCTATGCT-1,0.970233484236665
ATCATCTAGTAGCGGT-1,0.9316578963725801
ATCATCTAGTGTTTGC-1,1.0301958792243175
ATCATCTCAAACCTAC-1,0.8102691732623065
ATCATCTCAGACAAAT-1,1.0309463095210025
ATCATCTCATCTATGG-1,1.040861386320874
ATCATCTGTACCTACA-1,0.9694480023088591
ATCATCTGTAGGACAC-1,0.9135588212286306
ATCATCTTCCTATGTT-1,0.9896457000755121
ATCATCTTCTCTTATG-1,1.0368185600991722
ATCATCTTCTGCAAGT-1,0.9244378875460721
ATCATCTTCTTCATGT-1,1.0301552333489612
ATCATGGAGAGTAATC-1,1.0134603347107194
ATCATGGAGTGTGGCA-1,1.033306198525934
ATCATGGCACCAGTTA-1,1.0015842364981167
ATCATGGCACGTCTCT-1,0.9225792034187607
ATCATGGCAGACGCCT-1,0.9839429950034136
ATCATGGCAGCTGTAT-1,1.0265097105040621
ATCATGGCATCCCATC-1,1.0276142012969194
ATCATGGCATCTACGA-1,0.9695119033251285
ATCATGGGTACAGCAG-1,1.0126917103480655
ATCATGGGTAGCGTGA-1,1.0340023934382387
ATCATGGGTCGAAAGC-1,1.035746474224154
ATCATGGGTGCACTTA-1,1.0213692680555395
ATCATGGTCAGGTTCA-1,0.9699703242065879
ATCATGGTCCCTCAGT-1,1.0254043731221198
ATCATGGTCCGCGCAA-1,1.0072331266705192
ATCATGGTCCTACAGA-1,1.0394683617107008
ATCATGGTCTGCGTAA-1,1.0269995396656033
ATCATGGTCTGTCTAT-1,1.0070436356160235
ATCCACCAGACGCTTT-1,0.9138430910888384
ATCCACCAGCGTAGTG-1,1.0083151000390818
ATCCACCAGTCAAGGC-1,1.0310984379973036
ATCCACCAGTGAATTG-1,1.0294972247020062
ATCCACCCACGAAGCA-1,1.01881948158204
ATCCACCCAGATGAGC-1,0.8234159465871412
ATCCACCCAGTTTACG-1,0.9694108678653205
ATCCACCCATACGCCG-1,1.0340766016223915
ATCCACCCATCACCCT-1,0.9968952108873835
ATCCACCCATCCTTGC-1,1.0266781614954836
ATCCACCGTACGAAAT-1,1.0369260345402818
ATCCACCGTCAATGTC-1,0.9691713399003867
ATCCACCGTCCAACTA-1,1.0534257955463766
ATCCACCGTCTACCTC-1,1.0041911647693182
ATCCACCGTCTCCACT-1,1.0289437263490435
ATCCACCGTGATGATA-1,1.0325078706142135
ATCCACCGTGGCGAAT-1,1.0303112986928393
ATCCACCGTGTGCGTC-1,1.0206442491663796
ATCCACCTCAAAGACA-1,1.0392712558986534
ATCCACCTCGGCCGAT-1,0.9959682196671533
ATCCACCTCTAACTCT-1,1.0268334229436726
ATCCGAAAGTGACTCT-1,0.9725615332782219
ATCCGAACAGGATCGA-1,0.9598467974156738
ATCCGAAGTCGCGAAA-1,1.0307868307524395
ATCCGAAGTCTCTTAT-1,1.0186335600767678
ATCCGAAGTGTTCTTT-1,1.048803796141077
ATCCGAAGTTACCAGT-1,1.0349113067066162
ATCCGAAGTTCCGTCT-1,1.0206519569817705
ATCCGAATCCAGGGCT-1,1.0401273719919109
ATCCGAATCCGAAGAG-1,0.8307770153712257
ATCCGAATCCGTAGGC-1,1.023583386269375
ATCCGAATCTCAAACG-1,1.03722234773398
ATCGAGTAGACAGACC-1,0.9452509872403052
ATCGAGTAGTGTTTGC-1,1.0208117495152846
ATCGAGTCACCAGTTA-1,1.026574676132939
ATCGAGTCACGGTAAG-1,1.0212542531748026
ATCGAGTCATTGAGCT-1,1.0307883175565453
ATCGAGTGTACTCAAC-1,1.0282227260559014
ATCGAGTGTCCGACGT-1,1.0114433544543615
ATCGAGTGTGCGCTTG-1,1.0268933411100565
ATCGAGTGTTCGCGAC-1,0.8972938871269703
ATCGAGTTCACGGTTA-1,0.966901212520736
ATCTACTAGCTGAACG-1,1.0450128637078422
ATCTACTAGTTTGCGT-1,1.0277570608879505
ATCTACTCAAGCCGCT-1,1.0258130283138691
ATCTACTCAAGCGAGT-1,1.0222824765664416
ATCTACTCACCGGAAA-1,1.0280148952054189
ATCTACTCACTCAGGC-1,1.0228894340469423
ATCTACTCAGCTGTTA-1,1.0334029748739857
ATCTACTCAGTTCCCT-1,0.9801789169221377
ATCTACTGTAAACGCG-1,0.8499970753223426
ATCTACTGTCTTCAAG-1,1.0142540083518716
ATCTACTTCCAATGGT-1,1.0254394086844847
ATCTACTTCGGAAACG-1,0.98761970603618
ATCTGCCAGACAGACC-1,0.994937608176121
ATCTGCCAGCGAAGGG-1,0.9892622822588897
ATCTGCCAGGAATGGA-1,0.9849791562565534
ATCTGCCAGGCCCTCA-1,1.0127580423143536
ATCTGCCAGTGCCAGA-1,1.0330014656075495
ATCTGCCAGTGGGATC-1,0.8956453422658496
ATCTGCCCACAGACAG-1,1.0364127312107139
ATCTGCCCAGGCAGTA-1,0.9870474642808365
ATCTGCCGTAGCGTCC-1,1.0312990538848403
ATCTGCCGTCTAACGT-1,1.0452923876194835
ATCTGCCGTGCAGGTA-1,0.9672282105524015
ATCTGCCGTTAAAGTG-1,0.8406087458659514
ATCTGCCGTTCACGGC-1,1.0289920012735703
ATCTGCCTCCGAATGT-1,1.0179740173766385
ATCTGCCTCTCACATT-1,1.0394184580943637
ATGAGGGAGAGCAATT-1,1.0313442822335952
ATGAGGGAGAGGGATA-1,1.0193231345269465
ATGAGGGAGATGTGGC-1,0.9848617800363222
ATGAGGGCAAAGGAAG-1,0.995579800233971
ATGAGGGCACTTAAGC-1,1.010220987525748
ATGAGGGCAGGATCGA-1,1.0156053590413183
ATGAGGGCATTTCACT-1,1.0161180990802288
ATGAGGGGTACAAGTA-1,0.8592951294121478
ATGAGGGGTACTCTCC-1,1.0385857134857992
ATGAGGGGTCAATGTC-1,1.0314658192371153
ATGAGGGGTCGAGTTT-1,1.0126107059110985
ATGAGGGGTCTCCACT-1,1.0068379267281824
ATGAGGGGTCTTGCGG-1,1.0247325161599536
ATGAGGGGTTCGGCAC-1,1.0246035958707058
ATGAGGGTCAACACCA-1,1.0437141003722246
ATGAGGGTCAGCTCGG-1,1.0229479168790454
ATGAGGGTCAGTACGT-1,0.9618437895435151
ATGAGGGTCGATGAGG-1,1.0459661583668858
ATGCGATAGAAACCAT-1,1.036870193722543
ATGCGATAGAGTCTGG-1,1.0246340830214693
ATGCGATAGATATGGT-1,1.0361660824899332
ATGCGATAGCTCCTCT-1,0.9705340052218848
ATGCGATAGTACGCGA-1,0.9527797578032219
ATGCGATCAGGCTCAC-1,1.0063742563459832
ATGCGATCAGGGATTG-1,1.0134655509545043
ATGCGATGTCCGTTAA-1,0.9535991672149553
ATGCGATGTGTGACGA-1,1.0329693484348963
ATGCGATGTGTTCGAT-1,1.0358529476454315
ATGCGATGTTAAGTAG-1,0.9882093281545881
ATGCGATGTTGATTGC-1,1.014797568523442
ATGCGATTCAATCACG-1,1.0293469781667817
ATGCGATTCACATACG-1,1.04140326645833
ATGCGATTCTGCGGCA-1,0.9728888787036439
ATGCGATTCTTCATGT-1,1.0207923103803196
ATGGGAGAGATCGATA-1,1.006434243146078
ATGGGAGAGGCCGAAT-1,1.0258127767524094
ATGGGAGAGTGCGTGA-1,1.0263356006786566
ATGGGAGAGTTTAGGA-1,1.0218086998429479
ATGGGAGCAATAAGCA-1,0.9033737333333164
ATGGGAGCAGCCAATT-1,1.0124144062204714
ATGGGAGCAGGTGGAT-1,1.0009097518275125
ATGGGAGCATGTTGAC-1,0.9208064495460841
ATGGGAGGTCGCGTGT-1,1.0295358628923996
ATGGGAGGTCTTGCGG-1,0.9716517416294089
ATGGGAGGTTATGCGT-1,1.0385126823427224
ATGGGAGTCACAAACC-1,0.9309983594256372
ATGGGAGTCGTAGATC-1,1.029360936195079
ATGGGAGTCTGTCCGT-1,1.0365518215188478
ATGTGTGAGCTAAGAT-1,1.0347983938237693
ATGTGTGAGTATCGAA-1,1.04007425676148
ATGTGTGCACCAGCAC-1,1.029564712720222
ATGTGTGCATCACCCT-1,1.0210753014182095
ATGTGTGGTATGGTTC-1,1.0074919851473731
ATGTGTGGTCACCTAA-1,1.0275233703941882
ATGTGTGGTCTAGGTT-1,1.0060757535452067
ATGTGTGGTTATGCGT-1,1.0328636591431486
ATGTGTGTCTCTAAGG-1,1.0357902710285327
ATTACTCAGAGAACAG-1,0.9982934786000068
ATTACTCAGTGTCTCA-1,1.05134078992108
ATTACTCCAAATTGCC-1,1.0337659027124548
ATTACTCCACTGAAGG-1,1.034351044709768
ATTACTCCAGAGCCAA-1,1.0399182042218231
ATTACTCCATCATCCC-1,0.9300779596670874
ATTACTCCATTGTGCA-1,1.0316371727304756
ATTACTCGTACGACCC-1,0.9943101385562547
ATTACTCGTAGATTAG-1,0.9523975379531351
ATTACTCGTCCGACGT-1,1.006094254639349
ATTACTCGTCTAGCGC-1,1.0008914060634888
ATTACTCGTTGTCGCG-1,1.0279529866980959
ATTACTCTCAGTTTGG-1,1.0342365648315304
ATTACTCTCCAGAAGG-1,0.9286309595788722
ATTACTCTCCGCAGTG-1,1.001612885412741
ATTATCCAGACAGACC-1,1.009319102215555
ATTATCCAGAGTAAGG-1,1.0049704271305484
ATTATCCAGGTGATAT-1,1.0283776468634114
ATTATCCAGTCCGTAT-1,0.9418423930333755
ATTATCCAGTCTTGCA-1,1.0295382040437688
ATTATCCAGTGGTCCC-1,1.0398104784903202
ATTATCCCAACTGCTA-1,1.0323231465778497
ATTATCCCAGATGGCA-1,1.030555008704119
ATTATCCCAGCGAACA-1,0.9461951827621555
ATTATCCCAGGAACGT-1,1.027703763560551
ATTATCCCAGTTTACG-1,1.0284634557218473
ATTATCCGTAAACCTC-1,1.0216901462334425
ATTATCCGTCTAAAGA-1,1.0357068708017823
ATTATCCGTTATCGGT-1,0.9385293349169376
ATTATCCTCATCTGTT-1,1.0303823514709867
ATTATCCTCGTCCGTT-1,0.9600833430338873
ATTATCCTCTTAGCCC-1,1.0204287987364455
ATTCTACAGAGTACCG-1,1.0287203435454604
ATTCTACAGATCTGCT-1,0.9955484420752923
ATTCTACAGGACCACA-1,0.9364103758328646
ATTCTACAGTAAGTAC-1,1.0354376217817862
ATTCTACAGTACCGGA-1,1.0247952661510775
ATTCTACAGTACGTAA-1,0.8836918447399762
ATTCTACAGTCGTTTG-1,0.960656166169276
ATTCTACCAAGCGATG-1,1.0289208313361133
ATTCTACCACCCTATC-1,1.0072892705983203
ATTCTACCACGGTAGA-1,0.9341933463553934
ATTCTACCAGTAGAGC-1,1.0103354941449567
ATTCTACGTACATCCA-1,0.9815386681242638
ATTCTACGTCTAAACC-1,1.0158923710001402
ATTCTACTCCATGAAC-1,0.946693150475353
ATTCTACTCGGACAAG-1,1.0341877728098359
ATTCTACTCGGCTACG-1,1.035618979360892
ATTCTACTCTAACCGA-1,0.9479891086289263
ATTCTACTCTAACTTC-1,1.0033286514064295
ATTCTACTCTCAACTT-1,0.9654776748329094
ATTGGACAGACTGGGT-1,1.0360005814973807
ATTGGACAGAGTCTGG-1,0.924609030089966
ATTGGACAGATGTAAC-1,0.9031519608275521
ATTGGACAGCCGCCTA-1,1.0300888789364482
ATTGGACAGCGTCAAG-1,0.9723320341754588
ATTGGACAGCGTGAGT-1,1.0228269806164034
ATTGGACCACGCGAAA-1,0.9868795195817932
ATTGGACCATCAGTCA-1,1.0371185818603557
ATTGGACGTCTAGCGC-1,1.0231904487700991
ATTGGACTCGAGAGCA-1,1.0251392568641218
ATTGGACTCGGTCCGA-1,1.0214797096255899
ATTGGACTCGTCTGAA-1,1.0355752968646827
ATTGGTGAGAACTGTA-1,1.0420362655494528
ATTGGTGAGAAGGTTT-1,0.9825138433369385
ATTGGTGAGAGAGCTC-1,1.029994036653864
ATTGGTGAGCTAAGAT-1,0.987043812607872
ATTGGTGAGGACCACA-1,1.0292298826945674
ATTGGTGAGGAGTAGA-1,1.0141316821091997
ATTGGTGAGGCGATAC-1,0.9639216029266353
ATTGGTGAGGTGATTA-1,1.0111817999188928
ATTGGTGAGTCTCGGC-1,1.0125966667434543
ATTGGTGCAAATCCGT-1,1.0366518589787261
ATTGGTGCAAGCGATG-1,1.0310791245081703
ATTGGTGCACACGCTG-1,1.04312673952348
ATTGGTGCACAGTCGC-1,1.032013941998744
ATTGGTGCACGTGAGA-1,1.0234544719406786
ATTGGTGCAGTATCTG-1,1.0352959960094725
ATTGGTGCATTACGAC-1,0.9696873335729892
ATTGGTGGTGCAGTAG-1,0.9029077502711725
ATTGGTGGTTGAACTC-1,1.025556562609997
ATTGGTGTCAGGCGAA-1,1.0242491404524328
ATTGGTGTCCAGAGGA-1,0.8702727755820157
ATTGGTGTCTACCTGC-1,0.9453339977468533
ATTGGTGTCTCTTGAT-1,1.029126276463543
ATTTCTGAGTCATGCT-1,0.8324042588882726
ATTTCTGAGTCTCGGC-1,1.0108498763236824
ATTTCTGAGTTCCACA-1,0.9621664441904364
ATTTCTGCAGACGTAG-1,1.0309141816596337
ATTTCTGCAGTGACAG-1,1.036837285994177
ATTTCTGCATCCGTGG-1,1.033262752063705
ATTTCTGCATGGGAAC-1,0.8856507302547719
ATTTCTGGTAAATGAC-1,1.0403447392233232
ATTTCTGGTCACTTCC-1,1.0385008328662502
ATTTCTGGTCGCGAAA-1,1.0111111459153594
ATTTCTGGTTATGCGT-1,0.9819266153942512
ATTTCTGTCAGTTAGC-1,0.9177197831734071
ATTTCTGTCCACGCAG-1,1.030793267151306
ATTTCTGTCTGTCTCG-1,0.9999642625109527
CAACCAAAGCGCTTAT-1,1.0219968125335075
CAACCAAAGGACACCA-1,0.9938567906410551
CAACCAAAGTAGGCCA-1,1.0061559951346617
CAACCAAAGTAGGTGC-1,1.0035701397639782
CAACCAACAAGACACG-1,0.99699483617031
CAACCAACAATAACGA-1,1.0399142417054008
CAACCAACACCAGCAC-1,1.0331629022272113
CAACCAACACCTATCC-1,0.8148502810229006
CAACCAAGTATAGGGC-1,1.0430355557926787
CAACCAAGTCATTAGC-1,1.0027506887569848
CAACCAAGTCTAGAGG-1,0.9721318305778869
CAACCAAGTGTGGCTC-1,0.9609528400661399
CAACCAAGTTAAGACA-1,0.9791597283052319
CAACCTCAGAGTAAGG-1,1.0359273039458512
CAACCTCAGGACATTA-1,0.9391873056028514
CAACCTCAGTACGCGA-1,0.9491459952368377
CAACCTCCAAGGCTCC-1,0.9586694887100795
CAACCTCCACATGGGA-1,0.9712589027256874
CAACCTCCACCTATCC-1,1.0421039691854388
CAACCTCCACGCGAAA-1,1.0256990677281583
CAACCTCCACGTTGGC-1,1.0383683660914227
CAACCTCCAGCTCGCA-1,0.7647755831508505
CAACCTCGTAAGTTCC-1,1.036246080395917
CAACCTCGTATTCGTG-1,1.0392065479321297
CAACCTCGTCCGTTAA-1,1.0364354052668474
CAACCTCGTTAGAACA-1,1.0220105130528692
CAACCTCGTTCCTCCA-1,1.0319233143136595
CAACCTCGTTGGTTTG-1,0.9660539901168446
CAACCTCTCATTTGGG-1,1.0338155303807324
CAACCTCTCGGAGGTA-1,1.0240044489272717
CAACCTCTCGGTCTAA-1,1.005166660377041
CAACCTCTCGTCCGTT-1,1.0295443887371063
CAACCTCTCTCACATT-1,1.022968578665747
CAACCTCTCTTGCAAG-1,1.011641803279396
CAACTAGAGAGGACGG-1,1.0369723642168764
CAACTAGAGCATCATC-1,1.034678793143234
CAACTAGAGCCAGAAC-1,0.9407325076759046
CAACTAGAGGTGATTA-1,1.0328562221697446
CAACTAGCATGCTGGC-1,1.0159842606809877
CAACTAGGTGTTCGAT-1,0.9642140849414497
CAACTAGGTTTCCACC-1,1.0174556222686253
CAACTAGTCCTCAACC-1,1.0250706978434267
CAACTAGTCGCTTGTC-1,0.9207663849208575
CAAGAAAAGACTCGGA-1,1.038053561720431
CAAGAAAAGCTGCCCA-1,0.9840145407870382
CAAGAAAAGCTGTCTA-1,0.9826770533552955
CAAGAAAAGGAGTTGC-1,0.9618079060756131
CAAGAAAAGTTCGCGC-1,1.026557710420684
CAAGAAACAAATTGCC-1,0.8674792844713617
CAAGAAACACCAGCAC-1,0.9552997822428302
CAAGAAACAGGACGTA-1,0.9627643892177116
CAAGAAACATCACAAC-1,0.9261057540157425
CAAGAAACATTATCTC-1,1.0232763146321944
CAAGAAAGTGCACCAC-1,1.0245760904066123
CAAGAAAGTTCAGGCC-1,0.9208747310793242
CAAGAAAGTTGCCTCT-1,1.0321803283333346
CAAGAAATCAGGATCT-1,1.0275015117749946
CAAGAAATCCAAGTAC-1,1.0325356528118896
CAAGAAATCCCTTGCA-1,1.0241665832564453
CAAGAAATCGTTTGCC-1,0.9132114714065639
CAAGATCAGATCTGCT-1,0.9644628626342603
CAAGATCAGCAGACTG-1,1.0139678294373653
CAAGATCAGTGGTAGC-1,0.9573386681688697
CAAGATCCAAAGCGGT-1,1.0106262275778306
CAAGATCCAACCGCCA-1,0.9715109417272881
CAAGATCCAAGCGCTC-1,1.0217657084640963
CAAGATCCACACCGAC-1,1.0340663471950735
CAAGATCCAGCCACCA-1,1.0225120681417523
CAAGATCCATGGAATA-1,0.996944322041866
CAAGATCCATTTCACT-1,1.0315097311957393
CAAGATCGTAGCGCAA-1,1.000294740745388
CAAGATCGTAGGGTAC-1,0.9865442213294869
CAAGATCGTGAGTATA-1,1.0408913865348537
CAAGATCGTGATAAAC-1,1.01843662386515
CAAGATCGTGGTGTAG-1,1.0398652797219645
CAAGATCGTTCCCGAG-1,1.0256363089008176
CAAGATCTCAGCTCGG-1,0.9409689024734955
CAAGATCTCGCGCCAA-1,1.0488287458396484
CAAGATCTCTCGCATC-1,1.023238772056732
CAAGGCCAGGAGTACC-1,1.0408046476910868
CAAGGCCCAATGACCT-1,1.0223712710749253
CAAGGCCCAATGGATA-1,1.0341561760238207
CAAGGCCCACACAGAG-1,1.0332321785422447
CAAGGCCCACCAGGTC-1,0.9796975623386582
CAAGGCCCAGGTCTCG-1,1.0324317670288519
CAAGGCCGTAGGCATG-1,1.014377665820786
CAAGGCCGTCTAAACC-1,0.9751362460175751
CAAGGCCGTCTTGATG-1,1.0394434764175742
CAAGGCCTCAAACCAC-1,1.0172184031245703
CAAGGCCTCAGTTCGA-1,0.9938982486858684
CAAGGCCTCGCTTAGA-1,1.0331507932503883
CAAGGCCTCGTCCAGG-1,0.952411903636981
CAAGGCCTCTATCGCC-1,0.8833756301232697
CAAGGCCTCTCTGCTG-1,1.040335985662456
CAAGTTGAGAAGGTTT-1,1.0201798606198162
CAAGTTGAGATGCCAG-1,1.0045884465388968
CAAGTTGAGCGACGTA-1,0.9911409247397812
CAAGTTGAGCTACCTA-1,1.0399630267644633
CAAGTTGCACGGCCAT-1,0.9712515677568222
CAAGTTGCAGCCAATT-1,0.981679974575519
CAAGTTGCAGCCACCA-1,1.0303580484690085
CAAGTTGCATTACGAC-1,1.0334604747641283
CAAGTTGCATTGGTAC-1,1.0295982432686173
CAAGTTGGTTCGCGAC-1,1.0116579692192382
CAAGTTGGTTGATTCG-1,1.0308931592325319
CAAGTTGTCCAAACAC-1,1.0479501712893085
CAAGTTGTCCGGGTGT-1,1.0117762027661554
CAAGTTGTCGCCTGTT-1,0.8507473257782255
CAAGTTGTCGGTTAAC-1,0.9331464852166099
CAAGTTGTCGTTTATC-1,0.9586400536243326
CAAGTTGTCTTGACGA-1,1.026378916463914
CACAAACAGCCGGTAA-1,0.985648675305212
CACAAACCACAACTGT-1,1.0208210657525816
CACAAACCACAGAGGT-1,0.9161128299956525
CACAAACCAGGGCATA-1,1.0165905964503947
CACAAACCAGTTTACG-1,1.0257389582171383
CACAAACCATGGTCAT-1,1.027312983087868
CACAAACGTATCAGTC-1,0.9566816222668203
CACAAACGTCAAAGAT-1,0.9277932159607297
CACAAACGTCCGCTGA-1,1.0399941524592544
CACAAACGTCTAGTGT-1,0.9930517297841024
CACAAACGTGTATGGG-1,1.040474566598607
CACAAACGTTGCCTCT-1,1.0333350931688963
CACAAACTCAACACAC-1,1.0044979794535505
CACAAACTCACCTTAT-1,1.0187021491151582
CACAAACTCACTTCAT-1,1.0184979726869996
CACAAACTCAGAGCTT-1,0.9608918410719054
CACAAACTCGCCTGAG-1,1.0318797826253652
CACAAACTCTAACTTC-1,1.0306270596616594
CACAAACTCTTTACAC-1,0.9623593607614616
CACACAAAGACATAAC-1,1.0351877807551733
CACACAAAGCGTCAAG-1,1.0058281889364613
CACACAAAGTCCTCCT-1,0.9623497744082071
CACACAACAACCGCCA-1,1.0224148886092748
CACACAACACGTCAGC-1,0.9934393813272863
CACACAACACTTAACG-1,0.9462409495548578
CACACAACAGCATGAG-1,0.9496353014009239
CACACAACAGTATAAG-1,1.0370381393550439
CACACAAGTCTTGCGG-1,0.9931342788682884
CACACAAGTGTGAAAT-1,1.034027228399563
CACACAAGTTATCCGA-1,1.039950955556384
CACACAATCATGTCTT-1,1.024922165203395
CACACAATCCGAATGT-1,1.030729747242918
CACACAATCGGAATCT-1,1.0241026666958646
CACACAATCGTCCAGG-1,1.0414729425586364
CACACAATCTGTCCGT-1,1.0297118770370721
CACACCTAGAAGGACA-1,0.9946592548528167
CACACCTAGCAGGCTA-1,0.9240760894365728
CACACCTAGGAGCGTT-1,1.0374052336194513
CACACCTAGGTGCAAC-1,1.0306280617577488
CACACCTCAAGTCTGT-1,1.043030856069598
CACACCTGTCAGAATA-1,0.9022218196422246
CACACCTGTCATGCCG-1,0.9729794023887255
CACACCTGTCCGTCAG-1,1.0339478942435625
CACACCTGTCGCGAAA-1,0.9150600791013653
CACACCTGTGAGTGAC-1,1.0146688907585535
CACACCTGTGGCCCTA-1,0.9736357321425225
CACACCTTCATTGCGA-1,1.0379970680955264
CACACCTTCCTAGAAC-1,1.0102155411312788
CACACCTTCCTAGTGA-1,1.0300588113305187
CACACCTTCTCTAGGA-1,0.9979980598983649
CACACTCAGAAGGTGA-1,1.0311681915611748
CACACTCCAAGCGCTC-1,1.024915049847478
CACACTCCACCAACCG-1,0.9453598892680091
CACACTCCATACGCTA-1,0.8760485659247832
CACACTCCATTGCGGC-1,1.0320701387042466
CACACTCGTGCTCTTC-1,1.0227624685312673
CACACTCGTTACTGAC-1,0.9635069739681738
CACACTCGTTCAACCA-1,1.0238450865902808
CACACTCGTTCCCGAG-1,1.0330358141264826
CACACTCTCCGGGTGT-1,1.0294838012100829
CACACTCTCGAATGCT-1,0.8655706118123815
CACACTCTCGAGCCCA-1,1.0244335198797094
CACACTCTCTTGTACT-1,1.0277825173846207
CACAGGCAGAGCCCAA-1,1.0300265810543783
CACAGGCAGGACCACA-1,1.0291251701251876
CACAGGCAGGACGAAA-1,1.04241939024037
CACAGGCAGTCCTCCT-1,1.0083915712911586
CACAGGCCAGTTCATG-1,1.0134111965271773
CACAGGCTCAAAGACA-1,0.9744271452481021
CACAGGCTCAGAGCTT-1,1.0336703887966674
CACAGGCTCGAACTGT-1,1.0247266666275172
CACAGGCTCGCGTAGC-1,1.0296402535223514
CACAGGCTCGGCGCAT-1,0.9668155794556332
CACAGTAAGAGACTAT-1,1.019403217511608
CACAGTAAGCGGCTTC-1,0.8926582331610525
CACAGTAAGGGTTCCC-1,0.8924198570221289
CACAGTAAGTGTTTGC-1,1.0315330307816082
CACAGTACAACGCACC-1,1.0286917890631335
CACAGTACAGCTGTAT-1,1.0428912702184197
CACAGTACAGGGAGAG-1,0.9867535787170859
CACAGTACATGATCCA-1,0.9538446903602386
CACAGTAGTATCGCAT-1,0.8932898441022092
CACAGTAGTCGTGGCT-1,1.0294490597431993
CACAGTAGTCTAGCGC-1,1.0247430559574744
CACAGTAGTGAACCTT-1,1.0312906506895596
CACAGTAGTGTGTGCC-1,0.9728335839790314
CACAGTAGTTAGAACA-1,0.8649655654164012
CACAGTATCATAGCAC-1,0.9315901056496285
CACAGTATCCAGAAGG-1,1.0033298455883017
CACAGTATCTTGAGGT-1,1.0203182651740301
CACATAGAGAAACCAT-1,0.9978536998380148
CACATAGAGACTTTCG-1,1.0290554773313703
CACATAGAGAGTCGGT-1,1.0146133993907334
CACATAGAGCAAATCA-1,1.0111274166960849
CACATAGAGCAGATCG-1,1.0284804993919108
CACATAGAGGAGTAGA-1,1.033256261597694
CACATAGAGGATCGCA-1,1.008935661488418
CACATAGCAAGGGTCA-1,0.9839895652695292
CACATAGCACAGACTT-1,1.0258878789859487
CACATAGCAGACACTT-1,1.0281274778120302
CACATAGCATGAGCGA-1,1.030568571026017
CACATAGCATGTAAGA-1,1.036495192005902
CACATAGGTAGCGCAA-1,0.9654778308573388
CACATAGGTCGCTTCT-1,1.03658905135191
CACATAGGTCTTCAAG-1,0.9446202403319022
CACATAGTCACTCCTG-1,1.0503834593407255
CACATAGTCACTTATC-1,1.0282982250342856
CACATAGTCGCATGAT-1,1.0313812836371679
CACATAGTCGTCCAGG-1,0.9566806661511998
CACATTTAGAGTGAGA-1,0.9462477848178605
CACATTTAGATAGCAT-1,1.035084105576086
CACATTTAGCAATATG-1,0.9382820932403475
CACATTTCACTTACGA-1,0.9839537541507287
CACATTTCAGATAATG-1,1.017354403813062
CACATTTCATAGGATA-1,1.0372880586414164
CACATTTGTCACCCAG-1,0.8745627517226935
CACATTTGTTCAGCGC-1,1.0326085501210367
CACATTTGTTGGTAAA-1,1.0342840831830598
CACATTTTCCTTGACC-1,1.0383455782387223
CACCACTAGAATAGGG-1,0.8606228017619455
CACCACTAGCTGAACG-1,1.0323251367608872
CACCACTAGGATTCGG-1,0.9634683541966375
CACCACTAGGGAAACA-1,1.0185046857987077
CACCACTAGTCTTGCA-1,1.031135938987033
CACCACTCACCCTATC-1,1.0197807686728566
CACCACTCACGAAATA-1,1.0117483518071548
CACCACTCACTCAGGC-1,1.0338615742459107
CACCACTCAGGGTACA-1,0.9949705253232002
CACCACTGTAGCTTGT-1,1.0317689428053989
CACCACTGTCATGCCG-1,1.0386998336420197
CACCACTGTCTTGCGG-1,0.8768553486394172
CACCACTGTGACGGTA-1,1.027186997275277
CACCACTGTGGCGAAT-1,0.9919602036364293
CACCACTGTTGGTAAA-1,0.9308053289491252
CACCACTTCATGTAGC-1,1.0144270265999167
CACCAGGAGACCGGAT-1,1.0495064009028499
CACCAGGAGAGACTTA-1,1.0313611999293857
CACCAGGAGCGTAGTG-1,1.01210714592726
CACCAGGAGGACACCA-1,0.9786335905333008
CACCAGGAGTTACGGG-1,1.0340021508125838
CACCAGGCAACTGGCC-1,1.0337848896684094
CACCAGGCAAGAGTCG-1,1.0480918488587272
CACCAGGCAGACTCGC-1,1.0209633658736699
CACCAGGCATCGGAAG-1,1.0143827382994812
CACCAGGCATCGGACC-1,1.0242430384706758
CACCAGGCATTCCTGC-1,1.0337732829893693
CACCAGGGTACGCTGC-1,0.9812563502886005
CACCAGGGTATAATGG-1,1.0332132403185137
CACCAGGGTCACCTAA-1,1.026897498496267
CACCAGGTCACGCATA-1,0.7923959307486844
CACCAGGTCAGTTAGC-1,1.0171835326695193
CACCAGGTCTTGTCAT-1,1.0296469544018934
CACCTTGAGGCAATTA-1,1.0400093351947652
CACCTTGAGTGGAGAA-1,0.9238698830705653
CACCTTGCACGCCAGT-1,0.9776897320024908
CACCTTGCAGGTCCAC-1,0.9915358917122756
CACCTTGCATAAGACA-1,1.0247208027022012
CACCTTGCATCACGAT-1,1.0004068786853861
CACCTTGCATCCGCGA-1,1.0341808094250606
CACCTTGCATGGGAAC-1,1.0104733939815849
CACCTTGGTAGCGTAG-1,1.0380087018168338
CACCTTGGTGGAAAGA-1,0.9759800165275848
CACCTTGTCAACACTG-1,0.9405806692947302
CACCTTGTCAGGCGAA-1,0.9428867781974924
CACCTTGTCATAGCAC-1,1.0306532916469135
CACCTTGTCCCTCAGT-1,0.9781474577418351
CACCTTGTCCGATATG-1,0.973595672233448
CACCTTGTCGCTGATA-1,1.0372267257579078
CACCTTGTCGTGGGAA-1,0.9612629043693778
CACCTTGTCTTGAGAC-1,1.0060771646923878
CACTCCAAGATCGATA-1,1.0267221378085538
CACTCCAAGCTACCTA-1,1.0425671546933575
CACTCCAAGTATCTCG-1,1.0235866246101102
CACTCCACACAGGAGT-1,0.9676514500306972
CACTCCACAGGTCGTC-1,1.0292215004289247
CACTCCACAGTCGTGC-1,0.9871535265028968
CACTCCACAGTCTTCC-1,1.0279421199627186
CACTCCACATACTACG-1,1.0042316462565868
CACTCCAGTCTTCTCG-1,1.0199519474869125
CACTCCAGTGCTGTAT-1,1.0016717061758464
CACTCCAGTTACGTCA-1,0.9589588125723318
CACTCCATCACGAAGG-1,0.9008402622088647
CACTCCATCAGAGACG-1,1.0206042482417723
CACTCCATCCCGACTT-1,1.0393948493445542
CACTCCATCTACCTGC-1,1.041121260634303
CACTCCATCTGTCTAT-1,0.8388197625501504
CACTCCATCTTAACCT-1,1.0317213597644315
CAGAATCAGGGTGTGT-1,0.9619497800602399
CAGAATCCAGACGCCT-1,0.9565590016454661
CAGAATCCAGATAATG-1,0.9783142408456332
CAGAATCCAGATCCAT-1,1.0380365382595147
CAGAATCCATCGGACC-1,0.9430885117278375
CAGAATCGTTACAGAA-1,0.9685068455743654
CAGAATCTCTCAAACG-1,0.9448677107023742
CAGAATCTCTGCTGCT-1,0.9831388285528465
CAGAATCTCTGCTGTC-1,1.0390352065647817
CAGAGAGAGAGAGCTC-1,1.0406513783256348
CAGAGAGAGATACACA-1,1.0274781486095226
CAGAGAGAGTGCGATG-1,0.9927435365081179
CAGAGAGCACTGTCGG-1,1.035964417801467
CAGAGAGGTACCAGTT-1,1.0361480909019651
CAGAGAGGTCAGCTAT-1,1.0322277135894404
CAGAGAGGTCCAAGTT-1,1.0207307369168264
CAGAGAGGTGACGGTA-1,1.0376301821622358
CAGAGAGGTGTGGCTC-1,1.0467285721161406
CAGAGAGTCACTTATC-1,1.0382827573731934
CAGAGAGTCAGTACGT-1,0.9783783366861382
CAGAGAGTCCCTAATT-1,1.0325288564495583
CAGAGAGTCCGCAAGC-1,1.0288158649821133
CAGAGAGTCCGGGTGT-1,1.0321321899020355
CAGAGAGTCTATGTGG-1,0.995214724821158
CAGATCAAGACCGGAT-1,1.0351473518042353
CAGATCAAGCTATGCT-1,0.9837896862724703
CAGATCAAGGCTCTTA-1,1.036535289313468
CAGATCACAACACGCC-1,1.0001237908024923
CAGATCACACAAGCCC-1,1.0242748605081635
CAGATCACACATCTTT-1,0.9802130985827956
CAGATCACAGCTCGAC-1,1.0163223404449264
CAGATCACAGCTTAAC-1,1.030659092186358
CAGATCACAGTGAGTG-1,0.9494456731589277
CAGATCACATATGAGA-1,1.0373222126626556
CAGATCACATGTAGTC-1,1.0388047198474708
CAGATCACATTGAGCT-1,1.0087030181843797
CAGATCAGTACCGAGA-1,1.0271659119201784
CAGATCAGTACGCACC-1,1.026010362956856
CAGATCAGTACTCTCC-1,1.029467552879383
CAGATCAGTTCGAATC-1,0.9671773950991388
CAGATCATCATAGCAC-1,0.9964431777713867
CAGATCATCGTCACGG-1,1.0373770353259322
CAGATCATCTTGTTTG-1,1.0396371861046307
CAGCAGCAGCCTTGAT-1,0.9086988261134635
CAGCAGCAGGCTCTTA-1,1.0321658044190336
CAGCAGCAGGGATACC-1,1.0220339618216558
CAGCAGCAGTCAAGCG-1,1.034049314575976
CAGCAGCCAAACGTGG-1,1.0294802875665525
CAGCAGCCACTCAGGC-1,1.0034204549745454
CAGCAGCCATATACGC-1,1.0357619810394971
CAGCAGCGTACTTGAC-1,1.0303103764890167
CAGCAGCGTAGTGAAT-1,1.0374879915371593
CAGCAGCGTCTGATTG-1,0.9425231870229043
CAGCAGCTCACGCGGT-1,1.0450070068181005
CAGCAGCTCCATTCTA-1,0.9854895403182455
CAGCAGCTCCGTTGTC-1,0.973107634883339
CAGCAGCTCGCATGAT-1,1.0359683231488945
CAGCATAAGACAAAGG-1,1.0252423352769247
CAGCATAAGACAAGCC-1,1.0000925091858113
CAGCATAAGCCGATTT-1,0.8641120913695651
CAGCATAAGCGAAGGG-1,1.0383402568332825
CAGCATAAGCGGATCA-1,0.9853244518741109
CAGCATAAGTGTCCCG-1,1.039551685637488
CAGCATAAGTTAAGTG-1,1.0282727644901368
CAGCATACACGACTCG-1,1.02876709355436
CAGCATAGTAGCGTCC-1,0.9978335461046166
CAGCATAGTCTGGTCG-1,1.0294529934994539
CAGCATATCCCATTTA-1,0.9511286465899942
CAGCATATCCCTAACC-1,1.0342193884938486
CAGCATATCCCTCTTT-1,0.9909520455336311
CAGCATATCCGTTGCT-1,0.995155760704088
CAGCATATCGCCATAA-1,0.9388175084845088
CAGCATATCTACGAGT-1,0.9912882463465262
CAGCATATCTCCAACC-1,1.028972309096518
CAGCATATCTCGCATC-1,1.023869491767238
CAGCCGAAGACACGAC-1,0.9251115260205032
CAGCCGAAGCATGGCA-1,1.0222190965822398
CAGCCGAAGCCGTCGT-1,1.030574719210779
CAGCCGAAGGGCTTGA-1,1.0341922628744848
CAGCCGAAGTATCTCG-1,1.0142543097117962
CAGCCGAAGTCGTTTG-1,0.9550128724100904
CAGCCGAAGTGAACAT-1,1.0333220138054533
CAGCCGAAGTGGGTTG-1,1.0122416993633312
CAGCCGACAGCTGTTA-1,1.0345106758813571
CAGCCGACAGGATTGG-1,0.975029379779955
CAGCCGACATGGAATA-1,0.982705485393251
CAGCCGAGTGCCTTGG-1,1.0119049773721398
CAGCCGAGTGTCCTCT-1,0.9333482940486442
CAGCCGAGTTAAGACA-1,0.9731808774273796
CAGCCGAGTTGCTCCT-1,0.9901414119696015
CAGCCGATCACGGTTA-1,0.9623297111661535
CAGCGACAGGATGCGT-1,0.9489076554770923
CAGCGACAGTGATCGG-1,1.0248191694437487
CAGCGACAGTTTGCGT-1,1.0418175156286351
CAGCGACCACATAACC-1,1.008097349657918
CAGCGACCACCTCGTT-1,1.010013283145383
CAGCGACCACTGAAGG-1,1.0292443661470303
CAGCGACCATGAACCT-1,0.8913720730511098
CAGCGACGTCCTCTTG-1,1.0232182855755618
CAGCGACGTGTAATGA-1,1.0356265829694007
CAGCGACGTGTCGCTG-1,0.9763013874537737
CAGCGACGTTCGTCTC-1,1.0257522044941485
CAGCGACTCCTAAGTG-1,1.0366470447576601
CAGCGACTCGATCCCT-1,1.0264685801659066
CAGCGACTCGTTACGA-1,0.9738696800163708
CAGCTAACAAGTTCTG-1,1.0256387387578676
CAGCTAACACACAGAG-1,1.0372566653685151
CAGCTAACACCAGTTA-1,0.9578635594190227
CAGCTAACAGCATGAG-1,1.0006489396915086
CAGCTAAGTCAGATAA-1,0.9221501131718103
CAGCTAAGTCGGCACT-1,1.0436509056595118
CAGCTAATCCGTACAA-1,1.0234539889408054
CAGCTAATCGGCGCTA-1,0.973374557965249
CAGCTAATCTCCAGGG-1,1.0171412883446627
CAGCTAATCTGTCTCG-1,0.9648352312278102
CAGCTGGAGAATAGGG-1,0.9887665494951287
CAGCTGGAGACTTGAA-1,0.9109701264850054
CAGCTGGCATGGTTGT-1,0.992264310348516
CAGCTGGGTGTGAAAT-1,1.0402138584878136
CAGCTGGTCTTGTCAT-1,1.04583735478339
CAGGTGCAGTGAAGAG-1,1.0067281258691816
CAGGTGCAGTGTACGG-1,1.0472403779719253
CAGGTGCCAAGAGGCT-1,0.968504556812552
CAGGTGCCACATTTCT-1,1.0288191249639544
CAGGTGCCATGCATGT-1,0.9813403379319773
CAGGTGCCATGGGACA-1,1.0414432211854783
CAGGTGCGTAGGCTGA-1,1.0295662569767794
CAGGTGCGTTAAGTAG-1,1.024929235731271
CAGGTGCGTTCCACAA-1,1.0499640141425477
CAGGTGCTCCTTTCGG-1,0.9746754737520633
CAGGTGCTCTACTCAT-1,1.024869488949627
CAGGTGCTCTGTTGAG-1,0.9612151207016415
CAGTAACAGAAACGAG-1,0.9752044060018159
CAGTAACAGAAGATTC-1,1.0013377897582658
CAGTAACAGCAGCGTA-1,1.038831393500004
CAGTAACAGCATCATC-1,0.9682540822067575
CAGTAACAGGTAAACT-1,0.9698081961340768
CAGTAACCAAGACGTG-1,1.0053818336456974
CAGTAACCAGAGCCAA-1,1.040708524649615
CAGTAACCAGTAAGCG-1,0.9301908684121485
CAGTAACCATATGAGA-1,0.9956567306494982
CAGTAACGTATAATGG-1,1.0387152024338073
CAGTAACTCACAGGCC-1,1.0425637776455599
CAGTAACTCCAAATGC-1,1.023215341087535
CAGTAACTCCAGTATG-1,1.0309290547633676
CAGTAACTCGATAGAA-1,1.0295634342594056
CAGTAACTCTCTAGGA-1,1.0219101558809485
CAGTCCTAGATGCCTT-1,1.0412111178467778
CAGTCCTAGCAGGTCA-1,0.9154830821224207
CAGTCCTAGGACAGAA-1,0.939916442951573
CAGTCCTAGGCCCTCA-1,1.023075525306266
CAGTCCTAGGCTCATT-1,0.9897294815989215
CAGTCCTAGGGTATCG-1,1.0178363859043786
CAGTCCTAGGGTTCCC-1,1.0123488992786267
CAGTCCTAGTACGTAA-1,0.9940009676083628
CAGTCCTCAATCTGCA-1,0.9344295711981779
CAGTCCTCACAAGTAA-1,0.9928793903566083
CAGTCCTCACGGATAG-1,1.0259178201340933
CAGTCCTCAGGCGATA-1,1.0272715207588843
CAGTCCTCAGGGATTG-1,1.0196655590755375
CAGTCCTCAGTAAGCG-1,1.017502978873287
CAGTCCTCATTGCGGC-1,0.982566584245758
CAGTCCTGTAAATACG-1,1.033236326578164
CAGTCCTGTAATTGGA-1,0.8493306193659597
CAGTCCTGTCCGTTAA-1,0.950107409353367
CAGTCCTTCAAACGGG-1,0.9975102469119003
CAGTCCTTCCCAAGTA-1,1.0310582036095495
CAGTCCTTCCTTAATC-1,0.9552452083798574
CAGTCCTTCGCTTAGA-1,0.9895786018334927
CAGTCCTTCGTCCAGG-1,1.039589366854239
CAGTCCTTCTTTACAC-1,1.0131593860254478
CATATGGAGACCACGA-1,1.0310398718617981
CATATGGAGAGGGCTT-1,1.0067263454308502
CATATGGAGAGGTAGA-1,1.0263179720188285
CATATGGAGATATGGT-1,0.9592515388411406
CATATGGAGGATGGAA-1,1.0308901986091248
CATATGGAGGGTCTCC-1,0.9233988960355652
CATATGGAGTTCGATC-1,0.9220126094163998
CATATGGCACCGGAAA-1,1.0304428662672136
CATATGGCATAGGATA-1,1.0206982657052461
CATATGGCATGCATGT-1,1.025396802261127
CATATGGCATTCTTAC-1,1.0416255241813086
CATATGGGTGACGCCT-1,1.0252371190999947
CATATGGGTGCGGTAA-1,1.0377682757702371
CATATGGGTGGGTCAA-1,1.0180588097569592
CATATGGTCACAAACC-1,0.9913209086171346
CATATTCAGAGATGAG-1,1.0081483253657146
CATATTCAGCCAGAAC-1,0.9963560595774408
CATATTCAGGGCACTA-1,1.022571492458134
CATATTCAGTCCCACG-1,0.9291631066386337
CATATTCAGTGAATTG-1,1.0273307447349176
CATATTCAGTGGACGT-1,1.0039695485574456
CATATTCAGTTCGCAT-1,0.9110466055320307
CATATTCCAACCGCCA-1,1.0323686799336054
CATATTCCAGGTCCAC-1,0.9279978472552489
CATATTCGTAGCAAAT-1,1.0388801091709259
CATATTCGTCGCTTCT-1,1.0455919883569815
CATATTCGTTAAGATG-1,0.8891523098910248
CATATTCGTTACTGAC-1,0.9850875670990894
CATATTCTCAACTCTT-1,1.0380294280336715
CATATTCTCAATACCG-1,0.9802104597850576
CATATTCTCACCCTCA-1,1.0313982370664838
CATATTCTCAGCTGGC-1,1.0286754913045877
CATATTCTCGGCCGAT-1,0.8220525895046773
CATATTCTCGGCTACG-1,1.0313393521992977
CATCAAGCAAGTCTGT-1,1.0229533531227624
CATCAAGCATCACGAT-1,0.9689796229168063
CATCAAGGTCGGCTCA-1,0.9793522053579021
CATCAAGGTCTCACCT-1,1.0384112905528229
CATCAAGGTCTCGTTC-1,0.9234590357619145
CATCAAGGTGTTGGGA-1,1.002746762244805
CATCAAGTCATAACCG-1,1.040729470908691
CATCAAGTCGGAAACG-1,0.9418092705992127
CATCAAGTCTTGCAAG-1,0.9862708776658742
CATCAGAAGAGTGACC-1,1.03231066773795
CATCAGAAGATATACG-1,0.9091991744114262
CATCAGAAGGCATGTG-1,1.006007593709236
CATCAGAAGTACCGGA-1,1.0211100981642416
CATCAGAAGTGATCGG-1,1.0389005193936502
CATCAGAAGTTTCCTT-1,1.0119961188935873
CATCAGACAACAACCT-1,0.9884406210902204
CATCAGACAAGCGATG-1,0.962775068503106
CATCAGACACATGACT-1,1.0322666274200645
CATCAGACATCCAACA-1,1.032830211608198
CATCAGACATTAGCCA-1,0.9681438100582022
CATCAGAGTAAGAGGA-1,1.0420123991315264
CATCAGAGTACCGTTA-1,1.046231843210374
CATCAGAGTAGGGACT-1,0.861624967818068
CATCAGAGTCAAAGCG-1,1.0250511867590235
CATCAGAGTCTGATTG-1,1.0292689102433619
CATCAGAGTGCACGAA-1,1.035531044654786
CATCAGATCACCAGGC-1,0.9986955295232194
CATCAGATCATGTCTT-1,1.0073513433801426
CATCAGATCCTTCAAT-1,0.9760027795408099
CATCAGATCGCACTCT-1,1.0245057720789539
CATCAGATCTCGCTTG-1,0.9172169666948324
CATCCACAGCAGACTG-1,1.0375109120721133
CATCCACAGGTGGGTT-1,1.0037840815721921
CATCCACCAACTTGAC-1,1.0138574736439678
CATCCACCAAGCGATG-1,0.9124529722254411
CATCCACCACGGACAA-1,1.0011323649819353
CATCCACCAGCGTAAG-1,0.8909796621212945
CATCCACCATACGCCG-1,0.8776670969574475
CATCCACCATCTATGG-1,1.021312629092994
CATCCACGTACAGTGG-1,0.982160702612313
CATCCACGTATGAATG-1,1.0267596537776313
CATCCACGTGCAACTT-1,1.0219372099017674
CATCCACGTGCTCTTC-1,1.017407813572295
CATCCACGTGGCTCCA-1,1.0044059755448824
CATCCACTCAGCTCGG-1,1.0391928479615906
CATCCACTCATCACCC-1,1.0391226480997673
CATCCACTCATTGCCC-1,1.0452704318769608
CATCCACTCCAGTATG-1,1.0313942640865836
CATCCACTCCCGGATG-1,0.9525496221039372
CATCCACTCTCAAACG-1,1.0332045377297971
CATCGAAAGACTAGAT-1,0.9604540217336688
CATCGAAAGATAGTCA-1,0.9831912096894498
CATCGAAAGCCAGTAG-1,1.0272131723712943
CATCGAAAGCCCTAAT-1,1.0117272773547565
CATCGAAAGGACAGCT-1,0.9453963978902319
CATCGAAAGGAGCGTT-1,1.0245968402900167
CATCGAAAGGCGTACA-1,0.9336827828223733
CATCGAACACGCTTTC-1,1.0277004399236844
CATCGAACATGACGGA-1,0.9876054987278525
CATCGAAGTCCGAACC-1,0.920631471446933
CATCGAAGTGGCGAAT-1,1.0094269072696553
CATCGAAGTGTTCGAT-1,1.0345243800738666
CATCGAAGTTGCTCCT-1,1.010929727013869
CATCGAAGTTTGTGTG-1,1.002079022749968
CATCGAATCGGAGCAA-1,1.0348812996931298
CATCGAATCGTCGTTC-1,1.04041161317488
CATCGAATCTGTTTGT-1,1.0362497517730842
CATCGGGAGAGATGAG-1,1.0245284374547676
CATCGGGAGATCTGCT-1,1.0346367338172193
CATCGGGAGGACCACA-1,1.035676894216594
CATCGGGAGGAGCGAG-1,1.0275262420747822
CATCGGGAGTTAGGTA-1,0.9486077559207697
CATCGGGCAAAGAATC-1,1.0010572584116755
CATCGGGGTCGTTGTA-1,0.9427981661086764
CATCGGGGTCTGATCA-1,1.0274504232100232
CATCGGGGTGCATCTA-1,1.0353866783273928
CATCGGGGTGCCTGTG-1,0.9865405653163704
CATCGGGTCCAGATCA-1,0.968407379244558
CATCGGGTCCAGGGCT-1,0.8901654841035413
CATGACAAGACCTAGG-1,0.9193451397614409
CATGACAAGTACGCGA-1,1.0333268291766542
CATGACACAAGTCTAC-1,1.0218269876938793
CATGACACACACGCTG-1,0.895564586848977
CATGACACATTGGCGC-1,1.0222043609973983
CATGACAGTAAAGTCA-1,0.983438532666008
CATGACAGTGGACGAT-1,1.0360204003564175
CATGACAGTGTCCTCT-1,1.0362514901882824
CATGACAGTTATTCTC-1,0.9852430563239126
CATGACAGTTCCGTCT-1,0.9826845425945318
CATGACATCCAGGGCT-1,0.9788800337989513
CATGACATCTCGGACG-1,1.0281616888119591
CATGCCTAGAAACCGC-1,1.0312626720240463
CATGCCTAGATCCTGT-1,1.0367735069399073
CATGCCTAGCCTCGTG-1,0.9913474702850127
CATGCCTAGCGAGAAA-1,1.0293058225623506
CATGCCTAGGGATCTG-1,1.0335527800283577
CATGCCTAGTCAATAG-1,0.8856322684013946
CATGCCTAGTGGGCTA-1,0.9567619045960365
CATGCCTTCCACTGGG-1,1.0176899909973045
CATGCCTTCCCTAATT-1,1.0028669678391688
CATGCCTTCGCCGTGA-1,1.0290308738913596
CATGCCTTCGCTTGTC-1,0.906799206042947
CATGGCGAGAGCTGCA-1,1.0046901188442847
CATGGCGAGGACGAAA-1,1.0420713681507867
CATGGCGAGGCATGTG-1,1.0242493570885223
CATGGCGAGTACGACG-1,1.032317201955964
CATGGCGAGTCCTCCT-1,1.0285797127295477
CATGGCGAGTTGTAGA-1,0.901713564525467
CATGGCGCAAGTAGTA-1,1.0457912140336318
CATGGCGCACAGGTTT-1,1.0050216461932528
CATGGCGCACTTCTGC-1,0.9964659642022352
CATGGCGGTACGCTGC-1,0.9878177089889043
CATGGCGGTGCACGAA-1,0.7049292840622381
CATGGCGGTTAGGGTG-1,0.9993501795185318
CATGGCGTCGAACTGT-1,0.9850677081577115
CATGGCGTCGAGCCCA-1,1.0240105532059507
CATGGCGTCTTCCTTC-1,0.9136394718541375
CATTATCAGAAAGTGG-1,0.9978916941250886
CATTATCAGAGAGCTC-1,1.0162837235165987
CATTATCAGATCGATA-1,1.0244121555178622
CATTATCAGCAATCTC-1,0.9765527254563084
CATTATCAGCACGCCT-1,1.0378995500143169
CATTATCAGGGTTCCC-1,1.0402632693779799
CATTATCAGTCGTACT-1,0.891461046072317
CATTATCCACGCATCG-1,0.9686816148054379
CATTATCCAGCCAGAA-1,0.9380304035844403
CATTATCCATGTCTCC-1,1.023120182176025
CATTATCGTAAATACG-1,1.0199630343435062
CATTATCGTACCGGCT-1,1.0316869318183017
CATTATCGTCCAGTGC-1,0.9891279073055164
CATTATCGTCTGGTCG-1,1.0476455077758975
CATTATCTCAACACTG-1,1.0139559035390229
CATTATCTCACGATGT-1,1.0192690258210835
CATTATCTCATTCACT-1,1.0075493306158836
CATTATCTCGGAGGTA-1,1.0339295335630498
CATTATCTCTACGAGT-1,1.0268463533324945
CATTATCTCTGTCTAT-1,1.0381332859217067
CATTATCTCTTCTGGC-1,0.9360183456648614
CATTCGCAGAATCTCC-1,0.9903943284190309
CATTCGCAGAGTAAGG-1,0.8352029710355283
CATTCGCAGCACCGCT-1,1.034941239875064
CATTCGCAGGACAGCT-1,1.0005906992506857
CATTCGCCAACTGCGC-1,1.0435338201376265
CATTCGCCACCTCGTT-1,1.0246480916766656
CATTCGCCAGCTGCTG-1,1.004086326544655
CATTCGCCAGGCTGAA-1,1.016982332580907
CATTCGCGTAAACGCG-1,1.0324255460294178
CATTCGCGTAGAAGGA-1,0.9854858871921032
CATTCGCGTAGCTTGT-1,1.033305652392559
CATTCGCGTAGGCTGA-1,0.9759401615022385
CATTCGCGTCTGGAGA-1,1.0365983029792185
CATTCGCGTTTAGCTG-1,0.9146778741643278
CATTCGCTCCGCTGTT-1,0.9235374277563285
CATTCGCTCTCACATT-1,1.031646295494935
CCAATCCAGTGACTCT-1,0.9921548779817461
CCAATCCCACGGCTAC-1,1.0075741066006947
CCAATCCCATCTGGTA-1,1.0454815291329873
CCAATCCGTAGCGTCC-1,0.9848358348695715
CCAATCCGTGGAAAGA-1,0.962524534672655
CCAATCCGTGTTCTTT-1,1.0337632314639769
CCAATCCTCCCTAATT-1,1.047192143285287
CCAATCCTCTGTCTCG-1,0.9979276076243493
CCACCTAAGATGTAAC-1,1.0263855823892258
CCACCTAAGCTAACAA-1,1.0270760967053434
CCACCTAAGGGTATCG-1,1.0252967370445063
CCACCTACACCCATTC-1,0.9766853714379211
CCACCTACACCCTATC-1,1.0171444945819434
CCACCTACACCGGAAA-1,0.8623790784811771
CCACCTACACGGCGTT-1,0.9895686828104899
CCACCTACAGACAGGT-1,1.0408092851524935
CCACCTACATACGCCG-1,0.826748473197406
CCACCTAGTCGCTTCT-1,1.0065934272914285
CCACCTATCGAGGTAG-1,1.0436236086139494
CCACCTATCGCATGGC-1,1.0366687836711068
CCACCTATCGTCTGAA-1,1.0434397435908074
CCACCTATCTTTAGTC-1,1.0217372768521376
CCACGGAAGACTCGGA-1,1.0351906263066422
CCACGGAAGTCCTCCT-1,1.031831892532628
CCACGGAAGTTCGATC-1,0.7749160624884199
CCACGGACATTAGGCT-1,1.0385720517007575
CCACGGAGTAGCAAAT-1,0.9881802219083177
CCACGGAGTGCTGTAT-1,0.9868826201584268
CCACGGAGTGTTGGGA-1,1.0435373547767048
CCACGGAGTTGGGACA-1,1.0275014940904297
CCACGGATCAGTACGT-1,0.9243218803096682
CCACGGATCGCCCTTA-1,1.021214906271387
CCACTACAGGACATTA-1,1.0194620077643979
CCACTACAGGGAACGG-1,0.9426787465272902
CCACTACAGTTGTAGA-1,1.0094229786639184
CCACTACCAACGATGG-1,1.0418422280875366
CCACTACCACAGTCGC-1,1.0251885541829815
CCACTACCACTTAAGC-1,1.0408228141723155
CCACTACCATATGAGA-1,0.9750207824293924
CCACTACGTAGCTTGT-1,1.0337361636102513
CCACTACGTATTCTCT-1,1.0218819270602064
CCACTACGTCCGTCAG-1,0.9689483328851999
CCACTACGTTGTCGCG-1,0.9923460113896505
CCACTACGTTTGGCGC-1,0.9063704351159866
CCACTACTCGTGGACC-1,1.0337170090615733
CCACTACTCTATCCCG-1,0.9705714426934913
CCACTACTCTTGTTTG-1,0.926204377018665
CCAGCGAAGGCAGTCA-1,1.0185248764757513
CCAGCGACAATCGAAA-1,1.0331670405117537
CCAGCGACAGACGTAG-1,0.9172021103573704
CCAGCGAGTACATCCA-1,0.8198509721851718
CCAGCGAGTCAGGACA-1,1.039681016458638
CCAGCGAGTCATCCCT-1,1.020017439656801
CCAGCGAGTCCGAATT-1,1.0283365357629497
CCAGCGAGTCCGTTAA-1,1.022729080603721
CCAGCGAGTCGCTTTC-1,1.02973176155983
CCAGCGAGTGCGAAAC-1,1.0211333414487798
CCAGCGAGTTACTGAC-1,1.0177194326746908
CCAGCGATCACTTATC-1,1.0328409343300726
CCAGCGATCATGTCTT-1,1.0138072020992148
CCAGCGATCGGCGCTA-1,1.036330274536114
CCATGTCAGGGAACGG-1,0.9760594694151149
CCATGTCCAATGTTGC-1,1.025340038468186
CCATGTCCACATTCGA-1,0.9087749299754854
CCATGTCCAGCCTTGG-1,1.027683855456764
CCATGTCGTGATGTGG-1,1.0316252347278276
CCATGTCGTGTTGGGA-1,0.8147380335653048
CCATGTCGTTAAGATG-1,0.9182279943935323
CCATGTCTCAAGAAGT-1,1.0134754417470184
CCATGTCTCACTTATC-1,0.9811860937364231
CCATGTCTCAGCGACC-1,1.0476516427400175
CCATGTCTCAGGCCCA-1,1.0062557909404848
CCATGTCTCCATGAAC-1,0.701112531006757
CCATGTCTCGTCACGG-1,0.8335479490103493
CCATGTCTCTTGAGAC-1,1.0293475158865124
CCATGTCTCTTGCCGT-1,1.0279541949198392
CCATTCGAGCTCCTTC-1,1.0055285589548122
CCATTCGAGTGGGATC-1,1.0290516451451504
CCATTCGAGTTACGGG-1,1.0345027589833278
CCATTCGCAACGATGG-1,0.9716566040985742
CCATTCGCAATGTAAG-1,1.03699238600925
CCATTCGCACAAGTAA-1,1.019129779827833
CCATTCGCACGACTCG-1,1.0481358087380122
CCATTCGCAGCCTTTC-1,1.0124399279789362
CCATTCGCATGCCACG-1,1.0313378171625647
CCATTCGGTCGCATAT-1,1.030324494071039
CCATTCGGTGTTTGTG-1,0.9739801080364132
CCATTCGGTTGTGGAG-1,1.0253381246668412
CCATTCGTCAGCGACC-1,0.9822517279183103
CCATTCGTCAGTTGAC-1,0.9657289755479164
CCCAATCAGACCCACC-1,1.029780898315033
CCCAATCAGCACAGGT-1,1.0220827961304695
CCCAATCAGCGAAGGG-1,1.002226050456117
CCCAATCAGCGTAGTG-1,1.0394629681008785
CCCAATCAGGTGCTAG-1,0.9974701017985664
CCCAATCAGTATCGAA-1,0.9684157545442252
CCCAATCAGTGATCGG-1,1.028903710079622
CCCAATCAGTGCCAGA-1,1.030868753871724
CCCAATCAGTGGTCCC-1,1.0366262367682253
CCCAATCCACATTCGA-1,1.0318242748574125
CCCAATCCACGAAACG-1,1.030580535781095
CCCAATCCAGCCTTGG-1,1.0055463460967204
CCCAATCCATATACGC-1,1.0366298916938819
CCCAATCCATGGTAGG-1,0.9263604744264659
CCCAATCGTGCAGACA-1,0.8898342994311003
CCCAATCGTTCCGGCA-1,0.957419658623471
CCCAATCTCAACACTG-1,1.017787186593154
CCCAATCTCAGAGGTG-1,0.9984903884954003
CCCAATCTCCCATTAT-1,1.036970637734026
CCCAATCTCCCTCTTT-1,1.0050552322037212
CCCAATCTCTGTCTAT-1,1.0367022594220223
CCCAATCTCTGTGCAA-1,0.9712197880195613
CCCAGTTAGACCTAGG-1,1.0294466377118727
CCCAGTTAGGTGCACA-1,1.0331826448331078
CCCAGTTCAAGTCTAC-1,1.023985581434433
CCCAGTTCAGGAATGC-1,1.0305695170180618
CCCAGTTGTCCCGACA-1,1.0226806084098041
CCCAGTTTCAAGGTAA-1,0.9231814272428249
CCCAGTTTCAATCACG-1,1.0076792434510393
CCCAGTTTCCAGATCA-1,1.004801476412255
CCCAGTTTCCGCATCT-1,0.9493022660023691
CCCAGTTTCCTATGTT-1,1.0289700808780542
CCCAGTTTCCTTAATC-1,1.0284581777103683
CCCAGTTTCTCCCTGA-1,0.9855741376112693
CCCATACAGAAACCTA-1,0.9439939299940552
CCCATACAGAAACGCC-1,1.0239729625706981
CCCATACAGACACGAC-1,0.9193745613669816
CCCATACAGCTGAAAT-1,1.0313077766967635
CCCATACCAAGTAATG-1,1.0158350996126801
CCCATACCACTTAAGC-1,1.0388048997290356
CCCATACGTACATGTC-1,0.9453050448979191
CCCATACGTACCGGCT-1,0.9957256456278321
CCCATACGTACTTAGC-1,0.8536245416754437
CCCATACGTATAAACG-1,1.0218824224999103
CCCATACGTCCGAGTC-1,0.9859774957116655
CCCATACGTCGAACAG-1,1.0326805120639848
CCCATACGTCTTCGTC-1,1.0336072792054896
CCCATACGTGATAAAC-1,0.9855021812678798
CCCATACGTTTGACTG-1,0.9858322198084686
CCCATACTCACCGTAA-1,0.9782189490851341
CCCATACTCCTACAGA-1,0.9589020237743445
CCCATACTCGTTACGA-1,1.0384656912073997
CCCTCCTAGCTGAACG-1,1.0280263343313267
CCCTCCTAGGCATGTG-1,1.0179622408299176
CCCTCCTAGTGTTTGC-1,0.9502584544330203
CCCTCCTCACATCCAA-1,0.9864235539629241
CCCTCCTCACCGGAAA-1,0.8445312759969692
CCCTCCTCACGGTAGA-1,0.8885941443771878
CCCTCCTCATCCCACT-1,1.0258947656332598
CCCTCCTCATTGAGCT-1,1.0186649513140933
CCCTCCTGTCACAAGG-1,1.0260143752334556
CCCTCCTGTCTACCTC-1,1.0237530165677386
CCCTCCTGTGCTAGCC-1,1.0336112868760634
CCCTCCTGTTCGCTAA-1,1.0299379846876526
CCCTCCTGTTCGTCTC-1,0.9379836243438998
CCCTCCTTCCGTAGTA-1,0.975378465243611
CCCTCCTTCCTCAATT-1,0.9707255600943289
CCCTCCTTCTCGATGA-1,1.0361595014318712
CCGGGATAGACCGGAT-1,1.012211358480856
CCGGGATAGCACAGGT-1,0.9029509176301999
CCGGGATAGCGCTCCA-1,1.0070021001815233
CCGGGATAGGAATTAC-1,1.028671400324893
CCGGGATAGTGCTGCC-1,1.0373853984827235
CCGGGATCAATAGCGG-1,1.0377216948422587
CCGGGATCACAACGCC-1,1.0250375182064768
CCGGGATCAGATCGGA-1,0.9396729366483235
CCGGGATCATCACGAT-1,1.029609032763254
CCGGGATCATGGAATA-1,1.038039296285378
CCGGGATCATTGGGCC-1,1.0253887390493661
CCGGGATGTACCATCA-1,1.0464178754746958
CCGGGATGTAGTGAAT-1,1.0417614968056572
CCGGGATGTGAGTATA-1,1.039199323432935
CCGGGATTCCCAACGG-1,0.984495206542884
CCGGGATTCGCAAGCC-1,0.9346247616573432
CCGGGATTCTCCGGTT-1,0.9378848015681891
CCGGGATTCTGGAGCC-1,1.0083659267454745
CCGGTAGAGAGACTAT-1,0.9747501656055738
CCGGTAGAGTACTTGC-1,1.0031434006383948
CCGGTAGCAACGATGG-1,1.0263018105438322
CCGGTAGCACGGTAAG-1,0.8987163201445794
CCGGTAGCACGGTTTA-1,1.0238980681160799
CCGGTAGCAGTCAGCC-1,1.019258309161685
CCGGTAGCATCCCACT-1,1.0225754091063872
CCGGTAGCATGGGACA-1,1.037186290339963
CCGGTAGGTCTTGTCC-1,0.9543912553716725
CCGGTAGGTGTGGTTT-1,1.023071175545138
CCGGTAGGTGTGTGCC-1,1.030135063336261
CCGGTAGGTTCAGTAC-1,1.0323963532180322
CCGGTAGGTTGTGGAG-1,1.0438574662008175
CCGGTAGTCAGGATCT-1,0.9973275711665017
CCGGTAGTCGCAGGCT-1,1.0261104500645224
CCGGTAGTCGGAGGTA-1,0.8165991217186032
CCGTACTAGTCGATAA-1,1.0300253154509427
CCGTACTCAATGGATA-1,0.974400232885786
CCGTACTCACCGTTGG-1,0.9625533583746365
CCGTACTCATCGTCGG-1,1.033343277057626
CCGTACTGTCCGAATT-1,0.9640290697940215
CCGTACTGTCTGCGGT-1,1.0196516747053033
CCGTACTGTGCGATAG-1,0.9342612379704667
CCGTACTTCCCTTGCA-1,0.8884483573750325
CCGTACTTCCGCAGTG-1,0.9976165667994321
CCGTACTTCGCTTGTC-1,0.9411293291033093
CCGTGGAAGATCCCGC-1,1.0332842140326617
CCGTGGAAGCGATAGC-1,1.0366709146145892
CCGTGGAAGCGTCTAT-1,0.9930547892292417
CCGTGGAAGCTAGTCT-1,1.0213536540860377
CCGTGGAAGGACTGGT-1,0.9365232979455139
CCGTGGACAAGCTGTT-1,1.040482882416638
CCGTGGACAATACGCT-1,1.0201017260780636
CCGTGGACACGGTAAG-1,1.023322200034152
CCGTGGACATAGAAAC-1,1.033928298884033
CCGTGGACATTTGCCC-1,0.9751337405474341
CCGTGGAGTCCGAAGA-1,0.9784026577858185
CCGTGGAGTCGAGATG-1,1.033338723284662
CCGTGGAGTTCATGGT-1,1.0225988359238236
CCGTGGAGTTGTACAC-1,1.0334371471331776
CCGTGGATCATAAAGG-1,0.9549183254218598
CCGTGGATCCACGACG-1,1.0330982516577814
CCGTGGATCCGCGTTT-1,1.0196672679424672
CCGTGGATCTTGTTTG-1,0.9545115535909708
CCGTTCAAGACGCAAC-1,1.0406834132880718
CCGTTCAAGAGCTGCA-1,0.917346745229913
CCGTTCAAGCGTAGTG-1,1.0292191859422217
CCGTTCAAGGACTGGT-1,1.0441398263616937
CCGTTCAAGGCATTGG-1,1.0255868376606885
CCGTTCACATCACGTA-1,1.0364919197570572
CCGTTCACATGGGACA-1,1.030770506204852
CCGTTCAGTACCGTTA-1,0.9731687334480388
CCGTTCAGTCCAACTA-1,1.0368258586640302
CCGTTCAGTCGTGGCT-1,1.0053004568285009
CCGTTCAGTCTAAACC-1,0.976085357174044
CCGTTCAGTGAGTGAC-1,1.0346392484514397
CCGTTCATCCAGATCA-1,0.9795943341991704
CCGTTCATCGTTTATC-1,0.93718448321025
CCGTTCATCTGTGCAA-1,1.0203958851722759
CCTAAAGAGAGACGAA-1,0.9856900078043048
CCTAAAGAGAGCTTCT-1,1.0007370282011256
CCTAAAGAGCCCTAAT-1,0.9694104351245656
CCTAAAGAGGATGTAT-1,1.0329893922465658
CCTAAAGAGTTGAGTA-1,1.0293705956237118
CCTAAAGCACCATGTA-1,1.0231742176048217
CCTAAAGCACGGTAGA-1,1.035754176224165
CCTAAAGCACTAGTAC-1,1.0301850424638763
CCTAAAGCAGGTCGTC-1,0.9919031938149993
CCTAAAGCATGAGCGA-1,1.0405420053190784
CCTAAAGCATGTTCCC-1,0.9753451950190886
CCTAAAGGTCACTGGC-1,0.9920725992812549
CCTAAAGGTGAAAGAG-1,0.9302189874544441
CCTAAAGTCCAAGTAC-1,1.0142291213938721
CCTAAAGTCCTGCTTG-1,0.9150256240085418
CCTAAAGTCGAATGCT-1,1.025439500434085
CCTAAAGTCTTGTATC-1,1.0121685857112135
CCTAAAGTCTTTACGT-1,1.025522540757624
CCTACACAGCAGCCTC-1,0.9416795461205245
CCTACACAGCTGGAAC-1,0.9714798886809166
CCTACACCAATGGAGC-1,0.9798864438149385
CCTACACCACGAAGCA-1,1.0254039766181624
CCTACACCATCCTAGA-1,1.0315293929950262
CCTACACCATCTCGCT-1,1.0324695122347964
CCTACACCATGGAATA-1,0.9760371006130367
CCTACACGTCGAATCT-1,1.0211187854714905
CCTACACGTTGGTAAA-1,1.03731414985725
CCTACACTCCAAGTAC-1,1.0241078260932828
CCTACCAAGAGGGATA-1,1.0052990488122544
CCTACCAAGAGGTTGC-1,1.0246943086932148
CCTACCACAAACGCGA-1,0.9912664130286248
CCTACCACAAAGCGGT-1,1.0334759567720515
CCTACCACAGCCTTTC-1,1.0311363277259211
CCTACCACATGCCCGA-1,1.0016499626051913
CCTACCAGTAAATGAC-1,0.9639308091365815
CCTACCAGTCCATCCT-1,1.030568822661485
CCTACCAGTCTGGAGA-1,1.0357646552879594
CCTACCATCCTAAGTG-1,0.9500541344871893
CCTACCATCTGCTGTC-1,0.8747748932527839
CCTACCATCTGGTGTA-1,1.0348578089125064
CCTACCATCTTGACGA-1,1.0398616372190292
CCTAGCTAGAGCTATA-1,0.9682253810232829
CCTAGCTAGCCGCCTA-1,1.0304592547883002
CCTAGCTAGGGTGTTG-1,0.9392592319757317
CCTAGCTAGTACGCCC-1,0.9033208176329551
CCTAGCTAGTCGCCGT-1,0.9127135447306807
CCTAGCTCAAATCCGT-1,0.9775401693047596
CCTAGCTCAGACGTAG-1,0.9577074073108757
CCTAGCTCAGCGTAAG-1,1.0143184329497779
CCTAGCTCATTTCAGG-1,0.9390130764872952
CCTAGCTGTATTCGTG-1,0.9076727492895245
CCTAGCTGTCTAAACC-1,1.0154520447294162
CCTAGCTTCTGAGGGA-1,0.9892876910032488
CCTATTAAGAATCTCC-1,1.0354274095832467
CCTATTAAGCACAGGT-1,0.9709779813127767
CCTATTAAGCGCCTTG-1,0.93316086902903
CCTATTAAGCTCCCAG-1,0.9706352107567449
CCTATTAAGTGGTCCC-1,1.00684511992787
CCTATTACAATAACGA-1,0.8977509451339047
CCTATTATCAGTCCCT-1,1.034541162189103
CCTATTATCGAATCCA-1,1.0138344704880635
CCTCAGTAGACCACGA-1,0.9003644605401028
CCTCAGTAGATCACGG-1,1.0272813500897293
CCTCAGTAGATCCGAG-1,0.8885058654525425
CCTCAGTAGGGATACC-1,1.0414081293290336
CCTCAGTAGGTGACCA-1,1.031727055715376
CCTCAGTAGTGGAGAA-1,1.0323995388009313
CCTCAGTAGTTATCGC-1,0.9820791025535762
CCTCAGTAGTTCGCAT-1,1.0096173250417642
CCTCAGTCACATTAGC-1,0.9314911942807276
CCTCAGTCAGACGCAA-1,0.9019947339749967
CCTCAGTCAGTCAGAG-1,0.9386863948907397
CCTCAGTCATCTGGTA-1,0.9994581739749977
CCTCAGTGTGGTCTCG-1,0.9728292516497816
CCTCAGTGTTTGTTTC-1,1.0316630776981408
CCTCAGTTCCACTCCA-1,0.9882203650354997
CCTCAGTTCGCGCCAA-1,1.0206027613665092
CCTCAGTTCGTCTGAA-1,0.9838716851630296
CCTCTGAAGAAACCGC-1,1.0095857596123636
CCTCTGAAGCTGCGAA-1,1.029766216132167
CCTCTGAAGTAGATGT-1,1.039876756915528
CCTCTGACAAACTGTC-1,0.9033355763758264
CCTCTGACAGACGCAA-1,1.034405536493674
CCTCTGAGTAGATTAG-1,1.0111007044855345
CCTCTGAGTAGCGCTC-1,0.8983535552516331
CCTCTGAGTATAAACG-1,0.9524606636970665
CCTCTGAGTCGAGATG-1,0.9693393020980942
CCTCTGATCAAACAAG-1,0.9763897650437368
CCTCTGATCAACCATG-1,0.982305348524315
CCTCTGATCCTGCCAT-1,1.034003093455073
CCTCTGATCGGATGTT-1,1.0309938334476658
CCTCTGATCTCCTATA-1,0.8585877802056088
CCTCTGATCTTACCGC-1,1.0306045375651531
CCTTACGAGTCTCGGC-1,0.9233350305865499
CCTTACGAGTGTGAAT-1,1.0222292579284695
CCTTACGCAAGCCGCT-1,1.03013725788924
CCTTACGCAGATGGGT-1,0.9491523529699566
CCTTACGCAGGTCTCG-1,1.0345303265844825
CCTTACGCATCGACGC-1,1.026639902038257
CCTTACGGTCCCGACA-1,0.9591239807559472
CCTTACGTCCAGTATG-1,1.0216615614153177
CCTTACGTCCGAAGAG-1,1.0372497017701756
CCTTACGTCCTTGCCA-1,1.0082395850795718
CCTTACGTCGCTTGTC-1,1.0362962959952406
CCTTACGTCTACTCAT-1,1.03216612090106
CCTTCCCAGAAGGACA-1,0.9437860807274461
CCTTCCCAGGCCCTCA-1,0.9967047602547927
CCTTCCCAGTGTACGG-1,1.0408139691879021
CCTTCCCCAAACAACA-1,1.0263140301827893
CCTTCCCCACCCATGG-1,1.0345152180586474
CCTTCCCCAGATAATG-1,0.8618645299188307
CCTTCCCGTCCGAATT-1,1.0221239894594463
CCTTCCCGTCGCATCG-1,0.9815892882195123
CCTTCCCGTGACGGTA-1,1.040611990855278
CCTTCCCGTGATAAGT-1,1.0214688664806746
CCTTCCCTCACAAACC-1,0.8905964845775257
CCTTCGAAGACTAAGT-1,1.0213509627957764
CCTTCGAAGAGGACGG-1,1.0451925381713765
CCTTCGAAGATACACA-1,1.0455241459919768
CCTTCGAAGCCTCGTG-1,1.001116904741888
CCTTCGAAGCGCCTCA-1,0.8509840232665394
CCTTCGAAGGCCCTTG-1,0.9177925796580915
CCTTCGAAGTACATGA-1,1.0281952653831126
CCTTCGACACGACGAA-1,1.0339305650941812
CCTTCGACACTTAAGC-1,1.0223992597792726
CCTTCGACATGGTTGT-1,0.8823922197894704
CCTTCGAGTAAACACA-1,1.0449404570097565
CCTTCGAGTACTCAAC-1,0.9956542596159801
CCTTCGAGTTGCGCAC-1,1.043750336200081
CCTTCGAGTTGTGGAG-1,1.035586586543094
CCTTCGATCACAACGT-1,1.032454383999243
CCTTCGATCCACGACG-1,1.022064953040244
CCTTCGATCCCAGGTG-1,1.036288863032067
CCTTCGATCTTGCAAG-1,0.9934057312908677
CCTTTCTAGATACACA-1,1.0322924540623422
CCTTTCTAGCGCCTCA-1,1.0291520991455139
CCTTTCTAGTTAACGA-1,0.957023535076579
CCTTTCTCAAAGGAAG-1,0.8693457234638998
CCTTTCTCAATGCCAT-1,1.0367025494533635
CCTTTCTCACATGGGA-1,0.9923280443137528
CCTTTCTCACGGTAGA-1,1.0243701368558922
CCTTTCTCATATGAGA-1,1.0266433223108642
CCTTTCTGTAGCACGA-1,1.039080481449502
CCTTTCTTCCCAACGG-1,1.0405031072789084
CCTTTCTTCCCGACTT-1,0.9854137660579744
CCTTTCTTCTAACCGA-1,0.9409130345352542
CGAACATAGACTAGAT-1,1.0164000814326049
CGAACATAGCCACGTC-1,1.0413408822323607
CGAACATAGCCAGTTT-1,0.9305382665336994
CGAACATAGCTAAACA-1,0.989365937671596
CGAACATAGTTATCGC-1,0.97008137484812
CGAACATCAAACAACA-1,0.9096439673254322
CGAACATCAAACGTGG-1,1.0183638345674635
CGAACATCAAATTGCC-1,0.9448175659453484
CGAACATCAACGCACC-1,0.9948655761647955
CGAACATCACTGAAGG-1,1.0363277187456426
CGAACATGTGATGTCT-1,0.9950163723204608
CGAACATTCAGTCCCT-1,1.0119820177250904
CGAATGTAGAAGGCCT-1,0.8805521791860056
CGAATGTAGAATTGTG-1,1.0377477856603319
CGAATGTAGACGACGT-1,1.0381499548551951
CGAATGTAGACGCTTT-1,1.0337095779414707
CGAATGTAGAGGTTGC-1,0.9847143534175536
CGAATGTAGCTAGTCT-1,0.9904393277834423
CGAATGTAGGAATGGA-1,1.03621062193746
CGAATGTAGGCTAGCA-1,1.0361454821457057
CGAATGTAGTGGTAAT-1,0.8856874251390722
CGAATGTCAAGTTGTC-1,1.0342930377530073
CGAATGTCAATACGCT-1,0.9788027515521822
CGAATGTCAATCAGAA-1,1.037112150295669
CGAATGTCACAAGACG-1,0.9450790650731979
CGAATGTCACACATGT-1,1.028457475468418
CGAATGTCAGGTCCAC-1,1.0301338260128783
CGAATGTCATACTACG-1,1.0419017792354217
CGAATGTCATCACCCT-1,1.0375702921033525
CGAATGTCATCAGTAC-1,0.9800957030233495
CGAATGTCATTCCTGC-1,1.0137760322777734
CGAATGTGTGGCAAAC-1,0.9113622880836441
CGAATGTGTGGTTTCA-1,0.9216449676757869
CGAATGTGTTGAGTTC-1,0.9786645624529675
CGAATGTGTTGTCTTT-1,1.0097952587339074
CGAATGTTCACGCGGT-1,1.0278967054607235
CGAATGTTCCTCAATT-1,1.0311934187744511
CGAATGTTCCTCGCAT-1,1.0325956663551044
CGAATGTTCGCAAACT-1,1.0238096761492907
CGACCTTAGAGCAATT-1,0.9776853223398565
CGACCTTAGCTAACTC-1,0.9933547838033013
CGACCTTAGTTAGGTA-1,0.9425400765077735
CGACCTTCAGCTCCGA-1,1.031946810991095
CGACCTTCAGGTCTCG-1,1.0106868810022696
CGACCTTGTAGCTAAA-1,1.0172306187176832
CGACCTTGTCGTCTTC-1,1.0330938315201812
CGACCTTGTGCAGTAG-1,1.0475161467589027
CGACCTTGTTGGACCC-1,1.0346510263116586
CGACCTTGTTGGTAAA-1,1.0069279013554868
CGACCTTTCAACACTG-1,0.9378759037122519
CGACCTTTCAGCATGT-1,1.0392315315857954
CGACCTTTCCATGAGT-1,1.0345536082737918
CGACCTTTCGGGAGTA-1,1.0291266146721614
CGACCTTTCTAAGCCA-1,1.0288048048438414
CGACTTCAGAAGATTC-1,0.9006499569398859
CGACTTCAGAGACTAT-1,1.0286994169795178
CGACTTCAGCCACTAT-1,0.917987097670958
CGACTTCAGTCTCCTC-1,1.0360364479901034
CGACTTCAGTGAACAT-1,1.0248040799580131
CGACTTCAGTGTTGAA-1,1.0349652194750607
CGACTTCCAAATACAG-1,1.0382116902416907
CGACTTCCACCTCGGA-1,1.0329501563032757
CGACTTCCAGCCAATT-1,1.0257573013740064
CGACTTCCATTGGCGC-1,1.021173330027126
CGACTTCGTCTAGGTT-1,1.0081641942371014
CGACTTCGTTTACTCT-1,1.0255251715787832
CGACTTCTCAAACGGG-1,0.9021933103211646
CGACTTCTCCATGAAC-1,0.9207306462147968
CGACTTCTCGGCATCG-1,1.012299826644395
CGAGAAGAGACAAAGG-1,1.0323036444340954
CGAGAAGAGATAGCAT-1,0.9692433073166047
CGAGAAGAGCGCTTAT-1,1.0251071108696808
CGAGAAGAGTGTTGAA-1,0.9136156957680716
CGAGAAGCAAGGGTCA-1,1.0314130223111455
CGAGAAGCACAGACAG-1,1.002789069666731
CGAGAAGCACTGCCAG-1,1.010791387456993
CGAGAAGCAGACAGGT-1,1.025387958326501
CGAGAAGCAGTCAGCC-1,0.9393539187887053
CGAGAAGGTCAACTGT-1,1.0329410702036337
CGAGAAGGTCGCTTCT-1,1.0294516877925493
CGAGAAGGTCTTGCGG-1,1.0435157513133348
CGAGAAGGTTCACGGC-1,1.0351785472599064
CGAGAAGTCAGCGACC-1,1.0390449480774269
CGAGAAGTCAGCGATT-1,1.0330387351476633
CGAGAAGTCCAGAAGG-1,0.8386664941759625
CGAGAAGTCCTAAGTG-1,0.9120006458478108
CGAGAAGTCGGCCGAT-1,1.0223820347571524
CGAGAAGTCGTGGTCG-1,1.0292055691014648
CGAGAAGTCTGAAAGA-1,0.9421544948275374
CGAGCACAGAATCTCC-1,1.0230408781000189
CGAGCACAGCGATATA-1,1.0296160081540278
CGAGCACAGGAGTAGA-1,1.0401169265006442
CGAGCACAGGGTATCG-1,1.0331518762873209
CGAGCACAGTTCGCAT-1,1.0183623127078338
CGAGCACCACAGCCCA-1,1.029075322668359
CGAGCACCACAGTCGC-1,0.9150691785012928
CGAGCACCACATCCAA-1,1.0126489026834142
CGAGCACCACTATCTT-1,0.9847132249067704
CGAGCACCAGCCAGAA-1,1.0230158956527269
CGAGCACCATCGGAAG-1,1.0036621992705022
CGAGCACCATGCAACT-1,1.0285660850404024
CGAGCACGTACAGTGG-1,1.0411423669813702
CGAGCACGTATTCTCT-1,1.032823928511144
CGAGCACGTCGCTTCT-1,1.0179773325349577
CGAGCACTCGACCAGC-1,0.991090878381906
CGAGCACTCTCGCATC-1,1.0307186542222773
CGAGCCAAGAATCTCC-1,1.0457407550165188
CGAGCCAAGATATGGT-1,1.0349946513742558
CGAGCCAAGATGCCAG-1,0.9920315620469915
CGAGCCAAGGCGTACA-1,1.0331598224373835
CGAGCCACAAGCCGCT-1,1.03730314510605
CGAGCCACACAAGTAA-1,1.0137267447271272
CGAGCCACACAGGCCT-1,0.9933229632136404
CGAGCCACACTGTGTA-1,0.9650015608203507
CGAGCCACAGAGCCAA-1,1.0450326858084764
CGAGCCACAGTAGAGC-1,0.9681476808845995
CGAGCCACATATACCG-1,1.0314966347077434
CGAGCCAGTCGCGTGT-1,1.024692059422149
CGAGCCATCAGCATGT-1,1.0121926178295386
CGAGCCATCCGCGTTT-1,1.0404909989710736
CGAGCCATCGGTTAAC-1,0.8900752631123424
CGATCGGAGAAGGGTA-1,0.9610654242458244
CGATCGGAGCCCGAAA-1,0.9730192575668267
CGATCGGAGCTTCGCG-1,0.9087939107956133
CGATCGGAGGCAATTA-1,1.0360480002692287
CGATCGGAGGCTAGGT-1,1.0308871358107852
CGATCGGCACAAGCCC-1,1.014662130053192
CGATCGGCACCAGGCT-1,1.030665911714304
CGATCGGGTCGCTTTC-1,1.0163038083010676
CGATCGGGTCGGGTCT-1,1.018504048204414
CGATCGGGTGACGGTA-1,1.0277302403147013
CGATCGGGTGTCGCTG-1,1.013225605112676
CGATCGGGTTCCACTC-1,0.9938063993564981
CGATCGGTCACAACGT-1,1.023295841591101
CGATCGGTCCGCTGTT-1,0.9384229213840681
CGATCGGTCGAACGGA-1,1.0302754584208642
CGATGGCAGCCAGTAG-1,0.9490612888757869
CGATGGCAGTTGTCGT-1,0.9679756111805656
CGATGGCCAATGTTGC-1,0.9351933681849236
CGATGGCCATAGTAAG-1,1.027756953812213
CGATGGCCATCTCGCT-1,1.0368546227867026
CGATGGCGTACGACCC-1,1.0277745863330816
CGATGGCGTTCATGGT-1,1.009003669680913
CGATGGCGTTGATTCG-1,1.0188966144296194
CGATGGCTCTGCCAGG-1,1.0183863665627737
CGATGGCTCTGCCCTA-1,1.0318028344990298
CGATGTAAGATGTAAC-1,1.0098070817444604
CGATGTAAGCCAGGAT-1,0.9293069194845937
CGATGTAAGCCAGTTT-1,1.0393733725815417
CGATGTAAGCGATAGC-1,1.0432876707205303
CGATGTAAGGACATTA-1,1.034774603073463
CGATGTACAAAGTCAA-1,1.0386619784293558
CGATGTACACCATGTA-1,0.9968424359957033
CGATGTACACGAGGTA-1,0.9439184340603728
CGATGTACACGGCTAC-1,0.9708909616209171
CGATGTACAGGGTATG-1,0.985590648567862
CGATGTACATTTGCTT-1,0.8773834110354276
CGATGTAGTAGGGTAC-1,1.0387302883747869
CGATGTAGTCCCTACT-1,1.0281390481236452
CGATGTAGTCTGATCA-1,1.029538362768496
CGATGTAGTGATGTGG-1,0.9506862388115284
CGATGTATCCAGGGCT-1,0.8807155270193302
CGATGTATCCTTGCCA-1,0.9845333625093411
CGATGTATCTTAGAGC-1,0.9817546896896776
CGATTGAAGAAGGTTT-1,1.0142340798795242
CGATTGAAGATATGCA-1,1.0301124008420126
CGATTGAAGCGAAGGG-1,1.0283641660247853
CGATTGAAGCTCCTTC-1,0.945827903098836
CGATTGAAGTACGTTC-1,1.043013523953944
CGATTGAAGTCGAGTG-1,1.03314217467743
CGATTGACACATCCGG-1,1.017483720077394
CGATTGACACGTTGGC-1,1.0249569728640535
CGATTGACATCTGGTA-1,1.0290043503912183
CGATTGAGTAACGTTC-1,0.9648340042035508
CGATTGAGTAAGGGCT-1,1.0158540317947244
CGATTGAGTAGCACGA-1,0.9648366632956037
CGATTGATCACAGTAC-1,0.9668305703522774
CGATTGATCACTTCAT-1,1.0154035740246627
CGATTGATCGCAAGCC-1,0.9508271416630844
CGATTGATCGCCTGAG-1,1.0106732901535997
CGATTGATCGGAGGTA-1,0.9852953745250619
CGATTGATCTCTGAGA-1,0.970351507797314
CGCCAAGAGCCTTGAT-1,0.9803252292001874
CGCCAAGAGGCCGAAT-1,0.9982259048106765
CGCCAAGAGGGTCGAT-1,1.0435122300253485
CGCCAAGAGGTACTCT-1,0.9383041610209899
CGCCAAGCAAGTTCTG-1,1.008442089153501
CGCCAAGCAATGTTGC-1,0.9257585523947881
CGCCAAGCAGGAATCG-1,1.038011154319247
CGCCAAGCATATACCG-1,1.0353326981327058
CGCCAAGCATTGGTAC-1,1.0269820519941595
CGCCAAGGTCAAGCGA-1,1.0354421344407423
CGCCAAGGTCTTCGTC-1,1.0358848174324262
CGCCAAGGTTAAGACA-1,0.9480706184994654
CGCCAAGTCATCTGTT-1,1.045313939961499
CGCCAAGTCCAGGGCT-1,1.0161899341550884
CGCGGTAAGAGCTGGT-1,1.0122476186865264
CGCGGTAAGAGCTTCT-1,1.0400537973575477
CGCGGTAAGATCCGAG-1,1.0221864086752508
CGCGGTAAGCTCAACT-1,0.9543244462294709
CGCGGTAAGCTGATAA-1,0.9600902615264777
CGCGGTAAGGTCGGAT-1,0.9947863347585861
CGCGGTAAGTACGTAA-1,1.0407383512221766
CGCGGTAAGTCCGGTC-1,0.937028223921027
CGCGGTACAATCTACG-1,1.0458230447499108
CGCGGTACAGCATGAG-1,0.9400636452156109
CGCGGTACAGGGTTAG-1,1.0276773123565848
CGCGGTACATGTCCTC-1,0.9599974581623456
CGCGGTAGTAAACGCG-1,0.899549990627302
CGCGGTAGTACGCACC-1,0.9376403963526174
CGCGGTAGTATTCTCT-1,1.0225726443028385
CGCGGTAGTCTCTCTG-1,1.0287931191771007
CGCGGTAGTGCGGTAA-1,0.8972028613396413
CGCGGTAGTTTGACTG-1,1.0301331927364699
CGCGGTAGTTTGTGTG-1,0.9269500931834423
CGCGGTATCTATGTGG-1,0.9422742122578831
CGCGTTTAGAGGGCTT-1,0.9551194507041764
CGCGTTTAGCCAGAAC-1,1.021485873748402
CGCGTTTAGCTCCTCT-1,1.012726612620136
CGCGTTTAGGACGAAA-1,1.0353007236785403
CGCGTTTCAACCGCCA-1,1.0288076747258996
CGCGTTTCAAGCGTAG-1,1.0435099382516626
CGCGTTTGTACACCGC-1,1.0090599001642073
CGCGTTTGTCATTAGC-1,1.0390574447553607
CGCGTTTGTCTCACCT-1,1.0235482970581549
CGCGTTTTCCTTCAAT-1,1.0385697175231032
CGCGTTTTCGAATGGG-1,0.9628020070606775
CGCTATCAGAAGGCCT-1,1.0005631620802322
CGCTATCAGAAGGTTT-1,0.9461002172014596
CGCTATCAGACAAGCC-1,1.0214655629953961
CGCTATCAGAGGTTGC-1,1.0383274860451617
CGCTATCAGAGTAAGG-1,1.0311549909971998
CGCTATCAGATCGATA-1,1.029266145822916
CGCTATCAGCCTCGTG-1,1.0189858551244315
CGCTATCAGCTAGTTC-1,0.9862391986027623
CGCTATCCAGTCACTA-1,1.0346552576147123
CGCTATCCATTACCTT-1,0.9622484510896939
CGCTATCGTAGCGCTC-1,0.961771049791908
CGCTATCGTAGCGTAG-1,1.0104883492275198
CGCTATCGTCTCTTTA-1,1.0330671520864578
CGCTATCTCACATACG-1,1.0320703123600545
CGCTATCTCCATGAAC-1,0.9988861812262891
CGCTATCTCCGCATAA-1,1.0405999547913964
CGCTATCTCGGCATCG-1,1.0367886817366807
CGCTATCTCTCGCATC-1,1.032333219229447
CGCTGGAAGATCTGAA-1,1.0312872870689742
CGCTGGAAGGAGTTTA-1,1.0287821838642355
CGCTGGACAATAAGCA-1,1.0212801075180238
CGCTGGACACCGAATT-1,0.9927040707838222
CGCTGGACATTGGTAC-1,1.0335133386079522
CGCTGGACATTTCACT-1,1.0299161920492403
CGCTGGAGTAAGTAGT-1,1.0344146618365193
CGCTGGAGTAGCCTCG-1,0.995447361324414
CGCTGGAGTCACTGGC-1,0.9509108593030576
CGCTGGATCACCACCT-1,1.0179671046145489
CGCTGGATCAGGCAAG-1,0.9948033773885214
CGCTGGATCCGTCATC-1,0.9416734150387291
CGCTGGATCCTTGGTC-1,1.030643026936792
CGCTGGATCTGGTGTA-1,1.025950998416673
CGCTTCAAGATATACG-1,0.9951247169852458
CGCTTCAAGATGCGAC-1,0.949118960165623
CGCTTCAAGCAGCGTA-1,1.0365164690318873
CGCTTCACACATCTTT-1,1.034964847460989
CGCTTCACACGTAAGG-1,0.9450186438953425
CGCTTCACACGTCTCT-1,1.035840278593375
CGCTTCACAGTCAGCC-1,1.0103360643790142
CGCTTCACATCGGGTC-1,1.028588156843602
CGCTTCAGTCAAAGCG-1,1.029174888416204
CGCTTCAGTGACGGTA-1,0.9770371034717753
CGCTTCAGTGCGCTTG-1,0.9785455589488521
CGCTTCAGTGTTGAGG-1,1.0024448033152242
CGCTTCAGTTCCATGA-1,1.0247305750983193
CGCTTCATCTTGCATT-1,1.0338191755424182
CGGACACAGAAGGGTA-1,0.9971385073230957
CGGACACAGCCAGAAC-1,0.9900743235250103
CGGACACAGCTTCGCG-1,0.9703096918093105
CGGACACAGGGATACC-1,1.0357529700119432
CGGACACCACTACAGT-1,1.0046448482776984
CGGACACCACTTACGA-1,0.9907135773794993
CGGACACCATCGACGC-1,0.9322506113633932
CGGACACGTAAATGAC-1,1.034952863201133
CGGACACGTACCATCA-1,0.9837871995661104
CGGACACGTAGATTAG-1,0.9431498561461692
CGGACACGTCAACTGT-1,1.0113819688055008
CGGACACGTCATGCAT-1,1.0357262331969763
CGGACACGTCGAAAGC-1,1.0337099028149608
CGGACACGTCTAGTGT-1,0.939768864808688
CGGACACGTTGTTTGG-1,1.033134421179618
CGGACACTCAACCAAC-1,1.0241807421807103
CGGACACTCAAGCCTA-1,0.9587523919561257
CGGACACTCAGGCGAA-1,0.9529149132796856
CGGACACTCCAAGCCG-1,1.0192681723922652
CGGACACTCGAGAACG-1,1.0285840934289665
CGGACACTCGTTGACA-1,1.0200097440987814
CGGACACTCTGCGGCA-1,1.0408272947046842
CGGACACTCTTCCTTC-1,0.9523521320785656
CGGACGTAGGAGCGAG-1,1.0477092712991936
CGGACGTCAATCCAAC-1,0.9924054937857354
CGGACGTCACCAACCG-1,0.9762795845101171
CGGACGTCACGCTTTC-1,0.9853801546372802
CGGACGTCACTGTCGG-1,0.9811452917367681
CGGACGTCAGACAGGT-1,1.0195407161073196
CGGACGTCAGTCAGCC-1,1.025338428516955
CGGACGTCAGTTCCCT-1,0.9909356683998429
CGGACGTGTCATACTG-1,1.0337047148474492
CGGACGTTCCTAAGTG-1,1.0351623289745184
CGGACGTTCTATCCTA-1,1.0027720499609263
CGGACGTTCTCTAAGG-1,1.0079229170755029
CGGACGTTCTCTGCTG-1,1.0284507923935087
CGGACGTTCTGGCGTG-1,1.0226828084323414
CGGACTGAGCCATCGC-1,1.0340261610259784
CGGACTGAGCGTGAAC-1,1.0319309977066682
CGGACTGAGGCTAGAC-1,1.0340435498975389
CGGACTGAGTGACATA-1,1.0323949706867128
CGGACTGGTCAACTGT-1,0.9715925581234037
CGGACTGGTCTCTCTG-1,1.0274834377544602
CGGACTGGTGCGAAAC-1,1.0170545828689914
CGGACTGTCACGAAGG-1,0.9945945769752564
CGGACTGTCGAACGGA-1,1.001919803969141
CGGACTGTCTTGTATC-1,0.9884331225619757
CGGAGCTAGAGACGAA-1,0.9756544779988471
CGGAGCTAGAGCCTAG-1,1.0332459799603846
CGGAGCTAGCCGATTT-1,1.0388337529610439
CGGAGCTAGCTAGTTC-1,1.036354974255924
CGGAGCTAGGATGTAT-1,1.021580315832139
CGGAGCTAGTACCGGA-1,0.9598077491927004
CGGAGCTCACTATCTT-1,1.0255708326957942
CGGAGCTCAGATTGCT-1,1.0132435330837526
CGGAGCTCATCGACGC-1,1.0435628597337947
CGGAGCTGTAAATGTG-1,0.9815505967845304
CGGAGCTGTTTAGGAA-1,1.0348120470563624
CGGAGCTTCAGTTGAC-1,1.0369355879045596
CGGAGCTTCAGTTTGG-1,1.0106220521925868
CGGAGCTTCGTCCAGG-1,1.0142054298451648
CGGAGCTTCTACGAGT-1,1.0145552680031387
CGGAGTCAGAATGTGT-1,0.9682113799083341
CGGAGTCAGGAGTTGC-1,0.9765915232388995
CGGAGTCCACAAGACG-1,0.8503359668852501
CGGAGTCGTCGGATCC-1,1.0231733725310848
CGGAGTCGTGACGCCT-1,1.0059368743916994
CGGAGTCGTTACCAGT-1,0.9999540745942954
CGGAGTCTCCAGATCA-1,1.0156759246555154
CGGAGTCTCCTGTAGA-1,0.935529807936228
CGGAGTCTCCTTCAAT-1,1.0287550673674015
CGGAGTCTCGACGGAA-1,0.9372916444048233
CGGCTAGAGAAACGCC-1,0.91507550008956
CGGCTAGAGATCTGAA-1,1.0381099117206498
CGGCTAGAGCAGCGTA-1,1.0356812268748907
CGGCTAGCACCGATAT-1,0.983228152522512
CGGCTAGCACTACAGT-1,1.0136728834227695
CGGCTAGCAGACAAAT-1,0.9049821097022546
CGGCTAGCATCCTAGA-1,1.035791787507147
CGGCTAGGTCCAGTTA-1,1.033302130457356
CGGCTAGGTCTGATTG-1,0.9924252259032476
CGGCTAGGTGTAATGA-1,1.0341806498180228
CGGCTAGGTTTAGGAA-1,1.025474242649718
CGGCTAGTCCTGCTTG-1,1.0098423061091888
CGGCTAGTCTCCGGTT-1,1.0253355229135643
CGGCTAGTCTGAGGGA-1,0.9724119199634697
CGGCTAGTCTTGAGAC-1,1.0338129759597274
CGGGTCAAGAATGTGT-1,0.9645629041648442
CGGGTCAAGACACTAA-1,0.9834909138428081
CGGGTCAAGCAGGTCA-1,1.028531014418472
CGGGTCAAGGATCGCA-1,0.9638311588809342
CGGGTCAAGGATGCGT-1,1.0171889969862637
CGGGTCAAGGTTCCTA-1,1.0337553455266484
CGGGTCAAGTGGTAGC-1,1.0384302648505725
CGGGTCAAGTGTGGCA-1,1.0162454604089
CGGGTCAAGTTAACGA-1,1.031842808428906
CGGGTCACAAGAGGCT-1,0.9854583974314557
CGGGTCACACATGGGA-1,1.0321203385829176
CGGGTCACACGGACAA-1,1.0307349834440727
CGGGTCACATCGGAAG-1,0.9899612004415469
CGGGTCACATGTCGAT-1,1.0084322354407738
CGGGTCACATTGGTAC-1,0.9766813842106614
CGGGTCAGTTACGGAG-1,1.0163017807626487
CGGGTCATCAAAGACA-1,1.026571572203964
CGGGTCATCACAAACC-1,1.0371170249133974
CGGGTCATCCTGTAGA-1,0.9797904364192028
CGGGTCATCCTTCAAT-1,0.9296028319106786
CGGTTAAAGCCAACAG-1,1.0310527920089565
CGGTTAAAGCGATAGC-1,1.0424107536994562
CGGTTAAAGCTTTGGT-1,1.0301883273417465
CGGTTAACAACTGCTA-1,1.0320256993482742
CGGTTAACACCAACCG-1,1.0370699030190056
CGGTTAACAGGTCCAC-1,1.0371911614958467
CGGTTAAGTACAGTTC-1,0.9990470704733347
CGGTTAAGTAGGCTGA-1,1.0041963416429522
CGGTTAAGTGATAAGT-1,1.002509324498116
CGGTTAAGTGTGGTTT-1,1.0393367228572692
CGGTTAAGTTTGACTG-1,1.0379882994173204
CGGTTAATCATTGCCC-1,0.9753658954484359
CGGTTAATCTTAGAGC-1,0.9641189443980797
CGTAGCGAGATCGGGT-1,0.8818161120817297
CGTAGCGAGGCCCGTT-1,1.0400902269399805
CGTAGCGAGGTTACCT-1,1.048920226853674
CGTAGCGAGTACATGA-1,1.0315232686475777
CGTAGCGCACCATGTA-1,1.027889904926272
CGTAGCGGTACTTAGC-1,1.035273107620479
CGTAGCGGTCCCGACA-1,0.969582459486705
CGTAGCGGTCCCTACT-1,0.9979373894697093
CGTAGCGGTCCTCTTG-1,0.975028531131332
CGTAGCGGTGGGTATG-1,1.034163250031138
CGTAGCGGTTTACTCT-1,1.029334972930492
CGTAGCGTCCGTTGTC-1,1.0363243709982646
CGTAGCGTCGCCAGCA-1,1.0103739723231207
CGTAGCGTCTGTGCAA-1,0.9151362220644577
CGTAGGCAGCACGCCT-1,0.9889254552297396
CGTAGGCAGTACATGA-1,1.0262641524181244
CGTAGGCAGTCTCGGC-1,1.033662659518916
CGTAGGCAGTGAACAT-1,1.028892773746514
CGTAGGCCAAGGTTCT-1,1.0060193361273597
CGTAGGCCAGGCTGAA-1,1.045501314514223
CGTAGGCGTCATGCCG-1,1.0471239907577792
CGTAGGCGTGCGAAAC-1,1.0250731212242394
CGTAGGCTCCGCAAGC-1,1.004081477511884
CGTAGGCTCGCTTGTC-1,0.9626743704359427
CGTAGGCTCTCTAGGA-1,1.027548377777015
CGTAGGCTCTTTAGGG-1,1.035393589005674
CGTCACTAGAAGGACA-1,1.0290594913227284
CGTCACTAGAGGACGG-1,0.915005067962721
CGTCACTAGCACAGGT-1,0.9176006445243529
CGTCACTAGCGTGTCC-1,1.0296885170650494
CGTCACTAGTCCTCCT-1,1.0373163264559098
CGTCACTAGTGTACGG-1,0.9526465184274053
CGTCACTAGTGTACTC-1,1.0011612032827946
CGTCACTCAAACTGTC-1,1.0365147346892085
CGTCACTCAAGCGATG-1,1.0258003718082822
CGTCACTCAATCTACG-1,1.0316262338709492
CGTCACTCACGAAGCA-1,1.0331793751338494
CGTCACTCATGAGCGA-1,0.9399537934155829
CGTCACTGTACGAAAT-1,1.021793739202789
CGTCACTTCATGCAAC-1,1.0396167005893502
CGTCACTTCCTGCCAT-1,1.0332666356849434
CGTCACTTCGGTTCGG-1,1.0286294542528813
CGTCACTTCTCTTATG-1,1.0316006584550599
CGTCACTTCTGGCGTG-1,1.0380428756519213
CGTCAGGAGAAGATTC-1,0.982777608902033
CGTCAGGAGAATTCCC-1,1.0276504866390401
CGTCAGGAGATCCCAT-1,0.9232130538592086
CGTCAGGCAAATCCGT-1,1.0235292247020669
CGTCAGGCAAGCTGGA-1,1.0288062289399533
CGTCAGGCAATGTAAG-1,1.037210924946381
CGTCAGGCAGGGATTG-1,0.917505945612045
CGTCAGGCATGCTAGT-1,1.046301353420797
CGTCAGGCATTAGCCA-1,0.9853663074715716
CGTCAGGGTAGTGAAT-1,1.0463813438603808
CGTCAGGGTCCAACTA-1,0.9940418430595779
CGTCAGGGTGACTCAT-1,1.0362354234641502
CGTCAGGGTGATGTGG-1,0.9593758841701538
CGTCAGGGTGTGTGCC-1,1.0051264329502745
CGTCAGGGTTACGACT-1,1.0329673947930285
CGTCAGGTCAGCTGGC-1,0.9946142618057064
CGTCCATAGAACAATC-1,1.0213152082707508
CGTCCATAGACAGAGA-1,1.0361767632866619
CGTCCATAGGTGTTAA-1,0.9670344666613084
CGTCCATCAAAGGAAG-1,0.9891634849221445
CGTCCATCAATGTTGC-1,0.9042273392577579
CGTCCATCAGCTTAAC-1,0.9907856378070645
CGTCCATGTCCGAACC-1,0.9974466947960062
CGTCCATGTCGAATCT-1,0.9313454030153235
CGTCCATGTCTCTCTG-1,1.034180354867831
CGTCCATGTTAAAGAC-1,1.0397273614270082
CGTCCATGTTGGTTTG-1,0.9600298840139452
CGTCCATTCCGATATG-1,1.0028095217459672
CGTCCATTCGCAAGCC-1,0.9525169669271437
CGTCCATTCGGTCTAA-1,0.9506773911792771
CGTCCATTCGTCCGTT-1,1.0304740188812642
CGTCTACAGCTACCGC-1,1.0304004011475145
CGTCTACAGCTGCGAA-1,1.0272659423444979
CGTCTACCACAGTCGC-1,1.0065468939059228
CGTCTACCACTGTCGG-1,1.0299680768537138
CGTCTACCACTTAAGC-1,0.9492770228188445
CGTCTACGTACGCACC-1,0.9869824584305986
CGTCTACGTCATGCCG-1,0.9830836279662919
CGTCTACGTTACAGAA-1,0.9653499946102008
CGTCTACTCGTCTGAA-1,1.0421662204056483
CGTCTACTCTTAACCT-1,0.976553444718921
CGTCTACTCTTCCTTC-1,0.9525955283600382
CGTGAGCAGCGTTGCC-1,0.9741903279142342
CGTGAGCAGGGATCTG-1,0.9196503562252445
CGTGAGCAGTGAACAT-1,1.039074713966615
CGTGAGCAGTTGTAGA-1,0.8596758351086552
CGTGAGCCAATCGAAA-1,1.018827371188044
CGTGAGCCACAGATTC-1,0.9949088273171357
CGTGAGCCAGTCGATT-1,0.9729630897790744
CGTGAGCGTGTCGCTG-1,1.0343911609036727
CGTGAGCGTTATCACG-1,1.0332968193279537
CGTGAGCTCACGCGGT-1,0.8688686173335567
CGTGAGCTCACTGGGC-1,1.0274348727093607
CGTGAGCTCCCTAATT-1,1.0386992233967727
CGTGAGCTCGCAAACT-1,1.0168974618888589
CGTGAGCTCTATCGCC-1,1.0289999081749397
CGTGAGCTCTTCTGGC-1,0.9685927731768966
CGTGTAAAGAGCCCAA-1,0.9891542391484995
CGTGTAAAGCAATCTC-1,0.945622718898886
CGTGTAAAGTCGTACT-1,1.023441572503769
CGTGTAACATGAAGTA-1,0.989210494244101
CGTGTAAGTCCATCCT-1,1.0341990436175785
CGTGTAAGTCCATGAT-1,1.0179416693313552
CGTGTAAGTCTGATTG-1,0.8827772527328844
CGTGTAAGTGCTTCTC-1,1.04234190076278
CGTGTAAGTTAAAGTG-1,1.0362634543428928
CGTGTAAGTTAAGGGC-1,1.033528699066489
CGTGTAAGTTCACCTC-1,1.0403391633572179
CGTGTAATCAGAAATG-1,0.9548798351905277
CGTGTAATCCGCGCAA-1,1.0085611536261607
CGTGTAATCTAACTTC-1,0.9163006691514111
CGTGTCTAGGTGCACA-1,1.0371441748250452
CGTGTCTAGTCCAGGA-1,0.9635547554764606
CGTGTCTCAATCCGAT-1,0.8635736653236272
CGTGTCTCACATTCGA-1,1.0309463523274618
CGTGTCTCAGATCCAT-1,0.9668245874281971
CGTGTCTCATTACCTT-1,1.0308647534289714
CGTGTCTGTAGAAAGG-1,1.0198865777808013
CGTGTCTGTCGCATAT-1,1.045354581930306
CGTGTCTGTGACAAAT-1,1.029921877470095
CGTGTCTGTGAGGGAG-1,0.9898731965491804
CGTGTCTGTGTGACCC-1,0.9210881245195695
CGTGTCTTCCGCATAA-1,1.03272991150614
CGTGTCTTCGAACTGT-1,1.0311504815278771
CGTTAGAAGAATAGGG-1,1.0269178169730688
CGTTAGAAGACAGACC-1,1.006903869752433
CGTTAGAAGAGTGAGA-1,0.9509400479574005
CGTTAGACAATGGAAT-1,0.9622267194504852
CGTTAGACACACATGT-1,1.0209789813013852
CGTTAGACAGCCTTTC-1,1.037463796293435
CGTTAGAGTCGCTTTC-1,1.0212054428441601
CGTTAGATCCTATGTT-1,0.9972538055669432
CGTTAGATCGTCCGTT-1,1.0007388915417816
CGTTCTGAGCGATGAC-1,1.0319237789411917
CGTTCTGAGTACACCT-1,0.9645793508543892
CGTTCTGAGTAGCCGA-1,1.0140346349922764
CGTTCTGCAGCTGTGC-1,0.903670364725559
CGTTCTGCATACGCTA-1,1.0244487524186165
CGTTCTGCATCGGGTC-1,0.9022694826628643
CGTTCTGGTAGCACGA-1,1.0366164645968743
CGTTCTGGTATATGAG-1,1.0386867490031044
CGTTCTGGTCTCCATC-1,1.0325536710395369
CGTTCTGGTGCAGGTA-1,1.0247964767757998
CGTTCTGGTTGAGGTG-1,1.0247200271135082
CGTTCTGTCATGCAAC-1,1.029009576355585
CGTTCTGTCGTTTGCC-1,0.9658101284081868
CGTTGGGAGATCGATA-1,1.0315082816843566
CGTTGGGAGCTAGTTC-1,1.0304243267814395
CGTTGGGAGTCACGCC-1,1.0442372633303414
CGTTGGGAGTCCAGGA-1,1.0327240835130667
CGTTGGGAGTCCCACG-1,0.9557356468053754
CGTTGGGAGTGCGTGA-1,1.0345362301818768
CGTTGGGCACATCCAA-1,1.0342618410177211
CGTTGGGCACCAGTTA-1,1.024376163394251
CGTTGGGCAGCTGTGC-1,1.0157659429366601
CGTTGGGCAGTGGGAT-1,1.015479565139
CGTTGGGCATCCTTGC-1,1.0360673905834472
CGTTGGGGTAGGACAC-1,1.0206523597298045
CGTTGGGGTCTTCAAG-1,1.0197906427254204
CGTTGGGGTGTCAATC-1,0.9769988148298684
CGTTGGGGTTAAGACA-1,0.976648446361923
CGTTGGGTCACAACGT-1,0.9755568446473404
CGTTGGGTCAGCTCGG-1,1.0348079624856064
CGTTGGGTCAGGATCT-1,1.0326587375265075
CGTTGGGTCTTACCTA-1,1.0289799341292394
CGTTGGGTCTTTAGGG-1,1.0273079425206333
CTAACTTAGAATTGTG-1,0.9275363740983544
CTAACTTAGACTTTCG-1,0.944500500710532
CTAACTTAGTATCGAA-1,1.0249485659906137
CTAACTTCAGCTTCGG-1,0.9102104468588995
CTAACTTGTAGAAAGG-1,1.0362116169835078
CTAACTTTCACGATGT-1,1.016605889520688
CTAACTTTCTGACCTC-1,0.9414294514592898
CTAACTTTCTGTGCAA-1,1.0285755367965506
CTAAGACAGAGCCTAG-1,1.0448252302546617
CTAAGACCACCGTTGG-1,0.9315243597397632
CTAAGACCAGCGTCCA-1,0.9922612848605419
CTAAGACCATACGCCG-1,1.0341192047272056
CTAAGACCATGGTTGT-1,1.0264628856382862
CTAAGACCATGTAAGA-1,1.0250977220747202
CTAAGACGTAGCTCCG-1,1.017744047224848
CTAAGACGTCATCGGC-1,0.9457650206661683
CTAAGACGTCCAGTGC-1,1.028393944940755
CTAAGACGTCGGGTCT-1,1.0296901942345917
CTAAGACGTGAAAGAG-1,1.023991774525742
CTAAGACGTGTGGTTT-1,1.0075742302636423
CTAAGACTCAGGCAAG-1,0.986450958157747
CTAAGACTCCACGTTC-1,1.0322730141682974
CTAAGACTCCTCTAGC-1,1.0183367134990262
CTAAGACTCGCCATAA-1,1.005114061504608
CTAATGGAGCCAGTTT-1,1.0228863271500903
CTAATGGAGGCAATTA-1,0.9735383080656393
CTAATGGAGTGACATA-1,0.9810264511414828
CTAATGGCATGCGCAC-1,1.037356491305415
CTAATGGCATGGTCTA-1,0.9685448957267346
CTAATGGCATGTTCCC-1,1.0046805952795954
CTAATGGGTAGCTGCC-1,1.021775869643323
CTAATGGGTAGGGACT-1,1.0313266647226975
CTAATGGGTATCACCA-1,1.0282370333036877
CTAATGGGTCGTGGCT-1,1.0115716050419532
CTAATGGGTTCAGACT-1,1.0244695950819271
CTAATGGGTTCGAATC-1,1.013759106001756
CTAATGGGTTCTGTTT-1,0.8543530225435146
CTAATGGTCTGATTCT-1,1.0089537595327722
CTACACCAGAGGGATA-1,0.9504810460410014
CTACACCAGATAGTCA-1,1.0234901273696035
CTACACCAGGCCCGTT-1,1.022320265328029
CTACACCAGGCGCTCT-1,1.0218072999158876
CTACACCAGTGCAAGC-1,0.9604761089241727
CTACACCCAATGAATG-1,1.001505527630762
CTACACCCACGGTAGA-1,1.0138203045597314
CTACACCCATGTCGAT-1,0.9793508564312319
CTACACCGTGATGTGG-1,0.9837842984312243
CTACACCGTGTTTGGT-1,0.9657089710768992
CTACACCTCACTTCAT-1,0.8898699532732056
CTACACCTCATCATTC-1,1.0242507752658887
CTACACCTCCGAAGAG-1,0.93609631851932
CTACACCTCGCAAGCC-1,0.9819666901770153
CTACACCTCTGTCTAT-1,1.0361788366724025
CTACATTAGTGCCATT-1,1.0087516571098374
CTACATTCAAGGTTCT-1,1.0008514240693005
CTACATTCACAGGTTT-1,1.042199627051822
CTACATTGTAAACACA-1,0.9351730817981987
CTACATTGTACAGTGG-1,1.0256816535174342
CTACATTGTACAGTTC-1,0.991786903811258
CTACATTGTATCAGTC-1,1.0262018277495675
CTACATTGTGGCCCTA-1,0.9567189563440796
CTACATTTCAGAGGTG-1,0.9828875955091739
CTACATTTCTAACCGA-1,1.0241080690531899
CTACATTTCTGCTGCT-1,0.9754832256371353
CTACATTTCTTAGAGC-1,1.0137680218930512
CTACCCAAGTACCGGA-1,1.0093218720140282
CTACCCAAGTACTTGC-1,1.0274339884455328
CTACCCAAGTTAGGTA-1,1.0466432542259285
CTACCCACACATCCGG-1,1.027319206113324
CTACCCACACGAAAGC-1,1.0042774012607985
CTACCCACATGACATC-1,1.0109301621727056
CTACCCAGTCGCTTTC-1,1.023968165474546
CTACCCAGTCTCATCC-1,1.035558315399236
CTACCCAGTCTTGCGG-1,1.030413407871983
CTACCCAGTGACTCAT-1,1.027681630000791
CTACCCATCATCATTC-1,1.0212798407201773
CTACCCATCCAACCAA-1,1.0326820307027302
CTACCCATCCGCGCAA-1,1.0325528326963231
CTACCCATCTCATTCA-1,0.911788390664158
CTACGTCAGAGCCCAA-1,0.9818767942116443
CTACGTCAGAGCTGGT-1,1.035368119411965
CTACGTCAGCAGGCTA-1,0.9676913291302507
CTACGTCAGCGATATA-1,0.9555486366870901
CTACGTCAGGGCATGT-1,0.9576171813308422
CTACGTCCACAGACTT-1,0.9783442259014593
CTACGTCCACTCTGTC-1,0.9680036666551516
CTACGTCCAGACGCCT-1,1.0275649189905565
CTACGTCCAGGACGTA-1,0.9754002330936739
CTACGTCCAGGCGATA-1,0.8537828863752611
CTACGTCGTAATTGGA-1,1.020028660357649
CTACGTCGTAGAAAGG-1,1.0342804560828862
CTACGTCGTGAGTGAC-1,1.0039619778027726
CTACGTCGTGCGGTAA-1,1.002738709526561
CTACGTCGTTTGCATG-1,1.0358112947877254
CTACGTCTCACCGGGT-1,1.0425524399964499
CTACGTCTCTACCAGA-1,0.9755220424687135
CTACGTCTCTCACATT-1,1.0230181936331502
CTAGAGTAGACGACGT-1,0.9323003897424297
CTAGAGTAGAGAACAG-1,1.0320251083217062
CTAGAGTAGAGACTTA-1,1.0349260367962396
CTAGAGTAGATCCCGC-1,0.9778401116815263
CTAGAGTAGCTGTCTA-1,0.9972023490494856
CTAGAGTAGTGCCATT-1,0.938602096145233
CTAGAGTCATATGCTG-1,0.9478151165230985
CTAGAGTGTACCTACA-1,0.8917371231808368
CTAGAGTGTATTCTCT-1,1.0324854772974268
CTAGAGTGTCTCTTAT-1,1.028186297355647
CTAGAGTGTCTGGTCG-1,0.9802379106468293
CTAGAGTGTGCCTTGG-1,1.0278777599543996
CTAGAGTGTGTGACGA-1,1.0274594948945865
CTAGAGTTCAACACCA-1,1.033010172636909
CTAGAGTTCAAGGTAA-1,1.0172233086147797
CTAGAGTTCATCTGTT-1,1.0381690475909904
CTAGCCTAGAATCTCC-1,1.0027412231257762
CTAGCCTAGCACAGGT-1,1.0396199411906561
CTAGCCTAGGGCTTGA-1,1.0244108214584564
CTAGCCTCAAGACGTG-1,0.9722284607103693
CTAGCCTCAATGGATA-1,0.9379386850231507
CTAGCCTCACGCGAAA-1,0.953691759030509
CTAGCCTCAGCGTAAG-1,1.0281941077955452
CTAGCCTCAGGCTCAC-1,1.0269786590819048
CTAGCCTCATACAGCT-1,0.9591252059252781
CTAGCCTCATCCTTGC-1,1.0413203224549927
CTAGCCTCATCGTCGG-1,1.0254607711522998
CTAGCCTCATTCCTCG-1,1.028898649789271
CTAGCCTGTCGACTGC-1,1.0160111985433735
CTAGCCTGTGCGCTTG-1,1.0280317216408383
CTAGCCTGTTCTGAAC-1,1.0235911449265607
CTAGCCTTCGGAGCAA-1,1.0397138236207286
CTAGCCTTCGTATCAG-1,0.9836766055846079
CTAGTGAAGATGCCAG-1,0.8881523236467299
CTAGTGAAGGAATCGC-1,1.039112656832441
CTAGTGAAGGGTATCG-1,1.0359272445791314
CTAGTGACATTAGGCT-1,0.9903385170506072
CTAGTGAGTCGAGTTT-1,1.0216783031721293
CTAGTGAGTGATGTCT-1,0.9967687728538304
CTAGTGAGTGTCAATC-1,1.0299873206675212
CTAGTGATCGCCGTGA-1,1.0280942438331722
CTAGTGATCGTACGGC-1,1.0377868354454975
CTCACACAGATAGGAG-1,1.0097409038997027
CTCACACAGCGCCTCA-1,1.0196208866501302
CTCACACAGCTAAGAT-1,1.0356895554723036
CTCACACAGGAATTAC-1,1.014212767858798
CTCACACAGGAGTAGA-1,0.9552378063376624
CTCACACCAACGATGG-1,1.0344190637267971
CTCACACCACGTAAGG-1,1.0317379726266158
CTCACACCACTCTGTC-1,0.9722465095320042
CTCACACCATGCCTAA-1,1.0334802786780026
CTCACACGTACTCGCG-1,0.9503648922614618
CTCACACGTCGTCTTC-1,0.9800273920748549
CTCACACGTGAAAGAG-1,1.0194445230916667
CTCACACTCATCACCC-1,1.015741777257472
CTCACACTCCACGCAG-1,0.9564705308646831
CTCACACTCCCAAGTA-1,1.0323899644748287
CTCACACTCTGGAGCC-1,1.02909032450022
CTCACACTCTTTACAC-1,1.0344764699508784
CTCAGAAAGACTAGGC-1,1.0166412718112323
CTCAGAAAGAGTACAT-1,0.9599009045161071
CTCAGAAAGCCAGTTT-1,0.9687989760938047
CTCAGAACAACTGCTA-1,0.8594700261836491
CTCAGAACAATCAGAA-1,1.02112855340249
CTCAGAACAATGAAAC-1,1.0394470101258246
CTCAGAAGTAAGAGAG-1,0.9819652651286933
CTCAGAAGTACCGTTA-1,1.0446618242649315
CTCAGAAGTATAAACG-1,1.0277490444890074
CTCAGAAGTCAGATAA-1,1.0307355636884021
CTCAGAAGTCGACTAT-1,1.0333900726267518
CTCAGAAGTCTAGCGC-1,1.0395161254318526
CTCAGAAGTGCATCTA-1,1.0359102224372665
CTCAGAATCGGACAAG-1,1.0370401306744148
CTCATTAAGAAACGCC-1,1.0468715684235061
CTCATTAAGCCACGTC-1,0.9399531610409622
CTCATTAAGCTAACTC-1,1.0312958157620744
CTCATTAAGGGATCTG-1,1.0351229806198858
CTCATTAAGTGGTCCC-1,0.9771312884781906
CTCATTACAATAAGCA-1,1.0316030648609873
CTCATTACACCCATGG-1,0.9720695510680971
CTCATTACAGTGGGAT-1,0.989029251228449
CTCATTACAGTTCATG-1,1.0368595339868745
CTCATTACATAACCTG-1,0.946431394427738
CTCATTACATAAGACA-1,1.0235553464839335
CTCATTAGTGGCGAAT-1,0.9470543425778908
CTCATTATCAGGCAAG-1,1.0250200743111602
CTCATTATCCCTAATT-1,1.045396254066229
CTCATTATCGTGGACC-1,0.9562572353761382
CTCATTATCTAACTCT-1,1.0215202389504185
CTCCTAGAGCAGCGTA-1,0.9709123141193278
CTCCTAGAGGACGAAA-1,0.9624477451888567
CTCCTAGAGTTGTAGA-1,0.9373496145849216
CTCCTAGCAGTAGAGC-1,1.0407390032425978
CTCCTAGCATCTGGTA-1,1.0342231612264174
CTCCTAGCATTCACTT-1,1.0285385062776304
CTCCTAGCATTGCGGC-1,0.9450495820650051
CTCCTAGCATTTCAGG-1,1.0382446840481658
CTCCTAGGTACGCTGC-1,1.0292334837670156
CTCCTAGGTAGGAGTC-1,1.031210796172485
CTCCTAGGTCTTGCGG-1,0.9615606733271729
CTCCTAGGTGCAACGA-1,0.9692735935424794
CTCCTAGGTTACAGAA-1,1.0008070642921105
CTCCTAGGTTCCATGA-1,0.9795090765841424
CTCCTAGGTTGTTTGG-1,0.7418396783560003
CTCCTAGTCAGCTCGG-1,1.0337646126116065
CTCCTAGTCCGTCAAA-1,0.9969907063960992
CTCCTAGTCCGTTGCT-1,0.9780916690182436
CTCCTAGTCGCAGGCT-1,1.0286216009235012
CTCCTAGTCGGCTACG-1,1.0208087773005807
CTCCTAGTCTATCCTA-1,1.0277512823705508
CTCCTAGTCTCTGCTG-1,0.8702775379913065
CTCCTAGTCTTGGGTA-1,1.0362185342282237
CTCGAAAAGAGGGATA-1,1.035528428223353
CTCGAAAAGATGAGAG-1,0.9926992364835787
CTCGAAAAGCTGCCCA-1,1.024698412488531
CTCGAAAAGGACTGGT-1,1.0000177374641535
CTCGAAACAATCTGCA-1,1.0281188558907328
CTCGAAACATCTGGTA-1,1.034459220268381
CTCGAAAGTCGACTGC-1,0.9367524480381155
CTCGAAAGTGACCAAG-1,1.0206851417550993
CTCGAAATCAGCATGT-1,1.0297385341242398
CTCGAAATCCGCATCT-1,0.9781805181739942
CTCGAGGAGCCGATTT-1,1.0375344553573609
CTCGAGGAGTCCCACG-1,0.9879126104340324
CTCGAGGCACATGGGA-1,0.9549854847844526
CTCGAGGGTCACCCAG-1,0.962419206532508
CTCGAGGGTTAGATGA-1,0.9282483684938102
CTCGAGGGTTGGACCC-1,0.9217170092420222
CTCGAGGTCACTGGGC-1,1.0228532744410894
CTCGAGGTCATCATTC-1,1.0441551716041444
CTCGAGGTCCGCGGTA-1,0.8868613831832053
CTCGAGGTCCTTTCGG-1,0.9083466581741726
CTCGAGGTCTAACTTC-1,1.0059339067942557
CTCGAGGTCTGCTGCT-1,1.0296490288586277
CTCGGAGAGAAAGTGG-1,0.9797424682211923
CTCGGAGAGCGCCTCA-1,1.0086969885061368
CTCGGAGAGTAGTGCG-1,0.9177266285957716
CTCGGAGCAATAGAGT-1,1.0262860675271679
CTCGGAGCAATGGAAT-1,1.0328659442617971
CTCGGAGCACAGCCCA-1,1.0161554483280733
CTCGGAGCACTTCTGC-1,1.0221473410768491
CTCGGAGCAGACGTAG-1,1.035776052232341
CTCGGAGCAGTCCTTC-1,0.9988526398934544
CTCGGAGCATGTCTCC-1,0.9848565205360875
CTCGGAGCATGTTGAC-1,1.0051995429298408
CTCGGAGCATTGGGCC-1,0.9719529600900044
CTCGGAGGTAAGTGTA-1,0.911344996718582
CTCGGAGGTAGCCTCG-1,1.0316824880165878
CTCGGAGGTAGCTGCC-1,1.026756402225618
CTCGGAGGTATCTGCA-1,1.0393587791454224
CTCGGAGGTCATCCCT-1,0.9438763728169888
CTCGGAGGTGAAATCA-1,0.9334868778890227
CTCGGAGGTTCCACGG-1,1.0114003009960875
CTCGGAGTCAACACCA-1,1.0174197501204467
CTCGGAGTCACAACGT-1,1.0215933190103337
CTCGGAGTCACAGGCC-1,1.0298768299299466
CTCGGAGTCTCAACTT-1,0.9257824546945072
CTCGGAGTCTTTACAC-1,1.0290394312014406
CTCGGGAAGATCCCAT-1,1.0277881924786298
CTCGGGAAGCAAATCA-1,1.025924002885061
CTCGGGAAGCAATCTC-1,1.0316937008905587
CTCGGGAAGGCCATAG-1,1.0166100978807602
CTCGGGAAGGCGACAT-1,0.8376823768777855
CTCGGGAAGTTGAGAT-1,1.0159008556402693
CTCGGGACAAGCGATG-1,1.0281712072167164
CTCGGGACAATGTTGC-1,1.0197501102556796
CTCGGGACACAAGCCC-1,1.0400599167064009
CTCGGGACACCAGGCT-1,1.0278595769000671
CTCGGGACACGTAAGG-1,1.0363691155649548
CTCGGGACAGATGGGT-1,1.0364837635387731
CTCGGGACATCACGTA-1,1.0205958413417808
CTCGGGAGTCCGAAGA-1,1.0283285594759708
CTCGGGAGTGAGGGAG-1,1.0205700853197004
CTCGGGAGTTGCCTCT-1,1.0295187696096078
CTCGGGAGTTTGGGCC-1,1.0483784633974926
CTCGGGATCAACACAC-1,1.0384619238970414
CTCGGGATCACCCTCA-1,0.9548631927646513
CTCGGGATCACGCATA-1,1.0104868585931701
CTCGGGATCATGCAAC-1,1.0093412645609128
CTCGGGATCCGCAGTG-1,1.004326869414932
CTCGGGATCGACAGCC-1,0.9420266867105159
CTCGTACAGAACAATC-1,1.025835597122856
CTCGTACAGACTAGGC-1,1.0457594491836832
CTCGTACAGATAGCAT-1,1.0245765468907095
CTCGTACAGCTTCGCG-1,1.0033020953548606
CTCGTACAGGCCCTTG-1,1.0315306493598873
CTCGTACAGTTAGGTA-1,1.0294947495769615
CTCGTACCAACACCCG-1,0.9973816526403446
CTCGTACCAATCACAC-1,0.8350515823348847
CTCGTACCAATGGAGC-1,1.0401822815695798
CTCGTACGTCAAAGCG-1,1.0197307967172389
CTCGTACGTCGAAAGC-1,1.0465910930398294
CTCGTACGTTGTGGAG-1,1.0095957585472826
CTCGTACTCATGGTCA-1,0.9952426954263073
CTCGTACTCGCGCCAA-1,1.0332820975408732
CTCGTACTCTGGTTCC-1,0.9450226562954924
CTCGTCAAGCCCAATT-1,0.8772783927425395
CTCGTCAAGGACAGCT-1,0.933936911848062
CTCGTCAAGTGACTCT-1,1.022836252037375
CTCGTCACAAGCCGCT-1,1.0069907260124509
CTCGTCACACTGCCAG-1,1.019547635809493
CTCGTCACAGCCTTTC-1,0.9855275701748714
CTCGTCACAGGATCGA-1,1.0285636007965882
CTCGTCAGTATGCTTG-1,1.0325943842240994
CTCGTCAGTCAGCTAT-1,0.945542941711052
CTCGTCAGTCCCTACT-1,1.0147219704808699
CTCGTCAGTGAAGGCT-1,0.9501163512194472
CTCGTCATCACTCTTA-1,1.026282467526844
CTCGTCATCACTTCAT-1,1.016511615444278
CTCGTCATCGTGGACC-1,1.043018052438372
CTCGTCATCTGTTGAG-1,0.9796468458296242
CTCGTCATCTTGACGA-1,1.0356118390243068
CTCTAATAGAACTCGG-1,0.9893329198291283
CTCTAATAGACTGGGT-1,1.0094181902254338
CTCTAATAGATAGTCA-1,1.0084694844192355
CTCTAATAGCTTATCG-1,1.0361000417456394
CTCTAATAGTGTGGCA-1,1.0356238816550936
CTCTAATCAGCTGCAC-1,1.0349878741688325
CTCTAATCAGGACCCT-1,1.0415461573906117
CTCTAATCATGCAATC-1,1.0294864594960975
CTCTAATCATGTCCTC-1,0.9644199909325685
CTCTAATGTAAGTTCC-1,1.0288682891842549
CTCTAATGTAGGAGTC-1,1.0113568950142917
CTCTAATGTCCGAACC-1,0.989607401793274
CTCTAATGTCGAAAGC-1,0.9855687525139147
CTCTAATGTCGACTAT-1,0.9813584676504677
CTCTAATGTTATGCGT-1,1.0332672126506182
CTCTAATGTTTGACTG-1,1.0351575349929523
CTCTAATTCCTTTCGG-1,1.0358075798566873
CTCTAATTCGAGCCCA-1,1.0341253020386225
CTCTAATTCGGAAATA-1,1.0050435852298356
CTCTAATTCGTTTATC-1,1.0142621136582304
CTCTACGAGAAGGTGA-1,1.045029664448107
CTCTACGAGCCCGAAA-1,1.0197196083172833
CTCTACGAGCTAGCCC-1,1.0302499848167177
CTCTACGAGGTGATAT-1,1.0274212550597985
CTCTACGAGTGCCATT-1,1.034646306098016
CTCTACGCAAACCCAT-1,0.9758979173969804
CTCTACGCAAGGACAC-1,0.9236149856422055
CTCTACGCAATGGAAT-1,0.9522878288910335
CTCTACGCAGACGCCT-1,0.9190734043871034
CTCTACGGTCATATGC-1,1.0059772437797
CTCTACGGTCTGCCAG-1,0.9604842557999408
CTCTACGGTGACAAAT-1,1.0217124566876117
CTCTACGTCCGAACGC-1,1.0273010575596395
CTCTACGTCCGGCACA-1,1.0324978941495693
CTCTACGTCCTATTCA-1,1.0178875101760347
CTCTACGTCGTCACGG-1,1.0335124749708153
CTCTACGTCTGCAAGT-1,1.0408543597381945
CTCTACGTCTTGAGGT-1,1.0248894469084713
CTCTGGTAGCCAACAG-1,1.0273784732892057
CTCTGGTAGCCACTAT-1,0.9765638802906869
CTCTGGTAGTGTTTGC-1,0.9569990622320603
CTCTGGTAGTTAAGTG-1,1.0346819208817752
CTCTGGTCAACGATGG-1,0.9880627500204752
CTCTGGTCACCAGATT-1,0.9898853826175816
CTCTGGTCATTGAGCT-1,1.0332984062449069
CTCTGGTGTAGTACCT-1,1.0427909584436872
CTCTGGTGTCAGAATA-1,1.0115272095931862
CTCTGGTGTCTCTCGT-1,0.8906553091955428
CTCTGGTGTGCATCTA-1,1.0335271501894654
CTCTGGTGTGGCCCTA-1,1.0271694575502082
CTCTGGTTCCAAATGC-1,1.0096296438275756
CTCTGGTTCCACTGGG-1,0.9990597099611023
CTGAAACAGATGGCGT-1,0.9381047172093019
CTGAAACCAACTGGCC-1,1.036290661654051
CTGAAACCAAGCTGAG-1,1.0296147368622628
CTGAAACCACCATGTA-1,1.0223061540391827
CTGAAACCAGAAGCAC-1,1.0416694900678467
CTGAAACGTACCGGCT-1,1.0079189404555033
CTGAAACGTGCACTTA-1,1.0313533697399309
CTGAAACGTTTGACAC-1,0.9381236395292473
CTGAAACTCAAACAAG-1,0.984271016668807
CTGAAACTCAGGCGAA-1,0.9800962720073813
CTGAAACTCGTGGACC-1,1.0430638849128224
CTGAAGTAGGTGACCA-1,0.9307946721635464
CTGAAGTAGTGTGGCA-1,0.9607747628675306
CTGAAGTCACGCGAAA-1,1.0410512270683772
CTGAAGTCAGAGTGTG-1,1.0232703807919625
CTGAAGTCATATACCG-1,1.0414874946275874
CTGAAGTCATTGCGGC-1,1.0314253575130947
CTGAAGTGTAAGAGGA-1,1.0455249928931147
CTGAAGTGTGCGAAAC-1,1.0311894865971591
CTGAAGTTCCCAGGTG-1,1.0183747554885985
CTGATAGAGAACAATC-1,1.0150406705127537
CTGATAGAGAGGACGG-1,1.0296807019767635
CTGATAGAGAGTCTGG-1,1.0335733205462716
CTGATAGAGCAGACTG-1,0.9321133681869287
CTGATAGAGGATTCGG-1,1.0302122629986867
CTGATAGAGTGGTAGC-1,0.9490175225770584
CTGATAGAGTTAAGTG-1,0.999332073054518
CTGATAGCAAGACGTG-1,0.9287270615023099
CTGATAGCACAGACTT-1,1.0221744311582486
CTGATAGCAGGCTGAA-1,1.0331035422847612
CTGATAGGTGATGATA-1,0.9216528149758978
CTGATAGTCCGCATAA-1,0.9350965947331874
CTGATAGTCGCGCCAA-1,1.0326698532947418
CTGATAGTCGCTGATA-1,0.954336040606306
CTGATAGTCTGCTGTC-1,0.86615905636561
CTGATCCAGCTACCGC-1,0.9863717365829547
CTGATCCCAACTTGAC-1,1.0145543901111416
CTGATCCCACATCCAA-1,0.9811615327263992
CTGATCCCACCACGTG-1,0.9555834606719231
CTGATCCCAGCTGTGC-1,1.0355230377741957
CTGATCCGTCCGCTGA-1,0.8903798857339273
CTGATCCGTGAGGGTT-1,1.0211339006713775
CTGATCCGTGTATGGG-1,1.0413186791767932
CTGATCCGTTTAGGAA-1,1.002962893215647
CTGATCCTCATAAAGG-1,0.9602518369858685
CTGATCCTCCTCTAGC-1,1.0378105689970074
CTGATCCTCCTTGACC-1,1.0125801730996131
CTGATCCTCTGCAAGT-1,1.0255696488288395
CTGCCTAAGCTAACAA-1,1.0262297154152065
CTGCCTAAGCTCCCAG-1,0.9266488534347086
CTGCCTAAGGAATCGC-1,0.9451713580947667
CTGCCTAAGGCTAGAC-1,0.9925853984902666
CTGCCTAAGTCAATAG-1,1.0299158879349755
CTGCCTACACGCATCG-1,1.0135149480171048
CTGCCTACACTGAAGG-1,0.9560837531835864
CTGCCTAGTAAATGAC-1,1.0221062380697612
CTGCCTAGTCCCTTGT-1,1.0220386380635689
CTGCCTAGTCCTGCTT-1,1.0382351839737967
CTGCCTAGTCGAAAGC-1,1.020430806196017
CTGCCTAGTGCCTTGG-1,0.916120474305069
CTGCCTAGTTCTGAAC-1,0.9867064338988863
CTGCCTATCAACGGCC-1,1.0244079140961801
CTGCCTATCCGAATGT-1,0.9762910797049484
CTGCCTATCTCTGTCG-1,1.024046023880235
CTGCCTATCTTTACAC-1,1.034803740621147
CTGCGGAAGACAAGCC-1,0.9229418009803559
CTGCGGAAGATCGGGT-1,1.0195556068583036
CTGCGGAAGCCGCCTA-1,1.033977499800794
CTGCGGAAGGGTCTCC-1,1.0256905160628482
CTGCGGACAGGCAGTA-1,1.0338724539183457
CTGCGGACATATACGC-1,1.0467428556670326
CTGCGGACATGCATGT-1,1.0329237853655788
CTGCGGAGTACGAAAT-1,0.8054124543825009
CTGCGGAGTCTAGAGG-1,1.013242598760464
CTGCGGAGTCTAGCGC-1,1.023072431445006
CTGCGGAGTGCGAAAC-1,0.9729055059847759
CTGCGGATCAAGCCTA-1,0.9561057827528061
CTGCGGATCAGTTAGC-1,0.9828306331774546
CTGCGGATCCAAATGC-1,1.0321746236305858
CTGCGGATCCATGAGT-1,1.0405885707360103
CTGCGGATCGCCTGAG-1,0.9788210288976521
CTGCGGATCGGCATCG-1,0.9661850813683421
CTGCGGATCTCCGGTT-1,0.9490368683349863
CTGCGGATCTTACCTA-1,0.9995744669149849
CTGCGGATCTTAGAGC-1,1.0034038119713065
CTGCTGTAGAGCAATT-1,0.9474040318337001
CTGCTGTAGAGGTTGC-1,1.028461361850157
CTGCTGTAGCGTTTAC-1,0.9636179141381495
CTGCTGTAGTGGTCCC-1,1.0365231722661827
CTGCTGTCACACCGCA-1,1.0380668349672848
CTGCTGTCACCCTATC-1,0.9975289489647976
CTGCTGTCATGACATC-1,0.9904569318918137
CTGCTGTCATGACGGA-1,0.9957883591641368
CTGCTGTTCAACTCTT-1,1.023913837953749
CTGCTGTTCCTAAGTG-1,1.0407485891616344
CTGGTCTAGAAGGTGA-1,0.9380969841774826
CTGGTCTAGACAGAGA-1,1.0214958739818034
CTGGTCTAGACTACAA-1,1.0388126653324379
CTGGTCTAGCAGGTCA-1,1.0003046847166477
CTGGTCTAGCGATCCC-1,1.0149027676758093
CTGGTCTAGGGCACTA-1,1.0380939462574523
CTGGTCTAGTCCGTAT-1,1.0367394908650902
CTGGTCTCACATTCGA-1,1.0203006746693752
CTGGTCTCACCCAGTG-1,0.9979707132578816
CTGGTCTCACTGTTAG-1,1.0242007063385554
CTGGTCTCAGTACACT-1,0.9858656564041214
CTGGTCTCATTCCTCG-1,0.9294749550802208
CTGGTCTGTCGAATCT-1,1.0275117791825483
CTGGTCTGTCTCTCTG-1,0.9744643852307728
CTGGTCTGTCTGGTCG-1,0.980090050834786
CTGGTCTGTTAAGACA-1,0.9405979187182948
CTGGTCTGTTATTCTC-1,1.0175089062727016
CTGGTCTGTTGAGGTG-1,1.0267201683668374
CTGGTCTTCAGGTAAA-1,1.0343927318294448
CTGGTCTTCCCTAATT-1,1.0340030088357646
CTGGTCTTCCTTCAAT-1,0.9664858298454662
CTGGTCTTCGCCAAAT-1,1.0259114983881654
CTGGTCTTCTGCCAGG-1,1.0345566655990908
CTGTGCTAGAAACCTA-1,1.03987890358647
CTGTGCTAGAGTACAT-1,1.0237415161818435
CTGTGCTAGCTGTCTA-1,1.0356946226539103
CTGTGCTAGGACGAAA-1,1.0485290226373374
CTGTGCTAGTCGTTTG-1,1.0070327050098424
CTGTGCTAGTGGACGT-1,1.0306630110583568
CTGTGCTGTATTCGTG-1,1.0011890567433523
CTGTGCTGTCTCTTAT-1,1.0397674502207117
CTGTGCTTCACAAACC-1,0.9926320587016922
CTGTGCTTCTATGTGG-1,0.8978570593877816
CTGTGCTTCTGGCGTG-1,1.0338246254834542
CTGTTTAAGGGTGTGT-1,0.9306545471923104
CTGTTTAAGTGCCAGA-1,0.9228497981277424
CTGTTTACAACAACCT-1,1.000279664950303
CTGTTTACACTCGACG-1,0.9677323463674513
CTGTTTACACTCTGTC-1,1.0387787266009767
CTGTTTACAGACGCAA-1,1.00337934146657
CTGTTTACAGGGTACA-1,0.9604600228629326
CTGTTTACAGTCCTTC-1,0.9162919462369419
CTGTTTAGTATAAACG-1,1.0293040498470112
CTGTTTAGTCAAAGCG-1,1.0450596491734392
CTGTTTAGTTACAGAA-1,1.0360946785650733
CTGTTTATCTATGTGG-1,1.0265615376403787
CTTAACTAGAAGCCCA-1,0.9993412081555888
CTTAACTAGACTTGAA-1,1.035659530632809
CTTAACTAGATCGATA-1,1.0298018915293714
CTTAACTAGCCGATTT-1,0.9619472478509625
CTTAACTAGCGATGAC-1,0.9826703007563808
CTTAACTAGGTGCTTT-1,1.0391092348365827
CTTAACTCAACTGGCC-1,0.8380496659067785
CTTAACTCACCACCAG-1,1.0218241665315508
CTTAACTCACTATCTT-1,0.9644142717538855
CTTAACTCAGCTGTTA-1,1.031755090036881
CTTAACTCAGTCTTCC-1,1.0271575800976038
CTTAACTCATGAACCT-1,1.0000534907627063
CTTAACTCATGACATC-1,0.9909824479879777
CTTAACTCATGGATGG-1,1.0289331179174817
CTTAACTGTCGAGATG-1,1.0350461473909316
CTTAACTGTCGGATCC-1,1.0489230429756269
CTTAACTGTCTAGTGT-1,1.0141407951201327
CTTAACTGTGACGCCT-1,1.0420770152722791
CTTAACTGTTGATTCG-1,1.0093558939807978
CTTAACTTCAACACCA-1,1.0319117830202598
CTTAACTTCAACGCTA-1,0.9216260841353684
CTTAACTTCATCTGCC-1,1.0202845703079093
CTTAACTTCCGCGCAA-1,0.9824701066274983
CTTAACTTCGCGTAGC-1,1.0359241754855908
CTTAACTTCGGAGGTA-1,1.0342676326882292
CTTAACTTCGTACGGC-1,0.9971188906294084
CTTAACTTCTGAGTGT-1,1.0325658649807752
CTTACCGAGAAGGGTA-1,1.0241402550272771
CTTACCGAGTACGCCC-1,1.0378054203349412
CTTACCGAGTGACTCT-1,1.0120642541661455
CTTACCGCATACAGCT-1,1.0299906335086575
CTTACCGGTAAGTAGT-1,1.0365261590977028
CTTACCGGTAGAGCTG-1,1.012434986362172
CTTACCGGTCTGATCA-1,1.0324082501871785
CTTACCGGTGCAACTT-1,1.0343819300007884
CTTACCGGTTACGGAG-1,1.0342680033112897
CTTACCGGTTTACTCT-1,1.0462197878365556
CTTACCGTCCAAGCCG-1,1.0249291493619233
CTTAGGAAGAGGGATA-1,1.0287568286506457
CTTAGGACACGAGGTA-1,1.0294964273063107
CTTAGGACAGCATACT-1,1.0132336080234072
CTTAGGAGTAAATGTG-1,1.0348639355302203
CTTAGGAGTTCCGGCA-1,1.036689703828125
CTTAGGATCAAAGACA-1,1.0208908221082105
CTTAGGATCTACCTGC-1,1.023847972565548
CTTCTCTAGCCATCGC-1,0.9519451469662932
CTTCTCTAGCGATAGC-1,1.0233007810325707
CTTCTCTAGCTGTCTA-1,1.0303606574210797
CTTCTCTAGGACAGAA-1,1.0361986949800344
CTTCTCTAGGTGCACA-1,1.0296835548127374
CTTCTCTCAATGGAAT-1,1.0263882213765292
CTTCTCTCACATCCAA-1,0.9187464852521487
CTTCTCTCAGCGAACA-1,1.0317098061645895
CTTCTCTCAGGTGGAT-1,1.0386874023693473
CTTCTCTCATCGATTG-1,1.0270607965206802
CTTCTCTCATTTCACT-1,0.9998107735917793
CTTCTCTGTCTAGCGC-1,0.9775268725274404
CTTCTCTGTGCCTGCA-1,1.0364756333461942
CTTCTCTGTTCCACAA-1,0.8896836609123869
CTTCTCTGTTTGTTTC-1,1.0225350668419955
CTTGGCTAGATGAGAG-1,1.0293095736567761
CTTGGCTAGCGCCTTG-1,1.0342050542711732
CTTGGCTAGGACGAAA-1,1.0112551407372976
CTTGGCTAGGATGTAT-1,0.9385694501807907
CTTGGCTAGGCCCGTT-1,1.0451497625988138
CTTGGCTCAATAGAGT-1,1.0074374479184862
CTTGGCTCAGACAAAT-1,1.0192302644612952
CTTGGCTCAGCCTTGG-1,1.0357370299471187
CTTGGCTCAGGAATGC-1,1.0186219485907997
CTTGGCTGTAGCACGA-1,1.0269601861194735
CTTGGCTGTAGTAGTA-1,1.0292040068934116
CTTGGCTGTATTAGCC-1,1.0220248848029008
CTTGGCTGTCGAACAG-1,1.01155601867766
CTTGGCTGTCGCGTGT-1,0.9410475266548435
CTTGGCTGTCTGCCAG-1,1.0285434931426354
CTTGGCTGTTAAGAAC-1,1.0270539855310223
CTTGGCTGTTCCCGAG-1,0.944810102977137
CTTGGCTGTTCGAATC-1,1.0338174917925322
CTTGGCTTCAATACCG-1,0.9567184845551824
CTTGGCTTCGCAGGCT-1,0.8937522878678623
CTTGGCTTCTACTTAC-1,1.018691764657035
CTTGGCTTCTCCTATA-1,1.0288771619546793
CTTTGCGAGAAAGTGG-1,1.0374829862787533
CTTTGCGAGACGCAAC-1,1.041319696949078
CTTTGCGAGATATGCA-1,1.009391167985321
CTTTGCGAGATCGATA-1,1.039397381388559
CTTTGCGCAAGCGTAG-1,1.0336358894836843
CTTTGCGCAGCCAGAA-1,1.0160006358307783
CTTTGCGCATGGTTGT-1,1.0338716514928628
CTTTGCGGTCAATACC-1,1.0276222939277904
CTTTGCGGTCATTAGC-1,1.0424220643081243
CTTTGCGGTGACTCAT-1,0.976693453386048
CTTTGCGGTTAGAACA-1,0.8821496183884124
CTTTGCGGTTAGTGGG-1,1.0278776894133765
CTTTGCGGTTGGTAAA-1,1.03112633441229
CTTTGCGGTTGTCGCG-1,0.9889049450866024
CTTTGCGTCAAAGTAG-1,1.038349497372138
CTTTGCGTCACATACG-1,1.0314458125058017
CTTTGCGTCAGGCAAG-1,1.0111738118667364
CTTTGCGTCCGAAGAG-1,1.0359390947905092
CTTTGCGTCGAATGCT-1,0.9551884255700334
CTTTGCGTCTCTTGAT-1,0.9756415161289623
GAAACTCAGAACTGTA-1,1.0342605622580288
GAAACTCAGCTCTCGG-1,1.001243153288743
GAAACTCAGTAGCCGA-1,0.9914605077278763
GAAACTCAGTCGTACT-1,1.0073595864781018
GAAACTCAGTGCGTGA-1,0.9222416370882599
GAAACTCAGTGTTTGC-1,1.0386273817871123
GAAACTCAGTTCGATC-1,1.0406072926630843
GAAACTCCACATAACC-1,1.0404052532463728
GAAACTCCAGGAATCG-1,1.0129556599482903
GAAACTCCATGGTCAT-1,1.03201974232547
GAAACTCGTGGTTTCA-1,1.0211531161494716
GAAACTCGTGTGAAAT-1,1.0323060306721985
GAAACTCGTTACGTCA-1,1.035447264489794
GAAACTCGTTCGGGCT-1,1.0198399662967486
GAAACTCGTTGGACCC-1,1.0211365926657
GAAACTCTCATGTCTT-1,0.9382431167629844
GAAACTCTCTGCCAGG-1,0.9760776259283058
GAAACTCTCTTAACCT-1,0.9497144236524435
GAAATGAAGAACAACT-1,1.026224370067501
GAAATGAAGAAGGCCT-1,1.0046064160445
GAAATGAAGATAGCAT-1,0.9879342039579335
GAAATGAAGTGCAAGC-1,1.0329723771288524
GAAATGACAAGCCTAT-1,1.0375967140785782
GAAATGACACCATGTA-1,1.010193419033948
GAAATGACACGACGAA-1,0.9141128885386174
GAAATGACAGAAGCAC-1,1.0084485130138454
GAAATGACAGCTCGAC-1,1.0139658620311451
GAAATGACATCCGGGT-1,1.0131278550877527
GAAATGACATTCCTGC-1,1.0334569449401774
GAAATGAGTAGCGTCC-1,0.9768666591493478
GAAATGAGTTAGTGGG-1,0.9916888066336702
GAACATCAGAGGTACC-1,0.980029807053258
GAACATCAGCAGCCTC-1,0.9461026013552536
GAACATCAGCCAGTAG-1,0.9961660012167606
GAACATCAGGTGTGGT-1,1.0338661067934518
GAACATCAGTTCGCAT-1,1.0276628536880388
GAACATCAGTTTAGGA-1,1.0294081617350634
GAACATCCAAGTTGTC-1,1.033257430433801
GAACATCCAATAAGCA-1,1.0192108852123187
GAACATCCACATGGGA-1,1.0295637894385758
GAACATCCACGCGAAA-1,0.9894299548611862
GAACATCCAGACTCGC-1,1.0302598004388082
GAACATCCAGGGTTAG-1,0.9187997439860246
GAACATCCATGAGCGA-1,1.0325075485426163
GAACATCCATGGTCTA-1,1.0387171897614245
GAACATCCATTCCTCG-1,1.040866146922861
GAACATCGTACAGTTC-1,1.026725702751235
GAACATCGTGCCTGGT-1,1.0313414203377727
GAACATCTCAATCTCT-1,1.033408511051042
GAACATCTCACGACTA-1,1.0273629560172393
GAACATCTCAGTGTTG-1,1.0353716041897911
GAACATCTCATGCTCC-1,1.0134942986001063
GAACATCTCGCCAGCA-1,0.9773167739711676
GAACATCTCGGTCCGA-1,1.0231845546274139
GAACATCTCGTTTAGG-1,1.0312969578681315
GAACATCTCTACGAGT-1,1.0291545208169397
GAACCTAAGATAGGAG-1,0.9874522371930367
GAACCTAAGATCTGAA-1,1.0376306331660459
GAACCTAAGCCATCGC-1,1.0259093509186816
GAACCTAAGTTCGCGC-1,0.9753317992043469
GAACCTAGTACCGAGA-1,1.0384569628902702
GAACCTAGTATAGGTA-1,1.0085393802636635
GAACCTAGTTCAGTAC-1,0.9689406094471037
GAACCTATCACAACGT-1,1.038873808330188
GAACCTATCATCACCC-1,0.9588722943626113
GAACCTATCATCATTC-1,0.9869734994544475
GAACCTATCCCTTGCA-1,0.9476045576581372
GAACCTATCCTCGCAT-1,0.9839383072773026
GAACCTATCGCAAACT-1,0.9920548637552329
GAACCTATCGGAAACG-1,1.039926241600366
GAACCTATCTGATACG-1,0.9924840250928285
GAACGGAAGACAATAC-1,1.046035115594096
GAACGGAAGATACACA-1,0.9751554875485265
GAACGGAAGCGCCTCA-1,1.017213089130941
GAACGGAAGGACACCA-1,1.0350398168257677
GAACGGAAGGAGTTTA-1,1.0423141145235137
GAACGGAAGTAGATGT-1,1.0508973072043837
GAACGGACAGAAGCAC-1,0.9821615581202143
GAACGGACATCGGTTA-1,0.9327194207400122
GAACGGAGTACTTAGC-1,1.0020093524682718
GAACGGAGTCATCGGC-1,1.0091334809905774
GAACGGAGTCCATGAT-1,0.8115401690513158
GAACGGAGTCCTAGCG-1,1.03566690813408
GAACGGAGTCCTCCAT-1,1.0255754905090027
GAACGGAGTTGATTCG-1,0.9377712276749314
GAACGGAGTTTAGGAA-1,1.0287428878398395
GAACGGATCAACGAAA-1,1.0358034767340742
GAACGGATCCAAATGC-1,1.0303138019199496
GAACGGATCCTGTAGA-1,0.9837080261731409
GAACGGATCGGTCTAA-1,1.0229528004108872
GAACGGATCTAACTGG-1,1.0436276224896162
GAAGCAGAGCTGCAAG-1,1.0300092742691236
GAAGCAGAGGAATTAC-1,1.022819360254395
GAAGCAGCAATCGAAA-1,0.9415721837019675
GAAGCAGCACACCGCA-1,0.9982111547886021
GAAGCAGCACGAAACG-1,1.0355675283902561
GAAGCAGCACGCGAAA-1,1.0516049045834714
GAAGCAGCATGCATGT-1,1.0378897176460613
GAAGCAGCATTAGCCA-1,1.0245921338694628
GAAGCAGGTCTTGCGG-1,1.0293052875739244
GAAGCAGGTGGAAAGA-1,0.9589537576368031
GAAGCAGGTTAGGGTG-1,0.9465381967904732
GAAGCAGGTTCCACAA-1,1.0048625977492385
GAAGCAGTCGGCGCTA-1,1.0227566788152969
GAAGCAGTCTTTACAC-1,1.029504155082863
GAAGCAGTCTTTAGTC-1,0.9879816007491294
GAATAAGAGCAGACTG-1,1.0183347089495653
GAATAAGAGCCGGTAA-1,0.9775613042987522
GAATAAGAGCGTAATA-1,0.991076316930027
GAATAAGAGTACATGA-1,1.0126259508322553
GAATAAGAGTACGCCC-1,1.017700494959057
GAATAAGAGTGGTAGC-1,1.0476723124520033
GAATAAGAGTGTGGCA-1,1.0150868428709596
GAATAAGAGTTGTAGA-1,1.035474240144289
GAATAAGGTCTCCATC-1,0.7934121391100218
GAATAAGGTTTGCATG-1,0.98446179613588
GAATAAGTCACGATGT-1,1.0280806141765655
GAATAAGTCAGAGGTG-1,1.034817823355741
GAATAAGTCAGCTCTC-1,0.979108646919226
GAATAAGTCAGTTAGC-1,1.0185898122906512
GAATGAAAGAACAACT-1,1.0277293069608135
GAATGAAAGAGATGAG-1,1.017046634154252
GAATGAAAGCCCAACC-1,1.0149951624063034
GAATGAAAGTCAATAG-1,0.967053747501347
GAATGAACAATGTTGC-1,1.0291024717542532
GAATGAACACATAACC-1,0.9994598132763703
GAATGAACACCAACCG-1,0.9667617381458683
GAATGAACATAAAGGT-1,1.04013524838629
GAATGAACATATGGTC-1,1.0314704345325243
GAATGAAGTAAGGGCT-1,0.9809563682856925
GAATGAAGTAGCGTCC-1,1.0349709998378473
GAATGAAGTAGTGAAT-1,0.9536761962709152
GAATGAAGTCAAAGAT-1,1.0052780776476493
GAATGAAGTCACCTAA-1,1.0236660537563085
GAATGAAGTTCACGGC-1,1.011657921095324
GAATGAATCACTGGGC-1,0.8997633479384715
GAATGAATCAGTTGAC-1,1.0199381159511474
GAATGAATCAGTTTGG-1,1.0427210884300515
GAATGAATCTACCTGC-1,1.0060844278686327
GAATGAATCTGGTGTA-1,1.0408227072294087
GACACGCAGAGACGAA-1,0.9450978670986053
GACACGCAGATCGATA-1,1.0366038875041435
GACACGCCAAGAGTCG-1,0.7891726186644895
GACACGCCAAGCCTAT-1,1.0242482110622801
GACACGCCAAGCGCTC-1,1.0385558507799177
GACACGCCACTTGGAT-1,0.8959106457466394
GACACGCCATCACCCT-1,1.0300150239275805
GACACGCGTCAACATC-1,1.0126405968292953
GACACGCGTCGCGAAA-1,1.0352229227987606
GACACGCGTGACCAAG-1,1.0384091703145906
GACACGCGTGTGAAAT-1,1.0224430921254777
GACACGCGTTCACGGC-1,1.0380870561943978
GACACGCGTTCCCGAG-1,1.025074781934816
GACACGCTCAGAGACG-1,1.0585136752249618
GACACGCTCCCAAGTA-1,1.0257465034605233
GACACGCTCGGCGGTT-1,0.9870790191879981
GACACGCTCTGTCAAG-1,1.0254164049541008
GACACGCTCTTAGAGC-1,0.9226420429782355
GACAGAGAGAAACCGC-1,1.0207168340346409
GACAGAGAGAGATGAG-1,1.0009258829543515
GACAGAGAGATGGGTC-1,0.9184521312322921
GACAGAGAGCGTTTAC-1,0.9484911750464066
GACAGAGAGGCCATAG-1,1.0366466493307427
GACAGAGAGGTTACCT-1,1.0309814889542317
GACAGAGAGTGAACAT-1,0.905301713247841
GACAGAGCAACTGCGC-1,1.0109703230253098
GACAGAGCAGGATTGG-1,1.016192711697939
GACAGAGCATCGACGC-1,1.0501583623486366
GACAGAGCATGCAACT-1,1.0153988739447282
GACAGAGGTTCCCTTG-1,0.9480831431941305
GACAGAGTCAGCTGGC-1,0.8613897876238125
GACAGAGTCCCAACGG-1,1.0311915950678652
GACCAATAGCAATATG-1,0.9962796449594313
GACCAATAGCGTAGTG-1,1.0400899920240545
GACCAATAGCTACCTA-1,0.8852362242480784
GACCAATAGGATCGCA-1,1.0314716635276178
GACCAATAGGCAGTCA-1,1.0315135093857486
GACCAATAGGCTAGGT-1,1.0393312949047575
GACCAATCACGGATAG-1,0.9546334960857922
GACCAATCATAAAGGT-1,0.9858449244029298
GACCAATGTAGCTAAA-1,1.0323914236834022
GACCAATGTCAATGTC-1,1.036006332039277
GACCAATGTCCTCCAT-1,1.0318126605952738
GACCAATGTGATAAGT-1,1.010556309830201
GACCAATGTTATTCTC-1,1.0097661667869515
GACCAATTCAGCGACC-1,1.0328617407380085
GACCAATTCATATCGG-1,1.0338122596533563
GACCAATTCGAGGTAG-1,0.9937439572961982
GACCTGGAGATGAGAG-1,1.0395702821905464
GACCTGGAGGGTGTTG-1,0.9943291998481827
GACCTGGAGTAGTGCG-1,1.0311743466498138
GACCTGGAGTGAATTG-1,1.0024511853817801
GACCTGGCAAGTCTAC-1,1.0225893941962874
GACCTGGCAGTTCCCT-1,1.0233230298089693
GACCTGGGTAAGGGCT-1,1.0284498694901132
GACCTGGGTACTTCTT-1,1.035255565235181
GACCTGGGTCAACTGT-1,1.0351672493875081
GACCTGGGTCTCTTAT-1,0.9770540165773105
GACCTGGGTGGTACAG-1,1.0005603353308126
GACCTGGGTTATGTGC-1,0.9775650445986371
GACCTGGGTTGCGTTA-1,0.9986553020085295
GACCTGGTCACAACGT-1,1.0329585502746388
GACCTGGTCCATGCTC-1,1.0236009086037736
GACCTGGTCGCTGATA-1,0.9646938182131937
GACGCGTAGAAGGACA-1,0.9272704179021308
GACGCGTAGCGAAGGG-1,1.0389552334819698
GACGCGTAGTACGCCC-1,1.0123729078367247
GACGCGTCAAGTTCTG-1,1.0315024036534512
GACGCGTCAGAGTGTG-1,1.0338095538899288
GACGCGTCAGCTGTGC-1,0.9594125423875185
GACGCGTCATTTGCCC-1,0.9562433164963394
GACGCGTGTGTTCTTT-1,0.9907673213461905
GACGCGTGTTAGGGTG-1,0.9994317632951761
GACGCGTGTTCGAATC-1,1.0301113407461768
GACGCGTTCAACGGGA-1,0.903469145841544
GACGCGTTCACCATAG-1,0.9973905356945812
GACGCGTTCATCATTC-1,1.0367244764929968
GACGCGTTCCGTTGCT-1,0.9286938645208571
GACGCGTTCCTTGGTC-1,1.0348199707385426
GACGCGTTCGTGGACC-1,1.024135975821177
GACGCGTTCTGAAAGA-1,1.0373123678720855
GACGCGTTCTGTTTGT-1,1.0335136145133468
GACGGCTAGCTGTTCA-1,0.9967535239010176
GACGGCTAGGTGGGTT-1,1.0331528814757451
GACGGCTCAAGTACCT-1,0.9598294639047018
GACGGCTGTACCGCTG-1,0.9577546054176648
GACGGCTGTCCCTACT-1,0.9639939644482183
GACGGCTGTCTCCACT-1,0.9004944806936538
GACGGCTTCAACGGGA-1,1.04541641199171
GACGGCTTCAAGGTAA-1,1.0291264463905097
GACGGCTTCACATGCA-1,0.9962301051410766
GACGGCTTCCAGTAGT-1,0.9342400262519166
GACGGCTTCCCTGACT-1,0.9233292050276889
GACGGCTTCGAGCCCA-1,0.9909942910618391
GACGGCTTCGATAGAA-1,1.0110737960281635
GACGGCTTCGCGATCG-1,0.9866199566116461
GACGTGCAGAACAATC-1,1.0230668765804083
GACGTGCAGACTGTAA-1,1.033353333187822
GACGTGCAGAGCTATA-1,1.0338708536924937
GACGTGCAGATCGATA-1,1.0365341730588251
GACGTGCAGCCAGTTT-1,0.9803392667144217
GACGTGCAGGAGCGAG-1,1.0262108610932958
GACGTGCCACAGAGGT-1,0.983147617248487
GACGTGCCACCTATCC-1,0.9628259109892576
GACGTGCCACGAAACG-1,1.0271611136353267
GACGTGCCACGGATAG-1,0.9635887723245207
GACGTGCCAGACGCCT-1,0.9794915140288936
GACGTGCCATGCAATC-1,1.0367100286370674
GACGTGCGTACCGTTA-1,1.0442938134111948
GACGTGCGTGATGCCC-1,0.9546797105306489
GACGTGCGTGCAGGTA-1,0.8662608265715209
GACGTGCGTGGAAAGA-1,1.0170198227694485
GACGTGCTCACGGTTA-1,0.9889774490830694
GACGTGCTCAGCGACC-1,0.9930310226320491
GACGTGCTCAGCTCGG-1,0.955238553136976
GACGTGCTCTCAAGTG-1,1.0166799916830178
GACGTTAAGCGTGAAC-1,1.021748599841742
GACGTTAAGGTGCAAC-1,0.9892846348952052
GACGTTACACGCCAGT-1,1.0283686530024343
GACGTTACATGCAATC-1,0.9171337371096526
GACGTTAGTAAGTAGT-1,0.9555435437609003
GACGTTAGTCTGGAGA-1,0.9898634069642681
GACGTTATCACCATAG-1,0.9435727501755791
GACGTTATCACGATGT-1,0.9759751716893219
GACGTTATCCGCTGTT-1,1.0151549892661493
GACGTTATCGCCATAA-1,1.0034921131882606
GACTAACAGTATCGAA-1,0.8925119517738922
GACTAACCACCGTTGG-1,1.0396466402871707
GACTAACCACTTACGA-1,1.0167142593569338
GACTAACCAGCTGTGC-1,1.035312950196971
GACTAACCATCCTAGA-1,0.9578472200460622
GACTAACGTACCGAGA-1,1.0152468912020123
GACTAACTCACCCTCA-1,1.0260917955949325
GACTAACTCTAACTGG-1,1.036999638198679
GACTAACTCTTGGGTA-1,0.9956749073208522
GACTACAAGAAACCTA-1,1.042138203507717
GACTACAAGGTGACCA-1,0.9633226097622375
GACTACAAGTTAGGTA-1,1.02940537773593
GACTACACACACCGCA-1,0.9899630471527676
GACTACACACGGCGTT-1,0.9707238939119884
GACTACACAGCAGTTT-1,0.9480639199664118
GACTACACATCGGTTA-1,1.0238835413171308
GACTACACATCTCCCA-1,1.0434544606875271
GACTACACATTGTGCA-1,1.014315522846293
GACTACAGTAAGTTCC-1,0.9609061646070415
GACTACAGTGTGAAAT-1,1.008229864138684
GACTACAGTTACTGAC-1,1.0355669912953913
GACTACATCGCCTGAG-1,1.0172745535109986
GACTACATCTGGTGTA-1,1.0311158278000643
GACTGCGAGAAGCCCA-1,0.9892932395248438
GACTGCGAGGTAAACT-1,1.0148285911493684
GACTGCGAGGTCATCT-1,1.0012206787590217
GACTGCGAGTGCAAGC-1,1.0043272815720172
GACTGCGCACCCTATC-1,0.9495535679168456
GACTGCGCACGCATCG-1,1.0260070675010393
GACTGCGCAGATCTGT-1,1.0250200364047128
GACTGCGCATACTACG-1,1.0053389062523062
GACTGCGCATCGGGTC-1,1.0247880464188497
GACTGCGCATGGTAGG-1,1.0307648353544279
GACTGCGGTAAACCTC-1,1.0193381647552235
GACTGCGTCACGGTTA-1,1.0369789203952335
GACTGCGTCCACTGGG-1,1.0362197220106832
GACTGCGTCTGCAAGT-1,1.0050564353341631
GACTGCGTCTTAGAGC-1,1.038652756901543
GAGCAGAAGCGTGAAC-1,1.0379090481023503
GAGCAGAAGCTAAGAT-1,1.0406367392391038
GAGCAGAAGGCTCAGA-1,1.0424886237111368
GAGCAGAAGTGTCTCA-1,0.9557790469946504
GAGCAGACAGTGGGAT-1,0.9712909973608289
GAGCAGACATGCTGGC-1,1.0306141161458262
GAGCAGAGTATAGGTA-1,0.9674069407986922
GAGCAGAGTCACCCAG-1,0.9654228502718334
GAGCAGAGTCTAAACC-1,0.9612783919833114
GAGCAGAGTGTGAAAT-1,0.9991422752981687
GAGCAGATCACGACTA-1,1.0448759920054722
GAGGTGAAGTAGTGCG-1,0.9960893072782776
GAGGTGAAGTCCGTAT-1,0.9157975643648713
GAGGTGAAGTTCCACA-1,1.0255995691416175
GAGGTGACAATCGGTT-1,1.0364830156918865
GAGGTGACACAGAGGT-1,1.0427547692915045
GAGGTGACATCCTAGA-1,0.995261354307135
GAGGTGACATGTCGAT-1,0.9545896883273155
GAGGTGAGTCCAGTAT-1,1.0261785613751857
GAGGTGAGTCGACTAT-1,0.9567822160112748
GAGGTGATCATTGCCC-1,1.0205330558307701
GAGGTGATCCATTCTA-1,1.0106993008887024
GAGGTGATCTATCGCC-1,1.0187406646597112
GAGTCCGAGAAGAAGC-1,1.0198564528759477
GAGTCCGAGACACGAC-1,0.9529799429638215
GAGTCCGAGAGCTATA-1,0.9647510632975912
GAGTCCGAGCGGCTTC-1,0.9114021838074429
GAGTCCGAGCGTGAGT-1,1.026187801981081
GAGTCCGAGGTAGCTG-1,1.0308968353268384
GAGTCCGAGGTTCCTA-1,1.031984845221492
GAGTCCGCAACGCACC-1,1.0044091749793904
GAGTCCGCAGAGCCAA-1,1.0324890529730495
GAGTCCGCAGGTTTCA-1,1.0085487643516902
GAGTCCGCAGTGGAGT-1,1.016770257575319
GAGTCCGCAGTTTACG-1,1.0155798931231952
GAGTCCGGTACAGCAG-1,1.020650656706377
GAGTCCGGTTACCAGT-1,1.0273489815407693
GAGTCCGGTTGTGGAG-1,1.04085835944101
GAGTCCGGTTTGTTGG-1,1.0274853057241158
GAGTCCGTCATCGCTC-1,1.0387815306912478
GAGTCCGTCTCTGCTG-1,1.022890168944637
GAGTCCGTCTGGTGTA-1,1.0114783260252258
GAGTCCGTCTTGTCAT-1,1.0250275666449253
GAGTCCGTCTTTACGT-1,1.0278581124969124
GATCAGTAGACAAAGG-1,0.9615984031787471
GATCAGTAGAGCTATA-1,1.0091099295761026
GATCAGTAGTGAATTG-1,1.0354970240360997
GATCAGTCACCTGGTG-1,0.9912765260488968
GATCAGTCATCGGTTA-1,1.024878771291219
GATCAGTGTCGACTGC-1,0.9893206837067381
GATCAGTGTCGCGAAA-1,0.9649797451408864
GATCAGTGTTGATTCG-1,1.0118065294530905
GATCAGTTCACCCTCA-1,1.0099535356478142
GATCAGTTCCGCATAA-1,1.0282265604832042
GATCGATAGACTGGGT-1,1.0406293253239032
GATCGATAGAGTGACC-1,1.0366212478931522
GATCGATAGATATACG-1,1.0314175723689474
GATCGATAGATCGATA-1,1.007891570132313
GATCGATAGCGCCTTG-1,0.741699156291364
GATCGATAGGCTAGGT-1,0.9841325944393127
GATCGATAGTATGACA-1,1.0345759713480565
GATCGATAGTGTCCAT-1,0.9993012463026318
GATCGATAGTTCGCAT-1,1.0372093525535775
GATCGATCACATCCAA-1,0.9910414226351703
GATCGATCACTGCCAG-1,0.9229035650609005
GATCGATGTATAATGG-1,0.9410893100471085
GATCGATGTCGCTTCT-1,1.0008527832739282
GATCGATGTCTCCACT-1,1.0196967311907832
GATCGATGTGCACTTA-1,1.0176040297835098
GATCGATTCAACGAAA-1,1.0290406228425206
GATCGATTCATGCTCC-1,1.0288078666907519
GATCGATTCGGAAACG-1,1.048351755677543
GATCGATTCTCTGCTG-1,1.0355005525949683
GATCGATTCTTCAACT-1,1.0136602309093221
GATCGCGAGATAGTCA-1,1.033769791322956
GATCGCGAGATTACCC-1,1.0300814579283981
GATCGCGAGTACATGA-1,1.0368413439997122
GATCGCGAGTCGCCGT-1,1.0439511216406403
GATCGCGCACACAGAG-1,1.0288874099491243
GATCGCGCATCACGTA-1,1.0164940845847172
GATCGCGCATGTTGAC-1,1.028736717128983
GATCGCGGTAGCCTCG-1,0.9909346615019275
GATCGCGTCGAGAACG-1,0.9243855313285015
GATCGTAAGCATGGCA-1,1.040235896394377
GATCGTAAGGTACTCT-1,1.0263987789228908
GATCGTAAGTCTCGGC-1,0.9616205094959275
GATCGTACAAACGCGA-1,1.026853584345828
GATCGTACAGCCAGAA-1,1.0348835400046064
GATCGTACAGCTGTGC-1,0.9645641980405064
GATCGTACATTAGCCA-1,1.002729500453933
GATCGTAGTAACGACG-1,1.0335004011025826
GATCGTAGTCACTTCC-1,0.946591927841212
GATCGTAGTCTGATCA-1,1.026024158208183
GATCGTAGTGCAGTAG-1,1.0068456531394172
GATCGTATCAGCCTAA-1,0.9417230764469601
GATCGTATCGGAGGTA-1,1.036894307564638
GATCGTATCTTGCCGT-1,1.0185909611608257
GATCTAGAGACGCAAC-1,0.9359500293523985
GATCTAGAGAGCCCAA-1,1.0319982429224068
GATCTAGAGCCTATGT-1,1.028493958501584
GATCTAGCAATAAGCA-1,1.0278962049359675
GATCTAGCACGGCGTT-1,1.0147409845429112
GATCTAGCAGCTCGAC-1,1.0274160412489408
GATCTAGCATGGATGG-1,1.0145959220126546
GATCTAGGTCAAAGAT-1,1.0246941935624632
GATCTAGGTGCGCTTG-1,1.0085676480629375
GATCTAGGTTATGCGT-1,1.0350983817465835
GATCTAGGTTCCAACA-1,0.9260364399716918
GATCTAGGTTGGTAAA-1,0.9687389514342417
GATCTAGGTTGGTGGA-1,1.0294488704822014
GATCTAGTCAGGTTCA-1,1.038113881977354
GATCTAGTCCACGTGG-1,1.041967409605335
GATCTAGTCGAGGTAG-1,1.031452886730558
GATCTAGTCTCAAACG-1,0.9992643503397397
GATCTAGTCTGTCAAG-1,0.9473193573760116
GATGAAAAGAAGATTC-1,1.0324494091117067
GATGAAACAGGGTATG-1,0.7588626210401967
GATGAAACAGTAGAGC-1,1.0087636076056166
GATGAAAGTATTCGTG-1,0.9929766288591129
GATGAAAGTGGCGAAT-1,1.0422488432292343
GATGAAAGTGGTGTAG-1,1.0349194140613986
GATGAAAGTTACCGAT-1,0.9833011984014868
GATGAAAGTTACTGAC-1,0.9630051326645598
GATGAAAGTTCCGGCA-1,1.0426953742634013
GATGAAAGTTGGGACA-1,0.9923455777059164
GATGAAATCCGCATAA-1,0.9910376147304479
GATGAAATCGGCGCAT-1,0.9494390908057448
GATGAAATCGTCTGCT-1,1.0348271246828546
GATGAGGAGCTGTTCA-1,1.0259972065541945
GATGAGGAGGGCTTGA-1,1.0454792877578887
GATGAGGCACATTCGA-1,0.8826877611954702
GATGAGGGTCAAAGCG-1,1.026466298915488
GATGAGGGTCGGATCC-1,1.021961008713191
GATGAGGGTGGGTCAA-1,0.9658813770703336
GATGAGGGTTATCACG-1,1.0201733331188279
GATGAGGGTTCAGTAC-1,1.0359058580802676
GATGAGGGTTCTCATT-1,0.9577936171614398
GATGAGGTCAAACCAC-1,0.943616269797082
GATGAGGTCAGCGATT-1,0.9274230521271165
GATGAGGTCGGATGGA-1,1.0450811482876856
GATGCTAAGATCTGCT-1,1.0289490530646876
GATGCTAAGTTGTCGT-1,0.9751566853796573
GATGCTACAATAACGA-1,1.028660481359473
GATGCTACAGCTGCAC-1,0.9508133426660363
GATGCTACAGGTGCCT-1,1.0242691459342235
GATGCTAGTACAGTGG-1,0.9880425636986687
GATGCTAGTATCTGCA-1,0.9520469427676606
GATGCTAGTCTAGCCG-1,1.029433111519144
GATGCTAGTGTATGGG-1,1.023977821629544
GATGCTAGTTAAGGGC-1,0.8858230999444708
GATGCTAGTTGGAGGT-1,1.0155674434724697
GATGCTAGTTTGACAC-1,1.0209466435104846
GATGCTATCCTGCAGG-1,1.034549601234544
GATGCTATCGGCATCG-1,1.0372436249749162
GATGCTATCTTGTTTG-1,1.038516953547093
GATTCAGAGAAAGTGG-1,1.0207401404728056
GATTCAGAGAATGTGT-1,1.031892358746916
GATTCAGAGAGGTACC-1,1.0367784715122634
GATTCAGAGCCGCCTA-1,1.02152097263326
GATTCAGAGCGTAATA-1,1.0229188631058603
GATTCAGAGCTAGGCA-1,1.0052039965128154
GATTCAGAGGCCCTTG-1,0.9728799386118399
GATTCAGAGTCGCCGT-1,1.018532816636955
GATTCAGCAGGCGATA-1,1.0077178048591084
GATTCAGCAGTTCATG-1,1.0300589273342087
GATTCAGGTGCCTGTG-1,0.9723508719636889
GATTCAGGTTCAACCA-1,1.0409216736385185
GATTCAGTCATCACCC-1,1.0198707695968212
GCAAACTAGCGTAGTG-1,0.9745543995705884
GCAAACTAGGTCGGAT-1,0.9301312544101205
GCAAACTAGTGGACGT-1,1.0385277182808905
GCAAACTAGTTACCCA-1,0.9942101832098725
GCAAACTCAGCTCGAC-1,0.9765943780167184
GCAAACTCATCGATTG-1,1.0211982605649124
GCAAACTCATTAGCCA-1,1.0288794025100658
GCAAACTGTCTGCAAT-1,1.047493394760051
GCAAACTGTGTCAATC-1,0.9918286696125146
GCAAACTTCACCCTCA-1,1.0447433899942806
GCAAACTTCACTCTTA-1,0.9803043722648068
GCAAACTTCATTGCCC-1,1.043886196285816
GCAAACTTCCTCAACC-1,0.9323792599552418
GCAAACTTCGTAGGTT-1,0.9466440760139558
GCAAACTTCTTTACGT-1,1.0040248529872238
GCAATCAAGACTACAA-1,1.0285020080609228
GCAATCAAGGTAGCCA-1,0.9726996362117275
GCAATCACACCAGTTA-1,1.020980639542002
GCAATCACATTAGCCA-1,1.032938356820923
GCAATCAGTAAGTGTA-1,0.9546209460247591
GCAATCAGTACTCAAC-1,0.9702723538890973
GCAATCAGTATTCGTG-1,1.0161218305509936
GCAATCAGTCTAGCGC-1,1.04523986831858
GCAATCAGTGATGCCC-1,1.0198848061553225
GCAATCAGTTCGAATC-1,1.0339386881432573
GCAATCATCGGACAAG-1,1.0221312463264103
GCACATAAGATAGGAG-1,1.0221606353038513
GCACATAAGATGAGAG-1,1.0281765044733187
GCACATAAGGGAAACA-1,0.9030927530180697
GCACATACAAGGGTCA-1,1.016833587728743
GCACATACATCACCCT-1,1.0355540759501547
GCACATACATTCTTAC-1,1.0382323275243037
GCACATAGTGAGGGTT-1,1.0253366549294158
GCACATAGTGTGCCTG-1,1.009156477529265
GCACATATCAAGGCTT-1,1.02156926827079
GCACATATCAGCTCGG-1,1.0229560445277857
GCACATATCATGTCTT-1,1.0163121518241849
GCACTCTAGAAGGGTA-1,0.9799683676351472
GCACTCTAGAGTTGGC-1,1.033289953740114
GCACTCTAGCAAATCA-1,0.971577026847476
GCACTCTAGGATCGCA-1,0.984559678304479
GCACTCTAGGCTCAGA-1,1.0322313961493779
GCACTCTAGTAGGCCA-1,1.003850823197877
GCACTCTAGTAGGTGC-1,0.9868648062236535
GCACTCTCAGCTCCGA-1,1.0429074658979007
GCACTCTCATGCCCGA-1,1.0281109006795965
GCACTCTCATGCTGGC-1,0.9318125218534394
GCACTCTGTAAGTGTA-1,0.9547554786657118
GCACTCTGTACAGACG-1,0.9836028423246476
GCACTCTGTAGGCATG-1,0.908145660829858
GCACTCTGTATGAAAC-1,0.9942143658619426
GCACTCTGTCCGCTGA-1,0.9285196768244177
GCACTCTGTGCAGTAG-1,1.0388806016748415
GCACTCTGTTGTACAC-1,0.9849125800005574
GCACTCTTCAACTCTT-1,1.0273924208116376
GCACTCTTCACGATGT-1,0.9893923047886475
GCACTCTTCACTCTTA-1,0.9496944310104778
GCACTCTTCAGCTCGG-1,1.0004252369315678
GCACTCTTCAGTGTTG-1,1.0378095654791373
GCACTCTTCGGTGTCG-1,1.0302973089875844
GCACTCTTCGTGTAGT-1,1.034532854824035
GCACTCTTCTCGGACG-1,1.0339570834107656
GCACTCTTCTGGTGTA-1,0.9917640775801788
GCACTCTTCTTGAGAC-1,1.0335447483730653
GCAGCCAAGCGTGAAC-1,0.9751624214780975
GCAGCCAAGTACACCT-1,0.9704238915934569
GCAGCCAAGTGACTCT-1,1.0174346465803792
GCAGCCACAGATGAGC-1,0.9892349364182391
GCAGCCAGTAAACCTC-1,1.0338393192575308
GCAGCCAGTCGGCATC-1,1.0496197443095676
GCAGCCAGTTCCAACA-1,0.9540130664179135
GCAGCCATCCTTTCTC-1,1.0278461959045213
GCAGCCATCTGTCAAG-1,0.9857875034002754
GCAGTTAAGACTAGGC-1,1.028757426834673
GCAGTTAAGAGGGATA-1,1.031759879935795
GCAGTTAAGATATGCA-1,0.9817284750033667
GCAGTTAAGATGTTAG-1,1.0165907835999017
GCAGTTAAGGGCACTA-1,0.9856409630607816
GCAGTTAAGTGGACGT-1,1.0341240708195867
GCAGTTAAGTGTTGAA-1,1.0082406934249835
GCAGTTACAAGTAGTA-1,1.010260522544301
GCAGTTACACATCCGG-1,1.0189897321646604
GCAGTTAGTAAACCTC-1,0.986770874056515
GCAGTTAGTATAAACG-1,1.017935488329918
GCAGTTAGTCCGTGAC-1,1.011882266988438
GCAGTTAGTCTAGAGG-1,0.8324174253545614
GCAGTTAGTCTAGTCA-1,1.025905655057462
GCAGTTAGTTCGTTGA-1,1.0351582387587013
GCAGTTATCACCGTAA-1,1.034985185033326
GCAGTTATCAGTTTGG-1,0.988155145026243
GCAGTTATCATGTGGT-1,1.0392835409983745
GCAGTTATCCAGTAGT-1,1.0390857769068846
GCAGTTATCTCATTCA-1,1.0131332190608417
GCAGTTATCTGTTGAG-1,1.0324344010851065
GCATACAAGAGCTATA-1,1.0368142915057272
GCATACAAGGCAGGTT-1,1.0208483310066212
GCATACACAAGCGAGT-1,0.9697215815978806
GCATACACAAGGTTCT-1,1.023388237026719
GCATACACAATCCAAC-1,1.011301328416551
GCATACACAATGACCT-1,1.0290362409082157
GCATACACACATGACT-1,0.9538353612093176
GCATACACACGAGAGT-1,1.0289341674273782
GCATACACATAAGACA-1,1.01878418359845
GCATACACATACCATG-1,0.948157555067401
GCATACACATACTACG-1,1.0339827058058393
GCATACACATCCAACA-1,1.0106134373322042
GCATACAGTCCGTGAC-1,0.8986538845430926
GCATACAGTTATTCTC-1,1.040762977658014
GCATACATCGCTTGTC-1,1.0335854109406706
GCATACATCTACTTAC-1,0.9727440557626688
GCATGATAGAAGGTGA-1,1.0433003203943825
GCATGATAGCTAACAA-1,1.0356799097387062
GCATGATAGCTAGCCC-1,0.9734020971958655
GCATGATAGGCGTACA-1,1.0346293111258626
GCATGATAGGCTAGAC-1,1.0183496848059852
GCATGATCAAGGCTCC-1,1.0328936966793631
GCATGATCACTAGTAC-1,1.0161230442747402
GCATGATCAGGGTATG-1,1.0195463040472812
GCATGATCATACTCTT-1,0.9429251040503909
GCATGATGTACATCCA-1,1.0231790899089899
GCATGATGTTACGGAG-1,1.0122521696959794
GCATGATTCGAATGCT-1,1.0002965071622747
GCATGATTCGGAAATA-1,1.0198111976535662
GCATGATTCTTTACAC-1,1.0059712528736988
GCATGCGAGCCACTAT-1,0.9992404274174357
GCATGCGAGGACAGCT-1,0.9192914067102379
GCATGCGCACCCATTC-1,1.0081351405628514
GCATGCGCAGTCGTGC-1,1.014304377446404
GCATGCGCAGTTAACC-1,1.029929898694782
GCATGCGCATGCGCAC-1,0.8777157059291065
GCATGCGGTATATGGA-1,1.039632939620866
GCATGCGGTCAAAGAT-1,1.0341019246411685
GCATGCGGTCACTGGC-1,1.013161352138153
GCATGCGGTCATCCCT-1,1.0287472071418864
GCATGCGTCAATCTCT-1,0.9920814718915241
GCATGCGTCGTCTGCT-1,0.9706656818901459
GCATGCGTCGTGGTCG-1,1.0380489813647418
GCATGCGTCTGGTGTA-1,0.9477755807048371
GCATGTAAGAATTGTG-1,0.9831767317193542
GCATGTAAGATGTTAG-1,1.031432114425893
GCATGTAAGCTAGCCC-1,1.0008447731580106
GCATGTAAGGCGTACA-1,1.036290267542212
GCATGTAAGGGAACGG-1,1.0405601867361676
GCATGTAAGTCGCCGT-1,1.0210044945417966
GCATGTACAATGAAAC-1,1.032408069791396
GCATGTACAGACACTT-1,1.0358699927534236
GCATGTACATGGGACA-1,0.976871786744244
GCATGTAGTCAGAGGT-1,1.0232514326881534
GCATGTATCGGCCGAT-1,0.9070471106677077
GCATGTATCTCTAGGA-1,0.9995387936823699
GCCAAATAGACAAAGG-1,1.0384005673140773
GCCAAATAGAGGGATA-1,1.0065630765814197
GCCAAATAGGTCATCT-1,0.987504228657877
GCCAAATCAACCGCCA-1,1.0328595897319128
GCCAAATCACCAACCG-1,1.012069671155476
GCCAAATCACTAGTAC-1,1.0317670650511934
GCCAAATCAGCTCGCA-1,0.9833017851639189
GCCAAATCATCTATGG-1,0.8450113661170838
GCCAAATCATGGATGG-1,0.7503485474963905
GCCAAATCATTGGCGC-1,1.0399746450289973
GCCAAATGTAGCGTGA-1,1.0381965762636605
GCCAAATGTGACGCCT-1,1.0284077045763182
GCCAAATGTGGGTCAA-1,1.0166886778118
GCCAAATGTGTAACGG-1,0.9708975150834827
GCCAAATGTTATTCTC-1,1.0290415532750599
GCCAAATGTTCCGTCT-1,1.008479023071559
GCCAAATTCCTAGTGA-1,1.0076855264074118
GCCAAATTCGCGTTTC-1,0.9558442990259485
GCCAAATTCGGCTTGG-1,1.042360280135272
GCCAAATTCGTAGGTT-1,0.9247377527457906
GCCAAATTCTGCTGTC-1,1.0367182268888138
GCCTCTAAGATGGGTC-1,0.9214436603093931
GCCTCTAAGCCAGTTT-1,1.036122977937179
GCCTCTAAGTGAATTG-1,1.0287320868263579
GCCTCTAAGTGGGTTG-1,1.02230504272543
GCCTCTACAAACAACA-1,0.9553639206156332
GCCTCTACAAGCTGTT-1,0.9776741739497904
GCCTCTACAATCCAAC-1,1.0399197943109502
GCCTCTACAATTCCTT-1,0.9880695568172757
GCCTCTACAGTCAGCC-1,1.023595645313439
GCCTCTACATCTATGG-1,1.0228641421200568
GCCTCTACATGCCTAA-1,0.9296087701195116
GCCTCTACATTCTCAT-1,0.9375838589321153
GCCTCTAGTAAGGATT-1,0.9784740320576436
GCCTCTAGTGCTCTTC-1,0.9687611003709516
GCCTCTAGTGTCGCTG-1,0.9795755985284139
GCCTCTAGTTAAGACA-1,1.0303430774767977
GCCTCTAGTTCTGTTT-1,0.9745053999086207
GCCTCTATCAGTTTGG-1,0.9633059160572769
GCGACCAAGGTGACCA-1,1.0371816812119328
GCGACCAAGTAGGCCA-1,1.03570311127014
GCGACCAAGTGCGATG-1,0.9563758009185008
GCGACCACAAGCTGTT-1,0.9480621615988852
GCGACCACAGATGAGC-1,0.7930178758358561
GCGACCACAGGACGTA-1,0.9766415106058305
GCGACCAGTCTGGAGA-1,1.0202439790429916
GCGACCAGTGCAACTT-1,1.039399378611898
GCGACCATCCATGAAC-1,1.0390460509864494
GCGACCATCGTAGGAG-1,1.0196193624969778
GCGACCATCTCAACTT-1,0.9661925957499172
GCGACCATCTCCAGGG-1,0.8872025483795427
GCGAGAAAGATCCCGC-1,1.0357756160672185
GCGAGAAAGATCTGCT-1,1.0020860638566351
GCGAGAACAATGGATA-1,0.9374658750582912
GCGAGAACAGTCGTGC-1,1.0366245357781096
GCGAGAACATATGCTG-1,1.0349027261527766
GCGAGAAGTAAGAGAG-1,0.9587321694182938
GCGAGAAGTCACTGGC-1,1.02463408513335
GCGAGAATCAGGCCCA-1,1.0246344827397877
GCGAGAATCGACAGCC-1,1.0132691771740674
GCGAGAATCGACCAGC-1,1.0451464039125336
GCGAGAATCTGCAGTA-1,1.0315264559674024
GCGCAACAGACGCACA-1,0.9776319808721818
GCGCAACAGATCACGG-1,0.9968926264293333
GCGCAACAGCGATTCT-1,1.0092635917508674
GCGCAACCAAATCCGT-1,1.0335933769700656
GCGCAACCAGTCTTCC-1,1.032615484019209
GCGCAACCATACGCTA-1,1.0326140870845082
GCGCAACGTAGCTAAA-1,1.0338683769325308
GCGCAACGTATAAACG-1,1.0327492452412665
GCGCAACGTGTTGAGG-1,0.9467571613737731
GCGCAACGTTACAGAA-1,1.0051070363126755
GCGCAACGTTTACTCT-1,1.0288882310224263
GCGCAACTCCTTGCCA-1,1.0321985871295254
GCGCAACTCGAGAACG-1,0.9494943647917437
GCGCAACTCGCATGGC-1,1.0154089083700946
GCGCAACTCTGCGTAA-1,1.0344996094466892
GCGCAACTCTTAGCCC-1,1.0013620205425842
GCGCAGTAGAAACGCC-1,0.9810110940305065
GCGCAGTAGACCACGA-1,0.9771120296668229
GCGCAGTAGTCGAGTG-1,0.9511364186448459
GCGCAGTCAGTCGTGC-1,1.0203042481384414
GCGCAGTCATGTCCTC-1,1.0336622280561538
GCGCAGTGTTCGGCAC-1,0.9934157182366846
GCGCAGTTCAAACCAC-1,1.0397698451500883
GCGCAGTTCACAGGCC-1,1.033445798153369
GCGCAGTTCCGATATG-1,1.026930179240547
GCGCAGTTCGGTGTCG-1,1.0327873946798742
GCGCCAAAGAGCTGCA-1,0.8967544848094716
GCGCCAAAGAGTTGGC-1,1.0279731585111676
GCGCCAAAGGGTTTCT-1,1.0369841242436966
GCGCCAACAAGGACAC-1,0.9158786718308523
GCGCCAACACGAGAGT-1,1.0357219950081065
GCGCCAACACTGTCGG-1,0.9835895487446864
GCGCCAACAGGCTGAA-1,0.8872038432436511
GCGCCAACATGGGACA-1,1.0369279230368542
GCGCCAAGTCGCGTGT-1,0.9545919355640637
GCGCCAAGTTAGATGA-1,1.0186900518031183
GCGCCAATCCGCATAA-1,1.0335772682047955
GCGCCAATCGGAGCAA-1,0.9913250107439217
GCGCCAATCTGGCGAC-1,0.9056313294283717
GCGCGATAGGATGGAA-1,1.040201765968509
GCGCGATCACGCATCG-1,1.0248154040439463
GCGCGATCAGCATGAG-1,1.0367961719056387
GCGCGATCAGGCGATA-1,1.022553975081663
GCGCGATGTAAACGCG-1,1.0279818514679235
GCGCGATGTAAATACG-1,0.9559349747843507
GCGCGATGTATTCGTG-1,1.0334123008767342
GCGCGATTCCGTTGCT-1,1.0362983915658444
GCGCGATTCGGATGTT-1,0.9448981797722925
GCGCGATTCTCCTATA-1,1.0303148235780177
GCGCGATTCTCTAAGG-1,1.0287254745597527
GCGCGATTCTCTGTCG-1,1.0272521332219382
GCGGGTTAGGATGGAA-1,0.9995924718466687
GCGGGTTAGTACGTAA-1,0.9726773095794727
GCGGGTTCAACTGGCC-1,1.0265755687046523
GCGGGTTCACATCTTT-1,1.038101640849105
GCGGGTTGTCCGAACC-1,0.9398083643844319
GCGGGTTTCCCTCTTT-1,0.9451017521793128
GCGGGTTTCCGTACAA-1,1.0303505027169808
GCGGGTTTCTTGCAAG-1,1.035577169667781
GCTCCTAAGATCCCGC-1,1.0255246200653525
GCTCCTAAGCATCATC-1,1.042642796252768
GCTCCTAAGGCTCAGA-1,1.0356232762979662
GCTCCTAAGTATTGGA-1,0.9424291962568784
GCTCCTACACAGTCGC-1,1.0406619619502973
GCTCCTACACCAACCG-1,1.034486091907829
GCTCCTACACGGATAG-1,0.947117879190171
GCTCCTAGTAAGCACG-1,1.0221892682828162
GCTCCTAGTACATCCA-1,1.0305624037693977
GCTCCTAGTACTTCTT-1,0.9887249255962665
GCTCCTAGTAGTAGTA-1,0.9580358732536993
GCTCCTATCAGAGGTG-1,1.030912772031426
GCTCCTATCATGTGGT-1,0.8993128847671159
GCTCCTATCGAATGCT-1,1.0319093844539438
GCTCCTATCGTCGTTC-1,1.0245139242326788
GCTCCTATCTGGCGAC-1,1.0307290855427196
GCTCCTATCTTACCTA-1,0.9700883187942052
GCTCTGTAGCGCCTTG-1,1.0186377677912455
GCTCTGTAGCTAGCCC-1,1.0157017704951108
GCTCTGTAGTTAGGTA-1,0.9214681361513628
GCTCTGTAGTTTGCGT-1,0.9842606810319131
GCTCTGTCACTTCTGC-1,1.0315287053155053
GCTCTGTCAGGGCATA-1,0.8651159939045593
GCTCTGTCATACCATG-1,1.0251587371083326
GCTCTGTCATTAGGCT-1,0.9402135537435306
GCTCTGTGTCATACTG-1,1.0252615293121514
GCTCTGTGTGAGGGAG-1,0.9721268971296844
GCTCTGTGTGGCTCCA-1,0.9928668244433717
GCTCTGTGTTTGCATG-1,1.0466308409870582
GCTCTGTTCAACACGT-1,1.0166591165044971
GCTCTGTTCAACGAAA-1,0.8606694492416759
GCTCTGTTCACGAAGG-1,0.9262600286018724
GCTCTGTTCTGAAAGA-1,1.0241351907751328
GCTGCAGAGAGTCTGG-1,1.0304467487614717
GCTGCAGAGGTACTCT-1,1.0450213123312673
GCTGCAGCAAAGTCAA-1,0.966901388949884
GCTGCAGCAAGCCCAC-1,0.9331181891878237
GCTGCAGCAATGAATG-1,1.0228835323019274
GCTGCAGCAGTCAGAG-1,1.01175731787955
GCTGCAGGTAACGTTC-1,0.9652456179792914
GCTGCAGGTACGAAAT-1,1.0302065387217971
GCTGCAGGTCTGCCAG-1,1.0034171466524688
GCTGCAGGTGACGCCT-1,0.9516802471615171
GCTGCAGGTGCGATAG-1,1.0481221303872714
GCTGCAGTCACCCTCA-1,1.0360741316227173
GCTGCAGTCGATCCCT-1,1.0330916679782738
GCTGCAGTCGCGGATC-1,0.8794549760090502
GCTGCAGTCGGTCTAA-1,0.970955200786199
GCTGCAGTCTGGAGCC-1,1.0152304131914818
GCTGCAGTCTTCAACT-1,1.0428882723547332
GCTGCGAAGAAGAAGC-1,1.007247355686033
GCTGCGAAGACTGTAA-1,1.0324915076376684
GCTGCGAAGTACATGA-1,0.9509620752085733
GCTGCGAAGTGACATA-1,0.95781476681157
GCTGCGAAGTGGGTTG-1,1.008237502531541
GCTGCGACAACTGGCC-1,1.032367148180741
GCTGCGACAGCCACCA-1,1.0409883920958534
GCTGCGACAGCCTGTG-1,0.9698850179070873
GCTGCGACATAACCTG-1,1.0297573516374512
GCTGCGACATTCACTT-1,1.022697389491303
GCTGCGACATTTGCTT-1,1.0055852234750304
GCTGCGAGTGATGTCT-1,1.035237310186857
GCTGCGAGTGGACGAT-1,0.9974927159191368
GCTGCGAGTGTGAAAT-1,0.9130252367912552
GCTGCGAGTTAAAGTG-1,0.9233392375292365
GCTGCGAGTTCAACCA-1,0.9837168935532827
GCTGCGATCAAACGGG-1,0.9226071223866522
GCTGCGATCACTCTTA-1,1.0061821841308844
GCTGCGATCGCAGGCT-1,1.0377861211379056
GCTGCGATCGGTCTAA-1,1.0418859697585305
GCTGCTTAGAGCTATA-1,0.9979064559870078
GCTGCTTAGCAGCGTA-1,0.9300869405689851
GCTGCTTAGCCAGTAG-1,0.9282041322799439
GCTGCTTAGCCTCGTG-1,1.0294857298701436
GCTGCTTAGGTGCACA-1,1.0302159866166756
GCTGCTTAGTCTCCTC-1,1.029060929132542
GCTGCTTAGTGTACCT-1,1.0370453860610795
GCTGCTTCACAGCGTC-1,1.0386667509741745
GCTGCTTCACTTGGAT-1,1.0165562124821443
GCTGCTTCAGGAACGT-1,0.9767968348934121
GCTGCTTCATGGGACA-1,1.0112060213470584
GCTGCTTGTAGATTAG-1,0.9610624870412975
GCTGCTTGTATTAGCC-1,1.0368220961567682
GCTGCTTGTATTCGTG-1,1.0189414558928478
GCTGCTTGTCACTGGC-1,1.025231287231577
GCTGCTTGTCATCCCT-1,0.9866850063877394
GCTGCTTGTGCGCTTG-1,1.0118947102101425
GCTGCTTTCAGGATCT-1,0.9694803433724087
GCTGCTTTCATGGTCA-1,1.0225716752587413
GCTGCTTTCTCTGTCG-1,1.0099519974539894
GCTGGGTAGAAGGACA-1,1.0371629695312623
GCTGGGTAGAATTGTG-1,1.0245266774391724
GCTGGGTAGCCACGTC-1,1.0286695999535282
GCTGGGTAGCGTGAAC-1,1.0337878333949562
GCTGGGTAGCTAGGCA-1,0.9099883992335448
GCTGGGTAGTAGGTGC-1,1.031632185461638
GCTGGGTAGTTCCACA-1,1.0364713066238924
GCTGGGTCATAGGATA-1,1.0347689332659877
GCTGGGTGTAGTACCT-1,0.956510912487972
GCTGGGTGTGAGCGAT-1,1.0086954352285717
GCTGGGTTCCTGCAGG-1,1.034497945204411
GCTGGGTTCTCAAGTG-1,1.0317860764011286
GCTTCCAAGCTACCGC-1,0.9797344000529219
GCTTCCAAGCTGCAAG-1,0.9391110999928736
GCTTCCAAGGTGGGTT-1,1.0313900658581843
GCTTCCAAGGTTCCTA-1,1.0263727157337557
GCTTCCAAGTGACATA-1,0.9533291253052087
GCTTCCACAACGATGG-1,1.0273491033457247
GCTTCCACAACTGGCC-1,1.0215634158546423
GCTTCCACACCATGTA-1,1.0155655665750436
GCTTCCACACCTTGTC-1,1.047045218021693
GCTTCCACATCGGAAG-1,1.0400063287385044
GCTTCCAGTAAACGCG-1,1.0295954388348296
GCTTCCAGTACCCAAT-1,0.9783963841841076
GCTTCCAGTCCTGCTT-1,1.0273380053042476
GCTTCCAGTGCCTTGG-1,0.9669020067155185
GCTTCCAGTGCGAAAC-1,0.9546987838210275
GCTTCCAGTGTGCGTC-1,0.9276546477012346
GCTTCCATCACGGTTA-1,0.9999389733678011
GCTTCCATCAGCCTAA-1,0.9951452590466061
GCTTCCATCCAAATGC-1,1.0175855461872776
GCTTCCATCCCTAATT-1,1.0367360676601336
GCTTCCATCTTCCTTC-1,0.9622526751436458
GCTTGAAAGAAACCGC-1,1.0342601291137583
GCTTGAAAGATGTGGC-1,1.021031200195609
GCTTGAACACAGACAG-1,0.8780614795331836
GCTTGAACACTAAGTC-1,1.0039856811812915
GCTTGAACATAAGACA-1,1.0269918529097701
GCTTGAAGTATGCTTG-1,0.9728350528989337
GCTTGAAGTCGCATAT-1,1.0345903413370472
GCTTGAAGTGTTGAGG-1,1.0181216329795661
GCTTGAATCAACACGT-1,0.9365491129427252
GCTTGAATCCACGTTC-1,0.9529201409091077
GCTTGAATCCAGTAGT-1,1.024177751342765
GCTTGAATCCATGAGT-1,1.0159212894025174
GCTTGAATCCGCAAGC-1,1.0300869895010887
GCTTGAATCGTCGTTC-1,1.034684320666802
GGAAAGCAGACCACGA-1,1.0374556607343408
GGAAAGCAGAGTAAGG-1,1.025637715050727
GGAAAGCAGGACATTA-1,0.9668778250637531
GGAAAGCAGGCAGTCA-1,0.9725291871177686
GGAAAGCAGTACATGA-1,0.9701651342812255
GGAAAGCAGTACTTGC-1,0.9684873451801942
GGAAAGCAGTGGACGT-1,1.0124520019612528
GGAAAGCCAGCTGGCT-1,1.0257487691481635
GGAAAGCCATCGTCGG-1,1.0277154537412352
GGAAAGCCATGTCTCC-1,1.034821998862425
GGAAAGCGTAAATGTG-1,1.032321917077589
GGAAAGCGTACAGCAG-1,1.0453469308587418
GGAAAGCGTATAAACG-1,1.0383747787487208
GGAAAGCGTGCGAAAC-1,0.9891661241996281
GGAAAGCGTGGTTTCA-1,1.0263844725824487
GGAACTTAGATACACA-1,0.9340532321983785
GGAACTTAGCAACGGT-1,0.9676220691734355
GGAACTTAGCGACGTA-1,1.0091100018438222
GGAACTTAGCGTTTAC-1,1.0198368107206115
GGAACTTAGGAGTACC-1,1.0250342946899544
GGAACTTCAAGCGATG-1,1.026450476743582
GGAACTTCACATGTGT-1,1.0087506706275093
GGAACTTCATATGAGA-1,0.9488659100758388
GGAACTTGTAATCACC-1,1.022208134227452
GGAACTTGTACACCGC-1,1.0365277766926824
GGAACTTGTAGGGTAC-1,0.9276355523409795
GGAACTTGTTGCCTCT-1,0.9642669136565959
GGAACTTTCAAAGTAG-1,1.0286775741874392
GGAACTTTCTGAGGGA-1,1.0403179445835289
GGAACTTTCTTGTCAT-1,0.9999864117659357
GGAATAAAGCTCAACT-1,0.9938855506527212
GGAATAAAGGCGTACA-1,1.0234359932511985
GGAATAAAGGGCATGT-1,0.9902296289155793
GGAATAAAGTACGACG-1,1.0352118887073085
GGAATAACACCTCGTT-1,1.0299650489283811
GGAATAACACTTCTGC-1,1.0060172981929205
GGAATAAGTCGCTTCT-1,1.0254199375171051
GGAATAATCCCGGATG-1,1.0316175967045556
GGACAAGAGATCGGGT-1,1.0326826959956577
GGACAAGAGATGCGAC-1,0.9444309993900047
GGACAAGAGCTATGCT-1,0.8638039308039677
GGACAAGAGTACGTTC-1,0.9287719369513424
GGACAAGAGTTAAGTG-1,1.0245623508835204
GGACAAGCAACACCCG-1,1.0489976772832355
GGACAAGCACGGATAG-1,1.0324004112514245
GGACAAGCAGGGATTG-1,0.9660463194029224
GGACAAGGTACTTAGC-1,1.0396890974831434
GGACAAGGTCATGCAT-1,1.034344741216441
GGACAAGGTCCGAACC-1,0.9366320859555045
GGACAAGGTCCTCCAT-1,0.9289995857683836
GGACAAGGTCGACTAT-1,1.0053105980189168
GGACAAGGTGACTCAT-1,1.0076577336357015
GGACAAGGTTACCAGT-1,1.0342863973988035
GGACAAGTCAGAGCTT-1,1.0009500947871368
GGACAAGTCCAGAAGG-1,1.0042824090162554
GGACAAGTCGGTTCGG-1,0.9536650165052781
GGACAGAAGAAACCGC-1,1.0270130453400341
GGACAGAAGATCGGGT-1,1.031391371017358
GGACAGAAGCGCTCCA-1,0.988199926911386
GGACAGAAGGGAGTAA-1,1.0311148149596976
GGACAGAAGGTGATTA-1,0.9749087063427551
GGACAGAAGTCCTCCT-1,0.9100990144303224
GGACAGACACCGAATT-1,0.9539523370772556
GGACAGACAGAGTGTG-1,1.0216236491154054
GGACAGACAGTAAGAT-1,0.8717248644901637
GGACAGACAGTGACAG-1,1.0328063553941256
GGACAGAGTCATATCG-1,1.024400869829305
GGACAGAGTGCCTTGG-1,1.0400319849151671
GGACAGAGTTCGAATC-1,0.990111093261126
GGACAGATCAATCACG-1,1.0320494174188524
GGACAGATCGCGATCG-1,0.9714653698521337
GGACATTAGCCAACAG-1,1.0334352287549038
GGACATTAGCGTTCCG-1,1.0371408281225922
GGACATTAGGATGCGT-1,1.0014918140696258
GGACATTAGGCTAGCA-1,1.0348623526389822
GGACATTAGGGTGTGT-1,0.9303148252946637
GGACATTAGTTGCAGG-1,1.033792256548214
GGACATTCAATGGTCT-1,1.0084717297349062
GGACATTCACTCGACG-1,1.0274839545486543
GGACATTCAGTAAGAT-1,1.0335701765772605
GGACATTCATGTAGTC-1,1.0191204340638944
GGACATTGTAACGCGA-1,1.0360397510560657
GGACATTGTAATAGCA-1,1.0354830967019488
GGACATTGTATGGTTC-1,1.0229981189778246
GGACATTGTCTCTCGT-1,0.961952337950549
GGACATTTCAACGAAA-1,0.9664807311638559
GGACATTTCACGCATA-1,1.0322988931114498
GGACATTTCCATGAGT-1,0.9889441137488976
GGACATTTCTCCCTGA-1,1.0303168880007239
GGACGTCAGAGCAATT-1,1.0383215124032767
GGACGTCAGAGTACCG-1,1.0335589385619786
GGACGTCAGCTAAGAT-1,0.989435105541995
GGACGTCAGGTGTGGT-1,1.039722212256376
GGACGTCAGTGTACTC-1,1.0287854126039047
GGACGTCCACAGAGGT-1,1.036179497409155
GGACGTCCACCGTTGG-1,1.0383054079651397
GGACGTCGTAAGTAGT-1,1.025316118910437
GGACGTCGTGAGTGAC-1,0.985439853307601
GGACGTCGTGATAAGT-1,1.0369842789975725
GGACGTCTCAAAGTAG-1,0.9701915077169391
GGACGTCTCATATCGG-1,0.952122627050509
GGACGTCTCCCTGACT-1,1.032375121029873
GGACGTCTCCTTTACA-1,0.9890006127673028
GGACGTCTCGAACGGA-1,0.9998312582835556
GGAGCAAAGATGAGAG-1,1.0378641236196913
GGAGCAAAGCGTGTCC-1,1.015970383279271
GGAGCAAAGGGTATCG-1,0.9333288016155737
GGAGCAAAGTGGGCTA-1,0.9595934255439216
GGAGCAACAAATCCGT-1,1.0302427012721702
GGAGCAACACGAGGTA-1,1.043306848481127
GGAGCAACAGCCTTTC-1,0.9757173155419236
GGAGCAACAGCGTAAG-1,0.9655650062490929
GGAGCAACATCACGAT-1,1.0198480159267456
GGAGCAAGTCCCTACT-1,1.0295902891022026
GGAGCAAGTGTTTGTG-1,1.0293228419284182
GGAGCAAGTTAGGGTG-1,0.9256579393506211
GGAGCAAGTTCTGTTT-1,1.0420576622746756
GGAGCAAGTTGGACCC-1,1.0314494142013548
GGAGCAATCACAGTAC-1,0.9736856909105241
GGAGCAATCCACGACG-1,1.006303531237192
GGAGCAATCTGCGTAA-1,0.8704630390900339
GGAGCAATCTTCGGTC-1,1.0419160608225446
GGATGTTAGCTAGTCT-1,1.0286224520705947
GGATGTTAGGAGTAGA-1,1.0365843121231597
GGATGTTAGGCCATAG-1,0.990647224207959
GGATGTTAGGGTGTGT-1,0.9219487940979854
GGATGTTAGTGGCACA-1,0.959348021721899
GGATGTTCAAACTGTC-1,1.0262647495494788
GGATGTTCAAGCGAGT-1,1.0196195262407841
GGATGTTCAGACAGGT-1,1.0237186151161815
GGATGTTCAGTAGAGC-1,0.8532319638845103
GGATGTTCAGTGGGAT-1,1.0164449509791915
GGATGTTGTCAGAATA-1,1.0145783957837855
GGATGTTTCACTTCAT-1,0.979545758143049
GGATGTTTCCTACAGA-1,1.0168096211701714
GGATTACAGATCCTGT-1,0.9917649947275546
GGATTACCAATCGGTT-1,1.0354449150545086
GGATTACCACATTCGA-1,0.9434667887245304
GGATTACCACCCTATC-1,1.004893179048326
GGATTACCACCGAATT-1,0.9832277152162642
GGATTACGTAAGTTCC-1,1.0402885135740911
GGATTACGTCCAACTA-1,0.9886346696241315
GGATTACGTTAAGATG-1,1.0085722604858876
GGATTACTCGGATGGA-1,1.0049279820801629
GGATTACTCGTAGGTT-1,1.035389349296326
GGCAATTAGTGCAAGC-1,1.0143113170140232
GGCAATTCAAGGTTTC-1,1.0203308040118269
GGCAATTCAGACACTT-1,1.043483786406005
GGCAATTCAGCCTTTC-1,1.023421278914497
GGCAATTCAGTTCCCT-1,1.004365906207676
GGCAATTCATGCATGT-1,0.9663244618531227
GGCAATTCATGTAAGA-1,0.9107644013561127
GGCAATTGTACTTAGC-1,1.0288655536053097
GGCAATTGTCACAAGG-1,0.852922124301687
GGCAATTGTGTTCGAT-1,1.031614351647495
GGCAATTGTTAGAACA-1,0.9164509857024107
GGCAATTTCGAACGGA-1,1.0260297685922681
GGCAATTTCGCATGGC-1,1.022880702912989
GGCAATTTCTTTACAC-1,1.0393827433525658
GGCCGATAGGCACATG-1,0.9746202873675548
GGCCGATAGTAGCCGA-1,1.028497850177285
GGCCGATAGTGGAGAA-1,1.0423234795877812
GGCCGATCACCAGGTC-1,0.9543784737237914
GGCCGATCAGGTTTCA-1,1.0403968512770732
GGCCGATCATGCAATC-1,0.9205899679085804
GGCCGATGTAAAGTCA-1,1.0371129557761591
GGCCGATGTACCTACA-1,0.9651886200466224
GGCCGATGTCTCAACA-1,1.0375606334737515
GGCCGATGTCTCACCT-1,1.024532981720779
GGCCGATGTTATGCGT-1,0.9572149740919669
GGCCGATTCGCTAGCG-1,0.9688148489131615
GGCCGATTCTAACCGA-1,1.0323452336558667
GGCGACTAGAAACCGC-1,1.0349439371654292
GGCGACTAGACTCGGA-1,0.9718880328919213
GGCGACTAGCCAGAAC-1,1.0226359383729435
GGCGACTAGCCCAATT-1,1.037150472325841
GGCGACTCACAACTGT-1,0.8553105042831277
GGCGACTCACATAACC-1,1.0279110021902864
GGCGACTCACGACTCG-1,0.987636768809213
GGCGACTCAGATTGCT-1,0.974754073071928
GGCGACTCAGGAACGT-1,1.0332774494951644
GGCGACTCAGTCGATT-1,1.0344035264518125
GGCGACTCATCACAAC-1,0.965595802008629
GGCGACTGTCCAGTTA-1,0.991288494514845
GGCGACTGTCCGAATT-1,1.0016492036587201
GGCGACTGTCTTGATG-1,0.9644367450549786
GGCGACTTCAACGGCC-1,0.9870285955823965
GGCGACTTCCAAGCCG-1,0.9693390746595387
GGCGACTTCGACAGCC-1,1.0361706103854724
GGCGACTTCGAGGTAG-1,1.0365941302645143
GGCGACTTCTAACGGT-1,1.0296127581717809
GGCGACTTCTGTCTAT-1,1.0395878634514508
GGCGTGTAGAGGTACC-1,1.0180269523140186
GGCGTGTAGCGTCAAG-1,1.036271009145404
GGCGTGTAGCTAGTCT-1,1.0320741822124961
GGCGTGTAGCTTCGCG-1,0.9688211881018087
GGCGTGTAGGATGGTC-1,0.9590631274954766
GGCGTGTCAAGCTGTT-1,0.9500400821754628
GGCGTGTCAAGTTCTG-1,0.9908458076946294
GGCGTGTCACCATCCT-1,0.9857788909853644
GGCGTGTCAGCGTTCG-1,1.0321170155735107
GGCGTGTCAGGACCCT-1,0.9897438298533922
GGCGTGTCATCTCGCT-1,1.036573387040988
GGCGTGTCATTTCAGG-1,0.9021246953624942
GGCGTGTGTCATATCG-1,1.0204629086589918
GGCGTGTGTGACTCAT-1,1.0049502279140834
GGCGTGTTCAGGTTCA-1,0.8894591736525134
GGCGTGTTCCAAGCCG-1,1.0361745295692772
GGCGTGTTCCACTGGG-1,0.9896334365531678
GGCGTGTTCCTATGTT-1,1.0423735048536737
GGCTCGAAGCTGGAAC-1,1.0305121825946184
GGCTCGAAGGTGTTAA-1,0.9894269460933468
GGCTCGAAGTCATCCA-1,1.0601877056514868
GGCTCGACACGGATAG-1,1.0296054580705079
GGCTCGACATCGATTG-1,0.9408825160431808
GGCTCGAGTACACCGC-1,0.9431818135052976
GGCTCGAGTCTGGTCG-1,0.9269610305077326
GGCTCGAGTGCTAGCC-1,0.9484207254495199
GGCTCGAGTTGTTTGG-1,0.9720080357777996
GGCTCGATCCGCGCAA-1,1.0247123517691807
GGCTCGATCGGTTCGG-1,1.0421295723534927
GGCTCGATCTACTCAT-1,1.0074629938794644
GGCTGGTAGAATGTGT-1,1.000404099005957
GGCTGGTAGCTAAGAT-1,0.9680587754909854
GGCTGGTAGTACGCCC-1,0.9182396647293731
GGCTGGTCAGATCGGA-1,1.032109818350411
GGCTGGTCATAAAGGT-1,1.0189693784195577
GGCTGGTCATTACGAC-1,1.0332358258316794
GGCTGGTCATTGGCGC-1,0.9328722322269403
GGCTGGTGTGGACGAT-1,1.0083115863037873
GGCTGGTGTTCAACCA-1,0.9434466116297078
GGCTGGTTCTACCTGC-1,0.9772347842486319
GGCTGGTTCTCTAGGA-1,0.9796025475888133
GGGAATGAGCTAACTC-1,1.0316833491124155
GGGAATGAGTCCGTAT-1,1.0329710032682622
GGGAATGCAAATTGCC-1,1.0258270007787358
GGGAATGCACATCTTT-1,1.02571790760463
GGGAATGCATACCATG-1,1.0206486303540123
GGGAATGCATTCACTT-1,1.002754642390681
GGGAATGGTAAATGAC-1,1.012408135612993
GGGAATGGTAAGGGCT-1,1.0282141442599437
GGGAATGGTACCCAAT-1,1.0397311530036382
GGGAATGGTACTTGAC-1,1.0091316907063022
GGGAATGGTAGCGCAA-1,1.0280986961361815
GGGAATGGTATAATGG-1,0.9610827653330781
GGGAATGGTCACACGC-1,0.9744496832785188
GGGAATGGTCTGCAAT-1,0.9678794240393459
GGGAATGGTTCGTCTC-1,1.018735157042462
GGGAATGTCACGAAGG-1,0.9954709456195623
GGGAATGTCAGCAACT-1,1.0010490090156983
GGGAATGTCAGCTCGG-1,0.9492064935149648
GGGAATGTCAGGATCT-1,0.9614977942259574
GGGAATGTCCCGACTT-1,1.029092453540038
GGGAATGTCGCATGAT-1,0.9108754826089561
GGGAATGTCTCCAACC-1,0.9396728259203465
GGGAATGTCTTAGCCC-1,0.9234918790792974
GGGAATGTCTTCAACT-1,1.0099701342296767
GGGACCTAGAATTGTG-1,0.8978153118877746
GGGACCTAGCGCTCCA-1,0.900012212922215
GGGACCTAGCTGATAA-1,1.037181102746566
GGGACCTAGGTAGCCA-1,1.0356862333924939
GGGACCTAGGTCATCT-1,1.0270995407182018
GGGACCTCAATCTGCA-1,1.0322896993191772
GGGACCTGTATTAGCC-1,1.0401212019103896
GGGACCTGTTTCGCTC-1,1.0361564342113974
GGGACCTTCCGGCACA-1,0.9620580565736843
GGGACCTTCGTGGACC-1,1.0192779424387244
GGGACCTTCTTCATGT-1,1.0320608992728773
GGGAGATAGAGCTGCA-1,1.0360866561624165
GGGAGATAGATGCCAG-1,0.9948518935872394
GGGAGATAGCGTTTAC-1,1.0313432791078092
GGGAGATAGCTACCGC-1,0.9657218063325462
GGGAGATAGGAATGGA-1,0.9646249957265186
GGGAGATCACCCTATC-1,0.7868686703525605
GGGAGATCAGAAGCAC-1,1.0268346378125193
GGGAGATCATAGGATA-1,1.0110566136358587
GGGAGATCATTACCTT-1,1.024758933152021
GGGAGATGTCATATCG-1,1.0157224275570707
GGGAGATGTGAGGCTA-1,1.03799686486808
GGGAGATGTGGTACAG-1,1.0054269200016983
GGGAGATGTGTTGGGA-1,1.0342528207092974
GGGAGATGTTGCGTTA-1,1.0268592603306068
GGGAGATTCACCCTCA-1,1.045794131622159
GGGAGATTCAGGCCCA-1,1.0094889566638623
GGGAGATTCCATTCTA-1,0.8235425288040749
GGGAGATTCTACCAGA-1,1.0238284067571577
GGGAGATTCTTGTCAT-1,0.954182517200274
GGGATGAAGACGCAAC-1,1.033555521191657
GGGATGAAGAGTAATC-1,0.9944227747119985
GGGATGAAGCCAGTAG-1,0.9858475136831779
GGGATGAAGCTGGAAC-1,1.0366187102875557
GGGATGACAAAGGTGC-1,0.8650161666629379
GGGATGACAAGACGTG-1,0.9604594265432409
GGGATGACAAGTTAAG-1,1.0183137637628226
GGGATGACAGGAACGT-1,0.9020809968496429
GGGATGACAGGAATGC-1,0.9207467804390059
GGGATGACATCGGACC-1,0.9983140419772214
GGGATGACATCGGTTA-1,1.0188523067164048
GGGATGACATGCCTTC-1,1.0328312355920386
GGGATGAGTACGACCC-1,1.0310330772317282
GGGATGAGTCCTCTTG-1,1.0346194011206724
GGGATGAGTCGAATCT-1,0.9736286378188711
GGGATGAGTCTCTTAT-1,0.9472491187505244
GGGATGAGTTTGTTGG-1,1.0091907176003498
GGGATGATCTGGTGTA-1,1.029417026741182
GGGCACTAGCTCTCGG-1,1.0296543022749556
GGGCACTAGGCAGTCA-1,1.012416474858494
GGGCACTAGGTGTTAA-1,1.0205038318848945
GGGCACTAGTTGAGAT-1,1.0135607240406266
GGGCACTCAGAGTGTG-1,1.0294267791587073
GGGCACTCATGGTTGT-1,0.961247870923654
GGGCACTGTAACGCGA-1,1.04370312430735
GGGCACTGTAATTGGA-1,1.0217452811191348
GGGCACTGTACAGTGG-1,1.0264276728571062
GGGCACTGTCAATACC-1,0.9308680258528347
GGGCACTGTTGGTGGA-1,1.0050877164383858
GGGCACTTCACCACCT-1,0.9977230687967724
GGGCACTTCCTGCAGG-1,0.9796866983551374
GGGCACTTCTGATACG-1,1.040632295983604
GGGCACTTCTGCGGCA-1,0.9952233731509843
GGGCATCAGCTAGGCA-1,0.990866572007736
GGGCATCAGGGCTTGA-1,1.0283648819053666
GGGCATCCAAAGCAAT-1,0.9686716891095687
GGGCATCCAATCACAC-1,1.037553662328065
GGGCATCCATACTCTT-1,1.012416955681866
GGGCATCCATCAGTCA-1,1.0319091446205324
GGGCATCTCCGGGTGT-1,0.9370138408982484
GGGCATCTCCTAGTGA-1,0.9536100082764664
GGGCATCTCTCGTTTA-1,1.0011785165974292
GGGCATCTCTGTCCGT-1,1.025930092219124
GGGTCTGAGAGAACAG-1,0.9810113599559368
GGGTCTGAGCCGATTT-1,1.0105643989038002
GGGTCTGAGCCTTGAT-1,0.9972113479616636
GGGTCTGAGGTGACCA-1,1.032167666627743
GGGTCTGCAATCCGAT-1,1.0229731051070878
GGGTCTGCACAAGCCC-1,1.035874436473195
GGGTCTGCAGGAATGC-1,1.0340223558634705
GGGTCTGGTAGGCTGA-1,1.0431924273094182
GGGTCTGGTCGCGAAA-1,1.0120584708969758
GGGTCTGTCACTGGGC-1,1.0311135463685968
GGGTCTGTCAGGTTCA-1,1.030094880231447
GGGTCTGTCAGTCCCT-1,0.9974814199562139
GGGTCTGTCATGCATG-1,1.0048565927486248
GGGTCTGTCCACTGGG-1,0.9519088914768882
GGGTTGCAGAGTAAGG-1,1.024689754819662
GGGTTGCAGCTGTCTA-1,0.9781027056009778
GGGTTGCAGTACGCGA-1,1.0138651336024231
GGGTTGCAGTAGCGGT-1,1.000525714763259
GGGTTGCCAAGTAATG-1,0.9842578258121766
GGGTTGCCACGCTTTC-1,1.0301414344270856
GGGTTGCCACTTCTGC-1,1.024407617804629
GGGTTGCCATGCCTTC-1,0.9896220164773458
GGGTTGCGTCATATCG-1,0.8774630115660145
GGGTTGCGTGTAACGG-1,1.0373713409817695
GGGTTGCGTTGTCTTT-1,0.999114654889235
GGGTTGCTCAAAGTAG-1,1.038061363618703
GGGTTGCTCAACACCA-1,0.8176897355828748
GGGTTGCTCGTGGGAA-1,1.0285629507979819
GGTATTGAGCAATATG-1,0.9682943207262454
GGTATTGAGCCAACAG-1,0.882258305655931
GGTATTGAGGGCACTA-1,1.037405078970947
GGTATTGAGGGTATCG-1,1.0249289227196126
GGTATTGAGTCTTGCA-1,1.0269970527339887
GGTATTGCAACCGCCA-1,1.0064839452961372
GGTATTGCACTACAGT-1,0.8969205487910954
GGTATTGCATGGGAAC-1,0.8339191783323735
GGTATTGGTATAAACG-1,1.0155037445883561
GGTATTGGTATATGGA-1,1.0300635829634022
GGTATTGGTGATAAGT-1,1.0155504872890857
GGTATTGGTGCAGTAG-1,1.0344414041150845
GGTATTGTCAGTGCAT-1,1.0309853587933242
GGTATTGTCCAAGCCG-1,0.981266678462262
GGTATTGTCCACGACG-1,1.0448721446539866
GGTGAAGAGAGTGACC-1,1.0276194237122833
GGTGAAGAGTCATGCT-1,0.9963747658632639
GGTGAAGAGTTACCCA-1,1.012685282411192
GGTGAAGGTACCGTTA-1,1.0369702686369613
GGTGAAGGTATAGGTA-1,1.0304158959514516
GGTGAAGGTCATCGGC-1,0.9930386957995991
GGTGAAGGTCGAATCT-1,0.9214201518112344
GGTGAAGGTTACGTCA-1,0.9872685737447077
GGTGAAGTCAGTACGT-1,1.0168622866647554
GGTGAAGTCTGCGACG-1,0.9532197628311895
GGTGAAGTCTGGTATG-1,1.023888664499427
GGTGAAGTCTTAACCT-1,0.9501350056830525
GGTGCGTAGGCGATAC-1,1.0065380781017668
GGTGCGTCAAGTACCT-1,1.0338851433787177
GGTGCGTCAGCGTCCA-1,0.8841973306449555
GGTGCGTGTAAAGTCA-1,1.038793564739521
GGTGCGTGTACCGAGA-1,0.9092006220229384
GGTGCGTGTAGCAAAT-1,0.9031199672898399
GGTGCGTGTAGCCTCG-1,0.9132597217339466
GGTGCGTGTGAGCGAT-1,0.9249888312579354
GGTGCGTGTGGTTTCA-1,1.036991409372652
GGTGCGTGTTCAGGCC-1,1.0499792484660948
GGTGCGTGTTGATTGC-1,1.009056258739427
GGTGCGTTCATAACCG-1,1.013899208456482
GGTGCGTTCATGCTCC-1,1.0286035109033915
GGTGCGTTCATTGCGA-1,1.0187159145966653
GGTGCGTTCCTTAATC-1,0.9492663165414568
GGTGCGTTCTATCCCG-1,0.9686137201318799
GGTGCGTTCTTCAACT-1,1.0067315148961573
GGTGTTAAGTGGGATC-1,0.9972002299660154
GGTGTTACAACTGCTA-1,1.0309870808742119
GGTGTTACAAGAAAGG-1,1.0221954642209283
GGTGTTACAATGGATA-1,1.013792171458789
GGTGTTACACGAAGCA-1,1.0165113452053303
GGTGTTAGTTAGAACA-1,0.9324032528110375
GGTGTTATCATGGTCA-1,1.023948376864851
GGTGTTATCCAAGCCG-1,0.9460976672070085
GGTGTTATCTTCTGGC-1,1.0115284910174527
GTAACGTAGAACTCGG-1,1.0196009162871824
GTAACGTAGGACATTA-1,0.9970684972390066
GTAACGTAGGGATCTG-1,0.9892754945875731
GTAACGTAGTGCAAGC-1,1.0204287610080074
GTAACGTAGTGCCAGA-1,0.926706793107025
GTAACGTCACGGTAGA-1,1.0133067635652147
GTAACGTCATGTTGAC-1,1.028011597946489
GTAACGTGTAAATACG-1,1.0444417383410263
GTAACGTGTATGAAAC-1,0.9477675172322473
GTAACGTGTGACTACT-1,0.8747506767037947
GTAACGTGTGAGTATA-1,1.0363555257958927
GTAACGTGTTAAGTAG-1,0.9832402594105357
GTAACGTGTTCCACGG-1,1.0381999160420583
GTAACGTTCCGGGTGT-1,0.9766832296160598
GTAACTGAGACAGAGA-1,0.9404041655797399
GTAACTGAGAGAGCTC-1,0.9951248059887322
GTAACTGAGATAGTCA-1,1.0340741636090809
GTAACTGAGCTGTTCA-1,1.0430197523106122
GTAACTGAGTGGGTTG-1,0.9995600444642558
GTAACTGCATTCCTCG-1,0.9861849913664665
GTAACTGGTAGGAGTC-1,0.9641649084008949
GTAACTGGTATAATGG-1,0.9793251951173889
GTAACTGGTCCGAACC-1,1.0341733588615192
GTAACTGGTTCTCATT-1,1.0221594496647475
GTAACTGTCACAAACC-1,0.9881306922434128
GTAACTGTCCACGTTC-1,0.9744205438968301
GTAACTGTCCTAGAAC-1,1.0298117256304786
GTAACTGTCCTTGGTC-1,1.0427982754564737
GTAACTGTCGGCTACG-1,0.999846884441088
GTAACTGTCTGCGGCA-1,0.9826697684361422
GTACGTAAGAAACGAG-1,0.9378381695849016
GTACGTAAGCCGATTT-1,1.033222062531144
GTACGTACACGCATCG-1,1.0254402050311935
GTACGTACACGCTTTC-1,0.9133229509524982
GTACGTAGTAAGTAGT-1,1.0246569883934868
GTACGTAGTGGCAAAC-1,1.0231775513113122
GTACGTAGTTAAAGAC-1,0.9358418707660096
GTACGTATCAACACGT-1,1.0216286925986073
GTACGTATCGCCCTTA-1,0.944841672035934
GTACGTATCGGTCCGA-1,0.9753445068210517
GTACGTATCTGACCTC-1,1.0125423049688351
GTACGTATCTGTTTGT-1,1.0316462684447496
GTACTCCAGAAGGGTA-1,1.0244050331154482
GTACTCCAGACAATAC-1,1.042834660172488
GTACTCCAGCACCGTC-1,1.0257010402269557
GTACTCCAGCTAACTC-1,1.0269010860306709
GTACTCCAGTGTCTCA-1,1.0118674656981348
GTACTCCCAACTGCTA-1,1.009315908833092
GTACTCCCACATCTTT-1,1.0355369483302692
GTACTCCCAGCCAATT-1,0.9382093159900544
GTACTCCCAGCCTTTC-1,0.9035453642443615
GTACTCCCAGGAACGT-1,0.9968991179539944
GTACTCCCATTGTGCA-1,1.0325635668897934
GTACTCCGTAGCTAAA-1,1.0226030361328575
GTACTCCGTCCAGTTA-1,0.911705167872035
GTACTCCGTCCCGACA-1,1.035717515459014
GTACTCCGTCGTGGCT-1,0.9890797234318531
GTACTCCGTCTTCAAG-1,0.8555040617555758
GTACTCCTCACCTCGT-1,1.0067820868977342
GTACTCCTCACGACTA-1,0.969862374446055
GTACTCCTCCCGACTT-1,1.0201564872994737
GTACTCCTCCGTTGTC-1,1.0228023395870474
GTACTCCTCGAATGCT-1,1.04006299201041
GTACTCCTCGTAGATC-1,1.0304760761470202
GTACTTTAGATCCTGT-1,1.035752709254202
GTACTTTAGCCAGGAT-1,1.0062655570396388
GTACTTTAGTGTCCCG-1,1.035871767356395
GTACTTTCACGCCAGT-1,1.0341968395932983
GTACTTTCAGACTCGC-1,1.0230940696509698
GTACTTTCAGTCGATT-1,1.0124462853036975
GTACTTTCATCAGTAC-1,0.8853382258763826
GTACTTTGTCATATCG-1,0.9794306745354646
GTACTTTGTCTCAACA-1,1.0380869076540906
GTACTTTGTGTAATGA-1,1.0240207834930801
GTACTTTGTGTGCGTC-1,1.0349210392576136
GTACTTTGTTCGTTGA-1,1.0380146410935969
GTACTTTTCACGAAGG-1,0.9639475440828444
GTACTTTTCCGCATCT-1,1.0354521917902282
GTACTTTTCGTGTAGT-1,0.9523694767940175
GTAGGCCAGACTGTAA-1,1.0075998128341974
GTAGGCCAGAGTTGGC-1,1.029819379401124
GTAGGCCAGATCCCGC-1,1.039498266206628
GTAGGCCAGCCCAACC-1,1.0452068375431063
GTAGGCCAGTCAAGGC-1,1.0272344872330705
GTAGGCCCAACTGCTA-1,0.984195368867942
GTAGGCCCACTGTCGG-1,0.8820411745750576
GTAGGCCCACTGTTAG-1,1.0270064445125324
GTAGGCCCAGCATACT-1,1.0387586192461549
GTAGGCCCAGTCGTGC-1,0.9062343374552914
GTAGGCCCATACAGCT-1,0.9919265505081788
GTAGGCCGTCACTGGC-1,0.9752096524333963
GTAGGCCGTGCAGGTA-1,1.0298851633476436
GTAGGCCGTGGTACAG-1,1.0107362169308816
GTAGGCCGTTAAGAAC-1,0.9794914129701227
GTAGGCCGTTCACCTC-1,1.0414615557445566
GTAGGCCGTTCGGGCT-1,1.02715194418165
GTAGGCCTCAACGGGA-1,1.0339672474471515
GTAGGCCTCGGTTAAC-1,0.9030867400838509
GTAGGCCTCTAACGGT-1,1.0441553719619225
GTAGGCCTCTCATTCA-1,1.0379287453531736
GTAGTCAAGAGTAATC-1,1.0387900859062624
GTAGTCAAGCTCCCAG-1,1.0408382155513467
GTAGTCAAGGCCATAG-1,1.032112462937402
GTAGTCACACAGGCCT-1,1.0326604219301034
GTAGTCAGTAAGGATT-1,1.0244678874883981
GTAGTCAGTAAGTTCC-1,0.961642520199926
GTAGTCAGTATAGTAG-1,0.9990410186208085
GTAGTCAGTCTCCATC-1,0.8745124076849738
GTAGTCAGTGCGAAAC-1,1.0355077697296209
GTAGTCAGTGCTTCTC-1,0.9981089129745239
GTAGTCAGTGTTGGGA-1,1.0369241551402453
GTAGTCAGTTCACCTC-1,1.0308571816240188
GTAGTCAGTTGATTGC-1,1.0351255022460943
GTAGTCATCCAGTAGT-1,1.013298535514735
GTAGTCATCGTTTAGG-1,0.820587080434826
GTAGTCATCTAGAGTC-1,0.9957688889303155
GTAGTCATCTGCTTGC-1,1.0377575104898549
GTATCTTAGAGTAATC-1,1.0305938595885236
GTATCTTAGCCGTCGT-1,0.9477867764632999
GTATCTTAGCTCAACT-1,1.0311093892537788
GTATCTTAGGAACTGC-1,1.0362242704757216
GTATCTTAGGTGATTA-1,0.9782261232135643
GTATCTTAGGTTCCTA-1,1.0265710289498022
GTATCTTCAATCCGAT-1,1.0202251362801502
GTATCTTCAATCGGTT-1,1.0441850247930804
GTATCTTCACCAGTTA-1,0.9864839567728813
GTATCTTCACTTAACG-1,1.023835013367059
GTATCTTCAGCTTAAC-1,0.9560053907522276
GTATCTTCATCACCCT-1,1.0376456371052563
GTATCTTCATGCGCAC-1,0.8962544860526844
GTATCTTCATTCCTCG-1,1.02663150915104
GTATCTTGTGTCCTCT-1,1.037195937634781
GTATCTTGTGTGACGA-1,1.0379705911785762
GTATCTTGTTGCTCCT-1,1.0234830483887014
GTATCTTTCATGGTCA-1,0.9675963982058078
GTATCTTTCCGCAGTG-1,1.0365029420473197
GTATCTTTCCTATGTT-1,0.9220213881073113
GTATTCTAGCCGGTAA-1,0.9959003835244926
GTATTCTAGCGATTCT-1,1.0208152836663174
GTATTCTAGCGTGAAC-1,1.0302263577417583
GTATTCTAGGATGGTC-1,1.0321548755885355
GTATTCTAGTAGTGCG-1,0.985425481249348
GTATTCTAGTCAAGGC-1,0.8478425517792496
GTATTCTAGTCGTTTG-1,0.8929500343261564
GTATTCTCAAGCCGTC-1,1.0495446870917127
GTATTCTCAATGGACG-1,1.0374282436068316
GTATTCTCAGGATTGG-1,0.9451751438306719
GTATTCTCATACTCTT-1,1.0330605494678495
GTATTCTCATTCTCAT-1,0.8250983366871243
GTATTCTGTACCGAGA-1,1.0380680205753101
GTATTCTGTAGAAGGA-1,1.0143963078923834
GTATTCTGTAGCTCCG-1,0.9853563892603212
GTATTCTGTCGCCATG-1,0.9715125373320922
GTATTCTGTCTCTCGT-1,0.9166879849631916
GTATTCTGTGGCCCTA-1,0.9568999652864336
GTATTCTTCAGATAAG-1,1.0299369712037378
GTATTCTTCCACTGGG-1,0.9745237788540488
GTATTCTTCCATTCTA-1,1.0290650679409155
GTATTCTTCCGCGTTT-1,0.9601788776204448
GTATTCTTCGCAGGCT-1,0.9814087751044115
GTATTCTTCGCGCCAA-1,0.989077102231593
GTATTCTTCGCGTTTC-1,1.0179565718705503
GTATTCTTCTGCGTAA-1,0.9507542952668426
GTATTCTTCTTCAACT-1,1.0347192119288633
GTCAAGTAGATGCGAC-1,1.0194248771557044
GTCAAGTAGTTTGCGT-1,1.0325678728957541
GTCAAGTCAATGGAGC-1,0.9134265882692384
GTCAAGTCACGTCAGC-1,1.0340919954917613
GTCAAGTCATATGAGA-1,0.9933565175902307
GTCAAGTCATCCGGGT-1,1.0390405877894642
GTCAAGTCATTAACCG-1,0.9156797423375309
GTCAAGTGTCACCTAA-1,1.0062729444985534
GTCAAGTGTCCGCTGA-1,0.9622132253405418
GTCAAGTGTGAAGGCT-1,1.0348145308940992
GTCAAGTGTGTGCCTG-1,1.0391571531401722
GTCAAGTGTTCCCGAG-1,0.9995492933560841
GTCAAGTGTTCTGGTA-1,1.0351328549781853
GTCAAGTTCAACACTG-1,1.0248074466124615
GTCAAGTTCAAGGTAA-1,1.0298432502646435
GTCAAGTTCACAATGC-1,0.9244557751699337
GTCAAGTTCAGAGACG-1,0.9638879561544605
GTCAAGTTCCGTACAA-1,1.0366903939888263
GTCAAGTTCTCATTCA-1,1.0215669396605749
GTCACAAAGATCCTGT-1,0.9968033102174594
GTCACAAAGCTCTCGG-1,0.9476588973731138
GTCACAAAGGGCTCTC-1,1.0015056453383187
GTCACAAAGTCAAGGC-1,1.027499066694078
GTCACAAAGTGCCAGA-1,1.0374281485814958
GTCACAACACATGTGT-1,1.029526353844835
GTCACAACAGCTGCTG-1,1.0424221863464471
GTCACAACAGCTTAAC-1,1.0302482918892812
GTCACAAGTAAATACG-1,1.0132164690915937
GTCACAAGTATAGGTA-1,1.0231338510811736
GTCACAAGTCTCCCTA-1,1.0074070275938398
GTCACAAGTTTACTCT-1,0.9800719582235493
GTCACAATCACTGGGC-1,1.0253663399741797
GTCACAATCATGTCCC-1,1.005191335510632
GTCACAATCCTAGAAC-1,1.0305186356614284
GTCACAATCTGGTTCC-1,1.0234729752668041
GTCACAATCTTAACCT-1,0.9538696378694839
GTCACGGCAACAACCT-1,1.0370304408333537
GTCACGGCACACCGAC-1,1.0190691478740697
GTCACGGGTAGCGTGA-1,1.0348929939676104
GTCACGGGTCGCGTGT-1,1.0349452753796453
GTCACGGGTGACGGTA-1,0.8828671565179372
GTCACGGTCCGTCAAA-1,1.025531223144224
GTCATTTAGCGATAGC-1,0.9829278134287447
GTCATTTAGGGTCGAT-1,0.9895740177895508
GTCATTTAGTAATCCC-1,1.0229174880623113
GTCATTTAGTCCGTAT-1,1.0167850115917982
GTCATTTCACAAGCCC-1,0.9526743034480976
GTCATTTCATGAAGTA-1,1.0309205127575753
GTCATTTGTAGAGCTG-1,0.9448533726991203
GTCATTTGTATATGAG-1,0.964261835956003
GTCATTTGTCACTGGC-1,1.0347843091774924
GTCATTTGTCTAGCGC-1,1.0402133514425922
GTCATTTGTCTCCACT-1,1.0295544078797585
GTCATTTGTCTCTCGT-1,1.0372326136339909
GTCATTTGTGGTTTCA-1,0.8877561250354661
GTCATTTGTGTTTGTG-1,1.0414350866554332
GTCATTTTCAGCTGGC-1,1.0418832777284492
GTCATTTTCATGCATG-1,1.0304042107916804
GTCATTTTCGAGAACG-1,0.992366587016273
GTCCTCAAGCGATATA-1,1.0376950029969434
GTCCTCAAGGATGGAA-1,0.9915008439872953
GTCCTCACAATCCGAT-1,1.0353467368640383
GTCCTCACACGACGAA-1,1.0451124673695409
GTCCTCACACGAGAGT-1,1.0434307278092145
GTCCTCACACTACAGT-1,0.9896550084300707
GTCCTCACATGGTCAT-1,0.966080959713097
GTCCTCAGTCACCTAA-1,1.0422816447996828
GTCCTCAGTCATCGGC-1,1.0431389401176752
GTCCTCAGTCGCTTTC-1,0.9448562005613078
GTCCTCAGTGACTACT-1,1.0095411938205083
GTCCTCAGTTAAGTAG-1,1.0132819927289018
GTCCTCAGTTGCCTCT-1,0.9645278705164732
GTCCTCATCACCCGAG-1,1.025513734352367
GTCCTCATCTCAACTT-1,0.8029034699985875
GTCCTCATCTGCCAGG-1,0.9297047104524293
GTCGGGTAGACATAAC-1,1.0449789796959748
GTCGGGTAGAGATGAG-1,1.0002562303992477
GTCGGGTAGCTGCGAA-1,0.9980402253549442
GTCGGGTAGGGAACGG-1,0.9987602982916317
GTCGGGTAGTGTGGCA-1,1.0207350915381563
GTCGGGTCACCTATCC-1,0.8987147700345485
GTCGGGTGTAAATGTG-1,1.0194157376512307
GTCGGGTGTCCATCCT-1,1.0344489741426326
GTCGGGTGTTCGGGCT-1,1.0435710984663538
GTCGGGTTCATACGGT-1,0.9500737217332629
GTCGGGTTCCGAAGAG-1,1.0294528601266917
GTCGGGTTCTAACTCT-1,1.0250318261982017
GTCGTAAAGATGTAAC-1,1.0339498631173127
GTCGTAAAGCGACGTA-1,1.0242624185318498
GTCGTAAAGTGGTCCC-1,1.0456697102606791
GTCGTAAAGTGTTTGC-1,0.9716479941698875
GTCGTAACAAACGCGA-1,0.950754675097738
GTCGTAACACCTGGTG-1,1.0201480515832908
GTCGTAACAGGACCCT-1,1.0385727415653034
GTCGTAACATCCGTGG-1,0.9691024874251963
GTCGTAAGTAAGGGCT-1,1.0320890746295772
GTCGTAAGTGACGCCT-1,0.9472350831252137
GTCGTAAGTGCACCAC-1,0.9830755076948089
GTCGTAATCAACCAAC-1,0.9139249812496993
GTCGTAATCACTGGGC-1,1.0352767684014652
GTCGTAATCCCAGGTG-1,1.0347332304534547
GTCGTAATCCTTCAAT-1,0.9728829842226069
GTCGTAATCGACAGCC-1,1.0365909236150768
GTCGTAATCGGCGCTA-1,0.8780812769405696
GTCGTAATCGGCTACG-1,1.0372118696760928
GTCGTAATCTCTGCTG-1,1.0366928831086173
GTCGTAATCTGAAAGA-1,0.9660393155612795
GTCTCGTAGACAATAC-1,0.9924161959961284
GTCTCGTAGACTGTAA-1,1.0356168300919777
GTCTCGTCAACAACCT-1,1.0341084798806313
GTCTCGTCACTGCCAG-1,1.0326447111838275
GTCTCGTCACTTAAGC-1,0.972445353291795
GTCTCGTCATTCTTAC-1,0.9452193885025512
GTCTCGTGTATATGAG-1,1.0352992898203706
GTCTCGTGTCCCTTGT-1,0.9514686504350967
GTCTCGTGTGTAATGA-1,1.032749306368608
GTCTCGTGTTCCGGCA-1,1.0248442653004377
GTCTCGTGTTTACTCT-1,1.0142517696160191
GTCTCGTTCACAATGC-1,1.0015000755866168
GTCTCGTTCAGGATCT-1,1.035587606780471
GTCTCGTTCCCTCTTT-1,1.0289221781033209
GTCTCGTTCGCATGAT-1,1.0112204138183438
GTCTCGTTCTGCGACG-1,1.005726605125595
GTCTTCGAGCCGTCGT-1,0.932776222993243
GTCTTCGAGCTGTTCA-1,0.9238716202886598
GTCTTCGAGTCCGTAT-1,1.0296797099785688
GTCTTCGCATAAAGGT-1,0.9532827100842534
GTCTTCGCATGGTAGG-1,1.021611917153509
GTCTTCGGTAATCGTC-1,1.0237650259036206
GTCTTCGGTAGAAAGG-1,0.9777437541780901
GTCTTCGGTATCACCA-1,0.9311529452397942
GTCTTCGGTTCCACAA-1,1.0275447766930768
GTCTTCGTCACTATTC-1,1.0326831967087786
GTCTTCGTCCCTAACC-1,0.9621995078716099
GTCTTCGTCTACTCAT-1,1.0242372949479825
GTCTTCGTCTTGTACT-1,0.9460671873255543
GTGAAGGAGCTTCGCG-1,1.0276630767267556
GTGAAGGCATACTACG-1,1.038045048300239
GTGAAGGCATATACCG-1,0.9815709564789121
GTGAAGGGTTTGCATG-1,0.9870954281005587
GTGAAGGTCCTTGCCA-1,1.0372547742069702
GTGCAGCAGATGTGTA-1,0.9939692165964057
GTGCAGCAGGACATTA-1,1.0220301593117815
GTGCAGCAGGCAGTCA-1,1.0253789711298766
GTGCAGCAGGGTATCG-1,1.0228509796209282
GTGCAGCCACAGCCCA-1,1.033388480163235
GTGCAGCCAGTATGCT-1,1.0244610288067062
GTGCAGCCAGTCGTGC-1,1.036998774013015
GTGCAGCGTCACTGGC-1,1.009812049890583
GTGCAGCGTTGGACCC-1,0.9612356471211074
GTGCAGCGTTTAAGCC-1,1.04593415009725
GTGCAGCTCACTGGGC-1,0.9255153242072178
GTGCAGCTCCAGTAGT-1,1.0387201992838753
GTGCATAAGAGGTTAT-1,1.0464916683168735
GTGCATAAGCAGATCG-1,0.974399415146073
GTGCATAAGTACGTAA-1,1.032308703555982
GTGCATACACATTCGA-1,1.0357071784433076
GTGCATACAGACTCGC-1,1.048464016537869
GTGCATACAGGCTCAC-1,0.9620362648616304
GTGCATACAGGGTACA-1,0.9723377228192697
GTGCATAGTAGAAAGG-1,1.0331164643410486
GTGCATAGTTGGGACA-1,0.9319201138938578
GTGCATATCAAACCGT-1,0.9097706436730785
GTGCATATCACCCGAG-1,0.9604241740542432
GTGCATATCATTGCCC-1,0.955434844141168
GTGCATATCCAGTAGT-1,1.0269493340295581
GTGCATATCCCTTGCA-1,1.0282215089429498
GTGCATATCGTAGGAG-1,0.9784916014565151
GTGCATATCTGTACGA-1,0.8873828652079244
GTGCGGTAGAGGTAGA-1,0.9908752507146611
GTGCGGTAGATGTAAC-1,1.0425470749092087
GTGCGGTAGATTACCC-1,1.027312314404454
GTGCGGTAGCACGCCT-1,0.9480129707620142
GTGCGGTAGGAGTACC-1,1.0275079261951217
GTGCGGTAGGCAAAGA-1,1.0073620864769826
GTGCGGTAGGGATCTG-1,0.9062005792779728
GTGCGGTCAATCGGTT-1,1.0363374520388864
GTGCGGTCAATGGAGC-1,1.0420985630617887
GTGCGGTCACTGTGTA-1,1.0011256288280623
GTGCGGTCAGCCTTTC-1,1.033688811345554
GTGCGGTCATAGGATA-1,1.0390952168691474
GTGCGGTGTAACGACG-1,0.968541217775067
GTGCGGTGTAACGTTC-1,1.0185116300904797
GTGCGGTGTTTGACTG-1,0.963758696471861
GTGCGGTTCATTATCC-1,1.0043806404162283
GTGCGGTTCCCTTGCA-1,0.9637878364818377
GTGCGGTTCCTCATTA-1,1.0380514326658907
GTGCTTCAGACCCACC-1,1.028632050762801
GTGCTTCAGGGAACGG-1,0.9584575597777562
GTGCTTCAGTAAGTAC-1,1.0350367703412804
GTGCTTCCAACTGCTA-1,0.9761334259642115
GTGCTTCCAAGCCCAC-1,0.8244285532117365
GTGCTTCCAGGGATTG-1,1.0314781548068257
GTGCTTCCATCTACGA-1,1.0466292341786976
GTGCTTCCATGGTCTA-1,1.0125264604629505
GTGCTTCGTAAACACA-1,1.037116458352257
GTGCTTCGTACCGGCT-1,1.024977495922266
GTGCTTCGTAGCGTAG-1,1.022167003429153
GTGCTTCGTGGCAAAC-1,0.888823292018117
GTGCTTCTCAACACCA-1,1.019938422384689
GTGGGTCAGAGGACGG-1,1.036616045887225
GTGGGTCAGCACAGGT-1,0.976443750092955
GTGGGTCAGCTGTCTA-1,1.0334251235333862
GTGGGTCCAAACGTGG-1,0.9887108779280416
GTGGGTCCAAACTGTC-1,1.0252994745669328
GTGGGTCGTCATACTG-1,1.01110844665293
GTGGGTCGTTTGTTGG-1,0.9781765116465626
GTGGGTCTCAGCACAT-1,0.9931910074139895
GTGGGTCTCTGGCGTG-1,1.0282198461482375
GTGTGCGCAACGATCT-1,1.0058718290040016
GTGTGCGCAATAAGCA-1,1.0339355753610395
GTGTGCGCAGGATCGA-1,1.0376416278165108
GTGTGCGGTAGGCTGA-1,0.9834102266509419
GTGTGCGGTAGGGTAC-1,1.0316261327118184
GTGTGCGGTGACCAAG-1,1.0104537101113784
GTGTGCGGTGTTGGGA-1,1.0352209206420162
GTGTGCGGTTCATGGT-1,1.0302838839144755
GTGTGCGGTTGGTGGA-1,1.0371466328186574
GTGTTAGAGAGTTGGC-1,0.9284772303375707
GTGTTAGAGATAGTCA-1,1.0273284765000936
GTGTTAGAGGTGCTAG-1,1.0416219994837528
GTGTTAGAGTACTTGC-1,1.0277818128879566
GTGTTAGAGTTGAGAT-1,1.023584592848019
GTGTTAGCAGTCTTCC-1,0.9313593373794833
GTGTTAGGTACTTAGC-1,1.0097657384808707
GTGTTAGGTAGCAAAT-1,1.036549132343167
GTGTTAGGTGACAAAT-1,1.0242070489630715
GTGTTAGGTGCGAAAC-1,1.0374768273864499
GTGTTAGGTGTTGGGA-1,0.9544378942468609
GTGTTAGGTTGACGTT-1,1.0225050510343199
GTGTTAGGTTGTGGCC-1,0.9845093864249745
GTGTTAGTCATACGGT-1,0.9354177210369256
GTGTTAGTCGCCTGAG-1,1.021117603488442
GTGTTAGTCTCGATGA-1,0.9981227121680369
GTTAAGCAGCCGATTT-1,1.024615990120903
GTTAAGCAGTCGTTTG-1,1.0436401133415076
GTTAAGCAGTTCGATC-1,1.012683379861431
GTTAAGCGTAAGTGTA-1,0.9718967476215425
GTTAAGCGTTCGCTAA-1,1.0291127813354626
GTTAAGCTCACTTACT-1,0.9260876553972262
GTTAAGCTCGCTGATA-1,1.0370678151587245
GTTAAGCTCTTCATGT-1,0.9572816785647311
GTTACAGAGAAGGCCT-1,1.0426500099374378
GTTACAGAGCAAATCA-1,0.9717480454408892
GTTACAGCAAGCTGAG-1,0.9498359798452484
GTTACAGCATCTCCCA-1,0.9398781307113616
GTTACAGCATTCCTCG-1,1.0310689441943077
GTTACAGGTAGTAGTA-1,1.008156483931747
GTTACAGGTTCAGGCC-1,0.9825005590462782
GTTACAGTCAAACCGT-1,0.9519518898735412
GTTACAGTCAGCAACT-1,0.8904748808155258
GTTACAGTCGGAGGTA-1,0.9556935865636559
GTTCATTAGCGTAATA-1,1.0007198852654948
GTTCATTAGCTACCTA-1,1.0404855185224047
GTTCATTCAGCTATTG-1,1.0310814148385372
GTTCATTCATATACGC-1,1.0395530358562375
GTTCATTGTCCGTCAG-1,0.9677083998975803
GTTCATTTCTATCCTA-1,0.9428382694812828
GTTCATTTCTGTACGA-1,1.0187679542888548
GTTCGGGAGAGCCCAA-1,0.9874884466983772
GTTCGGGAGCAGACTG-1,0.9857009673401493
GTTCGGGAGTGGACGT-1,1.0324511308144078
GTTCGGGAGTGGTAAT-1,1.02698480766325
GTTCGGGCAATCAGAA-1,1.034466537103728
GTTCGGGCACCAGGTC-1,1.030597109881458
GTTCGGGGTCTTCAAG-1,1.0166930107338303
GTTCGGGGTTAAGACA-1,0.9621586767374785
GTTCGGGGTTAAGGGC-1,1.0269351563081872
GTTCGGGTCCAAACTG-1,1.0458607699680122
GTTCGGGTCGGTGTTA-1,1.0291999076574667
GTTCGGGTCTTCTGGC-1,0.9660713980181431
GTTCTCGAGCAGACTG-1,1.0170145020171897
GTTCTCGAGTTGAGTA-1,0.9684453089117137
GTTCTCGCAATCAGAA-1,1.0231057753357033
GTTCTCGCAATGGATA-1,1.0116675801694728
GTTCTCGCACACATGT-1,0.822744819881372
GTTCTCGCACATGGGA-1,0.9287800308029698
GTTCTCGCATTCACTT-1,1.0245029482531112
GTTCTCGGTTACGACT-1,0.9759642686804433
GTTCTCGTCCTAGAAC-1,0.9617091426058325
GTTCTCGTCGATAGAA-1,0.964263624900239
GTTTCTAAGTCTTGCA-1,0.9535090008397559
GTTTCTACATACCATG-1,1.0085097329042905
GTTTCTAGTAGCCTAT-1,0.9904202155816282
GTTTCTAGTGGCGAAT-1,0.9690555078686612
GTTTCTAGTTCAACCA-1,1.0165606216936587
GTTTCTATCACCCTCA-1,0.957902762283695
GTTTCTATCAGGCGAA-1,1.0449109791274451
GTTTCTATCAGGTTCA-1,1.033170052675939
GTTTCTATCGCACTCT-1,1.0406275626712431
TAAACCGAGCAACGGT-1,0.937634708399858
TAAACCGAGGAGTACC-1,0.948413168308295
TAAACCGAGGATGGTC-1,1.0249245910523537
TAAACCGAGGTGGGTT-1,0.975759857908805
TAAACCGCACGTGAGA-1,1.0300056588044824
TAAACCGCAGGATCGA-1,1.018114724693984
TAAACCGCAGTAAGCG-1,0.9932375873655738
TAAACCGGTCCGAACC-1,0.9891749861840449
TAAACCGGTGACGGTA-1,1.0262366890917174
TAAACCGGTTCAACCA-1,1.021159932881859
TAAACCGTCTAACTTC-1,0.9893226356610585
TAAACCGTCTACTCAT-1,1.026027707811087
TAAGAGAAGCTGGAAC-1,1.0277001759588613
TAAGAGAAGGGCATGT-1,1.023466417392672
TAAGAGAAGTCTTGCA-1,1.0273250967622987
TAAGAGACACGGCCAT-1,0.9596782617421761
TAAGAGACAGATGAGC-1,1.0316762364125285
TAAGAGAGTAGGGTAC-1,1.0238090149779082
TAAGAGAGTGATGTGG-1,0.9963728671365648
TAAGAGAGTGGGTCAA-1,1.0389254323465478
TAAGAGATCCAAACTG-1,0.995704076987481
TAAGCGTAGCCCAGCT-1,1.0356855019847546
TAAGCGTAGTAGCGGT-1,0.9609501080268062
TAAGCGTAGTCGATAA-1,1.0166314641332155
TAAGCGTAGTGAACAT-1,0.8483119764715028
TAAGCGTCAAGTACCT-1,1.0465616395678288
TAAGCGTCAATGTAAG-1,1.0345532574661338
TAAGCGTCACGAAAGC-1,1.0249170050152534
TAAGCGTCATAACCTG-1,1.0255084048222698
TAAGCGTCATGCGCAC-1,0.9187057344357911
TAAGCGTGTGCATCTA-1,0.9977258032698384
TAAGCGTTCACATACG-1,0.9722800338602444
TAAGCGTTCCGATATG-1,0.9755736204679248
TAAGCGTTCCTGTACC-1,1.010108833316076
TAAGCGTTCTGACCTC-1,1.0359090946233611
TAAGTGCAGACCTTTG-1,1.0384039491507686
TAAGTGCAGCCATCGC-1,1.0366679118933144
TAAGTGCAGGGAGTAA-1,0.9216483853655233
TAAGTGCAGTACCGGA-1,1.0316508282726657
TAAGTGCAGTAGATGT-1,1.0360678188946837
TAAGTGCCATCACGTA-1,1.0088786102154348
TAAGTGCCATGGTTGT-1,1.0283699558195836
TAAGTGCGTCGAATCT-1,1.0367755832675676
TAAGTGCGTTAGAACA-1,0.9545586001205506
TAAGTGCGTTCCACTC-1,1.0311763880649145
TAAGTGCTCAGGCCCA-1,0.8516839771860696
TAAGTGCTCAGTTTGG-1,1.002072886406499
TAAGTGCTCCGCATCT-1,1.0290759208883493
TAAGTGCTCTACCAGA-1,0.9890092632870627
TACACGAAGAAGGCCT-1,1.0289964365553361
TACACGAAGATCCGAG-1,0.9976930844040719
TACACGAAGCTAGTTC-1,1.0376810728277401
TACACGAAGGACCACA-1,1.0217342643400014
TACACGAAGGGTGTTG-1,1.0262307060575502
TACACGAAGTAGGCCA-1,1.0292742688231533
TACACGAAGTCATGCT-1,1.03254133275008
TACACGAAGTTGAGAT-1,0.9645840284644555
TACACGACATGTAGTC-1,0.9943897507717834
TACACGACATTTCACT-1,1.001161178360848
TACACGAGTACCGTTA-1,1.04069330688751
TACACGAGTACTCGCG-1,0.9945829260514937
TACACGAGTCTCTCGT-1,1.0019123592675747
TACACGATCAACTCTT-1,1.0253633758659215
TACACGATCGTTACGA-1,0.8509922390139036
TACACGATCTAACGGT-1,0.9418761401049444
TACACGATCTTTACAC-1,1.023386417952059
TACAGTGAGCACACAG-1,1.0277343862715325
TACAGTGAGCGCTTAT-1,1.0358386899419167
TACAGTGAGGGAGTAA-1,0.9600935683434563
TACAGTGAGTGCGTGA-1,1.035632405580769
TACAGTGAGTGTACTC-1,0.9733131946454779
TACAGTGCACGCTTTC-1,0.8583658374012488
TACAGTGCAGCATACT-1,0.9104274124750175
TACAGTGCAGCCAGAA-1,0.999870191609988
TACAGTGCATACGCTA-1,1.037160430311229
TACAGTGGTACCGTAT-1,1.0119374199563873
TACAGTGGTCAGAATA-1,0.9904886933692497
TACAGTGGTGTTCTTT-1,1.0329579055754388
TACAGTGTCAGCCTAA-1,1.029199533923582
TACAGTGTCGCATGGC-1,1.0365874465174965
TACAGTGTCGCCAGCA-1,1.0276288080574618
TACCTATAGACACTAA-1,1.0149769223932985
TACCTATAGACCACGA-1,0.9952072386133558
TACCTATAGCTAAACA-1,1.0327617132013258
TACCTATAGGCGACAT-1,0.9765858754002281
TACCTATAGGGTGTGT-1,1.0365096403351963
TACCTATCAACTGGCC-1,1.039886059837974
TACCTATCACACATGT-1,1.0360563522317308
TACCTATCACTCTGTC-1,1.0258411244958134
TACCTATCATACGCCG-1,0.8715314896544746
TACCTATGTATTCTCT-1,0.8002434035750894
TACCTATGTTACGTCA-1,1.0434459106729983
TACCTATTCATAACCG-1,0.9818947267034414
TACCTATTCGCCATAA-1,0.9848201147509484
TACCTTAAGAGGACGG-1,1.0379627207442839
TACCTTAAGATGTAAC-1,1.0334007152295897
TACCTTAAGTAAGTAC-1,1.0345046715155903
TACCTTAAGTACGCGA-1,1.0029529438292057
TACCTTAAGTGATCGG-1,1.0370426013954268
TACCTTACAATGGACG-1,0.9568860884864878
TACCTTACACCAGGCT-1,1.0346210813827057
TACCTTACAGGACGTA-1,0.9656457073130958
TACCTTAGTCCGCTGA-1,1.0358519024563488
TACCTTAGTTGCGCAC-1,1.0400064842981511
TACCTTATCCGGGTGT-1,1.040986879620018
TACCTTATCGAGGTAG-1,1.0085542800792107
TACCTTATCTCTGAGA-1,0.9431745099762787
TACGGATAGAACAATC-1,1.0217681111273262
TACGGATAGACACGAC-1,1.0231151105190617
TACGGATAGCCGGTAA-1,1.0239310102439658
TACGGATAGGCGCTCT-1,0.9784712616758879
TACGGATAGTAGTGCG-1,0.7958369588904982
TACGGATCACCAGATT-1,0.9302270175130576
TACGGATCACCGAATT-1,0.9722575965069881
TACGGATCACGTAAGG-1,1.0348459454731571
TACGGATCAGGCGATA-1,1.0378253737834355
TACGGATCATGAGCGA-1,1.0266768523285585
TACGGATCATGCAATC-1,1.0326981375173927
TACGGATGTAGCGCTC-1,1.0035937771780779
TACGGATGTTTGACAC-1,1.0380517690536177
TACGGATTCAACACAC-1,1.0341807188344936
TACGGATTCCGTAGGC-1,1.0363866960021733
TACGGATTCCGTAGTA-1,1.0442775656488046
TACGGATTCTGATTCT-1,1.0169368899839324
TACGGGCAGAAGCCCA-1,0.9472368569270504
TACGGGCAGACGCACA-1,0.967814432493283
TACGGGCAGATGCCAG-1,1.0248386926424535
TACGGGCAGCCTTGAT-1,0.8619410023403093
TACGGGCAGCGTCTAT-1,0.9745526418411243
TACGGGCCACCAGATT-1,0.9582009188703662
TACGGGCCATAAAGGT-1,1.0144285896511813
TACGGGCCATTGTGCA-1,0.9287437804419032
TACGGGCGTAAATACG-1,1.0309414654354807
TACGGGCGTAGCACGA-1,1.0312722647598078
TACGGGCGTATCACCA-1,0.9298455169172658
TACGGGCGTCAGTGGA-1,1.035880692315448
TACGGGCGTCCGAATT-1,1.0348232877457177
TACGGGCGTGTAACGG-1,1.0279086778279334
TACGGGCTCCACTCCA-1,1.0138792362225042
TACGGGCTCGATGAGG-1,1.0314499054470392
TACGGGCTCGCAAACT-1,0.9504064501087568
TACGGGCTCTACCTGC-1,1.0153938213957543
TACGGTAAGACACTAA-1,1.040274306203157
TACGGTAAGCCAGTAG-1,0.9997704886996746
TACGGTAAGGAACTGC-1,1.0185946714584306
TACGGTAAGGACAGAA-1,1.0431937121764046
TACGGTACACGAAATA-1,0.8479156896312143
TACGGTAGTATTCGTG-1,1.0407398546027897
TACGGTAGTTTGTTTC-1,0.9476442923619155
TACGGTATCCGTACAA-1,0.9559136688607246
TACGGTATCCTCAACC-1,1.0305928804610518
TACGGTATCCTCAATT-1,0.9998868885471659
TACGGTATCGCACTCT-1,1.0300803730951493
TACGGTATCGCGGATC-1,1.0094247525135234
TACGGTATCGGTGTTA-1,0.9852272255948651
TACTCATAGGTGTTAA-1,1.0406314074834069
TACTCATAGTATGACA-1,1.0380713648666564
TACTCATAGTCATGCT-1,0.9151493003018802
TACTCATAGTCTCCTC-1,1.0102852699687956
TACTCATAGTGGACGT-1,0.9473040292589241
TACTCATCAAAGTCAA-1,1.0301162193665552
TACTCATCACGGCCAT-1,1.019682212994684
TACTCATGTAAACCTC-1,1.0065350701623863
TACTCATGTGGGTATG-1,1.032617801858562
TACTCATTCAGCGATT-1,0.954100641543803
TACTCATTCGGAGGTA-1,0.9682447025913101
TACTCGCAGAAACCGC-1,1.0365443198679478
TACTCGCAGTGGGCTA-1,0.9227880741387278
TACTCGCCAAAGGTGC-1,1.0450319612520198
TACTCGCCAATTGCTG-1,1.0339949095104917
TACTCGCCACGCATCG-1,0.9918174309309934
TACTCGCGTAGCTTGT-1,1.0346748753792674
TACTCGCGTCCCGACA-1,0.9410338549473809
TACTCGCGTGCCTGTG-1,1.027959535075191
TACTCGCGTGTGCGTC-1,1.0265373237914455
TACTCGCGTTACGTCA-1,1.0224644296275236
TACTCGCGTTTAGGAA-1,0.9534246367457792
TACTCGCTCCAGAGGA-1,0.8939739491736021
TACTCGCTCCGTCAAA-1,1.0208243889188267
TACTCGCTCGGTCTAA-1,0.9967541931859721
TACTTACAGACCTTTG-1,1.0132059289740678
TACTTACAGCAAATCA-1,1.0233230636666528
TACTTACAGCTTCGCG-1,1.019415968894481
TACTTACAGTCTCAAC-1,0.9099501428833462
TACTTACAGTGGAGAA-1,1.0386616740396293
TACTTACCAAAGGAAG-1,0.9519978869800747
TACTTACCACCGCTAG-1,0.9963995940677353
TACTTACGTAGAAAGG-1,1.0384359107619983
TACTTACGTATGCTTG-1,1.010001531592392
TACTTACTCAGTACGT-1,0.9644362402278295
TACTTACTCCAACCAA-1,1.0321306403878028
TACTTACTCCGCAAGC-1,1.0232175462392041
TACTTACTCTGTGCAA-1,0.9814887322226857
TACTTGTAGAGACTTA-1,0.9311842246424168
TACTTGTAGCGATCCC-1,1.0348273343915666
TACTTGTAGGTTACCT-1,1.0374028757696587
TACTTGTAGTCTCGGC-1,0.9545541827971544
TACTTGTAGTTGAGAT-1,0.9584877265428743
TACTTGTCACCAGTTA-1,1.0309633449374531
TACTTGTCATGGATGG-1,0.9410881560671714
TACTTGTGTCTCACCT-1,1.029726214146779
TACTTGTGTCTGCAAT-1,1.0357975322499688
TACTTGTGTTTAAGCC-1,1.0334561711100483
TACTTGTTCACATGCA-1,0.9959962374139137
TACTTGTTCAGAGCTT-1,1.0303473353551644
TACTTGTTCATTTGGG-1,1.030335964101449
TACTTGTTCCAACCAA-1,1.0256220374706804
TACTTGTTCGTGTAGT-1,1.0147590594632478
TACTTGTTCTGTGCAA-1,0.9591072856868961
TACTTGTTCTTAGCCC-1,0.9908451297305897
TAGACCAAGAGACTTA-1,0.9491755526276099
TAGACCAAGCAGGCTA-1,1.0051033036074504
TAGACCAAGCCAGTAG-1,1.03991636549852
TAGACCAAGTACCGGA-1,1.0303458848770988
TAGACCAAGTGCCATT-1,0.9827074603994845
TAGACCACAAAGTCAA-1,1.0351136915834978
TAGACCACACTGTCGG-1,1.0374268325910598
TAGACCACAGCGTCCA-1,1.0259415997014794
TAGACCACAGCTTCGG-1,0.9561892377883405
TAGACCAGTAAACGCG-1,0.7854368239354181
TAGACCAGTATTCTCT-1,0.9884116820900207
TAGACCAGTCGCATCG-1,0.973384206693017
TAGACCAGTGCCTGCA-1,1.0223273588160444
TAGACCAGTTCGCGAC-1,1.0290824214956005
TAGACCATCACTATTC-1,1.0257207744981653
TAGACCATCCTAGTGA-1,1.0383569595001823
TAGACCATCTGCGGCA-1,1.0405766765949325
TAGAGCTAGAGGTAGA-1,1.0339751835042426
TAGAGCTAGAGTACAT-1,0.96910396862785
TAGAGCTAGGAATTAC-1,1.0249911677882326
TAGAGCTAGGTGTTAA-1,0.8380067733878969
TAGAGCTAGTTGAGAT-1,1.0301526641533245
TAGAGCTCACCGCTAG-1,1.040297443446883
TAGAGCTCACTTCTGC-1,1.0405802964742012
TAGAGCTGTAGCGTAG-1,0.9661389546792807
TAGAGCTGTATAATGG-1,1.0297989655788358
TAGAGCTGTATGGTTC-1,0.886816049933972
TAGAGCTGTTACGCGC-1,0.9718826270009847
TAGAGCTTCAACACAC-1,1.0154508107559561
TAGAGCTTCATAAAGG-1,0.9301862233863936
TAGAGCTTCTGATTCT-1,1.0237770931821664
TAGAGCTTCTTGGGTA-1,0.8794459567763476
TAGAGCTTCTTTACGT-1,1.0364755917822417
TAGCCGGAGCACAGGT-1,1.0293588434475633
TAGCCGGAGCTACCGC-1,1.0339660824191748
TAGCCGGAGGTGATAT-1,0.9049805504473112
TAGCCGGAGTGACATA-1,1.0105330525418532
TAGCCGGCAAGCCGTC-1,1.0228364352962163
TAGCCGGCAATCCAAC-1,1.035317628380559
TAGCCGGCACAGCGTC-1,1.0066899586094764
TAGCCGGCAGCGATCC-1,1.0184910284514468
TAGCCGGCAGCTTAAC-1,1.0260974301723804
TAGCCGGCATCCTAGA-1,1.0322297297018115
TAGCCGGCATGCGCAC-1,0.9748258120632501
TAGCCGGGTCCAGTAT-1,1.0240207967317196
TAGCCGGGTCTTCAAG-1,1.0260529965821878
TAGCCGGTCAACGGGA-1,1.0306708574289967
TAGCCGGTCCTCAACC-1,1.019509482155552
TAGCCGGTCTGCCCTA-1,1.0478666979458358
TAGGCATAGCCAGTTT-1,0.9956682352763739
TAGGCATCACCAGTTA-1,1.0414297095493315
TAGGCATCAGGCGATA-1,0.9413336296732774
TAGGCATGTGCAGACA-1,1.0389536401320743
TAGGCATGTGTTGAGG-1,0.9759166537940877
TAGGCATGTTCAGGCC-1,1.022959351974583
TAGGCATGTTCCGGCA-1,1.0150552452966355
TAGGCATTCGTATCAG-1,0.9770612899859112
TAGGCATTCTCCAGGG-1,0.971553115353248
TAGGCATTCTCGGACG-1,1.0033610537448725
TAGTGGTAGCGACGTA-1,1.0232474485665772
TAGTGGTAGCGATTCT-1,1.0381082867164584
TAGTGGTAGGACTGGT-1,1.0142805225706941
TAGTGGTAGTGTTGAA-1,1.0373016338837122
TAGTGGTCAACTGCTA-1,0.9224489850159868
TAGTGGTCACGGTAAG-1,1.0285902013106765
TAGTGGTCATCAGTCA-1,1.0428564110240317
TAGTGGTGTTGAGGTG-1,0.9741688313722733
TAGTGGTTCAACACTG-1,1.020570524258285
TAGTGGTTCCATTCTA-1,1.0441266099348483
TAGTGGTTCCGAACGC-1,0.9395540787066645
TAGTGGTTCGAATGCT-1,1.0500974965979437
TAGTGGTTCGAGCCCA-1,1.0322500845270282
TAGTGGTTCGCAAGCC-1,1.0137662943568555
TAGTGGTTCGTGGGAA-1,1.0347963300405492
TAGTTGGAGATCGGGT-1,0.9267731868917718
TAGTTGGAGCCAACAG-1,0.9757904003643856
TAGTTGGAGGCGACAT-1,1.0230011409728503
TAGTTGGAGGGCTTGA-1,1.033393924620301
TAGTTGGCAAAGTCAA-1,0.941812028163962
TAGTTGGCAAGCCTAT-1,0.9880419114059459
TAGTTGGCAATAACGA-1,0.9938013356490961
TAGTTGGCAGCATACT-1,1.0289527718091207
TAGTTGGCAGTATCTG-1,1.0089656928165864
TAGTTGGGTAAGAGGA-1,0.8138149680995052
TAGTTGGGTCGTCTTC-1,1.0281570614078455
TAGTTGGTCACAAACC-1,1.0379930589588324
TAGTTGGTCACGACTA-1,1.0295983105207618
TAGTTGGTCCTCTAGC-1,0.9903845425794703
TAGTTGGTCTGCAGTA-1,0.9816118911438468
TAGTTGGTCTTGAGGT-1,0.9782766054695541
TAGTTGGTCTTGGGTA-1,1.0255861202330672
TATCAGGAGACGCAAC-1,0.9651003190700201
TATCAGGAGCCACGCT-1,1.0030301214151502
TATCAGGAGGATGCGT-1,1.0133038336025588
TATCAGGCAATCGAAA-1,1.0308842269279912
TATCAGGCACCGCTAG-1,0.9933182883766312
TATCAGGCAGATCGGA-1,0.9713237401630704
TATCAGGGTGGGTCAA-1,0.9586765732584557
TATCAGGGTTCGTCTC-1,1.0303508694640002
TATCAGGGTTGTCGCG-1,1.0503035935163882
TATCAGGTCCAAGCCG-1,1.029341910498816
TATCAGGTCCTCATTA-1,1.0200038754795775
TATCAGGTCGACGGAA-1,0.9606442936388601
TATCAGGTCGGTTAAC-1,1.0316230228054224
TATCAGGTCGTCACGG-1,1.030128425099501
TATCTCAAGAGCAATT-1,1.0377439366453458
TATCTCAAGATGCCAG-1,1.0216793055009183
TATCTCAAGCAGATCG-1,1.0363791438249448
TATCTCAAGTAGCCGA-1,1.0395529208863807
TATCTCAAGTTTAGGA-1,0.9383370717473375
TATCTCAGTAGCGCAA-1,0.9999387866133936
TATCTCAGTCGAACAG-1,0.9317172447505906
TATCTCATCCAAACAC-1,1.0351963422908663
TATCTCATCTGGTGTA-1,1.0378279657287304
TATGCCCAGATCCGAG-1,1.016485821825106
TATGCCCCACAGAGGT-1,0.9764688827501532
TATGCCCCATATACGC-1,0.9941403949403799
TATGCCCGTAGCAAAT-1,0.9515319636662856
TATGCCCGTCGGCACT-1,1.0028550642955287
TATGCCCGTGACGCCT-1,1.0340018155303157
TATGCCCGTGGCCCTA-1,1.0255475936733294
TATGCCCGTTAAGACA-1,1.034327297249769
TATGCCCGTTTGACAC-1,0.9885427742192857
TATGCCCGTTTGGGCC-1,1.032683730009233
TATGCCCTCACAGTAC-1,0.7872547953734096
TATGCCCTCCATGCTC-1,1.0063612923323568
TATGCCCTCCCTAATT-1,1.041220223369961
TATGCCCTCGAATGGG-1,0.9553318909988875
TATGCCCTCTTACCGC-1,1.0076754062126474
TATTACCAGCGTAGTG-1,0.9845601757131831
TATTACCCACCTGGTG-1,1.0368556321350264
TATTACCCACGGTTTA-1,1.0309442860865008
TATTACCCACTAAGTC-1,0.9377264052161328
TATTACCCATGTCCTC-1,0.882899202584554
TATTACCGTAGTGAAT-1,1.0315169717865535
TATTACCGTATATGAG-1,1.045585266337699
TATTACCTCAAACGGG-1,1.0344230162209476
TATTACCTCAACGGGA-1,0.9988272831347221
TATTACCTCATCGATG-1,0.9356000204075909
TATTACCTCCAAGTAC-1,1.0268731388978116
TATTACCTCCTTTCTC-1,1.0076141899192321
TATTACCTCTTAACCT-1,1.0240137585914755
TATTACCTCTTACCGC-1,1.0272456623286386
TCAACGAAGACTAGAT-1,1.0343496192620238
TCAACGAAGAGACGAA-1,1.0342989908548785
TCAACGAAGGCACATG-1,1.0108402964588443
TCAACGAAGGTAGCCA-1,0.928950238992931
TCAACGACAAACCCAT-1,1.0127229075221216
TCAACGACATGAGCGA-1,1.0315019249391608
TCAACGAGTCCTCCAT-1,1.0341738850652789
TCAACGAGTTGTGGCC-1,1.0389387086371273
TCAACGATCAGCATGT-1,1.0314876886848094
TCAACGATCAGCCTAA-1,1.0259298064897346
TCAACGATCCGTCAAA-1,1.027264285708661
TCAACGATCGCGTAGC-1,1.026928568592204
TCAACGATCGGCGCTA-1,0.9778265840786783
TCAATCTAGACAATAC-1,0.9623768632764362
TCAATCTAGCTAACAA-1,1.0357001243807327
TCAATCTCACAACGTT-1,1.027355549914749
TCAATCTCACGTCAGC-1,1.038897154261082
TCAATCTCAGTACACT-1,1.0136601732314883
TCAATCTCATCGGGTC-1,1.0389426808703086
TCAATCTCATTACGAC-1,0.873448682919373
TCAATCTGTCCGCTGA-1,1.0080187509571805
TCAATCTGTGTTGGGA-1,1.017503021984237
TCAATCTGTTATCCGA-1,1.0340153488529187
TCAATCTTCAAAGTAG-1,1.00031915343662
TCAATCTTCCCATTTA-1,1.02971381023913
TCAATCTTCCGCATCT-1,1.0188214374389222
TCAATCTTCGGATGTT-1,0.930160626062283
TCAATCTTCTGTCAAG-1,1.0300805894175116
TCACAAGAGAAACGAG-1,0.9757036675916232
TCACAAGAGCCCAATT-1,1.0267938528132476
TCACAAGAGCCCGAAA-1,1.0178835929562313
TCACAAGAGCGACGTA-1,0.9864670454427849
TCACAAGAGCGTTTAC-1,1.0265617452493598
TCACAAGAGGGATACC-1,1.0366409874090718
TCACAAGAGTACGATA-1,0.960775203458653
TCACAAGAGTGCGATG-1,0.9979243905258389
TCACAAGCAACACCTA-1,1.0292905900587628
TCACAAGCACACTGCG-1,1.0362903366829077
TCACAAGCAGGGTACA-1,1.0325210000071887
TCACAAGCATGCCTTC-1,1.0176169632093133
TCACAAGGTATAATGG-1,1.0051518792843075
TCACAAGTCATGCAAC-1,1.0065277345836388
TCACAAGTCCGTAGGC-1,0.9995522440532607
TCACAAGTCCGTTGTC-1,0.9964227797040154
TCACAAGTCTCTGCTG-1,1.0332858790852109
TCACGAAAGCGTTTAC-1,0.9788524723407436
TCACGAAAGGCTAGAC-1,1.0343027489328458
TCACGAAAGGTAGCTG-1,0.9285553481033701
TCACGAACACAGCGTC-1,0.9282186976110179
TCACGAACACCACCAG-1,0.8128860544095274
TCACGAACACCTCGTT-1,1.0330869801617857
TCACGAACACTGTCGG-1,1.0049061832197976
TCACGAACAGCTATTG-1,0.9994029804798805
TCACGAAGTGCAACGA-1,1.0239410718947453
TCACGAAGTTTGCATG-1,1.0231394270854193
TCACGAATCATAGCAC-1,1.031660805239781
TCACGAATCTACCAGA-1,1.0127015138512765
TCACGAATCTTGTCAT-1,1.0359931703634995
TCAGATGAGCTAAGAT-1,1.0395152952393074
TCAGATGCAAATTGCC-1,1.0312112213970142
TCAGATGCAACACGCC-1,1.0227798390522265
TCAGATGCAGGGAGAG-1,1.0282388915551037
TCAGATGCATACGCTA-1,1.0140779416762895
TCAGATGGTCACCTAA-1,1.0011431342058825
TCAGATGGTCCGTTAA-1,0.9956834222633915
TCAGATGGTCTAAAGA-1,1.0092006357357504
TCAGATGGTCTTCTCG-1,1.0172946993162015
TCAGATGGTGCTCTTC-1,1.0407315059466793
TCAGATGGTTATTCTC-1,1.033884050252827
TCAGATGGTTTCGCTC-1,1.0355081118880198
TCAGATGGTTTGTTTC-1,0.9633711771952413
TCAGATGTCCATGAGT-1,1.0292187334086738
TCAGATGTCCTCTAGC-1,0.9434108615522209
TCAGATGTCTACTTAC-1,1.0203436688469734
TCAGCAAAGGGATACC-1,0.9243637067230919
TCAGCAAAGTTAAGTG-1,1.0237183453181242
TCAGCAACAATGGAAT-1,1.0228748819993967
TCAGCAACACGAGAGT-1,0.9616729641835984
TCAGCAAGTACCATCA-1,0.8487416998392029
TCAGCAAGTCTCTTTA-1,1.0378241000598476
TCAGCAAGTGCTAGCC-1,1.020972069981263
TCAGCAAGTTATGCGT-1,1.0388054035704777
TCAGCAATCAGCTGGC-1,0.9769251263754418
TCAGCAATCTTGTACT-1,1.0308636983451118
TCAGCTCAGACACTAA-1,0.8906695152424818
TCAGCTCAGAGGGATA-1,0.9648012816634016
TCAGCTCAGTAGTGCG-1,1.0107360623821835
TCAGCTCCAGTGGGAT-1,0.9907501130121272
TCAGCTCCATACCATG-1,0.9464574242743834
TCAGCTCCATGGAATA-1,1.0325758572038266
TCAGCTCCATTACGAC-1,0.9599025478482068
TCAGCTCCATTCTTAC-1,0.9578283317110562
TCAGCTCGTAAGCACG-1,1.0211422920112603
TCAGCTCGTAGGACAC-1,0.9925134666721972
TCAGCTCGTAGTGAAT-1,1.026488254087539
TCAGCTCGTATCTGCA-1,0.9968139368955597
TCAGCTCGTCGCTTCT-1,0.9852933638514642
TCAGCTCGTCTAAACC-1,1.0048539570105492
TCAGCTCTCGCGGATC-1,1.023108209025499
TCAGCTCTCTCTTGAT-1,1.027726717438506
TCAGGATAGACAGGCT-1,1.032483257975627
TCAGGATAGATGAGAG-1,0.9305599326036541
TCAGGATAGGCATTGG-1,0.9934790246942315
TCAGGATCAAGTCATC-1,0.977843583578365
TCAGGATCAATGTAAG-1,1.0267648704588725
TCAGGATCACATGACT-1,0.8963793694769066
TCAGGATCAGGTCTCG-1,0.9406824116256763
TCAGGATCAGTCACTA-1,0.9784717463479101
TCAGGATGTAGTACCT-1,1.037886151753639
TCAGGATGTCGCTTTC-1,1.038942225255007
TCAGGATGTGGGTATG-1,0.9811554239452909
TCAGGATTCTATGTGG-1,0.9696167021740744
TCAGGATTCTCAAACG-1,1.0183835939720616
TCAGGATTCTCCTATA-1,1.0200011339557757
TCAGGATTCTGGAGCC-1,1.0308616775245556
TCAGGTAAGAGGGCTT-1,1.0380732625177702
TCAGGTAAGCTAAACA-1,1.0230731434730271
TCAGGTAAGCTACCTA-1,0.9964042149929448
TCAGGTACAACGATGG-1,0.9898076452814619
TCAGGTACACGAAGCA-1,1.0265539098224663
TCAGGTACATTGTGCA-1,1.0296208803047162
TCAGGTAGTGCTAGCC-1,1.0314997184047048
TCAGGTAGTGGGTCAA-1,1.0400061940516414
TCAGGTATCAATAAGG-1,1.000520808597014
TCAGGTATCACGACTA-1,1.0410737191168065
TCAGGTATCACGCGGT-1,1.0389543282400302
TCAGGTATCGGAAATA-1,1.0325142943127614
TCAGGTATCTTTAGGG-1,1.0273045866984425
TCATTACAGCGTAGTG-1,0.9746772929185592
TCATTACAGGTCATCT-1,0.9462599277828879
TCATTACAGTACGATA-1,1.0162431252252684
TCATTACCAAACCCAT-1,1.0373146569346559
TCATTACCAAACTGCT-1,1.0284808883072132
TCATTACCAAGGTGTG-1,0.8955772256672797
TCATTACCACCCATTC-1,1.0224375822845164
TCATTACCAGGTCCAC-1,1.0298470746338764
TCATTACCATGCATGT-1,0.9867455102105421
TCATTACCATGGATGG-1,1.0322014946603357
TCATTACGTAAGGGCT-1,1.0037817865802572
TCATTACGTACGAAAT-1,0.9630261475649686
TCATTACGTAGCAAAT-1,1.0224747393312013
TCATTACGTGTAAGTA-1,0.9814828671782712
TCATTACTCTGCGACG-1,0.9545820961118222
TCATTTGAGCCAGGAT-1,0.9641643248743805
TCATTTGAGCCAGTTT-1,1.0247444733532403
TCATTTGAGCTAGTGG-1,1.0312972497965955
TCATTTGAGTGTTGAA-1,1.04287970057687
TCATTTGCAGAGCCAA-1,0.904986784027194
TCATTTGGTACAGTTC-1,0.9328605870500005
TCATTTGGTACATCCA-1,1.000378208513057
TCATTTGGTGACCAAG-1,1.0072251647940613
TCATTTGTCATACGGT-1,1.0410584345703835
TCATTTGTCCGCGGTA-1,1.028447260093086
TCATTTGTCCTACAGA-1,1.0319933028726938
TCATTTGTCTACTTAC-1,1.0345018226344416
TCATTTGTCTGCGACG-1,0.978018274968787
TCATTTGTCTGGTGTA-1,1.0165028235076767
TCCACACAGCAGACTG-1,0.8878154262115154
TCCACACAGCTAACTC-1,0.9747727927044711
TCCACACAGGACAGCT-1,0.9140487099608327
TCCACACAGTGCGATG-1,0.9605072197188665
TCCACACCAAGGTTCT-1,1.0093410798327966
TCCACACCAAGTAGTA-1,1.018045501689954
TCCACACCATGATCCA-1,0.9624227560005224
TCCACACGTAGGGACT-1,1.0174402741368764
TCCACACGTGATAAAC-1,1.0130825748888568
TCCACACGTGTCCTCT-1,0.9777334856997745
TCCACACGTTCCTCCA-1,1.0185808313884668
TCCACACGTTGGTAAA-1,1.032672363174074
TCCACACTCAGCGATT-1,0.9337939244855131
TCCACACTCGCGTTTC-1,1.0461586338489683
TCCACACTCTACTCAT-1,1.0319827284447785
TCCACACTCTGGGCCA-1,1.0378639554760911
TCCCGATAGAATTCCC-1,0.9340628178094038
TCCCGATAGCTAGCCC-1,1.0409572825407063
TCCCGATAGGGCTTCC-1,1.0344063707027131
TCCCGATCAACTTGAC-1,0.9153497854487435
TCCCGATCACCGTTGG-1,1.025655657604801
TCCCGATGTATATCCG-1,1.0257308657017872
TCCCGATGTCATGCCG-1,1.010772833747775
TCCCGATGTCCTCTTG-1,1.0293359859564233
TCCCGATGTGGCAAAC-1,0.9795430033360827
TCCCGATTCGTACGGC-1,1.0405345479994343
TCCCGATTCTTTCCTC-1,1.0301491247509507
TCGAGGCAGAGCTGCA-1,1.0327298924501864
TCGAGGCAGCTAGCCC-1,1.0425657323711064
TCGAGGCAGTCGTTTG-1,1.0284720865080261
TCGAGGCCAATTGCTG-1,0.9607337000618678
TCGAGGCCACTGAAGG-1,0.9857305325061663
TCGAGGCCATGAACCT-1,1.0453988791223507
TCGAGGCCATGCTGGC-1,1.026447515750987
TCGAGGCGTACGCACC-1,1.0215939113616481
TCGAGGCGTGCCTTGG-1,0.9966346119765594
TCGAGGCGTTTACTCT-1,1.0296244624393018
TCGAGGCTCCCGGATG-1,1.0332434522083338
TCGAGGCTCCGCAAGC-1,0.9753963480518713
TCGAGGCTCTGACCTC-1,1.022580943180602
TCGCGAGAGTGGAGAA-1,0.962227126228485
TCGCGAGCATTGAGCT-1,1.0293237363523553
TCGCGAGGTCGCGTGT-1,0.9899678774855538
TCGCGAGTCAACGGGA-1,1.0212188912337132
TCGCGAGTCGGTGTTA-1,1.0410091236413
TCGCGAGTCTAGCACA-1,0.9763200580190449
TCGCGTTAGACGACGT-1,1.0145032905441915
TCGCGTTAGGTACTCT-1,1.0347820452462264
TCGCGTTCAATTGCTG-1,1.0259345992985103
TCGCGTTCACCAGCAC-1,1.0422437913023168
TCGCGTTCACGTAAGG-1,1.0326678682087924
TCGCGTTCACTGTCGG-1,1.0199766904721912
TCGCGTTGTATAGTAG-1,0.990961940744508
TCGCGTTGTCCCTTGT-1,1.025920667858039
TCGCGTTGTGGTCCGT-1,0.97696231658377
TCGCGTTGTGTGACCC-1,1.0461074345959116
TCGCGTTTCAACACTG-1,1.034016813125121
TCGCGTTTCAACCATG-1,1.0209249643035962
TCGCGTTTCGCACTCT-1,1.0299767341258848
TCGCGTTTCTCGTATT-1,1.025005049426979
TCGGGACAGACTAGAT-1,0.9862507490209711
TCGGGACAGCGTAATA-1,1.0308239833806252
TCGGGACAGCTGCAAG-1,1.0249215220434202
TCGGGACAGGAGCGAG-1,1.0410223883083032
TCGGGACAGGAGTTTA-1,1.0341333117343394
TCGGGACCAGACTCGC-1,1.0266504187620553
TCGGGACCAGAGTGTG-1,1.0231374612357973
TCGGGACCATTCACTT-1,1.0264516691898997
TCGGGACGTACGCACC-1,0.9659669279104002
TCGGGACGTACTCAAC-1,1.027743684035195
TCGGGACGTGCAGTAG-1,0.9496410281359872
TCGGGACGTTCCGGCA-1,1.0293413978716273
TCGGGACGTTGCCTCT-1,1.0180835988246437
TCGGGACTCCTGCTTG-1,1.0367093842748676
TCGGGACTCTCCTATA-1,1.0367347589597176
TCGGGACTCTTAACCT-1,0.9969158271861684
TCGGTAAAGCAGCGTA-1,1.042299418800975
TCGGTAAAGCTGCAAG-1,0.9821503038293051
TCGGTAAAGGCGATAC-1,0.9485732477539995
TCGGTAAAGTGACTCT-1,0.985449095094638
TCGGTAACAGTAAGCG-1,1.0406901903564105
TCGGTAACATATGCTG-1,1.013263653482475
TCGGTAAGTCCGTCAG-1,1.0028106974958084
TCGGTAATCACGCATA-1,0.8588005874459033
TCGGTAATCACTTACT-1,0.9551143476873943
TCGGTAATCAGGATCT-1,1.036446265641008
TCGGTAATCCCATTAT-1,0.964508761715648
TCGGTAATCTAAGCCA-1,1.0328282163366467
TCGGTAATCTCGTTTA-1,0.9717457614669348
TCGTACCAGCAGATCG-1,0.9693258339807568
TCGTACCAGGGTCGAT-1,1.0240985935536977
TCGTACCAGGGTCTCC-1,1.017636008212941
TCGTACCCAAGCCTAT-1,1.0400616064736086
TCGTACCGTAAGAGGA-1,1.0372994214731983
TCGTACCGTACCGTAT-1,0.9990515381855747
TCGTACCGTCTAAAGA-1,0.9096950149532339
TCGTACCGTGCATCTA-1,1.017607237082087
TCGTACCTCATGCAAC-1,1.0371913912199249
TCGTACCTCCTCATTA-1,1.0323982723464435
TCGTACCTCGATGAGG-1,0.9140383263551739
TCGTAGAAGACTGGGT-1,0.9041897068189949
TCGTAGAAGCAGACTG-1,0.9212036437966522
TCGTAGAAGGGTCTCC-1,0.9707318106313068
TCGTAGAAGTACGACG-1,0.9960977183560121
TCGTAGACACCCATGG-1,1.037058735192958
TCGTAGACAGACACTT-1,0.9886611265376806
TCGTAGACAGCTGCAC-1,1.0263476476775137
TCGTAGACATGGTTGT-1,1.0163411021451572
TCGTAGACATTGGGCC-1,0.9532158819237839
TCGTAGAGTCGAAAGC-1,1.0322514059668768
TCGTAGATCAACGGCC-1,1.0208370977208436
TCGTAGATCAAGGCTT-1,0.9554172153763077
TCGTAGATCTTCGGTC-1,1.0392795279671292
TCTATTGAGAGGTTAT-1,1.0211490120741782
TCTATTGCAAGCCCAC-1,1.0272356945256182
TCTATTGCAGAGCCAA-1,1.0406581279785156
TCTATTGCAGCCTATA-1,1.005589465533518
TCTATTGCAGCCTGTG-1,1.030130063182873
TCTATTGCAGGCGATA-1,0.9809445267769049
TCTATTGCATCACGAT-1,0.9182398824486897
TCTATTGCATGGGAAC-1,0.8940778337932017
TCTATTGGTAAGAGAG-1,0.8680245834442181
TCTATTGGTACCTACA-1,1.0375641413171934
TCTATTGGTCTCACCT-1,1.0230289034760376
TCTATTGGTGTCGCTG-1,0.9007406824120169
TCTATTGGTTAGATGA-1,1.0384810435287621
TCTATTGTCCAGAAGG-1,1.0354639326402728
TCTCATAAGAAGGGTA-1,0.9953676700865144
TCTCATAAGACTGGGT-1,1.0290107789762446
TCTCATAAGTACGTAA-1,0.9313160783218628
TCTCATAAGTGAACGC-1,1.0181631985742767
TCTCATAAGTGGGTTG-1,1.0203282226354424
TCTCATACACACCGAC-1,1.0365777016662199
TCTCATACACAGATTC-1,1.0182273207263366
TCTCATACACCGAATT-1,0.9662404809388188
TCTCATACACGGCGTT-1,1.0060537586004743
TCTCATACATCGTCGG-1,1.035678509471442
TCTCATATCCAAACTG-1,1.0313411600205016
TCTCATATCCTGTACC-1,1.041938563527719
TCTCATATCGCGGATC-1,1.0222648542699213
TCTCATATCGCGTTTC-1,1.01454067188338
TCTCATATCTCAACTT-1,0.9610482746016527
TCTCATATCTTGTCAT-1,0.9800695465844852
TCTCTAAAGACTACAA-1,1.0235050720593448
TCTCTAAAGCAATCTC-1,1.0325801360539946
TCTCTAAAGGCAATTA-1,0.736506108009185
TCTCTAAAGTGGGTTG-1,1.031210067261529
TCTCTAACAAGCCGCT-1,0.984575981679004
TCTCTAACATGCAATC-1,0.9398822969189915
TCTCTAAGTGCACCAC-1,1.0224029403459898
TCTCTAATCACCACCT-1,1.0132308446366722
TCTCTAATCCAGTAGT-1,1.0391261132727003
TCTCTAATCCGAGCCA-1,1.0325061673014162
TCTCTAATCTAAGCCA-1,1.0307891151831514
TCTCTAATCTCTTATG-1,1.028864866037449
TCTGAGAAGACCACGA-1,1.0390633505498856
TCTGAGAAGAGACTTA-1,0.954756753988768
TCTGAGAAGCGAAGGG-1,0.9376898343926366
TCTGAGAAGCTACCTA-1,0.9886161920550026
TCTGAGAAGTTCGATC-1,1.0205463131418155
TCTGAGAAGTTGTAGA-1,0.9479807222247683
TCTGAGACAAGAAGAG-1,0.925885842711149
TCTGAGACACAGATTC-1,0.9620660074425338
TCTGAGACAGCCTATA-1,0.9329873410526465
TCTGAGACAGGACGTA-1,0.9838779237163601
TCTGAGACAGTGGAGT-1,0.9742714550228033
TCTGAGAGTAAATGAC-1,0.9903947043455384
TCTGAGAGTACCGGCT-1,0.9954551161503259
TCTGAGAGTGTCAATC-1,1.0233848675792259
TCTGAGATCGACGGAA-1,1.041042903265119
TCTGAGATCGGCCGAT-1,1.0373456882434355
TCTGAGATCTTAGCCC-1,1.0149422553589194
TCTGGAAAGAAACGCC-1,1.0259514616751193
TCTGGAAAGAATAGGG-1,1.0280430155234555
TCTGGAAAGACCGGAT-1,1.0394545547339333
TCTGGAAGTAACGACG-1,1.035036019037778
TCTGGAAGTACGAAAT-1,0.8469750940172966
TCTGGAAGTGCCTGTG-1,1.042011129470412
TCTGGAATCACAATGC-1,1.0125476716552173
TCTGGAATCCAGAGGA-1,1.0392480389246874
TCTGGAATCGACCAGC-1,0.9634620987682249
TCTGGAATCTTACCGC-1,1.0379663184716166
TCTGGAATCTTAGAGC-1,1.0430513387207143
TCTTCGGAGGACATTA-1,1.0307752158861427
TCTTCGGAGGGATCTG-1,1.0259140979063066
TCTTCGGAGGGTTTCT-1,0.9715209626770732
TCTTCGGCAAGTCTAC-1,1.033800632570403
TCTTCGGCACCCTATC-1,0.9813033391989283
TCTTCGGCAGATCCAT-1,1.0333639238783454
TCTTCGGCAGCAGTTT-1,1.021079302687017
TCTTCGGCATTAGGCT-1,1.0309706208792055
TCTTCGGGTCCGAAGA-1,0.930560502785538
TCTTCGGGTCGGCTCA-1,1.0369679521649167
TCTTCGGGTCTAGCGC-1,1.0278603311633556
TCTTCGGGTGATAAAC-1,0.9280929510310857
TCTTCGGGTGATGTGG-1,1.0342164811274985
TCTTCGGGTGCACCAC-1,1.0471651380072393
TCTTCGGGTGCGCTTG-1,0.99472977960586
TCTTCGGGTGTTGAGG-1,1.0349421578792952
TCTTCGGTCAACGGGA-1,0.9613721764104045
TCTTCGGTCCCAGGTG-1,1.0363155350964426
TCTTCGGTCCTCCTAG-1,0.9848990085798275
TCTTCGGTCGCATGAT-1,1.0228909536159734
TCTTCGGTCGTAGGTT-1,0.9675721468609576
TCTTCGGTCGTTGCCT-1,1.0224353668127197
TCTTCGGTCTGCCCTA-1,1.0269024559208701
TCTTTCCAGACTTGAA-1,0.9391128525805272
TCTTTCCCAATCCGAT-1,0.8837815601106701
TCTTTCCCACCCTATC-1,0.9782631778120031
TCTTTCCGTCGCGTGT-1,1.0325149070693986
TCTTTCCGTGACGGTA-1,0.966817656936379
TCTTTCCGTTAAGATG-1,0.9532991217929623
TCTTTCCGTTCAGCGC-1,1.0396001731516618
TCTTTCCTCAATAAGG-1,0.9435401015865678
TCTTTCCTCATATCGG-1,1.0369615450436196
TCTTTCCTCATGTGGT-1,1.0296044220261114
TCTTTCCTCCGAGCCA-1,1.0294599749811884
TCTTTCCTCGCTTAGA-1,1.0424649544896458
TCTTTCCTCTGTACGA-1,1.029889780471637
TGAAAGAAGACTAAGT-1,0.9903641685502312
TGAAAGAAGCTGCGAA-1,1.0217317988279664
TGAAAGAAGGGAACGG-1,1.0457345107812013
TGAAAGAAGTAGATGT-1,1.0339251441524522
TGAAAGACAAGGGTCA-1,0.9184979749899082
TGAAAGACAATGCCAT-1,1.005445730980077
TGAAAGAGTAAGTGGC-1,0.9584597757403527
TGAAAGAGTACCGCTG-1,1.0297463453854407
TGAAAGAGTATATGGA-1,1.0020177229024045
TGAAAGAGTCGCATCG-1,0.8387358944959322
TGAAAGAGTTTGCATG-1,0.9763048544745064
TGAAAGATCATGTCTT-1,1.0291035189454583
TGAAAGATCCAAAGTC-1,1.026104501572647
TGAAAGATCCAAGTAC-1,1.032184253415377
TGAAAGATCCCTCAGT-1,1.0277767483326339
TGAAAGATCCGAACGC-1,1.03588986735192
TGAAAGATCGGCGCTA-1,0.9223507607146018
TGAAAGATCTTGCAAG-1,1.0238488520631321
TGACAACAGACAATAC-1,0.9396870895236749
TGACAACAGACGCTTT-1,1.0224166357317568
TGACAACAGGAGCGTT-1,0.9471374434007164
TGACAACAGGTACTCT-1,1.03121139450744
TGACAACCAACACCCG-1,1.0299372426180213
TGACAACCAAGACACG-1,0.9724743789893047
TGACAACCAGCGATCC-1,0.978203987919712
TGACAACCAGTGACAG-1,1.0200767610441952
TGACAACCATGCCCGA-1,1.0191471466457296
TGACAACGTAAGCACG-1,1.041794859322456
TGACAACGTCCCGACA-1,1.0173675718401807
TGACAACGTGTCTGAT-1,0.8853221089571346
TGACAACGTTCAACCA-1,0.9934408345304422
TGACAACTCAACGAAA-1,0.9796716788885352
TGACAACTCAGGTTCA-1,1.039837382133679
TGACGGCAGGTGATTA-1,1.0391194832744517
TGACGGCAGTGTACGG-1,1.0252698290054796
TGACGGCAGTTAGCGG-1,1.0289673436199382
TGACGGCAGTTGCAGG-1,1.0370014754994312
TGACGGCCACCGGAAA-1,1.0242813682511962
TGACGGCCAGTAACGG-1,1.0155037210568356
TGACGGCCATAGACTC-1,0.9892229351894338
TGACGGCCATCCCACT-1,0.9259894868004278
TGACGGCGTGATAAAC-1,1.009794928830913
TGACGGCGTGCAACTT-1,1.0275846106285036
TGACGGCGTTCACGGC-1,0.9320743643222124
TGACGGCTCAGTCAGT-1,0.8995287622566962
TGACGGCTCCTGCTTG-1,1.0420311008672045
TGACGGCTCGGAGGTA-1,1.0327160620792166
TGACGGCTCTGACCTC-1,1.0244677995179339
TGACGGCTCTTGTATC-1,0.948268573523741
TGACTAGAGAAGGTGA-1,0.8413505278988255
TGACTAGAGATGTAAC-1,0.9718336526087678
TGACTAGAGCTGAACG-1,1.0367461424314603
TGACTAGAGGGATGGG-1,1.028457877788409
TGACTAGAGGTGTTAA-1,0.8873745339895005
TGACTAGAGTGGGTTG-1,1.0301766374208263
TGACTAGCAAAGTGCG-1,1.0149567418816194
TGACTAGCAAGCGATG-1,1.022061273736397
TGACTAGCAATCTGCA-1,0.9965542398989446
TGACTAGCATTAGGCT-1,1.0303447744184113
TGACTAGGTACTCTCC-1,1.0309576123903375
TGACTAGGTAGGCATG-1,1.0513507711556267
TGACTAGGTCCGTCAG-1,1.0160143035809066
TGACTAGGTCGCTTTC-1,1.045399312534319
TGACTAGGTTCCCGAG-1,1.0364275174791526
TGACTAGTCAAACCGT-1,0.9032279391445808
TGACTAGTCGCGATCG-1,0.9489872973472889
TGACTAGTCTGAGGGA-1,1.0320309122422988
TGACTAGTCTTACCGC-1,0.9898562577369792
TGACTTTAGAGACTAT-1,0.9943337954271002
TGACTTTAGCGCCTTG-1,0.9717393078142348
TGACTTTAGTGGGATC-1,1.0303608418276704
TGACTTTCAAGAGGCT-1,0.9791184035860621
TGACTTTCAAGCCGTC-1,0.9543465888475999
TGACTTTCAATGTTGC-1,0.9441412901982402
TGACTTTCACAGGTTT-1,1.0319820746308594
TGACTTTCACATTTCT-1,0.9887405824277734
TGACTTTCACCACCAG-1,1.0238866435832585
TGACTTTCACCTTGTC-1,0.9968761673630278
TGACTTTCATACTCTT-1,0.9659863607530753
TGACTTTCATAGAAAC-1,0.9771835062272014
TGACTTTCATTCTTAC-1,1.0253410370834344
TGACTTTGTGTGGCTC-1,1.0180695356492142
TGACTTTGTTGGTAAA-1,1.0297921739347635
TGACTTTTCAATCTCT-1,0.9856994428006259
TGACTTTTCACTGGGC-1,1.0206610520263286
TGACTTTTCCTTGACC-1,1.0193869664959427
TGAGAGGAGATCACGG-1,1.0268618072420792
TGAGAGGAGCTGCGAA-1,1.0247737034115585
TGAGAGGAGTACGATA-1,0.954405477056343
TGAGAGGAGTGCTGCC-1,0.9933246788006608
TGAGAGGGTCAAGCGA-1,0.977171566700942
TGAGAGGGTCTCTTAT-1,0.9480039325334837
TGAGAGGGTGGCTCCA-1,1.0000456425957134
TGAGAGGGTGTTGAGG-1,0.9803827682038917
TGAGAGGGTTACGTCA-1,0.9387038071013919
TGAGAGGGTTTCCACC-1,1.0135647463464947
TGAGAGGTCAAACCGT-1,0.9257294386053814
TGAGAGGTCAACGGCC-1,1.0210077957225512
TGAGAGGTCATGCATG-1,0.9726332381508788
TGAGAGGTCCAAATGC-1,0.9769693739231364
TGAGAGGTCGAGAACG-1,1.03026074298547
TGAGAGGTCGTGGGAA-1,1.0174039432332536
TGAGAGGTCTAACTCT-1,1.0218997463918853
TGAGAGGTCTGCGTAA-1,0.9189403302956377
TGAGAGGTCTTTCCTC-1,1.0282531701616564
TGAGCATAGGACCACA-1,1.0366224564276927
TGAGCATCAAAGCAAT-1,1.0374915175542812
TGAGCATCACAGCCCA-1,1.0187056304999942
TGAGCATCATGGGACA-1,1.027632587293792
TGAGCATCATTAGGCT-1,0.955573562474088
TGAGCATGTACCAGTT-1,1.0371321555920459
TGAGCATGTAGAGGAA-1,0.9087932686730334
TGAGCATGTATAGTAG-1,1.0064805549753923
TGAGCATGTCGAGATG-1,1.0098142255197182
TGAGCATGTGATGTGG-1,1.0383443095664995
TGAGCATTCACGACTA-1,1.0115267804579664
TGAGCATTCGGTTCGG-1,0.9151357961901968
TGAGCATTCTATCCTA-1,1.041599279532786
TGAGCCGCACCAGATT-1,1.0342004678771672
TGAGCCGCACGGATAG-1,1.0285933101245566
TGAGCCGCAGCTTAAC-1,0.9252561289779349
TGAGCCGCAGGGTATG-1,1.0237901709115222
TGAGCCGCATAGACTC-1,1.0366919245260038
TGAGCCGGTAAGGGAA-1,1.0281558525916055
TGAGCCGGTACAGCAG-1,1.0311818679860607
TGAGCCGGTCTTCAAG-1,0.9678154477549269
TGAGCCGTCAGTTGAC-1,0.9161992164792773
TGAGCCGTCATAAAGG-1,0.9853701188328405
TGAGCCGTCATCTGTT-1,1.0265149397310203
TGAGCCGTCATGCTCC-1,1.0315701208687122
TGAGCCGTCTAACTGG-1,0.9697182183285279
TGAGCCGTCTCTTGAT-1,0.9686845413995248
TGAGGGAAGATGAGAG-1,0.9976226913914193
TGAGGGAAGCTAGTGG-1,0.9034173111298633
TGAGGGACACCGAATT-1,1.0331009938944749
TGAGGGACAGTCAGCC-1,0.818123536902979
TGAGGGAGTCTAGCCG-1,0.9824561263820415
TGAGGGAGTGCAGTAG-1,1.0159244307198345
TGAGGGAGTGCCTGCA-1,1.0271986666582267
TGAGGGAGTTATCCGA-1,1.0013026520719428
TGAGGGAGTTGACGTT-1,0.9548088025761282
TGAGGGATCACGCATA-1,1.0327837786535257
TGAGGGATCGGCCGAT-1,0.9341368403493386
TGAGGGATCGTTGACA-1,1.025047310293826
TGAGGGATCTTCGGTC-1,1.027380041862061
TGATTTCAGAGTGACC-1,1.0342507841080242
TGATTTCAGGGTCTCC-1,0.8828763495841018
TGATTTCCAAGAAGAG-1,0.985057095597482
TGATTTCCAAGTTCTG-1,0.9046195258396159
TGATTTCCACACATGT-1,0.979686495147482
TGATTTCCACATGACT-1,1.0018602313486231
TGATTTCCAGTAGAGC-1,1.0252545039228271
TGATTTCCATCATCCC-1,1.0093367506281434
TGATTTCCATGGTCAT-1,1.0417961241838782
TGATTTCGTATCTGCA-1,1.0240624679295616
TGATTTCGTCATGCAT-1,1.0361293183075113
TGATTTCGTCCATCCT-1,0.9910235097281148
TGATTTCGTTCGAATC-1,0.9882600670133039
TGATTTCTCAGTTTGG-1,1.0268555477040677
TGATTTCTCGTCACGG-1,1.0408600605088876
TGCACCTAGACACGAC-1,1.0226170213041883
TGCACCTAGCGTGAGT-1,1.0286578651404328
TGCACCTAGCTACCTA-1,1.0230672665565232
TGCACCTGTCTCTTTA-1,0.976130774786394
TGCACCTGTGCAGGTA-1,1.031932900748559
TGCACCTGTTCGGCAC-1,1.02830557197692
TGCACCTGTTCGTCTC-1,0.9244049191344247
TGCACCTTCAGGTTCA-1,1.013080771859241
TGCACCTTCCTAGGGC-1,1.0216976919700127
TGCACCTTCGTTACAG-1,0.8547585381970619
TGCCAAAAGATAGCAT-1,1.024153020167307
TGCCAAAAGGCAAAGA-1,1.0212900089208372
TGCCAAAAGGCATGGT-1,0.966224572794582
TGCCAAACATCCGGGT-1,1.0285124267831498
TGCCAAAGTATAGGTA-1,1.023658435240775
TGCCAAAGTGCACGAA-1,0.9149820913436962
TGCCAAAGTTACGTCA-1,1.0321663579609
TGCCAAATCAACCAAC-1,1.0356797771809818
TGCCAAATCACGACTA-1,0.9949023366238108
TGCCAAATCATGTGGT-1,1.043828186106448
TGCCAAATCCATGAAC-1,1.0340268419229932
TGCCAAATCCGCAAGC-1,0.9397604641004801
TGCCAAATCCTAGGGC-1,1.0306259229085637
TGCCCATAGTCAATAG-1,0.9067557810936645
TGCCCATCACATAACC-1,0.9855300185999919
TGCCCATCATGCAATC-1,1.012835003699381
TGCCCATCATGGTTGT-1,0.9062775165672785
TGCCCATGTATTACCG-1,0.8992991490440086
TGCCCATGTGAGGCTA-1,1.0293496377422395
TGCCCATGTGCTCTTC-1,0.9489921467358631
TGCCCATGTTAAAGTG-1,0.9303095174862505
TGCCCATTCTAACCGA-1,0.9628728435693787
TGCCCTAAGCATGGCA-1,0.8824441794268443
TGCCCTAAGTTTCCTT-1,1.0425960426401586
TGCCCTACAATAGCAA-1,1.0335128648724254
TGCCCTACACGCTTTC-1,1.0277033330205778
TGCCCTACAGGGTTAG-1,0.8870032950640894
TGCCCTACAGTCAGCC-1,0.9792256815775467
TGCCCTACATCCCACT-1,1.0135809490824035
TGCCCTAGTCAATGTC-1,1.0311151561427343
TGCCCTAGTCGACTGC-1,0.9642078781333329
TGCCCTAGTTTAGCTG-1,1.0418420343063848
TGCCCTATCCACGAAT-1,1.0049172332033707
TGCCCTATCCGTACAA-1,0.9474845328828215
TGCCCTATCGAGAGCA-1,1.035298937221166
TGCCCTATCGGCGCAT-1,1.0392833925007525
TGCCCTATCTGGCGTG-1,0.9830633096580808
TGCCCTATCTGGTGTA-1,1.0306516410042017
TGCCCTATCTTAACCT-1,1.0264422161648146
TGCGCAGAGAGGACGG-1,1.0206604522522207
TGCGCAGAGATACACA-1,1.0447654738913976
TGCGCAGAGATCGATA-1,0.9332492324028044
TGCGCAGAGCCTATGT-1,1.045101842705334
TGCGCAGAGGAGTTGC-1,1.0241052622629243
TGCGCAGCAAACGCGA-1,1.0434662121331926
TGCGCAGCAAGCGAGT-1,1.032656816329393
TGCGCAGCAAGTACCT-1,1.0275506143115456
TGCGCAGCAATCAGAA-1,1.0303118780145857
TGCGCAGCAGACGCAA-1,0.9811997132925045
TGCGCAGCAGAGTGTG-1,1.0280682269970056
TGCGCAGCAGGGTATG-1,1.0271625282614678
TGCGCAGCAGTCAGAG-1,1.0262769452555922
TGCGCAGCATCACGTA-1,1.032615547858836
TGCGCAGCATCCTTGC-1,1.0094038779671226
TGCGCAGGTACTTCTT-1,1.0228099881410126
TGCGCAGTCAATCTCT-1,1.0152252266636792
TGCGCAGTCAGCGATT-1,0.9739839079606624
TGCGCAGTCATGTGGT-1,0.9782053889274336
TGCGCAGTCTGTTTGT-1,1.0293394233377209
TGCGGGTAGAAGCCCA-1,1.0343060035895197
TGCGGGTAGACGCTTT-1,1.024428704544727
TGCGGGTAGAGGACGG-1,0.9900592341126773
TGCGGGTAGGTGCAAC-1,1.0186767320019525
TGCGGGTCACAAGCCC-1,0.8175330859943072
TGCGGGTCACCAGTTA-1,1.0161208408350946
TGCGGGTCACGCGAAA-1,1.0415536120617832
TGCGGGTCAGTTTACG-1,0.9766867235491644
TGCGGGTCATGACGGA-1,0.9550012122719845
TGCGGGTGTCTACCTC-1,1.015671344100658
TGCGGGTGTGCCTGTG-1,1.0285341438722435
TGCGGGTGTGCTGTAT-1,0.8901728999351568
TGCGGGTGTGGTCCGT-1,0.8736964849625981
TGCGGGTGTTGTCTTT-1,1.0371820311449897
TGCGGGTTCACTTCAT-1,1.0301975437288933
TGCGGGTTCTCGCATC-1,0.9890448182144899
TGCGTGGAGACTACAA-1,0.9812828695350978
TGCGTGGAGATATGCA-1,1.0328930175180455
TGCGTGGAGGCCATAG-1,1.0386364775522212
TGCGTGGAGGGCATGT-1,0.9943098903008118
TGCGTGGAGGTGTGGT-1,1.0202284796318446
TGCGTGGCACGCATCG-1,0.9858753829827646
TGCGTGGCAGCTCCGA-1,1.0309054111147207
TGCGTGGCATCTGGTA-1,0.972111490371104
TGCGTGGCATTAACCG-1,1.0326959523180033
TGCGTGGGTACCGGCT-1,0.9937355260840286
TGCGTGGGTATCTGCA-1,0.9920019722352386
TGCGTGGGTCCAGTAT-1,1.0349755770175846
TGCGTGGGTGGACGAT-1,1.02489401255284
TGCGTGGTCCGAAGAG-1,1.0280811547911355
TGCGTGGTCGTACCGG-1,0.9719836737306656
TGCTACCAGCACCGCT-1,0.9318342596294353
TGCTACCAGCGCCTCA-1,1.0359887093109998
TGCTACCAGTACGATA-1,1.0400866252901877
TGCTACCAGTTGCAGG-1,1.025739300864444
TGCTACCCAATCGGTT-1,0.9601073211227843
TGCTACCCACCTCGTT-1,1.0414571817711729
TGCTACCGTTATGTGC-1,1.0018104514438082
TGCTACCGTTCCGTCT-1,1.040444212809789
TGCTACCGTTGGTGGA-1,1.0203046426072675
TGCTACCTCACATGCA-1,1.0085405641710907
TGCTACCTCACGACTA-1,1.0407281798409396
TGCTACCTCCAAGTAC-1,0.9544178815757492
TGCTACCTCCAGATCA-1,0.9797107482178491
TGCTACCTCCAGGGCT-1,1.017486803972564
TGCTACCTCCGAACGC-1,1.02949793153476
TGCTACCTCCGTACAA-1,0.9483390595668443
TGCTACCTCTCCAGGG-1,1.0070060747449212
TGCTGCTAGCCCAGCT-1,0.9116084792451938
TGCTGCTAGGACACCA-1,0.9849826570847952
TGCTGCTAGGATGCGT-1,1.0223567831768734
TGCTGCTAGTTCGCAT-1,1.0166433606545437
TGCTGCTCATGGTCAT-1,1.0212528881818992
TGCTGCTGTATATGGA-1,1.0240783049612723
TGCTGCTGTATTAGCC-1,0.926752604448337
TGCTGCTGTGGTGTAG-1,1.035139770493208
TGCTGCTGTTATCCGA-1,1.029825565172021
TGCTGCTTCAACGGGA-1,1.0067130059659415
TGCTGCTTCACGCATA-1,0.9428117657698429
TGCTGCTTCATAGCAC-1,1.0151155686106608
TGCTGCTTCCGCAAGC-1,1.0293871186723882
TGCTGCTTCCTGTACC-1,1.0368155564953436
TGCTGCTTCGATGAGG-1,1.0411552272942812
TGGACGCAGAACTGTA-1,1.0222544535415548
TGGACGCAGACATAAC-1,0.9432121204302377
TGGACGCAGCGTGTCC-1,1.0261080922822285
TGGACGCAGGCGATAC-1,1.0312707877949079
TGGACGCAGTGAAGTT-1,1.0419006363556362
TGGACGCCACACCGCA-1,1.0405394183560888
TGGACGCCACATGGGA-1,0.8495171243062276
TGGACGCCACGGTAAG-1,1.0409720362764021
TGGACGCCATATACGC-1,1.0246048657642142
TGGACGCGTCTACCTC-1,1.022030282950777
TGGACGCGTGTCTGAT-1,1.0094381084251227
TGGACGCGTTGACGTT-1,0.9451463554605203
TGGACGCGTTGTGGCC-1,1.0345272841531281
TGGACGCTCAAACGGG-1,1.0267902527977903
TGGACGCTCAAGGCTT-1,1.0307995897489801
TGGACGCTCACTTACT-1,1.0157963214696433
TGGACGCTCATAAAGG-1,1.025600293029008
TGGACGCTCTGAGTGT-1,0.8765516270069894
TGGACGCTCTTGCAAG-1,1.0311003006726893
TGGCCAGAGCACGCCT-1,1.0244458282175424
TGGCCAGAGGGTCTCC-1,0.991146076465521
TGGCCAGAGTCTTGCA-1,0.9692409704625643
TGGCCAGCAAGCCGTC-1,1.0028319997062567
TGGCCAGGTAAATACG-1,0.9037828045367808
TGGCCAGGTGCTCTTC-1,1.0299721628962535
TGGCCAGGTGGGTATG-1,1.001207270110358
TGGCCAGTCACCCTCA-1,1.0215354656666826
TGGCCAGTCAGCACAT-1,0.9627500374707035
TGGCCAGTCGTCTGAA-1,1.035911443929964
TGGCGCAAGCCCGAAA-1,1.0310383207576355
TGGCGCAAGCTGCAAG-1,1.035017714934125
TGGCGCAAGGCTATCT-1,0.9208049445231309
TGGCGCACACAGACTT-1,0.9835776725722783
TGGCGCACACCAGCAC-1,1.0284179367899744
TGGCGCACAGACGCAA-1,0.9143919740492131
TGGCGCAGTAACGCGA-1,1.0341221852489721
TGGCGCAGTTACGCGC-1,1.0279123829429024
TGGCGCATCCTATGTT-1,1.0272781778681959
TGGCGCATCCTGTAGA-1,1.031999996028852
TGGCGCATCGAGGTAG-1,1.0184848020206578
TGGCGCATCTGCGTAA-1,1.036311530279769
TGGCTGGAGATCACGG-1,1.0331471713176312
TGGCTGGAGCGATGAC-1,1.0368166933041394
TGGCTGGAGCTAGCCC-1,1.0289578849177776
TGGCTGGAGCTCCTCT-1,1.0170440042755504
TGGCTGGAGGATGCGT-1,1.0297264748531154
TGGCTGGAGTACGTTC-1,0.9344581651883628
TGGCTGGCAGTAAGCG-1,1.0232375936968217
TGGCTGGGTAAATGTG-1,1.0356596291819358
TGGCTGGGTATAAACG-1,1.0317061678236863
TGGCTGGGTCAGAGGT-1,1.0133453080500558
TGGCTGGGTGAGTATA-1,1.0059708129814926
TGGCTGGGTGGTACAG-1,1.020079055857785
TGGCTGGGTTAAGGGC-1,0.8603770908541296
TGGCTGGGTTATGTGC-1,0.9186143969583611
TGGCTGGTCAACGGCC-1,1.0276827539696565
TGGCTGGTCACCCGAG-1,1.0274800771606174
TGGCTGGTCAGCGATT-1,0.9474393749047232
TGGCTGGTCCGCAAGC-1,1.039845727971318
TGGCTGGTCTCCAGGG-1,1.0261711425175188
TGGGAAGAGAGACTTA-1,1.0321183992745946
TGGGAAGAGGATTCGG-1,1.03260670498681
TGGGAAGAGGCAGGTT-1,0.9705491658835325
TGGGAAGAGTAGATGT-1,1.0266736218681314
TGGGAAGAGTGGGTTG-1,0.9705745091420744
TGGGAAGCAAACTGCT-1,1.0133690861564217
TGGGAAGCACCCAGTG-1,0.9808941112329446
TGGGAAGCACCTTGTC-1,0.9756365766733738
TGGGAAGCATCGATGT-1,1.0346207056083914
TGGGAAGGTAGCGTCC-1,1.0342642592775988
TGGGAAGGTATTCTCT-1,1.0138027781099
TGGGAAGGTCACACGC-1,1.0334177176603494
TGGGAAGGTCGATTGT-1,0.9798355972464118
TGGGAAGGTTCCGTCT-1,1.01533249868589
TGGGAAGTCATGTCTT-1,1.0269224799733896
TGGGAAGTCCATGAAC-1,0.9775858857899263
TGGGAAGTCTACCAGA-1,0.9043308242471263
TGGGAAGTCTGCTGTC-1,1.0243199845897775
TGGGCGTAGGAACTGC-1,1.0355730305340674
TGGGCGTAGGATCGCA-1,0.9729441250380282
TGGGCGTAGGCTAGAC-1,1.0185532999719191
TGGGCGTCAAACGCGA-1,1.0030460713860525
TGGGCGTCAAGACGTG-1,1.034293689831525
TGGGCGTCACCGAATT-1,0.8508857808518501
TGGGCGTCAGTAGAGC-1,1.0195956681543845
TGGGCGTCATCCCACT-1,0.9865618182823782
TGGGCGTGTACAAGTA-1,1.035280257641239
TGGGCGTGTCACCCAG-1,1.019114916915089
TGGGCGTTCCAAGTAC-1,1.033232868091193
TGGGCGTTCTACTTAC-1,1.0293091997327009
TGGTTAGAGAGTTGGC-1,0.9026613221303927
TGGTTAGAGCGGATCA-1,0.9726166823307455
TGGTTAGAGCTACCGC-1,1.0358738788919097
TGGTTAGAGCTGAACG-1,1.021801330737919
TGGTTAGAGTGAACAT-1,1.029418612540066
TGGTTAGCAAGTTCTG-1,1.0217020954349947
TGGTTAGCACGGACAA-1,1.0446386684740327
TGGTTAGCAGATCGGA-1,1.02877319231224
TGGTTAGCAGCAGTTT-1,0.9637082108040186
TGGTTAGGTAGGGACT-1,1.0123808506765466
TGGTTAGGTCCGACGT-1,1.0324659789051371
TGGTTAGGTGGTGTAG-1,1.0360898262071625
TGGTTAGGTTGAGTTC-1,1.0178045774908195
TGGTTAGTCAAAGACA-1,1.0270543111322419
TGGTTAGTCGAGCCCA-1,1.0304602677844064
TGGTTAGTCGCCAGCA-1,1.02269524320833
TGGTTAGTCGTGGGAA-1,1.0060870038318626
TGGTTCCAGACGCACA-1,0.9977731018328221
TGGTTCCAGATCGGGT-1,1.0147141293458708
TGGTTCCAGCGATATA-1,1.0385616306408099
TGGTTCCAGCTAGTCT-1,0.9161663454702594
TGGTTCCAGCTAGTTC-1,1.0398808774367945
TGGTTCCAGGAGTACC-1,0.971450016441295
TGGTTCCAGTATCGAA-1,0.9594340031781887
TGGTTCCAGTCGTTTG-1,1.0323689826709457
TGGTTCCCAAACTGTC-1,0.9969265341819878
TGGTTCCCAGCCTTTC-1,0.7343824170147648
TGGTTCCCAGGTCGTC-1,1.030080444193143
TGGTTCCCATTATCTC-1,0.9877365526736976
TGGTTCCGTAACGCGA-1,1.0212362093634875
TGGTTCCGTATGGTTC-1,1.0264488788856134
TGGTTCCGTCAGAATA-1,0.9608462790292606
TGGTTCCGTTCAGCGC-1,0.8588040178440416
TGGTTCCTCACCATAG-1,0.9692927208973895
TGGTTCCTCCAGTATG-1,1.0120298919285728
TGGTTCCTCTGCCAGG-1,1.0239575631564757
TGTATTCAGACCTAGG-1,1.0349371519133994
TGTATTCAGCTCCCAG-1,0.9497645248199867
TGTATTCAGGATGGAA-1,1.0141854115852043
TGTATTCAGGGTTTCT-1,0.9730429759967443
TGTATTCAGTTCCACA-1,0.9729700806140736
TGTATTCCACATTTCT-1,1.0215523804999747
TGTATTCCATTAGGCT-1,0.8660061792330137
TGTATTCGTGCGAAAC-1,0.9761104864053763
TGTATTCTCGACCAGC-1,1.042957856101877
TGTATTCTCGTCCAGG-1,1.0107158437435586
TGTCCCAAGATGCCTT-1,1.0085665481693866
TGTCCCAAGGGTTTCT-1,0.9961220591943016
TGTCCCAAGTGGGTTG-1,1.0438804711601277
TGTCCCAAGTGTCTCA-1,1.0258355854983814
TGTCCCACACGTTGGC-1,1.0209643514806181
TGTCCCACAGCTTAAC-1,0.8835074981562976
TGTCCCACAGGACCCT-1,0.9423826262787507
TGTCCCACAGGGTTAG-1,0.9738330977191899
TGTCCCACATGCCACG-1,0.987197184424686
TGTCCCAGTAAGGGAA-1,1.0345363561815302
TGTCCCAGTATATGGA-1,1.0281685236762685
TGTCCCAGTATCGCAT-1,0.9258712181217139
TGTCCCAGTCAACATC-1,1.0280618747638899
TGTCCCAGTCACAAGG-1,1.0107443953239317
TGTCCCAGTGCTTCTC-1,1.0034347582358627
TGTCCCAGTGGTGTAG-1,0.9463179565344705
TGTCCCAGTGTCTGAT-1,1.0111459524847428
TGTCCCAGTGTGCCTG-1,1.0324807556578786
TGTCCCATCAACGGGA-1,1.0275846819316488
TGTCCCATCATGTGGT-1,0.973050448441534
TGTCCCATCGTACCGG-1,0.9789422491992541
TGTCCCATCTGAGGGA-1,1.0254073022150214
TGTGGTAAGAAGGACA-1,1.0449070673771113
TGTGGTAAGAGTTGGC-1,1.0181853325329444
TGTGGTAAGATCGATA-1,1.0131605954439737
TGTGGTAAGCACAGGT-1,1.0011790451920952
TGTGGTAAGCTGATAA-1,1.0234778297181655
TGTGGTAAGGCGATAC-1,0.8649149889449521
TGTGGTAAGTACTTGC-1,0.9222434054408394
TGTGGTAAGTAGATGT-1,1.0279608778092528
TGTGGTAAGTCAAGCG-1,0.9640547152634811
TGTGGTACACTGCCAG-1,1.0411028816685937
TGTGGTAGTAGGACAC-1,1.0404912755159426
TGTGGTAGTTGTCGCG-1,1.0211249514899114
TGTGGTATCAACACAC-1,1.0302051841147597
TGTGGTATCACTTACT-1,0.9750954691565414
TGTGGTATCAGCACAT-1,0.9780299966623367
TGTGGTATCGCGTAGC-1,1.0334381156120145
TGTGTTTAGACAGGCT-1,1.0352411949536224
TGTGTTTAGGCATTGG-1,0.9391421927010134
TGTGTTTAGGCTCATT-1,1.0160092745242941
TGTGTTTAGTGTGAAT-1,0.7501227445504257
TGTGTTTCACAGCCCA-1,1.021207694883555
TGTGTTTCAGACAAAT-1,0.9950120585475473
TGTGTTTGTATATCCG-1,1.0439501755858922
TGTGTTTGTCCAGTAT-1,0.935703411822675
TGTGTTTGTCTGGAGA-1,1.0153611969229737
TGTGTTTGTGCAACGA-1,1.0398051695043506
TGTGTTTTCAAACCAC-1,0.9038265075020455
TGTGTTTTCACCTTAT-1,1.0227285657115621
TGTGTTTTCCTTGACC-1,1.0206125359889822
TGTGTTTTCTTGTTTG-1,1.035502431500659
TGTTCCGAGATATGGT-1,0.9646932871498549
TGTTCCGAGATCCCGC-1,0.9746791151736522
TGTTCCGAGCTCAACT-1,1.023210046731115
TGTTCCGAGGAGTTGC-1,1.0265251265303255
TGTTCCGAGGCTACGA-1,0.9589659860672121
TGTTCCGAGGTGGGTT-1,0.7854142796309206
TGTTCCGAGTATCTCG-1,0.9779034210987019
TGTTCCGCACACTGCG-1,0.901989471001095
TGTTCCGCACCACCAG-1,0.9529966295421316
TGTTCCGCACGCATCG-1,1.039245975579886
TGTTCCGCATTACGAC-1,0.9084724025129713
TGTTCCGGTACGCTGC-1,0.8907389023312032
TGTTCCGGTCCATGAT-1,1.0290507770713762
TGTTCCGGTTCGCTAA-1,0.9562353418282143
TGTTCCGTCAATCACG-1,1.022212843492082
TGTTCCGTCAGGTAAA-1,1.041570424137954
TGTTCCGTCCATTCTA-1,1.0283479649679297
TGTTCCGTCGCAAGCC-1,0.9578954431850771
TGTTCCGTCGTCACGG-1,1.0408924294610906
TTAACTCAGATGTAAC-1,1.0155936116621864
TTAACTCAGCAGCCTC-1,1.019035845835927
TTAACTCAGCGTTTAC-1,0.976641733109843
TTAACTCAGTAGCCGA-1,1.0396087619584626
TTAACTCCAAGCGTAG-1,1.0004056501513632
TTAACTCCACATGGGA-1,1.0397442614989678
TTAACTCCACGCCAGT-1,0.9547277943484058
TTAACTCCACTGTTAG-1,0.9884855420661535
TTAACTCCAGTGGAGT-1,0.9669587865147078
TTAACTCCATTAACCG-1,0.9309274891077441
TTAACTCCATTGTGCA-1,0.9754186752109092
TTAACTCGTAGAGGAA-1,1.0218180736338391
TTAACTCGTATTAGCC-1,1.0308589866211433
TTAACTCGTGGACGAT-1,1.0318232128115097
TTAACTCGTGTGCGTC-1,1.0343878792318948
TTAACTCTCCGAGCCA-1,1.043435781513655
TTAACTCTCCTTTCTC-1,1.025716761393433
TTAACTCTCTGCAGTA-1,0.9339635109157095
TTAACTCTCTTTCCTC-1,1.0101200868675198
TTAGGACAGACTCGGA-1,0.9751150497716192
TTAGGACAGAGTCTGG-1,0.9996304075978039
TTAGGACAGCAGGCTA-1,0.9873706532346945
TTAGGACAGCCAGGAT-1,0.9989264103503523
TTAGGACAGTAGCGGT-1,1.0362101427490322
TTAGGACAGTCGTTTG-1,1.0269034225968483
TTAGGACCAAGAAAGG-1,0.9823875289058517
TTAGGACCAAGTCTGT-1,1.033572849029829
TTAGGACCACCCTATC-1,1.037954226502557
TTAGGACCAGGACGTA-1,1.021030213434818
TTAGGACCATCATCCC-1,1.0025066134107228
TTAGGACCATGATCCA-1,0.8458887661410713
TTAGGACGTATGAAAC-1,0.9584784297705108
TTAGGACGTCTAAAGA-1,1.024387797580745
TTAGGACGTTAAAGAC-1,1.0197882254069504
TTAGGCAAGATAGCAT-1,1.0326135441332414
TTAGGCAAGCCTATGT-1,0.9911196557237829
TTAGGCAAGTCAATAG-1,0.944014550101723
TTAGGCACAACCGCCA-1,1.0396647233629297
TTAGGCACAAGACACG-1,1.0412549925128547
TTAGGCACACATGTGT-1,1.0371136002484516
TTAGGCACAGTATAAG-1,1.012961148735758
TTAGGCACATTATCTC-1,0.987944749149218
TTAGGCACATTTGCTT-1,1.0153259223547886
TTAGGCAGTACGCTGC-1,0.9573020744494743
TTAGGCAGTCTCACCT-1,1.0364914657612043
TTAGGCAGTGTTTGGT-1,1.0448776657465053
TTAGGCATCAGAGACG-1,1.0371121023682905
TTAGGCATCAGGCCCA-1,0.9898434461931912
TTAGGCATCCGAATGT-1,1.0310104976576473
TTAGGCATCCTTTACA-1,1.036858863251256
TTAGGCATCGACCAGC-1,1.0088147871084532
TTAGGCATCGCATGGC-1,1.0410751091738113
TTAGGCATCGGAGGTA-1,1.0287555831426043
TTAGGCATCGGTCCGA-1,0.9982547529938677
TTAGGCATCTGACCTC-1,0.9430975909803472
TTAGGCATCTGGCGAC-1,1.022389128022643
TTAGGCATCTTTCCTC-1,1.0551357823075633
TTAGTTCAGAATCTCC-1,1.033097669514612
TTAGTTCAGCAGGCTA-1,1.034518155221575
TTAGTTCAGGAGTTTA-1,1.01261707131211
TTAGTTCAGTCGCCGT-1,1.0364991486680626
TTAGTTCAGTGGAGTC-1,1.0367541700775103
TTAGTTCCAATGGAAT-1,1.036663463833814
TTAGTTCCACATGGGA-1,0.8193237070211676
TTAGTTCCATCACGTA-1,1.0345366215828347
TTAGTTCCATTGGCGC-1,1.036969435074554
TTAGTTCGTAAGAGAG-1,1.022054543163529
TTAGTTCGTCTTGATG-1,1.0419950081176972
TTAGTTCGTGTCTGAT-1,1.0347891651586119
TTAGTTCGTTTGGGCC-1,1.043206311074209
TTAGTTCTCGGCATCG-1,1.034212593552954
TTAGTTCTCTGGTTCC-1,0.9587573256863418
TTATGCTAGCGTCAAG-1,0.9915582449757733
TTATGCTAGCTCTCGG-1,0.9731495022302495
TTATGCTCAATTCCTT-1,1.0039335337477355
TTATGCTCAGTAGAGC-1,1.0383533765359894
TTATGCTCATGTCCTC-1,1.023967223066394
TTATGCTGTATATCCG-1,1.018056828898126
TTATGCTGTCCGAACC-1,1.0150848387661398
TTATGCTGTCTTCTCG-1,1.0359671611816144
TTATGCTGTGAGCGAT-1,0.9197469000031877
TTATGCTGTGAGTGAC-1,0.9610170578502759
TTATGCTGTGTTCTTT-1,1.0104417202765896
TTATGCTTCAAGGTAA-1,1.0313622347623395
TTATGCTTCCCTGACT-1,0.932282016397095
TTATGCTTCGAATCCA-1,1.0215713565617697
TTATGCTTCGCGGATC-1,1.0108955191259916
TTATGCTTCTATCCTA-1,1.0211281205913454
TTATGCTTCTGTACGA-1,0.8784323482554204
TTCCCAGAGAGGTAGA-1,0.9953821972567889
TTCCCAGAGTCAAGCG-1,1.0307019444402108
TTCCCAGCAAAGTCAA-1,1.0174427468060874
TTCCCAGCACACCGAC-1,1.0347161942671679
TTCCCAGCATGGTCAT-1,1.0146820691201668
TTCCCAGGTAAGTAGT-1,1.0205369374324282
TTCCCAGGTATATCCG-1,1.0278763758143603
TTCCCAGGTCATACTG-1,1.0369174421799554
TTCCCAGGTCGAATCT-1,0.9879840639788897
TTCCCAGGTTCACGGC-1,1.0261614816786602
TTCCCAGGTTGACGTT-1,1.0328994509149685
TTCCCAGTCATCATTC-1,0.9423554060918312
TTCCCAGTCCGAATGT-1,1.0375722770360576
TTCGAAGAGAGCCTAG-1,0.9894337710474747
TTCGAAGCAAATACAG-1,0.9890868344869498
TTCGAAGCACCGTTGG-1,1.0043045658266478
TTCGAAGCAGACTCGC-1,1.0331957174289268
TTCGAAGCATAGAAAC-1,0.9993941494382732
TTCGAAGCATTTGCTT-1,1.0380051376019783
TTCGAAGGTACATCCA-1,0.93640368291939
TTCGAAGGTATTAGCC-1,1.0368163572690476
TTCGAAGGTCACCTAA-1,0.7284402283641531
TTCGAAGGTCCTAGCG-1,1.0293344359356638
TTCGAAGTCCCAAGAT-1,1.0349625827119617
TTCGAAGTCTGACCTC-1,0.9879154987139306
TTCGGTCAGTCGCCGT-1,0.9827386802608657
TTCGGTCCATACTACG-1,0.9706594225830408
TTCGGTCGTCAAAGAT-1,1.0260803444512963
TTCGGTCGTCTCTCTG-1,1.0316732939476623
TTCGGTCGTGCTTCTC-1,1.0359622979434366
TTCGGTCGTGGAAAGA-1,0.8901914505317046
TTCGGTCTCCAAAGTC-1,1.0257158672957427
TTCGGTCTCCAAATGC-1,1.0271849011901106
TTCGGTCTCCTAGTGA-1,1.0342513759815553
TTCGGTCTCGTGGTCG-1,1.0320296125740231
TTCGGTCTCTAACGGT-1,1.03647417040857
TTCGGTCTCTCAAGTG-1,0.9345880367922056
TTCGGTCTCTGATACG-1,1.00687115824703
TTCTACAAGACGCAAC-1,1.0287671874291684
TTCTACAAGGGAACGG-1,0.989697161981513
TTCTACAAGTGGAGAA-1,1.032299577595576
TTCTACACAAGTACCT-1,0.9639209189153479
TTCTACACAATCACAC-1,0.9668902623267313
TTCTACACAATGACCT-1,1.0107002156570009
TTCTACACATACTCTT-1,0.9459564789064796
TTCTACATCCGAATGT-1,0.9015960878857697
TTCTACATCGGTCTAA-1,0.9199283854233703
TTCTCAAAGAGGTACC-1,0.9781692833995639
TTCTCAAAGCGTAGTG-1,1.0211502120465936
TTCTCAAAGGCAGTCA-1,0.9999667761377499
TTCTCAACAAGACACG-1,1.0216074599289005
TTCTCAACAATCTACG-1,1.0245686244660546
TTCTCAACACATTCGA-1,1.0251675424070514
TTCTCAACAGATTGCT-1,0.8959004475019055
TTCTCAACATCACAAC-1,1.0283418838132692
TTCTCAACATGCCACG-1,0.9766724645060663
TTCTCAAGTAGCAAAT-1,0.9987749798888251
TTCTCAAGTCATTAGC-1,1.0264554785687394
TTCTCAAGTCGCGGTT-1,0.970952869035551
TTCTCAAGTTCCGGCA-1,0.963315146919696
TTCTCAATCACATAGC-1,1.0322926662367018
TTCTCAATCAGCGATT-1,1.040918439688132
TTCTCAATCGGAAATA-1,0.9872898933777844
TTCTCAATCTCCAGGG-1,1.0154854275371685
TTCTCCTAGAGCTGGT-1,1.0021524952099288
TTCTCCTAGAGGTACC-1,1.0206254774050876
TTCTCCTAGATCCTGT-1,1.0240493093685903
TTCTCCTAGCGTGTCC-1,0.9457140988148833
TTCTCCTAGTGACATA-1,0.9914769475391102
TTCTCCTAGTGATCGG-1,1.0491537638150183
TTCTCCTCAAGTAATG-1,1.023162176202274
TTCTCCTCACACCGCA-1,0.9932408220437131
TTCTCCTCATGTAAGA-1,1.0506684910691717
TTCTCCTCATTTCACT-1,1.026854467449003
TTCTCCTGTACTCAAC-1,0.9764894307319713
TTCTCCTGTCTTTCAT-1,1.034822429412153
TTCTCCTTCAGGTTCA-1,1.025437171287668
TTCTCCTTCCAGAGGA-1,0.9975190059185463
TTCTCCTTCTGGAGCC-1,1.0087500680761818
TTCTTAGAGAGAGCTC-1,1.0012660411067678
TTCTTAGAGAGGTAGA-1,1.0382534968319832
TTCTTAGAGCTAGTGG-1,1.0358669736781316
TTCTTAGAGCTGGAAC-1,1.0360625507943717
TTCTTAGAGTGAACGC-1,1.0170723545647253
TTCTTAGAGTTTAGGA-1,0.9811987498970829
TTCTTAGCAAACTGTC-1,1.0262054606688729
TTCTTAGCACGACTCG-1,0.9756140687926447
TTCTTAGCAGCTTAAC-1,0.999140685906385
TTCTTAGCAGGTTTCA-1,1.0393579994649378
TTCTTAGCATAGGATA-1,1.0356909646342976
TTCTTAGCATCTATGG-1,0.8235823244356157
TTCTTAGGTTAAAGAC-1,1.0356098354923733
TTCTTAGTCATGCATG-1,1.0240460774410722
TTCTTAGTCATTCACT-1,0.9568230498957648
TTCTTAGTCCTCAACC-1,1.0345359189812375
TTGAACGAGCTACCTA-1,1.0516787928907625
TTGAACGAGTAAGTAC-1,1.0250697537107893
TTGAACGAGTGCGATG-1,1.0169984313894416
TTGAACGCAAGCGATG-1,0.9649554513059161
TTGAACGCAATAAGCA-1,1.0277142823242074
TTGAACGCACAGATTC-1,1.0177942899339592
TTGAACGCATCACCCT-1,1.0315583129434316
TTGAACGGTCCTAGCG-1,0.9677994151302277
TTGAACGGTCCTCTTG-1,1.038667547579719
TTGAACGTCGCCAGCA-1,1.0269751670792522
TTGAACGTCTGCCAGG-1,1.0302697918526764
TTGACTTAGCCTTGAT-1,1.0368919463855721
TTGACTTAGTTAGCGG-1,0.941939301063034
TTGACTTCAATCGAAA-1,1.036702741677572
TTGACTTCACAACGCC-1,1.0202130466319317
TTGACTTCACAAGACG-1,0.8490657612228681
TTGACTTCAGCATACT-1,1.0319701153496537
TTGACTTCAGGGAGAG-1,1.0358634820678543
TTGACTTCATATGAGA-1,1.0429596173476197
TTGACTTGTCGGCACT-1,1.0467757250129923
TTGACTTGTCTCTCTG-1,0.9798529189380858
TTGACTTGTGCGAAAC-1,1.0281913993215699
TTGACTTTCTTGTATC-1,1.0297122508131193
TTGCCGTAGAGACTAT-1,1.0462326741215606
TTGCCGTAGCGCCTTG-1,1.031375888222116
TTGCCGTAGCTCCTCT-1,1.0211732685977764
TTGCCGTAGGAGCGAG-1,1.011940164359368
TTGCCGTAGGCTAGGT-1,0.9883613095268887
TTGCCGTAGTAGATGT-1,1.036739353907457
TTGCCGTAGTGTACGG-1,0.9485057801406483
TTGCCGTCAAGACACG-1,1.0300941143167632
TTGCCGTCAAGGTGTG-1,1.036111905880849
TTGCCGTCACATCTTT-1,1.0270300411631874
TTGCCGTCACGGACAA-1,1.0230186290829162
TTGCCGTGTACTCTCC-1,1.014416205192925
TTGCCGTGTAGTAGTA-1,1.0357568204711893
TTGCCGTGTGGCCCTA-1,1.02964870030919
TTGCGTCAGAGGACGG-1,1.037196982066543
TTGCGTCAGATAGCAT-1,0.9741719152056086
TTGCGTCAGCCTCGTG-1,1.034758319898249
TTGCGTCAGGATCGCA-1,1.0263126586287508
TTGCGTCAGTGAACAT-1,1.034866737319513
TTGCGTCCAGGACCCT-1,0.9141850523163939
TTGCGTCCATATGAGA-1,0.9034820305835488
TTGCGTCCATTAGCCA-1,1.0384006189150152
TTGCGTCCATTCTTAC-1,0.9517502645282344
TTGCGTCGTGATGTCT-1,1.021434822114753
TTGCGTCGTTGTTTGG-1,0.9506015677826531
TTGCGTCTCCAAAGTC-1,1.0115446659189322
TTGCGTCTCCCATTTA-1,0.9919055608723822
TTGCGTCTCGCGATCG-1,1.0178608224835026
TTGGAACCAATTCCTT-1,0.9136727697691145
TTGGAACCACAGGTTT-1,0.9663598839351868
TTGGAACCATCGGTTA-1,1.0434702034535923
TTGGAACTCATAGCAC-1,1.0271553489366028
TTGGAACTCCACGCAG-1,1.0232658673853285
TTGGAACTCCGCAGTG-1,1.0149882759087072
TTGGAACTCCTATTCA-1,0.9762839060250844
TTGGAACTCGGATGTT-1,0.9292172074213556
TTGGAACTCGTCCGTT-1,0.9828850343857823
TTGGAACTCGTGTAGT-1,0.9724605976310917
TTGGCAAAGATATGCA-1,0.9882289212167833
TTGGCAAAGCCCAATT-1,1.0347661947881903
TTGGCAAAGCTAACTC-1,0.8659528271636603
TTGGCAAAGGGATCTG-1,1.0446419059177758
TTGGCAAAGTAGTGCG-1,0.9710915403288285
TTGGCAACAACTGCGC-1,1.031837349592275
TTGGCAACACATTTCT-1,1.03722912364167
TTGGCAACAGCTTCGG-1,1.0330065457402406
TTGGCAACATGGGAAC-1,1.0374994195352842
TTGGCAAGTACCGAGA-1,1.0274063203023385
TTGGCAAGTGCGAAAC-1,1.0287494384434568
TTGGCAAGTGTGAAAT-1,1.0045032358073749
TTGGCAATCCGTCATC-1,0.986605204043169
TTGGCAATCCTTGACC-1,1.0152276760760728
TTGGCAATCCTTTCGG-1,0.9768930701912232
TTGGCAATCGGTTAAC-1,0.9014320171767064
TTGTAGGAGACTAGAT-1,1.0360002330540758
TTGTAGGAGCGTCTAT-1,1.030670398067175
TTGTAGGAGGATCGCA-1,0.9212520374443599
TTGTAGGAGGATGTAT-1,1.0080873248360394
TTGTAGGAGGCTATCT-1,0.9993126297629933
TTGTAGGAGTACACCT-1,0.8971563682283822
TTGTAGGCAAACGTGG-1,1.0416389798879273
TTGTAGGCAATCCGAT-1,1.0231460369794891
TTGTAGGCACGAAGCA-1,0.9222790182688093
TTGTAGGCAGGTGCCT-1,1.0338708075671623
TTGTAGGCATGCCTAA-1,1.0208877477197766
TTGTAGGGTCACACGC-1,1.0411850081327447
TTGTAGGGTCCCTTGT-1,0.9385141197141104
TTGTAGGGTCTCCCTA-1,1.0400909361817794
TTGTAGGGTGCCTGTG-1,1.0284384000863638
TTGTAGGGTTATCGGT-1,1.029741727205632
TTGTAGGGTTCGCTAA-1,1.036172447279841
TTGTAGGGTTGAGGTG-1,1.0000379167980566
TTGTAGGTCAGATAAG-1,1.0426764427348414
TTGTAGGTCAGCTGGC-1,0.9916101436597275
TTGTAGGTCATCGGAT-1,1.0121216970684952
TTGTAGGTCCCTTGTG-1,1.02935796718303
TTGTAGGTCGCACTCT-1,1.0131533163815445
TTGTAGGTCGGTGTTA-1,0.9118953193177317
TTGTAGGTCTAGAGTC-1,1.0479313319629073
TTTACTGAGATGAGAG-1,1.0193263977831737
TTTACTGAGCTACCTA-1,0.9866503023454235
TTTACTGCAAGAGGCT-1,1.012122850125658
TTTACTGCATCCTAGA-1,1.0234579521068434
TTTACTGCATTGAGCT-1,0.9673134801742652
TTTACTGCATTTGCTT-1,1.0249877660952538
TTTACTGGTACATCCA-1,1.0164360250514788
TTTACTGGTAGCACGA-1,1.0452121396360206
TTTACTGGTCATATGC-1,1.0206835939289216
TTTACTGGTCTTCGTC-1,1.0189852248722546
TTTACTGTCAACACCA-1,1.0365180456883765
TTTACTGTCAACCATG-1,0.9841765716719464
TTTACTGTCACGATGT-1,1.0327955753689926
TTTACTGTCGTCACGG-1,1.0160003411016159
TTTATGCAGAGAACAG-1,1.0327597609869539
TTTATGCAGATCCCGC-1,1.0394812402320448
TTTATGCAGATGGGTC-1,1.0109985591240553
TTTATGCAGGAGTAGA-1,1.0355090557550402
TTTATGCAGGGATCTG-1,1.0313657536885386
TTTATGCCACCGGAAA-1,1.0314771969073442
TTTATGCCACGTAAGG-1,1.0270570677839146
TTTATGCCACTCAGGC-1,0.9046832386008712
TTTATGCCATTTGCCC-1,0.8954595886352621
TTTATGCGTACCCAAT-1,1.0174983038183372
TTTATGCGTCACTGGC-1,1.021714047399342
TTTATGCTCAACCAAC-1,1.0017270928822153
TTTATGCTCAACCATG-1,0.8970091257130912
TTTATGCTCATAACCG-1,0.9939308211443082
TTTATGCTCCATGCTC-1,0.9885165045849695
TTTATGCTCGGCGCTA-1,0.9706277083715451
TTTATGCTCTATCGCC-1,1.0235615215451537
TTTCCTCAGCGCTCCA-1,1.0342742690248345
TTTCCTCAGGCTACGA-1,1.0368193838763513
TTTCCTCCACTCGACG-1,1.0351349286073845
TTTCCTCCAGTTCATG-1,0.9736537795345783
TTTCCTCCATTTGCCC-1,1.0284537060626646
TTTCCTCGTAAACGCG-1,0.9529678485121751
TTTCCTCGTAAGTGTA-1,1.0355931030104517
TTTCCTCGTCGGATCC-1,1.020114161736344
TTTCCTCGTGTCCTCT-1,1.0167981889625026
TTTCCTCGTTCAGGCC-1,1.0191360920156236
TTTCCTCTCGGGAGTA-1,1.0207010626176
TTTCCTCTCTGCGACG-1,1.035323470341203
TTTCCTCTCTTGACGA-1,1.0456107416220985
TTTCCTCTCTTGTATC-1,0.9127357913722202
TTTGCGCAGCGCCTCA-1,0.8719652570037555
TTTGCGCAGGATTCGG-1,1.0287825826555512
TTTGCGCAGTGGAGTC-1,0.8891011539010972
TTTGCGCAGTTTAGGA-1,1.0229595591141076
TTTGCGCCACACGCTG-1,1.0292344202602839
TTTGCGCCACAGATTC-1,0.9962795964749696
TTTGCGCCACTCAGGC-1,1.0401381755819967
TTTGCGCCAGCGAACA-1,0.898380758966053
TTTGCGCGTCCAGTTA-1,1.0322885248073532
TTTGCGCGTTTGGCGC-1,1.0222452068209429
TTTGCGCTCAAGAAGT-1,1.025339460489758
TTTGCGCTCCTAGAAC-1,0.9693369972159178
TTTGGTTAGAGGTTGC-1,0.9917526841103261
TTTGGTTAGGGAGTAA-1,1.025999626236079
TTTGGTTAGGGTCGAT-1,0.9038017545089486
TTTGGTTAGTGAACAT-1,1.0177929215914499
TTTGGTTAGTGGCACA-1,1.0399662034627177
TTTGGTTCAAGCCATT-1,0.9389764741746205
TTTGGTTCATTGCGGC-1,1.0287439453141705
TTTGGTTGTAAGCACG-1,1.0359657342111435
TTTGGTTGTAGCCTCG-1,1.0357722521231265
TTTGGTTGTATAATGG-1,1.0409881468339057
TTTGGTTGTGCACGAA-1,0.9837686211827592
TTTGGTTGTGCTCTTC-1,1.024925089466576
TTTGGTTGTTCAGGCC-1,1.0297263808547559
TTTGGTTTCAATAAGG-1,0.9711164929045559
TTTGGTTTCCTTTACA-1,1.0298989072906697
TTTGGTTTCGCCCTTA-1,1.0164754787565264
TTTGGTTTCGTACCGG-1,1.0055884461038636
TTTGTCAAGACGCACA-1,1.0192599500993704
TTTGTCAAGCACCGTC-1,1.0201867440342374
TTTGTCAAGCTGCAAG-1,1.0268651866982421
TTTGTCAAGTGTACCT-1,0.9739978858787699
TTTGTCACACGCATCG-1,1.0433660302277934
TTTGTCACAGATCGGA-1,0.984185828659966
TTTGTCACATCACCCT-1,1.0263134228936162
TTTGTCAGTAAACGCG-1,0.935892327294226
TTTGTCATCGACGGAA-1,1.0319038996421126
TTTGTCATCGTGGACC-1,1.031321909640442
