,accessory_gland,ejaculatory_bulb,ejaculatory_duct,seminal_vesicle
AAACCCACAACATACC-1,0.06666666666666667,0.6666666666666666,0.26666666666666666,0.0
AAACCCACAATCCTTT-1,0.03333333333333333,0.7666666666666667,0.2,0.0
AAACCCACATGTGCCG-1,0.16666666666666666,0.7333333333333333,0.1,0.0
AAACCCAGTCTGGTTA-1,0.06666666666666667,0.7,0.23333333333333334,0.0
AAACCCATCAGATTGC-1,0.13333333333333333,0.8333333333333334,0.03333333333333333,0.0
AAACCCATCATTACGG-1,0.06666666666666667,0.9333333333333333,0.0,0.0
AAACCCATCTGCCTGT-1,0.13333333333333333,0.7333333333333333,0.13333333333333333,0.0
AAACCCATCTGTGCTC-1,0.03333333333333333,0.8333333333333334,0.13333333333333333,0.0
AAACGAAAGTCGTCTA-1,0.06666666666666667,0.8,0.13333333333333333,0.0
AAACGAACACGTTCGG-1,0.06666666666666667,0.8,0.13333333333333333,0.0
AAACGAACACTAAACC-1,0.03333333333333333,0.7333333333333333,0.23333333333333334,0.0
AAACGAAGTGTGAATA-1,0.06666666666666667,0.6,0.3333333333333333,0.0
AAACGAATCCGAACGC-1,0.2,0.43333333333333335,0.36666666666666664,0.0
AAACGAATCTTACGGA-1,0.03333333333333333,0.9666666666666667,0.0,0.0
AAACGCTAGGGATCTG-1,0.1,0.9,0.0,0.0
AAACGCTAGTTGTCAC-1,0.0,0.5666666666666667,0.43333333333333335,0.0
AAACGCTCAACCGCTG-1,0.06666666666666667,0.8,0.13333333333333333,0.0
AAACGCTCATGCACTA-1,0.06666666666666667,0.7666666666666667,0.16666666666666666,0.0
AAACGCTGTCAACACT-1,0.1,0.7666666666666667,0.13333333333333333,0.0
AAACGCTGTGGCGTAA-1,0.03333333333333333,0.6,0.36666666666666664,0.0
AAACGCTTCGCTGTCT-1,0.06666666666666667,0.7,0.23333333333333334,0.0
AAAGAACAGCCTCGTG-1,0.03333333333333333,0.7,0.26666666666666666,0.0
AAAGAACCAAATGATG-1,0.03333333333333333,0.5,0.4666666666666667,0.0
AAAGAACCAACTGCTA-1,0.03333333333333333,0.7666666666666667,0.2,0.0
AAAGAACCACAGTCGC-1,0.1,0.6333333333333333,0.26666666666666666,0.0
AAAGAACGTGCATGAG-1,0.03333333333333333,0.5,0.4666666666666667,0.0
AAAGAACTCAAGGCTT-1,0.03333333333333333,0.8333333333333334,0.13333333333333333,0.0
AAAGAACTCATTGAGC-1,0.06666666666666667,0.6666666666666666,0.26666666666666666,0.0
AAAGAACTCGCTCTCA-1,0.06666666666666667,0.9,0.03333333333333333,0.0
AAAGGATCACTGGACC-1,0.06666666666666667,0.6333333333333333,0.3,0.0
AAAGGATCATATACCG-1,0.13333333333333333,0.8,0.06666666666666667,0.0
AAAGGATCATTATGCG-1,0.06666666666666667,0.9,0.03333333333333333,0.0
AAAGGATTCACGAGGA-1,0.03333333333333333,0.7666666666666667,0.2,0.0
AAAGGATTCTGGAGAG-1,0.13333333333333333,0.6333333333333333,0.23333333333333334,0.0
AAAGGGCAGGCTCTAT-1,0.06666666666666667,0.7,0.23333333333333334,0.0
AAAGGGCCAACTCCCT-1,0.13333333333333333,0.5,0.36666666666666664,0.0
AAAGGGCCAGTCGCTG-1,0.06666666666666667,0.6666666666666666,0.23333333333333334,0.03333333333333333
AAAGGGCCATGAAGGC-1,0.06666666666666667,0.8333333333333334,0.1,0.0
AAAGGGCGTATCAAGA-1,0.1,0.8333333333333334,0.06666666666666667,0.0
AAAGGGCTCTTGGCTC-1,0.06666666666666667,0.8,0.1,0.03333333333333333
AAAGGTAAGAAGCGCT-1,0.03333333333333333,0.5666666666666667,0.4,0.0
AAAGGTAAGACATATG-1,0.13333333333333333,0.8666666666666667,0.0,0.0
AAAGGTAAGCCTATCA-1,0.13333333333333333,0.8,0.06666666666666667,0.0
AAAGGTAAGGTGGTTG-1,0.16666666666666666,0.6666666666666666,0.16666666666666666,0.0
AAAGGTACACAGCTTA-1,0.1,0.6333333333333333,0.26666666666666666,0.0
AAAGGTACATCGAACT-1,0.0,0.6333333333333333,0.36666666666666664,0.0
AAAGGTAGTGCATGAG-1,0.03333333333333333,0.6666666666666666,0.3,0.0
AAAGGTATCGTTTACT-1,0.03333333333333333,0.9333333333333333,0.03333333333333333,0.0
AAAGTCCAGCTACTAC-1,0.13333333333333333,0.5,0.36666666666666664,0.0
AAAGTCCCACAAATGA-1,0.03333333333333333,0.8,0.16666666666666666,0.0
AAAGTCCCACACACTA-1,0.03333333333333333,0.7666666666666667,0.2,0.0
AAAGTCCGTTATAGCC-1,0.06666666666666667,0.5,0.43333333333333335,0.0
AAAGTCCTCGGTAGGA-1,0.1,0.6333333333333333,0.26666666666666666,0.0
AAAGTGAAGATTAGAC-1,0.06666666666666667,0.8333333333333334,0.1,0.0
AAAGTGACATAGCACT-1,0.03333333333333333,0.7333333333333333,0.23333333333333334,0.0
AAAGTGAGTTCCAAAC-1,0.1,0.8,0.1,0.0
AAATGGACAAGGTCGA-1,0.06666666666666667,0.5666666666666667,0.36666666666666664,0.0
AAATGGACACGCCACA-1,0.1,0.7666666666666667,0.13333333333333333,0.0
AAATGGACAGAGTTGG-1,0.0,0.9,0.1,0.0
AAATGGACATCCGTGG-1,0.03333333333333333,0.5333333333333333,0.43333333333333335,0.0
AAATGGACATGAATCC-1,0.16666666666666666,0.7333333333333333,0.1,0.0
AAATGGATCAGGAAGC-1,0.06666666666666667,0.9,0.03333333333333333,0.0
AAATGGATCATTGCCC-1,0.1,0.8,0.1,0.0
AAATGGATCGGCTCTT-1,0.13333333333333333,0.7333333333333333,0.13333333333333333,0.0
AACAAAGCAGAAGTGC-1,0.1,0.8333333333333334,0.06666666666666667,0.0
AACAAAGGTACGATGG-1,0.1,0.8333333333333334,0.06666666666666667,0.0
AACAAAGGTTGTCATG-1,0.1,0.7333333333333333,0.16666666666666666,0.0
AACAAAGTCTAGGCAT-1,0.03333333333333333,0.9333333333333333,0.03333333333333333,0.0
AACAACCAGAGCAGAA-1,0.03333333333333333,0.8666666666666667,0.1,0.0
AACAACCAGGCTATCT-1,0.16666666666666666,0.6666666666666666,0.16666666666666666,0.0
AACAACCAGGTAGTCG-1,0.1,0.7666666666666667,0.13333333333333333,0.0
AACAACCCAGACAAGC-1,0.03333333333333333,0.7666666666666667,0.2,0.0
AACAACCGTAAGATTG-1,0.06666666666666667,0.8,0.13333333333333333,0.0
AACAACCGTTCAGGTT-1,0.06666666666666667,0.7333333333333333,0.2,0.0
AACAAGAAGGCCTGCT-1,0.2,0.7333333333333333,0.06666666666666667,0.0
AACAAGAAGTCCGTCG-1,0.03333333333333333,0.8666666666666667,0.1,0.0
AACAAGAAGTCTCCTC-1,0.1,0.6333333333333333,0.26666666666666666,0.0
AACAAGACACTACGGC-1,0.1,0.7,0.2,0.0
AACAAGAGTGGCTACC-1,0.0,0.9666666666666667,0.03333333333333333,0.0
AACAAGATCCTTCACG-1,0.06666666666666667,0.8,0.13333333333333333,0.0
AACACACAGCCGATAG-1,0.1,0.8,0.1,0.0
AACACACCAAGTGATA-1,0.06666666666666667,0.8,0.13333333333333333,0.0
AACACACCACATAGCT-1,0.1,0.8,0.1,0.0
AACACACGTACTAACC-1,0.06666666666666667,0.7,0.23333333333333334,0.0
AACACACTCGACCAAT-1,0.03333333333333333,0.9,0.06666666666666667,0.0
AACACACTCGACTCCT-1,0.06666666666666667,0.6333333333333333,0.3,0.0
AACACACTCGGTAGAG-1,0.23333333333333334,0.7,0.06666666666666667,0.0
AACACACTCGTGAGAG-1,0.03333333333333333,0.8666666666666667,0.1,0.0
AACAGGGAGTCAATCC-1,0.16666666666666666,0.7333333333333333,0.1,0.0
AACAGGGGTCCTCAGG-1,0.2,0.5333333333333333,0.26666666666666666,0.0
AACAGGGGTCTCTCAC-1,0.1,0.8333333333333334,0.06666666666666667,0.0
AACAGGGTCGACGCTG-1,0.13333333333333333,0.7333333333333333,0.13333333333333333,0.0
AACCAACAGCCATTGT-1,0.03333333333333333,0.8,0.16666666666666666,0.0
AACCAACAGTCATTGC-1,0.06666666666666667,0.6666666666666666,0.26666666666666666,0.0
AACCAACCACGACGCT-1,0.16666666666666666,0.8,0.03333333333333333,0.0
AACCAACCACTACGGC-1,0.0,0.7666666666666667,0.23333333333333334,0.0
AACCAACGTACCTATG-1,0.03333333333333333,0.8,0.16666666666666666,0.0
AACCAACGTATCTTCT-1,0.03333333333333333,0.9,0.06666666666666667,0.0
AACCAACGTGCCGGTT-1,0.06666666666666667,0.8333333333333334,0.1,0.0
AACCAACTCGCAGAGA-1,0.1,0.6666666666666666,0.23333333333333334,0.0
AACCACAAGAAACTAC-1,0.06666666666666667,0.7,0.23333333333333334,0.0
AACCACAAGCATCCTA-1,0.1,0.7333333333333333,0.16666666666666666,0.0
AACCACACAGAAGTTA-1,0.1,0.6333333333333333,0.26666666666666666,0.0
AACCACAGTGGCACTC-1,0.1,0.7333333333333333,0.16666666666666666,0.0
AACCACAGTTGGTACT-1,0.1,0.7666666666666667,0.13333333333333333,0.0
AACCACAGTTTACGTG-1,0.03333333333333333,0.5,0.4666666666666667,0.0
AACCACATCTACAGGT-1,0.06666666666666667,0.4666666666666667,0.4666666666666667,0.0
AACCACATCTAGGAAA-1,0.03333333333333333,0.7,0.26666666666666666,0.0
AACCATGAGCCTAGGA-1,0.06666666666666667,0.6666666666666666,0.26666666666666666,0.0
AACCATGGTTGTAGCT-1,0.2,0.5666666666666667,0.23333333333333334,0.0
AACCATGTCCTTCGAC-1,0.03333333333333333,0.9333333333333333,0.03333333333333333,0.0
AACCCAACACGGCACT-1,0.13333333333333333,0.6,0.26666666666666666,0.0
AACCTGAAGAGGGTCT-1,0.06666666666666667,0.4,0.5333333333333333,0.0
AACCTGAAGCGTACAG-1,0.1,0.6,0.3,0.0
AACCTGAAGGCTAAAT-1,0.1,0.5333333333333333,0.36666666666666664,0.0
AACCTGAAGGTCATTC-1,0.1,0.6,0.3,0.0
AACCTGAAGTCTAGCT-1,0.06666666666666667,0.9,0.03333333333333333,0.0
AACCTGACAGACCAAG-1,0.06666666666666667,0.7333333333333333,0.2,0.0
AACCTGACAGGCACAA-1,0.1,0.9,0.0,0.0
AACCTGAGTCTAACGT-1,0.16666666666666666,0.7333333333333333,0.1,0.0
AACCTTTAGAGGTCAC-1,0.13333333333333333,0.7,0.16666666666666666,0.0
AACCTTTAGCAAGGAA-1,0.03333333333333333,0.6333333333333333,0.3333333333333333,0.0
AACCTTTAGGAATTAC-1,0.06666666666666667,0.7,0.23333333333333334,0.0
AACCTTTGTTGGGACA-1,0.1,0.7333333333333333,0.16666666666666666,0.0
AACCTTTTCATGCGGC-1,0.16666666666666666,0.7,0.1,0.03333333333333333
AACCTTTTCATTTGGG-1,0.1,0.7333333333333333,0.16666666666666666,0.0
AACGAAAAGATTAGCA-1,0.06666666666666667,0.5666666666666667,0.36666666666666664,0.0
AACGAAAAGTCGCCAC-1,0.23333333333333334,0.6666666666666666,0.1,0.0
AACGAAAGTATCCTTT-1,0.06666666666666667,0.6,0.3,0.03333333333333333
AACGAAAGTGTCCACG-1,0.13333333333333333,0.5,0.36666666666666664,0.0
AACGAAATCACATCAG-1,0.13333333333333333,0.6666666666666666,0.2,0.0
AACGAAATCGCGTCGA-1,0.06666666666666667,0.6666666666666666,0.26666666666666666,0.0
AACGAAATCGTACCTC-1,0.0,0.8333333333333334,0.16666666666666666,0.0
AACGAAATCTCAGTCC-1,0.2,0.7,0.1,0.0
AACGGGAAGTATAACG-1,0.0,1.0,0.0,0.0
AACGGGAAGTTCGCAT-1,0.03333333333333333,0.5333333333333333,0.43333333333333335,0.0
AACGGGAAGTTGTAGA-1,0.1,0.6666666666666666,0.23333333333333334,0.0
AACGGGAGTCTATGAC-1,0.06666666666666667,0.7333333333333333,0.2,0.0
AACGGGAGTGGTAATA-1,0.03333333333333333,0.7333333333333333,0.23333333333333334,0.0
AACGGGATCTATGCCC-1,0.06666666666666667,0.6,0.3333333333333333,0.0
AACGTCAAGACTCCGC-1,0.06666666666666667,0.8666666666666667,0.06666666666666667,0.0
AACGTCAAGCACGGAT-1,0.13333333333333333,0.8333333333333334,0.03333333333333333,0.0
AACGTCACAGATACTC-1,0.1,0.8333333333333334,0.06666666666666667,0.0
AACGTCACAGGAACCA-1,0.06666666666666667,0.7666666666666667,0.16666666666666666,0.0
AACGTCAGTACTCGCG-1,0.1,0.8666666666666667,0.03333333333333333,0.0
AACGTCAGTCGCGTTG-1,0.06666666666666667,0.9,0.03333333333333333,0.0
AACGTCATCGGCAGTC-1,0.06666666666666667,0.7,0.23333333333333334,0.0
AACGTCATCGTCCATC-1,0.06666666666666667,0.8666666666666667,0.06666666666666667,0.0
AACTTCTGTATTTCTC-1,0.06666666666666667,0.6666666666666666,0.26666666666666666,0.0
AACTTCTGTGAAAGTT-1,0.06666666666666667,0.8333333333333334,0.1,0.0
AACTTCTTCATGCCCT-1,0.0,0.5666666666666667,0.43333333333333335,0.0
AACTTCTTCCGGGACT-1,0.13333333333333333,0.7666666666666667,0.1,0.0
AAGAACAAGAGCATAT-1,0.06666666666666667,0.4666666666666667,0.4666666666666667,0.0
AAGAACAAGCCAGAGT-1,0.06666666666666667,0.8666666666666667,0.06666666666666667,0.0
AAGAACAGTGTGAGCA-1,0.03333333333333333,0.5666666666666667,0.4,0.0
AAGACAACACCTCTAC-1,0.03333333333333333,0.5333333333333333,0.43333333333333335,0.0
AAGACAACAGGTAGTG-1,0.16666666666666666,0.7333333333333333,0.1,0.0
AAGACAAGTGAGCAGT-1,0.1,0.8333333333333334,0.06666666666666667,0.0
AAGACAAGTGGACAGT-1,0.03333333333333333,0.8333333333333334,0.13333333333333333,0.0
AAGACAAGTTAGGCTT-1,0.16666666666666666,0.7666666666666667,0.06666666666666667,0.0
AAGACTCAGACATAAC-1,0.13333333333333333,0.6333333333333333,0.23333333333333334,0.0
AAGACTCAGACGCAGT-1,0.1,0.8,0.1,0.0
AAGACTCCAACAAAGT-1,0.1,0.7666666666666667,0.13333333333333333,0.0
AAGACTCCATGAATCC-1,0.06666666666666667,0.7,0.23333333333333334,0.0
AAGACTCGTAGCTGTT-1,0.06666666666666667,0.8,0.13333333333333333,0.0
AAGACTCTCGTCAAAC-1,0.13333333333333333,0.6666666666666666,0.2,0.0
AAGATAGAGACCTTTG-1,0.1,0.7666666666666667,0.13333333333333333,0.0
AAGATAGCACGCGTGT-1,0.06666666666666667,0.8333333333333334,0.1,0.0
AAGATAGCAGAAATCA-1,0.1,0.7666666666666667,0.13333333333333333,0.0
AAGATAGTCGACACCG-1,0.13333333333333333,0.7,0.16666666666666666,0.0
AAGCATCAGCGGGTTA-1,0.06666666666666667,0.6666666666666666,0.26666666666666666,0.0
AAGCATCAGGTCCAGA-1,0.1,0.7,0.2,0.0
AAGCATCCAACACACT-1,0.1,0.9,0.0,0.0
AAGCATCGTATCTCGA-1,0.06666666666666667,0.8333333333333334,0.1,0.0
AAGCATCGTCTCGGGT-1,0.03333333333333333,0.8,0.16666666666666666,0.0
AAGCATCTCCAAGAGG-1,0.06666666666666667,0.9,0.03333333333333333,0.0
AAGCATCTCGAGCCTG-1,0.13333333333333333,0.8,0.06666666666666667,0.0
AAGCCATAGAGATCGC-1,0.1,0.8333333333333334,0.06666666666666667,0.0
AAGCCATCAATCAGCT-1,0.16666666666666666,0.7333333333333333,0.1,0.0
AAGCCATGTCTCAAGT-1,0.03333333333333333,0.7333333333333333,0.23333333333333334,0.0
AAGCCATGTCTTACAG-1,0.06666666666666667,0.6666666666666666,0.26666666666666666,0.0
AAGCCATGTTGTTGAC-1,0.03333333333333333,0.7666666666666667,0.2,0.0
AAGCCATTCCGCATAA-1,0.03333333333333333,0.8,0.16666666666666666,0.0
AAGCGAGAGCTTACGT-1,0.03333333333333333,0.6666666666666666,0.3,0.0
AAGCGAGAGGCACCAA-1,0.06666666666666667,0.7,0.23333333333333334,0.0
AAGCGAGCACTTCCTG-1,0.1,0.6,0.26666666666666666,0.03333333333333333
AAGCGAGCAGCTTCCT-1,0.1,0.6333333333333333,0.26666666666666666,0.0
AAGCGAGTCTAGTCAG-1,0.13333333333333333,0.8,0.06666666666666667,0.0
AAGCGAGTCTCCCAAC-1,0.16666666666666666,0.8,0.03333333333333333,0.0
AAGCGTTAGACGGATC-1,0.06666666666666667,0.7333333333333333,0.2,0.0
AAGCGTTAGATTGACA-1,0.03333333333333333,0.8666666666666667,0.1,0.0
AAGCGTTAGTTCCTGA-1,0.16666666666666666,0.7666666666666667,0.06666666666666667,0.0
AAGCGTTCATGCCGCA-1,0.06666666666666667,0.6666666666666666,0.26666666666666666,0.0
AAGCGTTGTCACTACA-1,0.0,0.7333333333333333,0.26666666666666666,0.0
AAGCGTTGTCCCTCAT-1,0.16666666666666666,0.7333333333333333,0.1,0.0
AAGCGTTGTCCGGCAT-1,0.06666666666666667,0.8333333333333334,0.1,0.0
AAGCGTTGTCGCACGT-1,0.06666666666666667,0.7666666666666667,0.16666666666666666,0.0
AAGCGTTGTCGTTATG-1,0.1,0.7666666666666667,0.13333333333333333,0.0
AAGCGTTTCATTCTTG-1,0.1,0.7666666666666667,0.13333333333333333,0.0
AAGCGTTTCGAGAAGC-1,0.1,0.8,0.1,0.0
AAGGAATAGCACGATG-1,0.1,0.6333333333333333,0.23333333333333334,0.03333333333333333
AAGGAATCACGCTGAC-1,0.13333333333333333,0.6333333333333333,0.23333333333333334,0.0
AAGGAATTCAGTCACA-1,0.1,0.8333333333333334,0.06666666666666667,0.0
AAGGAATTCCGTGGTG-1,0.03333333333333333,0.6666666666666666,0.3,0.0
AAGGTAAAGGCGTCCT-1,0.06666666666666667,0.6333333333333333,0.3,0.0
AAGGTAAAGGGAGAAT-1,0.06666666666666667,0.8333333333333334,0.1,0.0
AAGGTAAAGTACAGAT-1,0.06666666666666667,0.8666666666666667,0.06666666666666667,0.0
AAGGTAACAACTCATG-1,0.1,0.7333333333333333,0.16666666666666666,0.0
AAGGTAAGTGTTGAGG-1,0.1,0.7333333333333333,0.16666666666666666,0.0
AAGGTAATCACTGAAC-1,0.1,0.8333333333333334,0.06666666666666667,0.0
AAGGTAATCTCCTGCA-1,0.13333333333333333,0.6666666666666666,0.2,0.0
AAGGTAATCTGGACTA-1,0.13333333333333333,0.7666666666666667,0.1,0.0
AAGTACCAGCCATTTG-1,0.13333333333333333,0.7,0.16666666666666666,0.0
AAGTACCCACGCGTCA-1,0.03333333333333333,0.6,0.36666666666666664,0.0
AAGTACCCAGGTGTGA-1,0.2,0.7,0.1,0.0
AAGTACCGTCCAGAAG-1,0.0,0.6666666666666666,0.3333333333333333,0.0
AAGTACCGTCTGTGGC-1,0.06666666666666667,0.6333333333333333,0.3,0.0
AAGTACCTCATGCCGG-1,0.03333333333333333,0.9,0.06666666666666667,0.0
AAGTACCTCTAAGAAG-1,0.06666666666666667,0.8333333333333334,0.1,0.0
AAGTCGTAGTGCTAGG-1,0.13333333333333333,0.8,0.06666666666666667,0.0
AAGTCGTCACGGTGTC-1,0.1,0.6,0.3,0.0
AAGTCGTGTTAAAGTG-1,0.1,0.7333333333333333,0.16666666666666666,0.0
AAGTCGTGTTAGTCGT-1,0.13333333333333333,0.8666666666666667,0.0,0.0
AAGTCGTTCCACGTGG-1,0.06666666666666667,0.6333333333333333,0.3,0.0
AAGTCGTTCCGAAGGA-1,0.03333333333333333,0.6333333333333333,0.3333333333333333,0.0
AAGTGAAAGATTAGTG-1,0.06666666666666667,0.9333333333333333,0.0,0.0
AAGTGAAAGCAGGCAT-1,0.03333333333333333,0.8,0.16666666666666666,0.0
AAGTGAACACTTCATT-1,0.1,0.7666666666666667,0.13333333333333333,0.0
AAGTGAAGTCCGTTTC-1,0.03333333333333333,0.9,0.06666666666666667,0.0
AAGTGAAGTTACTCAG-1,0.13333333333333333,0.7,0.16666666666666666,0.0
AAGTGAATCAATGTCG-1,0.1,0.6333333333333333,0.26666666666666666,0.0
AAGTGAATCACAATGC-1,0.03333333333333333,0.8666666666666667,0.1,0.0
AAGTGAATCGACGCGT-1,0.13333333333333333,0.5666666666666667,0.3,0.0
AAGTTCGAGCATCAAA-1,0.13333333333333333,0.6666666666666666,0.2,0.0
AAGTTCGAGTCATACC-1,0.03333333333333333,0.8666666666666667,0.1,0.0
AAGTTCGCAGGTATGG-1,0.03333333333333333,0.6333333333333333,0.3333333333333333,0.0
AAGTTCGCATTCATCT-1,0.03333333333333333,0.5333333333333333,0.43333333333333335,0.0
AAGTTCGGTGAAAGTT-1,0.06666666666666667,0.7333333333333333,0.2,0.0
AAGTTCGGTTCTTGCC-1,0.06666666666666667,0.7333333333333333,0.2,0.0
AATAGAGAGATAGTCA-1,0.03333333333333333,0.8333333333333334,0.13333333333333333,0.0
AATAGAGCATGAGTAA-1,0.1,0.7333333333333333,0.16666666666666666,0.0
AATAGAGGTACTTCCC-1,0.1,0.7666666666666667,0.13333333333333333,0.0
AATAGAGTCCTCTGCA-1,0.03333333333333333,0.7666666666666667,0.2,0.0
AATAGAGTCGTGGTAT-1,0.03333333333333333,0.8,0.16666666666666666,0.0
AATAGAGTCTGGACCG-1,0.2,0.8,0.0,0.0
AATCACGAGACCGTTT-1,0.03333333333333333,0.7333333333333333,0.23333333333333334,0.0
AATCACGAGACCTCCG-1,0.06666666666666667,0.5666666666666667,0.36666666666666664,0.0
AATCACGAGCATGATA-1,0.13333333333333333,0.7333333333333333,0.13333333333333333,0.0
AATCACGAGGTATAGT-1,0.06666666666666667,0.6333333333333333,0.3,0.0
AATCACGAGTCACTCA-1,0.13333333333333333,0.5,0.36666666666666664,0.0
AATCACGCAACTAGAA-1,0.06666666666666667,0.8333333333333334,0.1,0.0
AATCACGCAATCTCGA-1,0.1,0.8,0.1,0.0
AATCACGTCCAAGCTA-1,0.1,0.6,0.3,0.0
AATCGACAGGAGAATG-1,0.03333333333333333,0.6333333333333333,0.3333333333333333,0.0
AATCGACAGGCTCTAT-1,0.1,0.7333333333333333,0.16666666666666666,0.0
AATCGACCACCTTCGT-1,0.13333333333333333,0.7,0.16666666666666666,0.0
AATCGACCAGAGCCCT-1,0.06666666666666667,0.7666666666666667,0.16666666666666666,0.0
AATCGACGTACCGGCT-1,0.1,0.7,0.2,0.0
AATCGACGTATAGCTC-1,0.0,0.9333333333333333,0.06666666666666667,0.0
AATCGACGTCGCCACA-1,0.03333333333333333,0.8666666666666667,0.1,0.0
AATCGACGTGGCTTGC-1,0.1,0.8,0.1,0.0
AATCGACTCCCGAGTG-1,0.06666666666666667,0.6666666666666666,0.26666666666666666,0.0
AATCGACTCCTTCGAC-1,0.16666666666666666,0.7333333333333333,0.1,0.0
AATCGTGAGCGTGTCC-1,0.1,0.6666666666666666,0.23333333333333334,0.0
AATCGTGCATGACTAC-1,0.03333333333333333,0.5666666666666667,0.4,0.0
AATCGTGTCGATCCAA-1,0.03333333333333333,0.8666666666666667,0.1,0.0
AATCGTGTCTGGGCCA-1,0.1,0.8,0.1,0.0
AATGAAGAGGTCCCTG-1,0.1,0.8,0.1,0.0
AATGAAGCAGCTGTAT-1,0.06666666666666667,0.5,0.43333333333333335,0.0
AATGAAGGTGATGTAA-1,0.03333333333333333,0.7666666666666667,0.2,0.0
AATGAAGTCCTACGAA-1,0.1,0.7333333333333333,0.16666666666666666,0.0
AATGACCAGCCTGAGA-1,0.06666666666666667,0.7333333333333333,0.2,0.0
AATGACCGTCACCCTT-1,0.03333333333333333,0.6666666666666666,0.3,0.0
AATGACCGTGGCAACA-1,0.06666666666666667,0.43333333333333335,0.5,0.0
AATGACCTCACGTCCT-1,0.1,0.43333333333333335,0.4666666666666667,0.0
AATGACCTCTAAGAAG-1,0.03333333333333333,0.6333333333333333,0.3333333333333333,0.0
AATGCCAAGAGAGCGG-1,0.06666666666666667,0.5333333333333333,0.4,0.0
AATGCCAAGTGAGTGC-1,0.03333333333333333,0.6,0.36666666666666664,0.0
AATGCCACAACGGTAG-1,0.03333333333333333,0.8,0.16666666666666666,0.0
AATGCCACACCTGCAG-1,0.03333333333333333,0.6666666666666666,0.3,0.0
AATGCCAGTCCCAAAT-1,0.06666666666666667,0.7333333333333333,0.2,0.0
AATGCCAGTCCGGATC-1,0.1,0.5,0.4,0.0
AATGGAAAGCATCCTA-1,0.06666666666666667,0.7333333333333333,0.2,0.0
AATGGAAAGGTCACCC-1,0.1,0.7,0.2,0.0
AATGGAACAGTATACC-1,0.03333333333333333,0.8333333333333334,0.13333333333333333,0.0
AATGGAAGTCTCAGAT-1,0.16666666666666666,0.6,0.23333333333333334,0.0
AATGGAAGTGTGTCGC-1,0.06666666666666667,0.7333333333333333,0.2,0.0
AATGGAAGTTATTCTC-1,0.06666666666666667,0.9333333333333333,0.0,0.0
AATGGCTAGGGCAAGG-1,0.06666666666666667,0.9,0.03333333333333333,0.0
AATGGCTAGTGCTACT-1,0.2,0.6333333333333333,0.16666666666666666,0.0
AATGGCTCAAGCAATA-1,0.06666666666666667,0.6,0.3333333333333333,0.0
AATGGCTCACCAGTTA-1,0.06666666666666667,0.5666666666666667,0.36666666666666664,0.0
AATGGCTCACCCTAGG-1,0.13333333333333333,0.8666666666666667,0.0,0.0
AATGGCTCAGGCTACC-1,0.1,0.5,0.4,0.0
AATGGCTCATCTCGTC-1,0.1,0.6666666666666666,0.23333333333333334,0.0
AATGGCTGTGAATAAC-1,0.2,0.7666666666666667,0.03333333333333333,0.0
AATGGCTTCTAGAACC-1,0.1,0.8,0.1,0.0
AATTCCTAGGTTCCAT-1,0.1,0.7333333333333333,0.16666666666666666,0.0
AATTCCTCAAGATGGC-1,0.03333333333333333,0.6666666666666666,0.3,0.0
AATTCCTGTAACTGCT-1,0.06666666666666667,0.9,0.03333333333333333,0.0
AATTCCTGTAGATTGA-1,0.0,0.9333333333333333,0.06666666666666667,0.0
AATTCCTGTCCTCAGG-1,0.06666666666666667,0.4666666666666667,0.4666666666666667,0.0
AATTCCTGTCCTCCAT-1,0.13333333333333333,0.7666666666666667,0.1,0.0
AATTCCTTCAATCGGT-1,0.06666666666666667,0.9,0.03333333333333333,0.0
AATTCCTTCATGAGGG-1,0.13333333333333333,0.5,0.36666666666666664,0.0
AATTTCCCACACGGTC-1,0.03333333333333333,0.5666666666666667,0.4,0.0
AATTTCCCATGTGCCG-1,0.1,0.6666666666666666,0.23333333333333334,0.0
AATTTCCGTCACTCTC-1,0.13333333333333333,0.6333333333333333,0.23333333333333334,0.0
AATTTCCGTGCACAAG-1,0.06666666666666667,0.8666666666666667,0.06666666666666667,0.0
AATTTCCTCCGTATGA-1,0.0,0.6666666666666666,0.3333333333333333,0.0
AATTTCCTCGACGATT-1,0.03333333333333333,0.9333333333333333,0.03333333333333333,0.0
AATTTCCTCGCTAGCG-1,0.03333333333333333,0.6,0.36666666666666664,0.0
ACAAAGACATCATCTT-1,0.06666666666666667,0.5,0.4,0.03333333333333333
ACAAAGAGTATCCCTC-1,0.06666666666666667,0.8666666666666667,0.06666666666666667,0.0
ACAAAGAGTCAAGCGA-1,0.06666666666666667,0.6,0.3333333333333333,0.0
ACAAAGATCCCTGGTT-1,0.06666666666666667,0.36666666666666664,0.5666666666666667,0.0
ACAAAGATCGACCCAG-1,0.06666666666666667,0.6,0.3333333333333333,0.0
ACAACCAAGGCTTCCG-1,0.03333333333333333,0.6666666666666666,0.3,0.0
ACAACCAAGGGATGTC-1,0.1,0.5333333333333333,0.36666666666666664,0.0
ACAACCACAGGTTCGC-1,0.1,0.9,0.0,0.0
ACAACCACATCGCTGG-1,0.03333333333333333,0.4666666666666667,0.5,0.0
ACAACCAGTCTAGTGT-1,0.06666666666666667,0.9333333333333333,0.0,0.0
ACAACCATCCTATTGT-1,0.1,0.8333333333333334,0.06666666666666667,0.0
ACAACCATCGCTGACG-1,0.13333333333333333,0.8,0.06666666666666667,0.0
ACAACCATCTAGCATG-1,0.06666666666666667,0.7,0.23333333333333334,0.0
ACAAGCTAGGGAACAA-1,0.06666666666666667,0.6666666666666666,0.26666666666666666,0.0
ACAAGCTAGTAGCCAG-1,0.06666666666666667,0.7,0.23333333333333334,0.0
ACAAGCTCAAAGCTAA-1,0.1,0.8333333333333334,0.06666666666666667,0.0
ACAAGCTCAACTGAAA-1,0.1,0.7333333333333333,0.16666666666666666,0.0
ACAAGCTCAAGCTGCC-1,0.0,0.7333333333333333,0.26666666666666666,0.0
ACAAGCTCACGTCGGT-1,0.06666666666666667,0.7,0.23333333333333334,0.0
ACAAGCTGTATTTCGG-1,0.06666666666666667,0.8,0.13333333333333333,0.0
ACAAGCTGTCAACCTA-1,0.13333333333333333,0.8,0.06666666666666667,0.0
ACACAGTAGAAAGTCT-1,0.26666666666666666,0.5666666666666667,0.16666666666666666,0.0
ACACAGTAGGCCCGTT-1,0.16666666666666666,0.7,0.13333333333333333,0.0
ACACAGTAGGTACAAT-1,0.03333333333333333,0.9333333333333333,0.03333333333333333,0.0
ACACAGTCATACCAGT-1,0.03333333333333333,0.7666666666666667,0.2,0.0
ACACAGTTCCGGGACT-1,0.06666666666666667,0.8333333333333334,0.1,0.0
ACACAGTTCGCAGTTA-1,0.03333333333333333,0.8333333333333334,0.13333333333333333,0.0
ACACAGTTCGTAGCTA-1,0.06666666666666667,0.7333333333333333,0.2,0.0
ACACAGTTCGTCCTTG-1,0.13333333333333333,0.7,0.16666666666666666,0.0
ACACCAACAATGTGGG-1,0.1,0.5666666666666667,0.3333333333333333,0.0
ACACCAACACTACAGT-1,0.13333333333333333,0.8666666666666667,0.0,0.0
ACACCAAGTACCGGCT-1,0.13333333333333333,0.7666666666666667,0.1,0.0
ACACCAAGTGCCTGCA-1,0.13333333333333333,0.6,0.26666666666666666,0.0
ACACCAATCATTATCC-1,0.16666666666666666,0.7666666666666667,0.06666666666666667,0.0
ACACCAATCGTGACTA-1,0.26666666666666666,0.6,0.1,0.03333333333333333
ACACCAATCTAGGCAT-1,0.1,0.8333333333333334,0.06666666666666667,0.0
ACACGCGAGACCAACG-1,0.1,0.6,0.3,0.0
ACACGCGAGGTTCATC-1,0.1,0.5333333333333333,0.36666666666666664,0.0
ACACGCGCAATCTAGC-1,0.1,0.6,0.3,0.0
ACACGCGCAGCAATTC-1,0.2,0.7,0.1,0.0
ACACGCGCAGCTCGGT-1,0.06666666666666667,0.5666666666666667,0.36666666666666664,0.0
ACACGCGGTCTCTCAC-1,0.06666666666666667,0.6666666666666666,0.26666666666666666,0.0
ACACGCGGTTAAACAG-1,0.03333333333333333,0.5666666666666667,0.4,0.0
ACACGCGTCCCTGGTT-1,0.1,0.7666666666666667,0.13333333333333333,0.0
ACACTGAAGCTCCATA-1,0.13333333333333333,0.6,0.26666666666666666,0.0
ACACTGAAGGCAGGGA-1,0.06666666666666667,0.7,0.23333333333333334,0.0
ACACTGAAGGTCATAA-1,0.06666666666666667,0.9,0.03333333333333333,0.0
ACACTGACAGGCGATA-1,0.1,0.7,0.2,0.0
ACACTGAGTACCTAAC-1,0.06666666666666667,0.7,0.23333333333333334,0.0
ACACTGAGTAGGGAGG-1,0.1,0.8333333333333334,0.06666666666666667,0.0
ACAGAAAGTCCAGTTA-1,0.16666666666666666,0.7,0.13333333333333333,0.0
ACAGAAAGTGCAAGAC-1,0.03333333333333333,0.6333333333333333,0.3333333333333333,0.0
ACAGAAAGTGTTAGCT-1,0.06666666666666667,0.7,0.23333333333333334,0.0
ACAGCCGAGACCGCCT-1,0.03333333333333333,0.7,0.26666666666666666,0.0
ACAGCCGAGGTAGTCG-1,0.03333333333333333,0.5666666666666667,0.4,0.0
ACAGCCGAGGTGGGTT-1,0.1,0.8333333333333334,0.06666666666666667,0.0
ACAGCCGAGTAGTGCG-1,0.06666666666666667,0.8333333333333334,0.1,0.0
ACAGCCGAGTCACACT-1,0.13333333333333333,0.5,0.36666666666666664,0.0
ACAGCCGCAACCGCCA-1,0.03333333333333333,0.7333333333333333,0.23333333333333334,0.0
ACAGCCGCAGAACGCA-1,0.06666666666666667,0.5666666666666667,0.36666666666666664,0.0
ACAGCCGCATTGAGCT-1,0.03333333333333333,0.8,0.16666666666666666,0.0
ACAGCCGGTCCTCATC-1,0.13333333333333333,0.6,0.26666666666666666,0.0
ACAGCCGGTCGCTTAA-1,0.1,0.6333333333333333,0.26666666666666666,0.0
ACAGCCGGTGTCCATA-1,0.0,0.6666666666666666,0.3333333333333333,0.0
ACAGCCGGTTGGTACT-1,0.06666666666666667,0.9333333333333333,0.0,0.0
ACAGCCGTCCACCCTA-1,0.2,0.6333333333333333,0.16666666666666666,0.0
ACAGCCGTCCATCTCG-1,0.06666666666666667,0.8666666666666667,0.06666666666666667,0.0
ACAGCCGTCGAGAACG-1,0.1,0.8333333333333334,0.06666666666666667,0.0
ACAGCCGTCGTTCCCA-1,0.03333333333333333,0.8333333333333334,0.13333333333333333,0.0
ACAGGGAAGAATAACC-1,0.03333333333333333,0.8,0.16666666666666666,0.0
ACAGGGAAGAATACAC-1,0.1,0.7666666666666667,0.13333333333333333,0.0
ACAGGGAAGACCGCCT-1,0.06666666666666667,0.8,0.13333333333333333,0.0
ACAGGGAAGACTACCT-1,0.03333333333333333,0.6333333333333333,0.3333333333333333,0.0
ACAGGGAAGTGCGACA-1,0.03333333333333333,0.7333333333333333,0.23333333333333334,0.0
ACAGGGACAACGTAAA-1,0.13333333333333333,0.43333333333333335,0.43333333333333335,0.0
ACAGGGACAGACAAGC-1,0.1,0.7,0.2,0.0
ACAGGGAGTCACGTGC-1,0.06666666666666667,0.9,0.03333333333333333,0.0
ACATCCCCACCTGAAT-1,0.16666666666666666,0.6666666666666666,0.16666666666666666,0.0
ACATCCCCAGCAGTTT-1,0.1,0.6333333333333333,0.26666666666666666,0.0
ACATCCCCATGGCTGC-1,0.06666666666666667,0.7333333333333333,0.2,0.0
ACATCCCGTGAGACGT-1,0.1,0.7666666666666667,0.13333333333333333,0.0
ACATCCCTCACGTAGT-1,0.13333333333333333,0.6,0.26666666666666666,0.0
ACATCCCTCAGCTCTC-1,0.1,0.6,0.3,0.0
ACATCCCTCGTCAGAT-1,0.13333333333333333,0.7666666666666667,0.1,0.0
ACATCCCTCTAGTGTG-1,0.03333333333333333,0.7666666666666667,0.2,0.0
ACATCCCTCTCCGAAA-1,0.03333333333333333,0.6666666666666666,0.3,0.0
ACATCGAAGTGGAAAG-1,0.06666666666666667,0.7666666666666667,0.16666666666666666,0.0
ACATCGACAGTTTCGA-1,0.03333333333333333,0.4666666666666667,0.5,0.0
ACATCGAGTGCCGGTT-1,0.1,0.8,0.1,0.0
ACATCGATCTCGTGAA-1,0.13333333333333333,0.7666666666666667,0.1,0.0
ACATGCACACTGGATT-1,0.1,0.7333333333333333,0.16666666666666666,0.0
ACATGCACATCTGTTT-1,0.0,0.7,0.3,0.0
ACATGCAGTACCCGAC-1,0.0,0.6,0.4,0.0
ACATGCAGTCTACGTA-1,0.06666666666666667,0.8666666666666667,0.06666666666666667,0.0
ACATTTCGTGGTATGG-1,0.03333333333333333,0.6666666666666666,0.3,0.0
ACATTTCTCCGACGGT-1,0.06666666666666667,0.6666666666666666,0.26666666666666666,0.0
ACATTTCTCGTCACCT-1,0.03333333333333333,0.7,0.26666666666666666,0.0
ACCAAACGTCCTACGG-1,0.16666666666666666,0.6666666666666666,0.16666666666666666,0.0
ACCAAACGTTTAGTCG-1,0.06666666666666667,0.8333333333333334,0.1,0.0
ACCAAACTCGCCGAGT-1,0.1,0.6333333333333333,0.26666666666666666,0.0
ACCAACAAGAGCAACC-1,0.13333333333333333,0.5666666666666667,0.3,0.0
ACCAACAAGTCACAGG-1,0.06666666666666667,0.8666666666666667,0.06666666666666667,0.0
ACCAACAAGTCTACCA-1,0.13333333333333333,0.6333333333333333,0.2,0.03333333333333333
ACCAACACAGACCTGC-1,0.1,0.7666666666666667,0.13333333333333333,0.0
ACCAACACATCTATCT-1,0.03333333333333333,0.9,0.06666666666666667,0.0
ACCAACAGTTCTCCTG-1,0.13333333333333333,0.7666666666666667,0.1,0.0
ACCAACATCATTTGTC-1,0.06666666666666667,0.8666666666666667,0.06666666666666667,0.0
ACCACAAAGCCGATTT-1,0.03333333333333333,0.7333333333333333,0.23333333333333334,0.0
ACCACAAAGGCCTAGA-1,0.06666666666666667,0.7666666666666667,0.16666666666666666,0.0
ACCACAACACGCTGTG-1,0.03333333333333333,0.5,0.4666666666666667,0.0
ACCACAACAGGTCCCA-1,0.16666666666666666,0.6333333333333333,0.2,0.0
ACCACAACATTGCTTT-1,0.03333333333333333,0.7333333333333333,0.23333333333333334,0.0
ACCACAAGTCATTCCC-1,0.03333333333333333,0.5,0.4666666666666667,0.0
ACCACAATCACTGGTA-1,0.06666666666666667,0.6,0.3333333333333333,0.0
ACCACAATCCTGTAGA-1,0.16666666666666666,0.6,0.23333333333333334,0.0
ACCATTTGTCCAGCCA-1,0.13333333333333333,0.6666666666666666,0.2,0.0
ACCATTTGTGCGCTCA-1,0.03333333333333333,0.8,0.16666666666666666,0.0
ACCATTTGTGCGTTTA-1,0.1,0.8666666666666667,0.03333333333333333,0.0
ACCATTTTCGTCGGGT-1,0.06666666666666667,0.5333333333333333,0.4,0.0
ACCCAAAAGAGATCGC-1,0.13333333333333333,0.5,0.36666666666666664,0.0
ACCCAAAAGTGACCTT-1,0.06666666666666667,0.6666666666666666,0.26666666666666666,0.0
ACCCAAAAGTGCCTCG-1,0.06666666666666667,0.6666666666666666,0.26666666666666666,0.0
ACCCAAACACTTGAAC-1,0.06666666666666667,0.8,0.13333333333333333,0.0
ACCCAAACATTAAAGG-1,0.03333333333333333,0.7666666666666667,0.2,0.0
ACCCAAAGTATCAAGA-1,0.16666666666666666,0.8,0.03333333333333333,0.0
ACCCAAAGTATTCCTT-1,0.2,0.7,0.1,0.0
ACCCAAAGTCTCTCCA-1,0.1,0.7,0.2,0.0
ACCCAAATCCAAGCTA-1,0.03333333333333333,0.9,0.06666666666666667,0.0
ACCCAAATCGACATTG-1,0.03333333333333333,0.7333333333333333,0.23333333333333334,0.0
ACCCAAATCGTTGCCT-1,0.03333333333333333,0.5666666666666667,0.4,0.0
ACCCAAATCTCGGGAC-1,0.06666666666666667,0.6,0.3333333333333333,0.0
ACCCAAATCTGAACGT-1,0.1,0.5666666666666667,0.3333333333333333,0.0
ACCCTCAAGACGGAAA-1,0.2,0.7,0.1,0.0
ACCCTCAAGATGCTAA-1,0.16666666666666666,0.5,0.3333333333333333,0.0
ACCCTCAAGGTCTACT-1,0.03333333333333333,0.8333333333333334,0.13333333333333333,0.0
ACCCTCACAGAGGCAT-1,0.06666666666666667,0.8666666666666667,0.03333333333333333,0.03333333333333333
ACCCTCACAGAGGTTG-1,0.03333333333333333,0.6333333333333333,0.3333333333333333,0.0
ACCCTCACAGCACAAG-1,0.13333333333333333,0.7666666666666667,0.1,0.0
ACCCTCAGTAGCTTTG-1,0.06666666666666667,0.6333333333333333,0.3,0.0
ACCCTCAGTTGCCTAA-1,0.06666666666666667,0.4,0.5333333333333333,0.0
ACCCTCATCCATCGTC-1,0.06666666666666667,0.8333333333333334,0.06666666666666667,0.03333333333333333
ACCCTTGAGAGTATAC-1,0.13333333333333333,0.8,0.06666666666666667,0.0
ACCCTTGAGGATTCAA-1,0.0,0.7333333333333333,0.26666666666666666,0.0
ACCCTTGAGGTGGCTA-1,0.16666666666666666,0.5666666666666667,0.26666666666666666,0.0
ACCCTTGGTCATCACA-1,0.03333333333333333,0.5666666666666667,0.4,0.0
ACCCTTGTCATTCATC-1,0.13333333333333333,0.8333333333333334,0.03333333333333333,0.0
ACCCTTGTCGTAACCA-1,0.13333333333333333,0.8333333333333334,0.03333333333333333,0.0
ACCGTTCAGCATTGAA-1,0.06666666666666667,0.6333333333333333,0.3,0.0
ACCGTTCAGCTAGAGC-1,0.16666666666666666,0.7,0.13333333333333333,0.0
ACCGTTCGTCCTGGTG-1,0.1,0.8666666666666667,0.03333333333333333,0.0
ACCGTTCGTGGCTAGA-1,0.1,0.7333333333333333,0.16666666666666666,0.0
ACCGTTCGTTGCTCGG-1,0.06666666666666667,0.9333333333333333,0.0,0.0
ACCGTTCTCAGGAACG-1,0.26666666666666666,0.5,0.23333333333333334,0.0
ACCGTTCTCCCAACTC-1,0.13333333333333333,0.6,0.26666666666666666,0.0
ACCGTTCTCTAGCCTC-1,0.06666666666666667,0.7666666666666667,0.16666666666666666,0.0
ACCTACCGTAGGAGTC-1,0.06666666666666667,0.43333333333333335,0.5,0.0
ACCTACCGTGAGGCAT-1,0.1,0.8666666666666667,0.03333333333333333,0.0
ACCTACCTCTCATTGT-1,0.06666666666666667,0.8333333333333334,0.1,0.0
ACCTGAAAGACCTTTG-1,0.03333333333333333,0.7666666666666667,0.2,0.0
ACCTGAAAGATGTAGT-1,0.06666666666666667,0.7,0.23333333333333334,0.0
ACCTGAAAGGCCCACT-1,0.16666666666666666,0.7,0.13333333333333333,0.0
ACCTGAACACAACGTT-1,0.13333333333333333,0.8333333333333334,0.03333333333333333,0.0
ACCTGAACATCCGTGG-1,0.2,0.6666666666666666,0.13333333333333333,0.0
ACCTGAACATCGTTCC-1,0.06666666666666667,0.8,0.13333333333333333,0.0
ACCTGAAGTACAGTAA-1,0.06666666666666667,0.9333333333333333,0.0,0.0
ACCTGAAGTAGCTTTG-1,0.06666666666666667,0.8666666666666667,0.06666666666666667,0.0
ACCTGTCCAATCAAGA-1,0.13333333333333333,0.7,0.16666666666666666,0.0
ACCTGTCTCAAGCCGC-1,0.1,0.5333333333333333,0.36666666666666664,0.0
ACCTGTCTCTGGACTA-1,0.16666666666666666,0.7666666666666667,0.06666666666666667,0.0
ACCTGTCTCTTAATCC-1,0.06666666666666667,0.6333333333333333,0.3,0.0
ACGATCAAGATACGAT-1,0.13333333333333333,0.8,0.06666666666666667,0.0
ACGATCACAAACCATC-1,0.03333333333333333,0.6666666666666666,0.3,0.0
ACGATCACAAGGGCAT-1,0.03333333333333333,0.6333333333333333,0.3333333333333333,0.0
ACGATCAGTCTGTGCG-1,0.13333333333333333,0.8333333333333334,0.03333333333333333,0.0
ACGATCAGTGGGCTCT-1,0.06666666666666667,0.5333333333333333,0.4,0.0
ACGATCATCAAGCCAT-1,0.06666666666666667,0.7666666666666667,0.16666666666666666,0.0
ACGATCATCACCCTCA-1,0.1,0.5666666666666667,0.3333333333333333,0.0
ACGATGTGTCTTGAAC-1,0.03333333333333333,0.8666666666666667,0.1,0.0
ACGATGTTCAGCATTG-1,0.03333333333333333,0.5333333333333333,0.43333333333333335,0.0
ACGATGTTCGCGTCGA-1,0.16666666666666666,0.5666666666666667,0.26666666666666666,0.0
ACGATGTTCGTCTACC-1,0.03333333333333333,0.6333333333333333,0.3333333333333333,0.0
ACGCACGAGCGCCTCA-1,0.03333333333333333,0.7666666666666667,0.2,0.0
ACGCACGAGGTATAGT-1,0.23333333333333334,0.6,0.16666666666666666,0.0
ACGCACGAGGTCCTGC-1,0.06666666666666667,0.8,0.13333333333333333,0.0
ACGCACGAGTAGCCAG-1,0.03333333333333333,0.6333333333333333,0.3333333333333333,0.0
ACGCACGCACACGGTC-1,0.16666666666666666,0.7,0.13333333333333333,0.0
ACGCACGCAGCTTCCT-1,0.1,0.6333333333333333,0.26666666666666666,0.0
ACGCACGGTAACGCGA-1,0.06666666666666667,0.7,0.23333333333333334,0.0
ACGCACGGTCACTTCC-1,0.06666666666666667,0.5666666666666667,0.36666666666666664,0.0
ACGCACGGTCAGGTAG-1,0.03333333333333333,0.6666666666666666,0.3,0.0
ACGCACGGTTTACCTT-1,0.06666666666666667,0.7333333333333333,0.2,0.0
ACGCACGTCTCTATGT-1,0.23333333333333334,0.6,0.16666666666666666,0.0
ACGGAAGCAATAGGAT-1,0.1,0.7666666666666667,0.13333333333333333,0.0
ACGGAAGGTCAAGGCA-1,0.06666666666666667,0.7666666666666667,0.16666666666666666,0.0
ACGGAAGTCGTTCTCG-1,0.1,0.9,0.0,0.0
ACGGAAGTCTACGCAA-1,0.1,0.8666666666666667,0.03333333333333333,0.0
ACGGAAGTCTCATTGT-1,0.06666666666666667,0.8,0.13333333333333333,0.0
ACGGAAGTCTGGACCG-1,0.3,0.4,0.3,0.0
ACGGGTCAGCGCCCAT-1,0.03333333333333333,0.6333333333333333,0.3333333333333333,0.0
ACGGGTCAGCTCATAC-1,0.13333333333333333,0.5666666666666667,0.3,0.0
ACGGGTCAGTCAACAA-1,0.1,0.5666666666666667,0.3333333333333333,0.0
ACGGGTCCACGTAGAG-1,0.06666666666666667,0.8666666666666667,0.06666666666666667,0.0
ACGGGTCGTTCCGCTT-1,0.1,0.8,0.06666666666666667,0.03333333333333333
ACGGGTCTCCGATGTA-1,0.06666666666666667,0.6666666666666666,0.26666666666666666,0.0
ACGGGTCTCTCTGCTG-1,0.1,0.7333333333333333,0.16666666666666666,0.0
ACGGTCGAGGTCGACA-1,0.03333333333333333,0.8333333333333334,0.13333333333333333,0.0
ACGGTCGAGTAACAGT-1,0.1,0.5,0.4,0.0
ACGGTCGCACATGGTT-1,0.03333333333333333,0.7,0.26666666666666666,0.0
ACGGTCGGTACGTACT-1,0.0,0.7,0.3,0.0
ACGGTCGGTTGACTAC-1,0.06666666666666667,0.8333333333333334,0.1,0.0
ACGGTTAAGCAACAAT-1,0.06666666666666667,0.9,0.03333333333333333,0.0
ACGGTTAAGCCTCACG-1,0.26666666666666666,0.5,0.23333333333333334,0.0
ACGGTTACAAGCAATA-1,0.06666666666666667,0.7666666666666667,0.16666666666666666,0.0
ACGGTTATCCTGTTGC-1,0.06666666666666667,0.4666666666666667,0.4666666666666667,0.0
ACGTAACAGACACACG-1,0.03333333333333333,0.7333333333333333,0.23333333333333334,0.0
ACGTAACGTTCTCGTC-1,0.1,0.8666666666666667,0.03333333333333333,0.0
ACGTAACTCAAGTTGC-1,0.03333333333333333,0.43333333333333335,0.5333333333333333,0.0
ACGTAACTCTTCCACG-1,0.1,0.8,0.1,0.0
ACGTACACACCGTGAC-1,0.1,0.7666666666666667,0.13333333333333333,0.0
ACGTACACATCGGAAG-1,0.03333333333333333,0.8333333333333334,0.13333333333333333,0.0
ACGTACACATGGAGAC-1,0.1,0.6333333333333333,0.26666666666666666,0.0
ACGTACACATGGTACT-1,0.16666666666666666,0.8333333333333334,0.0,0.0
ACGTACAGTCAATGGG-1,0.1,0.7666666666666667,0.13333333333333333,0.0
ACGTACATCCTCTAGC-1,0.1,0.8666666666666667,0.03333333333333333,0.0
ACGTACATCTCGCTTG-1,0.06666666666666667,0.6666666666666666,0.26666666666666666,0.0
ACGTAGTAGGGCCCTT-1,0.06666666666666667,0.8666666666666667,0.06666666666666667,0.0
ACGTAGTAGTGCTCAT-1,0.06666666666666667,0.8666666666666667,0.06666666666666667,0.0
ACGTAGTGTCGCCTAG-1,0.06666666666666667,0.6666666666666666,0.26666666666666666,0.0
ACGTAGTGTCTAGTGT-1,0.1,0.7333333333333333,0.13333333333333333,0.03333333333333333
ACGTAGTGTTTGGCTA-1,0.06666666666666667,0.8,0.13333333333333333,0.0
ACGTAGTTCTGTGCAA-1,0.1,0.7666666666666667,0.13333333333333333,0.0
ACGTCCTAGAAACTGT-1,0.06666666666666667,0.9,0.03333333333333333,0.0
ACGTCCTCACAATCTG-1,0.03333333333333333,0.8333333333333334,0.13333333333333333,0.0
ACGTCCTCACGGTGTC-1,0.13333333333333333,0.6333333333333333,0.2,0.03333333333333333
ACGTCCTTCGAACGCC-1,0.03333333333333333,0.9,0.06666666666666667,0.0
ACGTCCTTCTTACCGC-1,0.03333333333333333,0.9,0.06666666666666667,0.0
ACGTTCCAGAGCCGAT-1,0.06666666666666667,0.8,0.13333333333333333,0.0
ACGTTCCAGATACGAT-1,0.03333333333333333,0.6333333333333333,0.3333333333333333,0.0
ACGTTCCAGCCGCACT-1,0.13333333333333333,0.5,0.36666666666666664,0.0
ACGTTCCAGTTGGAGC-1,0.06666666666666667,0.4666666666666667,0.4666666666666667,0.0
ACGTTCCCAATCGAAA-1,0.03333333333333333,0.7333333333333333,0.23333333333333334,0.0
ACGTTCCGTCGTTATG-1,0.06666666666666667,0.7666666666666667,0.16666666666666666,0.0
ACGTTCCGTCTGTGGC-1,0.03333333333333333,0.8333333333333334,0.13333333333333333,0.0
ACGTTCCGTGCCCAGT-1,0.13333333333333333,0.7333333333333333,0.13333333333333333,0.0
ACGTTCCTCCTGTACC-1,0.03333333333333333,0.9,0.06666666666666667,0.0
ACTACGAAGAACTTCC-1,0.06666666666666667,0.8,0.13333333333333333,0.0
ACTACGAAGGACAACC-1,0.0,0.8,0.2,0.0
ACTACGAAGTTCCATG-1,0.06666666666666667,0.6333333333333333,0.3,0.0
ACTACGAAGTTCGCAT-1,0.03333333333333333,0.5333333333333333,0.43333333333333335,0.0
ACTACGACACGCGCAT-1,0.1,0.4666666666666667,0.43333333333333335,0.0
ACTACGACACTCCCTA-1,0.03333333333333333,0.9,0.06666666666666667,0.0
ACTACGATCTAGCCTC-1,0.1,0.6,0.3,0.0
ACTATCTAGGCGAACT-1,0.06666666666666667,0.9,0.03333333333333333,0.0
ACTATCTCACACCGCA-1,0.26666666666666666,0.5,0.23333333333333334,0.0
ACTATCTGTTCACCGG-1,0.1,0.8333333333333334,0.06666666666666667,0.0
ACTATGGAGGACACTG-1,0.13333333333333333,0.5666666666666667,0.3,0.0
ACTATGGAGGATGCGT-1,0.1,0.8,0.1,0.0
ACTATGGAGTCTGGTT-1,0.06666666666666667,0.8666666666666667,0.06666666666666667,0.0
ACTATGGCAAGGCTTT-1,0.06666666666666667,0.8333333333333334,0.1,0.0
ACTATGGGTACGAGTG-1,0.1,0.6666666666666666,0.23333333333333334,0.0
ACTATGGGTGTTACAC-1,0.1,0.6666666666666666,0.23333333333333334,0.0
ACTATGGTCAACACCA-1,0.06666666666666667,0.5,0.43333333333333335,0.0
ACTATGGTCAGTGATC-1,0.06666666666666667,0.8666666666666667,0.06666666666666667,0.0
ACTATGGTCCGTCACT-1,0.13333333333333333,0.5333333333333333,0.3333333333333333,0.0
ACTATGGTCGTGCGAC-1,0.06666666666666667,0.9,0.03333333333333333,0.0
ACTATGGTCTACAGGT-1,0.03333333333333333,0.5333333333333333,0.43333333333333335,0.0
ACTATTCCACAACCGC-1,0.1,0.5666666666666667,0.3333333333333333,0.0
ACTATTCCACGTCATA-1,0.06666666666666667,0.8,0.13333333333333333,0.0
ACTATTCCACTAGGTT-1,0.16666666666666666,0.7333333333333333,0.1,0.0
ACTATTCCAGGCCCTA-1,0.06666666666666667,0.7333333333333333,0.2,0.0
ACTATTCGTATGCGGA-1,0.03333333333333333,0.8333333333333334,0.13333333333333333,0.0
ACTATTCGTGGATACG-1,0.06666666666666667,0.5666666666666667,0.36666666666666664,0.0
ACTATTCTCCGGCTTT-1,0.06666666666666667,0.6666666666666666,0.26666666666666666,0.0
ACTATTCTCTCGCAGG-1,0.06666666666666667,0.8666666666666667,0.06666666666666667,0.0
ACTCCCACAACCCGCA-1,0.1,0.7666666666666667,0.13333333333333333,0.0
ACTCCCACATGGGAAC-1,0.06666666666666667,0.6333333333333333,0.3,0.0
ACTCCCATCGTGTTCC-1,0.1,0.7666666666666667,0.13333333333333333,0.0
ACTCTCGAGTCTAGAA-1,0.0,0.9333333333333333,0.06666666666666667,0.0
ACTCTCGGTGTGTTTG-1,0.03333333333333333,0.7,0.26666666666666666,0.0
ACTGATGAGAGAGCAA-1,0.1,0.7,0.2,0.0
ACTGATGCAAATTGCC-1,0.1,0.8,0.1,0.0
ACTGATGCAGAAGTGC-1,0.03333333333333333,0.8666666666666667,0.1,0.0
ACTGATGCAGGCGATA-1,0.16666666666666666,0.6333333333333333,0.2,0.0
ACTGATGCATACAGAA-1,0.13333333333333333,0.8,0.06666666666666667,0.0
ACTGATGCATCATTGG-1,0.03333333333333333,0.7,0.26666666666666666,0.0
ACTGATGGTCACAATC-1,0.06666666666666667,0.43333333333333335,0.5,0.0
ACTGATGGTCGTCGGT-1,0.03333333333333333,0.8666666666666667,0.1,0.0
ACTGCAAAGACAACTA-1,0.03333333333333333,0.6666666666666666,0.3,0.0
ACTGCAACAAATGGTA-1,0.03333333333333333,0.5666666666666667,0.4,0.0
ACTGCAACACCGGTCA-1,0.2,0.8,0.0,0.0
ACTGCAACACTGAGGA-1,0.06666666666666667,0.7,0.23333333333333334,0.0
ACTGCAATCCTACGAA-1,0.06666666666666667,0.5,0.43333333333333335,0.0
ACTGTCCAGATACGAT-1,0.1,0.5333333333333333,0.36666666666666664,0.0
ACTGTCCCAAATAAGC-1,0.03333333333333333,0.8666666666666667,0.1,0.0
ACTGTCCCAATTGTGC-1,0.06666666666666667,0.7,0.23333333333333334,0.0
ACTGTCCCACAACATC-1,0.03333333333333333,0.8666666666666667,0.1,0.0
ACTGTCCCACTTACAG-1,0.03333333333333333,0.5666666666666667,0.4,0.0
ACTGTCCTCAACTTTC-1,0.06666666666666667,0.7333333333333333,0.2,0.0
ACTGTCCTCTATTTCG-1,0.06666666666666667,0.8666666666666667,0.06666666666666667,0.0
ACTGTGAAGCCATTTG-1,0.03333333333333333,0.8333333333333334,0.13333333333333333,0.0
ACTGTGACACAAGCCC-1,0.03333333333333333,0.43333333333333335,0.5333333333333333,0.0
ACTGTGATCATGAGTC-1,0.16666666666666666,0.7333333333333333,0.1,0.0
ACTGTGATCCCTCAAC-1,0.03333333333333333,0.6666666666666666,0.3,0.0
ACTTAGGAGCATGATA-1,0.03333333333333333,0.7333333333333333,0.23333333333333334,0.0
ACTTAGGAGCGAAACC-1,0.06666666666666667,0.43333333333333335,0.5,0.0
ACTTAGGAGGTTCTAC-1,0.2,0.5,0.3,0.0
ACTTAGGGTTGAAGTA-1,0.03333333333333333,0.8,0.16666666666666666,0.0
ACTTAGGTCACGGAGA-1,0.03333333333333333,0.8333333333333334,0.13333333333333333,0.0
ACTTATCCACTACGGC-1,0.2,0.5333333333333333,0.26666666666666666,0.0
ACTTATCCAGCGGTTC-1,0.03333333333333333,0.8,0.16666666666666666,0.0
ACTTCCGCAAGATCCT-1,0.16666666666666666,0.8,0.03333333333333333,0.0
ACTTCCGCACTGCGTG-1,0.13333333333333333,0.8,0.06666666666666667,0.0
ACTTCCGTCAGCCTCT-1,0.16666666666666666,0.7333333333333333,0.1,0.0
ACTTCCGTCATACGGT-1,0.16666666666666666,0.7666666666666667,0.06666666666666667,0.0
ACTTCCGTCTAGTGTG-1,0.03333333333333333,0.5666666666666667,0.4,0.0
ACTTCGCCAGCTATTG-1,0.06666666666666667,0.8333333333333334,0.1,0.0
ACTTCGCGTACTCCGG-1,0.06666666666666667,0.7,0.23333333333333334,0.0
ACTTCGCGTGTTGAGG-1,0.1,0.5666666666666667,0.3333333333333333,0.0
ACTTTCAAGCCTGACC-1,0.06666666666666667,0.9,0.03333333333333333,0.0
ACTTTCAAGCGCAATG-1,0.06666666666666667,0.8333333333333334,0.1,0.0
ACTTTCAAGCGCTGAA-1,0.0,0.8333333333333334,0.16666666666666666,0.0
ACTTTCAAGGAAAGTG-1,0.13333333333333333,0.8,0.06666666666666667,0.0
ACTTTCAAGGTAGGCT-1,0.06666666666666667,0.8,0.13333333333333333,0.0
ACTTTCAAGTTTGGCT-1,0.03333333333333333,0.7,0.26666666666666666,0.0
ACTTTCAGTGCCGGTT-1,0.06666666666666667,0.5666666666666667,0.36666666666666664,0.0
ACTTTCATCCTGGGAC-1,0.13333333333333333,0.7333333333333333,0.13333333333333333,0.0
ACTTTGTAGCATGGGT-1,0.0,0.7,0.3,0.0
ACTTTGTCAAAGGCGT-1,0.0,0.8666666666666667,0.13333333333333333,0.0
ACTTTGTGTTTGCCGG-1,0.06666666666666667,0.8666666666666667,0.06666666666666667,0.0
ACTTTGTTCCACTTCG-1,0.03333333333333333,0.8333333333333334,0.13333333333333333,0.0
AGAAATGCAAACACGG-1,0.06666666666666667,0.7,0.23333333333333334,0.0
AGAAATGCAATATCCG-1,0.03333333333333333,0.7333333333333333,0.23333333333333334,0.0
AGAAATGCATTGAAGA-1,0.06666666666666667,0.6,0.3333333333333333,0.0
AGAAATGGTCTCCTGT-1,0.16666666666666666,0.5666666666666667,0.26666666666666666,0.0
AGAAATGGTTACGATC-1,0.06666666666666667,0.7666666666666667,0.16666666666666666,0.0
AGAAATGGTTTCAGAC-1,0.03333333333333333,0.8666666666666667,0.1,0.0
AGAAATGTCCACGTCT-1,0.03333333333333333,0.7666666666666667,0.2,0.0
AGAAATGTCGCCCAGA-1,0.13333333333333333,0.7,0.16666666666666666,0.0
AGAACAAAGCACAAAT-1,0.16666666666666666,0.8,0.03333333333333333,0.0
AGAACAAAGTACAGCG-1,0.03333333333333333,0.7666666666666667,0.2,0.0
AGAACAAAGTGTAGTA-1,0.13333333333333333,0.8333333333333334,0.03333333333333333,0.0
AGAACAACACGGCTAC-1,0.06666666666666667,0.6666666666666666,0.26666666666666666,0.0
AGAACAACATGGAGAC-1,0.03333333333333333,0.5333333333333333,0.43333333333333335,0.0
AGAACAAGTTGGTGTT-1,0.03333333333333333,0.4,0.5666666666666667,0.0
AGAACAATCCAGCACG-1,0.06666666666666667,0.6,0.3333333333333333,0.0
AGAACAATCCTCATAT-1,0.06666666666666667,0.5666666666666667,0.36666666666666664,0.0
AGAACAATCTTCTAAC-1,0.16666666666666666,0.4666666666666667,0.36666666666666664,0.0
AGAACCTAGACTTCAC-1,0.2,0.5666666666666667,0.23333333333333334,0.0
AGAACCTAGCATTTGC-1,0.06666666666666667,0.7333333333333333,0.16666666666666666,0.03333333333333333
AGAACCTAGCTAAGTA-1,0.1,0.7,0.2,0.0
AGAACCTCATGCAGCC-1,0.1,0.7666666666666667,0.13333333333333333,0.0
AGAACCTGTATGCTTG-1,0.06666666666666667,0.8333333333333334,0.1,0.0
AGAACCTGTGATGAAT-1,0.06666666666666667,0.8333333333333334,0.1,0.0
AGAACCTGTGTGTCCG-1,0.06666666666666667,0.6666666666666666,0.26666666666666666,0.0
AGAACCTTCGACATTG-1,0.1,0.4,0.5,0.0
AGAAGCGAGGCTATCT-1,0.03333333333333333,0.8333333333333334,0.13333333333333333,0.0
AGAAGCGCACCCAATA-1,0.03333333333333333,0.7333333333333333,0.2,0.03333333333333333
AGAAGCGCAGAGGTTG-1,0.16666666666666666,0.6,0.23333333333333334,0.0
AGAAGCGGTTAGAAAC-1,0.06666666666666667,0.7,0.23333333333333334,0.0
AGAAGCGTCAATCAGC-1,0.06666666666666667,0.8333333333333334,0.1,0.0
AGAAGCGTCACTCGAA-1,0.06666666666666667,0.7666666666666667,0.16666666666666666,0.0
AGAAGTACAAATGGCG-1,0.13333333333333333,0.5333333333333333,0.3333333333333333,0.0
AGAAGTACACGACAAG-1,0.16666666666666666,0.43333333333333335,0.4,0.0
AGAAGTACACTGCTTC-1,0.06666666666666667,0.5333333333333333,0.4,0.0
AGAAGTAGTAAGCAAT-1,0.0,0.9,0.1,0.0
AGACAAAAGAAACTCA-1,0.1,0.8333333333333334,0.06666666666666667,0.0
AGACAAAAGACCACGA-1,0.1,0.8666666666666667,0.03333333333333333,0.0
AGACAAAAGAGCCGAT-1,0.06666666666666667,0.6666666666666666,0.26666666666666666,0.0
AGACAAAAGTCTACCA-1,0.1,0.6,0.3,0.0
AGACAAAGTCGCGTCA-1,0.06666666666666667,0.8666666666666667,0.06666666666666667,0.0
AGACAAATCACGAACT-1,0.06666666666666667,0.7666666666666667,0.16666666666666666,0.0
AGACACTAGAAGCGCT-1,0.23333333333333334,0.7,0.06666666666666667,0.0
AGACACTAGTCTAACC-1,0.1,0.7333333333333333,0.16666666666666666,0.0
AGACACTCAATAAGGT-1,0.03333333333333333,0.8333333333333334,0.13333333333333333,0.0
AGACACTCACGTAACT-1,0.06666666666666667,0.8666666666666667,0.06666666666666667,0.0
AGACACTCAGGTTCCG-1,0.06666666666666667,0.7,0.23333333333333334,0.0
AGACACTTCGTCAAAC-1,0.06666666666666667,0.6666666666666666,0.26666666666666666,0.0
AGACAGGAGTTTCGAC-1,0.06666666666666667,0.6333333333333333,0.3,0.0
AGACAGGCAGCGTACC-1,0.13333333333333333,0.5666666666666667,0.3,0.0
AGACAGGCATGCACTA-1,0.13333333333333333,0.8,0.06666666666666667,0.0
AGACAGGTCTTCGATT-1,0.03333333333333333,0.6666666666666666,0.3,0.0
AGACCATAGAGTCTTC-1,0.06666666666666667,0.5333333333333333,0.4,0.0
AGACCATAGCATTTGC-1,0.06666666666666667,0.8333333333333334,0.1,0.0
AGACCATAGGCTCCCA-1,0.06666666666666667,0.7666666666666667,0.16666666666666666,0.0
AGACCATAGGTTCATC-1,0.1,0.4666666666666667,0.43333333333333335,0.0
AGACCATCACCTGAAT-1,0.06666666666666667,0.6666666666666666,0.26666666666666666,0.0
AGACCATCAGGTCAGA-1,0.06666666666666667,0.43333333333333335,0.5,0.0
AGACCATGTAGGTAGC-1,0.03333333333333333,0.8,0.16666666666666666,0.0
AGACCATGTTGGGTAG-1,0.06666666666666667,0.7666666666666667,0.16666666666666666,0.0
AGACCCGAGCAATAAC-1,0.03333333333333333,0.4,0.5666666666666667,0.0
AGACCCGAGCTGTCCG-1,0.13333333333333333,0.6666666666666666,0.2,0.0
AGACCCGAGGAATTAC-1,0.1,0.3333333333333333,0.5666666666666667,0.0
AGACCCGAGGACGGAG-1,0.13333333333333333,0.8333333333333334,0.03333333333333333,0.0
AGACCCGGTACCCACG-1,0.06666666666666667,0.7333333333333333,0.2,0.0
AGACCCGGTGCATGAG-1,0.16666666666666666,0.7,0.13333333333333333,0.0
AGACTCAAGCACACAG-1,0.16666666666666666,0.6666666666666666,0.16666666666666666,0.0
AGACTCAAGTCATAGA-1,0.13333333333333333,0.7666666666666667,0.1,0.0
AGACTCACAAATAAGC-1,0.03333333333333333,0.7666666666666667,0.2,0.0
AGAGAATAGCTAAACA-1,0.03333333333333333,0.6333333333333333,0.3333333333333333,0.0
AGAGAATAGCTGAAGC-1,0.1,0.7333333333333333,0.16666666666666666,0.0
AGAGAATAGTAAGCAT-1,0.06666666666666667,0.8,0.13333333333333333,0.0
AGAGAATCAAGCAATA-1,0.06666666666666667,0.8,0.13333333333333333,0.0
AGAGAATCATAGTCGT-1,0.1,0.7666666666666667,0.13333333333333333,0.0
AGAGAATGTTATCTGG-1,0.06666666666666667,0.6333333333333333,0.3,0.0
AGAGAGCAGCATACTC-1,0.06666666666666667,0.8333333333333334,0.1,0.0
AGAGAGCAGGGCGAAG-1,0.06666666666666667,0.7333333333333333,0.2,0.0
AGAGAGCAGTATGATG-1,0.03333333333333333,0.6666666666666666,0.3,0.0
AGAGAGCCACATAACC-1,0.13333333333333333,0.8,0.06666666666666667,0.0
AGAGAGCGTAAGGAGA-1,0.06666666666666667,0.7,0.23333333333333334,0.0
AGAGAGCGTTCTTGCC-1,0.0,0.8333333333333334,0.16666666666666666,0.0
AGAGAGCGTTTGTGGT-1,0.03333333333333333,0.6,0.3333333333333333,0.03333333333333333
AGAGAGCTCAAAGGTA-1,0.0,0.7333333333333333,0.26666666666666666,0.0
AGAGAGCTCCGTACGG-1,0.0,0.8666666666666667,0.13333333333333333,0.0
AGAGCAGAGACGACGT-1,0.03333333333333333,0.8,0.16666666666666666,0.0
AGAGCAGAGCTCTATG-1,0.16666666666666666,0.7666666666666667,0.06666666666666667,0.0
AGAGCAGCACGGTGCT-1,0.1,0.7333333333333333,0.16666666666666666,0.0
AGAGCAGCATTGCAAC-1,0.06666666666666667,0.8666666666666667,0.06666666666666667,0.0
AGAGCAGGTATAGGAT-1,0.03333333333333333,0.6,0.36666666666666664,0.0
AGAGCAGGTGAACTAA-1,0.03333333333333333,0.6,0.36666666666666664,0.0
AGAGCAGGTGCACAAG-1,0.03333333333333333,0.43333333333333335,0.5333333333333333,0.0
AGAGCAGTCCCTCGAT-1,0.2,0.6666666666666666,0.13333333333333333,0.0
AGAGCCCAGTAAACAC-1,0.13333333333333333,0.6333333333333333,0.23333333333333334,0.0
AGAGCCCGTCTGTGAT-1,0.1,0.5333333333333333,0.36666666666666664,0.0
AGAGCCCTCAGAGCAG-1,0.26666666666666666,0.5666666666666667,0.16666666666666666,0.0
AGAGCCCTCCCGTTGT-1,0.06666666666666667,0.8666666666666667,0.06666666666666667,0.0
AGATAGACAGAATCGG-1,0.16666666666666666,0.7,0.13333333333333333,0.0
AGATAGATCGGTCAGC-1,0.1,0.7666666666666667,0.13333333333333333,0.0
AGATCCAAGTAGAATC-1,0.13333333333333333,0.6666666666666666,0.2,0.0
AGATCCAGTGTCGCTG-1,0.06666666666666667,0.7,0.23333333333333334,0.0
AGATCCAGTTGGAGGT-1,0.16666666666666666,0.7666666666666667,0.06666666666666667,0.0
AGATCCATCAAACTGC-1,0.06666666666666667,0.5666666666666667,0.36666666666666664,0.0
AGATCCATCTCTCTTC-1,0.06666666666666667,0.5666666666666667,0.36666666666666664,0.0
AGATCGTAGCGCACAA-1,0.1,0.8666666666666667,0.03333333333333333,0.0
AGATCGTAGCGCTGCT-1,0.13333333333333333,0.8,0.06666666666666667,0.0
AGATCGTAGTTGGCGA-1,0.13333333333333333,0.8,0.06666666666666667,0.0
AGATCGTGTCATCGGC-1,0.03333333333333333,0.8,0.16666666666666666,0.0
AGATCGTGTGTATACC-1,0.06666666666666667,0.9333333333333333,0.0,0.0
AGATCGTGTTGTGTTG-1,0.0,0.9,0.1,0.0
AGATCGTTCAACCCGG-1,0.03333333333333333,0.7666666666666667,0.2,0.0
AGATCGTTCCCTTCCC-1,0.06666666666666667,0.4666666666666667,0.4666666666666667,0.0
AGATGAAAGACAACTA-1,0.06666666666666667,0.7,0.23333333333333334,0.0
AGATGAAAGATAGGGA-1,0.1,0.8666666666666667,0.03333333333333333,0.0
AGATGAACACATCCCT-1,0.13333333333333333,0.8666666666666667,0.0,0.0
AGATGAAGTATCACGT-1,0.1,0.6666666666666666,0.23333333333333334,0.0
AGATGAAGTATCTCGA-1,0.1,0.7333333333333333,0.16666666666666666,0.0
AGATGAAGTCTCGGAC-1,0.06666666666666667,0.6,0.3333333333333333,0.0
AGATGCTAGGGTATAT-1,0.1,0.43333333333333335,0.4666666666666667,0.0
AGATGCTAGGGTTAGC-1,0.06666666666666667,0.4666666666666667,0.4666666666666667,0.0
AGATGCTCAATTAGGA-1,0.06666666666666667,0.6333333333333333,0.3,0.0
AGATGCTCATCTTAGG-1,0.1,0.6333333333333333,0.26666666666666666,0.0
AGATGCTTCTCTATAC-1,0.1,0.7333333333333333,0.16666666666666666,0.0
AGCATCAAGTCGAAGC-1,0.1,0.6666666666666666,0.23333333333333334,0.0
AGCATCACATCCAATG-1,0.03333333333333333,0.7,0.26666666666666666,0.0
AGCATCAGTATGGGAC-1,0.0,0.7,0.3,0.0
AGCATCAGTGAGCCAA-1,0.1,0.6,0.3,0.0
AGCATCAGTGTGTACT-1,0.03333333333333333,0.6,0.36666666666666664,0.0
AGCATCATCACTTGGA-1,0.1,0.5333333333333333,0.36666666666666664,0.0
AGCATCATCGACGCTG-1,0.06666666666666667,0.8333333333333334,0.1,0.0
AGCCAATAGTATGACA-1,0.06666666666666667,0.7666666666666667,0.16666666666666666,0.0
AGCCAATCACCATAAC-1,0.13333333333333333,0.7666666666666667,0.1,0.0
AGCCAATCACGTTGGC-1,0.03333333333333333,0.9666666666666667,0.0,0.0
AGCCAATCATTCTCCG-1,0.06666666666666667,0.6333333333333333,0.3,0.0
AGCCAATGTAGGCAAC-1,0.06666666666666667,0.8,0.13333333333333333,0.0
AGCCAATGTATGATCC-1,0.0,0.6333333333333333,0.36666666666666664,0.0
AGCCAATTCCTATGGA-1,0.03333333333333333,0.7,0.26666666666666666,0.0
AGCCACGCAGCGTATT-1,0.1,0.7666666666666667,0.13333333333333333,0.0
AGCCACGCAGTTTCGA-1,0.1,0.8666666666666667,0.03333333333333333,0.0
AGCCACGCATCGATCA-1,0.1,0.8,0.1,0.0
AGCCACGGTCCTGGGT-1,0.06666666666666667,0.6666666666666666,0.23333333333333334,0.03333333333333333
AGCCACGGTGCCTATA-1,0.03333333333333333,0.7,0.26666666666666666,0.0
AGCCAGCAGTTCGGTT-1,0.06666666666666667,0.8666666666666667,0.06666666666666667,0.0
AGCCAGCAGTTGCGAG-1,0.06666666666666667,0.7,0.23333333333333334,0.0
AGCCAGCCAAGCAGGT-1,0.06666666666666667,0.6666666666666666,0.23333333333333334,0.03333333333333333
AGCCAGCGTACGGCAA-1,0.06666666666666667,0.7333333333333333,0.2,0.0
AGCCAGCGTGGCAGAT-1,0.03333333333333333,0.8333333333333334,0.13333333333333333,0.0
AGCCAGCTCACCATAG-1,0.16666666666666666,0.8,0.03333333333333333,0.0
AGCCAGCTCACTTATC-1,0.06666666666666667,0.4666666666666667,0.4666666666666667,0.0
AGCCAGCTCTTGCAAG-1,0.16666666666666666,0.7,0.13333333333333333,0.0
AGCGATTGTGGAATGC-1,0.13333333333333333,0.7,0.16666666666666666,0.0
AGCGATTTCAACCCGG-1,0.1,0.7333333333333333,0.16666666666666666,0.0
AGCGATTTCATGGGAG-1,0.03333333333333333,0.5666666666666667,0.4,0.0
AGCGCCAAGAATTGTG-1,0.03333333333333333,0.9333333333333333,0.03333333333333333,0.0
AGCGCCAAGACCTCAT-1,0.1,0.7,0.2,0.0
AGCGCCAAGTATAACG-1,0.03333333333333333,0.8666666666666667,0.1,0.0
AGCGCCACAATGCAGG-1,0.16666666666666666,0.5333333333333333,0.3,0.0
AGCGCCAGTAACATAG-1,0.06666666666666667,0.7666666666666667,0.16666666666666666,0.0
AGCGCCAGTACTCCGG-1,0.1,0.8,0.1,0.0
AGCGCCAGTCCATCTC-1,0.1,0.7,0.2,0.0
AGCGCCAGTCGCTTGG-1,0.1,0.6666666666666666,0.23333333333333334,0.0
AGCGCCAGTTACGTAC-1,0.06666666666666667,0.5,0.43333333333333335,0.0
AGCGCCATCTAGAACC-1,0.1,0.6,0.26666666666666666,0.03333333333333333
AGCGCTGAGCTTCGTA-1,0.06666666666666667,0.7,0.23333333333333334,0.0
AGCGCTGCAGAGACTG-1,0.06666666666666667,0.8333333333333334,0.1,0.0
AGCGCTGGTCCGGATC-1,0.13333333333333333,0.7333333333333333,0.13333333333333333,0.0
AGCGCTGGTGAATATG-1,0.03333333333333333,0.5666666666666667,0.4,0.0
AGCGCTGTCTTCGACC-1,0.1,0.8333333333333334,0.06666666666666667,0.0
AGCGTATAGCCGCACT-1,0.03333333333333333,0.7666666666666667,0.2,0.0
AGCGTATAGTGGTCAG-1,0.03333333333333333,0.8666666666666667,0.1,0.0
AGCGTATCAATTCTCT-1,0.16666666666666666,0.6666666666666666,0.16666666666666666,0.0
AGCGTATCATGATCTG-1,0.06666666666666667,0.8,0.13333333333333333,0.0
AGCGTATGTTACCCAA-1,0.13333333333333333,0.6333333333333333,0.23333333333333334,0.0
AGCGTATTCAAGGTGG-1,0.06666666666666667,0.6,0.3333333333333333,0.0
AGCGTATTCGTCAAAC-1,0.13333333333333333,0.7,0.16666666666666666,0.0
AGCGTATTCTGAGAGG-1,0.06666666666666667,0.43333333333333335,0.4666666666666667,0.03333333333333333
AGCGTATTCTTTGCAT-1,0.1,0.8666666666666667,0.03333333333333333,0.0
AGCGTCGAGTGAACAT-1,0.0,0.8333333333333334,0.16666666666666666,0.0
AGCGTCGGTAGCACAG-1,0.03333333333333333,0.7,0.26666666666666666,0.0
AGCTACACATCGAGCC-1,0.06666666666666667,0.8333333333333334,0.1,0.0
AGCTACAGTCAGGTAG-1,0.06666666666666667,0.8333333333333334,0.1,0.0
AGCTACAGTCGAGTGA-1,0.1,0.7,0.2,0.0
AGCTACATCACCACAA-1,0.03333333333333333,0.5333333333333333,0.43333333333333335,0.0
AGCTACATCAGACCCG-1,0.1,0.7333333333333333,0.16666666666666666,0.0
AGCTACATCTCTTAAC-1,0.13333333333333333,0.4666666666666667,0.36666666666666664,0.03333333333333333
AGCTCAACAACGGGTA-1,0.1,0.7666666666666667,0.13333333333333333,0.0
AGCTCAAGTCAGGAGT-1,0.1,0.7666666666666667,0.13333333333333333,0.0
AGCTCAAGTCTACGTA-1,0.1,0.7333333333333333,0.16666666666666666,0.0
AGCTCAAGTGACTAAA-1,0.06666666666666667,0.6333333333333333,0.3,0.0
AGCTCAATCAAGCTGT-1,0.06666666666666667,0.5333333333333333,0.4,0.0
AGCTCAATCAAGGACG-1,0.03333333333333333,0.8333333333333334,0.13333333333333333,0.0
AGCTCAATCCTCTTTC-1,0.16666666666666666,0.7333333333333333,0.1,0.0
AGCTCAATCGTAACCA-1,0.03333333333333333,0.43333333333333335,0.5333333333333333,0.0
AGCTTCCAGCATAGGC-1,0.1,0.43333333333333335,0.4666666666666667,0.0
AGCTTCCCAATACAGA-1,0.1,0.5,0.4,0.0
AGCTTCCGTGCCCACA-1,0.0,0.5333333333333333,0.4666666666666667,0.0
AGCTTCCTCCTACGGG-1,0.06666666666666667,0.8,0.13333333333333333,0.0
AGGAAATAGCCGTAAG-1,0.1,0.8333333333333334,0.06666666666666667,0.0
AGGAAATAGCGATGGT-1,0.03333333333333333,0.8,0.16666666666666666,0.0
AGGAAATAGTAGGTTA-1,0.1,0.8333333333333334,0.06666666666666667,0.0
AGGAAATCAGAGAGGG-1,0.03333333333333333,0.5666666666666667,0.4,0.0
AGGAAATGTTCGGACC-1,0.06666666666666667,0.9333333333333333,0.0,0.0
AGGAAATTCCCAGCGA-1,0.06666666666666667,0.43333333333333335,0.5,0.0
AGGAAATTCCTAACAG-1,0.13333333333333333,0.6333333333333333,0.23333333333333334,0.0
AGGAATACATTGCTTT-1,0.03333333333333333,0.6,0.36666666666666664,0.0
AGGAATATCAAGAGTA-1,0.16666666666666666,0.8333333333333334,0.0,0.0
AGGAATATCAGTCATG-1,0.03333333333333333,0.7333333333333333,0.23333333333333334,0.0
AGGAATATCCACAGGC-1,0.03333333333333333,0.6666666666666666,0.3,0.0
AGGACGAAGCAAGCCA-1,0.06666666666666667,0.6333333333333333,0.3,0.0
AGGACGAAGGTCGACA-1,0.2,0.5333333333333333,0.26666666666666666,0.0
AGGACGACATTCCTAT-1,0.0,0.8666666666666667,0.13333333333333333,0.0
AGGACGATCACAGTGT-1,0.1,0.8,0.1,0.0
AGGACGATCCAGTACA-1,0.06666666666666667,0.7333333333333333,0.2,0.0
AGGACGATCGCTCATC-1,0.13333333333333333,0.7,0.16666666666666666,0.0
AGGACGATCTACGCGG-1,0.06666666666666667,0.9,0.03333333333333333,0.0
AGGACTTAGAGCTGCA-1,0.06666666666666667,0.7,0.23333333333333334,0.0
AGGACTTAGCCATCCG-1,0.13333333333333333,0.7666666666666667,0.1,0.0
AGGACTTAGGTCATCT-1,0.0,0.8,0.2,0.0
AGGACTTAGTTAGTGA-1,0.06666666666666667,0.7,0.23333333333333334,0.0
AGGACTTGTGCATCTA-1,0.06666666666666667,0.5666666666666667,0.36666666666666664,0.0
AGGACTTGTTGGAGAC-1,0.1,0.8,0.1,0.0
AGGACTTTCAGCAATC-1,0.06666666666666667,0.6,0.3333333333333333,0.0
AGGACTTTCCGATCTC-1,0.2,0.5666666666666667,0.23333333333333334,0.0
AGGAGGTAGACGCCCT-1,0.06666666666666667,0.9,0.03333333333333333,0.0
AGGAGGTCACCGAATT-1,0.1,0.7666666666666667,0.13333333333333333,0.0
AGGAGGTTCGACCTAA-1,0.1,0.6666666666666666,0.23333333333333334,0.0
AGGAGGTTCGACGCTG-1,0.06666666666666667,0.6,0.3333333333333333,0.0
AGGATAAAGTGAGGCT-1,0.1,0.8666666666666667,0.03333333333333333,0.0
AGGATAACACCGGAAA-1,0.16666666666666666,0.5333333333333333,0.3,0.0
AGGATAACAGGACTAG-1,0.06666666666666667,0.6666666666666666,0.26666666666666666,0.0
AGGATAAGTAGGAAAG-1,0.03333333333333333,0.9,0.06666666666666667,0.0
AGGATAAGTCCGAAGA-1,0.1,0.8333333333333334,0.06666666666666667,0.0
AGGATAAGTGCCTTCT-1,0.03333333333333333,0.6666666666666666,0.3,0.0
AGGATCTAGCCGGAAT-1,0.1,0.7,0.2,0.0
AGGATCTGTCCAACGC-1,0.06666666666666667,0.7,0.23333333333333334,0.0
AGGATCTGTGGCTACC-1,0.2,0.6,0.16666666666666666,0.03333333333333333
AGGCATTAGGGTGAAA-1,0.0,0.7666666666666667,0.23333333333333334,0.0
AGGCATTAGGTCACAG-1,0.06666666666666667,0.7666666666666667,0.16666666666666666,0.0
AGGCATTCAAAGCGTG-1,0.1,0.7666666666666667,0.13333333333333333,0.0
AGGCATTCACTTCATT-1,0.1,0.7333333333333333,0.16666666666666666,0.0
AGGCATTCATGGGAAC-1,0.1,0.7333333333333333,0.16666666666666666,0.0
AGGCATTGTAATGATG-1,0.03333333333333333,0.9333333333333333,0.03333333333333333,0.0
AGGCATTGTCAAAGCG-1,0.1,0.7333333333333333,0.16666666666666666,0.0
AGGCATTGTGTGTCGC-1,0.06666666666666667,0.6333333333333333,0.3,0.0
AGGCATTTCCATCACC-1,0.06666666666666667,0.8,0.13333333333333333,0.0
AGGCCACAGAGGATCC-1,0.1,0.7,0.2,0.0
AGGCCACCATACCAGT-1,0.0,0.8,0.2,0.0
AGGCCACGTGTTGCCG-1,0.1,0.5333333333333333,0.36666666666666664,0.0
AGGCTGCAGAGTAACT-1,0.06666666666666667,0.9,0.03333333333333333,0.0
AGGCTGCCAACGATCT-1,0.16666666666666666,0.8,0.03333333333333333,0.0
AGGCTGCCATGAATAG-1,0.06666666666666667,0.5666666666666667,0.36666666666666664,0.0
AGGCTGCTCAAGCTTG-1,0.03333333333333333,0.8666666666666667,0.1,0.0
AGGCTGCTCAGACATC-1,0.06666666666666667,0.7,0.23333333333333334,0.0
AGGCTGCTCTGTCTCG-1,0.06666666666666667,0.9,0.03333333333333333,0.0
AGGGAGTAGCAGCACA-1,0.16666666666666666,0.6,0.23333333333333334,0.0
AGGGAGTCACAATTCG-1,0.03333333333333333,0.8666666666666667,0.06666666666666667,0.03333333333333333
AGGGAGTGTCACAGAG-1,0.1,0.7333333333333333,0.16666666666666666,0.0
AGGGAGTTCCTGCCAT-1,0.1,0.5666666666666667,0.3333333333333333,0.0
AGGGAGTTCTATTTCG-1,0.03333333333333333,0.9,0.06666666666666667,0.0
AGGGAGTTCTTACACT-1,0.06666666666666667,0.6,0.3333333333333333,0.0
AGGGCCTAGGGCTTCC-1,0.16666666666666666,0.7666666666666667,0.06666666666666667,0.0
AGGGCCTAGGTGCCTC-1,0.03333333333333333,0.7333333333333333,0.23333333333333334,0.0
AGGGCCTCACCCTATC-1,0.06666666666666667,0.8,0.13333333333333333,0.0
AGGGCCTCATGGACAG-1,0.1,0.6,0.3,0.0
AGGGCCTGTAGGACTG-1,0.13333333333333333,0.7,0.16666666666666666,0.0
AGGGCCTGTGTGAGCA-1,0.03333333333333333,0.9333333333333333,0.03333333333333333,0.0
AGGGCCTGTGTTTGCA-1,0.06666666666666667,0.6,0.3333333333333333,0.0
AGGGCCTGTTTCGTGA-1,0.16666666666666666,0.8333333333333334,0.0,0.0
AGGGCCTGTTTGGGTT-1,0.03333333333333333,0.9333333333333333,0.03333333333333333,0.0
AGGGCCTTCCAACCGG-1,0.06666666666666667,0.8666666666666667,0.06666666666666667,0.0
AGGGCCTTCCGAGATT-1,0.03333333333333333,0.7333333333333333,0.23333333333333334,0.0
AGGGCCTTCCGCAGTG-1,0.13333333333333333,0.7666666666666667,0.1,0.0
AGGGCCTTCGGTCGGT-1,0.06666666666666667,0.7,0.23333333333333334,0.0
AGGGCCTTCTGTACAG-1,0.06666666666666667,0.8333333333333334,0.1,0.0
AGGGCTCAGACAACTA-1,0.03333333333333333,0.6666666666666666,0.3,0.0
AGGGCTCAGAGTTGCG-1,0.1,0.8333333333333334,0.06666666666666667,0.0
AGGGCTCAGCGCCGTT-1,0.06666666666666667,0.8333333333333334,0.1,0.0
AGGGCTCCACAGCATT-1,0.2,0.7666666666666667,0.03333333333333333,0.0
AGGGCTCGTCGGCTAC-1,0.1,0.8,0.1,0.0
AGGGCTCGTGACCGAA-1,0.03333333333333333,0.7666666666666667,0.2,0.0
AGGGTCCAGATGCTTC-1,0.1,0.7666666666666667,0.13333333333333333,0.0
AGGGTCCCAACTGGTT-1,0.06666666666666667,0.8333333333333334,0.1,0.0
AGGGTCCCAGATACCT-1,0.1,0.7666666666666667,0.13333333333333333,0.0
AGGGTCCCAGCGTGAA-1,0.06666666666666667,0.5666666666666667,0.36666666666666664,0.0
AGGGTCCGTGTTCGAT-1,0.1,0.8666666666666667,0.03333333333333333,0.0
AGGGTCCTCCAACTGA-1,0.03333333333333333,0.4666666666666667,0.5,0.0
AGGGTCCTCCGTGCGA-1,0.13333333333333333,0.7,0.16666666666666666,0.0
AGGGTCCTCGCGATCG-1,0.13333333333333333,0.8,0.06666666666666667,0.0
AGGGTGACACTTGGGC-1,0.2,0.6333333333333333,0.16666666666666666,0.0
AGGGTGAGTCAAGGCA-1,0.1,0.6,0.3,0.0
AGGGTGAGTCTTTATC-1,0.06666666666666667,0.7333333333333333,0.2,0.0
AGGGTGATCTCCTGTG-1,0.06666666666666667,0.6333333333333333,0.3,0.0
AGGGTTTAGATCCAAA-1,0.06666666666666667,0.7333333333333333,0.2,0.0
AGGGTTTAGGCGACAT-1,0.13333333333333333,0.7333333333333333,0.13333333333333333,0.0
AGGGTTTAGTCATCGT-1,0.06666666666666667,0.6,0.3333333333333333,0.0
AGGGTTTGTAAGGTCG-1,0.06666666666666667,0.8666666666666667,0.06666666666666667,0.0
AGGGTTTTCCCTCATG-1,0.13333333333333333,0.7333333333333333,0.1,0.03333333333333333
AGGGTTTTCCCTCGTA-1,0.03333333333333333,0.8,0.16666666666666666,0.0
AGGGTTTTCGCTCTCA-1,0.06666666666666667,0.7333333333333333,0.2,0.0
AGGTAGGAGAATTGTG-1,0.0,0.6333333333333333,0.36666666666666664,0.0
AGGTAGGCACTGTGAT-1,0.03333333333333333,0.8,0.16666666666666666,0.0
AGGTAGGGTCAGGAGT-1,0.1,0.8,0.1,0.0
AGGTAGGTCAAGAGGC-1,0.1,0.7,0.2,0.0
AGGTAGGTCAGACATC-1,0.06666666666666667,0.6,0.3333333333333333,0.0
AGGTAGGTCAGGACGA-1,0.06666666666666667,0.5333333333333333,0.4,0.0
AGGTAGGTCTTCGATT-1,0.03333333333333333,0.7666666666666667,0.2,0.0
AGGTCATCAACACAAA-1,0.1,0.7,0.2,0.0
AGGTCATCACTCCGAG-1,0.13333333333333333,0.8333333333333334,0.03333333333333333,0.0
AGGTCATCAGGAAGTC-1,0.13333333333333333,0.6,0.26666666666666666,0.0
AGGTCATGTCTCGGAC-1,0.03333333333333333,0.9,0.06666666666666667,0.0
AGGTCATGTTCTCTAT-1,0.03333333333333333,0.7333333333333333,0.23333333333333334,0.0
AGGTCATTCGTAGGAG-1,0.03333333333333333,0.9,0.06666666666666667,0.0
AGGTCATTCTGACAGT-1,0.06666666666666667,0.8333333333333334,0.1,0.0
AGGTCTAAGATGCTGG-1,0.06666666666666667,0.7333333333333333,0.2,0.0
AGGTCTAAGCACGGAT-1,0.06666666666666667,0.7666666666666667,0.16666666666666666,0.0
AGGTCTAAGCGGTAGT-1,0.13333333333333333,0.6333333333333333,0.23333333333333334,0.0
AGGTCTACAGCTCGGT-1,0.06666666666666667,0.9,0.03333333333333333,0.0
AGGTCTACATCACGGC-1,0.1,0.6666666666666666,0.23333333333333334,0.0
AGGTCTAGTCCTTGTC-1,0.03333333333333333,0.9,0.06666666666666667,0.0
AGGTCTAGTCTGATCA-1,0.03333333333333333,0.6333333333333333,0.3333333333333333,0.0
AGGTGTTCACAGTCGC-1,0.13333333333333333,0.8,0.06666666666666667,0.0
AGGTGTTCATTGCCTC-1,0.06666666666666667,0.8333333333333334,0.1,0.0
AGGTGTTGTGTTTACG-1,0.1,0.8,0.1,0.0
AGGTGTTTCCTGCTAC-1,0.06666666666666667,0.7333333333333333,0.16666666666666666,0.03333333333333333
AGGTTACAGCAGTAAT-1,0.16666666666666666,0.7666666666666667,0.06666666666666667,0.0
AGGTTACCAAGTGGAC-1,0.06666666666666667,0.8333333333333334,0.1,0.0
AGGTTACCACGTATAC-1,0.2,0.7,0.1,0.0
AGGTTACTCTCTGGTC-1,0.03333333333333333,0.7666666666666667,0.2,0.0
AGGTTGTCAATAGGGC-1,0.1,0.7666666666666667,0.13333333333333333,0.0
AGGTTGTCATCCGCGA-1,0.06666666666666667,0.6333333333333333,0.3,0.0
AGGTTGTCATCGTGCG-1,0.06666666666666667,0.7666666666666667,0.16666666666666666,0.0
AGTAACCAGATTGCGG-1,0.13333333333333333,0.7,0.13333333333333333,0.03333333333333333
AGTAACCCAAGAGTGC-1,0.1,0.6,0.26666666666666666,0.03333333333333333
AGTAACCCACAATGAA-1,0.03333333333333333,0.6333333333333333,0.3333333333333333,0.0
AGTAACCCATACCAGT-1,0.03333333333333333,0.8,0.16666666666666666,0.0
AGTAACCCATGACTTG-1,0.13333333333333333,0.6333333333333333,0.23333333333333334,0.0
AGTAACCGTCACCGCA-1,0.03333333333333333,0.7,0.26666666666666666,0.0
AGTACCAAGACAGTCG-1,0.1,0.8,0.1,0.0
AGTACCAAGCATGATA-1,0.06666666666666667,0.7,0.23333333333333334,0.0
AGTACCAAGGCCTTCG-1,0.06666666666666667,0.8,0.13333333333333333,0.0
AGTACCACACGCTGAC-1,0.1,0.6666666666666666,0.23333333333333334,0.0
AGTACCACAGAAATTG-1,0.03333333333333333,0.8666666666666667,0.1,0.0
AGTACCAGTTGCATAC-1,0.06666666666666667,0.8333333333333334,0.1,0.0
AGTACCATCATCACAG-1,0.1,0.7666666666666667,0.13333333333333333,0.0
AGTACCATCCCGATCT-1,0.13333333333333333,0.5333333333333333,0.3333333333333333,0.0
AGTACCATCGCTGTCT-1,0.0,0.8666666666666667,0.13333333333333333,0.0
AGTACCATCGGTATGT-1,0.03333333333333333,0.6333333333333333,0.3333333333333333,0.0
AGTACCATCTTGGAAC-1,0.16666666666666666,0.5333333333333333,0.3,0.0
AGTACTGAGAGCACTG-1,0.03333333333333333,0.6,0.36666666666666664,0.0
AGTACTGAGCATGTTC-1,0.06666666666666667,0.8,0.13333333333333333,0.0
AGTACTGAGCTGCCAC-1,0.16666666666666666,0.7333333333333333,0.1,0.0
AGTACTGAGTTGAATG-1,0.13333333333333333,0.7333333333333333,0.13333333333333333,0.0
AGTACTGCAAGAGGTC-1,0.13333333333333333,0.6333333333333333,0.23333333333333334,0.0
AGTACTGCAGGCCCTA-1,0.03333333333333333,0.6333333333333333,0.3333333333333333,0.0
AGTACTGTCCGCTTAC-1,0.13333333333333333,0.7666666666666667,0.1,0.0
AGTAGCTAGCGAGAAA-1,0.1,0.6666666666666666,0.23333333333333334,0.0
AGTAGCTGTAACACCT-1,0.03333333333333333,0.8333333333333334,0.13333333333333333,0.0
AGTAGCTGTACGAGCA-1,0.1,0.5666666666666667,0.3333333333333333,0.0
AGTAGCTGTTCCACAA-1,0.1,0.6666666666666666,0.23333333333333334,0.0
AGTAGCTTCACCATAG-1,0.03333333333333333,0.8666666666666667,0.1,0.0
AGTAGTCAGGCTCTAT-1,0.1,0.8666666666666667,0.03333333333333333,0.0
AGTAGTCCAGAGGGTT-1,0.1,0.5,0.4,0.0
AGTAGTCGTTATGTCG-1,0.16666666666666666,0.7666666666666667,0.06666666666666667,0.0
AGTAGTCTCGTGGACC-1,0.06666666666666667,0.8,0.13333333333333333,0.0
AGTAGTCTCTACTTCA-1,0.1,0.6333333333333333,0.26666666666666666,0.0
AGTCAACCAACATCGT-1,0.06666666666666667,0.8333333333333334,0.1,0.0
AGTCAACCAATGAAAC-1,0.1,0.6,0.3,0.0
AGTCAACTCGCCTAGG-1,0.03333333333333333,0.6,0.36666666666666664,0.0
AGTCAACTCGCTCATC-1,0.16666666666666666,0.6666666666666666,0.16666666666666666,0.0
AGTCAACTCTGGAGAG-1,0.06666666666666667,0.6333333333333333,0.3,0.0
AGTCACAAGTTAGTGA-1,0.03333333333333333,0.9,0.06666666666666667,0.0
AGTCACACAAGATGGC-1,0.06666666666666667,0.8666666666666667,0.06666666666666667,0.0
AGTCACACAATTTCTC-1,0.03333333333333333,0.8666666666666667,0.1,0.0
AGTCACACATCGGAAG-1,0.1,0.8666666666666667,0.03333333333333333,0.0
AGTCACAGTAGTTCCA-1,0.03333333333333333,0.7,0.26666666666666666,0.0
AGTCACAGTGCATTAC-1,0.06666666666666667,0.7666666666666667,0.16666666666666666,0.0
AGTCACAGTGTTCAGT-1,0.1,0.8333333333333334,0.06666666666666667,0.0
AGTCACAGTTCAAGGG-1,0.1,0.6666666666666666,0.23333333333333334,0.0
AGTCACATCCGTTGGG-1,0.1,0.7,0.2,0.0
AGTCACATCGAGATGG-1,0.06666666666666667,0.8666666666666667,0.06666666666666667,0.0
AGTCACATCGCACGGT-1,0.06666666666666667,0.6,0.3333333333333333,0.0
AGTCATGAGGATCACG-1,0.1,0.8333333333333334,0.06666666666666667,0.0
AGTCATGCACCACTGG-1,0.1,0.8666666666666667,0.03333333333333333,0.0
AGTCATGGTCACTCGG-1,0.0,0.8,0.2,0.0
AGTCATGTCACGACTA-1,0.1,0.7666666666666667,0.13333333333333333,0.0
AGTCTCCAGCATGGGT-1,0.03333333333333333,0.5666666666666667,0.4,0.0
AGTCTCCGTATCCTCC-1,0.1,0.7,0.2,0.0
AGTCTCCGTTCGGCGT-1,0.13333333333333333,0.7333333333333333,0.13333333333333333,0.0
AGTGACTAGATGCTAA-1,0.03333333333333333,0.9,0.06666666666666667,0.0
AGTGACTGTATGCTAC-1,0.03333333333333333,0.7333333333333333,0.23333333333333334,0.0
AGTGACTGTCGACTGC-1,0.03333333333333333,0.8,0.16666666666666666,0.0
AGTGACTGTGTCCACG-1,0.06666666666666667,0.7333333333333333,0.2,0.0
AGTGACTTCACTCGAA-1,0.0,0.9,0.1,0.0
AGTGATCAGAAACTGT-1,0.03333333333333333,0.7333333333333333,0.23333333333333334,0.0
AGTGATCAGGGCAGGA-1,0.1,0.6666666666666666,0.23333333333333334,0.0
AGTGATCAGTAGTCAA-1,0.03333333333333333,0.9,0.06666666666666667,0.0
AGTGATCAGTGCGCTC-1,0.06666666666666667,0.8666666666666667,0.06666666666666667,0.0
AGTGATCAGTTCATGC-1,0.1,0.7,0.2,0.0
AGTGATCGTAAGGCTG-1,0.06666666666666667,0.8666666666666667,0.06666666666666667,0.0
AGTGATCGTATGGTAA-1,0.13333333333333333,0.8,0.06666666666666667,0.0
AGTGATCTCAGGGTAG-1,0.06666666666666667,0.8333333333333334,0.1,0.0
AGTGATCTCATTTGCT-1,0.06666666666666667,0.5333333333333333,0.4,0.0
AGTGATCTCCTGCTAC-1,0.03333333333333333,0.6666666666666666,0.3,0.0
AGTGATCTCGCAATGT-1,0.13333333333333333,0.6333333333333333,0.2,0.03333333333333333
AGTGATCTCGTCAACA-1,0.1,0.8,0.1,0.0
AGTGCCGAGACCATAA-1,0.03333333333333333,0.8,0.16666666666666666,0.0
AGTGCCGCATGCACTA-1,0.0,0.5666666666666667,0.4,0.03333333333333333
AGTGCCGGTTTCCAAG-1,0.1,0.7333333333333333,0.16666666666666666,0.0
AGTGCCGTCCAGCTCT-1,0.06666666666666667,0.8,0.13333333333333333,0.0
AGTGCCGTCTCCGAGG-1,0.13333333333333333,0.5333333333333333,0.3333333333333333,0.0
AGTGCCGTCTTGCAAG-1,0.06666666666666667,0.8333333333333334,0.1,0.0
AGTGTTGAGCTCCGAC-1,0.16666666666666666,0.7333333333333333,0.1,0.0
AGTGTTGAGTATGGAT-1,0.0,0.8666666666666667,0.13333333333333333,0.0
AGTGTTGCACTCCTTG-1,0.16666666666666666,0.8,0.03333333333333333,0.0
AGTGTTGCAGCGGTTC-1,0.16666666666666666,0.8333333333333334,0.0,0.0
AGTGTTGCAGGTATGG-1,0.06666666666666667,0.7666666666666667,0.16666666666666666,0.0
AGTGTTGGTCTAACGT-1,0.06666666666666667,0.9,0.03333333333333333,0.0
AGTGTTGTCACTACTT-1,0.13333333333333333,0.7333333333333333,0.13333333333333333,0.0
AGTTAGCAGCGCCCAT-1,0.06666666666666667,0.6333333333333333,0.3,0.0
AGTTAGCAGCTCAGAG-1,0.13333333333333333,0.7666666666666667,0.1,0.0
AGTTAGCAGTAGATCA-1,0.13333333333333333,0.8333333333333334,0.03333333333333333,0.0
AGTTAGCAGTGTAGAT-1,0.1,0.7333333333333333,0.16666666666666666,0.0
AGTTAGCCAAGGATGC-1,0.16666666666666666,0.7666666666666667,0.06666666666666667,0.0
AGTTAGCCAAGTGATA-1,0.16666666666666666,0.4,0.43333333333333335,0.0
AGTTAGCCACTTCAGA-1,0.13333333333333333,0.7666666666666667,0.1,0.0
AGTTAGCTCACGATAC-1,0.16666666666666666,0.7333333333333333,0.1,0.0
AGTTCCCCAACGCCCA-1,0.1,0.8,0.1,0.0
AGTTCCCCAATAGTCC-1,0.1,0.8333333333333334,0.06666666666666667,0.0
AGTTCCCCAATCTCTT-1,0.06666666666666667,0.8,0.13333333333333333,0.0
AGTTCCCCAGCATCTA-1,0.03333333333333333,0.7,0.26666666666666666,0.0
AGTTCCCCATAGCACT-1,0.06666666666666667,0.7,0.23333333333333334,0.0
AGTTCCCGTACGGTTT-1,0.06666666666666667,0.9,0.03333333333333333,0.0
AGTTCCCTCATCCCGT-1,0.13333333333333333,0.6,0.26666666666666666,0.0
AGTTCGACACATATGC-1,0.06666666666666667,0.7333333333333333,0.2,0.0
AGTTCGAGTCCGATCG-1,0.03333333333333333,0.8666666666666667,0.1,0.0
AGTTCGAGTCTGCAAT-1,0.03333333333333333,0.6333333333333333,0.3333333333333333,0.0
AGTTCGATCGCTGTTC-1,0.03333333333333333,0.6333333333333333,0.3333333333333333,0.0
AGTTCGATCTGCCTGT-1,0.06666666666666667,0.6,0.3333333333333333,0.0
ATACCGAAGATCACCT-1,0.16666666666666666,0.7333333333333333,0.1,0.0
ATACCGAAGTCACACT-1,0.06666666666666667,0.8333333333333334,0.1,0.0
ATACCGACACCTAAAC-1,0.06666666666666667,0.4666666666666667,0.4666666666666667,0.0
ATACCGACAGTACTAC-1,0.03333333333333333,0.8666666666666667,0.1,0.0
ATACCGATCATTTGGG-1,0.06666666666666667,0.7333333333333333,0.2,0.0
ATACCTTAGAAGCGCT-1,0.06666666666666667,0.5333333333333333,0.4,0.0
ATACCTTAGCGATGGT-1,0.1,0.7,0.2,0.0
ATACCTTCAGGTTCAT-1,0.16666666666666666,0.5,0.3333333333333333,0.0
ATACCTTGTAACCCTA-1,0.06666666666666667,0.5666666666666667,0.36666666666666664,0.0
ATACCTTTCAATCCGA-1,0.1,0.8333333333333334,0.06666666666666667,0.0
ATACCTTTCGCTTTAT-1,0.03333333333333333,0.7,0.26666666666666666,0.0
ATACTTCAGTTTGTCG-1,0.03333333333333333,0.8,0.16666666666666666,0.0
ATACTTCGTAATGATG-1,0.06666666666666667,0.8,0.1,0.03333333333333333
ATACTTCGTGCTCTTC-1,0.1,0.8,0.1,0.0
ATACTTCGTTAATGAG-1,0.1,0.8666666666666667,0.03333333333333333,0.0
ATACTTCGTTGCATAC-1,0.1,0.8,0.1,0.0
ATACTTCGTTTGAAAG-1,0.13333333333333333,0.7666666666666667,0.1,0.0
ATAGACCAGATTAGTG-1,0.06666666666666667,0.6,0.3333333333333333,0.0
ATAGACCAGCGACCCT-1,0.0,0.8666666666666667,0.13333333333333333,0.0
ATAGACCAGCGTCTCG-1,0.1,0.6666666666666666,0.23333333333333334,0.0
ATAGACCCAGTCTCTC-1,0.1,0.7333333333333333,0.16666666666666666,0.0
ATAGACCGTCCGTTTC-1,0.03333333333333333,0.8333333333333334,0.13333333333333333,0.0
ATAGACCTCTCATTGT-1,0.06666666666666667,0.7333333333333333,0.2,0.0
ATAGAGAAGATACATG-1,0.06666666666666667,0.6666666666666666,0.26666666666666666,0.0
ATAGAGAAGTAAGCAT-1,0.06666666666666667,0.8,0.13333333333333333,0.0
ATAGAGAAGTGATCGG-1,0.13333333333333333,0.6666666666666666,0.2,0.0
ATAGAGACACTAGGCC-1,0.06666666666666667,0.7,0.23333333333333334,0.0
ATAGAGACATCATTTC-1,0.1,0.8333333333333334,0.06666666666666667,0.0
ATAGAGAGTGACCTGC-1,0.13333333333333333,0.8333333333333334,0.03333333333333333,0.0
ATAGGCTAGAGCCCAA-1,0.16666666666666666,0.7333333333333333,0.1,0.0
ATAGGCTAGATAACAC-1,0.03333333333333333,0.8333333333333334,0.13333333333333333,0.0
ATAGGCTCAAACTGCT-1,0.03333333333333333,0.5333333333333333,0.43333333333333335,0.0
ATAGGCTCAAGAAATC-1,0.06666666666666667,0.6,0.3333333333333333,0.0
ATAGGCTCATACACCA-1,0.1,0.6333333333333333,0.26666666666666666,0.0
ATAGGCTGTACAGCGA-1,0.06666666666666667,0.5333333333333333,0.4,0.0
ATAGGCTGTGAGCGAT-1,0.13333333333333333,0.36666666666666664,0.5,0.0
ATAGGCTGTGTGTTTG-1,0.06666666666666667,0.8666666666666667,0.06666666666666667,0.0
ATAGGCTTCTCTCGCA-1,0.03333333333333333,0.8333333333333334,0.13333333333333333,0.0
ATATCCTCAAGGTCGA-1,0.03333333333333333,0.7666666666666667,0.2,0.0
ATATCCTCATAGAGGC-1,0.1,0.7333333333333333,0.16666666666666666,0.0
ATATCCTGTACACGCC-1,0.03333333333333333,0.7333333333333333,0.23333333333333334,0.0
ATATCCTGTGATGAAT-1,0.03333333333333333,0.6333333333333333,0.3333333333333333,0.0
ATATCCTTCTTGGTGA-1,0.13333333333333333,0.6,0.26666666666666666,0.0
ATCACAGAGACCTGGA-1,0.03333333333333333,0.9,0.06666666666666667,0.0
ATCACAGAGTCACTGT-1,0.06666666666666667,0.7333333333333333,0.2,0.0
ATCACAGCAGAATGTA-1,0.03333333333333333,0.8,0.16666666666666666,0.0
ATCACAGCAGCTCCTT-1,0.16666666666666666,0.6666666666666666,0.16666666666666666,0.0
ATCACAGTCTCATAGG-1,0.06666666666666667,0.6666666666666666,0.26666666666666666,0.0
ATCACGAAGAACCCGA-1,0.06666666666666667,0.8333333333333334,0.1,0.0
ATCACGAGTATACCCA-1,0.13333333333333333,0.8,0.06666666666666667,0.0
ATCACGATCGCCTTTG-1,0.16666666666666666,0.7666666666666667,0.06666666666666667,0.0
ATCACGATCGCTCTCA-1,0.06666666666666667,0.7,0.23333333333333334,0.0
ATCACGATCTGTGCGG-1,0.06666666666666667,0.3,0.6333333333333333,0.0
ATCACTTAGGAGTCTG-1,0.06666666666666667,0.6,0.3333333333333333,0.0
ATCACTTGTAGACGGT-1,0.06666666666666667,0.43333333333333335,0.5,0.0
ATCACTTGTCACGTGC-1,0.13333333333333333,0.8666666666666667,0.0,0.0
ATCACTTGTCGCTTGG-1,0.03333333333333333,0.8666666666666667,0.1,0.0
ATCACTTGTTGCATGT-1,0.1,0.7333333333333333,0.16666666666666666,0.0
ATCACTTGTTTCGATG-1,0.0,0.9666666666666667,0.03333333333333333,0.0
ATCACTTTCCTGCCAT-1,0.1,0.7,0.2,0.0
ATCACTTTCTGCCTGT-1,0.03333333333333333,0.7666666666666667,0.2,0.0
ATCAGGTAGGGCCCTT-1,0.1,0.7666666666666667,0.13333333333333333,0.0
ATCAGGTCACGACGAA-1,0.0,0.5333333333333333,0.4666666666666667,0.0
ATCAGGTGTAAGGCTG-1,0.1,0.7333333333333333,0.16666666666666666,0.0
ATCAGGTTCCTGCCAT-1,0.13333333333333333,0.7666666666666667,0.1,0.0
ATCAGGTTCTCGTTTA-1,0.06666666666666667,0.7666666666666667,0.16666666666666666,0.0
ATCATTCAGGTATTGA-1,0.0,0.7666666666666667,0.23333333333333334,0.0
ATCATTCCAATGTCTG-1,0.16666666666666666,0.5666666666666667,0.26666666666666666,0.0
ATCATTCCACAGCATT-1,0.06666666666666667,0.8666666666666667,0.06666666666666667,0.0
ATCATTCCAGGGAATC-1,0.1,0.8,0.1,0.0
ATCATTCCATCTTTCA-1,0.06666666666666667,0.6333333333333333,0.3,0.0
ATCATTCGTTCCATTT-1,0.13333333333333333,0.7333333333333333,0.13333333333333333,0.0
ATCCACCAGCCACCGT-1,0.06666666666666667,0.6333333333333333,0.3,0.0
ATCCACCAGCTCCCTT-1,0.13333333333333333,0.6666666666666666,0.2,0.0
ATCCACCAGGACGCAT-1,0.16666666666666666,0.6666666666666666,0.16666666666666666,0.0
ATCCACCAGTAGACCG-1,0.03333333333333333,0.6666666666666666,0.3,0.0
ATCCACCCAGAGTTCT-1,0.06666666666666667,0.8333333333333334,0.1,0.0
ATCCACCGTACAGAGC-1,0.0,0.5333333333333333,0.4666666666666667,0.0
ATCCACCGTCCCGTGA-1,0.1,0.7,0.2,0.0
ATCCACCGTTTACTGG-1,0.03333333333333333,0.8333333333333334,0.13333333333333333,0.0
ATCCACCTCCATCACC-1,0.06666666666666667,0.6666666666666666,0.26666666666666666,0.0
ATCCATTCAATTCGTG-1,0.06666666666666667,0.8,0.13333333333333333,0.0
ATCCATTCACCGGTCA-1,0.06666666666666667,0.5666666666666667,0.36666666666666664,0.0
ATCCATTGTACAGTAA-1,0.06666666666666667,0.8333333333333334,0.1,0.0
ATCCATTGTCCTGTTC-1,0.03333333333333333,0.7,0.26666666666666666,0.0
ATCCATTTCCGTGGGT-1,0.06666666666666667,0.8666666666666667,0.06666666666666667,0.0
ATCCATTTCGGTAAGG-1,0.06666666666666667,0.6666666666666666,0.26666666666666666,0.0
ATCCCTGAGTACGTCT-1,0.06666666666666667,0.7666666666666667,0.16666666666666666,0.0
ATCCCTGAGTGACACG-1,0.06666666666666667,0.7333333333333333,0.2,0.0
ATCCCTGCAACCTAAC-1,0.06666666666666667,0.5666666666666667,0.36666666666666664,0.0
ATCCCTGGTCACTACA-1,0.06666666666666667,0.5666666666666667,0.36666666666666664,0.0
ATCCCTGGTTCTTAGG-1,0.16666666666666666,0.6333333333333333,0.2,0.0
ATCCCTGTCCACCCTA-1,0.06666666666666667,0.7,0.23333333333333334,0.0
ATCCCTGTCTAGACCA-1,0.03333333333333333,0.7333333333333333,0.23333333333333334,0.0
ATCCGTCGTTATGGTC-1,0.06666666666666667,0.7666666666666667,0.16666666666666666,0.0
ATCCGTCGTTTGCAGT-1,0.0,0.8333333333333334,0.16666666666666666,0.0
ATCCGTCTCCGTGTGG-1,0.06666666666666667,0.8,0.13333333333333333,0.0
ATCCGTCTCGGCCAAC-1,0.06666666666666667,0.8333333333333334,0.1,0.0
ATCCTATAGAAGATCT-1,0.1,0.7666666666666667,0.13333333333333333,0.0
ATCCTATCACTTCCTG-1,0.1,0.6333333333333333,0.26666666666666666,0.0
ATCCTATCATAGGAGC-1,0.06666666666666667,0.9,0.03333333333333333,0.0
ATCCTATGTTACCGTA-1,0.13333333333333333,0.8333333333333334,0.03333333333333333,0.0
ATCCTATTCTTCGTAT-1,0.03333333333333333,0.8333333333333334,0.13333333333333333,0.0
ATCGATGAGCATCCTA-1,0.16666666666666666,0.6333333333333333,0.2,0.0
ATCGATGAGTCGCCAC-1,0.06666666666666667,0.6,0.3333333333333333,0.0
ATCGATGGTAGAGTTA-1,0.03333333333333333,0.6666666666666666,0.3,0.0
ATCGATGGTCAAAGCG-1,0.13333333333333333,0.8,0.06666666666666667,0.0
ATCGATGGTTACCTGA-1,0.13333333333333333,0.6666666666666666,0.2,0.0
ATCGATGTCTGTTCAT-1,0.03333333333333333,0.6,0.36666666666666664,0.0
ATCGCCTAGTGCGTCC-1,0.16666666666666666,0.7666666666666667,0.06666666666666667,0.0
ATCGCCTCAGAGGAAA-1,0.06666666666666667,0.8,0.13333333333333333,0.0
ATCGCCTGTCACCCTT-1,0.06666666666666667,0.8333333333333334,0.1,0.0
ATCGCCTGTGGCTCTG-1,0.06666666666666667,0.8666666666666667,0.06666666666666667,0.0
ATCGCCTTCCAGTTCC-1,0.06666666666666667,0.7333333333333333,0.2,0.0
ATCGCCTTCGAATCCA-1,0.16666666666666666,0.7,0.13333333333333333,0.0
ATCGGATAGACTTCGT-1,0.06666666666666667,0.8,0.13333333333333333,0.0
ATCGGATAGCGAGTAC-1,0.13333333333333333,0.7666666666666667,0.1,0.0
ATCGGATCAAGTGATA-1,0.13333333333333333,0.8,0.06666666666666667,0.0
ATCGGATCACTCGATA-1,0.16666666666666666,0.6333333333333333,0.2,0.0
ATCGGATCATGGGTCC-1,0.1,0.8333333333333334,0.06666666666666667,0.0
ATCGGATCATTGTAGC-1,0.06666666666666667,0.7333333333333333,0.2,0.0
ATCGGATGTAGAGGAA-1,0.06666666666666667,0.8,0.13333333333333333,0.0
ATCGGATGTGTCATTG-1,0.06666666666666667,0.7333333333333333,0.2,0.0
ATCGGATTCCATAGAC-1,0.06666666666666667,0.8,0.13333333333333333,0.0
ATCGGATTCCATTTCA-1,0.1,0.8,0.1,0.0
ATCGGATTCTTAGTTC-1,0.16666666666666666,0.7333333333333333,0.1,0.0
ATCGGCGAGGTTATAG-1,0.03333333333333333,0.8,0.16666666666666666,0.0
ATCGGCGAGTTGCCCG-1,0.06666666666666667,0.8,0.13333333333333333,0.0
ATCGGCGCAACGTTAC-1,0.06666666666666667,0.6,0.3333333333333333,0.0
ATCGGCGCACGAAGAC-1,0.1,0.8,0.1,0.0
ATCGGCGGTGTTAACC-1,0.06666666666666667,0.6666666666666666,0.26666666666666666,0.0
ATCGGCGGTTAGGACG-1,0.06666666666666667,0.7666666666666667,0.16666666666666666,0.0
ATCGGCGTCAACACGT-1,0.03333333333333333,0.8666666666666667,0.1,0.0
ATCGGCGTCCGTGGTG-1,0.13333333333333333,0.6,0.26666666666666666,0.0
ATCGGCGTCGAGTACT-1,0.06666666666666667,0.6,0.3333333333333333,0.0
ATCGTAGAGTTCGCAT-1,0.13333333333333333,0.6,0.26666666666666666,0.0
ATCGTAGCAATAGTCC-1,0.13333333333333333,0.7666666666666667,0.1,0.0
ATCGTAGGTCGTTCAA-1,0.03333333333333333,0.7666666666666667,0.2,0.0
ATCGTAGGTTGTATGC-1,0.13333333333333333,0.8,0.06666666666666667,0.0
ATCGTAGTCGAATGCT-1,0.06666666666666667,0.7,0.23333333333333334,0.0
ATCGTCCAGCTACAAA-1,0.06666666666666667,0.8666666666666667,0.06666666666666667,0.0
ATCGTCCAGTAGGTTA-1,0.06666666666666667,0.9,0.03333333333333333,0.0
ATCGTCCCAAGATTGA-1,0.03333333333333333,0.9333333333333333,0.03333333333333333,0.0
ATCGTCCCAATGGCCC-1,0.06666666666666667,0.5,0.43333333333333335,0.0
ATCGTCCGTAACTTCG-1,0.13333333333333333,0.7666666666666667,0.1,0.0
ATCGTCCTCCTACTGC-1,0.03333333333333333,0.9333333333333333,0.03333333333333333,0.0
ATCGTCCTCGGCATCG-1,0.1,0.7333333333333333,0.16666666666666666,0.0
ATCGTCCTCTTAGCTT-1,0.1,0.9,0.0,0.0
ATCGTGAAGAGTACCG-1,0.16666666666666666,0.7333333333333333,0.1,0.0
ATCGTGAAGCCGAATG-1,0.13333333333333333,0.5333333333333333,0.3333333333333333,0.0
ATCGTGACAATGGCAG-1,0.13333333333333333,0.6,0.26666666666666666,0.0
ATCGTGACAGGCGAAT-1,0.03333333333333333,0.6,0.36666666666666664,0.0
ATCGTGAGTCAACCAT-1,0.2,0.7333333333333333,0.06666666666666667,0.0
ATCGTGAGTCGGTGAA-1,0.06666666666666667,0.5,0.43333333333333335,0.0
ATCGTGAGTGCTAGCC-1,0.06666666666666667,0.7333333333333333,0.16666666666666666,0.03333333333333333
ATCGTGAGTGTCCGGT-1,0.06666666666666667,0.7,0.23333333333333334,0.0
ATCGTGATCAGTCTTT-1,0.06666666666666667,0.4666666666666667,0.4666666666666667,0.0
ATCGTGATCGATTCCC-1,0.06666666666666667,0.7333333333333333,0.2,0.0
ATCTCTAAGTTGCGAG-1,0.03333333333333333,0.7,0.26666666666666666,0.0
ATCTCTACACTTCCTG-1,0.16666666666666666,0.7666666666666667,0.06666666666666667,0.0
ATCTCTACAGGTCTCG-1,0.06666666666666667,0.7666666666666667,0.16666666666666666,0.0
ATCTCTACATCCAATG-1,0.03333333333333333,0.7666666666666667,0.2,0.0
ATCTCTAGTATGACAA-1,0.13333333333333333,0.8,0.06666666666666667,0.0
ATCTCTAGTATGAGGC-1,0.06666666666666667,0.7666666666666667,0.16666666666666666,0.0
ATCTCTATCTCGTTTA-1,0.0,0.8666666666666667,0.13333333333333333,0.0
ATCTTCAAGATTGTGA-1,0.03333333333333333,0.7333333333333333,0.23333333333333334,0.0
ATCTTCAAGGTCGCCT-1,0.13333333333333333,0.6666666666666666,0.2,0.0
ATCTTCAAGTCGCTAT-1,0.03333333333333333,0.6666666666666666,0.3,0.0
ATCTTCACATAGAGGC-1,0.06666666666666667,0.6,0.3333333333333333,0.0
ATCTTCAGTACTCGTA-1,0.03333333333333333,0.7333333333333333,0.23333333333333334,0.0
ATCTTCATCAACTTTC-1,0.1,0.4,0.5,0.0
ATCTTCATCCATTTCA-1,0.03333333333333333,0.6333333333333333,0.3333333333333333,0.0
ATGAAAGAGATCGGTG-1,0.06666666666666667,0.8,0.13333333333333333,0.0
ATGAAAGAGTAGCAAT-1,0.1,0.8333333333333334,0.06666666666666667,0.0
ATGAAAGCAAGACGAC-1,0.06666666666666667,0.6666666666666666,0.26666666666666666,0.0
ATGAAAGCAGACCATT-1,0.06666666666666667,0.8333333333333334,0.1,0.0
ATGAAAGCAGCTAACT-1,0.2,0.4,0.4,0.0
ATGAAAGTCATAAGGA-1,0.03333333333333333,0.43333333333333335,0.5333333333333333,0.0
ATGAAAGTCCTCTCTT-1,0.06666666666666667,0.8666666666666667,0.06666666666666667,0.0
ATGAAAGTCGAACCTA-1,0.13333333333333333,0.8,0.06666666666666667,0.0
ATGACCAAGACAGCGT-1,0.06666666666666667,0.36666666666666664,0.5666666666666667,0.0
ATGACCACAGAGACTG-1,0.03333333333333333,0.6333333333333333,0.3333333333333333,0.0
ATGACCAGTTAAGTCC-1,0.1,0.8333333333333334,0.06666666666666667,0.0
ATGACCATCGGCCAAC-1,0.06666666666666667,0.6666666666666666,0.26666666666666666,0.0
ATGAGGGAGCAACTTC-1,0.06666666666666667,0.8333333333333334,0.1,0.0
ATGAGGGAGGCGAAGG-1,0.16666666666666666,0.6333333333333333,0.2,0.0
ATGAGGGCAAACCATC-1,0.2,0.7333333333333333,0.06666666666666667,0.0
ATGAGGGGTTAGGGTG-1,0.2,0.7,0.1,0.0
ATGAGGGTCCGAAGGA-1,0.16666666666666666,0.7666666666666667,0.06666666666666667,0.0
ATGAGGGTCTCTTGCG-1,0.13333333333333333,0.5666666666666667,0.3,0.0
ATGAGTCCATCTTTCA-1,0.1,0.8666666666666667,0.03333333333333333,0.0
ATGAGTCCATGAGATA-1,0.06666666666666667,0.8,0.13333333333333333,0.0
ATGAGTCGTACTTCCC-1,0.16666666666666666,0.8333333333333334,0.0,0.0
ATGAGTCGTTGCATAC-1,0.06666666666666667,0.6666666666666666,0.26666666666666666,0.0
ATGAGTCTCATTGTGG-1,0.06666666666666667,0.7333333333333333,0.2,0.0
ATGAGTCTCCTTGAAG-1,0.16666666666666666,0.6666666666666666,0.16666666666666666,0.0
ATGAGTCTCGACGCGT-1,0.03333333333333333,0.8333333333333334,0.13333333333333333,0.0
ATGATCGAGAGAGGTA-1,0.13333333333333333,0.5333333333333333,0.3333333333333333,0.0
ATGATCGCACGCTTAA-1,0.16666666666666666,0.6333333333333333,0.2,0.0
ATGATCGCAGTAACAA-1,0.03333333333333333,0.7333333333333333,0.23333333333333334,0.0
ATGATCGGTATGGAAT-1,0.03333333333333333,0.7333333333333333,0.23333333333333334,0.0
ATGATCGTCCATACAG-1,0.1,0.8333333333333334,0.06666666666666667,0.0
ATGATCGTCGCACTCT-1,0.16666666666666666,0.8,0.03333333333333333,0.0
ATGATCGTCTGAGAAA-1,0.0,0.7333333333333333,0.26666666666666666,0.0
ATGCATGAGCGTCTGC-1,0.13333333333333333,0.8,0.06666666666666667,0.0
ATGCATGCAGTCAGCC-1,0.06666666666666667,0.7333333333333333,0.2,0.0
ATGCATGCATGCCGGT-1,0.06666666666666667,0.6,0.3333333333333333,0.0
ATGCATGGTAACACCT-1,0.06666666666666667,0.5333333333333333,0.4,0.0
ATGCATGGTAACGCGA-1,0.03333333333333333,0.8666666666666667,0.1,0.0
ATGCATGGTCCAGCAC-1,0.03333333333333333,0.5,0.4666666666666667,0.0
ATGCATGGTCTGTAAC-1,0.06666666666666667,0.8666666666666667,0.06666666666666667,0.0
ATGCATGGTTGGGTAG-1,0.16666666666666666,0.6666666666666666,0.16666666666666666,0.0
ATGCATGTCAACACGT-1,0.03333333333333333,0.7333333333333333,0.23333333333333334,0.0
ATGCATGTCGCTAATG-1,0.13333333333333333,0.5,0.36666666666666664,0.0
ATGCATGTCGGAATGG-1,0.06666666666666667,0.7666666666666667,0.16666666666666666,0.0
ATGCATGTCTTTACAC-1,0.2,0.6,0.2,0.0
ATGCCTCAGAGTCAGC-1,0.06666666666666667,0.7333333333333333,0.2,0.0
ATGCCTCAGATTGTGA-1,0.1,0.7,0.2,0.0
ATGCCTCCACAAGCCC-1,0.06666666666666667,0.8666666666666667,0.06666666666666667,0.0
ATGCCTCGTAGCGATG-1,0.06666666666666667,0.8333333333333334,0.1,0.0
ATGCCTCGTAGGCAGT-1,0.1,0.8333333333333334,0.06666666666666667,0.0
ATGCCTCGTCCTACAA-1,0.16666666666666666,0.6,0.23333333333333334,0.0
ATGCCTCGTGCCGGTT-1,0.03333333333333333,0.8666666666666667,0.1,0.0
ATGCGATAGGGAGGCA-1,0.06666666666666667,0.7666666666666667,0.16666666666666666,0.0
ATGCGATCAAATTGGA-1,0.06666666666666667,0.8,0.13333333333333333,0.0
ATGCGATCACATATCG-1,0.23333333333333334,0.5333333333333333,0.23333333333333334,0.0
ATGCGATCATAGAAAC-1,0.1,0.8,0.1,0.0
ATGCGATGTATAGGAT-1,0.23333333333333334,0.7,0.06666666666666667,0.0
ATGCGATGTGAGTCAG-1,0.1,0.8333333333333334,0.06666666666666667,0.0
ATGCGATTCCATGCAA-1,0.0,0.9666666666666667,0.03333333333333333,0.0
ATGCGATTCGCGTCGA-1,0.1,0.9,0.0,0.0
ATGGAGGCATAAGCAA-1,0.03333333333333333,0.7,0.26666666666666666,0.0
ATGGAGGGTAACACGG-1,0.06666666666666667,0.6666666666666666,0.26666666666666666,0.0
ATGGAGGGTTGGAGGT-1,0.16666666666666666,0.5,0.3333333333333333,0.0
ATGGATCAGCATATGA-1,0.1,0.8333333333333334,0.06666666666666667,0.0
ATGGATCCAGAACTCT-1,0.16666666666666666,0.7,0.13333333333333333,0.0
ATGGATCGTGCCTACG-1,0.2,0.7666666666666667,0.03333333333333333,0.0
ATGGGAGAGGTCATAA-1,0.1,0.6666666666666666,0.23333333333333334,0.0
ATGGGTTCACAAGCCC-1,0.06666666666666667,0.6333333333333333,0.3,0.0
ATGGGTTCATAACAGA-1,0.03333333333333333,0.8,0.16666666666666666,0.0
ATGGGTTGTTTGACAC-1,0.03333333333333333,0.9333333333333333,0.03333333333333333,0.0
ATGGGTTTCACACCCT-1,0.1,0.6333333333333333,0.26666666666666666,0.0
ATGGGTTTCAGAGCAG-1,0.03333333333333333,0.6,0.36666666666666664,0.0
ATGGGTTTCCATAGGT-1,0.03333333333333333,0.7333333333333333,0.23333333333333334,0.0
ATGGGTTTCGGCAGTC-1,0.16666666666666666,0.7,0.13333333333333333,0.0
ATGGGTTTCGTAACAC-1,0.1,0.7666666666666667,0.13333333333333333,0.0
ATGGGTTTCTCGTCGT-1,0.03333333333333333,0.7,0.26666666666666666,0.0
ATGGTTGAGCATGAAT-1,0.1,0.7,0.2,0.0
ATGGTTGAGCGAGAAA-1,0.06666666666666667,0.4666666666666667,0.4666666666666667,0.0
ATGGTTGAGTGCTAGG-1,0.1,0.9,0.0,0.0
ATGGTTGCAAACTGCT-1,0.1,0.8666666666666667,0.03333333333333333,0.0
ATGGTTGCACAAATCC-1,0.03333333333333333,0.6333333333333333,0.3333333333333333,0.0
ATGGTTGGTACGCGTC-1,0.06666666666666667,0.5,0.43333333333333335,0.0
ATGGTTGGTGAAGCGT-1,0.03333333333333333,0.9333333333333333,0.03333333333333333,0.0
ATGGTTGTCCTACGGG-1,0.26666666666666666,0.4666666666666667,0.26666666666666666,0.0
ATGGTTGTCCTTCAGC-1,0.16666666666666666,0.6333333333333333,0.2,0.0
ATGTCCCAGGTTGAGC-1,0.06666666666666667,0.8666666666666667,0.06666666666666667,0.0
ATGTCCCGTGGCTCTG-1,0.1,0.8,0.1,0.0
ATGTCTTAGAGGGTCT-1,0.13333333333333333,0.7333333333333333,0.13333333333333333,0.0
ATGTCTTAGGTATTGA-1,0.06666666666666667,0.5,0.43333333333333335,0.0
ATGTCTTCAGTCGAGA-1,0.13333333333333333,0.7,0.16666666666666666,0.0
ATGTCTTGTACCGCGT-1,0.16666666666666666,0.8,0.03333333333333333,0.0
ATGTCTTGTGTACATC-1,0.03333333333333333,0.5666666666666667,0.4,0.0
ATGTCTTGTGTACGCC-1,0.1,0.7666666666666667,0.13333333333333333,0.0
ATGTCTTGTTCCATTT-1,0.16666666666666666,0.7666666666666667,0.06666666666666667,0.0
ATGTCTTTCATGAAAG-1,0.13333333333333333,0.7333333333333333,0.13333333333333333,0.0
ATGTCTTTCGTAGCTA-1,0.2,0.6666666666666666,0.13333333333333333,0.0
ATTACCTCAGAAATCA-1,0.0,0.8666666666666667,0.13333333333333333,0.0
ATTACCTGTAGGAGTC-1,0.03333333333333333,0.8,0.16666666666666666,0.0
ATTACCTGTTAACCTG-1,0.06666666666666667,0.6333333333333333,0.3,0.0
ATTACTCAGGGTTTCT-1,0.0,0.8333333333333334,0.16666666666666666,0.0
ATTACTCAGTTTCAGC-1,0.03333333333333333,0.6,0.36666666666666664,0.0
ATTACTCCAGGTGGAT-1,0.1,0.6333333333333333,0.26666666666666666,0.0
ATTACTCCATAATCCG-1,0.06666666666666667,0.9333333333333333,0.0,0.0
ATTACTCCATAATGAG-1,0.1,0.7666666666666667,0.13333333333333333,0.0
ATTACTCCATCCTTGC-1,0.06666666666666667,0.6666666666666666,0.26666666666666666,0.0
ATTACTCGTCTAATCG-1,0.03333333333333333,0.7666666666666667,0.2,0.0
ATTACTCGTCTTCATT-1,0.06666666666666667,0.43333333333333335,0.5,0.0
ATTACTCTCGCTACAA-1,0.03333333333333333,0.7,0.26666666666666666,0.0
ATTATCCAGCCAGACA-1,0.06666666666666667,0.7333333333333333,0.2,0.0
ATTATCCCAGAACGCA-1,0.1,0.8,0.1,0.0
ATTATCCCAGCTACCG-1,0.1,0.6333333333333333,0.26666666666666666,0.0
ATTATCCGTCAACCAT-1,0.1,0.8333333333333334,0.06666666666666667,0.0
ATTATCCGTCCGAAAG-1,0.13333333333333333,0.6333333333333333,0.23333333333333334,0.0
ATTATCCTCGAAATCC-1,0.13333333333333333,0.6,0.26666666666666666,0.0
ATTCACTAGAAGAACG-1,0.13333333333333333,0.6666666666666666,0.2,0.0
ATTCACTAGATGTTCC-1,0.03333333333333333,0.7,0.26666666666666666,0.0
ATTCACTCACTCAGAT-1,0.06666666666666667,0.5333333333333333,0.4,0.0
ATTCACTCAGATCATC-1,0.03333333333333333,0.7333333333333333,0.23333333333333334,0.0
ATTCACTGTCTAGGTT-1,0.03333333333333333,0.7666666666666667,0.2,0.0
ATTCACTGTGCGTGCT-1,0.03333333333333333,0.9333333333333333,0.03333333333333333,0.0
ATTCACTTCGACCACG-1,0.03333333333333333,0.5666666666666667,0.4,0.0
ATTCAGGAGGCATCGA-1,0.1,0.4666666666666667,0.43333333333333335,0.0
ATTCAGGCATGGAAGC-1,0.06666666666666667,0.5333333333333333,0.4,0.0
ATTCAGGGTACTAAGA-1,0.03333333333333333,0.8666666666666667,0.1,0.0
ATTCAGGTCCCATGGG-1,0.1,0.36666666666666664,0.5333333333333333,0.0
ATTCAGGTCTTAGCAG-1,0.06666666666666667,0.7,0.23333333333333334,0.0
ATTCATCCAAACACCT-1,0.03333333333333333,0.6666666666666666,0.3,0.0
ATTCATCCACGTATAC-1,0.1,0.8,0.1,0.0
ATTCATCCAGAGTGAC-1,0.06666666666666667,0.7,0.23333333333333334,0.0
ATTCATCCAGCCGGTT-1,0.06666666666666667,0.6666666666666666,0.23333333333333334,0.03333333333333333
ATTCATCGTATGCGTT-1,0.1,0.7666666666666667,0.13333333333333333,0.0
ATTCATCGTTGCTCAA-1,0.06666666666666667,0.7,0.23333333333333334,0.0
ATTCATCTCAAGCGTT-1,0.16666666666666666,0.6,0.23333333333333334,0.0
ATTCATCTCATTGCGA-1,0.03333333333333333,0.9,0.06666666666666667,0.0
ATTCATCTCTCACTCG-1,0.03333333333333333,0.7333333333333333,0.23333333333333334,0.0
ATTCCATAGGACGGAG-1,0.03333333333333333,0.6666666666666666,0.3,0.0
ATTCCATCACTTCAGA-1,0.06666666666666667,0.8666666666666667,0.06666666666666667,0.0
ATTCCATGTAACATCC-1,0.06666666666666667,0.7666666666666667,0.16666666666666666,0.0
ATTCCATGTTAAGAAC-1,0.06666666666666667,0.8333333333333334,0.1,0.0
ATTCCATTCCAAGAGG-1,0.1,0.7,0.2,0.0
ATTCCATTCGCAGAGA-1,0.1,0.6,0.3,0.0
ATTCCATTCTTCCACG-1,0.3,0.4666666666666667,0.23333333333333334,0.0
ATTCCCGCATACACCA-1,0.03333333333333333,0.8666666666666667,0.1,0.0
ATTCCCGGTCTGTGAT-1,0.06666666666666667,0.8666666666666667,0.06666666666666667,0.0
ATTCCCGTCCGCCTAT-1,0.1,0.7,0.2,0.0
ATTCCTAAGAAATGGG-1,0.03333333333333333,0.5333333333333333,0.43333333333333335,0.0
ATTCCTACACATCATG-1,0.06666666666666667,0.4,0.5333333333333333,0.0
ATTCCTAGTTATCTGG-1,0.13333333333333333,0.8,0.06666666666666667,0.0
ATTCCTATCCTTATGT-1,0.03333333333333333,0.7333333333333333,0.23333333333333334,0.0
ATTCGTTCAAGCACAG-1,0.1,0.7333333333333333,0.16666666666666666,0.0
ATTCGTTCATCATTTC-1,0.06666666666666667,0.7,0.23333333333333334,0.0
ATTCGTTGTGACTGTT-1,0.13333333333333333,0.7666666666666667,0.1,0.0
ATTCGTTTCCTAAGTG-1,0.06666666666666667,0.6333333333333333,0.3,0.0
ATTCTACAGAGAGCAA-1,0.16666666666666666,0.5666666666666667,0.26666666666666666,0.0
ATTCTACAGTCCCGAC-1,0.06666666666666667,0.6666666666666666,0.26666666666666666,0.0
ATTCTACCACGTAGAG-1,0.13333333333333333,0.7333333333333333,0.13333333333333333,0.0
ATTCTACCACTAGGTT-1,0.13333333333333333,0.7,0.16666666666666666,0.0
ATTCTACGTCGGTAAG-1,0.1,0.8,0.1,0.0
ATTCTACGTGACGCCT-1,0.16666666666666666,0.7,0.13333333333333333,0.0
ATTCTACGTGATTCTG-1,0.06666666666666667,0.8333333333333334,0.1,0.0
ATTCTACTCCATCTCG-1,0.16666666666666666,0.6333333333333333,0.2,0.0
ATTCTTGCAGCTAACT-1,0.16666666666666666,0.6333333333333333,0.2,0.0
ATTCTTGGTGATACAA-1,0.1,0.8333333333333334,0.06666666666666667,0.0
ATTCTTGGTTGCCAAT-1,0.13333333333333333,0.6,0.26666666666666666,0.0
ATTCTTGTCAAACCTG-1,0.1,0.4666666666666667,0.43333333333333335,0.0
ATTGGGTAGGCATCGA-1,0.06666666666666667,0.8,0.13333333333333333,0.0
ATTGGGTAGTATTAGG-1,0.06666666666666667,0.5666666666666667,0.36666666666666664,0.0
ATTGGGTCAACGGTAG-1,0.1,0.7,0.2,0.0
ATTGGGTCACATGGTT-1,0.06666666666666667,0.6,0.3333333333333333,0.0
ATTGGGTCAGAGGAAA-1,0.06666666666666667,0.5333333333333333,0.4,0.0
ATTGGGTGTCAAAGCG-1,0.06666666666666667,0.9,0.03333333333333333,0.0
ATTGGGTTCACGATCA-1,0.06666666666666667,0.8333333333333334,0.1,0.0
ATTGGGTTCCATCCGT-1,0.1,0.7333333333333333,0.16666666666666666,0.0
ATTGGGTTCGTAGTGT-1,0.03333333333333333,0.8,0.16666666666666666,0.0
ATTGGGTTCTTCACGC-1,0.13333333333333333,0.6333333333333333,0.2,0.03333333333333333
ATTGTTCAGAGCATAT-1,0.1,0.6666666666666666,0.23333333333333334,0.0
ATTGTTCAGGACATCG-1,0.03333333333333333,0.9,0.06666666666666667,0.0
ATTGTTCCAACCTATG-1,0.16666666666666666,0.5333333333333333,0.3,0.0
ATTGTTCCAATAACCC-1,0.03333333333333333,0.9,0.06666666666666667,0.0
ATTGTTCCAGAAACCG-1,0.03333333333333333,0.8333333333333334,0.13333333333333333,0.0
ATTGTTCGTAGGTACG-1,0.1,0.8333333333333334,0.06666666666666667,0.0
ATTGTTCTCGGCATAT-1,0.03333333333333333,0.8,0.16666666666666666,0.0
ATTTACCAGACGCCCT-1,0.13333333333333333,0.7,0.16666666666666666,0.0
ATTTACCCAATGAGCG-1,0.13333333333333333,0.6666666666666666,0.2,0.0
ATTTACCCACTTGGCG-1,0.03333333333333333,0.9,0.06666666666666667,0.0
ATTTACCGTCGGAAAC-1,0.06666666666666667,0.7333333333333333,0.2,0.0
ATTTACCGTGTACAGG-1,0.1,0.6,0.3,0.0
ATTTACCTCACCGGGT-1,0.03333333333333333,0.7,0.26666666666666666,0.0
ATTTACCTCCGGCAAC-1,0.06666666666666667,0.8333333333333334,0.1,0.0
ATTTACCTCCTTATAC-1,0.0,0.3333333333333333,0.6666666666666666,0.0
ATTTCACAGCCTAGGA-1,0.0,0.7,0.3,0.0
ATTTCACAGGATTCCT-1,0.1,0.5666666666666667,0.3333333333333333,0.0
ATTTCACAGTTCCGGC-1,0.06666666666666667,0.7,0.23333333333333334,0.0
ATTTCACCAGCTTTGA-1,0.13333333333333333,0.8333333333333334,0.03333333333333333,0.0
ATTTCACGTACAGTTC-1,0.1,0.7,0.2,0.0
ATTTCACGTTGACTGT-1,0.06666666666666667,0.7333333333333333,0.2,0.0
ATTTCACTCAGCGCAC-1,0.1,0.7,0.2,0.0
ATTTCACTCAGGTGTT-1,0.03333333333333333,0.8,0.16666666666666666,0.0
ATTTCACTCGTAACTG-1,0.03333333333333333,0.8,0.16666666666666666,0.0
ATTTCTGCAAGTTGGG-1,0.13333333333333333,0.8,0.06666666666666667,0.0
ATTTCTGCACAGTGAG-1,0.03333333333333333,0.7,0.26666666666666666,0.0
ATTTCTGCACGCGCAT-1,0.1,0.5333333333333333,0.36666666666666664,0.0
ATTTCTGCATAAGATG-1,0.03333333333333333,0.9333333333333333,0.03333333333333333,0.0
ATTTCTGCATAGGCGA-1,0.06666666666666667,0.7,0.23333333333333334,0.0
ATTTCTGTCGATTTCT-1,0.1,0.7333333333333333,0.16666666666666666,0.0
ATTTCTGTCTGGTGGC-1,0.16666666666666666,0.6666666666666666,0.16666666666666666,0.0
CAAAGAACAACCGTGC-1,0.06666666666666667,0.8666666666666667,0.06666666666666667,0.0
CAAAGAACAAGCCCAC-1,0.06666666666666667,0.6333333333333333,0.3,0.0
CAAAGAACACACCGAC-1,0.06666666666666667,0.9,0.03333333333333333,0.0
CAAAGAACAGTCTACA-1,0.06666666666666667,0.6666666666666666,0.26666666666666666,0.0
CAAAGAACATGTAACC-1,0.06666666666666667,0.4666666666666667,0.4666666666666667,0.0
CAAAGAAGTGACTAAA-1,0.1,0.7666666666666667,0.13333333333333333,0.0
CAAAGAAGTTGTTGCA-1,0.03333333333333333,0.4666666666666667,0.5,0.0
CAAAGAATCAAAGCCT-1,0.2,0.6333333333333333,0.16666666666666666,0.0
CAAAGAATCGGTCATA-1,0.03333333333333333,0.7,0.26666666666666666,0.0
CAACAACCACTCCTTG-1,0.1,0.7666666666666667,0.13333333333333333,0.0
CAACAACCATGGAAGC-1,0.2,0.5333333333333333,0.26666666666666666,0.0
CAACAACGTTCCACAA-1,0.0,0.6666666666666666,0.3333333333333333,0.0
CAACAACTCTACGCGG-1,0.03333333333333333,0.9,0.06666666666666667,0.0
CAACAGTAGAGAGTTT-1,0.03333333333333333,0.8333333333333334,0.13333333333333333,0.0
CAACAGTAGGGATGTC-1,0.1,0.7666666666666667,0.13333333333333333,0.0
CAACAGTTCACGAACT-1,0.03333333333333333,0.7333333333333333,0.23333333333333334,0.0
CAACCAAAGAGTCGAC-1,0.16666666666666666,0.8,0.03333333333333333,0.0
CAACCAAAGATCGACG-1,0.03333333333333333,0.9666666666666667,0.0,0.0
CAACCAAAGCCGAATG-1,0.1,0.7333333333333333,0.16666666666666666,0.0
CAACCAAAGTTCATGC-1,0.13333333333333333,0.6666666666666666,0.2,0.0
CAACCAACAATGAACA-1,0.03333333333333333,0.7333333333333333,0.23333333333333334,0.0
CAACCAACATGACGAG-1,0.13333333333333333,0.7,0.16666666666666666,0.0
CAACCAAGTGCAACAG-1,0.06666666666666667,0.6666666666666666,0.26666666666666666,0.0
CAACCAATCGTTATCT-1,0.1,0.6,0.3,0.0
CAACCTCAGGGAGGGT-1,0.1,0.8666666666666667,0.03333333333333333,0.0
CAACCTCCATACACCA-1,0.23333333333333334,0.5,0.26666666666666666,0.0
CAACCTCGTCGTGGAA-1,0.1,0.7,0.2,0.0
CAACCTCGTTGCATTG-1,0.06666666666666667,0.5,0.43333333333333335,0.0
CAACCTCTCGGTGTAT-1,0.06666666666666667,0.7,0.23333333333333334,0.0
CAACCTCTCGTTGTGA-1,0.1,0.6666666666666666,0.23333333333333334,0.0
CAACCTCTCTACGCAA-1,0.1,0.6666666666666666,0.23333333333333334,0.0
CAACGATCAATGGCAG-1,0.1,0.7333333333333333,0.16666666666666666,0.0
CAACGATGTATCCTCC-1,0.06666666666666667,0.6333333333333333,0.3,0.0
CAACGATGTTTATGCG-1,0.1,0.8,0.1,0.0
CAACGGCCAACGTTAC-1,0.06666666666666667,0.8333333333333334,0.1,0.0
CAACGGCCATTCGGGC-1,0.06666666666666667,0.7666666666666667,0.16666666666666666,0.0
CAACGGCGTCGTCGGT-1,0.06666666666666667,0.7,0.23333333333333334,0.0
CAACGGCGTGCAGGAT-1,0.03333333333333333,0.7,0.26666666666666666,0.0
CAACGGCGTTTCCCAC-1,0.1,0.8,0.1,0.0
CAACGGCTCAAATGAG-1,0.1,0.7333333333333333,0.16666666666666666,0.0
CAACGGCTCCCTGGTT-1,0.13333333333333333,0.8,0.06666666666666667,0.0
CAACGGCTCGCCTAGG-1,0.13333333333333333,0.8333333333333334,0.03333333333333333,0.0
CAAGACTCACAAATCC-1,0.1,0.7,0.2,0.0
CAAGACTCATAGAGGC-1,0.13333333333333333,0.8,0.06666666666666667,0.0
CAAGACTGTATTTCTC-1,0.03333333333333333,0.9333333333333333,0.03333333333333333,0.0
CAAGACTGTGGTATGG-1,0.06666666666666667,0.8666666666666667,0.06666666666666667,0.0
CAAGAGGAGCACTCCG-1,0.06666666666666667,0.7666666666666667,0.16666666666666666,0.0
CAAGAGGAGTTCGCAT-1,0.06666666666666667,0.43333333333333335,0.5,0.0
CAAGAGGCACTGTCGG-1,0.06666666666666667,0.6,0.3,0.03333333333333333
CAAGAGGGTCGACGCT-1,0.1,0.8666666666666667,0.03333333333333333,0.0
CAAGAGGGTGGGACAT-1,0.06666666666666667,0.8333333333333334,0.1,0.0
CAAGAGGTCAGGTAAA-1,0.06666666666666667,0.8666666666666667,0.06666666666666667,0.0
CAAGAGGTCAGTGTTG-1,0.03333333333333333,0.8333333333333334,0.13333333333333333,0.0
CAAGCTACAATTTCGG-1,0.0,0.8666666666666667,0.13333333333333333,0.0
CAAGCTACACGAGGTA-1,0.03333333333333333,0.6666666666666666,0.3,0.0
CAAGCTACAGCGCTTG-1,0.1,0.7,0.2,0.0
CAAGCTACAGTGGGTA-1,0.06666666666666667,0.8333333333333334,0.1,0.0
CAAGCTAGTAAGTAGT-1,0.06666666666666667,0.5,0.43333333333333335,0.0
CAAGCTATCATCTGTT-1,0.1,0.6,0.3,0.0
CAAGCTATCGGCAGTC-1,0.13333333333333333,0.7,0.16666666666666666,0.0
CAAGGGAAGACAGCTG-1,0.06666666666666667,0.8,0.13333333333333333,0.0
CAAGGGAAGCGAGAAA-1,0.06666666666666667,0.9333333333333333,0.0,0.0
CAAGGGAAGGTTGCCC-1,0.16666666666666666,0.7,0.13333333333333333,0.0
CAAGGGAAGTCACACT-1,0.16666666666666666,0.6333333333333333,0.2,0.0
CAAGGGAGTCGATTAC-1,0.06666666666666667,0.5666666666666667,0.36666666666666664,0.0
CAAGGGAGTGCGTGCT-1,0.13333333333333333,0.6333333333333333,0.23333333333333334,0.0
CAAGGGAGTGGGAGAG-1,0.13333333333333333,0.7666666666666667,0.1,0.0
CAAGGGATCACAGAGG-1,0.06666666666666667,0.6,0.3333333333333333,0.0
CAATACGAGATAACAC-1,0.06666666666666667,0.6333333333333333,0.3,0.0
CAATACGGTGTCGATT-1,0.06666666666666667,0.6,0.3333333333333333,0.0
CAATACGTCAGTCAGT-1,0.13333333333333333,0.6666666666666666,0.2,0.0
CAATACGTCCTACACC-1,0.2,0.7,0.1,0.0
CAATCGACAACCGTAT-1,0.13333333333333333,0.4666666666666667,0.4,0.0
CAATCGACATGAGGGT-1,0.03333333333333333,0.6333333333333333,0.3333333333333333,0.0
CAATCGAGTGTTCATG-1,0.06666666666666667,0.5,0.43333333333333335,0.0
CAATCGATCAATGTCG-1,0.16666666666666666,0.5666666666666667,0.26666666666666666,0.0
CAATCGATCACCTGTC-1,0.06666666666666667,0.8,0.13333333333333333,0.0
CAATCGATCGAGTCTA-1,0.06666666666666667,0.5666666666666667,0.36666666666666664,0.0
CAATGACAGTGCAACG-1,0.03333333333333333,0.6333333333333333,0.3333333333333333,0.0
CAATGACCAAGCACCC-1,0.03333333333333333,0.9333333333333333,0.03333333333333333,0.0
CAATGACGTCGTTGCG-1,0.13333333333333333,0.4666666666666667,0.4,0.0
CAATGACTCAACGAGG-1,0.1,0.7333333333333333,0.13333333333333333,0.03333333333333333
CAATGACTCCTTCACG-1,0.0,0.8666666666666667,0.13333333333333333,0.0
CAATTTCAGGGAGTGG-1,0.06666666666666667,0.9,0.03333333333333333,0.0
CAATTTCAGTGCGTCC-1,0.1,0.6666666666666666,0.23333333333333334,0.0
CAATTTCCAAGTATCC-1,0.1,0.8,0.1,0.0
CAATTTCCACAGCTTA-1,0.06666666666666667,0.8333333333333334,0.1,0.0
CAATTTCGTAGCACGA-1,0.06666666666666667,0.8333333333333334,0.1,0.0
CAATTTCTCTTACGTT-1,0.06666666666666667,0.7,0.23333333333333334,0.0
CACAACAAGGTATCTC-1,0.06666666666666667,0.5666666666666667,0.36666666666666664,0.0
CACAACAAGTTCACTG-1,0.06666666666666667,0.8666666666666667,0.06666666666666667,0.0
CACAACACAGTAGAGC-1,0.16666666666666666,0.6333333333333333,0.2,0.0
CACAACACATTAGGCT-1,0.13333333333333333,0.8333333333333334,0.03333333333333333,0.0
CACAACAGTCGGTACC-1,0.06666666666666667,0.7333333333333333,0.2,0.0
CACAACATCCTCTAAT-1,0.1,0.9,0.0,0.0
CACAACATCTCCTGAC-1,0.1,0.5333333333333333,0.36666666666666664,0.0
CACAACATCTCGTCGT-1,0.03333333333333333,0.8333333333333334,0.13333333333333333,0.0
CACAACATCTCTGCCA-1,0.1,0.6666666666666666,0.23333333333333334,0.0
CACACAAAGAGGGTAA-1,0.1,0.6,0.26666666666666666,0.03333333333333333
CACACAAAGGTCCTGC-1,0.06666666666666667,0.8333333333333334,0.1,0.0
CACACAAAGTTGGACG-1,0.03333333333333333,0.8666666666666667,0.1,0.0
CACACAACAACTGCCG-1,0.16666666666666666,0.6,0.23333333333333334,0.0
CACACAACACACGTGC-1,0.1,0.6666666666666666,0.23333333333333334,0.0
CACACAACACCAGGTC-1,0.1,0.8,0.1,0.0
CACACAACACCGGTCA-1,0.03333333333333333,0.6666666666666666,0.3,0.0
CACACAATCAAGCCTA-1,0.13333333333333333,0.7,0.16666666666666666,0.0
CACACAATCATCCTAT-1,0.1,0.8333333333333334,0.06666666666666667,0.0
CACACAATCTCCCTAG-1,0.1,0.8666666666666667,0.03333333333333333,0.0
CACAGATAGCGGTATG-1,0.06666666666666667,0.5,0.4,0.03333333333333333
CACAGATGTAACACCT-1,0.06666666666666667,0.9,0.03333333333333333,0.0
CACAGGCAGAGTCACG-1,0.1,0.7333333333333333,0.16666666666666666,0.0
CACAGGCAGCCTTTGA-1,0.03333333333333333,0.43333333333333335,0.5333333333333333,0.0
CACAGGCAGCTATCTG-1,0.06666666666666667,0.8333333333333334,0.1,0.0
CACAGGCAGTGCCCGT-1,0.06666666666666667,0.8,0.13333333333333333,0.0
CACAGGCCAAAGGAGA-1,0.13333333333333333,0.6,0.26666666666666666,0.0
CACAGGCCATGGATCT-1,0.1,0.7666666666666667,0.1,0.03333333333333333
CACAGGCGTACCATAC-1,0.06666666666666667,0.6333333333333333,0.3,0.0
CACAGGCGTACGATGG-1,0.1,0.7666666666666667,0.13333333333333333,0.0
CACAGGCGTGTCGATT-1,0.03333333333333333,0.8666666666666667,0.1,0.0
CACAGGCTCGAAACAA-1,0.03333333333333333,0.6666666666666666,0.3,0.0
CACAGGCTCGCCGAGT-1,0.1,0.9,0.0,0.0
CACATGAAGAGAGGGC-1,0.1,0.5666666666666667,0.3333333333333333,0.0
CACATGACAACTAGAA-1,0.06666666666666667,0.7333333333333333,0.2,0.0
CACATGACAATAACGA-1,0.13333333333333333,0.7,0.16666666666666666,0.0
CACATGACAGTAGGAC-1,0.06666666666666667,0.9,0.03333333333333333,0.0
CACATGAGTAATCAAG-1,0.1,0.7333333333333333,0.16666666666666666,0.0
CACATGAGTCTAGTGT-1,0.06666666666666667,0.8333333333333334,0.1,0.0
CACATGATCTCCCTAG-1,0.03333333333333333,0.6666666666666666,0.3,0.0
CACCAAATCTGGGTCG-1,0.06666666666666667,0.6666666666666666,0.26666666666666666,0.0
CACCGTTAGGGCATGT-1,0.03333333333333333,0.6666666666666666,0.3,0.0
CACCGTTAGTACAACA-1,0.06666666666666667,0.6333333333333333,0.3,0.0
CACCGTTAGTGATTCC-1,0.06666666666666667,0.7666666666666667,0.16666666666666666,0.0
CACCGTTAGTGTACAA-1,0.03333333333333333,0.9333333333333333,0.03333333333333333,0.0
CACCGTTCAATGCTCA-1,0.13333333333333333,0.7333333333333333,0.13333333333333333,0.0
CACCGTTCACTCCGGA-1,0.13333333333333333,0.7333333333333333,0.13333333333333333,0.0
CACCGTTGTACAGTAA-1,0.06666666666666667,0.7,0.23333333333333334,0.0
CACCGTTTCCACCTCA-1,0.03333333333333333,0.6,0.36666666666666664,0.0
CACCGTTTCTCGTGAA-1,0.1,0.6333333333333333,0.26666666666666666,0.0
CACCGTTTCTTCCTAA-1,0.13333333333333333,0.8333333333333334,0.03333333333333333,0.0
CACGAATCAACTGCCG-1,0.13333333333333333,0.6333333333333333,0.23333333333333334,0.0
CACGAATCAGAGTTGG-1,0.03333333333333333,0.6333333333333333,0.3333333333333333,0.0
CACGAATCATAGATCC-1,0.06666666666666667,0.5666666666666667,0.36666666666666664,0.0
CACGAATGTCGAGCTC-1,0.03333333333333333,0.8666666666666667,0.1,0.0
CACGAATTCTAGCAAC-1,0.03333333333333333,0.8333333333333334,0.1,0.03333333333333333
CACGGGTAGACATATG-1,0.03333333333333333,0.8333333333333334,0.13333333333333333,0.0
CACGGGTAGCACTTTG-1,0.0,0.7666666666666667,0.23333333333333334,0.0
CACGGGTAGGCATTTC-1,0.03333333333333333,0.6666666666666666,0.3,0.0
CACGGGTCAAGTTCCA-1,0.03333333333333333,0.8,0.13333333333333333,0.03333333333333333
CACGGGTCATGTCGTA-1,0.13333333333333333,0.6,0.26666666666666666,0.0
CACGGGTCATTAAAGG-1,0.1,0.7,0.2,0.0
CACGGGTTCAATCAGC-1,0.06666666666666667,0.36666666666666664,0.5666666666666667,0.0
CACGGGTTCAGAGCAG-1,0.03333333333333333,0.8,0.16666666666666666,0.0
CACGGGTTCGGCATAT-1,0.03333333333333333,0.8,0.16666666666666666,0.0
CACGTGGAGGGAGTGG-1,0.1,0.8,0.1,0.0
CACGTGGCAATCGAAA-1,0.16666666666666666,0.7666666666666667,0.06666666666666667,0.0
CACGTGGCAGAGCGTA-1,0.2,0.7333333333333333,0.06666666666666667,0.0
CACGTGGGTGTCGCTG-1,0.06666666666666667,0.5333333333333333,0.4,0.0
CACGTGGTCCGAGCTG-1,0.06666666666666667,0.7666666666666667,0.16666666666666666,0.0
CACGTGGTCGCGCCAA-1,0.06666666666666667,0.5666666666666667,0.36666666666666664,0.0
CACGTGGTCTGGTTGA-1,0.1,0.5,0.4,0.0
CACGTTCGTTAGCGGA-1,0.13333333333333333,0.8,0.06666666666666667,0.0
CACGTTCTCACCGGGT-1,0.06666666666666667,0.8,0.13333333333333333,0.0
CACGTTCTCTCCTGTG-1,0.16666666666666666,0.7666666666666667,0.06666666666666667,0.0
CACGTTCTCTGCGGAC-1,0.06666666666666667,0.7666666666666667,0.16666666666666666,0.0
CACTAAGAGATGTTAG-1,0.13333333333333333,0.8333333333333334,0.03333333333333333,0.0
CACTAAGCACAGCTTA-1,0.1,0.8,0.1,0.0
CACTAAGCACTTGACA-1,0.06666666666666667,0.7333333333333333,0.2,0.0
CACTAAGCAGACACAG-1,0.13333333333333333,0.7,0.16666666666666666,0.0
CACTAAGCATAGGCGA-1,0.03333333333333333,0.6333333333333333,0.3333333333333333,0.0
CACTAAGTCGGTAAGG-1,0.03333333333333333,0.43333333333333335,0.5333333333333333,0.0
CACTGAAAGAACAAGG-1,0.03333333333333333,0.9,0.06666666666666667,0.0
CACTGAAAGCGTGTTT-1,0.13333333333333333,0.8,0.06666666666666667,0.0
CACTGAACAGATACTC-1,0.16666666666666666,0.7333333333333333,0.1,0.0
CACTGAACAGGATCTT-1,0.13333333333333333,0.7,0.16666666666666666,0.0
CACTGAAGTGCATGTT-1,0.16666666666666666,0.7666666666666667,0.06666666666666667,0.0
CACTGAAGTGGCTACC-1,0.06666666666666667,0.6,0.3333333333333333,0.0
CACTGAATCGGTTCAA-1,0.1,0.7666666666666667,0.13333333333333333,0.0
CACTGAATCTATCACT-1,0.1,0.8333333333333334,0.06666666666666667,0.0
CACTGAATCTCGACGG-1,0.13333333333333333,0.7,0.16666666666666666,0.0
CACTGGGAGCACCCAC-1,0.1,0.8,0.1,0.0
CACTGGGAGCACGTCC-1,0.03333333333333333,0.6333333333333333,0.3333333333333333,0.0
CACTGGGAGTCCCTAA-1,0.13333333333333333,0.8333333333333334,0.03333333333333333,0.0
CACTGGGCAGGAGGAG-1,0.16666666666666666,0.7,0.13333333333333333,0.0
CACTGGGGTAGGAGGG-1,0.16666666666666666,0.6666666666666666,0.16666666666666666,0.0
CACTGGGGTCATTCCC-1,0.16666666666666666,0.7666666666666667,0.06666666666666667,0.0
CACTGGGGTCGCTCGA-1,0.1,0.7333333333333333,0.16666666666666666,0.0
CACTGGGGTTACGTAC-1,0.1,0.8333333333333334,0.06666666666666667,0.0
CACTGGGTCAGTCACA-1,0.06666666666666667,0.6333333333333333,0.3,0.0
CACTGGGTCGTTCTAT-1,0.03333333333333333,0.8,0.16666666666666666,0.0
CACTGTCGTTGGGCCT-1,0.1,0.8333333333333334,0.06666666666666667,0.0
CACTGTCTCACATTGG-1,0.03333333333333333,0.7333333333333333,0.2,0.03333333333333333
CACTGTCTCCATTGGA-1,0.03333333333333333,0.6666666666666666,0.3,0.0
CACTTCGCAGTCGAGA-1,0.03333333333333333,0.8666666666666667,0.1,0.0
CACTTCGCATGACTAC-1,0.06666666666666667,0.6,0.3333333333333333,0.0
CACTTCGGTGGGTTGA-1,0.06666666666666667,0.8666666666666667,0.06666666666666667,0.0
CACTTCGGTTGGGTAG-1,0.06666666666666667,0.6333333333333333,0.3,0.0
CACTTCGGTTGGTGTT-1,0.06666666666666667,0.6333333333333333,0.3,0.0
CACTTCGTCCTCTTTC-1,0.16666666666666666,0.7666666666666667,0.06666666666666667,0.0
CACTTCGTCTCGTCGT-1,0.06666666666666667,0.4666666666666667,0.4666666666666667,0.0
CACTTCGTCTTTCCAA-1,0.06666666666666667,0.7333333333333333,0.2,0.0
CAGAGCCAGAGGCGGA-1,0.2,0.6,0.2,0.0
CAGAGCCAGTTGCCTA-1,0.2,0.7333333333333333,0.06666666666666667,0.0
CAGAGCCTCATCCTAT-1,0.06666666666666667,0.7333333333333333,0.2,0.0
CAGATACAGAGTCACG-1,0.13333333333333333,0.7,0.16666666666666666,0.0
CAGATACAGGGAGTTC-1,0.0,0.8333333333333334,0.16666666666666666,0.0
CAGATACAGGTAACTA-1,0.13333333333333333,0.7333333333333333,0.13333333333333333,0.0
CAGATACCAGATTCGT-1,0.06666666666666667,0.7,0.23333333333333334,0.0
CAGATACCAGTGTGCC-1,0.03333333333333333,0.6,0.36666666666666664,0.0
CAGATACCATACCATG-1,0.03333333333333333,0.7666666666666667,0.2,0.0
CAGATACTCTCCCATG-1,0.16666666666666666,0.8,0.03333333333333333,0.0
CAGATCAAGTAACGAT-1,0.16666666666666666,0.7333333333333333,0.1,0.0
CAGATCACAGCGCGTT-1,0.1,0.8,0.1,0.0
CAGATCACAGGAGGTT-1,0.0,0.8333333333333334,0.16666666666666666,0.0
CAGATCAGTACATTGC-1,0.03333333333333333,0.7,0.26666666666666666,0.0
CAGATCAGTATGGGAC-1,0.1,0.8666666666666667,0.03333333333333333,0.0
CAGATCAGTGGATTTC-1,0.1,0.8,0.1,0.0
CAGATTGAGTGGTTAA-1,0.16666666666666666,0.8,0.03333333333333333,0.0
CAGATTGTCCGGACTG-1,0.06666666666666667,0.7666666666666667,0.16666666666666666,0.0
CAGCAATAGTAGGCCA-1,0.06666666666666667,0.9,0.03333333333333333,0.0
CAGCAATCAAAGCGTG-1,0.1,0.8,0.1,0.0
CAGCAATCACGGATCC-1,0.03333333333333333,0.7333333333333333,0.23333333333333334,0.0
CAGCAATCAGCGTGCT-1,0.1,0.6666666666666666,0.23333333333333334,0.0
CAGCAATGTGGACAGT-1,0.1,0.8333333333333334,0.06666666666666667,0.0
CAGCAATTCACGATAC-1,0.13333333333333333,0.6666666666666666,0.2,0.0
CAGCACGAGGCTAGCA-1,0.13333333333333333,0.8666666666666667,0.0,0.0
CAGCACGCACGAAGAC-1,0.23333333333333334,0.5,0.26666666666666666,0.0
CAGCACGCACTGCACG-1,0.16666666666666666,0.6,0.23333333333333334,0.0
CAGCACGCATGGGATG-1,0.03333333333333333,0.8,0.16666666666666666,0.0
CAGCACGGTCGCATCG-1,0.03333333333333333,0.6,0.36666666666666664,0.0
CAGCACGGTGCACGCT-1,0.1,0.6333333333333333,0.26666666666666666,0.0
CAGCACGGTGTGTACT-1,0.1,0.6666666666666666,0.23333333333333334,0.0
CAGCACGTCAGCTGTA-1,0.13333333333333333,0.6,0.26666666666666666,0.0
CAGCACGTCCTCGCAT-1,0.06666666666666667,0.8,0.13333333333333333,0.0
CAGCAGCAGACTCCGC-1,0.1,0.8666666666666667,0.03333333333333333,0.0
CAGCAGCAGATCACTC-1,0.03333333333333333,0.9,0.06666666666666667,0.0
CAGCAGCAGCGAGTAC-1,0.1,0.7333333333333333,0.16666666666666666,0.0
CAGCAGCAGCTGACTT-1,0.03333333333333333,0.9,0.06666666666666667,0.0
CAGCAGCCAAAGAACT-1,0.13333333333333333,0.7666666666666667,0.1,0.0
CAGCAGCGTCCGGTCA-1,0.13333333333333333,0.5333333333333333,0.3333333333333333,0.0
CAGCAGCGTTGCATTG-1,0.0,0.8666666666666667,0.13333333333333333,0.0
CAGCAGCTCTGAGATC-1,0.1,0.7,0.2,0.0
CAGCCAGAGACGACTG-1,0.06666666666666667,0.8333333333333334,0.1,0.0
CAGCCAGAGGGCAATC-1,0.03333333333333333,0.8333333333333334,0.13333333333333333,0.0
CAGCCAGCAGCTTTGA-1,0.03333333333333333,0.6666666666666666,0.3,0.0
CAGCCAGGTCTGTGAT-1,0.06666666666666667,0.7333333333333333,0.2,0.0
CAGCCAGGTGCAGTGA-1,0.03333333333333333,0.4,0.5666666666666667,0.0
CAGCCAGGTGGGTATG-1,0.0,0.9333333333333333,0.06666666666666667,0.0
CAGCCAGTCTAGAGCT-1,0.2,0.7,0.1,0.0
CAGCGTGAGAAGGGAT-1,0.1,0.8333333333333334,0.06666666666666667,0.0
CAGCGTGAGTTGTCGT-1,0.1,0.8,0.1,0.0
CAGCGTGCAGAACTAA-1,0.06666666666666667,0.7666666666666667,0.16666666666666666,0.0
CAGCGTGGTCGACTGC-1,0.1,0.8,0.1,0.0
CAGCGTGGTGTTACAC-1,0.06666666666666667,0.6,0.3333333333333333,0.0
CAGCGTGGTTGAGTCT-1,0.06666666666666667,0.7333333333333333,0.2,0.0
CAGCGTGTCACCCATC-1,0.03333333333333333,0.8666666666666667,0.1,0.0
CAGCGTGTCTAGTCAG-1,0.1,0.7333333333333333,0.16666666666666666,0.0
CAGGCCACAAGAGTAT-1,0.03333333333333333,0.8,0.16666666666666666,0.0
CAGGCCACACTTTATC-1,0.16666666666666666,0.6333333333333333,0.2,0.0
CAGGCCACAGCAGAAC-1,0.13333333333333333,0.5666666666666667,0.3,0.0
CAGGCCAGTCGTCATA-1,0.06666666666666667,0.7,0.23333333333333334,0.0
CAGGCCAGTGATATAG-1,0.13333333333333333,0.7,0.16666666666666666,0.0
CAGGCCAGTGCAATGG-1,0.03333333333333333,0.7333333333333333,0.23333333333333334,0.0
CAGGGCTCAACCGTAT-1,0.1,0.6666666666666666,0.23333333333333334,0.0
CAGGGCTCAGCACACC-1,0.06666666666666667,0.6666666666666666,0.26666666666666666,0.0
CAGGGCTGTACCCGAC-1,0.06666666666666667,0.43333333333333335,0.5,0.0
CAGGGCTGTGCGTTTA-1,0.1,0.6666666666666666,0.23333333333333334,0.0
CAGGGCTTCGGTCACG-1,0.13333333333333333,0.7,0.16666666666666666,0.0
CAGGTATAGTCCCTAA-1,0.13333333333333333,0.5,0.36666666666666664,0.0
CAGGTATCAGGATCTT-1,0.16666666666666666,0.6666666666666666,0.16666666666666666,0.0
CAGGTATCATACAGAA-1,0.06666666666666667,0.7666666666666667,0.16666666666666666,0.0
CAGGTATGTTAATGAG-1,0.1,0.6666666666666666,0.23333333333333334,0.0
CAGGTATTCAACTACG-1,0.1,0.7333333333333333,0.13333333333333333,0.03333333333333333
CAGGTATTCGAGCCAC-1,0.13333333333333333,0.7333333333333333,0.13333333333333333,0.0
CAGGTATTCTAACACG-1,0.06666666666666667,0.7666666666666667,0.16666666666666666,0.0
CAGTGCGAGTTAGTGA-1,0.1,0.7666666666666667,0.13333333333333333,0.0
CAGTGCGCAACCGTAT-1,0.06666666666666667,0.8333333333333334,0.1,0.0
CAGTGCGCACAATTCG-1,0.0,0.5666666666666667,0.43333333333333335,0.0
CAGTGCGGTCATCCCT-1,0.16666666666666666,0.7333333333333333,0.1,0.0
CAGTGCGTCTCTTGCG-1,0.06666666666666667,0.7333333333333333,0.2,0.0
CAGTTAGAGACCTGGA-1,0.06666666666666667,0.7666666666666667,0.16666666666666666,0.0
CAGTTAGAGTATGAAC-1,0.1,0.6333333333333333,0.23333333333333334,0.03333333333333333
CAGTTAGCAACTGTGT-1,0.16666666666666666,0.5666666666666667,0.26666666666666666,0.0
CAGTTAGGTCGAAACG-1,0.03333333333333333,0.8333333333333334,0.13333333333333333,0.0
CAGTTAGGTGGCATCC-1,0.13333333333333333,0.6333333333333333,0.23333333333333334,0.0
CAGTTAGGTTGGATCT-1,0.1,0.6,0.3,0.0
CAGTTCCAGCCGTTGC-1,0.1,0.8,0.1,0.0
CAGTTCCAGGATTCCT-1,0.06666666666666667,0.9,0.03333333333333333,0.0
CAGTTCCCAACAGCCC-1,0.03333333333333333,0.7666666666666667,0.2,0.0
CAGTTCCCACCCTAGG-1,0.03333333333333333,0.9666666666666667,0.0,0.0
CAGTTCCCAGAGGACT-1,0.13333333333333333,0.7333333333333333,0.13333333333333333,0.0
CAGTTCCGTACTAAGA-1,0.23333333333333334,0.7,0.06666666666666667,0.0
CAGTTCCGTGTCGCTG-1,0.03333333333333333,0.7,0.26666666666666666,0.0
CAGTTCCGTTTAGACC-1,0.06666666666666667,0.4,0.5333333333333333,0.0
CAGTTCCTCATTCCTA-1,0.2,0.7333333333333333,0.06666666666666667,0.0
CATAAGCAGCATCAGG-1,0.03333333333333333,0.7333333333333333,0.23333333333333334,0.0
CATAAGCAGCTAGATA-1,0.1,0.8,0.1,0.0
CATAAGCCAAGACCGA-1,0.1,0.6333333333333333,0.26666666666666666,0.0
CATAAGCCAGCCATTA-1,0.06666666666666667,0.43333333333333335,0.5,0.0
CATAAGCCAGGACAGT-1,0.06666666666666667,0.5333333333333333,0.4,0.0
CATAAGCCATACCATG-1,0.1,0.9,0.0,0.0
CATAAGCGTAGCGTCC-1,0.06666666666666667,0.7333333333333333,0.2,0.0
CATAAGCGTCTACGAT-1,0.1,0.4666666666666667,0.43333333333333335,0.0
CATAAGCTCCTTCTAA-1,0.1,0.5666666666666667,0.3333333333333333,0.0
CATAAGCTCTGCTGAA-1,0.03333333333333333,0.4666666666666667,0.5,0.0
CATACAGAGACGAAGA-1,0.03333333333333333,0.7333333333333333,0.23333333333333334,0.0
CATACAGAGCCTAGGA-1,0.1,0.7666666666666667,0.13333333333333333,0.0
CATACAGCATCACGGC-1,0.2,0.36666666666666664,0.43333333333333335,0.0
CATACAGGTACGACTT-1,0.1,0.9,0.0,0.0
CATACAGGTCGAAACG-1,0.06666666666666667,0.9,0.03333333333333333,0.0
CATACAGGTGGTATGG-1,0.06666666666666667,0.9,0.03333333333333333,0.0
CATACAGTCATCACTT-1,0.16666666666666666,0.7666666666666667,0.06666666666666667,0.0
CATACAGTCTCGCCTA-1,0.06666666666666667,0.8,0.13333333333333333,0.0
CATACCCGTTCTTGCC-1,0.03333333333333333,0.6,0.36666666666666664,0.0
CATACCCGTTGGTAGG-1,0.03333333333333333,0.5666666666666667,0.4,0.0
CATACCCTCAGACTGT-1,0.16666666666666666,0.43333333333333335,0.4,0.0
CATACCCTCCGTGTGG-1,0.06666666666666667,0.7,0.23333333333333334,0.0
CATACTTAGCAGGCTA-1,0.06666666666666667,0.7666666666666667,0.16666666666666666,0.0
CATACTTCAACGGCCT-1,0.06666666666666667,0.8,0.13333333333333333,0.0
CATACTTCATGACGTT-1,0.03333333333333333,0.9,0.06666666666666667,0.0
CATACTTTCAACTGAC-1,0.1,0.7,0.2,0.0
CATACTTTCCTCTGCA-1,0.1,0.8,0.1,0.0
CATAGACAGTCGAAGC-1,0.06666666666666667,0.8333333333333334,0.1,0.0
CATAGACCAAACGAGC-1,0.03333333333333333,0.9333333333333333,0.03333333333333333,0.0
CATAGACCACCCTAGG-1,0.06666666666666667,0.5,0.43333333333333335,0.0
CATAGACGTCGTTTCC-1,0.1,0.9,0.0,0.0
CATAGACGTGCGAACA-1,0.1,0.6666666666666666,0.2,0.03333333333333333
CATCAAGAGGTCACAG-1,0.06666666666666667,0.8,0.13333333333333333,0.0
CATCAAGAGTCTCCTC-1,0.03333333333333333,0.8666666666666667,0.1,0.0
CATCAAGCAATTCGTG-1,0.03333333333333333,0.8666666666666667,0.1,0.0
CATCAAGGTCTGTTAG-1,0.1,0.5333333333333333,0.36666666666666664,0.0
CATCAAGGTGAACTAA-1,0.06666666666666667,0.7333333333333333,0.2,0.0
CATCAAGGTGCAACGA-1,0.13333333333333333,0.7333333333333333,0.13333333333333333,0.0
CATCAAGGTTCCATTT-1,0.06666666666666667,0.4,0.5333333333333333,0.0
CATCAAGTCTGGTGCG-1,0.1,0.7333333333333333,0.16666666666666666,0.0
CATCCACAGTTCCGTA-1,0.06666666666666667,0.9,0.03333333333333333,0.0
CATCCACGTAGCGTCC-1,0.06666666666666667,0.6666666666666666,0.26666666666666666,0.0
CATCCACTCGCGCCAA-1,0.06666666666666667,0.7,0.23333333333333334,0.0
CATCCCAAGAGATCGC-1,0.13333333333333333,0.8,0.06666666666666667,0.0
CATCCCAAGGTTTGAA-1,0.06666666666666667,0.6666666666666666,0.26666666666666666,0.0
CATCCCACAGACAAGC-1,0.1,0.7,0.2,0.0
CATCCCAGTCAGCGTC-1,0.03333333333333333,0.9,0.06666666666666667,0.0
CATCCCATCAGCCTCT-1,0.03333333333333333,0.8666666666666667,0.1,0.0
CATCCCATCTCAACCC-1,0.03333333333333333,0.6666666666666666,0.3,0.0
CATCCGTAGCCGGAAT-1,0.03333333333333333,0.6333333333333333,0.3333333333333333,0.0
CATCCGTAGGTGCATG-1,0.13333333333333333,0.8,0.06666666666666667,0.0
CATCCGTCACAAATGA-1,0.06666666666666667,0.7666666666666667,0.16666666666666666,0.0
CATCCGTCACTGGATT-1,0.06666666666666667,0.8,0.13333333333333333,0.0
CATCCGTGTCAGCGTC-1,0.1,0.8333333333333334,0.06666666666666667,0.0
CATCCGTTCCACGTGG-1,0.0,0.6666666666666666,0.3333333333333333,0.0
CATCGCTAGAGAAGGT-1,0.03333333333333333,0.6666666666666666,0.3,0.0
CATCGCTAGGGATCTG-1,0.13333333333333333,0.5333333333333333,0.3333333333333333,0.0
CATCGCTCAAGCAGGT-1,0.1,0.8333333333333334,0.06666666666666667,0.0
CATCGCTCAAGTGGAC-1,0.13333333333333333,0.8333333333333334,0.03333333333333333,0.0
CATCGCTCAGACGCTC-1,0.06666666666666667,0.6666666666666666,0.26666666666666666,0.0
CATCGCTTCATGGAGG-1,0.03333333333333333,0.7666666666666667,0.2,0.0
CATCGCTTCGCCACTT-1,0.1,0.7666666666666667,0.13333333333333333,0.0
CATCGCTTCTCCACTG-1,0.1,0.3333333333333333,0.5666666666666667,0.0
CATCGGGAGCTACGTT-1,0.16666666666666666,0.6666666666666666,0.16666666666666666,0.0
CATCGGGAGTCTGGAG-1,0.2,0.6666666666666666,0.13333333333333333,0.0
CATCGGGCATCCGATA-1,0.06666666666666667,0.7666666666666667,0.16666666666666666,0.0
CATCGGGCATGTGGTT-1,0.06666666666666667,0.8666666666666667,0.06666666666666667,0.0
CATCGGGGTAGGACTG-1,0.1,0.7333333333333333,0.13333333333333333,0.03333333333333333
CATCGGGGTCGCGTTG-1,0.1,0.4666666666666667,0.43333333333333335,0.0
CATCGGGGTTACGCCG-1,0.1,0.8,0.1,0.0
CATCGGGGTTCTCGTC-1,0.13333333333333333,0.7,0.16666666666666666,0.0
CATCGGGTCACCATAG-1,0.16666666666666666,0.7333333333333333,0.1,0.0
CATCGGGTCCATACAG-1,0.06666666666666667,0.7333333333333333,0.2,0.0
CATCGGGTCGTGGGAA-1,0.06666666666666667,0.7,0.23333333333333334,0.0
CATCGTCCAAACTCTG-1,0.06666666666666667,0.8,0.13333333333333333,0.0
CATCGTCCAAATGGCG-1,0.0,0.7,0.3,0.0
CATCGTCCATCCAATG-1,0.06666666666666667,0.6333333333333333,0.3,0.0
CATCGTCCATGTTCGA-1,0.16666666666666666,0.7,0.13333333333333333,0.0
CATCGTCTCGTTGTTT-1,0.03333333333333333,0.5666666666666667,0.4,0.0
CATGAGTAGCAGCACA-1,0.1,0.6666666666666666,0.23333333333333334,0.0
CATGAGTAGGAGGTTC-1,0.03333333333333333,0.8,0.16666666666666666,0.0
CATGAGTAGTAGGTTA-1,0.06666666666666667,0.7,0.23333333333333334,0.0
CATGAGTCACCCTGTT-1,0.16666666666666666,0.6,0.23333333333333334,0.0
CATGAGTCACCTGCAG-1,0.13333333333333333,0.8,0.06666666666666667,0.0
CATGAGTGTACTCCGG-1,0.1,0.8333333333333334,0.06666666666666667,0.0
CATGAGTGTTAGAAAC-1,0.06666666666666667,0.5,0.43333333333333335,0.0
CATGAGTTCACTCGAA-1,0.2,0.7333333333333333,0.06666666666666667,0.0
CATGAGTTCCGATGTA-1,0.1,0.7,0.2,0.0
CATGAGTTCTACAGGT-1,0.06666666666666667,0.7,0.23333333333333334,0.0
CATGCAACACGCCAGT-1,0.06666666666666667,0.7,0.23333333333333334,0.0
CATGCAACAGCACGAA-1,0.06666666666666667,0.6,0.3333333333333333,0.0
CATGCAAGTGGGTATG-1,0.13333333333333333,0.7666666666666667,0.1,0.0
CATGCAATCTCTCTAA-1,0.13333333333333333,0.6333333333333333,0.23333333333333334,0.0
CATGCCTAGACGGTCA-1,0.06666666666666667,0.7666666666666667,0.16666666666666666,0.0
CATGCCTAGCACCTGC-1,0.1,0.36666666666666664,0.5333333333333333,0.0
CATGCCTAGCGTTACT-1,0.06666666666666667,0.5333333333333333,0.4,0.0
CATGCCTAGGGTAGCT-1,0.1,0.8666666666666667,0.03333333333333333,0.0
CATGCCTCACACAGAG-1,0.13333333333333333,0.7,0.16666666666666666,0.0
CATGCCTCACACGCCA-1,0.13333333333333333,0.7,0.16666666666666666,0.0
CATGCCTCACCATTCC-1,0.06666666666666667,0.6666666666666666,0.26666666666666666,0.0
CATGCCTCACCCTGAG-1,0.03333333333333333,0.5666666666666667,0.4,0.0
CATGCCTCACGACAGA-1,0.06666666666666667,0.8,0.13333333333333333,0.0
CATGCCTCATGAAAGT-1,0.06666666666666667,0.9333333333333333,0.0,0.0
CATGCCTGTAGACGGT-1,0.03333333333333333,0.7666666666666667,0.2,0.0
CATGCCTTCTCTCCGA-1,0.06666666666666667,0.6,0.3333333333333333,0.0
CATGCGGCACGTCTCT-1,0.06666666666666667,0.8666666666666667,0.06666666666666667,0.0
CATGCGGCATGATAGA-1,0.06666666666666667,0.3333333333333333,0.6,0.0
CATGCGGGTCTAGATC-1,0.06666666666666667,0.6,0.3333333333333333,0.0
CATGCGGTCGGTCAGC-1,0.13333333333333333,0.6666666666666666,0.2,0.0
CATGCGGTCTAGACCA-1,0.0,0.7666666666666667,0.23333333333333334,0.0
CATGCTCAGGACGGAG-1,0.1,0.6333333333333333,0.26666666666666666,0.0
CATGCTCCAGACAAGC-1,0.1,0.8333333333333334,0.06666666666666667,0.0
CATGCTCCAGGACAGT-1,0.1,0.7666666666666667,0.13333333333333333,0.0
CATGCTCCATGTCTAG-1,0.13333333333333333,0.5,0.36666666666666664,0.0
CATGCTCGTCCCAAAT-1,0.03333333333333333,0.8333333333333334,0.13333333333333333,0.0
CATGCTCGTGCATCTA-1,0.06666666666666667,0.6666666666666666,0.26666666666666666,0.0
CATGCTCGTTCAAAGA-1,0.03333333333333333,0.7,0.26666666666666666,0.0
CATGCTCTCTTCCAGC-1,0.03333333333333333,0.7,0.26666666666666666,0.0
CATGGATAGCAGTAAT-1,0.1,0.8333333333333334,0.06666666666666667,0.0
CATGGATAGCTCATAC-1,0.03333333333333333,0.8,0.16666666666666666,0.0
CATGGATTCCGTGGCA-1,0.06666666666666667,0.8666666666666667,0.06666666666666667,0.0
CATGGATTCGACATCA-1,0.1,0.7,0.2,0.0
CATGGATTCGTTGTGA-1,0.03333333333333333,0.8666666666666667,0.1,0.0
CATGGTAAGAGTGTGC-1,0.06666666666666667,0.8333333333333334,0.1,0.0
CATGGTAAGATGCGAC-1,0.1,0.6666666666666666,0.23333333333333334,0.0
CATGGTAAGTACCATC-1,0.03333333333333333,0.8666666666666667,0.1,0.0
CATGGTACACTCCCTA-1,0.1,0.7333333333333333,0.13333333333333333,0.03333333333333333
CATGGTACAGAACTTC-1,0.16666666666666666,0.5666666666666667,0.26666666666666666,0.0
CATGGTACAGGTATGG-1,0.06666666666666667,0.7666666666666667,0.16666666666666666,0.0
CATGGTAGTTAGTCGT-1,0.03333333333333333,0.6666666666666666,0.3,0.0
CATGGTATCTAATTCC-1,0.03333333333333333,0.7666666666666667,0.2,0.0
CATTCATAGCGATGGT-1,0.13333333333333333,0.6666666666666666,0.2,0.0
CATTCATCAAGGCGTA-1,0.16666666666666666,0.7333333333333333,0.1,0.0
CATTCATCAAGTTCCA-1,0.1,0.7333333333333333,0.16666666666666666,0.0
CATTCCGAGATAACAC-1,0.1,0.7,0.2,0.0
CATTCCGCAACACGTT-1,0.06666666666666667,0.8333333333333334,0.1,0.0
CATTCCGCAATGGCCC-1,0.06666666666666667,0.7666666666666667,0.16666666666666666,0.0
CATTCCGCAGGAAGTC-1,0.0,0.9333333333333333,0.06666666666666667,0.0
CATTCCGGTTGCTGAT-1,0.1,0.3333333333333333,0.5666666666666667,0.0
CATTCTAAGCAACTTC-1,0.1,0.7333333333333333,0.16666666666666666,0.0
CATTCTACAAACTCTG-1,0.1,0.6333333333333333,0.26666666666666666,0.0
CATTCTACAACAGAGC-1,0.13333333333333333,0.6666666666666666,0.2,0.0
CATTCTACAAGATGGC-1,0.13333333333333333,0.6,0.26666666666666666,0.0
CATTCTACACAATGTC-1,0.13333333333333333,0.6,0.26666666666666666,0.0
CATTCTACACACTGGC-1,0.03333333333333333,0.9,0.06666666666666667,0.0
CATTCTACACGCTGTG-1,0.2,0.6,0.2,0.0
CATTCTACAGATACTC-1,0.06666666666666667,0.8333333333333334,0.1,0.0
CATTGAGAGCAGTACG-1,0.03333333333333333,0.8,0.16666666666666666,0.0
CATTGAGAGTACAGAT-1,0.1,0.7333333333333333,0.16666666666666666,0.0
CATTGAGCAAGTCGTT-1,0.03333333333333333,0.8666666666666667,0.1,0.0
CATTGAGGTAACTAAG-1,0.03333333333333333,0.5,0.4666666666666667,0.0
CATTGAGGTACAGAGC-1,0.16666666666666666,0.6,0.23333333333333334,0.0
CATTGAGGTAGATCCT-1,0.13333333333333333,0.8333333333333334,0.03333333333333333,0.0
CATTGAGGTATGCAAA-1,0.1,0.7666666666666667,0.13333333333333333,0.0
CATTGAGGTCTACGAT-1,0.03333333333333333,0.7333333333333333,0.23333333333333334,0.0
CATTGAGGTGTGGACA-1,0.1,0.8333333333333334,0.06666666666666667,0.0
CATTGAGTCCAAGCCG-1,0.1,0.8,0.1,0.0
CATTGCCAGGCTTAAA-1,0.1,0.7,0.2,0.0
CATTGCCAGGGCCCTT-1,0.03333333333333333,0.8333333333333334,0.13333333333333333,0.0
CATTGCCCAGTTCACA-1,0.13333333333333333,0.7666666666666667,0.1,0.0
CATTGCCGTCGTCATA-1,0.2,0.5666666666666667,0.23333333333333334,0.0
CATTGCCGTCTAGATC-1,0.06666666666666667,0.7333333333333333,0.2,0.0
CATTGCCTCCTTGAAG-1,0.1,0.7333333333333333,0.16666666666666666,0.0
CATTGTTAGAAGCGGG-1,0.06666666666666667,0.8333333333333334,0.1,0.0
CATTGTTAGGGCCCTT-1,0.03333333333333333,0.8,0.16666666666666666,0.0
CATTGTTAGTTGGAAT-1,0.06666666666666667,0.7666666666666667,0.16666666666666666,0.0
CATTGTTCACATAACC-1,0.03333333333333333,0.7,0.26666666666666666,0.0
CATTGTTCACCTGCTT-1,0.1,0.7,0.2,0.0
CATTGTTCACGGCTAC-1,0.03333333333333333,0.7333333333333333,0.23333333333333334,0.0
CATTGTTCAGACCTAT-1,0.03333333333333333,0.7666666666666667,0.2,0.0
CATTGTTCATAGAATG-1,0.03333333333333333,0.8,0.16666666666666666,0.0
CATTGTTGTTATGTGC-1,0.06666666666666667,0.8333333333333334,0.1,0.0
CATTGTTGTTGTAGCT-1,0.06666666666666667,0.5,0.43333333333333335,0.0
CATTTCAAGCCGAACA-1,0.16666666666666666,0.5666666666666667,0.26666666666666666,0.0
CATTTCACAAACACGG-1,0.03333333333333333,0.8,0.16666666666666666,0.0
CATTTCACAGCACACC-1,0.06666666666666667,0.7,0.23333333333333334,0.0
CATTTCAGTCCTACAA-1,0.16666666666666666,0.7,0.13333333333333333,0.0
CATTTCAGTCGTACAT-1,0.06666666666666667,0.8333333333333334,0.1,0.0
CATTTCAGTCTTGCTC-1,0.1,0.8333333333333334,0.06666666666666667,0.0
CCAAGCGAGATGATTG-1,0.06666666666666667,0.8666666666666667,0.06666666666666667,0.0
CCAAGCGCACTTGAAC-1,0.13333333333333333,0.8333333333333334,0.03333333333333333,0.0
CCAAGCGCAGAACTTC-1,0.06666666666666667,0.4666666666666667,0.4666666666666667,0.0
CCAAGCGGTTCTGAGT-1,0.06666666666666667,0.5333333333333333,0.4,0.0
CCAAGCGTCCTCTCTT-1,0.03333333333333333,0.8666666666666667,0.1,0.0
CCAAGCGTCTCAACGA-1,0.06666666666666667,0.36666666666666664,0.5666666666666667,0.0
CCAAGCGTCTCTAAGG-1,0.1,0.8333333333333334,0.06666666666666667,0.0
CCAATGAAGCCTAACT-1,0.06666666666666667,0.6333333333333333,0.3,0.0
CCAATGAAGTCACTCA-1,0.06666666666666667,0.6666666666666666,0.26666666666666666,0.0
CCAATGACAATACCTG-1,0.1,0.5666666666666667,0.3333333333333333,0.0
CCAATGACACCCTTGT-1,0.03333333333333333,0.7666666666666667,0.2,0.0
CCAATGACAGCCTACG-1,0.1,0.6666666666666666,0.23333333333333334,0.0
CCAATGACAGGTCTCG-1,0.0,0.9666666666666667,0.03333333333333333,0.0
CCAATGAGTCTTCGAA-1,0.1,0.4666666666666667,0.43333333333333335,0.0
CCAATGAGTGCAATAA-1,0.03333333333333333,0.8666666666666667,0.1,0.0
CCAATGAGTGGAACCA-1,0.1,0.3333333333333333,0.5666666666666667,0.0
CCAATTTAGCTCCACG-1,0.06666666666666667,0.7,0.23333333333333334,0.0
CCAATTTAGGGCCTCT-1,0.1,0.6333333333333333,0.26666666666666666,0.0
CCAATTTCAATAGAGT-1,0.1,0.5,0.4,0.0
CCAATTTCAATTTCGG-1,0.03333333333333333,0.8666666666666667,0.1,0.0
CCAATTTCATAGAGGC-1,0.06666666666666667,0.6,0.3333333333333333,0.0
CCAATTTTCACGGGAA-1,0.1,0.8666666666666667,0.03333333333333333,0.0
CCAATTTTCTCGACCT-1,0.06666666666666667,0.6,0.3333333333333333,0.0
CCACAAAAGCCTCGTG-1,0.06666666666666667,0.9,0.03333333333333333,0.0
CCACAAACAAACGGCA-1,0.06666666666666667,0.4,0.5333333333333333,0.0
CCACAAACAAGGAGTC-1,0.06666666666666667,0.8333333333333334,0.1,0.0
CCACAAACAATTGTGC-1,0.1,0.7,0.2,0.0
CCACAAAGTATGAGCG-1,0.06666666666666667,0.7666666666666667,0.16666666666666666,0.0
CCACACTAGAGCTGAC-1,0.06666666666666667,0.8,0.13333333333333333,0.0
CCACACTAGAGTGGCT-1,0.06666666666666667,0.7,0.23333333333333334,0.0
CCACACTAGCCGCACT-1,0.2,0.7,0.1,0.0
CCACACTAGCTTCTAG-1,0.06666666666666667,0.7,0.23333333333333334,0.0
CCACACTAGGTCACTT-1,0.0,0.5,0.5,0.0
CCACACTCAGAGATTA-1,0.06666666666666667,0.8666666666666667,0.03333333333333333,0.03333333333333333
CCACACTCAGTGGGTA-1,0.03333333333333333,0.4666666666666667,0.5,0.0
CCACACTCATGCGTGC-1,0.1,0.8666666666666667,0.03333333333333333,0.0
CCACACTGTCCTGTTC-1,0.03333333333333333,0.8,0.16666666666666666,0.0
CCACACTGTGACCGTC-1,0.1,0.7333333333333333,0.16666666666666666,0.0
CCACACTTCCCTGTTG-1,0.13333333333333333,0.7666666666666667,0.1,0.0
CCACCATCACCCTTAC-1,0.23333333333333334,0.6,0.16666666666666666,0.0
CCACCATCACTGGCGT-1,0.1,0.7333333333333333,0.16666666666666666,0.0
CCACCATCAGCAGAAC-1,0.1,0.6333333333333333,0.26666666666666666,0.0
CCACCATCATCCAACA-1,0.16666666666666666,0.6,0.23333333333333334,0.0
CCACCATCATTCTCTA-1,0.13333333333333333,0.6333333333333333,0.23333333333333334,0.0
CCACCATGTGCCTTCT-1,0.06666666666666667,0.7,0.23333333333333334,0.0
CCACCATGTGGTCCCA-1,0.1,0.6333333333333333,0.26666666666666666,0.0
CCACCATGTGGTCTTA-1,0.06666666666666667,0.5666666666666667,0.36666666666666664,0.0
CCACCATGTGTCACAT-1,0.13333333333333333,0.6,0.26666666666666666,0.0
CCACCATGTGTGAATA-1,0.1,0.8,0.1,0.0
CCACCATTCAACCGAT-1,0.06666666666666667,0.8666666666666667,0.06666666666666667,0.0
CCACCATTCTACGGTA-1,0.03333333333333333,0.9666666666666667,0.0,0.0
CCACCATTCTAGTCAG-1,0.23333333333333334,0.7333333333333333,0.03333333333333333,0.0
CCACCATTCTCTGCTG-1,0.06666666666666667,0.6666666666666666,0.26666666666666666,0.0
CCACGAGAGAATAACC-1,0.06666666666666667,0.7666666666666667,0.16666666666666666,0.0
CCACGAGAGATGCCGA-1,0.1,0.9,0.0,0.0
CCACGAGCACGTTCGG-1,0.03333333333333333,0.6666666666666666,0.3,0.0
CCACGAGCAGGCCTGT-1,0.16666666666666666,0.8333333333333334,0.0,0.0
CCACGAGGTGCAGTGA-1,0.06666666666666667,0.7666666666666667,0.16666666666666666,0.0
CCACGAGGTGTCTCCT-1,0.06666666666666667,0.6333333333333333,0.3,0.0
CCACGAGGTTAGTTCG-1,0.06666666666666667,0.7333333333333333,0.2,0.0
CCACGAGTCAAACGTC-1,0.1,0.7333333333333333,0.16666666666666666,0.0
CCACGAGTCTTCGGAA-1,0.1,0.8333333333333334,0.06666666666666667,0.0
CCACGAGTCTTCTGTA-1,0.03333333333333333,0.8,0.16666666666666666,0.0
CCACGTTAGCTGTTAC-1,0.0,0.7666666666666667,0.23333333333333334,0.0
CCACGTTCACCCTTAC-1,0.03333333333333333,0.5333333333333333,0.43333333333333335,0.0
CCACGTTCAGCTTCCT-1,0.06666666666666667,0.8666666666666667,0.06666666666666667,0.0
CCACGTTGTTGCATTG-1,0.1,0.8,0.1,0.0
CCACGTTTCATGCTAG-1,0.03333333333333333,0.5333333333333333,0.43333333333333335,0.0
CCACGTTTCCTTCGAC-1,0.1,0.7,0.2,0.0
CCACTTGAGACATAAC-1,0.03333333333333333,0.6666666666666666,0.3,0.0
CCACTTGAGTTTGAGA-1,0.03333333333333333,0.6,0.36666666666666664,0.0
CCACTTGGTACTCGCG-1,0.03333333333333333,0.9333333333333333,0.03333333333333333,0.0
CCACTTGTCATGAGTC-1,0.03333333333333333,0.6333333333333333,0.3333333333333333,0.0
CCACTTGTCCTAGCCT-1,0.03333333333333333,0.7666666666666667,0.2,0.0
CCACTTGTCGTAGCCG-1,0.06666666666666667,0.4,0.5333333333333333,0.0
CCATAAGAGTGAGTGC-1,0.06666666666666667,0.8666666666666667,0.03333333333333333,0.03333333333333333
CCATAAGCAAGAGATT-1,0.1,0.7333333333333333,0.16666666666666666,0.0
CCATAAGCACAGCCAC-1,0.13333333333333333,0.7333333333333333,0.13333333333333333,0.0
CCATAAGCACTAGAGG-1,0.03333333333333333,0.6333333333333333,0.3333333333333333,0.0
CCATAAGGTATACCTG-1,0.1,0.8666666666666667,0.03333333333333333,0.0
CCATAAGTCATGCTAG-1,0.06666666666666667,0.7333333333333333,0.2,0.0
CCATAAGTCCAATCTT-1,0.1,0.8333333333333334,0.06666666666666667,0.0
CCATCACAGAAACACT-1,0.1,0.6666666666666666,0.23333333333333334,0.0
CCATCACAGCGCCTAC-1,0.06666666666666667,0.8,0.13333333333333333,0.0
CCATCACAGTCGCTAT-1,0.06666666666666667,0.8,0.13333333333333333,0.0
CCATCACCATCATCTT-1,0.06666666666666667,0.8,0.13333333333333333,0.0
CCATCACGTACGACTT-1,0.13333333333333333,0.7333333333333333,0.13333333333333333,0.0
CCATCACGTAGGATAT-1,0.13333333333333333,0.5666666666666667,0.3,0.0
CCATCACGTGCGTGCT-1,0.1,0.8,0.1,0.0
CCATCACTCACTTGGA-1,0.13333333333333333,0.7,0.16666666666666666,0.0
CCATCACTCCTGTAGA-1,0.1,0.7,0.2,0.0
CCCAACTAGACATCAA-1,0.06666666666666667,0.7,0.23333333333333334,0.0
CCCAACTAGCGCCGTT-1,0.03333333333333333,0.5,0.4666666666666667,0.0
CCCAACTAGTCATAGA-1,0.03333333333333333,0.8333333333333334,0.13333333333333333,0.0
CCCAACTTCACTACTT-1,0.13333333333333333,0.7666666666666667,0.1,0.0
CCCAACTTCAGGTAAA-1,0.06666666666666667,0.8333333333333334,0.06666666666666667,0.03333333333333333
CCCAACTTCCAGCACG-1,0.1,0.6666666666666666,0.23333333333333334,0.0
CCCATTGAGACTCGAG-1,0.1,0.6666666666666666,0.23333333333333334,0.0
CCCATTGAGTAACGTA-1,0.03333333333333333,0.6333333333333333,0.3333333333333333,0.0
CCCATTGTCCTACCGT-1,0.03333333333333333,0.8,0.16666666666666666,0.0
CCCGAAGCAGTTTCAG-1,0.16666666666666666,0.5666666666666667,0.26666666666666666,0.0
CCCGAAGGTGGCCCAT-1,0.1,0.7,0.2,0.0
CCCGAAGGTGGCTACC-1,0.13333333333333333,0.4666666666666667,0.4,0.0
CCCGAAGGTGGTAACG-1,0.06666666666666667,0.5666666666666667,0.36666666666666664,0.0
CCCGGAAGTCACAGAG-1,0.06666666666666667,0.6666666666666666,0.26666666666666666,0.0
CCCGGAAGTCCCACGA-1,0.1,0.7666666666666667,0.13333333333333333,0.0
CCCGGAATCGAGTCTA-1,0.06666666666666667,0.8333333333333334,0.1,0.0
CCCGGAATCTGACCCT-1,0.1,0.8666666666666667,0.03333333333333333,0.0
CCCTAACAGGCACCAA-1,0.2,0.6666666666666666,0.13333333333333333,0.0
CCCTAACCACACACGC-1,0.06666666666666667,0.8,0.13333333333333333,0.0
CCCTAACGTCCCGCAA-1,0.06666666666666667,0.6,0.3333333333333333,0.0
CCCTAACGTTCTCGTC-1,0.13333333333333333,0.7666666666666667,0.1,0.0
CCCTAACTCGTGGCGT-1,0.16666666666666666,0.7,0.13333333333333333,0.0
CCCTAACTCTCGACCT-1,0.06666666666666667,0.5,0.43333333333333335,0.0
CCCTAACTCTTCACAT-1,0.1,0.5666666666666667,0.3333333333333333,0.0
CCCTCAAAGCCTCACG-1,0.06666666666666667,0.6,0.3333333333333333,0.0
CCCTCAACAATCGCAT-1,0.1,0.6,0.3,0.0
CCCTCAACACCAGGTC-1,0.0,0.8666666666666667,0.13333333333333333,0.0
CCCTCAACAGTCAACT-1,0.06666666666666667,0.8,0.13333333333333333,0.0
CCCTCAACATCTGGGC-1,0.0,0.5666666666666667,0.43333333333333335,0.0
CCCTCAAGTAGCGTTT-1,0.1,0.7333333333333333,0.16666666666666666,0.0
CCCTCAAGTCTACAGT-1,0.03333333333333333,0.7666666666666667,0.2,0.0
CCCTCAAGTCTTGTCC-1,0.03333333333333333,0.7666666666666667,0.2,0.0
CCCTCAAGTGACCGAA-1,0.1,0.7666666666666667,0.13333333333333333,0.0
CCCTCAAGTTCGGCTG-1,0.06666666666666667,0.9,0.03333333333333333,0.0
CCCTCAATCCAAGCAT-1,0.06666666666666667,0.36666666666666664,0.5666666666666667,0.0
CCCTCAATCCCAGTGG-1,0.03333333333333333,0.5666666666666667,0.4,0.0
CCCTCAATCGCCAATA-1,0.06666666666666667,0.9333333333333333,0.0,0.0
CCCTCTCAGATTAGCA-1,0.06666666666666667,0.7,0.23333333333333334,0.0
CCCTCTCAGTCGCCCA-1,0.1,0.7333333333333333,0.16666666666666666,0.0
CCCTCTCCAGTTCTAG-1,0.1,0.36666666666666664,0.5333333333333333,0.0
CCCTCTCGTTAACCTG-1,0.06666666666666667,0.8,0.13333333333333333,0.0
CCCTCTCGTTCTCCAC-1,0.1,0.8333333333333334,0.06666666666666667,0.0
CCCTCTCTCACACCGG-1,0.2,0.6666666666666666,0.13333333333333333,0.0
CCCTGATAGACGCAGT-1,0.06666666666666667,0.6333333333333333,0.3,0.0
CCCTGATAGATCACTC-1,0.1,0.6666666666666666,0.23333333333333334,0.0
CCCTGATAGCGAGGAG-1,0.1,0.8333333333333334,0.06666666666666667,0.0
CCCTGATAGCGCCCAT-1,0.03333333333333333,0.5,0.4666666666666667,0.0
CCCTGATAGTCACTAC-1,0.03333333333333333,0.8333333333333334,0.13333333333333333,0.0
CCCTGATGTCACCGAC-1,0.06666666666666667,0.6666666666666666,0.26666666666666666,0.0
CCCTGATGTGATACAA-1,0.1,0.8,0.1,0.0
CCCTGATGTTAACCTG-1,0.1,0.6666666666666666,0.23333333333333334,0.0
CCCTGATGTTGTGCCG-1,0.06666666666666667,0.8666666666666667,0.06666666666666667,0.0
CCCTGATTCGGTATGT-1,0.06666666666666667,0.8666666666666667,0.06666666666666667,0.0
CCCTGATTCGTTCTCG-1,0.1,0.6666666666666666,0.23333333333333334,0.0
CCCTGATTCTAACGCA-1,0.13333333333333333,0.6333333333333333,0.23333333333333334,0.0
CCCTTAGAGCAGGCAT-1,0.1,0.36666666666666664,0.5333333333333333,0.0
CCCTTAGAGTGACCTT-1,0.03333333333333333,0.8333333333333334,0.13333333333333333,0.0
CCCTTAGCACAAGGTG-1,0.1,0.7666666666666667,0.13333333333333333,0.0
CCCTTAGCACCGGAAA-1,0.06666666666666667,0.8333333333333334,0.1,0.0
CCGAACGAGCATGGGT-1,0.06666666666666667,0.7333333333333333,0.2,0.0
CCGAACGCAATAGTCC-1,0.03333333333333333,0.8,0.16666666666666666,0.0
CCGAACGCACTTACAG-1,0.03333333333333333,0.36666666666666664,0.6,0.0
CCGAACGCATCATGAC-1,0.1,0.7666666666666667,0.13333333333333333,0.0
CCGAACGGTGCCGTAC-1,0.06666666666666667,0.5666666666666667,0.36666666666666664,0.0
CCGATCTGTACAACGG-1,0.06666666666666667,0.8,0.13333333333333333,0.0
CCGATCTGTCGACTTA-1,0.0,0.6666666666666666,0.3333333333333333,0.0
CCGATCTGTTTCTTAC-1,0.03333333333333333,0.8333333333333334,0.13333333333333333,0.0
CCGATCTTCCTGCCAT-1,0.06666666666666667,0.5,0.43333333333333335,0.0
CCGATCTTCTGTGCAA-1,0.06666666666666667,0.8,0.1,0.03333333333333333
CCGATGGAGGGATGTC-1,0.1,0.7,0.2,0.0
CCGATGGAGTGCGACA-1,0.03333333333333333,0.7666666666666667,0.2,0.0
CCGATGGAGTTTGAGA-1,0.03333333333333333,0.5333333333333333,0.43333333333333335,0.0
CCGATGGGTCGGAACA-1,0.13333333333333333,0.7666666666666667,0.1,0.0
CCGATGGTCAATGTCG-1,0.06666666666666667,0.7333333333333333,0.2,0.0
CCGATGGTCAGCGCGT-1,0.03333333333333333,0.6666666666666666,0.3,0.0
CCGATGGTCCATCACC-1,0.1,0.7,0.2,0.0
CCGCAAGAGCCTCAAT-1,0.06666666666666667,0.8666666666666667,0.06666666666666667,0.0
CCGCAAGAGTCGAATA-1,0.06666666666666667,0.8333333333333334,0.1,0.0
CCGCAAGCAACCGTAT-1,0.06666666666666667,0.8666666666666667,0.06666666666666667,0.0
CCGCAAGGTATCTCTT-1,0.06666666666666667,0.7,0.23333333333333334,0.0
CCGCAAGGTTCTTGTT-1,0.1,0.7333333333333333,0.16666666666666666,0.0
CCGCAAGTCAGCATTG-1,0.06666666666666667,0.8,0.13333333333333333,0.0
CCGCAAGTCTGGTGGC-1,0.06666666666666667,0.8666666666666667,0.06666666666666667,0.0
CCGCAAGTCTTTCCGG-1,0.06666666666666667,0.8666666666666667,0.06666666666666667,0.0
CCGGACAAGAGAATCT-1,0.06666666666666667,0.7666666666666667,0.16666666666666666,0.0
CCGGACAAGGGTACAC-1,0.13333333333333333,0.8333333333333334,0.03333333333333333,0.0
CCGGACAAGTGAGGTC-1,0.1,0.8,0.1,0.0
CCGGACACACAACGAG-1,0.13333333333333333,0.6333333333333333,0.23333333333333334,0.0
CCGGACACACCACTGG-1,0.03333333333333333,0.5,0.4666666666666667,0.0
CCGGACACATGTGGCC-1,0.06666666666666667,0.8666666666666667,0.06666666666666667,0.0
CCGGACAGTACTGCGC-1,0.03333333333333333,0.8333333333333334,0.13333333333333333,0.0
CCGGACAGTCATCCCT-1,0.1,0.8,0.1,0.0
CCGGACAGTCCGACGT-1,0.03333333333333333,0.7666666666666667,0.2,0.0
CCGGACAGTCTCAGAT-1,0.06666666666666667,0.8666666666666667,0.06666666666666667,0.0
CCGGACAGTTGGCCGT-1,0.2,0.7666666666666667,0.03333333333333333,0.0
CCGGACATCACGATCA-1,0.1,0.7666666666666667,0.13333333333333333,0.0
CCGGGTAAGAAATCCA-1,0.03333333333333333,0.7333333333333333,0.23333333333333334,0.0
CCGGGTACAGGGCTTC-1,0.13333333333333333,0.6333333333333333,0.23333333333333334,0.0
CCGGGTATCTAGAACC-1,0.03333333333333333,0.8333333333333334,0.13333333333333333,0.0
CCGGTAGGTTGCATGT-1,0.1,0.7,0.2,0.0
CCGGTAGTCCCGAACG-1,0.1,0.8333333333333334,0.06666666666666667,0.0
CCGGTAGTCTAGAACC-1,0.13333333333333333,0.6666666666666666,0.2,0.0
CCGGTAGTCTCAATCT-1,0.06666666666666667,0.6666666666666666,0.26666666666666666,0.0
CCGGTGACAAACCACT-1,0.13333333333333333,0.7333333333333333,0.13333333333333333,0.0
CCGGTGACAACACACT-1,0.16666666666666666,0.5666666666666667,0.26666666666666666,0.0
CCGGTGAGTGGGAGAG-1,0.06666666666666667,0.7666666666666667,0.16666666666666666,0.0
CCGGTGATCACGGGAA-1,0.1,0.8666666666666667,0.03333333333333333,0.0
CCGGTGATCATGTCAG-1,0.03333333333333333,0.6666666666666666,0.3,0.0
CCGGTGATCCTTACCG-1,0.06666666666666667,0.7,0.23333333333333334,0.0
CCGGTGATCGGACTTA-1,0.03333333333333333,0.8333333333333334,0.13333333333333333,0.0
CCGGTGATCTGAGAGG-1,0.06666666666666667,0.8333333333333334,0.1,0.0
CCGTAGGAGAATCGAT-1,0.1,0.5333333333333333,0.36666666666666664,0.0
CCGTAGGAGGAGAGTA-1,0.13333333333333333,0.8333333333333334,0.03333333333333333,0.0
CCGTAGGCAACACAAA-1,0.1,0.7666666666666667,0.13333333333333333,0.0
CCGTAGGCACACGCCA-1,0.06666666666666667,0.6333333333333333,0.3,0.0
CCGTAGGCAGGCATGA-1,0.06666666666666667,0.8333333333333334,0.1,0.0
CCGTAGGGTACGGGAT-1,0.1,0.7666666666666667,0.13333333333333333,0.0
CCGTAGGGTACTCCCT-1,0.06666666666666667,0.8,0.13333333333333333,0.0
CCGTAGGGTGTTGACT-1,0.06666666666666667,0.8333333333333334,0.1,0.0
CCGTGAGAGGCGAAGG-1,0.16666666666666666,0.6,0.23333333333333334,0.0
CCGTGAGAGTGTGTTC-1,0.03333333333333333,0.5666666666666667,0.4,0.0
CCGTGAGAGTTGCGAG-1,0.03333333333333333,0.8,0.16666666666666666,0.0
CCGTGAGAGTTTCGAC-1,0.03333333333333333,0.4,0.5666666666666667,0.0
CCGTGAGCACAATCTG-1,0.03333333333333333,0.6666666666666666,0.3,0.0
CCGTGAGGTTCGAACT-1,0.13333333333333333,0.8,0.06666666666666667,0.0
CCGTGAGTCCACCTCA-1,0.06666666666666667,0.6333333333333333,0.3,0.0
CCGTGAGTCGGCCTTT-1,0.06666666666666667,0.8666666666666667,0.06666666666666667,0.0
CCGTTCAAGAGAGAAC-1,0.03333333333333333,0.5,0.4666666666666667,0.0
CCGTTCAAGTGCACAG-1,0.26666666666666666,0.5,0.23333333333333334,0.0
CCGTTCACACTCTAGA-1,0.1,0.6666666666666666,0.23333333333333334,0.0
CCGTTCACAGCGGTTC-1,0.03333333333333333,0.8333333333333334,0.13333333333333333,0.0
CCGTTCACATCATCCC-1,0.1,0.7,0.2,0.0
CCGTTCAGTAAGTTAG-1,0.13333333333333333,0.5333333333333333,0.3333333333333333,0.0
CCGTTCAGTCATAACC-1,0.1,0.8333333333333334,0.06666666666666667,0.0
CCGTTCATCACACCCT-1,0.03333333333333333,0.9666666666666667,0.0,0.0
CCGTTCATCCCATGGG-1,0.06666666666666667,0.5666666666666667,0.36666666666666664,0.0
CCGTTCATCGAGCTGC-1,0.03333333333333333,0.8,0.16666666666666666,0.0
CCGTTCATCGCCTTTG-1,0.06666666666666667,0.7,0.23333333333333334,0.0
CCGTTCATCTCTCGCA-1,0.03333333333333333,0.7333333333333333,0.23333333333333334,0.0
CCTAACCCAAGCACAG-1,0.1,0.5666666666666667,0.3333333333333333,0.0
CCTAACCCATGGAATA-1,0.1,0.7333333333333333,0.16666666666666666,0.0
CCTAACCGTGCATTAC-1,0.0,0.7666666666666667,0.23333333333333334,0.0
CCTAACCTCGCCGAGT-1,0.13333333333333333,0.7333333333333333,0.13333333333333333,0.0
CCTAACCTCTTCGTAT-1,0.03333333333333333,0.5,0.4666666666666667,0.0
CCTAAGAAGACGCAGT-1,0.1,0.8333333333333334,0.06666666666666667,0.0
CCTAAGAAGGCCATAG-1,0.13333333333333333,0.6666666666666666,0.2,0.0
CCTAAGAAGTATTAGG-1,0.06666666666666667,0.5666666666666667,0.36666666666666664,0.0
CCTAAGAAGTGCGCTC-1,0.16666666666666666,0.7666666666666667,0.06666666666666667,0.0
CCTAAGACAGGCACAA-1,0.03333333333333333,0.9333333333333333,0.03333333333333333,0.0
CCTAAGAGTGGTTTAC-1,0.06666666666666667,0.5333333333333333,0.4,0.0
CCTAAGATCGGCTTGG-1,0.1,0.7666666666666667,0.13333333333333333,0.0
CCTAAGATCTTGGTCC-1,0.16666666666666666,0.7666666666666667,0.06666666666666667,0.0
CCTACGTAGGTCACCC-1,0.06666666666666667,0.6666666666666666,0.26666666666666666,0.0
CCTACGTAGTCACGAG-1,0.0,0.8333333333333334,0.16666666666666666,0.0
CCTACGTCAAACTCTG-1,0.06666666666666667,0.5,0.43333333333333335,0.0
CCTACGTCAATTGCTG-1,0.06666666666666667,0.7,0.23333333333333334,0.0
CCTACGTCACTTTAGG-1,0.06666666666666667,0.9,0.03333333333333333,0.0
CCTACGTCATCTTCGC-1,0.1,0.4666666666666667,0.43333333333333335,0.0
CCTACGTGTAAGAACT-1,0.03333333333333333,0.8,0.16666666666666666,0.0
CCTACGTGTAAGGCTG-1,0.1,0.7666666666666667,0.13333333333333333,0.0
CCTACGTGTCATCTAG-1,0.03333333333333333,0.6333333333333333,0.3333333333333333,0.0
CCTACGTGTCTTGTCC-1,0.06666666666666667,0.6333333333333333,0.3,0.0
CCTACGTGTGAATATG-1,0.16666666666666666,0.7666666666666667,0.06666666666666667,0.0
CCTACGTGTGGATACG-1,0.06666666666666667,0.8333333333333334,0.1,0.0
CCTACGTTCTAGACAC-1,0.06666666666666667,0.6666666666666666,0.26666666666666666,0.0
CCTATCGAGAGATCGC-1,0.06666666666666667,0.9,0.03333333333333333,0.0
CCTATCGCATCCTCAC-1,0.1,0.7333333333333333,0.16666666666666666,0.0
CCTCAACCAAGGCTTT-1,0.03333333333333333,0.5666666666666667,0.4,0.0
CCTCAACCACCCTAGG-1,0.06666666666666667,0.7333333333333333,0.2,0.0
CCTCAACCATAACCCA-1,0.13333333333333333,0.5,0.36666666666666664,0.0
CCTCAACCATGTGGTT-1,0.0,0.6666666666666666,0.3333333333333333,0.0
CCTCAACGTAACGGTG-1,0.1,0.8,0.1,0.0
CCTCAACGTACGCTTA-1,0.06666666666666667,0.6666666666666666,0.23333333333333334,0.03333333333333333
CCTCAACGTCCGGTCA-1,0.03333333333333333,0.8666666666666667,0.1,0.0
CCTCAACGTGTGTTTG-1,0.1,0.7,0.2,0.0
CCTCAACTCGTTCCTG-1,0.0,0.8333333333333334,0.16666666666666666,0.0
CCTCACAAGATAGTCA-1,0.03333333333333333,0.8333333333333334,0.13333333333333333,0.0
CCTCACAAGATTGTGA-1,0.03333333333333333,0.4,0.5666666666666667,0.0
CCTCACAAGCGTATAA-1,0.2,0.6666666666666666,0.13333333333333333,0.0
CCTCACAAGCGTCTGC-1,0.03333333333333333,0.6666666666666666,0.3,0.0
CCTCACAAGGCCCGTT-1,0.13333333333333333,0.5333333333333333,0.3333333333333333,0.0
CCTCACACACCTCAGG-1,0.1,0.5666666666666667,0.3,0.03333333333333333
CCTCACACATGGAAGC-1,0.1,0.8,0.1,0.0
CCTCACAGTTTAAGGA-1,0.06666666666666667,0.6666666666666666,0.26666666666666666,0.0
CCTCACATCATTTCGT-1,0.06666666666666667,0.8333333333333334,0.1,0.0
CCTCACATCGGCCCAA-1,0.06666666666666667,0.7,0.23333333333333334,0.0
CCTCACATCTAGCCAA-1,0.06666666666666667,0.8666666666666667,0.06666666666666667,0.0
CCTCACATCTCCTGCA-1,0.03333333333333333,0.6,0.36666666666666664,0.0
CCTCAGTCACATTCGA-1,0.1,0.3,0.6,0.0
CCTCAGTGTATTGCCA-1,0.13333333333333333,0.8,0.06666666666666667,0.0
CCTCAGTGTCTGATCA-1,0.1,0.7,0.2,0.0
CCTCAGTGTTACCCTC-1,0.1,0.6333333333333333,0.26666666666666666,0.0
CCTCAGTTCCCTAGGG-1,0.06666666666666667,0.5666666666666667,0.36666666666666664,0.0
CCTCATGAGAGGTTTA-1,0.06666666666666667,0.8,0.13333333333333333,0.0
CCTCATGAGTGCAGCA-1,0.06666666666666667,0.8333333333333334,0.1,0.0
CCTCATGCACAAGCCC-1,0.1,0.8333333333333334,0.06666666666666667,0.0
CCTCATGGTACAGAAT-1,0.06666666666666667,0.8,0.13333333333333333,0.0
CCTCATGGTTCAAGTC-1,0.1,0.8,0.1,0.0
CCTCCAAAGGGTTAAT-1,0.03333333333333333,0.8333333333333334,0.13333333333333333,0.0
CCTCCAACAGCTGCCA-1,0.06666666666666667,0.7666666666666667,0.16666666666666666,0.0
CCTCCAAGTAAGTCAA-1,0.03333333333333333,0.6333333333333333,0.3333333333333333,0.0
CCTCCAAGTGAATGTA-1,0.03333333333333333,0.7333333333333333,0.23333333333333334,0.0
CCTCCAAGTTTGTTCT-1,0.1,0.6666666666666666,0.23333333333333334,0.0
CCTCCAATCAAGCTGT-1,0.06666666666666667,0.5666666666666667,0.36666666666666664,0.0
CCTCCTCAGGTTTACC-1,0.06666666666666667,0.9,0.03333333333333333,0.0
CCTCCTCCAAAGGTTA-1,0.13333333333333333,0.6333333333333333,0.23333333333333334,0.0
CCTCCTCCAATGACCT-1,0.16666666666666666,0.7666666666666667,0.06666666666666667,0.0
CCTCCTCGTATGGAAT-1,0.1,0.7,0.2,0.0
CCTCCTCTCGTCAGAT-1,0.1,0.6,0.3,0.0
CCTCCTCTCTGAGATC-1,0.03333333333333333,0.8333333333333334,0.13333333333333333,0.0
CCTCTAGAGCCTAGGA-1,0.06666666666666667,0.7,0.23333333333333334,0.0
CCTCTAGCAACCGCCA-1,0.06666666666666667,0.7666666666666667,0.16666666666666666,0.0
CCTCTAGCAGTGGGTA-1,0.1,0.7666666666666667,0.13333333333333333,0.0
CCTCTAGGTCTTCATT-1,0.06666666666666667,0.8,0.13333333333333333,0.0
CCTCTAGGTGTGACCC-1,0.03333333333333333,0.9333333333333333,0.03333333333333333,0.0
CCTCTAGGTTGGAGAC-1,0.1,0.5666666666666667,0.3333333333333333,0.0
CCTCTAGTCCTCACGT-1,0.0,0.9,0.1,0.0
CCTCTAGTCGATACAC-1,0.16666666666666666,0.6333333333333333,0.2,0.0
CCTCTCCCATTGTCGA-1,0.1,0.5666666666666667,0.3333333333333333,0.0
CCTCTCCGTAACAGGC-1,0.1,0.8333333333333334,0.06666666666666667,0.0
CCTCTCCGTATCGCAT-1,0.1,0.7,0.2,0.0
CCTCTCCGTGGCTACC-1,0.06666666666666667,0.6,0.3333333333333333,0.0
CCTCTCCTCGCGAAGA-1,0.0,0.7666666666666667,0.23333333333333334,0.0
CCTCTCCTCTCATTGT-1,0.16666666666666666,0.6333333333333333,0.2,0.0
CCTCTCCTCTTCTCAA-1,0.03333333333333333,0.5666666666666667,0.4,0.0
CCTGCATAGCAGGTCA-1,0.06666666666666667,0.8333333333333334,0.1,0.0
CCTGCATAGTTAACGA-1,0.06666666666666667,0.6666666666666666,0.26666666666666666,0.0
CCTGCATCACACCTAA-1,0.13333333333333333,0.43333333333333335,0.43333333333333335,0.0
CCTGCATGTAATGCGG-1,0.13333333333333333,0.6333333333333333,0.23333333333333334,0.0
CCTGCATGTTGTGGCC-1,0.16666666666666666,0.4666666666666667,0.36666666666666664,0.0
CCTGCATGTTTGTTGG-1,0.03333333333333333,0.8666666666666667,0.1,0.0
CCTGCATTCTACGGTA-1,0.1,0.7666666666666667,0.13333333333333333,0.0
CCTGTTGAGTCACAGG-1,0.03333333333333333,0.8666666666666667,0.1,0.0
CCTGTTGCAAGATCCT-1,0.1,0.9,0.0,0.0
CCTGTTGCACGATAGG-1,0.13333333333333333,0.8333333333333334,0.03333333333333333,0.0
CCTGTTGCACTGTCGG-1,0.03333333333333333,0.6666666666666666,0.3,0.0
CCTGTTGCATAATCGC-1,0.06666666666666667,0.8666666666666667,0.06666666666666667,0.0
CCTGTTGGTGTCATGT-1,0.13333333333333333,0.5666666666666667,0.3,0.0
CCTGTTGTCCCTAGGG-1,0.13333333333333333,0.6666666666666666,0.2,0.0
CCTGTTGTCGCCTTGT-1,0.06666666666666667,0.8666666666666667,0.06666666666666667,0.0
CCTGTTGTCGCTGTTC-1,0.1,0.8333333333333334,0.06666666666666667,0.0
CCTGTTGTCGTGGACC-1,0.0,0.7,0.3,0.0
CCTTCAGAGCTGTACT-1,0.0,0.9333333333333333,0.06666666666666667,0.0
CCTTCAGCACCAGACC-1,0.06666666666666667,0.7333333333333333,0.2,0.0
CCTTCAGCAGATACTC-1,0.06666666666666667,0.8333333333333334,0.1,0.0
CCTTCAGTCCTTCAGC-1,0.06666666666666667,0.7666666666666667,0.16666666666666666,0.0
CCTTGTGAGACAGCTG-1,0.13333333333333333,0.6,0.26666666666666666,0.0
CCTTGTGCAGATAAAC-1,0.03333333333333333,0.7666666666666667,0.16666666666666666,0.03333333333333333
CCTTGTGGTCAGTTTG-1,0.03333333333333333,0.7333333333333333,0.23333333333333334,0.0
CCTTGTGGTGTATTCG-1,0.06666666666666667,0.7333333333333333,0.2,0.0
CCTTGTGTCATTTGGG-1,0.1,0.8,0.1,0.0
CCTTGTGTCCATTGCC-1,0.1,0.7333333333333333,0.16666666666666666,0.0
CCTTGTGTCCTTCAGC-1,0.0,0.8333333333333334,0.16666666666666666,0.0
CCTTGTGTCCTTGAAG-1,0.06666666666666667,0.4666666666666667,0.4666666666666667,0.0
CCTTGTGTCGTTGTAG-1,0.06666666666666667,0.7333333333333333,0.2,0.0
CCTTTGGAGCTCCACG-1,0.03333333333333333,0.8333333333333334,0.13333333333333333,0.0
CCTTTGGAGGTACAGC-1,0.03333333333333333,0.6333333333333333,0.3333333333333333,0.0
CCTTTGGCAACCAACT-1,0.1,0.8333333333333334,0.06666666666666667,0.0
CCTTTGGCAAGACTGG-1,0.03333333333333333,0.6333333333333333,0.3333333333333333,0.0
CCTTTGGCATGGAACG-1,0.03333333333333333,0.8666666666666667,0.1,0.0
CCTTTGGGTCGAGTTT-1,0.06666666666666667,0.6,0.3333333333333333,0.0
CCTTTGGGTGCAGATG-1,0.13333333333333333,0.7333333333333333,0.13333333333333333,0.0
CCTTTGGGTGTTCATG-1,0.23333333333333334,0.7333333333333333,0.03333333333333333,0.0
CCTTTGGTCACGTAGT-1,0.06666666666666667,0.6,0.3333333333333333,0.0
CCTTTGGTCCTACTGC-1,0.13333333333333333,0.7333333333333333,0.13333333333333333,0.0
CCTTTGGTCGCAAGAG-1,0.06666666666666667,0.7333333333333333,0.2,0.0
CCTTTGGTCGCGTTTC-1,0.03333333333333333,0.6333333333333333,0.3333333333333333,0.0
CGAAGGAAGCATCTTG-1,0.1,0.5,0.4,0.0
CGAAGGAAGTCGAAAT-1,0.03333333333333333,0.8333333333333334,0.13333333333333333,0.0
CGAAGGACACCGAATT-1,0.06666666666666667,0.8,0.1,0.03333333333333333
CGAAGGACAGACCAAG-1,0.06666666666666667,0.5666666666666667,0.36666666666666664,0.0
CGAAGGAGTAACAGTA-1,0.03333333333333333,0.8666666666666667,0.1,0.0
CGAAGGAGTCGAAGCA-1,0.1,0.5666666666666667,0.3333333333333333,0.0
CGAAGGAGTGCATTAC-1,0.13333333333333333,0.8,0.06666666666666667,0.0
CGAAGTTAGCACCGTC-1,0.0,0.8333333333333334,0.16666666666666666,0.0
CGAAGTTAGGTTATAG-1,0.0,0.9666666666666667,0.03333333333333333,0.0
CGAAGTTAGTACAGCG-1,0.13333333333333333,0.6666666666666666,0.2,0.0
CGAAGTTCAAGGCCTC-1,0.03333333333333333,0.8,0.16666666666666666,0.0
CGAAGTTGTGCTTCAA-1,0.1,0.8333333333333334,0.06666666666666667,0.0
CGAAGTTGTTATGTGC-1,0.1,0.7,0.2,0.0
CGAATTGAGACGCAGT-1,0.03333333333333333,0.6666666666666666,0.3,0.0
CGAATTGAGGCACTAG-1,0.03333333333333333,0.7333333333333333,0.23333333333333334,0.0
CGAATTGCATCGCTGG-1,0.06666666666666667,0.7666666666666667,0.16666666666666666,0.0
CGAATTGGTTCGAGCC-1,0.13333333333333333,0.7666666666666667,0.1,0.0
CGAATTGTCCTACCAC-1,0.06666666666666667,0.8,0.13333333333333333,0.0
CGAATTGTCGACGCGT-1,0.06666666666666667,0.6666666666666666,0.26666666666666666,0.0
CGAATTGTCGCGTGAC-1,0.16666666666666666,0.7,0.13333333333333333,0.0
CGAATTGTCGCGTGCA-1,0.06666666666666667,0.8333333333333334,0.1,0.0
CGAATTGTCTATACTC-1,0.1,0.7,0.2,0.0
CGAATTGTCTGCGGGT-1,0.13333333333333333,0.8,0.06666666666666667,0.0
CGACAGCAGATGACAT-1,0.03333333333333333,0.8333333333333334,0.13333333333333333,0.0
CGACAGCCATATACCG-1,0.06666666666666667,0.9333333333333333,0.0,0.0
CGACAGCGTAACTAAG-1,0.2,0.3333333333333333,0.43333333333333335,0.03333333333333333
CGACAGCGTGTCCACG-1,0.06666666666666667,0.8333333333333334,0.1,0.0
CGACAGCGTTGTGCAT-1,0.06666666666666667,0.8,0.13333333333333333,0.0
CGACAGCTCCTACTGC-1,0.06666666666666667,0.6,0.3333333333333333,0.0
CGAGAAGAGGTCGTCC-1,0.0,0.8333333333333334,0.16666666666666666,0.0
CGAGAAGAGGTGGTTG-1,0.13333333333333333,0.6666666666666666,0.2,0.0
CGAGAAGCACATGAAA-1,0.03333333333333333,0.6666666666666666,0.3,0.0
CGAGAAGCACTTTATC-1,0.03333333333333333,0.43333333333333335,0.5333333333333333,0.0
CGAGAAGCAGGGCTTC-1,0.16666666666666666,0.7666666666666667,0.06666666666666667,0.0
CGAGAAGGTCCACTCT-1,0.1,0.9,0.0,0.0
CGAGAAGGTGGATCGA-1,0.03333333333333333,0.8666666666666667,0.1,0.0
CGAGAAGGTTTAGAGA-1,0.03333333333333333,0.8,0.16666666666666666,0.0
CGAGGAAAGAAACACT-1,0.1,0.6666666666666666,0.2,0.03333333333333333
CGAGGAAAGAGTGTTA-1,0.03333333333333333,0.8666666666666667,0.1,0.0
CGAGGAAAGCTAGTTC-1,0.06666666666666667,0.8666666666666667,0.06666666666666667,0.0
CGAGGAACACCTAAAC-1,0.06666666666666667,0.6666666666666666,0.26666666666666666,0.0
CGAGGAACACCTGAAT-1,0.06666666666666667,0.7,0.23333333333333334,0.0
CGAGGAAGTCACCCTT-1,0.06666666666666667,0.6666666666666666,0.26666666666666666,0.0
CGAGGAAGTGTGAATA-1,0.06666666666666667,0.9333333333333333,0.0,0.0
CGAGGAAGTTATGTCG-1,0.06666666666666667,0.6666666666666666,0.26666666666666666,0.0
CGAGGAATCACAATGC-1,0.06666666666666667,0.3333333333333333,0.6,0.0
CGAGGAATCTTGAACG-1,0.13333333333333333,0.7666666666666667,0.1,0.0
CGAGGCTAGAAGAACG-1,0.1,0.7333333333333333,0.16666666666666666,0.0
CGAGGCTAGACGCATG-1,0.23333333333333334,0.5,0.26666666666666666,0.0
CGAGGCTAGAGTCCGA-1,0.13333333333333333,0.7666666666666667,0.1,0.0
CGAGGCTCATGAAGGC-1,0.06666666666666667,0.8,0.13333333333333333,0.0
CGAGGCTCATGTCTAG-1,0.06666666666666667,0.9333333333333333,0.0,0.0
CGAGGCTGTAGGCAAC-1,0.06666666666666667,0.8333333333333334,0.1,0.0
CGAGGCTTCAGGTGTT-1,0.03333333333333333,0.6333333333333333,0.3333333333333333,0.0
CGAGTGCCACGACGTC-1,0.03333333333333333,0.5333333333333333,0.43333333333333335,0.0
CGAGTGCCAGATTCGT-1,0.03333333333333333,0.5,0.4666666666666667,0.0
CGAGTGCGTCTGTCCT-1,0.03333333333333333,0.7666666666666667,0.2,0.0
CGAGTGCTCACGAGGA-1,0.2,0.7,0.1,0.0
CGAGTTAAGACGATAT-1,0.1,0.6333333333333333,0.26666666666666666,0.0
CGAGTTAAGGACAACC-1,0.06666666666666667,0.7,0.23333333333333334,0.0
CGAGTTACAAGCAGGT-1,0.1,0.8333333333333334,0.06666666666666667,0.0
CGAGTTACACAAGCCC-1,0.1,0.7666666666666667,0.13333333333333333,0.0
CGAGTTACAGCTACTA-1,0.06666666666666667,0.4666666666666667,0.4666666666666667,0.0
CGAGTTACAGGATTCT-1,0.06666666666666667,0.7,0.23333333333333334,0.0
CGAGTTACAGTCGGTC-1,0.13333333333333333,0.8,0.06666666666666667,0.0
CGAGTTAGTACGAGCA-1,0.1,0.7,0.2,0.0
CGAGTTAGTCGATGCC-1,0.1,0.6333333333333333,0.26666666666666666,0.0
CGAGTTATCTGCTGAA-1,0.06666666666666667,0.8,0.13333333333333333,0.0
CGATCGGCAGCAGTCC-1,0.03333333333333333,0.8666666666666667,0.1,0.0
CGATCGGTCGCTAAAC-1,0.06666666666666667,0.5666666666666667,0.3333333333333333,0.03333333333333333
CGATGCGAGAGGTCGT-1,0.03333333333333333,0.6666666666666666,0.3,0.0
CGATGCGAGCTGAGTG-1,0.03333333333333333,0.9333333333333333,0.03333333333333333,0.0
CGATGCGCATACCGTA-1,0.1,0.8,0.1,0.0
CGATGCGGTAGTCTTG-1,0.06666666666666667,0.8333333333333334,0.1,0.0
CGATGCGGTTCGAAGG-1,0.03333333333333333,0.8,0.16666666666666666,0.0
CGATGCGTCGGTCATA-1,0.1,0.8,0.1,0.0
CGATGGCAGACGGATC-1,0.13333333333333333,0.7666666666666667,0.1,0.0
CGATGGCAGATGGTAT-1,0.03333333333333333,0.9,0.06666666666666667,0.0
CGATGGCAGCGATGGT-1,0.06666666666666667,0.7333333333333333,0.2,0.0
CGATGGCCAACGGCTC-1,0.16666666666666666,0.6666666666666666,0.16666666666666666,0.0
CGATGGCCAGGTTCCG-1,0.1,0.6,0.3,0.0
CGATGGCGTATCGCGC-1,0.1,0.5666666666666667,0.3333333333333333,0.0
CGATGGCTCGGCAGTC-1,0.1,0.8666666666666667,0.03333333333333333,0.0
CGCAGGTCAACACAGG-1,0.2,0.7,0.1,0.0
CGCAGGTCAGCCTACG-1,0.06666666666666667,0.8333333333333334,0.1,0.0
CGCAGGTGTACTTGTG-1,0.06666666666666667,0.7666666666666667,0.16666666666666666,0.0
CGCAGGTGTATCGCAT-1,0.06666666666666667,0.43333333333333335,0.5,0.0
CGCAGGTGTCACTCGG-1,0.13333333333333333,0.7,0.16666666666666666,0.0
CGCAGGTGTCGAACGA-1,0.06666666666666667,0.6,0.3333333333333333,0.0
CGCAGGTGTTCTCTAT-1,0.03333333333333333,0.7333333333333333,0.23333333333333334,0.0
CGCAGGTTCCATGAGT-1,0.13333333333333333,0.4666666666666667,0.4,0.0
CGCAGGTTCCGAGAAG-1,0.1,0.8,0.1,0.0
CGCATAAAGCATCAAA-1,0.1,0.6666666666666666,0.23333333333333334,0.0
CGCATAAAGGCCACCT-1,0.1,0.9,0.0,0.0
CGCATAACAATCCTTT-1,0.06666666666666667,0.9,0.03333333333333333,0.0
CGCATAACAATCGAAA-1,0.06666666666666667,0.6333333333333333,0.3,0.0
CGCATAACAGCGCGTT-1,0.03333333333333333,0.9333333333333333,0.03333333333333333,0.0
CGCATAACAGCTATAC-1,0.06666666666666667,0.8,0.13333333333333333,0.0
CGCATAAGTGTTATCG-1,0.13333333333333333,0.7666666666666667,0.1,0.0
CGCATAATCAGAGTGG-1,0.1,0.6333333333333333,0.26666666666666666,0.0
CGCATGGAGACACACG-1,0.1,0.6666666666666666,0.23333333333333334,0.0
CGCATGGAGAGTTGCG-1,0.13333333333333333,0.6333333333333333,0.23333333333333334,0.0
CGCATGGAGCTGGAGT-1,0.06666666666666667,0.8666666666666667,0.06666666666666667,0.0
CGCATGGAGGTTAAAC-1,0.06666666666666667,0.8,0.13333333333333333,0.0
CGCATGGCATCTCCCA-1,0.06666666666666667,0.6666666666666666,0.26666666666666666,0.0
CGCATGGGTAAGTTAG-1,0.03333333333333333,0.8666666666666667,0.1,0.0
CGCATGGGTGTAGTGG-1,0.1,0.6666666666666666,0.23333333333333334,0.0
CGCATGGGTTAAGACA-1,0.13333333333333333,0.7666666666666667,0.1,0.0
CGCCAGACACCGTGCA-1,0.03333333333333333,0.7,0.26666666666666666,0.0
CGCCAGAGTAGAATAC-1,0.13333333333333333,0.7333333333333333,0.13333333333333333,0.0
CGCCAGAGTATGCAAA-1,0.1,0.7,0.2,0.0
CGCCAGAGTATTTCGG-1,0.03333333333333333,0.8333333333333334,0.13333333333333333,0.0
CGCCAGAGTGAATGAT-1,0.06666666666666667,0.8666666666666667,0.06666666666666667,0.0
CGCCAGAGTTGCAACT-1,0.03333333333333333,0.9,0.06666666666666667,0.0
CGCCAGAGTTTACGAC-1,0.1,0.4666666666666667,0.43333333333333335,0.0
CGCCAGATCCATAGGT-1,0.03333333333333333,0.8666666666666667,0.1,0.0
CGCCATTAGACGGATC-1,0.13333333333333333,0.6333333333333333,0.23333333333333334,0.0
CGCCATTCAGAGTTGG-1,0.06666666666666667,0.8,0.13333333333333333,0.0
CGCGTGACAAGGTCGA-1,0.06666666666666667,0.8,0.13333333333333333,0.0
CGCGTGACACTTGACA-1,0.06666666666666667,0.9,0.03333333333333333,0.0
CGGAACCAGTTCGGTT-1,0.06666666666666667,0.8666666666666667,0.06666666666666667,0.0
CGGAACCCAACCAACT-1,0.1,0.8666666666666667,0.03333333333333333,0.0
CGGAACCCATGTAACC-1,0.1,0.8333333333333334,0.06666666666666667,0.0
CGGAACCGTGAAGCTG-1,0.1,0.7,0.2,0.0
CGGAACCTCCAATGCA-1,0.1,0.7666666666666667,0.13333333333333333,0.0
CGGAACCTCGGAATGG-1,0.13333333333333333,0.6666666666666666,0.2,0.0
CGGAACCTCTGTGTGA-1,0.06666666666666667,0.5666666666666667,0.36666666666666664,0.0
CGGAACCTCTTGAGCA-1,0.06666666666666667,0.7,0.23333333333333334,0.0
CGGAATTCATGTGTCA-1,0.13333333333333333,0.6666666666666666,0.2,0.0
CGGAATTTCGTGGACC-1,0.06666666666666667,0.8333333333333334,0.1,0.0
CGGAATTTCTCCGAGG-1,0.06666666666666667,0.7333333333333333,0.2,0.0
CGGACACAGCACTCAT-1,0.03333333333333333,0.8,0.16666666666666666,0.0
CGGACACAGTCGAGGT-1,0.2,0.6,0.2,0.0
CGGACACCAGCGATTT-1,0.1,0.8,0.1,0.0
CGGACACCATCCAATG-1,0.03333333333333333,0.5,0.4666666666666667,0.0
CGGACACGTTGTCAGT-1,0.13333333333333333,0.7333333333333333,0.13333333333333333,0.0
CGGACACTCGGTCTAA-1,0.1,0.6666666666666666,0.23333333333333334,0.0
CGGACACTCGTGAGAG-1,0.03333333333333333,0.8,0.16666666666666666,0.0
CGGACACTCTAAGCCA-1,0.03333333333333333,0.6666666666666666,0.3,0.0
CGGAGAAAGAATCCCT-1,0.03333333333333333,0.7,0.26666666666666666,0.0
CGGAGAAAGTGATAAC-1,0.0,0.6333333333333333,0.36666666666666664,0.0
CGGAGAATCTGTGCTC-1,0.1,0.6333333333333333,0.26666666666666666,0.0
CGGCAGTCACCAGCCA-1,0.06666666666666667,0.5,0.43333333333333335,0.0
CGGGACTAGCACTCCG-1,0.03333333333333333,0.8666666666666667,0.06666666666666667,0.03333333333333333
CGGGACTGTACACTCA-1,0.1,0.6333333333333333,0.26666666666666666,0.0
CGGGACTGTTAGGCTT-1,0.16666666666666666,0.7,0.13333333333333333,0.0
CGGGACTTCCGTGACG-1,0.06666666666666667,0.5666666666666667,0.36666666666666664,0.0
CGGGCATAGATCCCGC-1,0.1,0.6,0.3,0.0
CGGGCATAGGACAACC-1,0.13333333333333333,0.8,0.06666666666666667,0.0
CGGGCATCATACATCG-1,0.1,0.6,0.3,0.0
CGGGCATGTGGCATCC-1,0.03333333333333333,0.7333333333333333,0.23333333333333334,0.0
CGGGCATTCTTGGTCC-1,0.1,0.7,0.2,0.0
CGGGTCAAGCCGTTGC-1,0.06666666666666667,0.7,0.23333333333333334,0.0
CGGGTCAGTCAGTTTG-1,0.1,0.8666666666666667,0.03333333333333333,0.0
CGGGTCAGTCGGATTT-1,0.06666666666666667,0.8333333333333334,0.1,0.0
CGGGTCAGTCGTCAGC-1,0.1,0.8,0.1,0.0
CGGGTGTCAAGCACAG-1,0.1,0.7333333333333333,0.16666666666666666,0.0
CGGGTGTCACCTTCGT-1,0.1,0.7333333333333333,0.16666666666666666,0.0
CGGGTGTGTCATAAAG-1,0.03333333333333333,0.8333333333333334,0.13333333333333333,0.0
CGGGTGTGTCATTCCC-1,0.1,0.7666666666666667,0.13333333333333333,0.0
CGGGTGTGTCGGCCTA-1,0.06666666666666667,0.8333333333333334,0.1,0.0
CGGGTGTGTGCGGATA-1,0.06666666666666667,0.7333333333333333,0.2,0.0
CGGGTGTTCCGAACGC-1,0.13333333333333333,0.8666666666666667,0.0,0.0
CGGGTGTTCTTTCTAG-1,0.13333333333333333,0.8666666666666667,0.0,0.0
CGGTCAGAGTAAGCAT-1,0.13333333333333333,0.7,0.16666666666666666,0.0
CGGTCAGCAAGTGACG-1,0.13333333333333333,0.7,0.16666666666666666,0.0
CGGTCAGCAGCTTCCT-1,0.06666666666666667,0.6666666666666666,0.26666666666666666,0.0
CGGTCAGCATCGAACT-1,0.03333333333333333,0.8666666666666667,0.1,0.0
CGGTCAGCATTAGGCT-1,0.1,0.8666666666666667,0.03333333333333333,0.0
CGGTCAGGTAACCAGG-1,0.06666666666666667,0.7333333333333333,0.2,0.0
CGGTCAGGTCAATCTG-1,0.06666666666666667,0.7666666666666667,0.16666666666666666,0.0
CGGTCAGTCATGGAGG-1,0.2,0.7,0.1,0.0
CGGTCAGTCCATAGAC-1,0.1,0.5333333333333333,0.36666666666666664,0.0
CGGTCAGTCTGTCCGT-1,0.23333333333333334,0.7333333333333333,0.03333333333333333,0.0
CGTAAGTAGGAACGCT-1,0.03333333333333333,0.8666666666666667,0.1,0.0
CGTAAGTAGGTTCAGG-1,0.06666666666666667,0.7,0.23333333333333334,0.0
CGTAAGTCAGCCTACG-1,0.13333333333333333,0.5666666666666667,0.3,0.0
CGTAAGTTCATGGTAC-1,0.06666666666666667,0.4666666666666667,0.4666666666666667,0.0
CGTAAGTTCCATGATG-1,0.0,0.7666666666666667,0.23333333333333334,0.0
CGTAATGAGTCATCGT-1,0.06666666666666667,0.7666666666666667,0.16666666666666666,0.0
CGTAATGGTAAGCGGT-1,0.2,0.7,0.1,0.0
CGTAATGGTCTAGGCC-1,0.06666666666666667,0.9333333333333333,0.0,0.0
CGTAATGGTCTGCGCA-1,0.13333333333333333,0.7333333333333333,0.13333333333333333,0.0
CGTAATGGTGGCTGCT-1,0.1,0.6333333333333333,0.26666666666666666,0.0
CGTAATGTCAGTGCGC-1,0.13333333333333333,0.5,0.36666666666666664,0.0
CGTAATGTCTGAGGCC-1,0.13333333333333333,0.7,0.16666666666666666,0.0
CGTAGTAGTTCTTGCC-1,0.16666666666666666,0.7,0.13333333333333333,0.0
CGTAGTATCAACCCGG-1,0.1,0.6333333333333333,0.23333333333333334,0.03333333333333333
CGTAGTATCACTCCGT-1,0.06666666666666667,0.7,0.23333333333333334,0.0
CGTAGTATCCTCCACA-1,0.16666666666666666,0.7666666666666667,0.06666666666666667,0.0
CGTAGTATCGGTGAAG-1,0.16666666666666666,0.5666666666666667,0.26666666666666666,0.0
CGTAGTATCTCCTGAC-1,0.06666666666666667,0.7666666666666667,0.16666666666666666,0.0
CGTCAAAAGTCCTGCG-1,0.03333333333333333,0.8,0.16666666666666666,0.0
CGTCAAACACAAGCTT-1,0.06666666666666667,0.6666666666666666,0.26666666666666666,0.0
CGTCAAACACCAGCGT-1,0.1,0.7,0.2,0.0
CGTCAAAGTACACGTT-1,0.03333333333333333,0.8333333333333334,0.13333333333333333,0.0
CGTCAAAGTGAATGTA-1,0.13333333333333333,0.7,0.16666666666666666,0.0
CGTCAAAGTTTCGTAG-1,0.13333333333333333,0.5333333333333333,0.3333333333333333,0.0
CGTCAAATCGTTCAGA-1,0.1,0.7333333333333333,0.16666666666666666,0.0
CGTCCATCATCGTCCT-1,0.13333333333333333,0.7,0.16666666666666666,0.0
CGTCCATGTTCCTAGA-1,0.06666666666666667,0.7666666666666667,0.16666666666666666,0.0
CGTCCATTCACCTTAT-1,0.03333333333333333,0.7666666666666667,0.2,0.0
CGTCCATTCAGTCATG-1,0.03333333333333333,0.4666666666666667,0.5,0.0
CGTCCATTCCGAGGCT-1,0.03333333333333333,0.7666666666666667,0.2,0.0
CGTGAATAGACAGCTG-1,0.0,0.8333333333333334,0.16666666666666666,0.0
CGTGAATAGCAGATAT-1,0.03333333333333333,0.7,0.26666666666666666,0.0
CGTGAATAGTTTCAGC-1,0.06666666666666667,0.6333333333333333,0.3,0.0
CGTGAATCAAGGCCTC-1,0.03333333333333333,0.7333333333333333,0.23333333333333334,0.0
CGTGAATCACGCGTGT-1,0.1,0.6333333333333333,0.26666666666666666,0.0
CGTGAATGTACAGAAT-1,0.06666666666666667,0.6333333333333333,0.3,0.0
CGTGAATGTACGAGTG-1,0.13333333333333333,0.8333333333333334,0.03333333333333333,0.0
CGTGAATGTCTACGTA-1,0.1,0.6333333333333333,0.26666666666666666,0.0
CGTGATAAGATAACGT-1,0.06666666666666667,0.9,0.03333333333333333,0.0
CGTGATAAGTATTAGG-1,0.06666666666666667,0.9,0.03333333333333333,0.0
CGTGATACACATAACC-1,0.03333333333333333,0.6333333333333333,0.3333333333333333,0.0
CGTGATACATCGATGT-1,0.03333333333333333,0.6,0.36666666666666664,0.0
CGTGATATCCCGAACG-1,0.1,0.6666666666666666,0.23333333333333334,0.0
CGTGCTTAGCTGAGCA-1,0.1,0.7,0.2,0.0
CGTGCTTAGTGGCGAT-1,0.03333333333333333,0.7,0.26666666666666666,0.0
CGTGCTTCAATCAAGA-1,0.1,0.8333333333333334,0.06666666666666667,0.0
CGTGCTTCACTGTTCC-1,0.03333333333333333,0.8333333333333334,0.13333333333333333,0.0
CGTGCTTCATGGCGCT-1,0.1,0.8333333333333334,0.06666666666666667,0.0
CGTGCTTGTCCCGCAA-1,0.06666666666666667,0.5666666666666667,0.36666666666666664,0.0
CGTGCTTGTGAATGTA-1,0.1,0.8666666666666667,0.03333333333333333,0.0
CGTGCTTGTGACCTGC-1,0.13333333333333333,0.6,0.26666666666666666,0.0
CGTGCTTTCCATCCGT-1,0.03333333333333333,0.8,0.16666666666666666,0.0
CGTGTCTCAAGTGGTG-1,0.03333333333333333,0.6333333333333333,0.3333333333333333,0.0
CGTGTCTTCCAAAGGG-1,0.06666666666666667,0.7333333333333333,0.2,0.0
CGTGTCTTCGCGCTGA-1,0.1,0.7333333333333333,0.16666666666666666,0.0
CGTTAGAAGCAATAGT-1,0.06666666666666667,0.8666666666666667,0.06666666666666667,0.0
CGTTAGAGTAGACTGG-1,0.03333333333333333,0.9,0.06666666666666667,0.0
CGTTAGAGTCCTTGTC-1,0.06666666666666667,0.8333333333333334,0.1,0.0
CGTTAGAGTGCCCAGT-1,0.1,0.8666666666666667,0.03333333333333333,0.0
CGTTAGAGTTGGAGGT-1,0.03333333333333333,0.8666666666666667,0.1,0.0
CGTTAGATCAAGAGGC-1,0.03333333333333333,0.6666666666666666,0.3,0.0
CGTTAGATCCGGGACT-1,0.16666666666666666,0.8,0.03333333333333333,0.0
CGTTAGATCCTCGCAT-1,0.2,0.7666666666666667,0.03333333333333333,0.0
CGTTCTGAGACCATAA-1,0.1,0.7666666666666667,0.13333333333333333,0.0
CGTTCTGAGTCAGCGA-1,0.2,0.7,0.1,0.0
CGTTCTGGTGCTGCAC-1,0.03333333333333333,0.6666666666666666,0.3,0.0
CGTTCTGTCATCCTAT-1,0.03333333333333333,0.8333333333333334,0.13333333333333333,0.0
CGTTCTGTCCTAGCGG-1,0.03333333333333333,0.6666666666666666,0.3,0.0
CGTTCTGTCGTGGTAT-1,0.03333333333333333,0.9666666666666667,0.0,0.0
CGTTGGGAGACCTGGA-1,0.03333333333333333,0.7,0.23333333333333334,0.03333333333333333
CGTTGGGAGACTCCGC-1,0.1,0.6,0.3,0.0
CGTTGGGCACTTTAGG-1,0.16666666666666666,0.7333333333333333,0.1,0.0
CGTTGGGGTTCGTTCC-1,0.13333333333333333,0.7333333333333333,0.13333333333333333,0.0
CGTTGGGTCCAGTACA-1,0.03333333333333333,0.7,0.26666666666666666,0.0
CGTTGGGTCGGCTATA-1,0.2,0.6,0.2,0.0
CTAACCCAGCTCTTCC-1,0.13333333333333333,0.5,0.36666666666666664,0.0
CTAACCCCACGTGTGC-1,0.06666666666666667,0.5333333333333333,0.4,0.0
CTAACCCCACTATCCC-1,0.23333333333333334,0.7333333333333333,0.0,0.03333333333333333
CTAACCCGTATACCTG-1,0.03333333333333333,0.7333333333333333,0.23333333333333334,0.0
CTAACCCTCGACGATT-1,0.0,0.5666666666666667,0.43333333333333335,0.0
CTAACTTAGAAGTATC-1,0.06666666666666667,0.7,0.23333333333333334,0.0
CTAACTTAGTCCTACA-1,0.13333333333333333,0.6666666666666666,0.2,0.0
CTAACTTAGTCTGTAC-1,0.03333333333333333,0.6666666666666666,0.3,0.0
CTAACTTCATTATGCG-1,0.03333333333333333,0.7,0.26666666666666666,0.0
CTAACTTGTAAGCGGT-1,0.03333333333333333,0.9333333333333333,0.03333333333333333,0.0
CTAACTTGTAGCCCTG-1,0.16666666666666666,0.7333333333333333,0.06666666666666667,0.03333333333333333
CTAACTTGTGTTGACT-1,0.1,0.7,0.2,0.0
CTAACTTGTTAGGGTG-1,0.03333333333333333,0.43333333333333335,0.5333333333333333,0.0
CTAAGTGAGGTGTGAC-1,0.13333333333333333,0.8,0.06666666666666667,0.0
CTAAGTGAGTGAGCCA-1,0.13333333333333333,0.8333333333333334,0.03333333333333333,0.0
CTAAGTGCACGCGGTT-1,0.03333333333333333,0.7666666666666667,0.2,0.0
CTAAGTGTCACGGGCT-1,0.06666666666666667,0.6333333333333333,0.3,0.0
CTACAGAAGGAGATAG-1,0.06666666666666667,0.6333333333333333,0.3,0.0
CTACAGAAGGTTTACC-1,0.06666666666666667,0.5666666666666667,0.36666666666666664,0.0
CTACAGAAGTGAATAC-1,0.03333333333333333,0.8666666666666667,0.1,0.0
CTACAGACAACGGTAG-1,0.0,0.8333333333333334,0.16666666666666666,0.0
CTACAGACACCGTCGA-1,0.1,0.6666666666666666,0.23333333333333334,0.0
CTACAGACAGAACCGA-1,0.03333333333333333,0.9333333333333333,0.03333333333333333,0.0
CTACAGACATTGTGCA-1,0.06666666666666667,0.7333333333333333,0.2,0.0
CTACAGATCCGTGGTG-1,0.06666666666666667,0.7,0.23333333333333334,0.0
CTACATTAGTCCGCCA-1,0.13333333333333333,0.8,0.06666666666666667,0.0
CTACATTCACTGGATT-1,0.1,0.5333333333333333,0.36666666666666664,0.0
CTACATTGTCGTATTG-1,0.03333333333333333,0.7,0.26666666666666666,0.0
CTACATTGTTGCCATA-1,0.1,0.43333333333333335,0.4666666666666667,0.0
CTACCCAAGAGATTCA-1,0.06666666666666667,0.8,0.13333333333333333,0.0
CTACCCAAGGTATTGA-1,0.06666666666666667,0.7333333333333333,0.2,0.0
CTACCCAGTCTCTCTG-1,0.23333333333333334,0.7333333333333333,0.03333333333333333,0.0
CTACCCATCTCATGGA-1,0.1,0.6333333333333333,0.26666666666666666,0.0
CTACCTGAGACCGTTT-1,0.06666666666666667,0.43333333333333335,0.5,0.0
CTACCTGAGACGCCAA-1,0.06666666666666667,0.6,0.3333333333333333,0.0
CTACCTGAGCCTCCAG-1,0.1,0.4666666666666667,0.43333333333333335,0.0
CTACCTGCACCAGACC-1,0.06666666666666667,0.7,0.23333333333333334,0.0
CTACCTGCATACCAGT-1,0.06666666666666667,0.4666666666666667,0.4666666666666667,0.0
CTACCTGTCCGGTTCT-1,0.03333333333333333,0.7666666666666667,0.2,0.0
CTACCTGTCTCGACCT-1,0.06666666666666667,0.7666666666666667,0.16666666666666666,0.0
CTACGGGCACAAAGTA-1,0.06666666666666667,0.9,0.03333333333333333,0.0
CTACGGGGTCGATTCA-1,0.03333333333333333,0.6666666666666666,0.3,0.0
CTACGGGGTTGGAGGT-1,0.06666666666666667,0.8666666666666667,0.06666666666666667,0.0
CTACTATAGAAGGCTC-1,0.1,0.8666666666666667,0.03333333333333333,0.0
CTACTATCAACAGAGC-1,0.1,0.7666666666666667,0.13333333333333333,0.0
CTACTATCAATACGAA-1,0.03333333333333333,0.6666666666666666,0.3,0.0
CTACTATCATTATGCG-1,0.06666666666666667,0.7666666666666667,0.16666666666666666,0.0
CTACTATGTAGCTCGC-1,0.06666666666666667,0.6333333333333333,0.3,0.0
CTACTATGTCAAGCCC-1,0.16666666666666666,0.7,0.13333333333333333,0.0
CTACTATGTTCCCAAA-1,0.06666666666666667,0.7,0.23333333333333334,0.0
CTACTATGTTGGTGTT-1,0.1,0.6,0.3,0.0
CTACTATGTTTCACAG-1,0.1,0.6333333333333333,0.26666666666666666,0.0
CTACTATTCACCTCTG-1,0.06666666666666667,0.8,0.13333333333333333,0.0
CTACTATTCCCGTGTT-1,0.06666666666666667,0.5666666666666667,0.36666666666666664,0.0
CTACTATTCCGGTAAT-1,0.06666666666666667,0.8,0.1,0.03333333333333333
CTACTATTCCTTATGT-1,0.13333333333333333,0.8,0.06666666666666667,0.0
CTACTATTCTCCTACG-1,0.06666666666666667,0.8,0.13333333333333333,0.0
CTAGACACAAAGCACG-1,0.03333333333333333,0.8,0.16666666666666666,0.0
CTAGACATCCTAGCCT-1,0.06666666666666667,0.7,0.23333333333333334,0.0
CTAGACATCGAGTGAG-1,0.06666666666666667,0.5,0.43333333333333335,0.0
CTAGGTAAGTAATTGG-1,0.06666666666666667,0.7666666666666667,0.16666666666666666,0.0
CTAGGTACAAAGTATG-1,0.16666666666666666,0.7,0.13333333333333333,0.0
CTAGGTAGTTATCCAG-1,0.2,0.7,0.1,0.0
CTAGGTATCAAGCCTA-1,0.13333333333333333,0.6666666666666666,0.16666666666666666,0.03333333333333333
CTAGGTATCGGTTGTA-1,0.03333333333333333,0.7,0.26666666666666666,0.0
CTAGGTATCGTTGCCT-1,0.03333333333333333,0.43333333333333335,0.5333333333333333,0.0
CTAGGTATCTACAGGT-1,0.06666666666666667,0.7,0.23333333333333334,0.0
CTAGGTATCTAGTGAC-1,0.03333333333333333,0.5333333333333333,0.43333333333333335,0.0
CTATAGGAGGCCATAG-1,0.1,0.6,0.3,0.0
CTATAGGCAAAGCACG-1,0.06666666666666667,0.6,0.3333333333333333,0.0
CTATAGGCAACGTAAA-1,0.2,0.6666666666666666,0.13333333333333333,0.0
CTATAGGCACGTAGAG-1,0.03333333333333333,0.8,0.16666666666666666,0.0
CTATAGGCACGTTCGG-1,0.1,0.7666666666666667,0.13333333333333333,0.0
CTATAGGCAGGCTATT-1,0.06666666666666667,0.7666666666666667,0.16666666666666666,0.0
CTATCCGAGATTAGCA-1,0.03333333333333333,0.5333333333333333,0.43333333333333335,0.0
CTATCCGAGTTCACTG-1,0.06666666666666667,0.7333333333333333,0.2,0.0
CTATCCGGTGAGACGT-1,0.03333333333333333,0.9,0.06666666666666667,0.0
CTATCCGGTGTCATCA-1,0.03333333333333333,0.8,0.16666666666666666,0.0
CTATCCGTCCACAGCG-1,0.1,0.6,0.3,0.0
CTATCCGTCGTTCATT-1,0.1,0.9,0.0,0.0
CTATCCGTCTACACTT-1,0.1,0.8,0.1,0.0
CTATCTAAGCTAATGA-1,0.2,0.5666666666666667,0.23333333333333334,0.0
CTATCTAAGGTTACCT-1,0.16666666666666666,0.4666666666666667,0.36666666666666664,0.0
CTATCTAAGTATCCTG-1,0.1,0.5666666666666667,0.3333333333333333,0.0
CTATCTAGTAGTTACC-1,0.1,0.8666666666666667,0.03333333333333333,0.0
CTATCTAGTCAAAGTA-1,0.03333333333333333,0.8333333333333334,0.13333333333333333,0.0
CTATCTATCGTTGCCT-1,0.16666666666666666,0.6,0.23333333333333334,0.0
CTCAACCAGACGACTG-1,0.06666666666666667,0.9,0.03333333333333333,0.0
CTCAACCAGCAAATCA-1,0.06666666666666667,0.8333333333333334,0.1,0.0
CTCAACCAGCGGGTTA-1,0.16666666666666666,0.7666666666666667,0.06666666666666667,0.0
CTCAACCCACTCGATA-1,0.1,0.4666666666666667,0.43333333333333335,0.0
CTCAACCCATCCAATG-1,0.0,0.7666666666666667,0.23333333333333334,0.0
CTCAACCGTCCGGCAT-1,0.13333333333333333,0.6333333333333333,0.23333333333333334,0.0
CTCAACCTCCATCACC-1,0.06666666666666667,0.8666666666666667,0.06666666666666667,0.0
CTCAACCTCTGTGTGA-1,0.1,0.7,0.2,0.0
CTCAAGAAGACCTGGA-1,0.1,0.7333333333333333,0.16666666666666666,0.0
CTCAAGAAGGCTCACC-1,0.13333333333333333,0.6333333333333333,0.23333333333333334,0.0
CTCAAGAAGTAAGAGG-1,0.06666666666666667,0.6666666666666666,0.26666666666666666,0.0
CTCAAGAAGTCCCTAA-1,0.06666666666666667,0.8,0.13333333333333333,0.0
CTCAAGACATGGCCCA-1,0.16666666666666666,0.7333333333333333,0.1,0.0
CTCAAGACATTGCCTC-1,0.2,0.6,0.2,0.0
CTCAAGAGTGTCATTG-1,0.1,0.7333333333333333,0.16666666666666666,0.0
CTCAATTAGCTGAGCA-1,0.13333333333333333,0.7666666666666667,0.1,0.0
CTCAATTCAACAAGAT-1,0.1,0.8,0.1,0.0
CTCAATTGTTTACGAC-1,0.1,0.6333333333333333,0.26666666666666666,0.0
CTCAATTTCGCCGTGA-1,0.06666666666666667,0.5666666666666667,0.36666666666666664,0.0
CTCAATTTCTTCCACG-1,0.2,0.7333333333333333,0.06666666666666667,0.0
CTCACTGAGTGATAAC-1,0.06666666666666667,0.6666666666666666,0.26666666666666666,0.0
CTCACTGCAAGTTCCA-1,0.1,0.7,0.2,0.0
CTCACTGCAGCGTTGC-1,0.16666666666666666,0.6,0.23333333333333334,0.0
CTCACTGCATACAGGG-1,0.06666666666666667,0.6333333333333333,0.3,0.0
CTCACTGGTTCCTAGA-1,0.13333333333333333,0.7333333333333333,0.13333333333333333,0.0
CTCACTGTCAAACTGC-1,0.16666666666666666,0.6333333333333333,0.2,0.0
CTCACTGTCCAGTTCC-1,0.1,0.8333333333333334,0.06666666666666667,0.0
CTCAGAAAGATCCCAT-1,0.03333333333333333,0.8666666666666667,0.1,0.0
CTCAGAAAGCGACTGA-1,0.1,0.7,0.2,0.0
CTCAGAAAGTTGCTGT-1,0.06666666666666667,0.8333333333333334,0.1,0.0
CTCAGAACACAGCCAC-1,0.1,0.6333333333333333,0.26666666666666666,0.0
CTCAGAACAGGCGAAT-1,0.1,0.8,0.1,0.0
CTCAGAAGTCTTCATT-1,0.1,0.36666666666666664,0.5333333333333333,0.0
CTCAGAATCAATGTCG-1,0.06666666666666667,0.8666666666666667,0.06666666666666667,0.0
CTCAGAATCAGATGCT-1,0.03333333333333333,0.6,0.36666666666666664,0.0
CTCAGAATCAGTGTTG-1,0.03333333333333333,0.9333333333333333,0.03333333333333333,0.0
CTCAGAATCTCTATAC-1,0.06666666666666667,0.8666666666666667,0.06666666666666667,0.0
CTCAGGGAGATACCAA-1,0.1,0.6666666666666666,0.23333333333333334,0.0
CTCAGGGCACTGTGAT-1,0.16666666666666666,0.5666666666666667,0.26666666666666666,0.0
CTCAGGGCAGGCACTC-1,0.13333333333333333,0.7,0.16666666666666666,0.0
CTCAGGGGTAGTGGCA-1,0.03333333333333333,0.5666666666666667,0.4,0.0
CTCAGGGTCATACAGC-1,0.1,0.7333333333333333,0.16666666666666666,0.0
CTCAGGGTCTCGGTAA-1,0.06666666666666667,0.8666666666666667,0.06666666666666667,0.0
CTCAGGGTCTGTAACG-1,0.06666666666666667,0.8666666666666667,0.06666666666666667,0.0
CTCAGGGTCTTCCAGC-1,0.06666666666666667,0.7,0.23333333333333334,0.0
CTCAGTCCAAGTATCC-1,0.16666666666666666,0.5,0.3333333333333333,0.0
CTCAGTCCACATCATG-1,0.16666666666666666,0.5666666666666667,0.26666666666666666,0.0
CTCAGTCGTAGCTTAC-1,0.06666666666666667,0.7666666666666667,0.16666666666666666,0.0
CTCAGTCTCAACTGGT-1,0.06666666666666667,0.9,0.03333333333333333,0.0
CTCATCGCAATCCTAG-1,0.03333333333333333,0.4666666666666667,0.5,0.0
CTCATCGCAATTTCGG-1,0.0,0.8333333333333334,0.16666666666666666,0.0
CTCATCGGTCGGTAAG-1,0.1,0.5666666666666667,0.3333333333333333,0.0
CTCATCGGTTCTCAGA-1,0.06666666666666667,0.7333333333333333,0.2,0.0
CTCATCGTCATGAGGG-1,0.13333333333333333,0.7,0.16666666666666666,0.0
CTCATCGTCATGGTAC-1,0.1,0.7,0.2,0.0
CTCATCGTCCAGTGTA-1,0.1,0.8666666666666667,0.03333333333333333,0.0
CTCATCGTCTGGTTGA-1,0.1,0.7,0.2,0.0
CTCATGCAGCACTCGC-1,0.1,0.8,0.1,0.0
CTCATGCAGTCGAGGT-1,0.03333333333333333,0.8,0.16666666666666666,0.0
CTCATGCCAAGTGCAG-1,0.1,0.5333333333333333,0.36666666666666664,0.0
CTCATGCTCACGGGCT-1,0.16666666666666666,0.6333333333333333,0.2,0.0
CTCATGCTCTTCCCGA-1,0.13333333333333333,0.7666666666666667,0.1,0.0
CTCATTAAGCATTTCG-1,0.03333333333333333,0.8,0.16666666666666666,0.0
CTCATTAAGTGACCTT-1,0.06666666666666667,0.8,0.13333333333333333,0.0
CTCATTACAGTGGGTA-1,0.1,0.7333333333333333,0.16666666666666666,0.0
CTCATTAGTTTCGGCG-1,0.06666666666666667,0.7333333333333333,0.2,0.0
CTCATTATCTGGGCAC-1,0.1,0.8333333333333334,0.06666666666666667,0.0
CTCCAACAGAAACTGT-1,0.1,0.7,0.2,0.0
CTCCAACCAACAGCCC-1,0.13333333333333333,0.6333333333333333,0.23333333333333334,0.0
CTCCAACCACCAGGTC-1,0.03333333333333333,0.6,0.36666666666666664,0.0
CTCCAACCACCAGTTA-1,0.2,0.6666666666666666,0.13333333333333333,0.0
CTCCAACCACGCCAGT-1,0.13333333333333333,0.5,0.36666666666666664,0.0
CTCCAACGTCACTTAG-1,0.0,0.9666666666666667,0.03333333333333333,0.0
CTCCAACTCATGGAGG-1,0.13333333333333333,0.7333333333333333,0.13333333333333333,0.0
CTCCAACTCTCTGCTG-1,0.13333333333333333,0.7666666666666667,0.1,0.0
CTCCACAAGTCATTGC-1,0.06666666666666667,0.43333333333333335,0.5,0.0
CTCCACACAATTGAAG-1,0.1,0.6,0.3,0.0
CTCCACACAGCGAACA-1,0.06666666666666667,0.8,0.13333333333333333,0.0
CTCCACACATGAAAGT-1,0.16666666666666666,0.6666666666666666,0.16666666666666666,0.0
CTCCACAGTATCAGGG-1,0.1,0.7333333333333333,0.16666666666666666,0.0
CTCCACAGTCAGGAGT-1,0.03333333333333333,0.8,0.16666666666666666,0.0
CTCCACAGTGATTCAC-1,0.06666666666666667,0.6666666666666666,0.26666666666666666,0.0
CTCCACATCTAGGCCG-1,0.16666666666666666,0.7666666666666667,0.06666666666666667,0.0
CTCCATGAGGCCTTCG-1,0.06666666666666667,0.7333333333333333,0.2,0.0
CTCCATGAGTGAGGCT-1,0.06666666666666667,0.7666666666666667,0.16666666666666666,0.0
CTCCATGCAGAACTTC-1,0.06666666666666667,0.7333333333333333,0.2,0.0
CTCCATGCAGTTAGAA-1,0.13333333333333333,0.6,0.26666666666666666,0.0
CTCCATGGTAGCTTAC-1,0.03333333333333333,0.8333333333333334,0.13333333333333333,0.0
CTCCATGTCCATCTGC-1,0.03333333333333333,0.9666666666666667,0.0,0.0
CTCCCAAAGAATCCCT-1,0.06666666666666667,0.5333333333333333,0.4,0.0
CTCCCAAAGTTCGGTT-1,0.1,0.6333333333333333,0.26666666666666666,0.0
CTCCCAATCAGGAACG-1,0.06666666666666667,0.8,0.13333333333333333,0.0
CTCCCAATCCTGTAAG-1,0.03333333333333333,0.6,0.36666666666666664,0.0
CTCCCAATCGGTCATA-1,0.1,0.6,0.3,0.0
CTCCCAATCTAGCATG-1,0.16666666666666666,0.5333333333333333,0.3,0.0
CTCCCTCAGGACTGGT-1,0.03333333333333333,0.7666666666666667,0.2,0.0
CTCCCTCAGGGCAAGG-1,0.06666666666666667,0.8333333333333334,0.1,0.0
CTCCCTCCAATTGCAC-1,0.06666666666666667,0.8,0.13333333333333333,0.0
CTCCCTCCAGATCCAT-1,0.1,0.5333333333333333,0.36666666666666664,0.0
CTCCCTCCATGAAGGC-1,0.06666666666666667,0.6,0.3333333333333333,0.0
CTCCCTCGTCTACGAT-1,0.03333333333333333,0.6333333333333333,0.3333333333333333,0.0
CTCCCTCTCAAGCCAT-1,0.13333333333333333,0.6,0.26666666666666666,0.0
CTCCCTCTCATCTCTA-1,0.13333333333333333,0.6,0.26666666666666666,0.0
CTCCCTCTCGCCATAA-1,0.03333333333333333,0.6,0.36666666666666664,0.0
CTCCCTCTCGTGTCAA-1,0.1,0.6333333333333333,0.26666666666666666,0.0
CTCCCTCTCTGTCCCA-1,0.13333333333333333,0.7333333333333333,0.13333333333333333,0.0
CTCCGATAGCAGAAAG-1,0.0,0.9333333333333333,0.06666666666666667,0.0
CTCCGATAGCCAAGCA-1,0.03333333333333333,0.8666666666666667,0.1,0.0
CTCCGATAGCCGAATG-1,0.13333333333333333,0.8333333333333334,0.03333333333333333,0.0
CTCCGATAGCTGACTT-1,0.03333333333333333,0.7333333333333333,0.23333333333333334,0.0
CTCCGATCACGTCATA-1,0.06666666666666667,0.7,0.23333333333333334,0.0
CTCCGATCATCGCTCT-1,0.06666666666666667,0.5333333333333333,0.4,0.0
CTCCGATCATCGGCCA-1,0.03333333333333333,0.5666666666666667,0.4,0.0
CTCCGATCATGACTTG-1,0.06666666666666667,0.8333333333333334,0.1,0.0
CTCCGATGTCACTAGT-1,0.13333333333333333,0.7666666666666667,0.1,0.0
CTCCGATGTTAAGACA-1,0.1,0.8,0.1,0.0
CTCCGATTCCCAAGTA-1,0.16666666666666666,0.7666666666666667,0.06666666666666667,0.0
CTCCTCCCAGGACAGT-1,0.06666666666666667,0.7666666666666667,0.16666666666666666,0.0
CTCCTCCGTATAGGAT-1,0.16666666666666666,0.7,0.13333333333333333,0.0
CTCCTCCGTCATCTAG-1,0.03333333333333333,0.9333333333333333,0.03333333333333333,0.0
CTCCTCCGTGACCGTC-1,0.16666666666666666,0.7,0.13333333333333333,0.0
CTCCTCCTCAAGGACG-1,0.13333333333333333,0.6666666666666666,0.2,0.0
CTCCTCCTCGCATAGT-1,0.03333333333333333,0.5333333333333333,0.43333333333333335,0.0
CTCCTCCTCTGGACCG-1,0.06666666666666667,0.7,0.23333333333333334,0.0
CTCCTCCTCTGTACAG-1,0.1,0.6333333333333333,0.26666666666666666,0.0
CTCCTTTAGGCTCTCG-1,0.1,0.6,0.3,0.0
CTCCTTTCAGACAAAT-1,0.06666666666666667,0.7666666666666667,0.16666666666666666,0.0
CTCCTTTTCCTTCTGG-1,0.03333333333333333,0.7333333333333333,0.23333333333333334,0.0
CTCGAGGAGCAACAAT-1,0.06666666666666667,0.6666666666666666,0.26666666666666666,0.0
CTCGAGGAGGCTTCCG-1,0.03333333333333333,0.6666666666666666,0.3,0.0
CTCGAGGCAATTTCCT-1,0.06666666666666667,0.7666666666666667,0.16666666666666666,0.0
CTCTCAGAGGAAAGTG-1,0.06666666666666667,0.5333333333333333,0.4,0.0
CTCTCAGCAGCCGTCA-1,0.16666666666666666,0.5666666666666667,0.26666666666666666,0.0
CTCTCAGTCCATAGAC-1,0.03333333333333333,0.4,0.5666666666666667,0.0
CTCTCGAAGAGATGCC-1,0.1,0.7666666666666667,0.13333333333333333,0.0
CTCTCGAAGAGGGTAA-1,0.1,0.7666666666666667,0.13333333333333333,0.0
CTCTCGAAGCGCCCAT-1,0.03333333333333333,0.7333333333333333,0.23333333333333334,0.0
CTCTCGAAGGATTTCC-1,0.06666666666666667,0.8,0.13333333333333333,0.0
CTCTCGACAATGGCCC-1,0.06666666666666667,0.8,0.13333333333333333,0.0
CTCTCGACACGGGCTT-1,0.06666666666666667,0.5666666666666667,0.3333333333333333,0.03333333333333333
CTCTGGTAGCACACAG-1,0.16666666666666666,0.6333333333333333,0.2,0.0
CTCTGGTAGTCGCCAC-1,0.03333333333333333,0.8,0.16666666666666666,0.0
CTCTGGTCAAGCGAAC-1,0.0,0.9333333333333333,0.06666666666666667,0.0
CTCTGGTCACCGTGGT-1,0.06666666666666667,0.7333333333333333,0.2,0.0
CTCTGGTCAGGGACTA-1,0.06666666666666667,0.4666666666666667,0.4666666666666667,0.0
CTCTGGTGTAAGTCAA-1,0.13333333333333333,0.7666666666666667,0.1,0.0
CTCTGGTTCCTGGGAC-1,0.23333333333333334,0.6666666666666666,0.1,0.0
CTCTGGTTCTCTCTTC-1,0.03333333333333333,0.5333333333333333,0.43333333333333335,0.0
CTCTGGTTCTGTGCTC-1,0.1,0.7,0.2,0.0
CTGAATGAGACGAGCT-1,0.03333333333333333,0.9666666666666667,0.0,0.0
CTGAATGCAAGTATCC-1,0.06666666666666667,0.8,0.13333333333333333,0.0
CTGAATGGTATCATGC-1,0.06666666666666667,0.7666666666666667,0.13333333333333333,0.03333333333333333
CTGAATGGTCGCTGCA-1,0.0,0.7666666666666667,0.23333333333333334,0.0
CTGAATGGTTGAAGTA-1,0.03333333333333333,0.9333333333333333,0.03333333333333333,0.0
CTGAATGTCAACCTTT-1,0.06666666666666667,0.4,0.5333333333333333,0.0
CTGAATGTCACTGGGC-1,0.03333333333333333,0.8666666666666667,0.1,0.0
CTGAATGTCAGTCAGT-1,0.16666666666666666,0.8,0.03333333333333333,0.0
CTGAGCGAGATAACGT-1,0.1,0.8,0.1,0.0
CTGAGCGAGGATACGC-1,0.06666666666666667,0.8666666666666667,0.06666666666666667,0.0
CTGAGCGCAGCCCACA-1,0.06666666666666667,0.9333333333333333,0.0,0.0
CTGAGCGGTAATACCC-1,0.16666666666666666,0.6666666666666666,0.16666666666666666,0.0
CTGAGCGGTCACCACG-1,0.0,0.8666666666666667,0.13333333333333333,0.0
CTGAGCGGTGCATTAC-1,0.03333333333333333,0.7333333333333333,0.23333333333333334,0.0
CTGAGCGTCATACGAC-1,0.03333333333333333,0.6333333333333333,0.3333333333333333,0.0
CTGAGCGTCTTCCGTG-1,0.06666666666666667,0.7,0.23333333333333334,0.0
CTGAGGCAGCAAGCCA-1,0.03333333333333333,0.8666666666666667,0.1,0.0
CTGAGGCAGGATTTCC-1,0.1,0.6666666666666666,0.23333333333333334,0.0
CTGAGGCCAATTGTGC-1,0.1,0.8,0.1,0.0
CTGAGGCCACATATGC-1,0.03333333333333333,0.8666666666666667,0.1,0.0
CTGAGGCCACTGCATA-1,0.06666666666666667,0.6,0.3333333333333333,0.0
CTGAGGCGTACATTGC-1,0.13333333333333333,0.8333333333333334,0.03333333333333333,0.0
CTGAGGCGTACCTTCC-1,0.1,0.6,0.3,0.0
CTGAGGCTCCCAAGTA-1,0.03333333333333333,0.9333333333333333,0.03333333333333333,0.0
CTGATCCCATATGGCT-1,0.0,0.7,0.3,0.0
CTGATCCGTAACTTCG-1,0.13333333333333333,0.8,0.06666666666666667,0.0
CTGATCCGTCCAAAGG-1,0.03333333333333333,0.6333333333333333,0.3333333333333333,0.0
CTGATCCGTGGGCTTC-1,0.13333333333333333,0.7,0.16666666666666666,0.0
CTGATCCGTTCTCCTG-1,0.06666666666666667,0.9,0.03333333333333333,0.0
CTGATCCGTTGCGGCT-1,0.06666666666666667,0.7333333333333333,0.2,0.0
CTGATCCGTTGGGCCT-1,0.03333333333333333,0.9666666666666667,0.0,0.0
CTGATCCTCGCGTTTC-1,0.06666666666666667,0.7666666666666667,0.16666666666666666,0.0
CTGCAGGCAACACAAA-1,0.1,0.8333333333333334,0.06666666666666667,0.0
CTGCAGGCAGTCAGAG-1,0.1,0.6666666666666666,0.23333333333333334,0.0
CTGCAGGGTAGCTTGT-1,0.1,0.6333333333333333,0.26666666666666666,0.0
CTGCAGGGTCTACATG-1,0.13333333333333333,0.7666666666666667,0.1,0.0
CTGCAGGGTCTGATAC-1,0.1,0.7666666666666667,0.13333333333333333,0.0
CTGCAGGGTTGCTGAT-1,0.1,0.7666666666666667,0.13333333333333333,0.0
CTGCAGGTCAGGACGA-1,0.2,0.5,0.3,0.0
CTGCAGGTCCGACAGC-1,0.06666666666666667,0.6,0.3,0.03333333333333333
CTGCAGGTCCTCACGT-1,0.1,0.6666666666666666,0.23333333333333334,0.0
CTGCATCCACTAAACC-1,0.06666666666666667,0.7,0.23333333333333334,0.0
CTGCATCCATCCGGTG-1,0.06666666666666667,0.7333333333333333,0.2,0.0
CTGCATCCATGACTCA-1,0.1,0.7,0.2,0.0
CTGCATCGTGAACCGA-1,0.1,0.7,0.2,0.0
CTGCATCTCATTCTTG-1,0.06666666666666667,0.7666666666666667,0.16666666666666666,0.0
CTGCCATAGAGTACCG-1,0.06666666666666667,0.6,0.3333333333333333,0.0
CTGCCATCATCCTCAC-1,0.13333333333333333,0.7666666666666667,0.1,0.0
CTGCCATGTCCTGGTG-1,0.06666666666666667,0.7333333333333333,0.2,0.0
CTGCCATGTGGCGTAA-1,0.1,0.5333333333333333,0.36666666666666664,0.0
CTGCCATGTTATCCAG-1,0.03333333333333333,0.6333333333333333,0.3333333333333333,0.0
CTGCCATTCCTAGCGG-1,0.23333333333333334,0.4666666666666667,0.3,0.0
CTGCCTAGTAATGTGA-1,0.1,0.6666666666666666,0.23333333333333334,0.0
CTGCCTAGTACCGGCT-1,0.13333333333333333,0.6,0.26666666666666666,0.0
CTGCCTATCACCACAA-1,0.13333333333333333,0.7,0.16666666666666666,0.0
CTGCCTATCCATTGGA-1,0.13333333333333333,0.7666666666666667,0.1,0.0
CTGCGAGAGAGGGTAA-1,0.1,0.9,0.0,0.0
CTGCGAGAGCGTGTTT-1,0.1,0.8333333333333334,0.06666666666666667,0.0
CTGCGAGAGTCTTCGA-1,0.13333333333333333,0.8,0.06666666666666667,0.0
CTGCGAGCAACACACT-1,0.1,0.6333333333333333,0.26666666666666666,0.0
CTGCGAGCATACAGGG-1,0.1,0.6333333333333333,0.26666666666666666,0.0
CTGCGAGGTCGGCTAC-1,0.1,0.7,0.2,0.0
CTGCGAGTCATATGGC-1,0.13333333333333333,0.7666666666666667,0.1,0.0
CTGCGAGTCCATTTAC-1,0.03333333333333333,0.6666666666666666,0.3,0.0
CTGCGAGTCGCCATAA-1,0.13333333333333333,0.7666666666666667,0.1,0.0
CTGCTCAAGCTAAACA-1,0.16666666666666666,0.7333333333333333,0.1,0.0
CTGCTCACAAAGAACT-1,0.1,0.7666666666666667,0.13333333333333333,0.0
CTGCTCACAGCAGTAG-1,0.03333333333333333,0.7,0.26666666666666666,0.0
CTGCTCACATACCAGT-1,0.13333333333333333,0.7,0.16666666666666666,0.0
CTGGACGCAACGTTAC-1,0.03333333333333333,0.7,0.26666666666666666,0.0
CTGGACGCAGTCGCAC-1,0.03333333333333333,0.6333333333333333,0.3333333333333333,0.0
CTGGACGGTACCGCGT-1,0.06666666666666667,0.6,0.3333333333333333,0.0
CTGGACGGTAGATGTA-1,0.06666666666666667,0.8333333333333334,0.1,0.0
CTGGACGGTCTGTGCG-1,0.1,0.8,0.1,0.0
CTGGACGTCAGGAGAC-1,0.1,0.7666666666666667,0.13333333333333333,0.0
CTGGACGTCGGAGTAG-1,0.1,0.5333333333333333,0.36666666666666664,0.0
CTGGCAGAGGGACCAT-1,0.03333333333333333,0.8666666666666667,0.1,0.0
CTGGCAGAGGTAAACT-1,0.2,0.36666666666666664,0.43333333333333335,0.0
CTGGCAGCACCGTCTT-1,0.03333333333333333,0.7,0.23333333333333334,0.03333333333333333
CTGGCAGCACCTGATA-1,0.06666666666666667,0.36666666666666664,0.5666666666666667,0.0
CTGGCAGGTGGGTTGA-1,0.03333333333333333,0.5333333333333333,0.43333333333333335,0.0
CTGGCAGGTGTTGCCG-1,0.03333333333333333,0.8,0.16666666666666666,0.0
CTGGCAGTCAATCCGA-1,0.13333333333333333,0.7333333333333333,0.13333333333333333,0.0
CTGGCAGTCCCAAGTA-1,0.06666666666666667,0.6333333333333333,0.3,0.0
CTGGCAGTCTTAGTTC-1,0.06666666666666667,0.8,0.13333333333333333,0.0
CTGGCAGTCTTCGGTC-1,0.13333333333333333,0.8333333333333334,0.03333333333333333,0.0
CTGGTCTAGCGACCCT-1,0.1,0.7666666666666667,0.13333333333333333,0.0
CTGGTCTGTCTGCCTT-1,0.2,0.5666666666666667,0.23333333333333334,0.0
CTGGTCTGTGACATCT-1,0.06666666666666667,0.4666666666666667,0.4666666666666667,0.0
CTGGTCTTCCTCTTTC-1,0.06666666666666667,0.7,0.23333333333333334,0.0
CTGTACCAGAGAGTTT-1,0.06666666666666667,0.5666666666666667,0.36666666666666664,0.0
CTGTACCAGTACCCTA-1,0.06666666666666667,0.8,0.13333333333333333,0.0
CTGTACCCACGCACCA-1,0.03333333333333333,0.6333333333333333,0.3333333333333333,0.0
CTGTACCCAGACGATG-1,0.06666666666666667,0.8,0.13333333333333333,0.0
CTGTACCGTCTCTCAC-1,0.1,0.43333333333333335,0.4666666666666667,0.0
CTGTACCTCCTTCGAC-1,0.0,0.5,0.5,0.0
CTGTAGAAGCCATGCC-1,0.16666666666666666,0.7333333333333333,0.1,0.0
CTGTAGAGTACTGCGC-1,0.03333333333333333,0.6333333333333333,0.3333333333333333,0.0
CTGTAGAGTAGATGTA-1,0.06666666666666667,0.8,0.13333333333333333,0.0
CTGTATTAGGTCTTTG-1,0.03333333333333333,0.6666666666666666,0.3,0.0
CTGTATTAGTGGTTAA-1,0.06666666666666667,0.7666666666666667,0.16666666666666666,0.0
CTGTATTCACGACGTC-1,0.06666666666666667,0.5666666666666667,0.36666666666666664,0.0
CTGTATTGTAAGATTG-1,0.06666666666666667,0.9,0.03333333333333333,0.0
CTGTATTGTGCATGTT-1,0.1,0.7333333333333333,0.16666666666666666,0.0
CTGTCGTAGCGGGTTA-1,0.1,0.8666666666666667,0.03333333333333333,0.0
CTGTCGTAGTTCTACG-1,0.03333333333333333,0.8,0.16666666666666666,0.0
CTGTCGTCACTACAGT-1,0.03333333333333333,0.7,0.26666666666666666,0.0
CTGTCGTCATCTCGTC-1,0.13333333333333333,0.6333333333333333,0.23333333333333334,0.0
CTGTCGTGTAAGTTGA-1,0.13333333333333333,0.7333333333333333,0.13333333333333333,0.0
CTGTCGTTCGGAATTC-1,0.1,0.7333333333333333,0.16666666666666666,0.0
CTGTCGTTCTACCCAC-1,0.13333333333333333,0.6333333333333333,0.23333333333333334,0.0
CTGTCGTTCTCAGAAC-1,0.06666666666666667,0.7666666666666667,0.16666666666666666,0.0
CTGTGAAAGATGTTCC-1,0.03333333333333333,0.9666666666666667,0.0,0.0
CTGTGAAAGGCCTGAA-1,0.03333333333333333,0.7666666666666667,0.2,0.0
CTGTGAAGTACACGTT-1,0.1,0.8666666666666667,0.03333333333333333,0.0
CTGTGAAGTCGCAGTC-1,0.03333333333333333,0.8666666666666667,0.1,0.0
CTGTGGGAGTCACGAG-1,0.06666666666666667,0.6666666666666666,0.26666666666666666,0.0
CTGTGGGCAAATGGCG-1,0.03333333333333333,0.4666666666666667,0.5,0.0
CTGTGGGCAACCGGAA-1,0.13333333333333333,0.7666666666666667,0.1,0.0
CTGTGGGCATAGTCGT-1,0.03333333333333333,0.7666666666666667,0.2,0.0
CTGTGGGCATCGCTAA-1,0.06666666666666667,0.5666666666666667,0.36666666666666664,0.0
CTGTGGGGTGGCTTGC-1,0.1,0.9,0.0,0.0
CTGTGGGTCAAACTGC-1,0.06666666666666667,0.7333333333333333,0.2,0.0
CTGTGGGTCATCTATC-1,0.06666666666666667,0.6333333333333333,0.3,0.0
CTGTGGGTCTTAGCAG-1,0.13333333333333333,0.6666666666666666,0.2,0.0
CTTACCGCAAGGCAAC-1,0.1,0.7333333333333333,0.16666666666666666,0.0
CTTACCGCAGTGTGCC-1,0.1,0.7,0.2,0.0
CTTACCGGTTGGGATG-1,0.1,0.7666666666666667,0.13333333333333333,0.0
CTTAGGAAGCTTTCTT-1,0.06666666666666667,0.7333333333333333,0.2,0.0
CTTAGGAAGGCTTAAA-1,0.03333333333333333,0.5333333333333333,0.43333333333333335,0.0
CTTAGGAAGTAATCCC-1,0.03333333333333333,0.6,0.36666666666666664,0.0
CTTAGGAGTTGGCCGT-1,0.06666666666666667,0.9,0.03333333333333333,0.0
CTTCAATAGACTCTTG-1,0.06666666666666667,0.6333333333333333,0.3,0.0
CTTCAATCACCTGAAT-1,0.1,0.6666666666666666,0.23333333333333334,0.0
CTTCAATTCAGCATTG-1,0.03333333333333333,0.9,0.06666666666666667,0.0
CTTCCGAAGGACGGAG-1,0.1,0.6333333333333333,0.26666666666666666,0.0
CTTCCGAGTGTCATCA-1,0.06666666666666667,0.7,0.23333333333333334,0.0
CTTCCGAGTTGCAACT-1,0.1,0.6333333333333333,0.26666666666666666,0.0
CTTCCTTAGCCTAACT-1,0.0,0.8333333333333334,0.16666666666666666,0.0
CTTCCTTAGTTCATGC-1,0.06666666666666667,0.6333333333333333,0.3,0.0
CTTCCTTCATAGTCAC-1,0.06666666666666667,0.7333333333333333,0.2,0.0
CTTCCTTGTAGATCGG-1,0.13333333333333333,0.7,0.16666666666666666,0.0
CTTCCTTGTAGCGCTC-1,0.16666666666666666,0.6333333333333333,0.2,0.0
CTTCCTTGTATAGCTC-1,0.06666666666666667,0.5,0.43333333333333335,0.0
CTTCCTTGTTGTTTGG-1,0.1,0.5666666666666667,0.3333333333333333,0.0
CTTCCTTTCCCTTGGT-1,0.03333333333333333,0.7,0.26666666666666666,0.0
CTTCCTTTCGTCCTCA-1,0.03333333333333333,0.8333333333333334,0.13333333333333333,0.0
CTTCCTTTCTTTCCGG-1,0.1,0.7666666666666667,0.13333333333333333,0.0
CTTCGGTCATAGGAGC-1,0.06666666666666667,0.6333333333333333,0.3,0.0
CTTCGGTCATCCGAGC-1,0.0,0.8333333333333334,0.16666666666666666,0.0
CTTCGGTGTATGCGTT-1,0.1,0.7333333333333333,0.16666666666666666,0.0
CTTCGGTGTCGAATTC-1,0.06666666666666667,0.7,0.23333333333333334,0.0
CTTCGGTGTCTTGTCC-1,0.06666666666666667,0.7333333333333333,0.2,0.0
CTTCGGTGTGTTCATG-1,0.06666666666666667,0.6333333333333333,0.3,0.0
CTTCGGTGTTCAAGTC-1,0.03333333333333333,0.9,0.06666666666666667,0.0
CTTCGGTGTTGGTGTT-1,0.1,0.7333333333333333,0.16666666666666666,0.0
CTTCGGTTCATGTCAG-1,0.1,0.6666666666666666,0.23333333333333334,0.0
CTTCTAAAGCAGGCTA-1,0.06666666666666667,0.9,0.03333333333333333,0.0
CTTCTAAGTACTAAGA-1,0.06666666666666667,0.7333333333333333,0.2,0.0
CTTCTAATCAGTGCGC-1,0.06666666666666667,0.7666666666666667,0.16666666666666666,0.0
CTTCTCTCATCGATCA-1,0.03333333333333333,0.9,0.06666666666666667,0.0
CTTCTCTCATGAGAAT-1,0.03333333333333333,0.8666666666666667,0.1,0.0
CTTCTCTTCAGAATAG-1,0.03333333333333333,0.7333333333333333,0.23333333333333334,0.0
CTTCTCTTCGATCCCT-1,0.13333333333333333,0.7,0.16666666666666666,0.0
CTTGAGAAGATCGCCC-1,0.2,0.5333333333333333,0.26666666666666666,0.0
CTTGAGACAACACAAA-1,0.1,0.6333333333333333,0.26666666666666666,0.0
CTTGAGACACAAATAG-1,0.0,0.8,0.2,0.0
CTTGAGACACATTGTG-1,0.1,0.7333333333333333,0.16666666666666666,0.0
CTTGAGACAGCACAAG-1,0.06666666666666667,0.7666666666666667,0.16666666666666666,0.0
CTTGAGACATGTGTCA-1,0.13333333333333333,0.8,0.06666666666666667,0.0
CTTGAGAGTACACGCC-1,0.06666666666666667,0.8666666666666667,0.06666666666666667,0.0
CTTGATTAGAGGATCC-1,0.1,0.7,0.2,0.0
CTTGATTAGTATGGCG-1,0.06666666666666667,0.9333333333333333,0.0,0.0
CTTGATTCAACATACC-1,0.13333333333333333,0.6333333333333333,0.23333333333333334,0.0
CTTGATTCAGAGGAAA-1,0.13333333333333333,0.8,0.06666666666666667,0.0
CTTGATTCAGAGTTCT-1,0.06666666666666667,0.9,0.03333333333333333,0.0
CTTGATTCAGTCACGC-1,0.13333333333333333,0.6666666666666666,0.2,0.0
CTTGATTGTTCTATCT-1,0.2,0.7333333333333333,0.06666666666666667,0.0
CTTGATTTCATCGCCT-1,0.1,0.6666666666666666,0.23333333333333334,0.0
CTTTCAACAACCACGC-1,0.1,0.5333333333333333,0.3333333333333333,0.03333333333333333
CTTTCAACAAGCACCC-1,0.06666666666666667,0.43333333333333335,0.5,0.0
CTTTCAAGTCGCTTGG-1,0.06666666666666667,0.7666666666666667,0.16666666666666666,0.0
CTTTCAAGTGGCAACA-1,0.1,0.8,0.1,0.0
CTTTCAAGTGTGAGCA-1,0.06666666666666667,0.9,0.03333333333333333,0.0
CTTTCAAGTTGATCGT-1,0.16666666666666666,0.7333333333333333,0.1,0.0
CTTTCAATCCTAAGTG-1,0.1,0.6,0.3,0.0
CTTTCGGAGTCACGCC-1,0.06666666666666667,0.9,0.03333333333333333,0.0
CTTTCGGCAAACGTGG-1,0.06666666666666667,0.8,0.13333333333333333,0.0
CTTTCGGCACACCGAC-1,0.06666666666666667,0.7333333333333333,0.2,0.0
CTTTCGGCACTTGTCC-1,0.06666666666666667,0.7666666666666667,0.16666666666666666,0.0
CTTTCGGGTGCAGATG-1,0.23333333333333334,0.6666666666666666,0.1,0.0
CTTTCGGTCCAGTGCG-1,0.06666666666666667,0.8333333333333334,0.1,0.0
GAAACCTAGCGTTAGG-1,0.06666666666666667,0.6333333333333333,0.3,0.0
GAAACCTAGTGAGGTC-1,0.03333333333333333,0.5333333333333333,0.43333333333333335,0.0
GAAACCTCACACCGAC-1,0.1,0.7666666666666667,0.13333333333333333,0.0
GAAACCTGTCCATCTC-1,0.13333333333333333,0.8,0.06666666666666667,0.0
GAAACCTGTTCGCGTG-1,0.23333333333333334,0.6,0.16666666666666666,0.0
GAAACCTTCTGTCGTC-1,0.16666666666666666,0.7333333333333333,0.1,0.0
GAAATGAAGTTTCAGC-1,0.16666666666666666,0.7333333333333333,0.1,0.0
GAAATGACAGTAGAGC-1,0.1,0.6666666666666666,0.23333333333333334,0.0
GAAATGACATGTGGCC-1,0.13333333333333333,0.7333333333333333,0.13333333333333333,0.0
GAAATGATCCATGCAA-1,0.06666666666666667,0.5333333333333333,0.4,0.0
GAAATGATCGTTATCT-1,0.13333333333333333,0.8,0.06666666666666667,0.0
GAACACTAGGATACAT-1,0.03333333333333333,0.8333333333333334,0.13333333333333333,0.0
GAACACTAGGGACTGT-1,0.06666666666666667,0.6666666666666666,0.26666666666666666,0.0
GAACACTCAGTTAGGG-1,0.1,0.8666666666666667,0.03333333333333333,0.0
GAACACTGTCGTGATT-1,0.06666666666666667,0.8,0.13333333333333333,0.0
GAACACTGTTGTACGT-1,0.06666666666666667,0.8333333333333334,0.1,0.0
GAACACTTCAGGAGAC-1,0.06666666666666667,0.6,0.3,0.03333333333333333
GAACACTTCGTTGTGA-1,0.1,0.7333333333333333,0.16666666666666666,0.0
GAACGTTAGACAGCTG-1,0.03333333333333333,0.8333333333333334,0.13333333333333333,0.0
GAACGTTAGTTTCTTC-1,0.06666666666666667,0.6666666666666666,0.26666666666666666,0.0
GAACGTTCAATTGAAG-1,0.0,0.7333333333333333,0.26666666666666666,0.0
GAACGTTGTCAGTCGC-1,0.1,0.8,0.1,0.0
GAACGTTTCGACTCCT-1,0.13333333333333333,0.7333333333333333,0.13333333333333333,0.0
GAACGTTTCGCGATCG-1,0.1,0.9,0.0,0.0
GAACGTTTCTCTCGCA-1,0.06666666666666667,0.7333333333333333,0.2,0.0
GAACTGTAGATGTTGA-1,0.06666666666666667,0.8333333333333334,0.1,0.0
GAACTGTAGTTGCCTA-1,0.13333333333333333,0.7666666666666667,0.1,0.0
GAACTGTCACTGTCCT-1,0.03333333333333333,0.43333333333333335,0.5333333333333333,0.0
GAACTGTCATTGACCA-1,0.03333333333333333,0.5333333333333333,0.43333333333333335,0.0
GAACTGTGTGTCTTAG-1,0.03333333333333333,0.7,0.26666666666666666,0.0
GAACTGTTCATTGAGC-1,0.1,0.6666666666666666,0.23333333333333334,0.0
GAAGAATAGGTGTGAC-1,0.06666666666666667,0.7333333333333333,0.16666666666666666,0.03333333333333333
GAAGAATCAAACCACT-1,0.06666666666666667,0.8333333333333334,0.1,0.0
GAAGAATCAGCGACAA-1,0.06666666666666667,0.8666666666666667,0.06666666666666667,0.0
GAAGAATGTAGAGCTG-1,0.06666666666666667,0.8666666666666667,0.06666666666666667,0.0
GAAGAATGTATGTCAC-1,0.23333333333333334,0.5666666666666667,0.2,0.0
GAAGAATGTCAAACGG-1,0.0,0.9333333333333333,0.06666666666666667,0.0
GAAGAATGTGACCTGC-1,0.06666666666666667,0.7,0.23333333333333334,0.0
GAAGAATGTGTAAATG-1,0.03333333333333333,0.5666666666666667,0.4,0.0
GAAGAATTCCGGTAAT-1,0.2,0.5666666666666667,0.23333333333333334,0.0
GAAGAATTCTACGGTA-1,0.03333333333333333,0.8666666666666667,0.1,0.0
GAAGCCCCATGAGATA-1,0.1,0.8,0.1,0.0
GAAGCCCGTACAGTCT-1,0.16666666666666666,0.4,0.43333333333333335,0.0
GAAGCCCGTACTGCCG-1,0.0,0.8666666666666667,0.13333333333333333,0.0
GAAGCCCTCGCCGAGT-1,0.13333333333333333,0.5666666666666667,0.3,0.0
GAAGCGAAGAGAGGTA-1,0.1,0.7333333333333333,0.16666666666666666,0.0
GAAGCGAAGAGTCAGC-1,0.1,0.7,0.2,0.0
GAAGCGACACCTGAAT-1,0.1,0.6666666666666666,0.23333333333333334,0.0
GAAGCGACACGTAGAG-1,0.1,0.8,0.1,0.0
GAAGCGACAGCATACT-1,0.06666666666666667,0.8666666666666667,0.06666666666666667,0.0
GAAGCGAGTACCCAGC-1,0.1,0.6,0.3,0.0
GAAGCGATCAGACATC-1,0.03333333333333333,0.8,0.16666666666666666,0.0
GAAGCGATCATTCACT-1,0.03333333333333333,0.6333333333333333,0.3333333333333333,0.0
GAAGGACCAAGTGATA-1,0.06666666666666667,0.6,0.3333333333333333,0.0
GAAGGACCACGCGCAT-1,0.1,0.8666666666666667,0.03333333333333333,0.0
GAAGGACCACGTAGTT-1,0.06666666666666667,0.7333333333333333,0.2,0.0
GAAGGACTCCGAGAAG-1,0.1,0.8,0.1,0.0
GAAGGACTCGATTGGT-1,0.03333333333333333,0.7666666666666667,0.2,0.0
GAAGGACTCTCCAAGA-1,0.13333333333333333,0.6,0.26666666666666666,0.0
GAAGGACTCTGAGGCC-1,0.16666666666666666,0.7,0.13333333333333333,0.0
GAAGGGTCACCATATG-1,0.03333333333333333,0.6333333333333333,0.3333333333333333,0.0
GAAGGGTCATAACCCA-1,0.03333333333333333,0.7333333333333333,0.23333333333333334,0.0
GAAGGGTGTACAGCGA-1,0.13333333333333333,0.8,0.06666666666666667,0.0
GAAGGGTGTTGGTAGG-1,0.1,0.8,0.1,0.0
GAAGGGTTCCAAAGGG-1,0.13333333333333333,0.7,0.16666666666666666,0.0
GAAGGGTTCTTTCGAT-1,0.13333333333333333,0.8666666666666667,0.0,0.0
GAAGTAAAGAGCTTTC-1,0.03333333333333333,0.6333333333333333,0.3333333333333333,0.0
GAAGTAACACGGTGCT-1,0.03333333333333333,0.7333333333333333,0.23333333333333334,0.0
GAAGTAAGTAGGGTAC-1,0.13333333333333333,0.6666666666666666,0.2,0.0
GAAGTAAGTATCCCTC-1,0.13333333333333333,0.5666666666666667,0.3,0.0
GAAGTAAGTGCACATT-1,0.03333333333333333,0.5666666666666667,0.4,0.0
GAAGTAAGTTATTCCT-1,0.03333333333333333,0.8,0.16666666666666666,0.0
GAAGTAATCCGAACGC-1,0.06666666666666667,0.8333333333333334,0.1,0.0
GAAGTAATCGCGATCG-1,0.1,0.6666666666666666,0.23333333333333334,0.0
GAAGTAATCTGCTAGA-1,0.13333333333333333,0.8333333333333334,0.03333333333333333,0.0
GAATAGAAGGGCTAAC-1,0.06666666666666667,0.6666666666666666,0.26666666666666666,0.0
GAATAGAAGTAACCGG-1,0.1,0.7666666666666667,0.13333333333333333,0.0
GAATAGACAAGTGGCA-1,0.1,0.8333333333333334,0.06666666666666667,0.0
GAATAGACACAGAAGC-1,0.1,0.8333333333333334,0.06666666666666667,0.0
GAATAGACACCTCAGG-1,0.1,0.8333333333333334,0.06666666666666667,0.0
GAATAGACAGAAATCA-1,0.1,0.8333333333333334,0.06666666666666667,0.0
GAATAGACATTGTCGA-1,0.06666666666666667,0.5333333333333333,0.4,0.0
GAATAGAGTAGGAAAG-1,0.1,0.9,0.0,0.0
GAATAGAGTATCTCTT-1,0.13333333333333333,0.8,0.06666666666666667,0.0
GAATAGAGTGAACGGT-1,0.03333333333333333,0.6333333333333333,0.3333333333333333,0.0
GAATAGAGTGAGATCG-1,0.13333333333333333,0.6,0.26666666666666666,0.0
GAATAGAGTTGATGTC-1,0.06666666666666667,0.6666666666666666,0.26666666666666666,0.0
GAATAGATCGTTCGCT-1,0.03333333333333333,0.6,0.36666666666666664,0.0
GAATAGATCTCTATAC-1,0.03333333333333333,0.9,0.06666666666666667,0.0
GAATCACAGGTAAGTT-1,0.1,0.8,0.1,0.0
GAATCACAGGTTGCCC-1,0.06666666666666667,0.9,0.03333333333333333,0.0
GAATCACCAAGGTCAG-1,0.16666666666666666,0.7666666666666667,0.06666666666666667,0.0
GAATCACCAGCTCTGG-1,0.06666666666666667,0.8666666666666667,0.06666666666666667,0.0
GAATCACCATAGCTGT-1,0.03333333333333333,0.8,0.16666666666666666,0.0
GAATCACCATTCGATG-1,0.06666666666666667,0.7,0.23333333333333334,0.0
GAATCACGTAGTCTGT-1,0.13333333333333333,0.6,0.26666666666666666,0.0
GAATCACTCGTAATGC-1,0.03333333333333333,0.6,0.36666666666666664,0.0
GAATCGTAGATCCAAA-1,0.03333333333333333,0.8666666666666667,0.1,0.0
GAATCGTCAACACGAG-1,0.06666666666666667,0.7,0.23333333333333334,0.0
GAATCGTCAACTGCTA-1,0.06666666666666667,0.5333333333333333,0.4,0.0
GAATCGTGTACACGCC-1,0.03333333333333333,0.7666666666666667,0.2,0.0
GAATCGTTCGACGAGA-1,0.1,0.8666666666666667,0.03333333333333333,0.0
GACACGCAGAAACTAC-1,0.06666666666666667,0.5666666666666667,0.36666666666666664,0.0
GACACGCAGACTCTAC-1,0.06666666666666667,0.7333333333333333,0.2,0.0
GACACGCAGGTAGTAT-1,0.03333333333333333,0.36666666666666664,0.6,0.0
GACACGCCAAAGTATG-1,0.03333333333333333,0.9333333333333333,0.03333333333333333,0.0
GACACGCCATGGGATG-1,0.16666666666666666,0.7333333333333333,0.1,0.0
GACACGCGTGCCGTAC-1,0.1,0.7,0.2,0.0
GACAGCCAGGTCGTCC-1,0.13333333333333333,0.7,0.16666666666666666,0.0
GACAGCCCAAACACCT-1,0.13333333333333333,0.6666666666666666,0.2,0.0
GACAGCCGTAACATGA-1,0.03333333333333333,0.9,0.06666666666666667,0.0
GACAGCCGTAGCTTAC-1,0.1,0.7,0.2,0.0
GACAGCCTCGATTGAC-1,0.1,0.7333333333333333,0.16666666666666666,0.0
GACAGCCTCTCAGGCG-1,0.2,0.7,0.1,0.0
GACATCAAGCAATAAC-1,0.06666666666666667,0.8333333333333334,0.1,0.0
GACATCACAGCACCCA-1,0.06666666666666667,0.6,0.3333333333333333,0.0
GACATCACATGCAGCC-1,0.1,0.6666666666666666,0.23333333333333334,0.0
GACATCACATGGAGAC-1,0.06666666666666667,0.7666666666666667,0.16666666666666666,0.0
GACATCAGTGTTAGCT-1,0.03333333333333333,0.5666666666666667,0.4,0.0
GACATCAGTTACCTTT-1,0.13333333333333333,0.7666666666666667,0.1,0.0
GACATCATCACTACTT-1,0.06666666666666667,0.7333333333333333,0.2,0.0
GACATCATCCGCAAAT-1,0.1,0.7,0.2,0.0
GACATCATCGTTGCCT-1,0.23333333333333334,0.7333333333333333,0.03333333333333333,0.0
GACATCATCTTCCAGC-1,0.16666666666666666,0.7333333333333333,0.1,0.0
GACCAATCAATTGGTC-1,0.13333333333333333,0.8666666666666667,0.0,0.0
GACCAATCATACAGCT-1,0.03333333333333333,0.8333333333333334,0.13333333333333333,0.0
GACCAATCATCATTGG-1,0.06666666666666667,0.5,0.43333333333333335,0.0
GACCAATGTATTCCTT-1,0.03333333333333333,0.5666666666666667,0.4,0.0
GACCAATGTCGCAGTC-1,0.03333333333333333,0.7333333333333333,0.23333333333333334,0.0
GACCAATTCGCAGTTA-1,0.13333333333333333,0.5,0.3333333333333333,0.03333333333333333
GACCAATTCGTCGACG-1,0.2,0.4,0.4,0.0
GACCCAGAGACCAGCA-1,0.06666666666666667,0.7,0.23333333333333334,0.0
GACCCAGAGGTCATCT-1,0.13333333333333333,0.6333333333333333,0.23333333333333334,0.0
GACCCAGCATCTCCCA-1,0.03333333333333333,0.7333333333333333,0.23333333333333334,0.0
GACCCAGGTCGCATGC-1,0.03333333333333333,0.9,0.06666666666666667,0.0
GACCCAGGTTGATGTC-1,0.13333333333333333,0.8,0.06666666666666667,0.0
GACCCAGGTTTAGTCG-1,0.16666666666666666,0.8,0.03333333333333333,0.0
GACCCAGTCAACTGAC-1,0.1,0.6666666666666666,0.23333333333333334,0.0
GACCCAGTCAGCTCTC-1,0.03333333333333333,0.6333333333333333,0.3333333333333333,0.0
GACCCAGTCATCGCCT-1,0.13333333333333333,0.8,0.06666666666666667,0.0
GACCCTTCAACCCTAA-1,0.16666666666666666,0.5666666666666667,0.26666666666666666,0.0
GACCCTTCAGCTGAGA-1,0.16666666666666666,0.6333333333333333,0.2,0.0
GACCCTTCAGTACTAC-1,0.1,0.8666666666666667,0.03333333333333333,0.0
GACCCTTCATCGCCTT-1,0.06666666666666667,0.36666666666666664,0.5666666666666667,0.0
GACCCTTGTCGAAGCA-1,0.1,0.7333333333333333,0.16666666666666666,0.0
GACCCTTGTCTGATCA-1,0.06666666666666667,0.9333333333333333,0.0,0.0
GACCCTTGTTCCGCTT-1,0.2,0.6333333333333333,0.16666666666666666,0.0
GACCGTGCACCCTTAC-1,0.0,0.7666666666666667,0.23333333333333334,0.0
GACCGTGCATAGGAGC-1,0.13333333333333333,0.7,0.16666666666666666,0.0
GACCGTGGTCACTCAA-1,0.03333333333333333,0.8,0.16666666666666666,0.0
GACCGTGGTCGCGGTT-1,0.2,0.7,0.1,0.0
GACCGTGTCACATTGG-1,0.13333333333333333,0.6333333333333333,0.23333333333333334,0.0
GACCGTGTCTGGACTA-1,0.06666666666666667,0.7666666666666667,0.16666666666666666,0.0
GACCTTCAGAACTTCC-1,0.16666666666666666,0.6666666666666666,0.16666666666666666,0.0
GACCTTCAGGTGAGCT-1,0.1,0.9,0.0,0.0
GACCTTCCAATGGGTG-1,0.03333333333333333,0.7,0.26666666666666666,0.0
GACCTTCCATGATCTG-1,0.1,0.5666666666666667,0.3333333333333333,0.0
GACCTTCGTCACTTAG-1,0.06666666666666667,0.7,0.23333333333333334,0.0
GACCTTCGTGTGTTTG-1,0.16666666666666666,0.7333333333333333,0.1,0.0
GACCTTCGTTACGTAC-1,0.06666666666666667,0.7666666666666667,0.16666666666666666,0.0
GACCTTCTCTTGGCTC-1,0.06666666666666667,0.7,0.23333333333333334,0.0
GACGCTGAGCGTGTCC-1,0.06666666666666667,0.7666666666666667,0.16666666666666666,0.0
GACGCTGAGCTTAAGA-1,0.2,0.7333333333333333,0.06666666666666667,0.0
GACGCTGAGGATTTCC-1,0.1,0.7666666666666667,0.13333333333333333,0.0
GACGCTGGTGGCTGAA-1,0.1,0.6333333333333333,0.26666666666666666,0.0
GACGCTGTCACCATGA-1,0.03333333333333333,0.7666666666666667,0.2,0.0
GACGTTAAGCCGAACA-1,0.1,0.8,0.1,0.0
GACGTTACACGGATCC-1,0.16666666666666666,0.6333333333333333,0.2,0.0
GACGTTACATACATCG-1,0.06666666666666667,0.9333333333333333,0.0,0.0
GACGTTAGTGGCACTC-1,0.1,0.5333333333333333,0.36666666666666664,0.0
GACGTTATCATCGACA-1,0.16666666666666666,0.6,0.23333333333333334,0.0
GACTATGAGCGTTCCG-1,0.06666666666666667,0.8,0.13333333333333333,0.0
GACTATGAGCTGTTAC-1,0.06666666666666667,0.7666666666666667,0.16666666666666666,0.0
GACTATGCAAAGTGTA-1,0.13333333333333333,0.8,0.06666666666666667,0.0
GACTATGCAATCCAGT-1,0.1,0.7,0.2,0.0
GACTATGGTCGATTCA-1,0.1,0.7666666666666667,0.13333333333333333,0.0
GACTATGGTCGGAAAC-1,0.03333333333333333,0.5333333333333333,0.43333333333333335,0.0
GACTATGGTCTACAAC-1,0.0,0.8333333333333334,0.16666666666666666,0.0
GACTATGGTTACCTGA-1,0.16666666666666666,0.8,0.03333333333333333,0.0
GACTATGTCCTCACTG-1,0.1,0.8333333333333334,0.06666666666666667,0.0
GACTCAAAGTGCCTCG-1,0.03333333333333333,0.6333333333333333,0.3333333333333333,0.0
GACTCAACAAACCATC-1,0.03333333333333333,0.7,0.26666666666666666,0.0
GACTCAACAAGTAGTA-1,0.06666666666666667,0.5,0.43333333333333335,0.0
GACTCAACACACACTA-1,0.06666666666666667,0.5666666666666667,0.36666666666666664,0.0
GACTCAAGTGGCTTGC-1,0.06666666666666667,0.7333333333333333,0.2,0.0
GACTCAAGTGTTGATC-1,0.1,0.5,0.4,0.0
GACTCAATCCGAAATC-1,0.0,0.7333333333333333,0.26666666666666666,0.0
GACTCTCCAAAGGCAC-1,0.06666666666666667,0.7666666666666667,0.16666666666666666,0.0
GACTCTCCACGTCTCT-1,0.06666666666666667,0.8,0.13333333333333333,0.0
GACTCTCGTTATGTGC-1,0.0,0.9333333333333333,0.06666666666666667,0.0
GACTCTCTCCCTGTTG-1,0.06666666666666667,0.8666666666666667,0.06666666666666667,0.0
GACTCTCTCCTACCAC-1,0.06666666666666667,0.7333333333333333,0.2,0.0
GACTGATAGAGTAACT-1,0.1,0.7666666666666667,0.13333333333333333,0.0
GACTGATAGGCTAAAT-1,0.06666666666666667,0.8666666666666667,0.06666666666666667,0.0
GACTGATAGGTTGAGC-1,0.06666666666666667,0.6666666666666666,0.26666666666666666,0.0
GACTGATAGTTACGGG-1,0.13333333333333333,0.6333333333333333,0.2,0.03333333333333333
GACTGATCAACACACT-1,0.06666666666666667,0.6666666666666666,0.26666666666666666,0.0
GACTGATCACTATGTG-1,0.16666666666666666,0.6333333333333333,0.2,0.0
GACTGATCAGACGGAT-1,0.03333333333333333,0.4,0.5666666666666667,0.0
GACTGATCAGCTGAGA-1,0.06666666666666667,0.8333333333333334,0.1,0.0
GACTGATGTATGGTTC-1,0.13333333333333333,0.6333333333333333,0.23333333333333334,0.0
GACTGATTCACCTTGC-1,0.06666666666666667,0.7,0.23333333333333334,0.0
GACTGATTCGTAACCA-1,0.13333333333333333,0.6666666666666666,0.2,0.0
GACTTCCGTAGCGAGT-1,0.1,0.8666666666666667,0.03333333333333333,0.0
GACTTCCGTGAGTAAT-1,0.03333333333333333,0.5333333333333333,0.43333333333333335,0.0
GACTTCCTCAGTCCGG-1,0.06666666666666667,0.6333333333333333,0.3,0.0
GACTTCCTCCTCAGGG-1,0.06666666666666667,0.7,0.23333333333333334,0.0
GACTTCCTCTGACAGT-1,0.13333333333333333,0.7333333333333333,0.13333333333333333,0.0
GAGAAATAGCGCAATG-1,0.1,0.8,0.1,0.0
GAGAAATAGTGTGTTC-1,0.2,0.8,0.0,0.0
GAGAAATGTCAACCTA-1,0.06666666666666667,0.7666666666666667,0.13333333333333333,0.03333333333333333
GAGAAATGTCACGCTG-1,0.13333333333333333,0.8,0.06666666666666667,0.0
GAGAAATTCAACTTTC-1,0.2,0.7333333333333333,0.06666666666666667,0.0
GAGAAATTCTCTGAGA-1,0.06666666666666667,0.6666666666666666,0.26666666666666666,0.0
GAGACCCAGGCGTTGA-1,0.06666666666666667,0.5666666666666667,0.36666666666666664,0.0
GAGACCCAGGGCAAGG-1,0.0,0.7666666666666667,0.23333333333333334,0.0
GAGACCCGTCGCGGTT-1,0.06666666666666667,0.7,0.23333333333333334,0.0
GAGACCCTCTCGCCTA-1,0.26666666666666666,0.6333333333333333,0.1,0.0
GAGACTTAGGAATCGC-1,0.03333333333333333,0.9,0.06666666666666667,0.0
GAGACTTCAAGTGGAC-1,0.13333333333333333,0.8,0.06666666666666667,0.0
GAGACTTCACTCTCGT-1,0.06666666666666667,0.9,0.03333333333333333,0.0
GAGACTTGTGAGTAGC-1,0.06666666666666667,0.6,0.3333333333333333,0.0
GAGACTTGTGTGTCCG-1,0.03333333333333333,0.8,0.16666666666666666,0.0
GAGACTTTCCGCACGA-1,0.06666666666666667,0.4666666666666667,0.4666666666666667,0.0
GAGACTTTCTTCACGC-1,0.1,0.7666666666666667,0.13333333333333333,0.0
GAGAGGTAGTAATACG-1,0.06666666666666667,0.5666666666666667,0.36666666666666664,0.0
GAGAGGTCACTCTCGT-1,0.03333333333333333,0.7666666666666667,0.2,0.0
GAGAGGTCAGATCCAT-1,0.03333333333333333,0.8666666666666667,0.1,0.0
GAGAGGTGTAAGACCG-1,0.06666666666666667,0.6333333333333333,0.3,0.0
GAGAGGTTCTTCCCGA-1,0.03333333333333333,0.7,0.26666666666666666,0.0
GAGATGGAGCCATATC-1,0.03333333333333333,0.8,0.16666666666666666,0.0
GAGATGGAGCGCATCC-1,0.1,0.43333333333333335,0.4666666666666667,0.0
GAGATGGAGCTACTAC-1,0.06666666666666667,0.9,0.03333333333333333,0.0
GAGATGGAGGGTGGGA-1,0.03333333333333333,0.6333333333333333,0.3333333333333333,0.0
GAGATGGAGTTAGTGA-1,0.06666666666666667,0.6333333333333333,0.3,0.0
GAGATGGCACACCAGC-1,0.13333333333333333,0.8333333333333334,0.03333333333333333,0.0
GAGATGGCAGGCCTGT-1,0.03333333333333333,0.7666666666666667,0.2,0.0
GAGATGGCATGTGACT-1,0.1,0.4666666666666667,0.43333333333333335,0.0
GAGATGGGTATACCTG-1,0.1,0.5666666666666667,0.3333333333333333,0.0
GAGATGGGTCTTGAAC-1,0.23333333333333334,0.6333333333333333,0.13333333333333333,0.0
GAGATGGTCAAGAAAC-1,0.06666666666666667,0.8333333333333334,0.1,0.0
GAGATGGTCCACTGAA-1,0.1,0.36666666666666664,0.5333333333333333,0.0
GAGATGGTCCGGACGT-1,0.06666666666666667,0.8666666666666667,0.06666666666666667,0.0
GAGATGGTCGAACTCA-1,0.06666666666666667,0.8333333333333334,0.1,0.0
GAGATGGTCGGTCTAA-1,0.03333333333333333,0.8,0.16666666666666666,0.0
GAGCCTGAGCGTGCCT-1,0.06666666666666667,0.8,0.13333333333333333,0.0
GAGCCTGAGCTGAGTG-1,0.2,0.7333333333333333,0.06666666666666667,0.0
GAGCCTGCACGGGCTT-1,0.1,0.7,0.16666666666666666,0.03333333333333333
GAGCCTGCACTTCAGA-1,0.06666666666666667,0.7666666666666667,0.16666666666666666,0.0
GAGCCTGCAGACCCGT-1,0.06666666666666667,0.7,0.23333333333333334,0.0
GAGCCTGCATTGTAGC-1,0.2,0.6,0.2,0.0
GAGCCTGGTGATTCTG-1,0.06666666666666667,0.8,0.13333333333333333,0.0
GAGCCTGGTGTAAACA-1,0.03333333333333333,0.7333333333333333,0.2,0.03333333333333333
GAGCTGCAGCATTGAA-1,0.16666666666666666,0.7666666666666667,0.06666666666666667,0.0
GAGCTGCAGGGTGAAA-1,0.06666666666666667,0.9,0.03333333333333333,0.0
GAGCTGCCAATAGAGT-1,0.06666666666666667,0.6666666666666666,0.26666666666666666,0.0
GAGCTGCGTAATCAGA-1,0.06666666666666667,0.7666666666666667,0.16666666666666666,0.0
GAGCTGCGTAGCGAGT-1,0.0,0.7,0.3,0.0
GAGCTGCGTTCGATTG-1,0.16666666666666666,0.7333333333333333,0.1,0.0
GAGCTGCGTTGGACCC-1,0.1,0.8666666666666667,0.03333333333333333,0.0
GAGCTGCTCGACATAC-1,0.06666666666666667,0.6,0.3333333333333333,0.0
GAGCTGCTCGCAAGAG-1,0.03333333333333333,0.6666666666666666,0.3,0.0
GAGCTGCTCTACAGGT-1,0.06666666666666667,0.6666666666666666,0.26666666666666666,0.0
GAGCTGCTCTGACAGT-1,0.06666666666666667,0.5666666666666667,0.36666666666666664,0.0
GAGGCAAAGAACTCCT-1,0.1,0.8,0.1,0.0
GAGGCAAAGGTATAGT-1,0.03333333333333333,0.9666666666666667,0.0,0.0
GAGGCAAAGTCCCAAT-1,0.06666666666666667,0.4,0.5333333333333333,0.0
GAGGCAACAATCGAAA-1,0.0,0.9666666666666667,0.03333333333333333,0.0
GAGGCAATCACCGGTG-1,0.1,0.6666666666666666,0.23333333333333334,0.0
GAGGCAATCTCATGCC-1,0.06666666666666667,0.43333333333333335,0.5,0.0
GAGGCAATCTTACGGA-1,0.0,0.9,0.1,0.0
GAGGCCTAGAGGTTTA-1,0.23333333333333334,0.7,0.06666666666666667,0.0
GAGGCCTCAAGATCCT-1,0.06666666666666667,0.7,0.23333333333333334,0.0
GAGGCCTCAAGCGCTC-1,0.06666666666666667,0.7,0.23333333333333334,0.0
GAGGCCTCACTCCTGT-1,0.1,0.7666666666666667,0.13333333333333333,0.0
GAGGCCTCATACTGTG-1,0.03333333333333333,0.7333333333333333,0.23333333333333334,0.0
GAGGCCTGTCACTGAT-1,0.1,0.6333333333333333,0.26666666666666666,0.0
GAGGCCTGTCCACGCA-1,0.1,0.6,0.3,0.0
GAGGCCTGTGAATAAC-1,0.13333333333333333,0.6666666666666666,0.2,0.0
GAGGGATAGCGGTAAC-1,0.06666666666666667,0.8333333333333334,0.1,0.0
GAGGGATAGTGGTTGG-1,0.06666666666666667,0.7666666666666667,0.16666666666666666,0.0
GAGGGATCACATGTTG-1,0.03333333333333333,0.9333333333333333,0.03333333333333333,0.0
GAGGGATGTGAGACCA-1,0.1,0.8,0.1,0.0
GAGGGTAAGATAACGT-1,0.1,0.6333333333333333,0.26666666666666666,0.0
GAGGGTAAGGGATGTC-1,0.16666666666666666,0.8333333333333334,0.0,0.0
GAGGGTAAGTTAACGA-1,0.06666666666666667,0.6,0.3333333333333333,0.0
GAGGGTAAGTTTGTCG-1,0.03333333333333333,0.6,0.36666666666666664,0.0
GAGGGTACACTGTTCC-1,0.1,0.4666666666666667,0.43333333333333335,0.0
GAGGGTATCCAAGCCG-1,0.1,0.9,0.0,0.0
GAGTCATAGACTTCAC-1,0.06666666666666667,0.8333333333333334,0.1,0.0
GAGTCATAGCGTTACT-1,0.1,0.8,0.1,0.0
GAGTCATAGGTCACAG-1,0.1,0.7,0.2,0.0
GAGTCATCAACAAGTA-1,0.1,0.8333333333333334,0.06666666666666667,0.0
GAGTCATGTAGGCTGA-1,0.0,0.9,0.1,0.0
GAGTCATGTTGTATGC-1,0.13333333333333333,0.6,0.26666666666666666,0.0
GAGTCTAAGCGAATGC-1,0.2,0.5666666666666667,0.23333333333333334,0.0
GAGTCTACAAGGTCTT-1,0.03333333333333333,0.6333333333333333,0.3333333333333333,0.0
GAGTCTACATTCAGGT-1,0.13333333333333333,0.5333333333333333,0.3333333333333333,0.0
GAGTCTATCATAGAGA-1,0.1,0.8666666666666667,0.03333333333333333,0.0
GAGTCTATCCTCTCGA-1,0.03333333333333333,0.5666666666666667,0.4,0.0
GAGTCTATCGAGCTGC-1,0.03333333333333333,0.7,0.26666666666666666,0.0
GAGTCTATCGTGTGAT-1,0.13333333333333333,0.5666666666666667,0.3,0.0
GAGTGAGAGATTGAGT-1,0.06666666666666667,0.7,0.23333333333333334,0.0
GAGTGAGAGCGCCGTT-1,0.16666666666666666,0.6,0.23333333333333334,0.0
GAGTGAGAGGTGGGTT-1,0.06666666666666667,0.9,0.03333333333333333,0.0
GAGTGAGCATCACAGT-1,0.03333333333333333,0.7666666666666667,0.2,0.0
GAGTGAGTCACGATCA-1,0.03333333333333333,0.8333333333333334,0.13333333333333333,0.0
GAGTGAGTCGTGCACG-1,0.13333333333333333,0.7,0.16666666666666666,0.0
GAGTGAGTCTTACACT-1,0.1,0.8,0.1,0.0
GAGTGTTGTAGTATAG-1,0.03333333333333333,0.5333333333333333,0.43333333333333335,0.0
GAGTGTTGTGAAGCTG-1,0.03333333333333333,0.8333333333333334,0.13333333333333333,0.0
GAGTGTTTCCATGAGT-1,0.1,0.7,0.16666666666666666,0.03333333333333333
GAGTGTTTCTGCACCT-1,0.16666666666666666,0.6,0.23333333333333334,0.0
GAGTTACAGTGGCAGT-1,0.13333333333333333,0.7,0.16666666666666666,0.0
GAGTTACAGTTCATGC-1,0.06666666666666667,0.7333333333333333,0.2,0.0
GAGTTACCACTCCTTG-1,0.1,0.7666666666666667,0.1,0.03333333333333333
GAGTTACCACTGTCCT-1,0.03333333333333333,0.6333333333333333,0.3333333333333333,0.0
GAGTTACCATCGAAGG-1,0.03333333333333333,0.8,0.16666666666666666,0.0
GAGTTACGTCTGATAC-1,0.1,0.6666666666666666,0.23333333333333334,0.0
GAGTTACGTGTATACC-1,0.1,0.8666666666666667,0.03333333333333333,0.0
GAGTTACGTTCGAACT-1,0.1,0.8,0.1,0.0
GAGTTACTCCGAGATT-1,0.2,0.6666666666666666,0.13333333333333333,0.0
GAGTTACTCCGCGAGT-1,0.1,0.6333333333333333,0.26666666666666666,0.0
GAGTTGTAGCGATTCT-1,0.1,0.8,0.06666666666666667,0.03333333333333333
GAGTTGTCATCAGTCA-1,0.03333333333333333,0.8,0.16666666666666666,0.0
GAGTTGTGTCTGATAC-1,0.03333333333333333,0.5666666666666667,0.4,0.0
GAGTTTGAGAGGGTCT-1,0.1,0.5,0.4,0.0
GAGTTTGCAATTCGTG-1,0.1,0.8666666666666667,0.03333333333333333,0.0
GAGTTTGCATCCTAAG-1,0.13333333333333333,0.7333333333333333,0.13333333333333333,0.0
GAGTTTGGTACTTCCC-1,0.06666666666666667,0.8333333333333334,0.1,0.0
GAGTTTGGTAGATGTA-1,0.13333333333333333,0.7333333333333333,0.13333333333333333,0.0
GAGTTTGGTAGGACCA-1,0.06666666666666667,0.7666666666666667,0.16666666666666666,0.0
GAGTTTGTCACTGATG-1,0.06666666666666667,0.7333333333333333,0.2,0.0
GAGTTTGTCAGCGGAA-1,0.03333333333333333,0.8,0.16666666666666666,0.0
GAGTTTGTCCGCACGA-1,0.06666666666666667,0.9,0.03333333333333333,0.0
GAGTTTGTCGCCGAGT-1,0.06666666666666667,0.7666666666666667,0.16666666666666666,0.0
GATAGAAAGACACACG-1,0.03333333333333333,0.6333333333333333,0.3333333333333333,0.0
GATAGAAAGGCCTTGC-1,0.1,0.5333333333333333,0.36666666666666664,0.0
GATAGAAAGTCTAACC-1,0.06666666666666667,0.8666666666666667,0.06666666666666667,0.0
GATAGAAGTACTTGTG-1,0.03333333333333333,0.5,0.4666666666666667,0.0
GATAGAAGTCTAGGCC-1,0.06666666666666667,0.7666666666666667,0.16666666666666666,0.0
GATAGCTAGCACGGAT-1,0.1,0.7333333333333333,0.16666666666666666,0.0
GATAGCTAGTCATCGT-1,0.06666666666666667,0.4,0.5333333333333333,0.0
GATAGCTCAGAAGCTG-1,0.1,0.8333333333333334,0.06666666666666667,0.0
GATAGCTCATGCTGCG-1,0.1,0.7333333333333333,0.16666666666666666,0.0
GATAGCTGTCATCCCT-1,0.03333333333333333,0.8333333333333334,0.13333333333333333,0.0
GATAGCTTCAGTGCGC-1,0.03333333333333333,0.8,0.16666666666666666,0.0
GATAGCTTCCTACCGT-1,0.03333333333333333,0.9,0.06666666666666667,0.0
GATAGCTTCTGGTCAA-1,0.1,0.7,0.2,0.0
GATCACAAGAAGTCAT-1,0.03333333333333333,0.9333333333333333,0.03333333333333333,0.0
GATCACAAGCGCCATC-1,0.06666666666666667,0.5666666666666667,0.36666666666666664,0.0
GATCACAAGCGCTGCT-1,0.1,0.8,0.1,0.0
GATCACACACCGTCTT-1,0.1,0.4,0.5,0.0
GATCACACAGGACATG-1,0.03333333333333333,0.8,0.16666666666666666,0.0
GATCAGTAGCCTCTGG-1,0.06666666666666667,0.8333333333333334,0.1,0.0
GATCAGTCAAACCATC-1,0.16666666666666666,0.5,0.3333333333333333,0.0
GATCAGTCAAACTCGT-1,0.13333333333333333,0.4666666666666667,0.4,0.0
GATCAGTCAATTGCGT-1,0.03333333333333333,0.5333333333333333,0.43333333333333335,0.0
GATCAGTCACGTCGTG-1,0.06666666666666667,0.7333333333333333,0.2,0.0
GATCAGTGTTAACAGA-1,0.13333333333333333,0.8333333333333334,0.03333333333333333,0.0
GATCAGTTCAGGCGAA-1,0.06666666666666667,0.4,0.5333333333333333,0.0
GATCATGAGATGGTCG-1,0.03333333333333333,0.8666666666666667,0.1,0.0
GATCATGAGGGCCCTT-1,0.06666666666666667,0.7666666666666667,0.16666666666666666,0.0
GATCATGCAGTGTATC-1,0.06666666666666667,0.6333333333333333,0.3,0.0
GATCATGCATTCGATG-1,0.06666666666666667,0.5666666666666667,0.36666666666666664,0.0
GATCATGGTATGTCTG-1,0.0,0.8333333333333334,0.16666666666666666,0.0
GATCATGGTGTGTACT-1,0.03333333333333333,0.43333333333333335,0.5333333333333333,0.0
GATCATGGTTGTGCCG-1,0.1,0.7666666666666667,0.13333333333333333,0.0
GATCATGTCATTGCCC-1,0.06666666666666667,0.9,0.03333333333333333,0.0
GATCCCTAGAGAGGGC-1,0.13333333333333333,0.7,0.16666666666666666,0.0
GATCCCTAGCCAAGCA-1,0.06666666666666667,0.6,0.3333333333333333,0.0
GATCCCTAGTTCCGGC-1,0.06666666666666667,0.9,0.03333333333333333,0.0
GATCCCTCACAGAAGC-1,0.06666666666666667,0.8333333333333334,0.1,0.0
GATCCCTCATACAGCT-1,0.1,0.7666666666666667,0.13333333333333333,0.0
GATCCCTCATGCCGGT-1,0.06666666666666667,0.7333333333333333,0.2,0.0
GATCCCTGTACTGCCG-1,0.06666666666666667,0.8333333333333334,0.1,0.0
GATCCCTTCACCGGGT-1,0.16666666666666666,0.6666666666666666,0.16666666666666666,0.0
GATCCCTTCTCACGAA-1,0.06666666666666667,0.8666666666666667,0.06666666666666667,0.0
GATCGTAAGGATACCG-1,0.06666666666666667,0.7,0.23333333333333334,0.0
GATCGTACACAGAGCA-1,0.1,0.6,0.3,0.0
GATCGTACACATTGTG-1,0.06666666666666667,0.5,0.43333333333333335,0.0
GATCGTAGTCTGTGCG-1,0.03333333333333333,0.6,0.36666666666666664,0.0
GATGACTAGCCTATCA-1,0.1,0.7666666666666667,0.13333333333333333,0.0
GATGACTAGTCGAGGT-1,0.0,0.8,0.2,0.0
GATGACTCAGGCCCTA-1,0.06666666666666667,0.6,0.3333333333333333,0.0
GATGACTCAGTCTTCC-1,0.13333333333333333,0.5,0.36666666666666664,0.0
GATGACTCATTATGCG-1,0.03333333333333333,0.8,0.16666666666666666,0.0
GATGACTGTTGTTGCA-1,0.1,0.8666666666666667,0.03333333333333333,0.0
GATGAGGCAAGAAATC-1,0.06666666666666667,0.6333333333333333,0.3,0.0
GATGAGGTCAAACTGC-1,0.03333333333333333,0.8333333333333334,0.13333333333333333,0.0
GATGAGGTCCAAACCA-1,0.03333333333333333,0.9666666666666667,0.0,0.0
GATGATCAGAATTGCA-1,0.2,0.5333333333333333,0.26666666666666666,0.0
GATGATCCAACTGTGT-1,0.13333333333333333,0.7666666666666667,0.1,0.0
GATGATCGTCGAACGA-1,0.1,0.7333333333333333,0.16666666666666666,0.0
GATGATCGTGTCTTAG-1,0.13333333333333333,0.6333333333333333,0.23333333333333334,0.0
GATGATCTCGAATGCT-1,0.13333333333333333,0.6666666666666666,0.2,0.0
GATGCTAAGAGACAAG-1,0.03333333333333333,0.8,0.16666666666666666,0.0
GATGCTAAGCATCGAG-1,0.03333333333333333,0.7666666666666667,0.2,0.0
GATGCTAAGTTCCAGT-1,0.13333333333333333,0.8666666666666667,0.0,0.0
GATGCTACATAGATGA-1,0.1,0.7333333333333333,0.16666666666666666,0.0
GATGCTATCATTACTC-1,0.16666666666666666,0.7,0.13333333333333333,0.0
GATGGAGAGCGACTTT-1,0.03333333333333333,0.5333333333333333,0.43333333333333335,0.0
GATGGAGCATGCAGCC-1,0.03333333333333333,0.8,0.13333333333333333,0.03333333333333333
GATGGAGGTCTAATCG-1,0.06666666666666667,0.4666666666666667,0.4666666666666667,0.0
GATGGAGGTTAAGCAA-1,0.1,0.8333333333333334,0.06666666666666667,0.0
GATGGAGTCCGATGCG-1,0.1,0.9,0.0,0.0
GATGTTGCATTAGGAA-1,0.06666666666666667,0.7666666666666667,0.16666666666666666,0.0
GATGTTGGTCAGATTC-1,0.03333333333333333,0.7666666666666667,0.2,0.0
GATGTTGGTTTCCATT-1,0.1,0.7666666666666667,0.13333333333333333,0.0
GATGTTGTCAGCTCTC-1,0.06666666666666667,0.9333333333333333,0.0,0.0
GATGTTGTCATTTGTC-1,0.1,0.7,0.2,0.0
GATTCGAAGACCTCAT-1,0.03333333333333333,0.8333333333333334,0.13333333333333333,0.0
GATTCGAAGCGGATCA-1,0.13333333333333333,0.6333333333333333,0.23333333333333334,0.0
GATTCGAGTCGAACAG-1,0.06666666666666667,0.8333333333333334,0.1,0.0
GATTCGAGTGTTAAAG-1,0.03333333333333333,0.8,0.16666666666666666,0.0
GATTCGATCGATAACC-1,0.06666666666666667,0.6666666666666666,0.26666666666666666,0.0
GATTCGATCTCAACGA-1,0.23333333333333334,0.6666666666666666,0.1,0.0
GATTCTTCAACGCATT-1,0.06666666666666667,0.7333333333333333,0.2,0.0
GATTCTTCAGGCACAA-1,0.13333333333333333,0.6,0.26666666666666666,0.0
GATTCTTCATGGGATG-1,0.06666666666666667,0.6333333333333333,0.3,0.0
GATTCTTCATTACTCT-1,0.03333333333333333,0.8,0.16666666666666666,0.0
GATTCTTGTACCATAC-1,0.03333333333333333,0.6333333333333333,0.3333333333333333,0.0
GATTCTTGTTAGGCCC-1,0.1,0.6333333333333333,0.26666666666666666,0.0
GATTCTTTCAGCCTCT-1,0.06666666666666667,0.7333333333333333,0.2,0.0
GATTCTTTCCGAGTGC-1,0.03333333333333333,0.8333333333333334,0.13333333333333333,0.0
GATTGGTAGATGCAGC-1,0.13333333333333333,0.7666666666666667,0.1,0.0
GATTGGTAGGGAGGTG-1,0.06666666666666667,0.8666666666666667,0.06666666666666667,0.0
GATTGGTGTCCAACGC-1,0.2,0.6666666666666666,0.13333333333333333,0.0
GATTGGTTCAAGAAAC-1,0.1,0.6666666666666666,0.23333333333333334,0.0
GATTGGTTCACGGAGA-1,0.06666666666666667,0.7666666666666667,0.16666666666666666,0.0
GATTTCTCAAGCGCTC-1,0.06666666666666667,0.7333333333333333,0.2,0.0
GATTTCTCAGCGTGAA-1,0.1,0.7333333333333333,0.16666666666666666,0.0
GATTTCTCATTGAAAG-1,0.16666666666666666,0.7333333333333333,0.1,0.0
GATTTCTGTCAAGTTC-1,0.1,0.7666666666666667,0.13333333333333333,0.0
GATTTCTTCACCGACG-1,0.03333333333333333,0.9,0.06666666666666667,0.0
GATTTCTTCTACGGTA-1,0.03333333333333333,0.7,0.26666666666666666,0.0
GCAACATAGTTGCATC-1,0.06666666666666667,0.8666666666666667,0.06666666666666667,0.0
GCAACATCACCTTCCA-1,0.26666666666666666,0.4666666666666667,0.26666666666666666,0.0
GCAACATCACTAGAGG-1,0.13333333333333333,0.8333333333333334,0.03333333333333333,0.0
GCAACATGTACTAACC-1,0.1,0.6,0.3,0.0
GCAACATGTTGCAAGG-1,0.06666666666666667,0.7666666666666667,0.16666666666666666,0.0
GCAACATTCGGCATCG-1,0.06666666666666667,0.6333333333333333,0.3,0.0
GCAACATTCTGTCGCT-1,0.03333333333333333,0.8333333333333334,0.13333333333333333,0.0
GCAACCGAGAGAGGTA-1,0.1,0.7666666666666667,0.13333333333333333,0.0
GCAACCGAGGCTCAAG-1,0.06666666666666667,0.8,0.13333333333333333,0.0
GCAACCGAGGGCGAAG-1,0.13333333333333333,0.7333333333333333,0.13333333333333333,0.0
GCAACCGAGGGTACAC-1,0.06666666666666667,0.6666666666666666,0.26666666666666666,0.0
GCAACCGCAAGCTACT-1,0.03333333333333333,0.8,0.16666666666666666,0.0
GCAACCGCAATGTTGC-1,0.1,0.7666666666666667,0.13333333333333333,0.0
GCAACCGCAGAATTCC-1,0.06666666666666667,0.7,0.23333333333333334,0.0
GCAACCGCAGAGGCTA-1,0.1,0.6333333333333333,0.26666666666666666,0.0
GCAACCGTCCGAACGC-1,0.06666666666666667,0.6666666666666666,0.26666666666666666,0.0
GCAACCGTCGGCCAAC-1,0.1,0.7666666666666667,0.13333333333333333,0.0
GCACATAAGGATAATC-1,0.06666666666666667,0.8666666666666667,0.06666666666666667,0.0
GCACATAAGGCAGCTA-1,0.1,0.8666666666666667,0.03333333333333333,0.0
GCACATACAACACACT-1,0.03333333333333333,0.4,0.5666666666666667,0.0
GCACATACACCGAATT-1,0.06666666666666667,0.6333333333333333,0.3,0.0
GCACATACATGGTACT-1,0.06666666666666667,0.8,0.13333333333333333,0.0
GCACATATCCACTAGA-1,0.06666666666666667,0.6,0.3333333333333333,0.0
GCACATATCGCTGATA-1,0.03333333333333333,0.7333333333333333,0.23333333333333334,0.0
GCACGGTCAAGCTGTT-1,0.03333333333333333,0.5666666666666667,0.4,0.0
GCACGGTCAGTCCCGA-1,0.06666666666666667,0.8666666666666667,0.03333333333333333,0.03333333333333333
GCACGGTCAGTTACCA-1,0.06666666666666667,0.4666666666666667,0.4666666666666667,0.0
GCACGGTGTCTTACAG-1,0.06666666666666667,0.7666666666666667,0.16666666666666666,0.0
GCACGGTGTGCTGCAC-1,0.03333333333333333,0.6333333333333333,0.3,0.03333333333333333
GCACGGTGTTGAGTCT-1,0.1,0.7666666666666667,0.13333333333333333,0.0
GCACGGTTCATGCCAA-1,0.06666666666666667,0.6666666666666666,0.26666666666666666,0.0
GCACGTGCAATTCGTG-1,0.06666666666666667,0.7,0.23333333333333334,0.0
GCACGTGGTCGAATGG-1,0.13333333333333333,0.8,0.06666666666666667,0.0
GCACGTGTCACGGACC-1,0.03333333333333333,0.8,0.16666666666666666,0.0
GCACTAACAACGACAG-1,0.03333333333333333,0.6666666666666666,0.3,0.0
GCACTAACAACTGAAA-1,0.03333333333333333,0.5333333333333333,0.43333333333333335,0.0
GCACTAACAATTCACG-1,0.1,0.7666666666666667,0.13333333333333333,0.0
GCACTAACACAAGTTC-1,0.06666666666666667,0.4666666666666667,0.4666666666666667,0.0
GCACTAACATTCTCTA-1,0.1,0.7,0.2,0.0
GCACTAATCTGTGTGA-1,0.06666666666666667,0.8666666666666667,0.06666666666666667,0.0
GCAGCCAAGCTCCATA-1,0.03333333333333333,0.8,0.16666666666666666,0.0
GCAGCCAAGGGCAACT-1,0.06666666666666667,0.8666666666666667,0.06666666666666667,0.0
GCAGCCAAGTACCGGA-1,0.13333333333333333,0.5,0.36666666666666664,0.0
GCAGCCAAGTTTGTCG-1,0.06666666666666667,0.6333333333333333,0.3,0.0
GCAGCCACAACATCGT-1,0.06666666666666667,0.7333333333333333,0.2,0.0
GCAGCCACAGAAGCGT-1,0.1,0.8333333333333334,0.06666666666666667,0.0
GCAGCCACAGCGTAGA-1,0.06666666666666667,0.7666666666666667,0.16666666666666666,0.0
GCAGCCAGTAACGCGA-1,0.1,0.7,0.2,0.0
GCAGCCAGTAAGTAGT-1,0.03333333333333333,0.8666666666666667,0.1,0.0
GCAGCTGGTAGACGTG-1,0.03333333333333333,0.6666666666666666,0.3,0.0
GCAGCTGGTCCTCATC-1,0.1,0.8333333333333334,0.06666666666666667,0.0
GCAGCTGTCAAACCCA-1,0.06666666666666667,0.6,0.3333333333333333,0.0
GCAGGCTAGCGCCATC-1,0.03333333333333333,0.9,0.06666666666666667,0.0
GCAGGCTCATCGTCCT-1,0.06666666666666667,0.8333333333333334,0.1,0.0
GCAGGCTGTCGCGGTT-1,0.03333333333333333,0.8333333333333334,0.13333333333333333,0.0
GCAGGCTGTGTGTGTT-1,0.1,0.6666666666666666,0.23333333333333334,0.0
GCAGTTAAGCTGTTCA-1,0.03333333333333333,0.7333333333333333,0.23333333333333334,0.0
GCAGTTACATGGAGAC-1,0.23333333333333334,0.6666666666666666,0.1,0.0
GCAGTTAGTATCGGTT-1,0.13333333333333333,0.8,0.06666666666666667,0.0
GCAGTTAGTCCTGGTG-1,0.06666666666666667,0.8333333333333334,0.1,0.0
GCAGTTAGTGGAATGC-1,0.13333333333333333,0.6333333333333333,0.23333333333333334,0.0
GCAGTTATCCGAGTGC-1,0.06666666666666667,0.6,0.3333333333333333,0.0
GCAGTTATCGGCTGGT-1,0.03333333333333333,0.7666666666666667,0.2,0.0
GCATCGGAGGCCTAGA-1,0.1,0.8,0.1,0.0
GCATCGGAGTACTGGG-1,0.03333333333333333,0.8666666666666667,0.1,0.0
GCATCGGGTCACATTG-1,0.06666666666666667,0.9,0.03333333333333333,0.0
GCATCGGGTGCGGTAA-1,0.23333333333333334,0.6333333333333333,0.13333333333333333,0.0
GCATCGGGTGGCTGCT-1,0.06666666666666667,0.5,0.43333333333333335,0.0
GCATCGGGTTGACTGT-1,0.2,0.7333333333333333,0.06666666666666667,0.0
GCATCTCAGCTGCCTG-1,0.03333333333333333,0.7,0.26666666666666666,0.0
GCATCTCAGGGCGAAG-1,0.03333333333333333,0.8666666666666667,0.1,0.0
GCATCTCAGTCACGCC-1,0.03333333333333333,0.8666666666666667,0.1,0.0
GCATCTCAGTGCAACG-1,0.06666666666666667,0.7333333333333333,0.2,0.0
GCATCTCGTCTAACGT-1,0.1,0.8333333333333334,0.06666666666666667,0.0
GCATCTCGTGTTCCAA-1,0.03333333333333333,0.8,0.16666666666666666,0.0
GCATGATCAAAGGGTC-1,0.23333333333333334,0.4666666666666667,0.3,0.0
GCATGATCACCTGTCT-1,0.06666666666666667,0.8333333333333334,0.1,0.0
GCATGATCATCATCCC-1,0.03333333333333333,0.6,0.36666666666666664,0.0
GCATGATGTGGAGGTT-1,0.06666666666666667,0.7333333333333333,0.2,0.0
GCATGATTCCGTGGCA-1,0.2,0.6,0.2,0.0
GCATGATTCTGCGGCA-1,0.1,0.6666666666666666,0.23333333333333334,0.0
GCATTAGCATGCTGCG-1,0.06666666666666667,0.3333333333333333,0.6,0.0
GCATTAGGTAGGCAGT-1,0.13333333333333333,0.8333333333333334,0.03333333333333333,0.0
GCATTAGGTCTTGCGG-1,0.03333333333333333,0.8,0.16666666666666666,0.0
GCATTAGTCTCTATAC-1,0.13333333333333333,0.7,0.16666666666666666,0.0
GCCAACGCACCGCTAG-1,0.06666666666666667,0.7666666666666667,0.16666666666666666,0.0
GCCAACGCACTGGACC-1,0.06666666666666667,0.6333333333333333,0.3,0.0
GCCAACGGTACTAAGA-1,0.03333333333333333,0.9333333333333333,0.03333333333333333,0.0
GCCAACGGTAGCGATG-1,0.06666666666666667,0.7666666666666667,0.16666666666666666,0.0
GCCAACGGTCTGTGAT-1,0.06666666666666667,0.5333333333333333,0.4,0.0
GCCAACGTCTTGATTC-1,0.03333333333333333,0.6666666666666666,0.3,0.0
GCCAGCAAGATAGTCA-1,0.03333333333333333,0.8,0.16666666666666666,0.0
GCCAGCAAGGCCTTCG-1,0.06666666666666667,0.6333333333333333,0.3,0.0
GCCAGCAAGTGCAAAT-1,0.13333333333333333,0.8,0.06666666666666667,0.0
GCCAGCAGTACCCAGC-1,0.06666666666666667,0.8333333333333334,0.1,0.0
GCCAGCAGTTATGTCG-1,0.03333333333333333,0.5333333333333333,0.43333333333333335,0.0
GCCAGCATCGATTCCC-1,0.1,0.8666666666666667,0.03333333333333333,0.0
GCCAGCATCGTTCTGC-1,0.1,0.8333333333333334,0.06666666666666667,0.0
GCCAGGTAGGGAGTGG-1,0.1,0.7666666666666667,0.13333333333333333,0.0
GCCAGGTCACAGCATT-1,0.1,0.7333333333333333,0.16666666666666666,0.0
GCCAGGTCAGTCTCTC-1,0.13333333333333333,0.6333333333333333,0.23333333333333334,0.0
GCCAGGTCATATCGGT-1,0.13333333333333333,0.8333333333333334,0.03333333333333333,0.0
GCCAGGTTCCTCACCA-1,0.13333333333333333,0.7333333333333333,0.1,0.03333333333333333
GCCAGGTTCTACGGTA-1,0.13333333333333333,0.6,0.26666666666666666,0.0
GCCAGGTTCTCTCAAT-1,0.03333333333333333,0.5333333333333333,0.43333333333333335,0.0
GCCAGTGAGATGAATC-1,0.0,0.8333333333333334,0.16666666666666666,0.0
GCCAGTGTCGCGCCAA-1,0.1,0.5666666666666667,0.3333333333333333,0.0
GCCAGTGTCTAGCAAC-1,0.03333333333333333,0.6,0.36666666666666664,0.0
GCCATGGAGTTGGACG-1,0.13333333333333333,0.5666666666666667,0.3,0.0
GCCATGGCACCAGACC-1,0.06666666666666667,0.8666666666666667,0.06666666666666667,0.0
GCCATGGCATTCATCT-1,0.1,0.6,0.3,0.0
GCCATGGGTTTGACAC-1,0.03333333333333333,0.7333333333333333,0.23333333333333334,0.0
GCCATGGTCAGCGCGT-1,0.13333333333333333,0.6333333333333333,0.23333333333333334,0.0
GCCATGGTCCAGCAAT-1,0.03333333333333333,0.6,0.36666666666666664,0.0
GCCATGGTCCGCAGTG-1,0.13333333333333333,0.7666666666666667,0.1,0.0
GCCATTCAGATACAGT-1,0.13333333333333333,0.8333333333333334,0.03333333333333333,0.0
GCCATTCAGGTAAGGA-1,0.16666666666666666,0.6333333333333333,0.2,0.0
GCCATTCCAACACAAA-1,0.13333333333333333,0.5333333333333333,0.3333333333333333,0.0
GCCATTCCAAGGTACG-1,0.1,0.8666666666666667,0.03333333333333333,0.0
GCCATTCCACATTCTT-1,0.06666666666666667,0.8,0.13333333333333333,0.0
GCCATTCCAGCGTTGC-1,0.1,0.7666666666666667,0.13333333333333333,0.0
GCCATTCCATGAATCC-1,0.03333333333333333,0.8,0.16666666666666666,0.0
GCCATTCTCACCTGTC-1,0.03333333333333333,0.8666666666666667,0.1,0.0
GCCCAGAAGAATTGCA-1,0.06666666666666667,0.6333333333333333,0.3,0.0
GCCCAGAAGAGTTGCG-1,0.13333333333333333,0.8333333333333334,0.03333333333333333,0.0
GCCCAGACACCACATA-1,0.06666666666666667,0.8,0.13333333333333333,0.0
GCCCAGACATAGCACT-1,0.06666666666666667,0.8,0.13333333333333333,0.0
GCCCAGACATCATCTT-1,0.1,0.6333333333333333,0.26666666666666666,0.0
GCCCAGAGTGGACCAA-1,0.1,0.6666666666666666,0.23333333333333334,0.0
GCCCAGATCCGGACGT-1,0.1,0.7666666666666667,0.13333333333333333,0.0
GCCCGAAAGAGCTGCA-1,0.1,0.8333333333333334,0.06666666666666667,0.0
GCCCGAAAGGCTCTAT-1,0.0,0.7666666666666667,0.23333333333333334,0.0
GCCCGAAAGTAGCCAG-1,0.1,0.6,0.3,0.0
GCCCGAAGTCAATCTG-1,0.06666666666666667,0.43333333333333335,0.5,0.0
GCCCGAAGTCACTCAA-1,0.1,0.8,0.1,0.0
GCCCGAAGTCGACTTA-1,0.1,0.8,0.1,0.0
GCCCGAATCACGGGCT-1,0.13333333333333333,0.8,0.06666666666666667,0.0
GCCGATGGTAGGCAAC-1,0.03333333333333333,0.7,0.26666666666666666,0.0
GCCGATGGTATGACAA-1,0.06666666666666667,0.6,0.3333333333333333,0.0
GCCGTGAAGTATCTGC-1,0.06666666666666667,0.7,0.23333333333333334,0.0
GCCGTGACAGCAGATG-1,0.1,0.8666666666666667,0.03333333333333333,0.0
GCCGTGACATAGGCGA-1,0.06666666666666667,0.4,0.5333333333333333,0.0
GCCTGTTAGGATCATA-1,0.1,0.4,0.4666666666666667,0.03333333333333333
GCCTGTTCACCCTTAC-1,0.06666666666666667,0.5333333333333333,0.4,0.0
GCCTGTTCACCGCTAG-1,0.03333333333333333,0.8333333333333334,0.13333333333333333,0.0
GCCTGTTGTGTTCAGT-1,0.03333333333333333,0.6333333333333333,0.3333333333333333,0.0
GCCTGTTGTTTCCATT-1,0.1,0.6,0.3,0.0
GCCTGTTTCGAGTGAG-1,0.13333333333333333,0.7333333333333333,0.13333333333333333,0.0
GCGAGAAAGAGCTGAC-1,0.1,0.8,0.1,0.0
GCGAGAAAGCATATGA-1,0.06666666666666667,0.6666666666666666,0.26666666666666666,0.0
GCGAGAAGTATCACGT-1,0.03333333333333333,0.7333333333333333,0.23333333333333334,0.0
GCGAGAAGTGGTCTAT-1,0.1,0.8,0.1,0.0
GCGAGAAGTTCCGCAG-1,0.06666666666666667,0.4666666666666667,0.4666666666666667,0.0
GCGAGAATCGAAGAAT-1,0.06666666666666667,0.9,0.03333333333333333,0.0
GCGATCGAGGATAATC-1,0.06666666666666667,0.6666666666666666,0.26666666666666666,0.0
GCGATCGGTGACTGTT-1,0.06666666666666667,0.6666666666666666,0.26666666666666666,0.0
GCGATCGTCGATCCCT-1,0.06666666666666667,0.6666666666666666,0.26666666666666666,0.0
GCGGAAACAACAGCCC-1,0.06666666666666667,0.43333333333333335,0.5,0.0
GCGGAAACATCGCTCT-1,0.03333333333333333,0.9333333333333333,0.03333333333333333,0.0
GCGGAAACATCTGGGC-1,0.06666666666666667,0.7,0.23333333333333334,0.0
GCGGAAAGTACCGTGC-1,0.06666666666666667,0.8333333333333334,0.1,0.0
GCGGAAAGTATGAGGC-1,0.06666666666666667,0.7,0.23333333333333334,0.0
GCGGAAAGTATTTCTC-1,0.06666666666666667,0.8333333333333334,0.1,0.0
GCGGAAAGTCAAGCCC-1,0.06666666666666667,0.7333333333333333,0.2,0.0
GCGGATCAGCGACATG-1,0.03333333333333333,0.8333333333333334,0.13333333333333333,0.0
GCGGATCAGTGGCCTC-1,0.2,0.6666666666666666,0.13333333333333333,0.0
GCGGATCCACTTCTCG-1,0.03333333333333333,0.6666666666666666,0.3,0.0
GCGGATCTCAGACCTA-1,0.1,0.9,0.0,0.0
GCGGATCTCGAACGGA-1,0.03333333333333333,0.8666666666666667,0.1,0.0
GCGGATCTCTGGACTA-1,0.1,0.8,0.1,0.0
GCGGATCTCTTAGGAC-1,0.1,0.26666666666666666,0.6333333333333333,0.0
GCGTGCAGTCACTTAG-1,0.1,0.8,0.1,0.0
GCGTGCATCCCAACTC-1,0.03333333333333333,0.7,0.26666666666666666,0.0
GCGTGCATCGCCGAAC-1,0.16666666666666666,0.7,0.13333333333333333,0.0
GCGTTTCCACGCGTCA-1,0.2,0.7,0.1,0.0
GCGTTTCGTAGGACCA-1,0.16666666666666666,0.6,0.23333333333333334,0.0
GCGTTTCGTGGAATGC-1,0.1,0.6666666666666666,0.23333333333333334,0.0
GCGTTTCGTTGCGTAT-1,0.03333333333333333,0.9,0.06666666666666667,0.0
GCGTTTCTCAGACCGC-1,0.06666666666666667,0.8333333333333334,0.1,0.0
GCGTTTCTCGCCTCTA-1,0.1,0.7666666666666667,0.1,0.03333333333333333
GCGTTTCTCGGTAACT-1,0.2,0.6666666666666666,0.13333333333333333,0.0
GCGTTTCTCGTTCTAT-1,0.13333333333333333,0.8,0.06666666666666667,0.0
GCTACAAAGATGATTG-1,0.0,0.6666666666666666,0.3333333333333333,0.0
GCTACAAAGGTTGTTC-1,0.03333333333333333,0.6666666666666666,0.3,0.0
GCTACAACAGATCCAT-1,0.13333333333333333,0.8,0.06666666666666667,0.0
GCTACAATCCAGTGCG-1,0.06666666666666667,0.7333333333333333,0.2,0.0
GCTACCTAGCTCGTGC-1,0.06666666666666667,0.8,0.13333333333333333,0.0
GCTACCTAGGTTGACG-1,0.16666666666666666,0.6333333333333333,0.2,0.0
GCTACCTAGTAAACAC-1,0.1,0.7,0.2,0.0
GCTACCTCAACCGCCA-1,0.1,0.7,0.2,0.0
GCTACCTCATCAGCGC-1,0.1,0.5333333333333333,0.36666666666666664,0.0
GCTACCTGTCTTGTCC-1,0.1,0.7666666666666667,0.13333333333333333,0.0
GCTACCTTCCACTGGG-1,0.03333333333333333,0.8333333333333334,0.13333333333333333,0.0
GCTCAAAAGGCCTGAA-1,0.03333333333333333,0.8,0.16666666666666666,0.0
GCTCAAACATGACTCA-1,0.1,0.5,0.4,0.0
GCTCAAAGTACGATCT-1,0.1,0.7,0.2,0.0
GCTCAAAGTCCGTTTC-1,0.06666666666666667,0.5666666666666667,0.36666666666666664,0.0
GCTCAAAGTCTCTCTG-1,0.06666666666666667,0.6333333333333333,0.3,0.0
GCTCAAATCGGTAAGG-1,0.06666666666666667,0.8666666666666667,0.06666666666666667,0.0
GCTCAAATCGTAACTG-1,0.1,0.5333333333333333,0.36666666666666664,0.0
GCTGAATAGTGCACTT-1,0.03333333333333333,0.7,0.26666666666666666,0.0
GCTGAATAGTTTCGAC-1,0.06666666666666667,0.4,0.5333333333333333,0.0
GCTGAATCACCTGTCT-1,0.1,0.7666666666666667,0.13333333333333333,0.0
GCTGAATCATGAATCC-1,0.06666666666666667,0.7,0.23333333333333334,0.0
GCTGAATGTAGGCTGA-1,0.1,0.8333333333333334,0.06666666666666667,0.0
GCTGAATGTATCAGGG-1,0.1,0.7333333333333333,0.16666666666666666,0.0
GCTGAATGTATCGCAT-1,0.06666666666666667,0.5666666666666667,0.36666666666666664,0.0
GCTGAATGTGGACCAA-1,0.06666666666666667,0.6666666666666666,0.26666666666666666,0.0
GCTGAATTCACCCATC-1,0.03333333333333333,0.7,0.26666666666666666,0.0
GCTGAATTCCTCGATC-1,0.03333333333333333,0.7666666666666667,0.2,0.0
GCTGAATTCGATTCCC-1,0.06666666666666667,0.5333333333333333,0.4,0.0
GCTGCAGCAATCTCTT-1,0.16666666666666666,0.5333333333333333,0.3,0.0
GCTGCAGCAGCAGTAG-1,0.06666666666666667,0.9,0.03333333333333333,0.0
GCTGCAGCATAGATGA-1,0.03333333333333333,0.6666666666666666,0.3,0.0
GCTGCAGCATATTCGG-1,0.1,0.7333333333333333,0.16666666666666666,0.0
GCTGCAGGTAGGACTG-1,0.06666666666666667,0.6333333333333333,0.3,0.0
GCTGCAGGTGTTCCAA-1,0.13333333333333333,0.7333333333333333,0.13333333333333333,0.0
GCTGCAGGTTAGCTAC-1,0.1,0.5,0.4,0.0
GCTGCAGGTTTACTTC-1,0.1,0.7666666666666667,0.13333333333333333,0.0
GCTGCAGTCGCTGACG-1,0.03333333333333333,0.7333333333333333,0.23333333333333334,0.0
GCTGCAGTCTCATTTG-1,0.13333333333333333,0.7,0.16666666666666666,0.0
GCTGGGTAGGCATCAG-1,0.03333333333333333,0.8333333333333334,0.13333333333333333,0.0
GCTGGGTAGTTTGTCG-1,0.06666666666666667,0.8333333333333334,0.1,0.0
GCTGGGTCAGGAATAT-1,0.03333333333333333,0.8333333333333334,0.13333333333333333,0.0
GCTGGGTCATACCAGT-1,0.1,0.7,0.2,0.0
GCTGGGTTCAAAGACA-1,0.03333333333333333,0.8,0.16666666666666666,0.0
GCTGGGTTCACTGGGC-1,0.1,0.9,0.0,0.0
GCTTCACAGAAATTCG-1,0.1,0.8,0.1,0.0
GCTTCACAGCGTCAGA-1,0.1,0.7666666666666667,0.13333333333333333,0.0
GCTTCACAGTCCCAAT-1,0.1,0.7,0.2,0.0
GCTTCACCACTGAGTT-1,0.06666666666666667,0.6666666666666666,0.26666666666666666,0.0
GCTTCACCATACATCG-1,0.03333333333333333,0.6,0.3333333333333333,0.03333333333333333
GCTTCACGTCCTCAGG-1,0.06666666666666667,0.9,0.03333333333333333,0.0
GCTTCACGTCCTCATC-1,0.06666666666666667,0.6333333333333333,0.3,0.0
GCTTCACGTTTCCAAG-1,0.16666666666666666,0.6333333333333333,0.2,0.0
GCTTCACTCGAATGCT-1,0.06666666666666667,0.4,0.5333333333333333,0.0
GCTTGGGCACAAATCC-1,0.06666666666666667,0.9,0.03333333333333333,0.0
GCTTGGGGTACTCGAT-1,0.16666666666666666,0.6,0.23333333333333334,0.0
GCTTGGGGTCCTATAG-1,0.16666666666666666,0.7,0.13333333333333333,0.0
GCTTGGGGTCGTTTCC-1,0.26666666666666666,0.4,0.3333333333333333,0.0
GCTTGGGGTTACCTTT-1,0.06666666666666667,0.8333333333333334,0.1,0.0
GCTTGGGGTTTGGCTA-1,0.03333333333333333,0.8333333333333334,0.13333333333333333,0.0
GCTTGGGTCCGTGTCT-1,0.06666666666666667,0.8666666666666667,0.03333333333333333,0.03333333333333333
GCTTGGGTCGTGTCAA-1,0.06666666666666667,0.7,0.23333333333333334,0.0
GCTTGGGTCGTGTTCC-1,0.03333333333333333,0.7333333333333333,0.23333333333333334,0.0
GCTTTCGAGCCTTCTC-1,0.1,0.8,0.1,0.0
GCTTTCGAGTATTAGG-1,0.06666666666666667,0.8666666666666667,0.06666666666666667,0.0
GCTTTCGCACAGTGTT-1,0.13333333333333333,0.7666666666666667,0.1,0.0
GCTTTCGCATACGCAT-1,0.1,0.7333333333333333,0.16666666666666666,0.0
GCTTTCGGTAGGGAGG-1,0.03333333333333333,0.7333333333333333,0.23333333333333334,0.0
GCTTTCGGTGGTGATG-1,0.06666666666666667,0.5333333333333333,0.4,0.0
GCTTTCGGTGTCCCTT-1,0.03333333333333333,0.8,0.16666666666666666,0.0
GCTTTCGGTTAAACCC-1,0.16666666666666666,0.7333333333333333,0.1,0.0
GCTTTCGGTTCTCACC-1,0.06666666666666667,0.7666666666666667,0.16666666666666666,0.0
GCTTTCGTCATACGAC-1,0.06666666666666667,0.8333333333333334,0.1,0.0
GGAACCCAGACCTCAT-1,0.03333333333333333,0.9666666666666667,0.0,0.0
GGAACCCAGCGTGTCC-1,0.2,0.6666666666666666,0.13333333333333333,0.0
GGAACCCCACACCGCA-1,0.1,0.7333333333333333,0.16666666666666666,0.0
GGAACCCGTGGTCTGC-1,0.13333333333333333,0.7333333333333333,0.13333333333333333,0.0
GGAACCCGTGTCGATT-1,0.1,0.3333333333333333,0.5666666666666667,0.0
GGAAGTGAGCATGGGT-1,0.13333333333333333,0.8333333333333334,0.03333333333333333,0.0
GGAAGTGCAATAGTAG-1,0.16666666666666666,0.6333333333333333,0.2,0.0
GGAAGTGCAGAGCCCT-1,0.06666666666666667,0.8333333333333334,0.1,0.0
GGAAGTGTCCACGAAT-1,0.06666666666666667,0.6333333333333333,0.3,0.0
GGAATCTAGAATCCCT-1,0.1,0.8,0.1,0.0
GGAATCTAGGATTTAG-1,0.1,0.6333333333333333,0.26666666666666666,0.0
GGAATCTAGTCACTCA-1,0.1,0.8333333333333334,0.06666666666666667,0.0
GGAATCTAGTGCCAGA-1,0.1,0.9,0.0,0.0
GGAATCTAGTTGTCGT-1,0.1,0.7666666666666667,0.13333333333333333,0.0
GGAATCTCAGGTCAAG-1,0.13333333333333333,0.7333333333333333,0.13333333333333333,0.0
GGAATCTCATACCATG-1,0.06666666666666667,0.7,0.23333333333333334,0.0
GGAATCTGTAGTTCCA-1,0.03333333333333333,0.6,0.36666666666666664,0.0
GGAATCTGTCGGTACC-1,0.06666666666666667,0.9,0.03333333333333333,0.0
GGAATCTTCAAGGACG-1,0.1,0.7,0.2,0.0
GGAATCTTCCTAGCTC-1,0.1,0.7,0.2,0.0
GGAATGGAGCGAGTCA-1,0.06666666666666667,0.43333333333333335,0.5,0.0
GGAATGGCACTCATAG-1,0.0,0.9333333333333333,0.03333333333333333,0.03333333333333333
GGAATGGCAGACTGCC-1,0.1,0.5333333333333333,0.36666666666666664,0.0
GGAATGGGTACAACGG-1,0.16666666666666666,0.7666666666666667,0.06666666666666667,0.0
GGAATGGGTCTCGACG-1,0.2,0.7666666666666667,0.03333333333333333,0.0
GGACGTCAGCCTCCAG-1,0.16666666666666666,0.6,0.23333333333333334,0.0
GGACGTCAGGCTAGCA-1,0.1,0.8666666666666667,0.03333333333333333,0.0
GGACGTCCAAGCGCAA-1,0.06666666666666667,0.6666666666666666,0.26666666666666666,0.0
GGACGTCCACTGTTCC-1,0.06666666666666667,0.8,0.13333333333333333,0.0
GGACGTCCAGACTCTA-1,0.06666666666666667,0.8666666666666667,0.06666666666666667,0.0
GGACGTCCATGCGGTC-1,0.06666666666666667,0.7666666666666667,0.16666666666666666,0.0
GGACGTCGTACCGGAA-1,0.1,0.7,0.2,0.0
GGACGTCTCGAAGCAG-1,0.1,0.8333333333333334,0.06666666666666667,0.0
GGACGTCTCGTCGATA-1,0.1,0.7,0.2,0.0
GGAGAACAGGTCGACA-1,0.1,0.6,0.26666666666666666,0.03333333333333333
GGAGAACGTGGATCGA-1,0.13333333333333333,0.7,0.16666666666666666,0.0
GGAGAACGTGGTGATG-1,0.1,0.8,0.1,0.0
GGAGAACTCCCTTGGT-1,0.06666666666666667,0.6666666666666666,0.26666666666666666,0.0
GGAGATGCAACCGATT-1,0.06666666666666667,0.8,0.13333333333333333,0.0
GGAGATGCACACACGC-1,0.1,0.6333333333333333,0.26666666666666666,0.0
GGAGATGGTCACTCGG-1,0.03333333333333333,0.7666666666666667,0.2,0.0
GGAGATGTCACTCTTA-1,0.16666666666666666,0.7,0.13333333333333333,0.0
GGAGATGTCCGGGACT-1,0.06666666666666667,0.6333333333333333,0.3,0.0
GGAGATGTCGCACGGT-1,0.06666666666666667,0.6666666666666666,0.26666666666666666,0.0
GGAGATGTCTCGCTTG-1,0.16666666666666666,0.7,0.13333333333333333,0.0
GGAGATGTCTTACCAT-1,0.06666666666666667,0.8,0.13333333333333333,0.0
GGAGCAAAGGATGGCT-1,0.06666666666666667,0.7,0.23333333333333334,0.0
GGAGCAAAGGCCTTGC-1,0.1,0.6333333333333333,0.26666666666666666,0.0
GGAGCAATCATGAGTC-1,0.26666666666666666,0.6,0.13333333333333333,0.0
GGAGCAATCCAGCACG-1,0.06666666666666667,0.5666666666666667,0.36666666666666664,0.0
GGAGCAATCTCAGTCC-1,0.06666666666666667,0.7,0.23333333333333334,0.0
GGAGGATAGATCCCAT-1,0.03333333333333333,0.9,0.06666666666666667,0.0
GGAGGATCACCACATA-1,0.13333333333333333,0.7666666666666667,0.1,0.0
GGAGGATCACCAGTAT-1,0.03333333333333333,0.8333333333333334,0.13333333333333333,0.0
GGAGGATCACGGTCTG-1,0.06666666666666667,0.8333333333333334,0.1,0.0
GGAGGATGTAAGATCA-1,0.1,0.5,0.36666666666666664,0.03333333333333333
GGAGGATGTGCCTACG-1,0.03333333333333333,0.8,0.16666666666666666,0.0
GGAGGATGTGTGTGTT-1,0.1,0.7,0.2,0.0
GGAGGATTCATCCTGC-1,0.06666666666666667,0.4666666666666667,0.4666666666666667,0.0
GGAGGATTCGAGTGAG-1,0.13333333333333333,0.7,0.16666666666666666,0.0
GGAGGTAAGCGCCTTG-1,0.03333333333333333,0.6333333333333333,0.3333333333333333,0.0
GGAGGTAAGCTTCATG-1,0.13333333333333333,0.7666666666666667,0.1,0.0
GGAGGTAGTAAGGAGA-1,0.13333333333333333,0.6,0.26666666666666666,0.0
GGAGGTAGTCCTATAG-1,0.06666666666666667,0.9333333333333333,0.0,0.0
GGAGGTATCGAACGGA-1,0.1,0.6333333333333333,0.26666666666666666,0.0
GGAGGTATCGACGCGT-1,0.1,0.7666666666666667,0.13333333333333333,0.0
GGAGGTATCGCTAGCG-1,0.1,0.7666666666666667,0.13333333333333333,0.0
GGATCTAGTACCGGCT-1,0.06666666666666667,0.7666666666666667,0.16666666666666666,0.0
GGATCTAGTTGCGGAA-1,0.06666666666666667,0.8666666666666667,0.06666666666666667,0.0
GGATCTATCCTCAGAA-1,0.13333333333333333,0.6,0.26666666666666666,0.0
GGATGTTAGTAGCATA-1,0.06666666666666667,0.8333333333333334,0.1,0.0
GGATGTTCATAATCGC-1,0.06666666666666667,0.7333333333333333,0.2,0.0
GGATGTTGTACCTATG-1,0.03333333333333333,0.7333333333333333,0.23333333333333334,0.0
GGATGTTTCATGCAGT-1,0.2,0.7333333333333333,0.06666666666666667,0.0
GGATGTTTCGAAGTGG-1,0.16666666666666666,0.7333333333333333,0.1,0.0
GGCACGTAGGATAATC-1,0.06666666666666667,0.6666666666666666,0.26666666666666666,0.0
GGCACGTCACGTCGGT-1,0.03333333333333333,0.5666666666666667,0.4,0.0
GGCACGTCATGGAATA-1,0.2,0.7,0.1,0.0
GGCACGTGTTGCGGCT-1,0.13333333333333333,0.7333333333333333,0.13333333333333333,0.0
GGCACGTTCTCGTGGG-1,0.06666666666666667,0.9,0.03333333333333333,0.0
GGCAGTCAGGCGAACT-1,0.16666666666666666,0.6,0.23333333333333334,0.0
GGCAGTCCAGTAGTTC-1,0.16666666666666666,0.5666666666666667,0.26666666666666666,0.0
GGCAGTCCAGTATGAA-1,0.06666666666666667,0.7333333333333333,0.2,0.0
GGCAGTCCATAAGCAA-1,0.1,0.7333333333333333,0.16666666666666666,0.0
GGCAGTCGTTCAGCGC-1,0.16666666666666666,0.6333333333333333,0.2,0.0
GGCAGTCTCGTTGTTT-1,0.1,0.8,0.1,0.0
GGCAGTCTCTACTGCC-1,0.03333333333333333,0.7333333333333333,0.23333333333333334,0.0
GGCGTCAAGCAAGTCG-1,0.06666666666666667,0.7333333333333333,0.16666666666666666,0.03333333333333333
GGCGTCAAGCGACTTT-1,0.03333333333333333,0.8333333333333334,0.13333333333333333,0.0
GGCGTCACAAGGGTCA-1,0.1,0.6,0.3,0.0
GGCGTCACAGTCAGAG-1,0.13333333333333333,0.7333333333333333,0.13333333333333333,0.0
GGCGTCAGTCACCGAC-1,0.03333333333333333,0.7666666666666667,0.2,0.0
GGCGTCATCCCTTCCC-1,0.06666666666666667,0.7666666666666667,0.16666666666666666,0.0
GGCGTCATCTACACAG-1,0.1,0.8666666666666667,0.03333333333333333,0.0
GGCTGTGAGGTGAGAA-1,0.13333333333333333,0.7,0.16666666666666666,0.0
GGCTGTGCACTGGCGT-1,0.1,0.7666666666666667,0.13333333333333333,0.0
GGCTGTGCAGATCATC-1,0.03333333333333333,0.6333333333333333,0.3333333333333333,0.0
GGCTGTGGTTACAGCT-1,0.13333333333333333,0.8666666666666667,0.0,0.0
GGCTGTGTCGTGCACG-1,0.03333333333333333,0.7666666666666667,0.2,0.0
GGCTTGGCATGTCTAG-1,0.06666666666666667,0.5666666666666667,0.36666666666666664,0.0
GGCTTGGGTCTTAGTG-1,0.06666666666666667,0.8666666666666667,0.06666666666666667,0.0
GGCTTGGTCCACAAGT-1,0.03333333333333333,0.9333333333333333,0.03333333333333333,0.0
GGCTTGGTCGTTGTAG-1,0.13333333333333333,0.8,0.06666666666666667,0.0
GGCTTTCAGGTGCTGA-1,0.06666666666666667,0.8333333333333334,0.1,0.0
GGCTTTCCAATGACCT-1,0.1,0.7666666666666667,0.13333333333333333,0.0
GGCTTTCCACCCGTAG-1,0.13333333333333333,0.7666666666666667,0.1,0.0
GGCTTTCGTGCGGATA-1,0.06666666666666667,0.7,0.23333333333333334,0.0
GGCTTTCGTTGCCATA-1,0.03333333333333333,0.8666666666666667,0.1,0.0
GGCTTTCTCAATCAGC-1,0.03333333333333333,0.8666666666666667,0.1,0.0
GGCTTTCTCATCCCGT-1,0.06666666666666667,0.6333333333333333,0.3,0.0
GGCTTTCTCCAACACA-1,0.06666666666666667,0.5333333333333333,0.4,0.0
GGCTTTCTCGAGAATA-1,0.13333333333333333,0.6666666666666666,0.2,0.0
GGGAAGTAGATAACGT-1,0.13333333333333333,0.8333333333333334,0.03333333333333333,0.0
GGGAAGTAGTGCTACT-1,0.0,0.8,0.2,0.0
GGGAAGTTCCGATCTC-1,0.13333333333333333,0.7666666666666667,0.1,0.0
GGGAAGTTCGCACGGT-1,0.06666666666666667,0.43333333333333335,0.5,0.0
GGGAAGTTCTTGGTCC-1,0.03333333333333333,0.9,0.06666666666666667,0.0
GGGACAAAGCTTCGTA-1,0.06666666666666667,0.7666666666666667,0.16666666666666666,0.0
GGGACAAAGGGAGGAC-1,0.1,0.3333333333333333,0.5666666666666667,0.0
GGGACAAAGGTGAGAA-1,0.06666666666666667,0.7333333333333333,0.2,0.0
GGGACAACAAAGAGTT-1,0.1,0.8333333333333334,0.06666666666666667,0.0
GGGACAAGTGGACTGA-1,0.3,0.5666666666666667,0.13333333333333333,0.0
GGGACAAGTTCTCCCA-1,0.06666666666666667,0.8,0.13333333333333333,0.0
GGGACAATCAGTGATC-1,0.16666666666666666,0.5666666666666667,0.26666666666666666,0.0
GGGACAATCTACCCAC-1,0.03333333333333333,0.8333333333333334,0.13333333333333333,0.0
GGGACCTCAAACGAGC-1,0.1,0.8333333333333334,0.06666666666666667,0.0
GGGACCTCAACCGATT-1,0.1,0.7,0.2,0.0
GGGACCTCAAGACCTT-1,0.03333333333333333,0.7,0.26666666666666666,0.0
GGGACCTCACCACTGG-1,0.03333333333333333,0.7333333333333333,0.23333333333333334,0.0
GGGACCTCACGGGCTT-1,0.06666666666666667,0.7333333333333333,0.2,0.0
GGGACCTCAGATCCAT-1,0.06666666666666667,0.7,0.23333333333333334,0.0
GGGACCTCAGTCGAGA-1,0.06666666666666667,0.6333333333333333,0.3,0.0
GGGACCTCATCAGCGC-1,0.1,0.6,0.3,0.0
GGGACCTTCATGCCAA-1,0.13333333333333333,0.7666666666666667,0.1,0.0
GGGACCTTCCGATGTA-1,0.03333333333333333,0.4666666666666667,0.5,0.0
GGGACCTTCGGTAACT-1,0.03333333333333333,0.6666666666666666,0.3,0.0
GGGACCTTCTCGTGAA-1,0.06666666666666667,0.7333333333333333,0.2,0.0
GGGACTCCACATACTG-1,0.03333333333333333,0.8666666666666667,0.1,0.0
GGGACTCCACGAAAGC-1,0.1,0.7666666666666667,0.13333333333333333,0.0
GGGACTCCAGAGGTTG-1,0.1,0.8333333333333334,0.06666666666666667,0.0
GGGACTCCATCCTAAG-1,0.06666666666666667,0.9333333333333333,0.0,0.0
GGGACTCCATGGGCAA-1,0.0,0.9333333333333333,0.06666666666666667,0.0
GGGACTCGTAGCGAGT-1,0.06666666666666667,0.7333333333333333,0.2,0.0
GGGACTCTCCTACAAG-1,0.1,0.6666666666666666,0.23333333333333334,0.0
GGGACTCTCGGCTGGT-1,0.06666666666666667,0.5333333333333333,0.4,0.0
GGGAGATCACGACAGA-1,0.0,0.7333333333333333,0.26666666666666666,0.0
GGGAGATCAGTAGAAT-1,0.1,0.7,0.2,0.0
GGGAGATGTAGAGTTA-1,0.1,0.7666666666666667,0.13333333333333333,0.0
GGGAGATGTTGCCGCA-1,0.03333333333333333,0.6333333333333333,0.3333333333333333,0.0
GGGAGATTCGGAAGGT-1,0.13333333333333333,0.7333333333333333,0.13333333333333333,0.0
GGGAGTACATACCAGT-1,0.1,0.6,0.26666666666666666,0.03333333333333333
GGGAGTACATTGTGCA-1,0.13333333333333333,0.8666666666666667,0.0,0.0
GGGAGTAGTGTATTCG-1,0.06666666666666667,0.7,0.23333333333333334,0.0
GGGAGTATCGAAACAA-1,0.06666666666666667,0.7,0.23333333333333334,0.0
GGGAGTATCGCATTAG-1,0.03333333333333333,0.5666666666666667,0.4,0.0
GGGATCCAGAGCATCG-1,0.1,0.6333333333333333,0.26666666666666666,0.0
GGGATCCAGAGTTGTA-1,0.03333333333333333,0.6666666666666666,0.3,0.0
GGGATCCAGGCTCACC-1,0.03333333333333333,0.5,0.4666666666666667,0.0
GGGATCCCACTATCCC-1,0.0,0.8666666666666667,0.13333333333333333,0.0
GGGATCCCAGCTCTGG-1,0.1,0.6,0.3,0.0
GGGATCCGTGAACGGT-1,0.2,0.7,0.1,0.0
GGGATCCTCCTCCACA-1,0.0,0.7,0.3,0.0
GGGATCCTCTAGTGAC-1,0.16666666666666666,0.7666666666666667,0.06666666666666667,0.0
GGGATGACACTACCCT-1,0.06666666666666667,0.7666666666666667,0.16666666666666666,0.0
GGGATGAGTAACCAGG-1,0.06666666666666667,0.9333333333333333,0.0,0.0
GGGATGAGTGCGACAA-1,0.1,0.5666666666666667,0.3333333333333333,0.0
GGGATGATCAAGCCGC-1,0.06666666666666667,0.4666666666666667,0.4666666666666667,0.0
GGGATGATCGTTCTCG-1,0.06666666666666667,0.7666666666666667,0.16666666666666666,0.0
GGGATGATCTACCCAC-1,0.03333333333333333,0.5666666666666667,0.4,0.0
GGGATGATCTTGGAAC-1,0.03333333333333333,0.7333333333333333,0.23333333333333334,0.0
GGGCCATCAGTGAGCA-1,0.03333333333333333,0.7333333333333333,0.23333333333333334,0.0
GGGCCATGTGTAGGAC-1,0.03333333333333333,0.7,0.26666666666666666,0.0
GGGCCATGTTGCCAAT-1,0.06666666666666667,0.8333333333333334,0.1,0.0
GGGCCATTCTGTCCCA-1,0.06666666666666667,0.8,0.13333333333333333,0.0
GGGCGTTAGAGTCAGC-1,0.03333333333333333,0.6666666666666666,0.3,0.0
GGGCGTTAGTGATCGG-1,0.03333333333333333,0.6,0.36666666666666664,0.0
GGGCGTTCACGCGGTT-1,0.06666666666666667,0.7,0.23333333333333334,0.0
GGGCGTTTCATTCACT-1,0.03333333333333333,0.8666666666666667,0.1,0.0
GGGCGTTTCTAAGAAG-1,0.1,0.7,0.2,0.0
GGGCTACAGTACGAGC-1,0.13333333333333333,0.8333333333333334,0.03333333333333333,0.0
GGGCTACAGTCACTAC-1,0.16666666666666666,0.6,0.23333333333333334,0.0
GGGCTACCACGACAAG-1,0.06666666666666667,0.5666666666666667,0.36666666666666664,0.0
GGGCTACGTACCGGAA-1,0.03333333333333333,0.7666666666666667,0.2,0.0
GGGCTACGTCGGTGTC-1,0.06666666666666667,0.7666666666666667,0.16666666666666666,0.0
GGGCTACGTGTTTGCA-1,0.06666666666666667,0.7,0.23333333333333334,0.0
GGGCTACGTTGTAGCT-1,0.03333333333333333,0.8,0.16666666666666666,0.0
GGGCTACTCATTCGTT-1,0.06666666666666667,0.9,0.03333333333333333,0.0
GGGCTACTCGGTTGTA-1,0.13333333333333333,0.6,0.26666666666666666,0.0
GGGCTACTCTTTGGAG-1,0.06666666666666667,0.6666666666666666,0.26666666666666666,0.0
GGGCTCAAGATGCTGG-1,0.03333333333333333,0.8,0.16666666666666666,0.0
GGGCTCAAGGTTCAGG-1,0.1,0.7,0.2,0.0
GGGCTCACAATCGAAA-1,0.03333333333333333,0.7666666666666667,0.2,0.0
GGGCTCAGTGAGCGAT-1,0.06666666666666667,0.7333333333333333,0.2,0.0
GGGCTCAGTGGCACTC-1,0.13333333333333333,0.8,0.06666666666666667,0.0
GGGCTCATCACTACTT-1,0.0,0.8333333333333334,0.16666666666666666,0.0
GGGTAGAAGAAAGCGA-1,0.06666666666666667,0.7,0.23333333333333334,0.0
GGGTAGACAAGACCTT-1,0.1,0.6333333333333333,0.26666666666666666,0.0
GGGTAGACATGATAGA-1,0.06666666666666667,0.8666666666666667,0.06666666666666667,0.0
GGGTAGAGTCTACACA-1,0.13333333333333333,0.8666666666666667,0.0,0.0
GGGTAGAGTGGCCACT-1,0.06666666666666667,0.6333333333333333,0.3,0.0
GGGTAGATCTGGGAGA-1,0.13333333333333333,0.6,0.26666666666666666,0.0
GGGTATTCAGAAATCA-1,0.06666666666666667,0.6333333333333333,0.3,0.0
GGGTATTCAGGTTCGC-1,0.03333333333333333,0.8,0.16666666666666666,0.0
GGGTATTGTATCACGT-1,0.2,0.6333333333333333,0.16666666666666666,0.0
GGGTATTGTCATGCAT-1,0.13333333333333333,0.6333333333333333,0.23333333333333334,0.0
GGGTATTGTGCAATAA-1,0.13333333333333333,0.5,0.36666666666666664,0.0
GGGTATTGTGTTAAAG-1,0.06666666666666667,0.9,0.03333333333333333,0.0
GGGTATTTCTTAGGAC-1,0.13333333333333333,0.7333333333333333,0.13333333333333333,0.0
GGGTCACAGCTGGCTC-1,0.06666666666666667,0.8333333333333334,0.1,0.0
GGGTCACCAGGACGAT-1,0.06666666666666667,0.7333333333333333,0.2,0.0
GGGTCACGTAAGATAC-1,0.06666666666666667,0.8,0.13333333333333333,0.0
GGGTCACGTACATACC-1,0.03333333333333333,0.8,0.16666666666666666,0.0
GGGTCACGTGCTAGCC-1,0.1,0.6333333333333333,0.26666666666666666,0.0
GGGTCACGTTAAAGTG-1,0.06666666666666667,0.7333333333333333,0.2,0.0
GGGTCACTCAGATGCT-1,0.2,0.7666666666666667,0.03333333333333333,0.0
GGGTCACTCCTTACCG-1,0.1,0.8,0.1,0.0
GGGTCTGAGAGTCAGC-1,0.06666666666666667,0.7,0.23333333333333334,0.0
GGGTCTGAGGTTTGAA-1,0.1,0.6333333333333333,0.26666666666666666,0.0
GGGTCTGAGTCTACCA-1,0.06666666666666667,0.7,0.23333333333333334,0.0
GGGTCTGCAAGGCAAC-1,0.06666666666666667,0.5666666666666667,0.36666666666666664,0.0
GGGTCTGGTATCACGT-1,0.06666666666666667,0.7333333333333333,0.2,0.0
GGGTCTGGTTGCGGAA-1,0.13333333333333333,0.7666666666666667,0.1,0.0
GGGTGAACACTGTCCT-1,0.03333333333333333,0.5666666666666667,0.4,0.0
GGGTGAACAGCTGTTA-1,0.03333333333333333,0.7333333333333333,0.23333333333333334,0.0
GGGTGAAGTAATCAAG-1,0.06666666666666667,0.4666666666666667,0.4666666666666667,0.0
GGGTGAAGTAGCACGA-1,0.06666666666666667,0.8666666666666667,0.06666666666666667,0.0
GGGTGAAGTTCATCGA-1,0.06666666666666667,0.4666666666666667,0.4666666666666667,0.0
GGGTGAATCGATGGAG-1,0.2,0.7333333333333333,0.06666666666666667,0.0
GGGTGTCAGGCCGCTT-1,0.03333333333333333,0.7333333333333333,0.23333333333333334,0.0
GGGTGTCCAACTGCTA-1,0.03333333333333333,0.5,0.4666666666666667,0.0
GGGTGTCCAGATTTCG-1,0.13333333333333333,0.8333333333333334,0.03333333333333333,0.0
GGGTGTCCAGCGTGAA-1,0.1,0.9,0.0,0.0
GGGTGTCCATGACGGA-1,0.06666666666666667,0.4666666666666667,0.43333333333333335,0.03333333333333333
GGGTGTCGTCATCCCT-1,0.06666666666666667,0.8333333333333334,0.1,0.0
GGGTGTCGTCGGTGAA-1,0.03333333333333333,0.7333333333333333,0.23333333333333334,0.0
GGGTGTCGTGAGTGAC-1,0.06666666666666667,0.43333333333333335,0.5,0.0
GGGTGTCGTGCACGCT-1,0.16666666666666666,0.7666666666666667,0.06666666666666667,0.0
GGGTGTCGTGGCCCAT-1,0.06666666666666667,0.6333333333333333,0.3,0.0
GGGTTATAGAGGTCAC-1,0.1,0.7333333333333333,0.16666666666666666,0.0
GGGTTATGTATGAAAC-1,0.06666666666666667,0.7,0.23333333333333334,0.0
GGGTTATGTTCTCGTC-1,0.13333333333333333,0.7333333333333333,0.13333333333333333,0.0
GGGTTTAAGAGCCATG-1,0.06666666666666667,0.7,0.23333333333333334,0.0
GGGTTTACAACCGTGC-1,0.1,0.8666666666666667,0.03333333333333333,0.0
GGGTTTAGTAAGACCG-1,0.2,0.5,0.3,0.0
GGGTTTAGTCAGGAGT-1,0.06666666666666667,0.8333333333333334,0.1,0.0
GGGTTTAGTCTGTTAG-1,0.16666666666666666,0.7666666666666667,0.06666666666666667,0.0
GGTAACTAGTCTCGTA-1,0.23333333333333334,0.6666666666666666,0.1,0.0
GGTAACTGTTATTCTC-1,0.03333333333333333,0.7333333333333333,0.23333333333333334,0.0
GGTAACTTCGATTGGT-1,0.1,0.8333333333333334,0.06666666666666667,0.0
GGTAATCAGATTGATG-1,0.1,0.6,0.3,0.0
GGTAATCAGTCTCGTA-1,0.13333333333333333,0.7333333333333333,0.13333333333333333,0.0
GGTAATCCACCCTTAC-1,0.1,0.7333333333333333,0.13333333333333333,0.03333333333333333
GGTAATCCATTGCCTC-1,0.1,0.6666666666666666,0.23333333333333334,0.0
GGTAATCGTTCGGTTA-1,0.03333333333333333,0.5333333333333333,0.43333333333333335,0.0
GGTAATCGTTGTACGT-1,0.06666666666666667,0.7,0.23333333333333334,0.0
GGTAATCGTTTACTTC-1,0.13333333333333333,0.7333333333333333,0.13333333333333333,0.0
GGTAATCTCTTTGCGC-1,0.03333333333333333,0.43333333333333335,0.5333333333333333,0.0
GGTAGAGCAACTTCTT-1,0.06666666666666667,0.7666666666666667,0.16666666666666666,0.0
GGTAGAGCATCAACCA-1,0.13333333333333333,0.8333333333333334,0.03333333333333333,0.0
GGTAGAGGTGCTGATT-1,0.03333333333333333,0.7666666666666667,0.2,0.0
GGTAGAGGTTGTGCCG-1,0.13333333333333333,0.8,0.06666666666666667,0.0
GGTAGAGTCTGTCGCT-1,0.06666666666666667,0.5333333333333333,0.4,0.0
GGTCACGCAAGAATAC-1,0.06666666666666667,0.8,0.13333333333333333,0.0
GGTCACGCACGGAAGT-1,0.06666666666666667,0.8333333333333334,0.1,0.0
GGTCACGCAGAAACCG-1,0.1,0.6,0.3,0.0
GGTCACGCATGGCACC-1,0.03333333333333333,0.8333333333333334,0.13333333333333333,0.0
GGTCACGGTTCAATCG-1,0.13333333333333333,0.6,0.26666666666666666,0.0
GGTCACGGTTCCTAGA-1,0.16666666666666666,0.6333333333333333,0.2,0.0
GGTCACGTCTAGCCAA-1,0.06666666666666667,0.7666666666666667,0.16666666666666666,0.0
GGTCTGGGTACTTCCC-1,0.03333333333333333,0.8666666666666667,0.1,0.0
GGTCTGGGTGCATTTG-1,0.13333333333333333,0.7333333333333333,0.13333333333333333,0.0
GGTCTGGTCACATTGG-1,0.03333333333333333,0.8666666666666667,0.1,0.0
GGTCTGGTCTCTCGAC-1,0.1,0.7,0.2,0.0
GGTGAAGAGGAGACCT-1,0.06666666666666667,0.9,0.03333333333333333,0.0
GGTGAAGAGTCACTCA-1,0.1,0.7,0.2,0.0
GGTGAAGAGTGGCAGT-1,0.06666666666666667,0.7,0.23333333333333334,0.0
GGTGAAGGTAGTGTGG-1,0.03333333333333333,0.6333333333333333,0.3333333333333333,0.0
GGTGAAGTCCCATAAG-1,0.06666666666666667,0.6333333333333333,0.3,0.0
GGTGAAGTCGACATTG-1,0.13333333333333333,0.8333333333333334,0.03333333333333333,0.0
GGTGAAGTCTAGTACG-1,0.06666666666666667,0.5,0.43333333333333335,0.0
GGTGAAGTCTCTAGGA-1,0.13333333333333333,0.7333333333333333,0.13333333333333333,0.0
GGTGAAGTCTTACGTT-1,0.1,0.8333333333333334,0.06666666666666667,0.0
GGTGATTAGACTGGGT-1,0.1,0.8333333333333334,0.06666666666666667,0.0
GGTGATTCATGGGCAA-1,0.1,0.6666666666666666,0.23333333333333334,0.0
GGTGATTGTGTCTTAG-1,0.1,0.8333333333333334,0.06666666666666667,0.0
GGTGATTGTTGGAGGT-1,0.03333333333333333,0.8,0.16666666666666666,0.0
GGTGGCTAGTGGAAAG-1,0.03333333333333333,0.6666666666666666,0.3,0.0
GGTGGCTCAGACGGAT-1,0.03333333333333333,0.9333333333333333,0.03333333333333333,0.0
GGTGGCTCAGCGTGAA-1,0.0,0.6333333333333333,0.36666666666666664,0.0
GGTGGCTCATGGGTCC-1,0.0,0.7666666666666667,0.23333333333333334,0.0
GGTGGCTGTCTACTGA-1,0.1,0.7666666666666667,0.13333333333333333,0.0
GGTGGCTGTTAAACAG-1,0.03333333333333333,0.8666666666666667,0.1,0.0
GGTGGCTGTTTACGTG-1,0.03333333333333333,0.6333333333333333,0.3333333333333333,0.0
GGTGGCTTCCACATAG-1,0.1,0.7,0.2,0.0
GGTGGCTTCTGAATCG-1,0.03333333333333333,0.6666666666666666,0.3,0.0
GGTGTCGAGCAAATCA-1,0.03333333333333333,0.9666666666666667,0.0,0.0
GGTGTCGGTCAAGCCC-1,0.06666666666666667,0.6333333333333333,0.3,0.0
GGTGTCGGTCATTCCC-1,0.16666666666666666,0.8,0.03333333333333333,0.0
GGTGTCGGTGCAATGG-1,0.06666666666666667,0.7,0.23333333333333334,0.0
GGTGTCGTCGCCATAA-1,0.06666666666666667,0.7,0.23333333333333334,0.0
GGTGTTAAGGTCTGGA-1,0.06666666666666667,0.6333333333333333,0.3,0.0
GGTGTTAAGTTGAATG-1,0.03333333333333333,0.8,0.16666666666666666,0.0
GGTGTTACAGCGTTTA-1,0.1,0.7666666666666667,0.1,0.03333333333333333
GGTGTTACATAAGCAA-1,0.13333333333333333,0.7666666666666667,0.1,0.0
GGTGTTAGTCCGAAAG-1,0.03333333333333333,0.9,0.06666666666666667,0.0
GGTGTTAGTGATTAGA-1,0.13333333333333333,0.5666666666666667,0.3,0.0
GGTGTTAGTGCTTATG-1,0.13333333333333333,0.7666666666666667,0.1,0.0
GGTGTTATCGCGATCG-1,0.06666666666666667,0.8,0.13333333333333333,0.0
GGTGTTATCTGTCGTC-1,0.16666666666666666,0.7666666666666667,0.06666666666666667,0.0
GGTTAACCAGAATCGG-1,0.0,0.9666666666666667,0.03333333333333333,0.0
GGTTAACCAGATTAAG-1,0.1,0.6666666666666666,0.23333333333333334,0.0
GGTTAACCAGTCGCTG-1,0.03333333333333333,0.9,0.06666666666666667,0.0
GGTTAACGTAGTGGCA-1,0.06666666666666667,0.7666666666666667,0.16666666666666666,0.0
GGTTAACGTATCGCGC-1,0.1,0.6333333333333333,0.26666666666666666,0.0
GGTTAACGTCGATTAC-1,0.1,0.8,0.1,0.0
GGTTAACTCACTGTTT-1,0.06666666666666667,0.5666666666666667,0.36666666666666664,0.0
GGTTAACTCGCAGTGC-1,0.0,0.7333333333333333,0.26666666666666666,0.0
GGTTAACTCGGTAACT-1,0.06666666666666667,0.8666666666666667,0.06666666666666667,0.0
GGTTAACTCTATCCAT-1,0.03333333333333333,0.6666666666666666,0.3,0.0
GGTTCTCAGAGTATAC-1,0.1,0.6,0.3,0.0
GGTTCTCAGTAAGAGG-1,0.13333333333333333,0.4666666666666667,0.4,0.0
GGTTCTCAGTGAACAT-1,0.06666666666666667,0.7,0.23333333333333334,0.0
GGTTCTCCACATAACC-1,0.13333333333333333,0.7,0.16666666666666666,0.0
GGTTCTCCATAGGTAA-1,0.2,0.7666666666666667,0.03333333333333333,0.0
GGTTCTCCATCGCCTT-1,0.16666666666666666,0.5333333333333333,0.3,0.0
GGTTCTCGTACGTTCA-1,0.03333333333333333,0.5333333333333333,0.43333333333333335,0.0
GGTTCTCGTATTGCCA-1,0.1,0.6,0.3,0.0
GGTTCTCGTCACAGAG-1,0.13333333333333333,0.8666666666666667,0.0,0.0
GGTTCTCTCAGTCAGT-1,0.13333333333333333,0.7,0.16666666666666666,0.0
GGTTCTCTCCATTTAC-1,0.3,0.7,0.0,0.0
GGTTCTCTCTTTCGAT-1,0.1,0.7666666666666667,0.13333333333333333,0.0
GGTTGTAAGATTGCGG-1,0.03333333333333333,0.7666666666666667,0.2,0.0
GGTTGTACAAGAAACT-1,0.1,0.6,0.3,0.0
GGTTGTAGTCCAGTTA-1,0.0,0.8333333333333334,0.16666666666666666,0.0
GGTTGTAGTTCTCGCT-1,0.1,0.4,0.5,0.0
GGTTGTATCAGGGTAG-1,0.06666666666666667,0.43333333333333335,0.4666666666666667,0.03333333333333333
GGTTGTATCCATTTCA-1,0.06666666666666667,0.6333333333333333,0.3,0.0
GTAACACCACACCTTC-1,0.1,0.7666666666666667,0.13333333333333333,0.0
GTAACACGTATCACCA-1,0.23333333333333334,0.5666666666666667,0.2,0.0
GTAACACGTCCCAAAT-1,0.03333333333333333,0.7666666666666667,0.16666666666666666,0.03333333333333333
GTAACACGTCGCGTCA-1,0.06666666666666667,0.8333333333333334,0.1,0.0
GTAACACGTGTCGCTG-1,0.03333333333333333,0.5666666666666667,0.4,0.0
GTAACACTCGGCTTCT-1,0.06666666666666667,0.6,0.3333333333333333,0.0
GTAACCACAGAGGTTG-1,0.06666666666666667,0.6333333333333333,0.3,0.0
GTAACCAGTACGAAAT-1,0.13333333333333333,0.8333333333333334,0.03333333333333333,0.0
GTAAGTCAGGACTTCT-1,0.1,0.7666666666666667,0.13333333333333333,0.0
GTAAGTCCAAGGGCAT-1,0.06666666666666667,0.6666666666666666,0.26666666666666666,0.0
GTAAGTCGTACTGTTG-1,0.1,0.7,0.2,0.0
GTAAGTCGTCATGGCC-1,0.1,0.8666666666666667,0.03333333333333333,0.0
GTAAGTCTCCATTCGC-1,0.06666666666666667,0.8333333333333334,0.1,0.0
GTAATCGAGGGTCAAC-1,0.13333333333333333,0.6666666666666666,0.2,0.0
GTAATCGCATACCACA-1,0.06666666666666667,0.6,0.3333333333333333,0.0
GTAATCGGTCTTCCGT-1,0.03333333333333333,0.6666666666666666,0.3,0.0
GTAATCGGTTTCGTGA-1,0.13333333333333333,0.7666666666666667,0.1,0.0
GTAATCGTCTTACTGT-1,0.1,0.7666666666666667,0.13333333333333333,0.0
GTAATGCAGACATCCT-1,0.03333333333333333,0.9333333333333333,0.03333333333333333,0.0
GTAATGCAGCATCCCG-1,0.13333333333333333,0.8,0.06666666666666667,0.0
GTAATGCAGGATTCAA-1,0.06666666666666667,0.7333333333333333,0.2,0.0
GTAATGCCAGTTAGAA-1,0.13333333333333333,0.7,0.16666666666666666,0.0
GTAATGCCATAACTCG-1,0.1,0.7,0.2,0.0
GTAATGCGTCTAGGTT-1,0.1,0.8,0.1,0.0
GTAATGCGTGTCCACG-1,0.06666666666666667,0.4666666666666667,0.4666666666666667,0.0
GTAATGCGTTGCCTAA-1,0.06666666666666667,0.8,0.13333333333333333,0.0
GTAATGCTCCATCACC-1,0.1,0.9,0.0,0.0
GTAATGCTCCCTCTAG-1,0.06666666666666667,0.7666666666666667,0.16666666666666666,0.0
GTAATGCTCGGAACTT-1,0.1,0.8333333333333334,0.06666666666666667,0.0
GTACAACCACTTGTCC-1,0.16666666666666666,0.7333333333333333,0.1,0.0
GTACAACCATACCATG-1,0.03333333333333333,0.7666666666666667,0.2,0.0
GTACAACGTATCTCGA-1,0.03333333333333333,0.8,0.16666666666666666,0.0
GTACAACTCCGCAACG-1,0.2,0.6666666666666666,0.13333333333333333,0.0
GTACAACTCTGGCCAG-1,0.03333333333333333,0.43333333333333335,0.5333333333333333,0.0
GTACAGTAGCTTGTGT-1,0.1,0.8,0.1,0.0
GTACAGTAGGGCAATC-1,0.06666666666666667,0.4,0.5,0.03333333333333333
GTACAGTAGTAGGTTA-1,0.16666666666666666,0.7666666666666667,0.06666666666666667,0.0
GTACAGTTCTGACGCG-1,0.13333333333333333,0.8,0.06666666666666667,0.0
GTAGAAAAGACGCATG-1,0.06666666666666667,0.6333333333333333,0.3,0.0
GTAGAAAAGATGTAGT-1,0.1,0.8,0.1,0.0
GTAGAAAAGGTCCTGC-1,0.1,0.7666666666666667,0.13333333333333333,0.0
GTAGAAACAGAGACTG-1,0.1,0.8,0.1,0.0
GTAGAAACAGCGAACA-1,0.03333333333333333,0.8333333333333334,0.13333333333333333,0.0
GTAGAAACAGGGTTGA-1,0.1,0.5666666666666667,0.3333333333333333,0.0
GTAGAAAGTGGCTCTG-1,0.06666666666666667,0.6666666666666666,0.26666666666666666,0.0
GTAGAAATCGCACTCT-1,0.06666666666666667,0.5333333333333333,0.4,0.0
GTAGAAATCTAACACG-1,0.1,0.8333333333333334,0.06666666666666667,0.0
GTAGAGGAGGTGCTGA-1,0.13333333333333333,0.6666666666666666,0.2,0.0
GTAGAGGCATACCAGT-1,0.0,0.4666666666666667,0.5333333333333333,0.0
GTAGAGGCATTCTTCA-1,0.03333333333333333,0.7333333333333333,0.23333333333333334,0.0
GTAGAGGGTGATACAA-1,0.16666666666666666,0.6333333333333333,0.2,0.0
GTAGAGGGTGTGAATA-1,0.06666666666666667,0.8,0.13333333333333333,0.0
GTAGAGGTCCATCTCG-1,0.1,0.6666666666666666,0.23333333333333334,0.0
GTAGAGGTCTACACTT-1,0.1,0.6,0.3,0.0
GTAGATCAGATACAGT-1,0.13333333333333333,0.7,0.16666666666666666,0.0
GTAGATCAGGTCGTGA-1,0.03333333333333333,0.6333333333333333,0.3333333333333333,0.0
GTAGATCAGTCTAGCT-1,0.03333333333333333,0.6,0.36666666666666664,0.0
GTAGATCAGTTGTAGA-1,0.06666666666666667,0.5,0.43333333333333335,0.0
GTAGATCCACAGCATT-1,0.06666666666666667,0.7666666666666667,0.16666666666666666,0.0
GTAGATCCATTCGGGC-1,0.03333333333333333,0.5,0.4666666666666667,0.0
GTAGATCGTCACAGTT-1,0.03333333333333333,0.6333333333333333,0.3333333333333333,0.0
GTAGATCGTGTTGATC-1,0.06666666666666667,0.6666666666666666,0.26666666666666666,0.0
GTAGCTAAGCACTCCG-1,0.1,0.8,0.1,0.0
GTAGCTACAATTTCTC-1,0.13333333333333333,0.6333333333333333,0.23333333333333334,0.0
GTAGCTACAGTTCACA-1,0.1,0.8333333333333334,0.06666666666666667,0.0
GTAGGTTAGAAACTGT-1,0.03333333333333333,0.7333333333333333,0.23333333333333334,0.0
GTAGGTTGTATCAGGG-1,0.1,0.8333333333333334,0.06666666666666667,0.0
GTAGGTTTCGGTAAGG-1,0.1,0.7333333333333333,0.16666666666666666,0.0
GTAGTACAGGTAAAGG-1,0.1,0.7333333333333333,0.16666666666666666,0.0
GTAGTACAGGTTATAG-1,0.03333333333333333,0.7,0.26666666666666666,0.0
GTAGTACCAACCCTCT-1,0.03333333333333333,0.8333333333333334,0.13333333333333333,0.0
GTAGTACCACCAGTAT-1,0.06666666666666667,0.7666666666666667,0.16666666666666666,0.0
GTAGTACTCCCGAGGT-1,0.06666666666666667,0.5333333333333333,0.4,0.0
GTAGTACTCGAGCCTG-1,0.1,0.6333333333333333,0.26666666666666666,0.0
GTAGTACTCGTGCATA-1,0.06666666666666667,0.5666666666666667,0.36666666666666664,0.0
GTATTGGGTGGTCAAG-1,0.16666666666666666,0.7333333333333333,0.1,0.0
GTATTGGGTTTGTGGT-1,0.03333333333333333,0.8666666666666667,0.1,0.0
GTATTTCAGCCGGAAT-1,0.06666666666666667,0.8333333333333334,0.1,0.0
GTATTTCGTTGTAAAG-1,0.06666666666666667,0.7666666666666667,0.16666666666666666,0.0
GTATTTCTCTGTACAG-1,0.06666666666666667,0.7,0.23333333333333334,0.0
GTCAAACAGATGGCAC-1,0.13333333333333333,0.6666666666666666,0.2,0.0
GTCAAACAGTGCAGGT-1,0.03333333333333333,0.7333333333333333,0.23333333333333334,0.0
GTCAAACCAAGGAGTC-1,0.1,0.6666666666666666,0.23333333333333334,0.0
GTCAAACCAGGAATCG-1,0.06666666666666667,0.8333333333333334,0.1,0.0
GTCAAACCATCTAACG-1,0.16666666666666666,0.8333333333333334,0.0,0.0
GTCAAACGTGCATTAC-1,0.1,0.8333333333333334,0.06666666666666667,0.0
GTCAAACGTTGCGTAT-1,0.13333333333333333,0.7,0.16666666666666666,0.0
GTCAAACTCCTCGCAT-1,0.1,0.6666666666666666,0.23333333333333334,0.0
GTCAAACTCCTCTAGC-1,0.13333333333333333,0.6,0.26666666666666666,0.0
GTCAAGTAGAGAGCAA-1,0.13333333333333333,0.7,0.16666666666666666,0.0
GTCAAGTAGAGATCGC-1,0.13333333333333333,0.6,0.26666666666666666,0.0
GTCAAGTCAAACACCT-1,0.1,0.8,0.1,0.0
GTCAAGTCAACCTATG-1,0.03333333333333333,0.8333333333333334,0.13333333333333333,0.0
GTCAAGTCACAACGCC-1,0.06666666666666667,0.9,0.03333333333333333,0.0
GTCAAGTCAGCAGTCC-1,0.06666666666666667,0.7,0.23333333333333334,0.0
GTCAAGTCATAATCCG-1,0.13333333333333333,0.8,0.06666666666666667,0.0
GTCAAGTCATATCTGG-1,0.1,0.6333333333333333,0.26666666666666666,0.0
GTCAAGTCATTGGCAT-1,0.06666666666666667,0.8,0.13333333333333333,0.0
GTCAAGTGTACGCTAT-1,0.06666666666666667,0.8333333333333334,0.1,0.0
GTCAAGTGTATGCTTG-1,0.0,0.7666666666666667,0.23333333333333334,0.0
GTCAAGTGTGACACAG-1,0.1,0.8,0.1,0.0
GTCAAGTGTTCACCGG-1,0.13333333333333333,0.7333333333333333,0.13333333333333333,0.0
GTCAAGTTCAGTGTGT-1,0.03333333333333333,0.8666666666666667,0.1,0.0
GTCAAGTTCCTTCAGC-1,0.16666666666666666,0.7333333333333333,0.1,0.0
GTCACGGAGACCTCCG-1,0.06666666666666667,0.7666666666666667,0.16666666666666666,0.0
GTCACGGAGACTCCGC-1,0.1,0.6333333333333333,0.26666666666666666,0.0
GTCACGGAGATGCCGA-1,0.06666666666666667,0.5333333333333333,0.4,0.0
GTCACGGAGCTGCCTG-1,0.1,0.7666666666666667,0.13333333333333333,0.0
GTCACGGAGGCCACCT-1,0.1,0.6,0.3,0.0
GTCACGGCAGCTAACT-1,0.13333333333333333,0.7,0.16666666666666666,0.0
GTCACGGCATCGCTGG-1,0.1,0.6,0.3,0.0
GTCACGGGTAGTGATA-1,0.06666666666666667,0.9333333333333333,0.0,0.0
GTCACGGGTATCGCGC-1,0.1,0.8,0.1,0.0
GTCACGGGTCCGATCG-1,0.1,0.7,0.2,0.0
GTCACGGGTCGTACTA-1,0.1,0.6,0.3,0.0
GTCACGGGTGATACAA-1,0.1,0.7333333333333333,0.16666666666666666,0.0
GTCACGGGTGGACAGT-1,0.16666666666666666,0.7333333333333333,0.1,0.0
GTCACGGGTTCAACGT-1,0.06666666666666667,0.7666666666666667,0.16666666666666666,0.0
GTCACGGTCCGTGTGG-1,0.13333333333333333,0.8666666666666667,0.0,0.0
GTCACGGTCGTGCATA-1,0.03333333333333333,0.9666666666666667,0.0,0.0
GTCACGGTCTCCGAAA-1,0.1,0.8666666666666667,0.03333333333333333,0.0
GTCACGGTCTGTAAGC-1,0.13333333333333333,0.8,0.06666666666666667,0.0
GTCACTCAGCTGGTGA-1,0.1,0.8333333333333334,0.06666666666666667,0.0
GTCACTCAGTAATTGG-1,0.06666666666666667,0.7333333333333333,0.2,0.0
GTCACTCCAACACAAA-1,0.06666666666666667,0.8333333333333334,0.1,0.0
GTCACTCCACACCGCA-1,0.03333333333333333,0.5,0.4666666666666667,0.0
GTCACTCTCCAACCAA-1,0.13333333333333333,0.5666666666666667,0.3,0.0
GTCACTCTCGTCACCT-1,0.06666666666666667,0.6666666666666666,0.26666666666666666,0.0
GTCAGCGCACACCTGG-1,0.06666666666666667,0.6,0.3333333333333333,0.0
GTCAGCGCACTACCGG-1,0.1,0.9,0.0,0.0
GTCAGCGCAGATTTCG-1,0.03333333333333333,0.43333333333333335,0.5333333333333333,0.0
GTCAGCGGTACAGGTG-1,0.1,0.8,0.1,0.0
GTCAGCGTCAAGGACG-1,0.06666666666666667,0.8333333333333334,0.1,0.0
GTCATCCAGAAACTGT-1,0.03333333333333333,0.9,0.06666666666666667,0.0
GTCATCCCAAATGCTC-1,0.2,0.7,0.1,0.0
GTCATCCCAGCGATTT-1,0.13333333333333333,0.7666666666666667,0.1,0.0
GTCATCCGTACGCTAT-1,0.06666666666666667,0.8,0.13333333333333333,0.0
GTCATCCTCTAAGAAG-1,0.03333333333333333,0.8333333333333334,0.13333333333333333,0.0
GTCATGAAGTGGTCAG-1,0.1,0.7333333333333333,0.16666666666666666,0.0
GTCATGACACTATCCC-1,0.06666666666666667,0.7333333333333333,0.2,0.0
GTCATGAGTCTCAGAT-1,0.16666666666666666,0.8,0.03333333333333333,0.0
GTCATTTCACAGCATT-1,0.0,0.5333333333333333,0.4666666666666667,0.0
GTCATTTCACTTGTGA-1,0.1,0.8,0.1,0.0
GTCATTTGTATCAGGG-1,0.1,0.7666666666666667,0.13333333333333333,0.0
GTCATTTGTGTTCGAT-1,0.16666666666666666,0.6666666666666666,0.16666666666666666,0.0
GTCATTTTCACCTTGC-1,0.13333333333333333,0.7666666666666667,0.1,0.0
GTCATTTTCATTCACT-1,0.06666666666666667,0.6,0.3333333333333333,0.0
GTCCACTAGAAATTCG-1,0.1,0.8666666666666667,0.03333333333333333,0.0
GTCCACTAGACTTCGT-1,0.06666666666666667,0.7666666666666667,0.16666666666666666,0.0
GTCCACTAGAGGTCGT-1,0.13333333333333333,0.7333333333333333,0.13333333333333333,0.0
GTCCACTCATGTGACT-1,0.03333333333333333,0.6666666666666666,0.3,0.0
GTCCACTGTTAGCGGA-1,0.06666666666666667,0.7333333333333333,0.2,0.0
GTCCACTTCCTGGCTT-1,0.1,0.6666666666666666,0.2,0.03333333333333333
GTCCACTTCGCCATAA-1,0.2,0.5333333333333333,0.26666666666666666,0.0
GTCCACTTCGTTCTAT-1,0.06666666666666667,0.5333333333333333,0.4,0.0
GTCCCATCAAGAGCTG-1,0.16666666666666666,0.7333333333333333,0.1,0.0
GTCCCATCAATAGTGA-1,0.16666666666666666,0.5,0.3333333333333333,0.0
GTCCCATGTCGCACAC-1,0.1,0.7333333333333333,0.16666666666666666,0.0
GTCCCATGTGAATGTA-1,0.1,0.8,0.1,0.0
GTCCTCACAGTCTTCC-1,0.06666666666666667,0.7666666666666667,0.16666666666666666,0.0
GTCCTCACATACAGAA-1,0.13333333333333333,0.7,0.16666666666666666,0.0
GTCCTCAGTCTGATAC-1,0.06666666666666667,0.7,0.23333333333333334,0.0
GTCCTCAGTTGCTCGG-1,0.13333333333333333,0.6666666666666666,0.2,0.0
GTCCTCATCCCGAAAT-1,0.03333333333333333,0.8666666666666667,0.1,0.0
GTCCTCATCTTCGCTG-1,0.06666666666666667,0.5333333333333333,0.4,0.0
GTCGAATGTCAAACGG-1,0.03333333333333333,0.7666666666666667,0.2,0.0
GTCGAATGTGCACGCT-1,0.03333333333333333,0.8333333333333334,0.13333333333333333,0.0
GTCGAATTCTAAGCGT-1,0.03333333333333333,0.8,0.16666666666666666,0.0
GTCGCGAAGAAAGTCT-1,0.06666666666666667,0.9333333333333333,0.0,0.0
GTCGCGAAGCTGTTAC-1,0.06666666666666667,0.8666666666666667,0.06666666666666667,0.0
GTCGCGACACACAGAG-1,0.03333333333333333,0.7666666666666667,0.2,0.0
GTCGCGATCAGTAGGG-1,0.1,0.8333333333333334,0.06666666666666667,0.0
GTCGCGATCCTCCACA-1,0.13333333333333333,0.6,0.23333333333333334,0.03333333333333333
GTCGCGATCGTAACCA-1,0.06666666666666667,0.5333333333333333,0.4,0.0
GTCGTAAAGGCTTAAA-1,0.03333333333333333,0.7333333333333333,0.23333333333333334,0.0
GTCGTAACAAGACCTT-1,0.06666666666666667,0.7333333333333333,0.2,0.0
GTCGTAACACACACGC-1,0.03333333333333333,0.9333333333333333,0.03333333333333333,0.0
GTCGTAAGTCGTCATA-1,0.06666666666666667,0.6,0.3333333333333333,0.0
GTCGTAAGTTTACCAG-1,0.06666666666666667,0.6333333333333333,0.3,0.0
GTCGTAATCAGGAGAC-1,0.06666666666666667,0.8,0.13333333333333333,0.0
GTCGTAATCGCTCATC-1,0.1,0.7,0.2,0.0
GTCGTTCAGATCCAAA-1,0.03333333333333333,0.7,0.26666666666666666,0.0
GTCGTTCAGTAGCCAG-1,0.1,0.6,0.3,0.0
GTCGTTCCAACCTAAC-1,0.06666666666666667,0.6666666666666666,0.26666666666666666,0.0
GTCGTTCGTACAATAG-1,0.1,0.7333333333333333,0.16666666666666666,0.0
GTCGTTCGTATCGATC-1,0.03333333333333333,0.9333333333333333,0.03333333333333333,0.0
GTCGTTCGTTCTCCCA-1,0.03333333333333333,0.9,0.06666666666666667,0.0
GTCGTTCTCATTGAGC-1,0.13333333333333333,0.8,0.06666666666666667,0.0
GTCGTTCTCCGGGACT-1,0.1,0.7333333333333333,0.16666666666666666,0.0
GTCGTTCTCTCCATAT-1,0.03333333333333333,0.7,0.26666666666666666,0.0
GTCGTTCTCTCGACCT-1,0.03333333333333333,0.7666666666666667,0.2,0.0
GTCTACCCAGGATTCT-1,0.1,0.8,0.1,0.0
GTCTACCTCCAACACA-1,0.06666666666666667,0.6333333333333333,0.3,0.0
GTCTAGAAGCGTTAGG-1,0.1,0.7333333333333333,0.16666666666666666,0.0
GTCTAGACAGTCTGGC-1,0.03333333333333333,0.7666666666666667,0.2,0.0
GTCTAGAGTGGGTATG-1,0.06666666666666667,0.6666666666666666,0.26666666666666666,0.0
GTCTCACAGAGTACCG-1,0.13333333333333333,0.8333333333333334,0.03333333333333333,0.0
GTCTCACAGTATCCTG-1,0.06666666666666667,0.7666666666666667,0.16666666666666666,0.0
GTCTCACGTACCCGAC-1,0.1,0.6666666666666666,0.23333333333333334,0.0
GTCTCACGTGGTGATG-1,0.06666666666666667,0.9333333333333333,0.0,0.0
GTCTCACGTTCGGGTC-1,0.06666666666666667,0.5666666666666667,0.36666666666666664,0.0
GTCTCACGTTGTTGAC-1,0.0,0.9,0.1,0.0
GTCTCACTCTTCCACG-1,0.0,0.8666666666666667,0.13333333333333333,0.0
GTCTGTCAGCGTGAGT-1,0.0,0.7666666666666667,0.23333333333333334,0.0
GTCTGTCAGTAGCTCT-1,0.03333333333333333,0.6666666666666666,0.3,0.0
GTCTGTCCACGAAGAC-1,0.13333333333333333,0.5666666666666667,0.3,0.0
GTCTGTCGTGAGGCAT-1,0.03333333333333333,0.5666666666666667,0.4,0.0
GTCTGTCTCAACGAGG-1,0.1,0.8666666666666667,0.03333333333333333,0.0
GTCTGTCTCCAGTGCG-1,0.1,0.7666666666666667,0.13333333333333333,0.0
GTCTGTCTCGCACGAC-1,0.03333333333333333,0.5333333333333333,0.43333333333333335,0.0
GTCTTTAAGCGTATAA-1,0.03333333333333333,0.5,0.4666666666666667,0.0
GTCTTTACAGTCGTTA-1,0.03333333333333333,0.6666666666666666,0.3,0.0
GTCTTTACATGCCATA-1,0.16666666666666666,0.7666666666666667,0.06666666666666667,0.0
GTCTTTACATTCACCC-1,0.03333333333333333,0.7,0.26666666666666666,0.0
GTCTTTATCCATTTAC-1,0.06666666666666667,0.6333333333333333,0.3,0.0
GTCTTTATCGACGCTG-1,0.1,0.7,0.2,0.0
GTCTTTATCTTCGTGC-1,0.13333333333333333,0.8666666666666667,0.0,0.0
GTGACGCCAAGTGACG-1,0.03333333333333333,0.9333333333333333,0.03333333333333333,0.0
GTGACGCCACCAGTTA-1,0.16666666666666666,0.6666666666666666,0.13333333333333333,0.03333333333333333
GTGACGCCAGCTCGGT-1,0.03333333333333333,0.7,0.26666666666666666,0.0
GTGACGCGTCAATGGG-1,0.1,0.8,0.1,0.0
GTGACGCGTTGCCAAT-1,0.03333333333333333,0.6666666666666666,0.3,0.0
GTGACGCTCGAAGTGG-1,0.06666666666666667,0.5666666666666667,0.36666666666666664,0.0
GTGACGCTCGTGTGGC-1,0.2,0.7333333333333333,0.06666666666666667,0.0
GTGACGCTCTGGACTA-1,0.1,0.5666666666666667,0.3333333333333333,0.0
GTGAGCCAGATGCTAA-1,0.03333333333333333,0.6666666666666666,0.3,0.0
GTGAGCCAGCACGATG-1,0.03333333333333333,0.8,0.16666666666666666,0.0
GTGAGCCGTAACAAGT-1,0.1,0.6333333333333333,0.26666666666666666,0.0
GTGAGCCGTAACCCTA-1,0.06666666666666667,0.7333333333333333,0.2,0.0
GTGAGCCGTAGGTACG-1,0.1,0.7666666666666667,0.13333333333333333,0.0
GTGAGCCGTTCGTAAC-1,0.1,0.7666666666666667,0.13333333333333333,0.0
GTGAGGAAGAGAGCAA-1,0.06666666666666667,0.6,0.3333333333333333,0.0
GTGAGGAAGCCAAGGT-1,0.1,0.7666666666666667,0.13333333333333333,0.0
GTGAGGAAGCTGTTAC-1,0.23333333333333334,0.4,0.36666666666666664,0.0
GTGAGGAAGGCTAGCA-1,0.23333333333333334,0.4,0.36666666666666664,0.0
GTGAGGAAGTCTCGTA-1,0.1,0.7333333333333333,0.16666666666666666,0.0
GTGAGGACAATTGCCA-1,0.13333333333333333,0.7,0.16666666666666666,0.0
GTGAGGACAGACGCTC-1,0.13333333333333333,0.5333333333333333,0.3333333333333333,0.0
GTGAGGAGTATTTCTC-1,0.06666666666666667,0.6,0.3333333333333333,0.0
GTGAGGAGTCTTGCTC-1,0.06666666666666667,0.6,0.3333333333333333,0.0
GTGAGGATCTCACGAA-1,0.06666666666666667,0.7333333333333333,0.2,0.0
GTGAGGATCTCATTTG-1,0.06666666666666667,0.9,0.03333333333333333,0.0
GTGAGGATCTTACTGT-1,0.1,0.8666666666666667,0.03333333333333333,0.0
GTGAGTTAGGTACATA-1,0.06666666666666667,0.5666666666666667,0.36666666666666664,0.0
GTGAGTTAGTTAGAAC-1,0.1,0.4666666666666667,0.43333333333333335,0.0
GTGAGTTGTACCGGCT-1,0.13333333333333333,0.7666666666666667,0.1,0.0
GTGAGTTGTCGCACGT-1,0.0,0.9333333333333333,0.06666666666666667,0.0
GTGAGTTTCACGAGGA-1,0.1,0.6666666666666666,0.23333333333333334,0.0
GTGAGTTTCGCCAACG-1,0.06666666666666667,0.6666666666666666,0.26666666666666666,0.0
GTGAGTTTCTGACGCG-1,0.1,0.8,0.1,0.0
GTGAGTTTCTTTGGAG-1,0.03333333333333333,0.4,0.5666666666666667,0.0
GTGATGTAGATGGGCT-1,0.13333333333333333,0.7333333333333333,0.13333333333333333,0.0
GTGATGTAGATTCGAA-1,0.06666666666666667,0.7333333333333333,0.2,0.0
GTGATGTAGTTTGTCG-1,0.1,0.6333333333333333,0.26666666666666666,0.0
GTGATGTCACTCCGAG-1,0.0,0.7666666666666667,0.23333333333333334,0.0
GTGATGTCAGCTCTGG-1,0.1,0.7333333333333333,0.16666666666666666,0.0
GTGATGTGTAACGGTG-1,0.1,0.6666666666666666,0.23333333333333334,0.0
GTGATGTTCTGTTCAT-1,0.06666666666666667,0.7,0.23333333333333334,0.0
GTGCACGCACAAAGTA-1,0.06666666666666667,0.6666666666666666,0.26666666666666666,0.0
GTGCACGCATATTCGG-1,0.13333333333333333,0.43333333333333335,0.43333333333333335,0.0
GTGCACGGTGACTATC-1,0.1,0.5666666666666667,0.3333333333333333,0.0
GTGCACGGTGGAAGTC-1,0.13333333333333333,0.6666666666666666,0.2,0.0
GTGCACGTCCGATCGG-1,0.13333333333333333,0.7,0.16666666666666666,0.0
GTGCACGTCTTAGCAG-1,0.06666666666666667,0.7,0.23333333333333334,0.0
GTGCAGCAGCCAACCC-1,0.1,0.8,0.1,0.0
GTGCAGCCACCGTGAC-1,0.1,0.8666666666666667,0.03333333333333333,0.0
GTGCAGCGTTCCGTTC-1,0.03333333333333333,0.5666666666666667,0.4,0.0
GTGCAGCGTTGCTTGA-1,0.03333333333333333,0.5333333333333333,0.43333333333333335,0.0
GTGCGTGCACAACCGC-1,0.13333333333333333,0.8333333333333334,0.03333333333333333,0.0
GTGCGTGCACCATATG-1,0.1,0.8333333333333334,0.06666666666666667,0.0
GTGCGTGCATCCGCGA-1,0.1,0.8333333333333334,0.06666666666666667,0.0
GTGCGTGGTGCGTGCT-1,0.1,0.5666666666666667,0.3333333333333333,0.0
GTGCGTGTCGAGTACT-1,0.03333333333333333,0.7666666666666667,0.2,0.0
GTGCTGGAGTATCCTG-1,0.03333333333333333,0.9333333333333333,0.03333333333333333,0.0
GTGCTGGCACAACCGC-1,0.03333333333333333,0.6,0.36666666666666664,0.0
GTGCTGGCACGCGTCA-1,0.1,0.6333333333333333,0.26666666666666666,0.0
GTGCTGGCACTACGGC-1,0.06666666666666667,0.9,0.03333333333333333,0.0
GTGCTGGCATGACTGT-1,0.06666666666666667,0.7333333333333333,0.2,0.0
GTGCTGGTCCGTGGGT-1,0.1,0.9,0.0,0.0
GTGCTGGTCTTGGCTC-1,0.1,0.8666666666666667,0.03333333333333333,0.0
GTGCTTCAGTGTTGTC-1,0.03333333333333333,0.9,0.06666666666666667,0.0
GTGCTTCCATTCCTCG-1,0.1,0.7666666666666667,0.13333333333333333,0.0
GTGCTTCGTAAGGCTG-1,0.06666666666666667,0.6,0.3333333333333333,0.0
GTGCTTCGTAGTCCTA-1,0.03333333333333333,0.6333333333333333,0.3333333333333333,0.0
GTGCTTCGTGTCCCTT-1,0.06666666666666667,0.8666666666666667,0.06666666666666667,0.0
GTGCTTCTCGGTGCAC-1,0.13333333333333333,0.6666666666666666,0.2,0.0
GTGGAAGAGTTGTCGT-1,0.06666666666666667,0.8,0.13333333333333333,0.0
GTGGAAGCACGCTTAA-1,0.03333333333333333,0.7333333333333333,0.23333333333333334,0.0
GTGGAAGCAGCGCGTT-1,0.13333333333333333,0.7,0.16666666666666666,0.0
GTGGAAGGTAGTATAG-1,0.13333333333333333,0.8,0.06666666666666667,0.0
GTGGAAGTCTGGTTGA-1,0.1,0.8666666666666667,0.03333333333333333,0.0
GTGGAGAAGCCTTTCC-1,0.1,0.7666666666666667,0.13333333333333333,0.0
GTGGAGAAGTTATGGA-1,0.06666666666666667,0.6666666666666666,0.26666666666666666,0.0
GTGGAGACAACCGCCA-1,0.06666666666666667,0.7666666666666667,0.16666666666666666,0.0
GTGGAGACAATACGCT-1,0.1,0.8333333333333334,0.06666666666666667,0.0
GTGGAGAGTACTTCCC-1,0.03333333333333333,0.8333333333333334,0.13333333333333333,0.0
GTGGAGAGTATCCCTC-1,0.06666666666666667,0.7333333333333333,0.2,0.0
GTGGAGAGTGTCCGTG-1,0.03333333333333333,0.7666666666666667,0.2,0.0
GTGGAGAGTTGACTAC-1,0.03333333333333333,0.7666666666666667,0.2,0.0
GTGGCGTCAGCTACCG-1,0.1,0.7,0.2,0.0
GTGGCGTGTCAGTCCG-1,0.13333333333333333,0.5666666666666667,0.3,0.0
GTGGCGTGTCCAGTTA-1,0.06666666666666667,0.6666666666666666,0.26666666666666666,0.0
GTGGGAACACAGCTTA-1,0.06666666666666667,0.8666666666666667,0.06666666666666667,0.0
GTGGGAACACGTTGGC-1,0.06666666666666667,0.8666666666666667,0.06666666666666667,0.0
GTGGGAACACTCAAGT-1,0.06666666666666667,0.6666666666666666,0.26666666666666666,0.0
GTGGGAAGTTTGCCGG-1,0.1,0.6333333333333333,0.26666666666666666,0.0
GTGGTTACAGAACCGA-1,0.1,0.8333333333333334,0.06666666666666667,0.0
GTGGTTAGTCGTTGGC-1,0.06666666666666667,0.5666666666666667,0.36666666666666664,0.0
GTGGTTAGTGAACGGT-1,0.06666666666666667,0.5666666666666667,0.36666666666666664,0.0
GTGGTTAGTTAGGGAC-1,0.06666666666666667,0.5333333333333333,0.4,0.0
GTGGTTATCATGTCAG-1,0.06666666666666667,0.8,0.13333333333333333,0.0
GTGGTTATCGGCATAT-1,0.1,0.7333333333333333,0.16666666666666666,0.0
GTGTAACAGCTTACGT-1,0.03333333333333333,0.9666666666666667,0.0,0.0
GTGTAACGTAAGGCTG-1,0.03333333333333333,0.7,0.26666666666666666,0.0
GTGTAACGTCGCATTA-1,0.1,0.8333333333333334,0.06666666666666667,0.0
GTGTAACTCGACGAGA-1,0.03333333333333333,0.8,0.16666666666666666,0.0
GTGTCCTAGATTTGCC-1,0.1,0.7666666666666667,0.13333333333333333,0.0
GTGTCCTCAACGTAAA-1,0.1,0.6333333333333333,0.26666666666666666,0.0
GTGTCCTCACCAACAT-1,0.16666666666666666,0.8,0.03333333333333333,0.0
GTGTCCTCATACACCA-1,0.03333333333333333,0.8333333333333334,0.13333333333333333,0.0
GTGTCCTGTATGGTTC-1,0.03333333333333333,0.7666666666666667,0.2,0.0
GTGTGATAGCGAATGC-1,0.06666666666666667,0.5333333333333333,0.4,0.0
GTGTGATAGCGTCAAG-1,0.0,0.5333333333333333,0.4666666666666667,0.0
GTGTGATAGGTGGTTG-1,0.1,0.7666666666666667,0.13333333333333333,0.0
GTGTGGCCACACGGAA-1,0.03333333333333333,0.9333333333333333,0.03333333333333333,0.0
GTGTGGCGTGTCATGT-1,0.1,0.6333333333333333,0.26666666666666666,0.0
GTGTGGCTCAAGCCAT-1,0.16666666666666666,0.6333333333333333,0.2,0.0
GTGTGGCTCACAGTGT-1,0.06666666666666667,0.8,0.13333333333333333,0.0
GTGTTAGAGCGATGAC-1,0.06666666666666667,0.8,0.13333333333333333,0.0
GTGTTAGAGCGTGAAC-1,0.13333333333333333,0.7333333333333333,0.13333333333333333,0.0
GTGTTAGAGGACTATA-1,0.06666666666666667,0.7666666666666667,0.16666666666666666,0.0
GTGTTAGAGTCTAACC-1,0.1,0.6333333333333333,0.26666666666666666,0.0
GTGTTAGAGTTGAAAC-1,0.06666666666666667,0.8,0.13333333333333333,0.0
GTGTTAGGTCTGTCAA-1,0.1,0.7333333333333333,0.16666666666666666,0.0
GTGTTAGGTGACTAAA-1,0.13333333333333333,0.8,0.06666666666666667,0.0
GTGTTAGTCCGCACTT-1,0.26666666666666666,0.4666666666666667,0.26666666666666666,0.0
GTGTTAGTCCGTTTCG-1,0.03333333333333333,0.6333333333333333,0.3333333333333333,0.0
GTGTTCCAGACAACTA-1,0.06666666666666667,0.4,0.5333333333333333,0.0
GTGTTCCAGTTTGCTG-1,0.1,0.6333333333333333,0.26666666666666666,0.0
GTGTTCCCACACCTAA-1,0.06666666666666667,0.7666666666666667,0.16666666666666666,0.0
GTGTTCCCACATAGCT-1,0.06666666666666667,0.7,0.23333333333333334,0.0
GTGTTCCCAGCACAAG-1,0.2,0.6333333333333333,0.16666666666666666,0.0
GTGTTCCGTGTGGACA-1,0.03333333333333333,0.7,0.26666666666666666,0.0
GTGTTCCTCAAGAAAC-1,0.06666666666666667,0.8333333333333334,0.1,0.0
GTGTTCCTCACCCATC-1,0.16666666666666666,0.7,0.13333333333333333,0.0
GTGTTCCTCGCTGTTC-1,0.23333333333333334,0.36666666666666664,0.4,0.0
GTTACAGAGACTACGG-1,0.0,0.7666666666666667,0.23333333333333334,0.0
GTTACAGAGAGCCTGA-1,0.1,0.7,0.2,0.0
GTTACAGGTGAATATG-1,0.1,0.9,0.0,0.0
GTTACAGTCCGATCTC-1,0.03333333333333333,0.7,0.26666666666666666,0.0
GTTACCCAGCATCTTG-1,0.06666666666666667,0.6,0.3333333333333333,0.0
GTTACCCAGCCGATCC-1,0.1,0.6333333333333333,0.26666666666666666,0.0
GTTACCCCAAACCGGA-1,0.06666666666666667,0.7,0.23333333333333334,0.0
GTTACCCCACACCGAC-1,0.06666666666666667,0.7666666666666667,0.16666666666666666,0.0
GTTACCCGTAGTTAGA-1,0.06666666666666667,0.8333333333333334,0.1,0.0
GTTACCCTCAATGTCG-1,0.03333333333333333,0.6666666666666666,0.3,0.0
GTTACCCTCATCACTT-1,0.06666666666666667,0.8,0.13333333333333333,0.0
GTTACCCTCGTCAGAT-1,0.06666666666666667,0.7,0.23333333333333334,0.0
GTTACGAAGACTCTAC-1,0.06666666666666667,0.6,0.3333333333333333,0.0
GTTACGAAGCGTATAA-1,0.13333333333333333,0.5666666666666667,0.3,0.0
GTTACGACACGCGTCA-1,0.06666666666666667,0.8666666666666667,0.06666666666666667,0.0
GTTACGACATGGCGCT-1,0.1,0.8333333333333334,0.06666666666666667,0.0
GTTACGAGTGTCATCA-1,0.06666666666666667,0.7666666666666667,0.16666666666666666,0.0
GTTACGAGTGTTGAGG-1,0.06666666666666667,0.9333333333333333,0.0,0.0
GTTACGATCACTCACC-1,0.06666666666666667,0.7,0.23333333333333334,0.0
GTTACGATCTGCTTAT-1,0.0,0.8333333333333334,0.16666666666666666,0.0
GTTACGATCTTCTTCC-1,0.1,0.7,0.2,0.0
GTTAGACAGAGGTTTA-1,0.1,0.6333333333333333,0.26666666666666666,0.0
GTTAGACAGCTTTGTG-1,0.1,0.8,0.1,0.0
GTTAGACAGTTAACGA-1,0.13333333333333333,0.8,0.06666666666666667,0.0
GTTAGACCAACATCGT-1,0.1,0.6,0.3,0.0
GTTAGACGTCCAACGC-1,0.1,0.7333333333333333,0.16666666666666666,0.0
GTTAGACGTCCAGAAG-1,0.06666666666666667,0.6666666666666666,0.26666666666666666,0.0
GTTAGACGTTAGAGAT-1,0.06666666666666667,0.7,0.23333333333333334,0.0
GTTAGACTCCGGTAAT-1,0.06666666666666667,0.7666666666666667,0.16666666666666666,0.0
GTTAGTGAGACATCCT-1,0.0,0.9,0.1,0.0
GTTAGTGAGATTAGAC-1,0.03333333333333333,0.5,0.43333333333333335,0.03333333333333333
GTTAGTGGTAGGACTG-1,0.06666666666666667,0.8,0.13333333333333333,0.0
GTTAGTGTCGGCTATA-1,0.1,0.5666666666666667,0.3333333333333333,0.0
GTTAGTGTCTCTTCAA-1,0.1,0.7666666666666667,0.13333333333333333,0.0
GTTATGGAGGATTCCT-1,0.03333333333333333,0.9666666666666667,0.0,0.0
GTTATGGAGGGAGTGG-1,0.06666666666666667,0.6333333333333333,0.3,0.0
GTTATGGAGTAAATGC-1,0.03333333333333333,0.7666666666666667,0.2,0.0
GTTATGGAGTCAGCCC-1,0.13333333333333333,0.6666666666666666,0.2,0.0
GTTATGGAGTGGTGAC-1,0.13333333333333333,0.8,0.06666666666666667,0.0
GTTATGGAGTTGCTCA-1,0.03333333333333333,0.8,0.16666666666666666,0.0
GTTATGGGTATAGGAT-1,0.1,0.6666666666666666,0.23333333333333334,0.0
GTTATGGGTCTAGGTT-1,0.03333333333333333,0.6666666666666666,0.3,0.0
GTTCATTAGGGCAACT-1,0.06666666666666667,0.7,0.23333333333333334,0.0
GTTCATTCAACAGCTT-1,0.13333333333333333,0.7333333333333333,0.13333333333333333,0.0
GTTCATTCATGTACGT-1,0.0,0.5666666666666667,0.43333333333333335,0.0
GTTCATTGTTCATCGA-1,0.16666666666666666,0.6333333333333333,0.2,0.0
GTTCATTTCCCTCTTT-1,0.0,0.9,0.1,0.0
GTTCATTTCGACATTG-1,0.1,0.6333333333333333,0.26666666666666666,0.0
GTTCATTTCGTGTGGC-1,0.1,0.8,0.1,0.0
GTTCCGTCAGAATGTA-1,0.1,0.8333333333333334,0.06666666666666667,0.0
GTTCCGTCAGCGTTTA-1,0.13333333333333333,0.8333333333333334,0.03333333333333333,0.0
GTTCCGTCATGCCGGT-1,0.03333333333333333,0.7666666666666667,0.2,0.0
GTTCCGTCATGTCGTA-1,0.1,0.7,0.2,0.0
GTTCCGTTCGGTCGAC-1,0.06666666666666667,0.8666666666666667,0.06666666666666667,0.0
GTTCCGTTCTAGACAC-1,0.1,0.7,0.2,0.0
GTTCCGTTCTAGTCAG-1,0.06666666666666667,0.9,0.03333333333333333,0.0
GTTCGCTAGACTGTTC-1,0.1,0.7,0.2,0.0
GTTCGCTAGTCTTCCC-1,0.16666666666666666,0.7333333333333333,0.1,0.0
GTTCGCTCAGTTAGGG-1,0.06666666666666667,0.7333333333333333,0.2,0.0
GTTCGCTGTACAGGTG-1,0.1,0.6,0.3,0.0
GTTCGCTGTTAAACCC-1,0.06666666666666667,0.5333333333333333,0.4,0.0
GTTCGCTGTTTACACG-1,0.06666666666666667,0.6333333333333333,0.3,0.0
GTTCGCTTCCACTGAA-1,0.06666666666666667,0.3333333333333333,0.6,0.0
GTTCGCTTCCCAAGCG-1,0.16666666666666666,0.7333333333333333,0.1,0.0
GTTCTATAGCACACAG-1,0.03333333333333333,0.9666666666666667,0.0,0.0
GTTCTATAGGTACATA-1,0.1,0.8,0.1,0.0
GTTCTATCAGAACCGA-1,0.2,0.5666666666666667,0.23333333333333334,0.0
GTTCTATGTGCATGAG-1,0.1,0.8333333333333334,0.06666666666666667,0.0
GTTCTATGTTGTCTAG-1,0.03333333333333333,0.8,0.16666666666666666,0.0
GTTCTATTCATAGGCT-1,0.06666666666666667,0.6333333333333333,0.3,0.0
GTTCTATTCATTCATC-1,0.03333333333333333,0.5,0.4666666666666667,0.0
GTTCTATTCCCTGGTT-1,0.03333333333333333,0.8,0.16666666666666666,0.0
GTTCTATTCCTGCTAC-1,0.06666666666666667,0.7333333333333333,0.2,0.0
GTTCTATTCGACGATT-1,0.06666666666666667,0.4,0.5333333333333333,0.0
GTTCTATTCGCGGACT-1,0.1,0.6,0.3,0.0
GTTCTATTCTGGGAGA-1,0.06666666666666667,0.6666666666666666,0.26666666666666666,0.0
GTTGAACAGCCAGTAG-1,0.03333333333333333,0.7333333333333333,0.23333333333333334,0.0
GTTGAACAGCTGGCCT-1,0.06666666666666667,0.7,0.23333333333333334,0.0
GTTGAACAGCTTGTGT-1,0.06666666666666667,0.6666666666666666,0.26666666666666666,0.0
GTTGAACAGGTTTACC-1,0.13333333333333333,0.5333333333333333,0.3333333333333333,0.0
GTTGAACCAAACCATC-1,0.1,0.8333333333333334,0.06666666666666667,0.0
GTTGAACCACCAGCGT-1,0.13333333333333333,0.7,0.16666666666666666,0.0
GTTGAACGTACGATCT-1,0.03333333333333333,0.36666666666666664,0.6,0.0
GTTGAACGTCAACCTA-1,0.06666666666666667,0.7,0.23333333333333334,0.0
GTTGAACTCCAAGCCG-1,0.16666666666666666,0.7666666666666667,0.06666666666666667,0.0
GTTGAACTCCGCGGAT-1,0.1,0.7,0.2,0.0
GTTGCGGAGTGCAGGT-1,0.06666666666666667,0.6333333333333333,0.3,0.0
GTTGCGGCAAGATCCT-1,0.06666666666666667,0.7333333333333333,0.2,0.0
GTTGCGGCACCGTCTT-1,0.06666666666666667,0.8,0.13333333333333333,0.0
GTTGCGGCATACAGAA-1,0.13333333333333333,0.5333333333333333,0.3333333333333333,0.0
GTTGCGGCATATCTGG-1,0.16666666666666666,0.6,0.23333333333333334,0.0
GTTGCGGCATTCCTAT-1,0.03333333333333333,0.8666666666666667,0.1,0.0
GTTGCGGCATTGCAAC-1,0.16666666666666666,0.7333333333333333,0.1,0.0
GTTGCGGGTGTAGTGG-1,0.06666666666666667,0.6666666666666666,0.26666666666666666,0.0
GTTGCGGGTTAAGTCC-1,0.1,0.6666666666666666,0.23333333333333334,0.0
GTTGCGGTCCTCGCAT-1,0.06666666666666667,0.8666666666666667,0.06666666666666667,0.0
GTTGCTCCAAGGTACG-1,0.13333333333333333,0.8333333333333334,0.03333333333333333,0.0
GTTGCTCGTAACATCC-1,0.1,0.8333333333333334,0.06666666666666667,0.0
GTTGCTCTCAAACCTG-1,0.2,0.5666666666666667,0.23333333333333334,0.0
GTTGCTCTCGTCCTTG-1,0.06666666666666667,0.5,0.43333333333333335,0.0
GTTGCTCTCTACGCGG-1,0.06666666666666667,0.5,0.43333333333333335,0.0
GTTGTAGAGCATCAGG-1,0.06666666666666667,0.7333333333333333,0.2,0.0
GTTGTAGAGTATGAGT-1,0.16666666666666666,0.43333333333333335,0.4,0.0
GTTGTAGAGTTTCGAC-1,0.03333333333333333,0.6,0.36666666666666664,0.0
GTTGTAGCAACAAGAT-1,0.06666666666666667,0.5333333333333333,0.4,0.0
GTTGTAGCAACATACC-1,0.06666666666666667,0.9333333333333333,0.0,0.0
GTTGTAGCATGAAAGT-1,0.03333333333333333,0.7333333333333333,0.23333333333333334,0.0
GTTGTAGGTCTGTGCG-1,0.1,0.7666666666666667,0.13333333333333333,0.0
GTTGTAGGTTCATCTT-1,0.1,0.5333333333333333,0.36666666666666664,0.0
GTTGTCCCACTAGTAC-1,0.06666666666666667,0.5333333333333333,0.4,0.0
GTTGTCCGTCCTGTCT-1,0.1,0.7666666666666667,0.13333333333333333,0.0
GTTGTCCTCTCTCTAA-1,0.1,0.8333333333333334,0.06666666666666667,0.0
GTTGTGAGTGAGGAAA-1,0.03333333333333333,0.9,0.06666666666666667,0.0
GTTGTGATCATTGCTT-1,0.16666666666666666,0.8,0.03333333333333333,0.0
GTTGTGATCGCCTTGT-1,0.0,0.8,0.2,0.0
GTTGTGATCTCCGAAA-1,0.03333333333333333,0.7,0.26666666666666666,0.0
GTTTACTAGGGTCTTT-1,0.1,0.7333333333333333,0.16666666666666666,0.0
GTTTACTCACCGTACG-1,0.13333333333333333,0.7333333333333333,0.13333333333333333,0.0
GTTTACTCACTCCCTA-1,0.06666666666666667,0.7666666666666667,0.16666666666666666,0.0
GTTTACTCATGGGCAA-1,0.1,0.8333333333333334,0.06666666666666667,0.0
GTTTACTGTATTGCCA-1,0.13333333333333333,0.7666666666666667,0.1,0.0
GTTTACTGTCATCACA-1,0.1,0.8,0.1,0.0
GTTTACTTCCAGCAAT-1,0.03333333333333333,0.7333333333333333,0.23333333333333334,0.0
GTTTGGAAGACATAAC-1,0.16666666666666666,0.6666666666666666,0.16666666666666666,0.0
GTTTGGAAGAGGGCGA-1,0.13333333333333333,0.7,0.16666666666666666,0.0
GTTTGGAAGCCACCGT-1,0.1,0.8333333333333334,0.06666666666666667,0.0
GTTTGGAAGCCTATCA-1,0.06666666666666667,0.7,0.23333333333333334,0.0
GTTTGGACATACGCAT-1,0.03333333333333333,0.9333333333333333,0.03333333333333333,0.0
GTTTGGACATCGCCTT-1,0.1,0.7,0.2,0.0
GTTTGGAGTCCTGAAT-1,0.1,0.5333333333333333,0.36666666666666664,0.0
GTTTGGAGTGAGCTCC-1,0.1,0.9,0.0,0.0
GTTTGGATCCACACAA-1,0.13333333333333333,0.7666666666666667,0.1,0.0
GTTTGGATCGAACGGA-1,0.06666666666666667,0.6,0.3333333333333333,0.0
TAACACGAGAATTTGG-1,0.03333333333333333,0.5333333333333333,0.43333333333333335,0.0
TAACACGAGACGATAT-1,0.0,0.7666666666666667,0.23333333333333334,0.0
TAACACGCAAGTCGTT-1,0.06666666666666667,0.9,0.03333333333333333,0.0
TAACACGCAAGTTCCA-1,0.1,0.7333333333333333,0.16666666666666666,0.0
TAACACGCACTGCACG-1,0.06666666666666667,0.8666666666666667,0.03333333333333333,0.03333333333333333
TAACACGGTAATGCTC-1,0.1,0.6333333333333333,0.26666666666666666,0.0
TAACACGGTCACATTG-1,0.23333333333333334,0.7333333333333333,0.03333333333333333,0.0
TAACACGGTTCGATTG-1,0.13333333333333333,0.6666666666666666,0.2,0.0
TAACACGGTTGCCTAA-1,0.16666666666666666,0.5666666666666667,0.26666666666666666,0.0
TAACACGGTTTCACTT-1,0.1,0.8,0.1,0.0
TAACACGTCTCATTGT-1,0.06666666666666667,0.7333333333333333,0.2,0.0
TAACCAGCAGAGTCAG-1,0.1,0.7333333333333333,0.16666666666666666,0.0
TAACCAGGTACGCTAT-1,0.13333333333333333,0.8666666666666667,0.0,0.0
TAACCAGGTTGTTTGG-1,0.03333333333333333,0.6666666666666666,0.3,0.0
TAACCAGTCACTTGTT-1,0.03333333333333333,0.6,0.36666666666666664,0.0
TAACCAGTCGGCAGTC-1,0.03333333333333333,0.6333333333333333,0.3333333333333333,0.0
TAACGACAGATTGAGT-1,0.1,0.6666666666666666,0.23333333333333334,0.0
TAACGACCACTGGCCA-1,0.03333333333333333,0.5333333333333333,0.43333333333333335,0.0
TAACGACCAGTAGTTC-1,0.06666666666666667,0.8333333333333334,0.1,0.0
TAACGACCATGCCGGT-1,0.1,0.8666666666666667,0.03333333333333333,0.0
TAACGACTCCGAGATT-1,0.2,0.6666666666666666,0.13333333333333333,0.0
TAACGACTCGACTCCT-1,0.03333333333333333,0.7333333333333333,0.23333333333333334,0.0
TAACGACTCGCGAAGA-1,0.03333333333333333,0.8666666666666667,0.1,0.0
TAACGACTCGGATAAA-1,0.03333333333333333,0.8333333333333334,0.13333333333333333,0.0
TAACGACTCTCAGAAC-1,0.06666666666666667,0.6333333333333333,0.3,0.0
TAACTTCAGACCAGAC-1,0.1,0.6,0.3,0.0
TAACTTCAGCATGCGA-1,0.16666666666666666,0.6,0.23333333333333334,0.0
TAACTTCAGCGTCTCG-1,0.0,0.7666666666666667,0.23333333333333334,0.0
TAACTTCAGGCCACTC-1,0.06666666666666667,0.7666666666666667,0.16666666666666666,0.0
TAACTTCCAACAAGAT-1,0.03333333333333333,0.6666666666666666,0.3,0.0
TAACTTCCAAGTTCCA-1,0.03333333333333333,0.7,0.23333333333333334,0.03333333333333333
TAACTTCCACATATCG-1,0.1,0.5333333333333333,0.36666666666666664,0.0
TAACTTCCAGGAATAT-1,0.13333333333333333,0.8333333333333334,0.03333333333333333,0.0
TAACTTCCATGGACAG-1,0.1,0.8333333333333334,0.06666666666666667,0.0
TAACTTCGTCAGGTGA-1,0.13333333333333333,0.7333333333333333,0.13333333333333333,0.0
TAACTTCGTCTGTGAT-1,0.06666666666666667,0.8,0.13333333333333333,0.0
TAACTTCGTGACTCTA-1,0.13333333333333333,0.7666666666666667,0.1,0.0
TAAGCACAGCGACATG-1,0.1,0.8666666666666667,0.03333333333333333,0.0
TAAGCACAGCTGGCCT-1,0.03333333333333333,0.8333333333333334,0.13333333333333333,0.0
TAAGCACAGGATATGT-1,0.06666666666666667,0.8666666666666667,0.06666666666666667,0.0
TAAGCACAGTTGCCCG-1,0.06666666666666667,0.8666666666666667,0.06666666666666667,0.0
TAAGCACCAAGATCCT-1,0.13333333333333333,0.6,0.26666666666666666,0.0
TAAGCACCAATTGCCA-1,0.03333333333333333,0.7333333333333333,0.23333333333333334,0.0
TAAGCACCACAGCCAC-1,0.06666666666666667,0.7,0.23333333333333334,0.0
TAAGCACGTACAAGCG-1,0.1,0.6333333333333333,0.26666666666666666,0.0
TAAGCACGTTGGGACA-1,0.06666666666666667,0.8666666666666667,0.06666666666666667,0.0
TAAGCACGTTGTGGCC-1,0.06666666666666667,0.7666666666666667,0.16666666666666666,0.0
TAAGCACTCCCTGGTT-1,0.13333333333333333,0.6333333333333333,0.23333333333333334,0.0
TAAGCACTCCTTCTAA-1,0.2,0.5,0.3,0.0
TAAGCACTCTATCGGA-1,0.06666666666666667,0.9,0.03333333333333333,0.0
TAAGCACTCTCGCGTT-1,0.16666666666666666,0.43333333333333335,0.4,0.0
TAAGCCAAGGTTCCGC-1,0.06666666666666667,0.5,0.43333333333333335,0.0
TAAGCCAAGTCCCAAT-1,0.06666666666666667,0.6,0.3333333333333333,0.0
TAAGCCACACGCACCA-1,0.06666666666666667,0.5,0.43333333333333335,0.0
TAAGCCACATAGGCGA-1,0.1,0.8,0.1,0.0
TAAGCCAGTCGAGCAA-1,0.06666666666666667,0.5666666666666667,0.36666666666666664,0.0
TAAGCCAGTCTCAGGC-1,0.03333333333333333,0.9,0.06666666666666667,0.0
TAAGCCATCATTCATC-1,0.1,0.5666666666666667,0.3,0.03333333333333333
TAAGCCATCTCGCCTA-1,0.1,0.36666666666666664,0.5333333333333333,0.0
TAAGCGTAGGTGATCG-1,0.06666666666666667,0.9,0.03333333333333333,0.0
TAAGCGTCAAGAGTAT-1,0.03333333333333333,0.8,0.16666666666666666,0.0
TAAGCGTCACTATCCC-1,0.0,0.6333333333333333,0.36666666666666664,0.0
TAAGCGTCATATCTCT-1,0.06666666666666667,0.7666666666666667,0.16666666666666666,0.0
TAAGCGTGTCCTCCAT-1,0.16666666666666666,0.7666666666666667,0.06666666666666667,0.0
TAAGCGTGTTAGGCCC-1,0.0,0.6,0.4,0.0
TAAGCGTTCAAAGACA-1,0.03333333333333333,0.5333333333333333,0.43333333333333335,0.0
TAAGCGTTCCGCATAA-1,0.06666666666666667,0.4666666666666667,0.4666666666666667,0.0
TAAGCGTTCTCTTCAA-1,0.0,0.4666666666666667,0.5333333333333333,0.0
TAAGTCGAGAGGATCC-1,0.06666666666666667,0.7333333333333333,0.2,0.0
TAAGTCGAGAGTCGAC-1,0.03333333333333333,0.7333333333333333,0.23333333333333334,0.0
TAAGTCGCAAGACGAC-1,0.2,0.5333333333333333,0.26666666666666666,0.0
TAAGTCGCAAGTATCC-1,0.03333333333333333,0.8333333333333334,0.13333333333333333,0.0
TAAGTCGCACTGCATA-1,0.06666666666666667,0.8666666666666667,0.06666666666666667,0.0
TAAGTCGCAGGGACTA-1,0.03333333333333333,0.7666666666666667,0.2,0.0
TAAGTCGCAGGTTACT-1,0.16666666666666666,0.5,0.3333333333333333,0.0
TAAGTCGGTGCGTGCT-1,0.13333333333333333,0.7666666666666667,0.1,0.0
TAAGTCGGTTACGCCG-1,0.03333333333333333,0.8333333333333334,0.13333333333333333,0.0
TAATCTCAGACCATGG-1,0.06666666666666667,0.6666666666666666,0.26666666666666666,0.0
TAATCTCAGCTGTGCC-1,0.13333333333333333,0.6,0.26666666666666666,0.0
TAATCTCAGGAAAGAC-1,0.06666666666666667,0.6,0.3333333333333333,0.0
TAATCTCAGTCGGCAA-1,0.1,0.8,0.1,0.0
TAATCTCAGTGACACG-1,0.03333333333333333,0.5333333333333333,0.43333333333333335,0.0
TAATCTCAGTTGCGCC-1,0.06666666666666667,0.8666666666666667,0.06666666666666667,0.0
TAATCTCTCAGTGCGC-1,0.06666666666666667,0.5666666666666667,0.36666666666666664,0.0
TAATCTCTCATGGTAC-1,0.03333333333333333,0.5,0.43333333333333335,0.03333333333333333
TAATTCCAGTGATGGC-1,0.1,0.7666666666666667,0.13333333333333333,0.0
TAATTCCCACAACATC-1,0.03333333333333333,0.6666666666666666,0.3,0.0
TAATTCCCACCCATAA-1,0.13333333333333333,0.8,0.06666666666666667,0.0
TAATTCCCATTGCTGA-1,0.06666666666666667,0.8666666666666667,0.06666666666666667,0.0
TAATTCCTCTGCAGCG-1,0.03333333333333333,0.8333333333333334,0.13333333333333333,0.0
TACAACGAGATTGGGC-1,0.06666666666666667,0.6666666666666666,0.26666666666666666,0.0
TACAACGAGCTGACTT-1,0.1,0.7333333333333333,0.16666666666666666,0.0
TACAACGAGGCGATAC-1,0.0,0.6666666666666666,0.3333333333333333,0.0
TACAACGAGTGGTTAA-1,0.03333333333333333,0.8666666666666667,0.1,0.0
TACAACGAGTTGAATG-1,0.06666666666666667,0.8,0.13333333333333333,0.0
TACAACGCACACTTAG-1,0.13333333333333333,0.5666666666666667,0.26666666666666666,0.03333333333333333
TACACCCAGGTAGTAT-1,0.03333333333333333,0.7,0.26666666666666666,0.0
TACACCCCACCAGGTC-1,0.06666666666666667,0.7333333333333333,0.2,0.0
TACACCCGTCCGGTCA-1,0.03333333333333333,0.9,0.03333333333333333,0.03333333333333333
TACACCCGTCTTGAGT-1,0.06666666666666667,0.6666666666666666,0.26666666666666666,0.0
TACACCCGTGATACTC-1,0.13333333333333333,0.8,0.06666666666666667,0.0
TACACCCTCACCTCAC-1,0.03333333333333333,0.7333333333333333,0.23333333333333334,0.0
TACACCCTCGAGATGG-1,0.03333333333333333,0.9,0.06666666666666667,0.0
TACACCCTCTTCGTAT-1,0.03333333333333333,0.6333333333333333,0.3333333333333333,0.0
TACACCCTCTTTGGAG-1,0.03333333333333333,0.7666666666666667,0.2,0.0
TACAGGTAGCGGACAT-1,0.1,0.7333333333333333,0.16666666666666666,0.0
TACAGGTAGGGCAATC-1,0.1,0.7666666666666667,0.13333333333333333,0.0
TACAGGTCAACCTATG-1,0.06666666666666667,0.6,0.3333333333333333,0.0
TACAGGTGTGCTCGTG-1,0.13333333333333333,0.7666666666666667,0.1,0.0
TACAGGTTCGTGCATA-1,0.06666666666666667,0.9,0.03333333333333333,0.0
TACAGGTTCTTCGATT-1,0.03333333333333333,0.4,0.5666666666666667,0.0
TACATTCAGGTTGAGC-1,0.06666666666666667,0.8,0.13333333333333333,0.0
TACATTCCAACAAGTA-1,0.06666666666666667,0.7666666666666667,0.16666666666666666,0.0
TACATTCCAAGTCGTT-1,0.06666666666666667,0.4666666666666667,0.4666666666666667,0.0
TACATTCCAATACCTG-1,0.06666666666666667,0.8333333333333334,0.1,0.0
TACATTCCACTAGGTT-1,0.06666666666666667,0.5666666666666667,0.36666666666666664,0.0
TACATTCGTCATTGCA-1,0.1,0.5666666666666667,0.3,0.03333333333333333
TACATTCTCGAATCCA-1,0.1,0.7666666666666667,0.13333333333333333,0.0
TACATTCTCTACGCGG-1,0.06666666666666667,0.5,0.43333333333333335,0.0
TACATTCTCTAGCCTC-1,0.0,0.9,0.1,0.0
TACATTCTCTGGTCAA-1,0.06666666666666667,0.7,0.23333333333333334,0.0
TACATTCTCTTCCACG-1,0.06666666666666667,0.9,0.03333333333333333,0.0
TACCCACCACGACTAT-1,0.13333333333333333,0.7666666666666667,0.1,0.0
TACCCACCAGAGAATT-1,0.06666666666666667,0.7666666666666667,0.16666666666666666,0.0
TACCCACGTAACATCC-1,0.03333333333333333,0.6666666666666666,0.3,0.0
TACCCACGTCTGCATA-1,0.06666666666666667,0.7666666666666667,0.16666666666666666,0.0
TACCCACGTGCACATT-1,0.06666666666666667,0.6666666666666666,0.26666666666666666,0.0
TACCCACGTTCCGCTT-1,0.1,0.7333333333333333,0.16666666666666666,0.0
TACCCGTAGCGCCATC-1,0.0,0.7333333333333333,0.26666666666666666,0.0
TACCCGTCAGCTTTCC-1,0.16666666666666666,0.6666666666666666,0.16666666666666666,0.0
TACCCGTGTAGGACTG-1,0.03333333333333333,0.8666666666666667,0.1,0.0
TACCCGTGTTGTTGTG-1,0.13333333333333333,0.7333333333333333,0.13333333333333333,0.0
TACCCGTTCATCGCAA-1,0.06666666666666667,0.36666666666666664,0.5666666666666667,0.0
TACCGAAAGGTCGTCC-1,0.03333333333333333,0.8,0.16666666666666666,0.0
TACCGAACAAGAGTTA-1,0.1,0.6,0.3,0.0
TACCGAACACACCTTC-1,0.1,0.4666666666666667,0.43333333333333335,0.0
TACCGAACACTGTCCT-1,0.06666666666666667,0.7666666666666667,0.16666666666666666,0.0
TACCGAAGTGTCTTCC-1,0.03333333333333333,0.7333333333333333,0.23333333333333334,0.0
TACCGAATCATGGATC-1,0.06666666666666667,0.8333333333333334,0.1,0.0
TACCGAATCATGGTAC-1,0.1,0.7,0.2,0.0
TACCGAATCGCTCTAC-1,0.06666666666666667,0.8333333333333334,0.1,0.0
TACCGAATCTATCACT-1,0.06666666666666667,0.7666666666666667,0.16666666666666666,0.0
TACCGAATCTTCTGGC-1,0.1,0.7,0.2,0.0
TACCGGGAGCAGGCTA-1,0.2,0.8,0.0,0.0
TACCGGGAGCCATGCC-1,0.1,0.6,0.3,0.0
TACCGGGAGTCGCCAC-1,0.06666666666666667,0.6333333333333333,0.3,0.0
TACCGGGAGTGGAAAG-1,0.0,0.9333333333333333,0.06666666666666667,0.0
TACCGGGGTTCGTACA-1,0.16666666666666666,0.8333333333333334,0.0,0.0
TACCGGGTCAAGTGTC-1,0.06666666666666667,0.7666666666666667,0.16666666666666666,0.0
TACCGGGTCCTGCCAT-1,0.1,0.7,0.2,0.0
TACCTCGAGATGCTTC-1,0.03333333333333333,0.5,0.43333333333333335,0.03333333333333333
TACCTCGCATGGCCCA-1,0.03333333333333333,0.9,0.06666666666666667,0.0
TACCTGCAGATACAGT-1,0.06666666666666667,0.6333333333333333,0.3,0.0
TACCTGCAGCGACCCT-1,0.03333333333333333,0.6666666666666666,0.3,0.0
TACCTGCTCATGAAAG-1,0.03333333333333333,0.8333333333333334,0.13333333333333333,0.0
TACCTGCTCTCGTCGT-1,0.03333333333333333,0.9,0.06666666666666667,0.0
TACCTGCTCTCTTAAC-1,0.06666666666666667,0.5,0.43333333333333335,0.0
TACCTGCTCTGAGCAT-1,0.1,0.6333333333333333,0.26666666666666666,0.0
TACGCTCAGCATATGA-1,0.16666666666666666,0.7666666666666667,0.06666666666666667,0.0
TACGCTCAGGCACGAT-1,0.23333333333333334,0.6666666666666666,0.1,0.0
TACGCTCAGTCACGAG-1,0.16666666666666666,0.6666666666666666,0.16666666666666666,0.0
TACGCTCCACTAGAGG-1,0.06666666666666667,0.8333333333333334,0.1,0.0
TACGCTCCAGAGCGTA-1,0.1,0.7,0.2,0.0
TACGCTCGTCCCGCAA-1,0.06666666666666667,0.6333333333333333,0.3,0.0
TACGCTCTCACTTCTA-1,0.06666666666666667,0.8333333333333334,0.1,0.0
TACGCTCTCCGCGGAT-1,0.13333333333333333,0.4666666666666667,0.4,0.0
TACGCTCTCGTACACA-1,0.16666666666666666,0.5333333333333333,0.3,0.0
TACGCTCTCTACTCAT-1,0.06666666666666667,0.4666666666666667,0.4666666666666667,0.0
TACGCTCTCTCGCTTG-1,0.06666666666666667,0.43333333333333335,0.5,0.0
TACGGGCAGGTTGCCC-1,0.1,0.5666666666666667,0.3333333333333333,0.0
TACGGGCCAAATTGGA-1,0.03333333333333333,0.7333333333333333,0.23333333333333334,0.0
TACGGGCGTTCAGCGC-1,0.03333333333333333,0.7,0.26666666666666666,0.0
TACGGGCTCAAGGAGC-1,0.13333333333333333,0.7,0.16666666666666666,0.0
TACGGGCTCAGCCTCT-1,0.13333333333333333,0.7,0.16666666666666666,0.0
TACGGGCTCGATACGT-1,0.06666666666666667,0.5333333333333333,0.4,0.0
TACGGGCTCTGTCCCA-1,0.06666666666666667,0.8333333333333334,0.1,0.0
TACGGTAAGCATGGGT-1,0.13333333333333333,0.6,0.26666666666666666,0.0
TACGGTAAGTCTGCGC-1,0.1,0.6666666666666666,0.2,0.03333333333333333
TACGGTACAACTACGT-1,0.03333333333333333,0.5333333333333333,0.43333333333333335,0.0
TACGGTACAATTCTTC-1,0.03333333333333333,0.43333333333333335,0.5333333333333333,0.0
TACGGTACATGGGTCC-1,0.1,0.7333333333333333,0.16666666666666666,0.0
TACGGTAGTGACCTGC-1,0.1,0.8666666666666667,0.03333333333333333,0.0
TACGGTATCAAGTCGT-1,0.03333333333333333,0.7666666666666667,0.2,0.0
TACGTCCAGTGACCTT-1,0.06666666666666667,0.7,0.23333333333333334,0.0
TACGTCCCACACCAGC-1,0.1,0.7,0.2,0.0
TACGTCCGTACAGAAT-1,0.1,0.8,0.1,0.0
TACGTCCGTCGCATTA-1,0.0,0.5666666666666667,0.43333333333333335,0.0
TACGTCCTCCGCATAA-1,0.16666666666666666,0.5333333333333333,0.3,0.0
TACGTCCTCGAAGCAG-1,0.06666666666666667,0.8666666666666667,0.06666666666666667,0.0
TACTGCCAGTTTCTTC-1,0.1,0.5666666666666667,0.3333333333333333,0.0
TACTGCCCAACTCATG-1,0.2,0.6,0.2,0.0
TACTGCCCAATCTCGA-1,0.06666666666666667,0.7,0.23333333333333334,0.0
TACTGCCGTCCAAGAG-1,0.1,0.8,0.1,0.0
TACTGCCGTGCCAAGA-1,0.1,0.7333333333333333,0.16666666666666666,0.0
TACTGCCTCATACGAC-1,0.06666666666666667,0.5,0.43333333333333335,0.0
TACTGCCTCATTCACT-1,0.1,0.7,0.2,0.0
TACTGCCTCCAACCAA-1,0.06666666666666667,0.7666666666666667,0.16666666666666666,0.0
TACTTACAGGCATCGA-1,0.06666666666666667,0.8333333333333334,0.1,0.0
TACTTACAGGGCCCTT-1,0.1,0.6333333333333333,0.26666666666666666,0.0
TACTTACAGTGCAAAT-1,0.06666666666666667,0.8666666666666667,0.06666666666666667,0.0
TACTTACCAGGCACTC-1,0.13333333333333333,0.6333333333333333,0.23333333333333334,0.0
TACTTACCATCTGGGC-1,0.03333333333333333,0.8,0.16666666666666666,0.0
TACTTACGTTGGGACA-1,0.03333333333333333,0.36666666666666664,0.6,0.0
TACTTACTCACGGACC-1,0.06666666666666667,0.6333333333333333,0.3,0.0
TACTTACTCCACACCT-1,0.03333333333333333,0.9333333333333333,0.03333333333333333,0.0
TACTTACTCGCTTACC-1,0.16666666666666666,0.7666666666666667,0.06666666666666667,0.0
TACTTCAAGCACACAG-1,0.03333333333333333,0.7333333333333333,0.23333333333333334,0.0
TACTTCAAGCCGAATG-1,0.13333333333333333,0.7333333333333333,0.13333333333333333,0.0
TACTTCACATAAGATG-1,0.13333333333333333,0.7,0.16666666666666666,0.0
TACTTCATCTTTCGAT-1,0.13333333333333333,0.8,0.06666666666666667,0.0
TACTTGTAGGCCGCTT-1,0.1,0.6666666666666666,0.23333333333333334,0.0
TACTTGTGTAGACACG-1,0.03333333333333333,0.8333333333333334,0.13333333333333333,0.0
TACTTGTGTTGCCGCA-1,0.16666666666666666,0.7,0.13333333333333333,0.0
TACTTGTTCGTTGTGA-1,0.06666666666666667,0.7333333333333333,0.2,0.0
TACTTGTTCTAACGCA-1,0.06666666666666667,0.7,0.23333333333333334,0.0
TACTTGTTCTTACTGT-1,0.03333333333333333,0.9333333333333333,0.03333333333333333,0.0
TAGACCAAGGTCACAG-1,0.13333333333333333,0.6666666666666666,0.2,0.0
TAGACCACACCATATG-1,0.03333333333333333,0.6333333333333333,0.3333333333333333,0.0
TAGACCACACCGTGGT-1,0.06666666666666667,0.7,0.23333333333333334,0.0
TAGACCACACTTCAAG-1,0.13333333333333333,0.5666666666666667,0.3,0.0
TAGACCACATTGACCA-1,0.03333333333333333,0.8,0.16666666666666666,0.0
TAGACCAGTAGGTGCA-1,0.06666666666666667,0.8,0.13333333333333333,0.0
TAGACCAGTATAATGG-1,0.1,0.6,0.3,0.0
TAGACCATCAAGTCTG-1,0.03333333333333333,0.7,0.26666666666666666,0.0
TAGACCATCACCATGA-1,0.03333333333333333,0.5333333333333333,0.4,0.03333333333333333
TAGACCATCGGTGCAC-1,0.1,0.8666666666666667,0.03333333333333333,0.0
TAGACCATCGTCGCTT-1,0.03333333333333333,0.8,0.16666666666666666,0.0
TAGACTGAGAAATTGC-1,0.1,0.6666666666666666,0.23333333333333334,0.0
TAGACTGAGTATTCCG-1,0.16666666666666666,0.5666666666666667,0.26666666666666666,0.0
TAGACTGCATAGGTAA-1,0.13333333333333333,0.6333333333333333,0.23333333333333334,0.0
TAGACTGGTGAATTGA-1,0.1,0.8,0.1,0.0
TAGAGTCAGGACTGGT-1,0.13333333333333333,0.4,0.4666666666666667,0.0
TAGAGTCAGTGATAGT-1,0.03333333333333333,0.6,0.36666666666666664,0.0
TAGAGTCCACCGGAAA-1,0.03333333333333333,0.7666666666666667,0.2,0.0
TAGAGTCCACGCGTGT-1,0.03333333333333333,0.8333333333333334,0.13333333333333333,0.0
TAGAGTCCATGATGCT-1,0.13333333333333333,0.6666666666666666,0.2,0.0
TAGAGTCGTCACCTTC-1,0.13333333333333333,0.6666666666666666,0.2,0.0
TAGAGTCGTCTTTATC-1,0.06666666666666667,0.8,0.13333333333333333,0.0
TAGAGTCGTTGGGAAC-1,0.03333333333333333,0.6333333333333333,0.3333333333333333,0.0
TAGAGTCTCACGAACT-1,0.1,0.7333333333333333,0.16666666666666666,0.0
TAGAGTCTCTAGATCG-1,0.03333333333333333,0.6333333333333333,0.3333333333333333,0.0
TAGATCGAGGCACAAC-1,0.06666666666666667,0.5,0.43333333333333335,0.0
TAGATCGAGGCTATCT-1,0.1,0.6666666666666666,0.23333333333333334,0.0
TAGATCGAGGGAGATA-1,0.0,0.8,0.2,0.0
TAGATCGCACACCTGG-1,0.13333333333333333,0.5333333333333333,0.3333333333333333,0.0
TAGATCGGTTCTTGCC-1,0.1,0.8,0.1,0.0
TAGATCGTCCATTGCC-1,0.13333333333333333,0.7333333333333333,0.13333333333333333,0.0
TAGATCGTCCTGGTCT-1,0.06666666666666667,0.6333333333333333,0.26666666666666666,0.03333333333333333
TAGATCGTCTCTCTTC-1,0.1,0.7333333333333333,0.16666666666666666,0.0
TAGCACAAGAGGACTC-1,0.06666666666666667,0.5333333333333333,0.36666666666666664,0.03333333333333333
TAGCACAAGATCACCT-1,0.06666666666666667,0.7,0.23333333333333334,0.0
TAGCACAAGATCCTAC-1,0.06666666666666667,0.7,0.23333333333333334,0.0
TAGCACAAGTCCCGGT-1,0.1,0.6,0.3,0.0
TAGCACACACGACGCT-1,0.1,0.7333333333333333,0.16666666666666666,0.0
TAGCACACAGCGGTCT-1,0.13333333333333333,0.6,0.26666666666666666,0.0
TAGCACATCAACCCGG-1,0.1,0.8333333333333334,0.06666666666666667,0.0
TAGCACATCACACCGG-1,0.1,0.4666666666666667,0.43333333333333335,0.0
TAGGAGGAGCTCGGCT-1,0.03333333333333333,0.9,0.06666666666666667,0.0
TAGGAGGAGTACCATC-1,0.06666666666666667,0.7333333333333333,0.2,0.0
TAGGAGGAGTGACACG-1,0.03333333333333333,0.3,0.6666666666666666,0.0
TAGGAGGCAGAAACCG-1,0.03333333333333333,0.7333333333333333,0.23333333333333334,0.0
TAGGAGGCATTCTGTT-1,0.0,0.7666666666666667,0.23333333333333334,0.0
TAGGAGGGTTATGACC-1,0.1,0.4,0.5,0.0
TAGGAGGTCTTGTTAC-1,0.16666666666666666,0.5,0.3333333333333333,0.0
TAGGGTTAGTAACAGT-1,0.1,0.6666666666666666,0.23333333333333334,0.0
TAGGGTTAGTACGTCT-1,0.2,0.7333333333333333,0.06666666666666667,0.0
TAGGGTTAGTCATAGA-1,0.1,0.7666666666666667,0.13333333333333333,0.0
TAGGGTTCAAAGGAGA-1,0.13333333333333333,0.6333333333333333,0.23333333333333334,0.0
TAGGGTTGTCGATTCA-1,0.06666666666666667,0.43333333333333335,0.5,0.0
TAGGGTTTCACCCTTG-1,0.16666666666666666,0.6666666666666666,0.16666666666666666,0.0
TAGGGTTTCCGCAACG-1,0.06666666666666667,0.7333333333333333,0.2,0.0
TAGGGTTTCGAGATAA-1,0.03333333333333333,0.8,0.16666666666666666,0.0
TAGGTACAGGAGGGTG-1,0.06666666666666667,0.8,0.13333333333333333,0.0
TAGGTACAGGTATCTC-1,0.16666666666666666,0.7333333333333333,0.1,0.0
TAGGTACAGTGCTCAT-1,0.13333333333333333,0.7,0.16666666666666666,0.0
TAGGTACCACGACGTC-1,0.1,0.26666666666666666,0.6333333333333333,0.0
TAGGTACCACTGGATT-1,0.16666666666666666,0.7,0.13333333333333333,0.0
TAGGTACCAGCTATTG-1,0.06666666666666667,0.8,0.13333333333333333,0.0
TAGGTACGTTCAAGGG-1,0.16666666666666666,0.5666666666666667,0.26666666666666666,0.0
TAGGTACGTTCCTTGC-1,0.06666666666666667,0.5333333333333333,0.4,0.0
TAGGTACTCGGTAGGA-1,0.2,0.7333333333333333,0.06666666666666667,0.0
TAGGTTGAGAACTTCC-1,0.13333333333333333,0.6333333333333333,0.23333333333333334,0.0
TAGGTTGAGACTAAGT-1,0.1,0.8333333333333334,0.06666666666666667,0.0
TAGGTTGCAATGACCT-1,0.06666666666666667,0.8666666666666667,0.06666666666666667,0.0
TAGGTTGCACAGTCGC-1,0.06666666666666667,0.7,0.23333333333333334,0.0
TAGGTTGCAGCCCAGT-1,0.03333333333333333,0.8,0.16666666666666666,0.0
TAGGTTGTCATAAGGA-1,0.03333333333333333,0.8,0.16666666666666666,0.0
TAGGTTGTCTAACGGT-1,0.1,0.5666666666666667,0.3333333333333333,0.0
TAGTGCAAGCCAGTAG-1,0.13333333333333333,0.6333333333333333,0.23333333333333334,0.0
TAGTGCACAGCATTGT-1,0.06666666666666667,0.6666666666666666,0.26666666666666666,0.0
TAGTGCACATAGAATG-1,0.16666666666666666,0.7333333333333333,0.1,0.0
TAGTGCACATAGTCGT-1,0.13333333333333333,0.6666666666666666,0.2,0.0
TAGTGCAGTATAGCTC-1,0.1,0.4666666666666667,0.43333333333333335,0.0
TAGTGCATCCTAACAG-1,0.03333333333333333,0.9,0.06666666666666667,0.0
TAGTGCATCTCATTGT-1,0.1,0.8666666666666667,0.03333333333333333,0.0
TAGTGCATCTGCGGCA-1,0.06666666666666667,0.5,0.43333333333333335,0.0
TATACCTAGAGCACTG-1,0.2,0.6666666666666666,0.13333333333333333,0.0
TATACCTAGTCGCGAA-1,0.0,0.8333333333333334,0.16666666666666666,0.0
TATACCTCAGCCGTTG-1,0.13333333333333333,0.7666666666666667,0.1,0.0
TATACCTCATTCATCT-1,0.03333333333333333,0.7,0.26666666666666666,0.0
TATACCTGTTACCCAA-1,0.06666666666666667,0.7,0.23333333333333334,0.0
TATACCTGTTTCGTGA-1,0.06666666666666667,0.9,0.03333333333333333,0.0
TATACCTTCAGACATC-1,0.13333333333333333,0.6333333333333333,0.23333333333333334,0.0
TATACCTTCTAGAACC-1,0.06666666666666667,0.8333333333333334,0.1,0.0
TATATCCGTGAGTCAG-1,0.06666666666666667,0.8666666666666667,0.06666666666666667,0.0
TATATCCTCCTAGAGT-1,0.1,0.7333333333333333,0.16666666666666666,0.0
TATCAGGCACCGTGCA-1,0.1,0.6,0.3,0.0
TATCAGGCAGTTCACA-1,0.06666666666666667,0.6333333333333333,0.3,0.0
TATCAGGCATCTCATT-1,0.06666666666666667,0.8,0.13333333333333333,0.0
TATCCTACAGAGTAAT-1,0.06666666666666667,0.9,0.03333333333333333,0.0
TATCCTACATCTTAGG-1,0.06666666666666667,0.5333333333333333,0.4,0.0
TATCCTAGTCTGTCAA-1,0.1,0.8,0.1,0.0
TATCCTAGTGTTGAGG-1,0.06666666666666667,0.7666666666666667,0.16666666666666666,0.0
TATCGCCAGAGGCCAT-1,0.06666666666666667,0.8333333333333334,0.1,0.0
TATCGCCAGAGTGACC-1,0.06666666666666667,0.8,0.13333333333333333,0.0
TATCGCCAGCTACTAC-1,0.1,0.8666666666666667,0.03333333333333333,0.0
TATCGCCAGTTTGAGA-1,0.13333333333333333,0.6,0.26666666666666666,0.0
TATCGCCCAAAGGGCT-1,0.1,0.7333333333333333,0.16666666666666666,0.0
TATCGCCCAACCACGC-1,0.03333333333333333,0.8,0.16666666666666666,0.0
TATCGCCCACCTATCC-1,0.1,0.6666666666666666,0.23333333333333334,0.0
TATCGCCCACTCCTGT-1,0.2,0.7,0.1,0.0
TATCGCCCAGAGTTGG-1,0.03333333333333333,0.8,0.16666666666666666,0.0
TATCTGTAGCGCCATC-1,0.03333333333333333,0.7,0.26666666666666666,0.0
TATCTGTCAAACGAGC-1,0.13333333333333333,0.7666666666666667,0.1,0.0
TATCTGTCATCATCTT-1,0.06666666666666667,0.7,0.23333333333333334,0.0
TATCTGTCATTCCTAT-1,0.1,0.5333333333333333,0.36666666666666664,0.0
TATCTGTGTAACAGTA-1,0.06666666666666667,0.8333333333333334,0.1,0.0
TATCTGTGTCCCTAAA-1,0.2,0.7,0.1,0.0
TATCTGTGTGAAAGTT-1,0.06666666666666667,0.6,0.3333333333333333,0.0
TATCTGTTCGCATTAG-1,0.0,0.9,0.1,0.0
TATCTGTTCTCCTGTG-1,0.03333333333333333,0.7666666666666667,0.2,0.0
TATCTTGAGAGTCAGC-1,0.06666666666666667,0.8333333333333334,0.1,0.0
TATCTTGAGCTGTTCA-1,0.16666666666666666,0.43333333333333335,0.36666666666666664,0.03333333333333333
TATCTTGCACCCATAA-1,0.03333333333333333,0.7,0.26666666666666666,0.0
TATCTTGCAGCGGTTC-1,0.16666666666666666,0.6333333333333333,0.2,0.0
TATCTTGGTCTCAAGT-1,0.06666666666666667,0.6333333333333333,0.3,0.0
TATCTTGTCAAACGTC-1,0.06666666666666667,0.6,0.3333333333333333,0.0
TATCTTGTCGCCAGTG-1,0.1,0.6333333333333333,0.26666666666666666,0.0
TATCTTGTCTGTCTCG-1,0.03333333333333333,0.7,0.26666666666666666,0.0
TATGTTCAGAAACTCA-1,0.2,0.7666666666666667,0.03333333333333333,0.0
TATGTTCAGCCGATCC-1,0.26666666666666666,0.6333333333333333,0.1,0.0
TATGTTCAGCCGTCGT-1,0.1,0.7666666666666667,0.13333333333333333,0.0
TATGTTCAGCTGGCCT-1,0.06666666666666667,0.8333333333333334,0.1,0.0
TATGTTCAGGAAGTAG-1,0.16666666666666666,0.7666666666666667,0.06666666666666667,0.0
TATGTTCAGGCATGGT-1,0.13333333333333333,0.7666666666666667,0.1,0.0
TATGTTCCAAATGGTA-1,0.26666666666666666,0.4666666666666667,0.26666666666666666,0.0
TATGTTCCAAGGTCAG-1,0.06666666666666667,0.8666666666666667,0.06666666666666667,0.0
TATGTTCCAATAGTGA-1,0.1,0.8,0.1,0.0
TATGTTCGTAGAATGT-1,0.1,0.7666666666666667,0.13333333333333333,0.0
TATGTTCGTATACCTG-1,0.06666666666666667,0.5666666666666667,0.36666666666666664,0.0
TATGTTCTCGAGCACC-1,0.06666666666666667,0.7333333333333333,0.2,0.0
TATGTTCTCGATTCCC-1,0.06666666666666667,0.7333333333333333,0.2,0.0
TATGTTCTCGTGGCTG-1,0.1,0.7,0.2,0.0
TATGTTCTCTGCTAGA-1,0.03333333333333333,0.7333333333333333,0.23333333333333334,0.0
TATTCCAAGGAAAGGT-1,0.06666666666666667,0.8333333333333334,0.1,0.0
TATTCCACAACTCGTA-1,0.06666666666666667,0.8333333333333334,0.1,0.0
TATTCCACACGCGCTA-1,0.0,0.6,0.4,0.0
TATTCCACATTGACAC-1,0.06666666666666667,0.6333333333333333,0.3,0.0
TATTCCAGTCAAGCGA-1,0.06666666666666667,0.6333333333333333,0.3,0.0
TATTCCAGTTCTCCAC-1,0.06666666666666667,0.36666666666666664,0.5666666666666667,0.0
TATTCCATCAAGAGTA-1,0.1,0.8666666666666667,0.03333333333333333,0.0
TATTCCATCGAGAAAT-1,0.1,0.7,0.2,0.0
TATTGCTAGCAAATGT-1,0.06666666666666667,0.5,0.43333333333333335,0.0
TATTGCTAGCAAGTCG-1,0.03333333333333333,0.4666666666666667,0.5,0.0
TATTGCTCATGTTCAG-1,0.13333333333333333,0.8,0.06666666666666667,0.0
TATTGCTGTCGTACAT-1,0.06666666666666667,0.8,0.13333333333333333,0.0
TATTGCTGTTTCTATC-1,0.06666666666666667,0.6333333333333333,0.3,0.0
TATTGGGAGTAAACAC-1,0.06666666666666667,0.7,0.23333333333333334,0.0
TATTGGGAGTCCTGCG-1,0.03333333333333333,0.7333333333333333,0.23333333333333334,0.0
TATTGGGCATCGATAC-1,0.06666666666666667,0.7666666666666667,0.16666666666666666,0.0
TATTGGGGTAATGTGA-1,0.1,0.6,0.3,0.0
TATTGGGGTATCGCTA-1,0.13333333333333333,0.7666666666666667,0.1,0.0
TATTGGGGTGACCTGC-1,0.1,0.5666666666666667,0.3333333333333333,0.0
TATTGGGGTTTACTGG-1,0.06666666666666667,0.8666666666666667,0.06666666666666667,0.0
TATTGGGGTTTCCAAG-1,0.03333333333333333,0.6333333333333333,0.3333333333333333,0.0
TATTGGGTCACCATCC-1,0.13333333333333333,0.5666666666666667,0.3,0.0
TATTGGGTCCATTTAC-1,0.1,0.7666666666666667,0.13333333333333333,0.0
TATTGGGTCGCAACAT-1,0.03333333333333333,0.6333333333333333,0.3333333333333333,0.0
TATTGGGTCTAGTTCT-1,0.03333333333333333,0.6666666666666666,0.3,0.0
TATTTCGCAGAAATCA-1,0.1,0.7333333333333333,0.16666666666666666,0.0
TATTTCGGTACTAAGA-1,0.13333333333333333,0.8,0.06666666666666667,0.0
TATTTCGGTAGTCTGT-1,0.13333333333333333,0.6333333333333333,0.23333333333333334,0.0
TATTTCGGTCGGCCTA-1,0.16666666666666666,0.6666666666666666,0.13333333333333333,0.03333333333333333
TATTTCGGTGGTCTGC-1,0.06666666666666667,0.9,0.03333333333333333,0.0
TATTTCGGTTCAGGTT-1,0.03333333333333333,0.8333333333333334,0.13333333333333333,0.0
TCAAGACAGTCACGCC-1,0.1,0.6333333333333333,0.26666666666666666,0.0
TCAAGACGTCGAACAG-1,0.06666666666666667,0.6333333333333333,0.26666666666666666,0.03333333333333333
TCAAGACTCTTTCCAA-1,0.06666666666666667,0.6666666666666666,0.26666666666666666,0.0
TCAAGCAAGGACTAAT-1,0.1,0.7,0.2,0.0
TCAAGCAAGTCATACC-1,0.03333333333333333,0.8666666666666667,0.1,0.0
TCAAGCACAGACCTAT-1,0.03333333333333333,0.7333333333333333,0.23333333333333334,0.0
TCAAGCAGTTTCCCAC-1,0.13333333333333333,0.8,0.06666666666666667,0.0
TCAAGCATCAGGTAAA-1,0.1,0.6333333333333333,0.26666666666666666,0.0
TCAAGCATCATCCCGT-1,0.06666666666666667,0.9,0.03333333333333333,0.0
TCAAGCATCGGCAGTC-1,0.06666666666666667,0.8333333333333334,0.1,0.0
TCAAGTGAGTGAGTGC-1,0.2,0.6,0.2,0.0
TCAAGTGCAACCAGAG-1,0.06666666666666667,0.7333333333333333,0.2,0.0
TCAAGTGCAATACAGA-1,0.03333333333333333,0.9,0.06666666666666667,0.0
TCAAGTGCAGCATACT-1,0.1,0.7666666666666667,0.13333333333333333,0.0
TCAAGTGCATGATCTG-1,0.1,0.7666666666666667,0.13333333333333333,0.0
TCAAGTGGTAGCGAGT-1,0.1,0.8,0.1,0.0
TCAAGTGGTGGCCACT-1,0.06666666666666667,0.8333333333333334,0.1,0.0
TCAAGTGTCCACGTGG-1,0.13333333333333333,0.7666666666666667,0.1,0.0
TCAAGTGTCGTGCGAC-1,0.03333333333333333,0.5333333333333333,0.43333333333333335,0.0
TCAAGTGTCGTTAGTG-1,0.06666666666666667,0.8333333333333334,0.1,0.0
TCAATCTAGATTGGGC-1,0.06666666666666667,0.8333333333333334,0.1,0.0
TCAATCTAGCCGTAAG-1,0.06666666666666667,0.8333333333333334,0.1,0.0
TCAATCTAGTGCTCGC-1,0.1,0.7,0.2,0.0
TCAATCTCAACACGAG-1,0.06666666666666667,0.5666666666666667,0.36666666666666664,0.0
TCAATCTCAATACAGA-1,0.1,0.7666666666666667,0.13333333333333333,0.0
TCAATCTCAGCTACAT-1,0.06666666666666667,0.6,0.3333333333333333,0.0
TCAATCTGTTCGGTTA-1,0.0,0.7,0.3,0.0
TCAATCTTCACTTGGA-1,0.13333333333333333,0.7666666666666667,0.1,0.0
TCAATCTTCGCCAGAC-1,0.1,0.5333333333333333,0.36666666666666664,0.0
TCAATTCAGAAAGTCT-1,0.2,0.7,0.1,0.0
TCAATTCAGAGAAGGT-1,0.13333333333333333,0.7,0.16666666666666666,0.0
TCAATTCAGAGTATAC-1,0.1,0.8333333333333334,0.06666666666666667,0.0
TCAATTCAGCCGATAG-1,0.16666666666666666,0.5666666666666667,0.26666666666666666,0.0
TCAATTCAGCTGAGTG-1,0.0,0.9333333333333333,0.06666666666666667,0.0
TCAATTCAGTATCCTG-1,0.06666666666666667,0.8,0.13333333333333333,0.0
TCAATTCAGTCCCTAA-1,0.06666666666666667,0.6,0.3333333333333333,0.0
TCAATTCAGTGATAGT-1,0.0,0.7,0.3,0.0
TCAATTCCAATCTGCA-1,0.1,0.6333333333333333,0.26666666666666666,0.0
TCAATTCCACCTTCGT-1,0.06666666666666667,0.7,0.23333333333333334,0.0
TCAATTCCACGAGAAC-1,0.06666666666666667,0.8,0.13333333333333333,0.0
TCAATTCGTCACCGAC-1,0.06666666666666667,0.7333333333333333,0.2,0.0
TCAATTCGTCTGTCCT-1,0.16666666666666666,0.7666666666666667,0.06666666666666667,0.0
TCAATTCGTTCTCGCT-1,0.03333333333333333,0.5333333333333333,0.43333333333333335,0.0
TCACAAGCAATACAGA-1,0.1,0.5333333333333333,0.36666666666666664,0.0
TCACAAGCATCGAACT-1,0.23333333333333334,0.6,0.16666666666666666,0.0
TCACAAGCATGCGTGC-1,0.1,0.6333333333333333,0.26666666666666666,0.0
TCACAAGGTACGGTTT-1,0.13333333333333333,0.7333333333333333,0.13333333333333333,0.0
TCACAAGTCGCAAGAG-1,0.13333333333333333,0.7333333333333333,0.13333333333333333,0.0
TCACAAGTCGCAATGT-1,0.06666666666666667,0.8666666666666667,0.06666666666666667,0.0
TCACACCCAATACGAA-1,0.13333333333333333,0.6,0.23333333333333334,0.03333333333333333
TCACACCCACCGTACG-1,0.1,0.5666666666666667,0.3333333333333333,0.0
TCACACCCACTGGCGT-1,0.16666666666666666,0.7,0.13333333333333333,0.0
TCACACCGTAATACCC-1,0.03333333333333333,0.5666666666666667,0.4,0.0
TCACACCGTCCACAGC-1,0.03333333333333333,0.8333333333333334,0.13333333333333333,0.0
TCACACCGTCCATACA-1,0.06666666666666667,0.6,0.3333333333333333,0.0
TCACACCGTGATCGTT-1,0.1,0.7666666666666667,0.13333333333333333,0.0
TCACACCGTGCCCGTA-1,0.0,0.7,0.3,0.0
TCACACCTCCACTGAA-1,0.1,0.8666666666666667,0.03333333333333333,0.0
TCACATTAGAGTGTTA-1,0.03333333333333333,0.7666666666666667,0.2,0.0
TCACATTAGGCACGAT-1,0.1,0.6333333333333333,0.26666666666666666,0.0
TCACATTAGGTATAGT-1,0.13333333333333333,0.6666666666666666,0.2,0.0
TCACATTGTACAGCGA-1,0.03333333333333333,0.6666666666666666,0.3,0.0
TCACATTGTACGACTT-1,0.13333333333333333,0.8,0.06666666666666667,0.0
TCACATTGTCACTTCC-1,0.0,0.6,0.4,0.0
TCACATTGTGACATCT-1,0.1,0.7666666666666667,0.13333333333333333,0.0
TCACATTGTGAGGATC-1,0.1,0.8,0.1,0.0
TCACATTGTTCTCTCG-1,0.23333333333333334,0.43333333333333335,0.3333333333333333,0.0
TCACATTTCGGCATAT-1,0.06666666666666667,0.8,0.13333333333333333,0.0
TCACGCTAGTCGCGAA-1,0.16666666666666666,0.8,0.03333333333333333,0.0
TCACGCTCACAATTCG-1,0.1,0.6,0.3,0.0
TCACGCTCATTGTCGA-1,0.1,0.7333333333333333,0.16666666666666666,0.0
TCACGCTGTAGTACGG-1,0.16666666666666666,0.8333333333333334,0.0,0.0
TCACGCTGTGACTAAA-1,0.03333333333333333,0.5333333333333333,0.43333333333333335,0.0
TCACGCTGTGAGGATC-1,0.2,0.6333333333333333,0.16666666666666666,0.0
TCACGCTTCACGTAGT-1,0.2,0.7,0.1,0.0
TCACGCTTCCTTTGAT-1,0.03333333333333333,0.7333333333333333,0.23333333333333334,0.0
TCACGGGAGAGGGTAA-1,0.06666666666666667,0.7666666666666667,0.16666666666666666,0.0
TCACGGGAGCCTATTG-1,0.06666666666666667,0.7333333333333333,0.2,0.0
TCACGGGGTAGTCTTG-1,0.03333333333333333,0.7666666666666667,0.2,0.0
TCACGGGTCTTCGCTG-1,0.06666666666666667,0.7333333333333333,0.2,0.0
TCACTATAGGCGCTCT-1,0.03333333333333333,0.9,0.06666666666666667,0.0
TCACTATAGGTTAAAC-1,0.03333333333333333,0.8,0.16666666666666666,0.0
TCACTATCAATGTCAC-1,0.03333333333333333,0.6,0.36666666666666664,0.0
TCACTATCATGAGGGT-1,0.13333333333333333,0.8,0.06666666666666667,0.0
TCACTCGAGATACCAA-1,0.1,0.6,0.3,0.0
TCACTCGAGTACCATC-1,0.1,0.7666666666666667,0.13333333333333333,0.0
TCACTCGAGTCCTACA-1,0.03333333333333333,0.8,0.16666666666666666,0.0
TCACTCGCAACCGGAA-1,0.1,0.8,0.1,0.0
TCACTCGCAAGTATAG-1,0.1,0.7666666666666667,0.13333333333333333,0.0
TCACTCGGTAGCCCTG-1,0.1,0.8,0.1,0.0
TCACTCGGTATAGCTC-1,0.1,0.8,0.1,0.0
TCACTCGGTTAAACCC-1,0.03333333333333333,0.7,0.26666666666666666,0.0
TCACTCGTCCGTATAG-1,0.16666666666666666,0.6333333333333333,0.2,0.0
TCAGCAAAGATAGCTA-1,0.06666666666666667,0.6333333333333333,0.3,0.0
TCAGCAACAGCTATTG-1,0.1,0.7,0.2,0.0
TCAGCAACATGGCCCA-1,0.1,0.6333333333333333,0.26666666666666666,0.0
TCAGCAAGTGACTCTA-1,0.06666666666666667,0.8,0.13333333333333333,0.0
TCAGCAATCCCTCATG-1,0.03333333333333333,0.7666666666666667,0.2,0.0
TCAGCAATCCGCATAA-1,0.06666666666666667,0.7333333333333333,0.2,0.0
TCAGCAATCCTGATAG-1,0.06666666666666667,0.8,0.13333333333333333,0.0
TCAGCAATCCTGTAGA-1,0.1,0.8,0.1,0.0
TCAGCCTCAGAGCTAG-1,0.1,0.7,0.2,0.0
TCAGCCTGTCACGTGC-1,0.1,0.4666666666666667,0.43333333333333335,0.0
TCAGCCTTCACTCTTA-1,0.06666666666666667,0.4666666666666667,0.4666666666666667,0.0
TCAGCCTTCCGCGATG-1,0.06666666666666667,0.9,0.03333333333333333,0.0
TCAGCCTTCCTGTAAG-1,0.1,0.7,0.2,0.0
TCAGCCTTCTGTGCAA-1,0.06666666666666667,0.8666666666666667,0.06666666666666667,0.0
TCAGCCTTCTTAGCAG-1,0.06666666666666667,0.8666666666666667,0.06666666666666667,0.0
TCAGGGCAGGCACGAT-1,0.1,0.7,0.2,0.0
TCAGGGCCAGACCCGT-1,0.06666666666666667,0.8333333333333334,0.1,0.0
TCAGGGCGTCCCTGAG-1,0.06666666666666667,0.8,0.13333333333333333,0.0
TCAGGGCGTCCGACGT-1,0.1,0.5333333333333333,0.36666666666666664,0.0
TCAGGGCTCAGCGGAA-1,0.06666666666666667,0.8333333333333334,0.1,0.0
TCAGGTAAGTCCCAGC-1,0.1,0.6666666666666666,0.23333333333333334,0.0
TCAGGTACATACATCG-1,0.1,0.7333333333333333,0.16666666666666666,0.0
TCAGGTAGTCCCGGTA-1,0.13333333333333333,0.8333333333333334,0.03333333333333333,0.0
TCAGGTAGTGAGACCA-1,0.13333333333333333,0.6,0.26666666666666666,0.0
TCAGTCCAGATGACAT-1,0.06666666666666667,0.8,0.13333333333333333,0.0
TCAGTCCAGGACAGTC-1,0.1,0.6666666666666666,0.23333333333333334,0.0
TCAGTCCCAAGTACCT-1,0.1,0.7,0.2,0.0
TCAGTCCCATGAGTAA-1,0.06666666666666667,0.4666666666666667,0.4666666666666667,0.0
TCAGTCCGTGTAAACA-1,0.13333333333333333,0.7333333333333333,0.13333333333333333,0.0
TCAGTCCGTTAAACCC-1,0.06666666666666667,0.8666666666666667,0.06666666666666667,0.0
TCAGTCCGTTTCGACA-1,0.1,0.7333333333333333,0.16666666666666666,0.0
TCAGTCCTCCACGGAC-1,0.03333333333333333,0.5,0.4666666666666667,0.0
TCAGTCCTCCTGGTCT-1,0.06666666666666667,0.6666666666666666,0.26666666666666666,0.0
TCAGTCCTCGCACTCT-1,0.06666666666666667,0.7666666666666667,0.16666666666666666,0.0
TCAGTCCTCGCCTATC-1,0.06666666666666667,0.7666666666666667,0.16666666666666666,0.0
TCAGTCCTCTAGTGTG-1,0.03333333333333333,0.7,0.26666666666666666,0.0
TCAGTGAGTAATCAGA-1,0.16666666666666666,0.7333333333333333,0.1,0.0
TCAGTGAGTACGATTC-1,0.06666666666666667,0.8,0.13333333333333333,0.0
TCAGTTTAGAGATCGC-1,0.1,0.6333333333333333,0.26666666666666666,0.0
TCAGTTTAGAGTTGTA-1,0.03333333333333333,0.8666666666666667,0.1,0.0
TCAGTTTCAATCTAGC-1,0.1,0.8333333333333334,0.06666666666666667,0.0
TCAGTTTCACAGCCAC-1,0.06666666666666667,0.4666666666666667,0.4666666666666667,0.0
TCAGTTTCACTTTATC-1,0.1,0.5,0.4,0.0
TCAGTTTCAGTCACGC-1,0.03333333333333333,0.7333333333333333,0.23333333333333334,0.0
TCAGTTTCATGATCTG-1,0.1,0.7333333333333333,0.16666666666666666,0.0
TCAGTTTGTAAGTTGA-1,0.03333333333333333,0.8666666666666667,0.1,0.0
TCAGTTTGTCGCACAC-1,0.23333333333333334,0.5666666666666667,0.2,0.0
TCAGTTTGTTACTCAG-1,0.03333333333333333,0.8,0.16666666666666666,0.0
TCAGTTTGTTTACTTC-1,0.13333333333333333,0.7666666666666667,0.1,0.0
TCATACTAGACCAGCA-1,0.1,0.7,0.2,0.0
TCATACTAGACTCCGC-1,0.1,0.7333333333333333,0.16666666666666666,0.0
TCATACTAGGTTCAGG-1,0.16666666666666666,0.7666666666666667,0.06666666666666667,0.0
TCATACTAGGTTGACG-1,0.03333333333333333,0.6666666666666666,0.3,0.0
TCATACTAGTAAGACT-1,0.03333333333333333,0.6666666666666666,0.3,0.0
TCATACTCAACGCATT-1,0.03333333333333333,0.7333333333333333,0.23333333333333334,0.0
TCATACTCACTGTCGG-1,0.13333333333333333,0.6666666666666666,0.2,0.0
TCATACTGTTTGGCTA-1,0.1,0.8666666666666667,0.03333333333333333,0.0
TCATACTTCAGCGTCG-1,0.06666666666666667,0.8,0.13333333333333333,0.0
TCATATCAGACCTTTG-1,0.06666666666666667,0.6333333333333333,0.3,0.0
TCATATCAGCCTCTCT-1,0.1,0.6,0.3,0.0
TCATATCAGCTGAAGC-1,0.0,0.9666666666666667,0.03333333333333333,0.0
TCATATCAGTACTCGT-1,0.06666666666666667,0.7,0.23333333333333334,0.0
TCATATCAGTTCCGTA-1,0.1,0.7333333333333333,0.16666666666666666,0.0
TCATATCCAGGTGGAT-1,0.03333333333333333,0.5,0.4666666666666667,0.0
TCATATCGTCGCATTA-1,0.03333333333333333,0.6666666666666666,0.3,0.0
TCATATCGTCTTTATC-1,0.1,0.8,0.1,0.0
TCATATCGTGTACGCC-1,0.06666666666666667,0.8,0.13333333333333333,0.0
TCATATCTCATTTCGT-1,0.1,0.6333333333333333,0.26666666666666666,0.0
TCATATCTCGCCGTGA-1,0.1,0.5666666666666667,0.3333333333333333,0.0
TCATCATAGCGCAATG-1,0.03333333333333333,0.6333333333333333,0.3333333333333333,0.0
TCATCATAGTCTACCA-1,0.03333333333333333,0.8,0.16666666666666666,0.0
TCATCATCAGAGTTGG-1,0.1,0.5,0.4,0.0
TCATCATTCCATTTAC-1,0.03333333333333333,0.43333333333333335,0.5333333333333333,0.0
TCATCATTCGTTCCCA-1,0.03333333333333333,0.8,0.16666666666666666,0.0
TCATCCGCACTGTTCC-1,0.23333333333333334,0.6666666666666666,0.1,0.0
TCATCCGGTGGGTATG-1,0.1,0.7666666666666667,0.13333333333333333,0.0
TCATCCGGTTCCTAGA-1,0.16666666666666666,0.5,0.3,0.03333333333333333
TCATCCGTCCGAGCTG-1,0.1,0.7333333333333333,0.16666666666666666,0.0
TCATCCGTCTTTACAC-1,0.13333333333333333,0.8333333333333334,0.03333333333333333,0.0
TCATGAGAGTAAGCAT-1,0.1,0.6666666666666666,0.23333333333333334,0.0
TCATGAGGTCTCCCTA-1,0.16666666666666666,0.6666666666666666,0.16666666666666666,0.0
TCATGAGTCATTCCTA-1,0.03333333333333333,0.8,0.16666666666666666,0.0
TCATGAGTCCGCGAGT-1,0.1,0.7333333333333333,0.13333333333333333,0.03333333333333333
TCATGAGTCCGCGATG-1,0.1,0.6666666666666666,0.23333333333333334,0.0
TCATGAGTCCTGCTAC-1,0.06666666666666667,0.7,0.23333333333333334,0.0
TCATGAGTCTTTCCAA-1,0.2,0.43333333333333335,0.36666666666666664,0.0
TCATGCCAGGAAACGA-1,0.06666666666666667,0.43333333333333335,0.5,0.0
TCATGCCAGGCACGAT-1,0.06666666666666667,0.6,0.3333333333333333,0.0
TCATGCCAGGGTGGGA-1,0.2,0.6666666666666666,0.13333333333333333,0.0
TCATGCCCAGATTTCG-1,0.16666666666666666,0.7,0.1,0.03333333333333333
TCATGCCCAGGATCTT-1,0.13333333333333333,0.8,0.06666666666666667,0.0
TCATGCCGTGTCCACG-1,0.03333333333333333,0.7,0.26666666666666666,0.0
TCATGCCTCCCTTCCC-1,0.1,0.6333333333333333,0.26666666666666666,0.0
TCATGCCTCCTCGATC-1,0.1,0.7333333333333333,0.16666666666666666,0.0
TCATGCCTCTAGTCAG-1,0.1,0.8333333333333334,0.06666666666666667,0.0
TCATGCCTCTGACCCT-1,0.16666666666666666,0.5333333333333333,0.3,0.0
TCATGGAAGCAGCAGT-1,0.06666666666666667,0.9,0.03333333333333333,0.0
TCATGGAAGGAAGTAG-1,0.13333333333333333,0.8333333333333334,0.03333333333333333,0.0
TCATGGACAGCGGATA-1,0.03333333333333333,0.6,0.36666666666666664,0.0
TCATGGACAGGCAATG-1,0.03333333333333333,0.7333333333333333,0.23333333333333334,0.0
TCATGGACAGTAGTGG-1,0.06666666666666667,0.4,0.5333333333333333,0.0
TCATGGATCTCATAGG-1,0.1,0.8666666666666667,0.03333333333333333,0.0
TCATGGATCTGATGGT-1,0.16666666666666666,0.7666666666666667,0.06666666666666667,0.0
TCATGTTAGTGCAGGT-1,0.06666666666666667,0.7,0.23333333333333334,0.0
TCATGTTCAATCGTCA-1,0.06666666666666667,0.9,0.0,0.03333333333333333
TCATGTTCACCCTGAG-1,0.06666666666666667,0.7333333333333333,0.2,0.0
TCATGTTCACGTACTA-1,0.06666666666666667,0.8666666666666667,0.06666666666666667,0.0
TCATGTTCAGATCATC-1,0.1,0.6666666666666666,0.23333333333333334,0.0
TCATGTTGTAATCAGA-1,0.16666666666666666,0.7333333333333333,0.1,0.0
TCATGTTGTACAGAGC-1,0.13333333333333333,0.8,0.06666666666666667,0.0
TCATGTTGTCAGGTGA-1,0.13333333333333333,0.5333333333333333,0.3333333333333333,0.0
TCATGTTGTCGTGATT-1,0.13333333333333333,0.5666666666666667,0.3,0.0
TCATGTTTCATGGGAG-1,0.1,0.8333333333333334,0.06666666666666667,0.0
TCATGTTTCGTACCTC-1,0.06666666666666667,0.5666666666666667,0.36666666666666664,0.0
TCATTACCAAAGGATT-1,0.1,0.7333333333333333,0.16666666666666666,0.0
TCATTACGTAGAAACT-1,0.06666666666666667,0.6666666666666666,0.26666666666666666,0.0
TCATTACGTATGACAA-1,0.13333333333333333,0.7333333333333333,0.13333333333333333,0.0
TCATTACTCAGCTAGT-1,0.06666666666666667,0.8333333333333334,0.1,0.0
TCATTCAAGATGACAT-1,0.13333333333333333,0.7666666666666667,0.1,0.0
TCATTCAAGCATCTTG-1,0.06666666666666667,0.7333333333333333,0.2,0.0
TCATTCAAGCTCCCTT-1,0.06666666666666667,0.7666666666666667,0.16666666666666666,0.0
TCATTCAAGTATTCCG-1,0.03333333333333333,0.6333333333333333,0.3333333333333333,0.0
TCATTCACACAAGTGG-1,0.06666666666666667,0.8,0.13333333333333333,0.0
TCATTCAGTATCGAAA-1,0.13333333333333333,0.5333333333333333,0.3,0.03333333333333333
TCATTCAGTCCGGATC-1,0.06666666666666667,0.7333333333333333,0.16666666666666666,0.03333333333333333
TCATTCAGTTGGGATG-1,0.1,0.8,0.1,0.0
TCATTCATCAAGCTTG-1,0.1,0.7,0.2,0.0
TCATTGTAGGGTTAGC-1,0.16666666666666666,0.7,0.13333333333333333,0.0
TCATTGTGTATCGATC-1,0.06666666666666667,0.7666666666666667,0.16666666666666666,0.0
TCATTGTGTGAGTTGG-1,0.1,0.6666666666666666,0.23333333333333334,0.0
TCATTGTGTTCAAAGA-1,0.06666666666666667,0.6666666666666666,0.26666666666666666,0.0
TCATTGTTCAAGTCTG-1,0.16666666666666666,0.7,0.13333333333333333,0.0
TCATTGTTCAGCCTCT-1,0.03333333333333333,0.5333333333333333,0.43333333333333335,0.0
TCATTGTTCCCAAGTA-1,0.13333333333333333,0.6666666666666666,0.2,0.0
TCATTGTTCCGATGCG-1,0.03333333333333333,0.9666666666666667,0.0,0.0
TCATTTGAGCCACCGT-1,0.06666666666666667,0.5666666666666667,0.36666666666666664,0.0
TCATTTGAGGCCGCTT-1,0.03333333333333333,0.9,0.06666666666666667,0.0
TCATTTGCAGTTGAAA-1,0.03333333333333333,0.8,0.16666666666666666,0.0
TCATTTGCATCCGGTG-1,0.06666666666666667,0.4,0.5333333333333333,0.0
TCATTTGGTGAGACGT-1,0.0,0.8333333333333334,0.16666666666666666,0.0
TCCACCAAGAAATGGG-1,0.1,0.5333333333333333,0.36666666666666664,0.0
TCCACCACAGAAACCG-1,0.06666666666666667,0.6,0.3333333333333333,0.0
TCCACCAGTCCGCAGT-1,0.1,0.5333333333333333,0.36666666666666664,0.0
TCCACCATCGTCCTTG-1,0.13333333333333333,0.6,0.26666666666666666,0.0
TCCACCATCTATGCCC-1,0.16666666666666666,0.7666666666666667,0.06666666666666667,0.0
TCCACGTAGGTTATAG-1,0.16666666666666666,0.8,0.0,0.03333333333333333
TCCACGTCATCGATAC-1,0.06666666666666667,0.8,0.13333333333333333,0.0
TCCACGTCATGACCCG-1,0.13333333333333333,0.6666666666666666,0.2,0.0
TCCAGAAAGACGGATC-1,0.06666666666666667,0.7666666666666667,0.16666666666666666,0.0
TCCAGAACAAATGCTC-1,0.03333333333333333,0.7333333333333333,0.23333333333333334,0.0
TCCAGAACATCACAGT-1,0.06666666666666667,0.6,0.3333333333333333,0.0
TCCAGAACATTCATCT-1,0.06666666666666667,0.7333333333333333,0.2,0.0
TCCAGAAGTATCTCGA-1,0.03333333333333333,0.8666666666666667,0.1,0.0
TCCAGAAGTCAACATC-1,0.06666666666666667,0.7333333333333333,0.2,0.0
TCCAGAAGTGCGGATA-1,0.03333333333333333,0.8666666666666667,0.1,0.0
TCCATCGAGCTCCCTT-1,0.0,0.8666666666666667,0.13333333333333333,0.0
TCCATCGAGGGATGTC-1,0.1,0.8333333333333334,0.06666666666666667,0.0
TCCATCGAGTGCCCGT-1,0.1,0.7666666666666667,0.13333333333333333,0.0
TCCATCGCAATACAGA-1,0.13333333333333333,0.7,0.16666666666666666,0.0
TCCATCGCACAGAGAC-1,0.03333333333333333,0.9333333333333333,0.03333333333333333,0.0
TCCATCGCACGCTTAA-1,0.1,0.8333333333333334,0.06666666666666667,0.0
TCCATCGCAGCGCGTT-1,0.03333333333333333,0.8,0.16666666666666666,0.0
TCCATCGTCCCAATAG-1,0.03333333333333333,0.6666666666666666,0.3,0.0
TCCATCGTCGGCTGTG-1,0.03333333333333333,0.7,0.26666666666666666,0.0
TCCATGCAGGTTCTAC-1,0.03333333333333333,0.8333333333333334,0.13333333333333333,0.0
TCCATGCCACGGGTAA-1,0.03333333333333333,0.5666666666666667,0.4,0.0
TCCATGCCAGGACGAT-1,0.2,0.6,0.2,0.0
TCCATGCTCAGCCTCT-1,0.06666666666666667,0.9333333333333333,0.0,0.0
TCCATGCTCTAGTCAG-1,0.03333333333333333,0.9333333333333333,0.03333333333333333,0.0
TCCATGCTCTCAGAAC-1,0.13333333333333333,0.8333333333333334,0.03333333333333333,0.0
TCCCACAAGACCGTTT-1,0.03333333333333333,0.36666666666666664,0.6,0.0
TCCCACAAGTATCCTG-1,0.1,0.7,0.2,0.0
TCCCACAGTCTTTCTA-1,0.03333333333333333,0.8666666666666667,0.1,0.0
TCCCACAGTTATAGCC-1,0.2,0.6666666666666666,0.13333333333333333,0.0
TCCCACATCATGAGGG-1,0.06666666666666667,0.5666666666666667,0.36666666666666664,0.0
TCCCAGTCAAACACCT-1,0.06666666666666667,0.6666666666666666,0.26666666666666666,0.0
TCCCAGTGTCATAAAG-1,0.03333333333333333,0.8,0.16666666666666666,0.0
TCCCAGTGTTTGGAGG-1,0.1,0.8,0.1,0.0
TCCCAGTTCTCTAAGG-1,0.06666666666666667,0.6,0.3333333333333333,0.0
TCCCATGAGAAATTGC-1,0.1,0.5666666666666667,0.3333333333333333,0.0
TCCCATGAGTATGATG-1,0.06666666666666667,0.8,0.13333333333333333,0.0
TCCCATGTCAGTAGGG-1,0.06666666666666667,0.8333333333333334,0.1,0.0
TCCGAAAAGCAACAAT-1,0.13333333333333333,0.7333333333333333,0.13333333333333333,0.0
TCCGAAAAGCTGTACT-1,0.1,0.8,0.1,0.0
TCCGAAAGTCCACTCT-1,0.0,0.8333333333333334,0.16666666666666666,0.0
TCCGAAATCGCATTGA-1,0.13333333333333333,0.5666666666666667,0.3,0.0
TCCGAAATCGGCTGGT-1,0.06666666666666667,0.7666666666666667,0.16666666666666666,0.0
TCCGAAATCTACGCAA-1,0.03333333333333333,0.6,0.3333333333333333,0.03333333333333333
TCCGAAATCTTAGCTT-1,0.1,0.5666666666666667,0.3333333333333333,0.0
TCCGATCAGAGTCGAC-1,0.13333333333333333,0.7666666666666667,0.1,0.0
TCCGATCAGATGCCGA-1,0.13333333333333333,0.7666666666666667,0.1,0.0
TCCGATCAGGGTACAC-1,0.06666666666666667,0.8333333333333334,0.1,0.0
TCCGATCGTAATGATG-1,0.06666666666666667,0.8,0.13333333333333333,0.0
TCCGATCGTGGCGTAA-1,0.06666666666666667,0.6,0.3333333333333333,0.0
TCCGATCGTTGGTGTT-1,0.1,0.6333333333333333,0.26666666666666666,0.0
TCCGATCTCCTGGCTT-1,0.03333333333333333,0.8666666666666667,0.1,0.0
TCCGATCTCGAATGCT-1,0.06666666666666667,0.6666666666666666,0.26666666666666666,0.0
TCCGATCTCGTCCTTG-1,0.13333333333333333,0.6666666666666666,0.2,0.0
TCCGATCTCTGCATGA-1,0.06666666666666667,0.8,0.13333333333333333,0.0
TCCGATCTCTTTCCGG-1,0.0,0.8333333333333334,0.16666666666666666,0.0
TCCGGGAAGAAAGTCT-1,0.16666666666666666,0.7,0.13333333333333333,0.0
TCCGTGTCAACAAGAT-1,0.13333333333333333,0.5666666666666667,0.3,0.0
TCCGTGTCAACACAGG-1,0.0,0.6333333333333333,0.36666666666666664,0.0
TCCGTGTCACACGCCA-1,0.06666666666666667,0.6666666666666666,0.26666666666666666,0.0
TCCGTGTCACAGCCTG-1,0.06666666666666667,0.7666666666666667,0.16666666666666666,0.0
TCCGTGTGTCATCCGG-1,0.06666666666666667,0.8333333333333334,0.1,0.0
TCCGTGTGTGTAGTGG-1,0.03333333333333333,0.5333333333333333,0.43333333333333335,0.0
TCCTAATAGGGCAACT-1,0.06666666666666667,0.8,0.13333333333333333,0.0
TCCTAATCAACCGACC-1,0.06666666666666667,0.7333333333333333,0.2,0.0
TCCTAATCAGCGACCT-1,0.06666666666666667,0.8,0.13333333333333333,0.0
TCCTAATTCAGCTTGA-1,0.06666666666666667,0.6333333333333333,0.3,0.0
TCCTAATTCCTAGAGT-1,0.03333333333333333,0.7333333333333333,0.23333333333333334,0.0
TCCTCCCCAATGGGTG-1,0.16666666666666666,0.7666666666666667,0.06666666666666667,0.0
TCCTCCCCATTCTGTT-1,0.06666666666666667,0.8333333333333334,0.1,0.0
TCCTCCCGTCGTCTCT-1,0.03333333333333333,0.8333333333333334,0.13333333333333333,0.0
TCCTCCCGTCTCTCAC-1,0.03333333333333333,0.8,0.13333333333333333,0.03333333333333333
TCCTCCCGTCTTGGTA-1,0.03333333333333333,0.9333333333333333,0.03333333333333333,0.0
TCCTCCCGTGGCTAGA-1,0.06666666666666667,0.7666666666666667,0.16666666666666666,0.0
TCCTCCCTCGAACCAT-1,0.1,0.5333333333333333,0.36666666666666664,0.0
TCCTCGAAGGCGCTTC-1,0.06666666666666667,0.8333333333333334,0.1,0.0
TCCTCGACAAATTGCC-1,0.1,0.4,0.4666666666666667,0.03333333333333333
TCCTCGACACTGATTG-1,0.03333333333333333,0.8333333333333334,0.13333333333333333,0.0
TCCTCGACATCCGCGA-1,0.03333333333333333,0.8666666666666667,0.1,0.0
TCCTCGAGTTTCCATT-1,0.06666666666666667,0.9333333333333333,0.0,0.0
TCCTCGATCTCCCATG-1,0.06666666666666667,0.7333333333333333,0.2,0.0
TCCTCTTAGAACAGGA-1,0.1,0.7333333333333333,0.16666666666666666,0.0
TCCTCTTAGGCCTAGA-1,0.0,0.8666666666666667,0.13333333333333333,0.0
TCCTCTTAGGGCCTCT-1,0.16666666666666666,0.5666666666666667,0.26666666666666666,0.0
TCCTCTTAGGTTACAA-1,0.03333333333333333,0.6,0.36666666666666664,0.0
TCCTCTTAGTCGGCAA-1,0.03333333333333333,0.6,0.36666666666666664,0.0
TCCTCTTCACGGTGTC-1,0.06666666666666667,0.7,0.23333333333333334,0.0
TCCTCTTCACGTAGAG-1,0.06666666666666667,0.7333333333333333,0.2,0.0
TCCTCTTCATTCATCT-1,0.13333333333333333,0.6333333333333333,0.23333333333333334,0.0
TCCTCTTGTACCCGCA-1,0.26666666666666666,0.4666666666666667,0.26666666666666666,0.0
TCCTCTTGTGAGCAGT-1,0.06666666666666667,0.7333333333333333,0.2,0.0
TCCTCTTGTTAATCGC-1,0.03333333333333333,0.6,0.36666666666666664,0.0
TCCTCTTTCACCCTTG-1,0.03333333333333333,0.6666666666666666,0.3,0.0
TCCTCTTTCCATAAGC-1,0.06666666666666667,0.9,0.03333333333333333,0.0
TCCTCTTTCCTACACC-1,0.1,0.6666666666666666,0.23333333333333334,0.0
TCCTCTTTCGACATTG-1,0.1,0.8333333333333334,0.06666666666666667,0.0
TCCTGCACACAAAGTA-1,0.06666666666666667,0.7666666666666667,0.16666666666666666,0.0
TCCTGCAGTACTGCCG-1,0.13333333333333333,0.7666666666666667,0.1,0.0
TCCTGCAGTGGATACG-1,0.03333333333333333,0.8333333333333334,0.13333333333333333,0.0
TCCTGCAGTTGGGATG-1,0.06666666666666667,0.6333333333333333,0.3,0.0
TCCTGCATCCGGTAGC-1,0.06666666666666667,0.7666666666666667,0.16666666666666666,0.0
TCCTGCATCTCCTGCA-1,0.03333333333333333,0.8666666666666667,0.1,0.0
TCCTGCATCTTCACAT-1,0.06666666666666667,0.8,0.13333333333333333,0.0
TCCTTCTAGGTAGGCT-1,0.03333333333333333,0.9666666666666667,0.0,0.0
TCCTTCTCACGGGCTT-1,0.1,0.9,0.0,0.0
TCCTTCTTCAAGCGTT-1,0.0,0.8,0.2,0.0
TCCTTCTTCAGCGCAC-1,0.03333333333333333,0.8666666666666667,0.1,0.0
TCCTTTCAGCAGGCTA-1,0.06666666666666667,0.7666666666666667,0.16666666666666666,0.0
TCCTTTCTCGATTGAC-1,0.03333333333333333,0.6,0.36666666666666664,0.0
TCCTTTCTCTTCGTAT-1,0.06666666666666667,0.8333333333333334,0.1,0.0
TCGAACACAAATCCCA-1,0.2,0.5666666666666667,0.23333333333333334,0.0
TCGAACACATGGGATG-1,0.16666666666666666,0.7,0.13333333333333333,0.0
TCGAACAGTTACAGCT-1,0.03333333333333333,0.6,0.36666666666666664,0.0
TCGAAGTAGATGGTAT-1,0.13333333333333333,0.7333333333333333,0.13333333333333333,0.0
TCGAAGTAGCAACTCT-1,0.06666666666666667,0.7666666666666667,0.16666666666666666,0.0
TCGAAGTGTCTTGAGT-1,0.1,0.8333333333333334,0.06666666666666667,0.0
TCGAAGTGTTAGGAGC-1,0.1,0.7666666666666667,0.13333333333333333,0.0
TCGAAGTTCCATGATG-1,0.0,0.8666666666666667,0.13333333333333333,0.0
TCGACCTAGCTATCTG-1,0.03333333333333333,0.5333333333333333,0.43333333333333335,0.0
TCGACCTAGGCACGAT-1,0.1,0.8333333333333334,0.06666666666666667,0.0
TCGACCTCAAGAATGT-1,0.1,0.5666666666666667,0.3333333333333333,0.0
TCGACCTTCCAAGGGA-1,0.03333333333333333,0.6333333333333333,0.3333333333333333,0.0
TCGACCTTCCTCTAGC-1,0.06666666666666667,0.7333333333333333,0.2,0.0
TCGACCTTCTCTTGCG-1,0.1,0.4666666666666667,0.43333333333333335,0.0
TCGACGGAGTGTCATC-1,0.03333333333333333,0.8333333333333334,0.13333333333333333,0.0
TCGACGGCACTACTTT-1,0.06666666666666667,0.6666666666666666,0.26666666666666666,0.0
TCGACGGGTAACAGTA-1,0.1,0.7,0.2,0.0
TCGACGGGTAAGCGGT-1,0.1,0.7666666666666667,0.13333333333333333,0.0
TCGACGGGTACCCAGC-1,0.03333333333333333,0.6666666666666666,0.3,0.0
TCGATTTAGAAATTGC-1,0.13333333333333333,0.6333333333333333,0.23333333333333334,0.0
TCGATTTAGGTGATAT-1,0.03333333333333333,0.5666666666666667,0.4,0.0
TCGATTTCAACGTATC-1,0.03333333333333333,0.8,0.16666666666666666,0.0
TCGATTTCACTATCCC-1,0.1,0.6666666666666666,0.23333333333333334,0.0
TCGATTTGTCACGACC-1,0.1,0.8333333333333334,0.06666666666666667,0.0
TCGATTTGTGATTGGG-1,0.1,0.7666666666666667,0.13333333333333333,0.0
TCGATTTGTTATAGCC-1,0.06666666666666667,0.6333333333333333,0.3,0.0
TCGATTTTCAACTTTC-1,0.1,0.8,0.1,0.0
TCGCACTAGCCTGAAG-1,0.13333333333333333,0.7666666666666667,0.1,0.0
TCGCACTAGGAAAGAC-1,0.06666666666666667,0.7666666666666667,0.16666666666666666,0.0
TCGCACTCAAGATGTA-1,0.06666666666666667,0.6333333333333333,0.3,0.0
TCGCACTGTCCTGGGT-1,0.1,0.8,0.1,0.0
TCGCACTGTGAGAGGG-1,0.16666666666666666,0.6666666666666666,0.16666666666666666,0.0
TCGCACTGTGGTCTCG-1,0.03333333333333333,0.36666666666666664,0.5666666666666667,0.03333333333333333
TCGCACTGTTCATCTT-1,0.03333333333333333,0.9,0.06666666666666667,0.0
TCGCACTTCTATACTC-1,0.13333333333333333,0.5666666666666667,0.3,0.0
TCGCAGGAGAGATCGC-1,0.06666666666666667,0.8333333333333334,0.1,0.0
TCGCAGGAGCTGACCC-1,0.06666666666666667,0.5333333333333333,0.4,0.0
TCGCAGGCAACCACAT-1,0.13333333333333333,0.7666666666666667,0.1,0.0
TCGCAGGCACATTCGA-1,0.03333333333333333,0.6,0.36666666666666664,0.0
TCGCAGGCACCGTCGA-1,0.1,0.9,0.0,0.0
TCGCAGGCACTGTGAT-1,0.03333333333333333,0.7,0.26666666666666666,0.0
TCGCAGGCATTCTCCG-1,0.06666666666666667,0.7,0.23333333333333334,0.0
TCGCAGGTCATGTCTT-1,0.0,0.8333333333333334,0.16666666666666666,0.0
TCGCAGGTCCTGTACC-1,0.06666666666666667,0.8,0.13333333333333333,0.0
TCGCAGGTCTGGGCCA-1,0.16666666666666666,0.6,0.23333333333333334,0.0
TCGCTCAAGGGTTGCA-1,0.03333333333333333,0.8,0.16666666666666666,0.0
TCGCTCACACAAACGG-1,0.13333333333333333,0.7666666666666667,0.1,0.0
TCGCTCACACGCAGTC-1,0.13333333333333333,0.5333333333333333,0.3333333333333333,0.0
TCGCTCACACTAAACC-1,0.1,0.8,0.1,0.0
TCGCTCACAGGTCCGT-1,0.03333333333333333,0.5666666666666667,0.4,0.0
TCGCTCACATTAGGAA-1,0.0,0.9,0.1,0.0
TCGCTCACATTCTTCA-1,0.03333333333333333,0.8,0.16666666666666666,0.0
TCGCTCAGTCGTTGGC-1,0.03333333333333333,0.8333333333333334,0.13333333333333333,0.0
TCGCTCATCAATCAGC-1,0.13333333333333333,0.7,0.16666666666666666,0.0
TCGCTCATCATGTCTT-1,0.06666666666666667,0.7666666666666667,0.16666666666666666,0.0
TCGCTCATCCATTGCC-1,0.13333333333333333,0.6666666666666666,0.2,0.0
TCGCTCATCCTCACCA-1,0.2,0.7333333333333333,0.06666666666666667,0.0
TCGCTTGAGCCGCTTG-1,0.1,0.7666666666666667,0.13333333333333333,0.0
TCGCTTGAGGAGTCTG-1,0.06666666666666667,0.9333333333333333,0.0,0.0
TCGCTTGAGTCTAGAA-1,0.03333333333333333,0.9,0.06666666666666667,0.0
TCGCTTGGTAGAGATT-1,0.13333333333333333,0.6,0.26666666666666666,0.0
TCGCTTGTCTTAGCCC-1,0.06666666666666667,0.7333333333333333,0.2,0.0
TCGGATACAATCTAGC-1,0.16666666666666666,0.7,0.13333333333333333,0.0
TCGGATACACACGTGC-1,0.06666666666666667,0.6666666666666666,0.26666666666666666,0.0
TCGGATACAGACAATA-1,0.06666666666666667,0.8,0.13333333333333333,0.0
TCGGATAGTAGGTGCA-1,0.13333333333333333,0.7333333333333333,0.13333333333333333,0.0
TCGGGACAGGCAGGGA-1,0.06666666666666667,0.8666666666666667,0.06666666666666667,0.0
TCGGGACAGTGGCGAT-1,0.03333333333333333,0.8,0.16666666666666666,0.0
TCGGGACGTCAACCAT-1,0.06666666666666667,0.6,0.3333333333333333,0.0
TCGGGACGTGAGATCG-1,0.03333333333333333,0.5666666666666667,0.4,0.0
TCGGGACGTGGACTAG-1,0.06666666666666667,0.43333333333333335,0.5,0.0
TCGGGACTCGCGTGCA-1,0.1,0.4666666666666667,0.43333333333333335,0.0
TCGGGCACAAACCACT-1,0.06666666666666667,0.7333333333333333,0.2,0.0
TCGGGCACATGACAAA-1,0.03333333333333333,0.5333333333333333,0.43333333333333335,0.0
TCGGGCAGTCAGTCTA-1,0.16666666666666666,0.5666666666666667,0.26666666666666666,0.0
TCGGGCATCAGCACCG-1,0.1,0.6666666666666666,0.23333333333333334,0.0
TCGGGCATCGACGATT-1,0.06666666666666667,0.5666666666666667,0.36666666666666664,0.0
TCGGGTGAGAAGTCAT-1,0.1,0.9,0.0,0.0
TCGGGTGAGGGAGGGT-1,0.13333333333333333,0.6,0.26666666666666666,0.0
TCGGGTGGTAAGCTCT-1,0.0,0.5333333333333333,0.4666666666666667,0.0
TCGGGTGGTGACTCTA-1,0.03333333333333333,0.5333333333333333,0.43333333333333335,0.0
TCGGGTGTCAGTGTTG-1,0.03333333333333333,0.9,0.06666666666666667,0.0
TCGGGTGTCGAACGCC-1,0.0,0.9,0.1,0.0
TCGGGTGTCTTGCGCT-1,0.1,0.6333333333333333,0.26666666666666666,0.0
TCGGTCTCACCATTCC-1,0.16666666666666666,0.7,0.1,0.03333333333333333
TCGGTCTCACTATCGA-1,0.03333333333333333,0.7333333333333333,0.23333333333333334,0.0
TCGGTCTCAGGTATGG-1,0.1,0.7,0.2,0.0
TCGGTCTCATCCTCAC-1,0.1,0.9,0.0,0.0
TCGGTCTTCCGTTGGG-1,0.06666666666666667,0.7333333333333333,0.2,0.0
TCGGTCTTCGAGTGGA-1,0.16666666666666666,0.7666666666666667,0.06666666666666667,0.0
TCGGTCTTCTGAATCG-1,0.13333333333333333,0.6,0.26666666666666666,0.0
TCGTAGACACGTAGAG-1,0.03333333333333333,0.7666666666666667,0.2,0.0
TCGTCCAAGCGACAGT-1,0.1,0.5666666666666667,0.3333333333333333,0.0
TCGTCCAAGTCTAGCT-1,0.06666666666666667,0.7333333333333333,0.2,0.0
TCGTCCACACCCGTAG-1,0.1,0.8,0.1,0.0
TCGTCCAGTCTGCCTT-1,0.03333333333333333,0.5333333333333333,0.43333333333333335,0.0
TCGTCCAGTTGATGTC-1,0.13333333333333333,0.6333333333333333,0.23333333333333334,0.0
TCGTCCATCTTCGATT-1,0.13333333333333333,0.6666666666666666,0.2,0.0
TCGTGCTAGCAAGCCA-1,0.1,0.8,0.1,0.0
TCGTGCTAGCAGATAT-1,0.06666666666666667,0.7666666666666667,0.16666666666666666,0.0
TCGTGCTGTTCTATCT-1,0.1,0.8,0.1,0.0
TCGTGCTTCGACACCG-1,0.03333333333333333,0.6333333333333333,0.3333333333333333,0.0
TCGTGCTTCTAGCAAC-1,0.06666666666666667,0.43333333333333335,0.5,0.0
TCGTGCTTCTTTGATC-1,0.13333333333333333,0.8,0.06666666666666667,0.0
TCGTGGGAGATTGCGG-1,0.13333333333333333,0.7,0.16666666666666666,0.0
TCGTGGGAGTACTGGG-1,0.06666666666666667,0.6666666666666666,0.26666666666666666,0.0
TCGTGGGCAACGATCT-1,0.03333333333333333,0.9333333333333333,0.03333333333333333,0.0
TCGTGGGCAAGTGTCT-1,0.06666666666666667,0.4666666666666667,0.4666666666666667,0.0
TCGTGGGCAAGTTGGG-1,0.06666666666666667,0.8666666666666667,0.06666666666666667,0.0
TCGTGGGCATTGCTGA-1,0.06666666666666667,0.9,0.03333333333333333,0.0
TCGTGGGGTCCGCAGT-1,0.1,0.7333333333333333,0.16666666666666666,0.0
TCTAACTAGGATCACG-1,0.1,0.6333333333333333,0.26666666666666666,0.0
TCTAACTAGTGAGTTA-1,0.06666666666666667,0.5,0.43333333333333335,0.0
TCTAACTAGTTCGGTT-1,0.2,0.7333333333333333,0.06666666666666667,0.0
TCTAACTCAAGGGCAT-1,0.1,0.6,0.3,0.0
TCTAACTCAGTACTAC-1,0.1,0.7666666666666667,0.13333333333333333,0.0
TCTAACTGTATTTCGG-1,0.0,0.7666666666666667,0.23333333333333334,0.0
TCTAACTGTCGATTTG-1,0.03333333333333333,0.8666666666666667,0.1,0.0
TCTAACTGTGCAACAG-1,0.13333333333333333,0.7333333333333333,0.13333333333333333,0.0
TCTAACTGTGGCTCTG-1,0.06666666666666667,0.6666666666666666,0.26666666666666666,0.0
TCTAACTTCATCGTAG-1,0.06666666666666667,0.5,0.43333333333333335,0.0
TCTAACTTCCTATTTG-1,0.1,0.6666666666666666,0.23333333333333334,0.0
TCTACATAGTGCTACT-1,0.1,0.7666666666666667,0.13333333333333333,0.0
TCTACATAGTTCACTG-1,0.1,0.9,0.0,0.0
TCTACATCAACTCGAT-1,0.13333333333333333,0.7,0.16666666666666666,0.0
TCTACATCACGGTAGA-1,0.2,0.6,0.2,0.0
TCTACATGTCCTGGGT-1,0.03333333333333333,0.6666666666666666,0.3,0.0
TCTACATGTCGTTCAA-1,0.1,0.5666666666666667,0.3333333333333333,0.0
TCTACATGTCGTTGCG-1,0.03333333333333333,0.7333333333333333,0.23333333333333334,0.0
TCTACATGTGGACTAG-1,0.06666666666666667,0.6333333333333333,0.3,0.0
TCTACATTCTAAGCCA-1,0.06666666666666667,0.7333333333333333,0.2,0.0
TCTACCGAGTATGCAA-1,0.06666666666666667,0.9,0.03333333333333333,0.0
TCTACCGGTACACGCC-1,0.03333333333333333,0.8,0.16666666666666666,0.0
TCTACCGGTCGTACTA-1,0.03333333333333333,0.9333333333333333,0.03333333333333333,0.0
TCTACCGGTTCGGCTG-1,0.06666666666666667,0.6,0.3333333333333333,0.0
TCTACCGTCTAGCCTC-1,0.1,0.7,0.2,0.0
TCTATACAGAGAATCT-1,0.1,0.7,0.2,0.0
TCTATACTCGAAGCCC-1,0.0,0.7333333333333333,0.26666666666666666,0.0
TCTATCAAGATTAGTG-1,0.06666666666666667,0.9,0.03333333333333333,0.0
TCTATCAAGCTCAGAG-1,0.03333333333333333,0.5,0.43333333333333335,0.03333333333333333
TCTATCACACACCTAA-1,0.03333333333333333,0.7333333333333333,0.23333333333333334,0.0
TCTATCACACAGTATC-1,0.1,0.7,0.2,0.0
TCTATCACACGTACTA-1,0.03333333333333333,0.8,0.16666666666666666,0.0
TCTATCACACTCACTC-1,0.13333333333333333,0.7666666666666667,0.1,0.0
TCTATCACATGAGGGT-1,0.03333333333333333,0.5333333333333333,0.43333333333333335,0.0
TCTATCATCATCCCGT-1,0.1,0.5333333333333333,0.36666666666666664,0.0
TCTATCATCCACACCT-1,0.03333333333333333,0.6,0.36666666666666664,0.0
TCTCACGAGACTTCCA-1,0.06666666666666667,0.7333333333333333,0.2,0.0
TCTCACGAGTAACAGT-1,0.06666666666666667,0.7666666666666667,0.16666666666666666,0.0
TCTCACGCAGGAGGTT-1,0.16666666666666666,0.6333333333333333,0.2,0.0
TCTCACGCATACTGAC-1,0.06666666666666667,0.8,0.13333333333333333,0.0
TCTCACGGTATGCGGA-1,0.2,0.7,0.1,0.0
TCTCACGTCGCTACGG-1,0.16666666666666666,0.7666666666666667,0.06666666666666667,0.0
TCTCAGCAGCCTGTGC-1,0.1,0.6,0.3,0.0
TCTCAGCCAGCAGGAT-1,0.1,0.8,0.1,0.0
TCTCAGCGTTAGGCTT-1,0.13333333333333333,0.7,0.16666666666666666,0.0
TCTCAGCGTTCTAAGC-1,0.03333333333333333,0.5666666666666667,0.4,0.0
TCTCAGCTCATTCCTA-1,0.1,0.6333333333333333,0.26666666666666666,0.0
TCTCCGAAGGAACGAA-1,0.03333333333333333,0.6333333333333333,0.3333333333333333,0.0
TCTCCGAAGTCCGCGT-1,0.03333333333333333,0.9,0.06666666666666667,0.0
TCTCCGACATCTGTTT-1,0.06666666666666667,0.6666666666666666,0.26666666666666666,0.0
TCTCCGAGTTAACAGA-1,0.03333333333333333,0.8,0.16666666666666666,0.0
TCTCCGATCCCTCTTT-1,0.03333333333333333,0.8,0.16666666666666666,0.0
TCTCCGATCTATCCAT-1,0.1,0.7,0.2,0.0
TCTCCGATCTGTCTCG-1,0.16666666666666666,0.6666666666666666,0.16666666666666666,0.0
TCTCTGGAGATGCCGA-1,0.03333333333333333,0.5,0.4666666666666667,0.0
TCTCTGGCAACAGTGG-1,0.03333333333333333,0.5333333333333333,0.43333333333333335,0.0
TCTCTGGCAGGATGAC-1,0.03333333333333333,0.6333333333333333,0.3333333333333333,0.0
TCTCTGGTCAACCTCC-1,0.1,0.8333333333333334,0.06666666666666667,0.0
TCTGCCAAGAGCACTG-1,0.1,0.7333333333333333,0.16666666666666666,0.0
TCTGCCAAGCCATTTG-1,0.1,0.8666666666666667,0.03333333333333333,0.0
TCTGCCACAGGGTCTC-1,0.1,0.7333333333333333,0.16666666666666666,0.0
TCTGCCATCCGCATAA-1,0.03333333333333333,0.7,0.26666666666666666,0.0
TCTGCCATCCTAGCGG-1,0.0,0.9,0.1,0.0
TCTGGCTGTACGATTC-1,0.13333333333333333,0.7333333333333333,0.13333333333333333,0.0
TCTGGCTTCCGTCACT-1,0.13333333333333333,0.8333333333333334,0.03333333333333333,0.0
TCTGGCTTCTATTTCG-1,0.06666666666666667,0.43333333333333335,0.5,0.0
TCTGGCTTCTTCACAT-1,0.06666666666666667,0.8333333333333334,0.1,0.0
TCTGGCTTCTTTGCGC-1,0.03333333333333333,0.5666666666666667,0.4,0.0
TCTGTCGAGAAGGGAT-1,0.13333333333333333,0.7333333333333333,0.13333333333333333,0.0
TCTGTCGAGGTGCTGA-1,0.13333333333333333,0.7,0.16666666666666666,0.0
TCTGTCGCAAGTGCAG-1,0.06666666666666667,0.8,0.13333333333333333,0.0
TCTGTCGCATCGGAGA-1,0.13333333333333333,0.6666666666666666,0.2,0.0
TCTGTCGGTCGTACTA-1,0.03333333333333333,0.7333333333333333,0.23333333333333334,0.0
TCTGTCGGTGATGTAA-1,0.06666666666666667,0.8,0.13333333333333333,0.0
TCTGTCGGTGCGGATA-1,0.0,0.7,0.3,0.0
TCTGTCGGTTAGCTAC-1,0.06666666666666667,0.7,0.23333333333333334,0.0
TCTGTCGGTTGCTCGG-1,0.1,0.4,0.5,0.0
TCTGTCGTCGGCTGTG-1,0.1,0.5666666666666667,0.3333333333333333,0.0
TCTTAGTCACGACAAG-1,0.13333333333333333,0.8666666666666667,0.0,0.0
TCTTAGTGTGCGGCTT-1,0.06666666666666667,0.6666666666666666,0.26666666666666666,0.0
TCTTAGTTCAATCTTC-1,0.16666666666666666,0.6333333333333333,0.16666666666666666,0.03333333333333333
TCTTAGTTCTTGTGCC-1,0.06666666666666667,0.8,0.13333333333333333,0.0
TCTTCCTAGATCCCAT-1,0.1,0.43333333333333335,0.4666666666666667,0.0
TCTTCCTAGATGTTAG-1,0.16666666666666666,0.6666666666666666,0.16666666666666666,0.0
TCTTCCTAGCACGATG-1,0.1,0.8333333333333334,0.06666666666666667,0.0
TCTTCCTAGTATGAAC-1,0.1,0.6666666666666666,0.23333333333333334,0.0
TCTTCCTCAAATCCCA-1,0.06666666666666667,0.7,0.23333333333333334,0.0
TCTTCCTGTCCAGCAC-1,0.13333333333333333,0.8,0.06666666666666667,0.0
TCTTCCTGTCGAGATG-1,0.2,0.6666666666666666,0.13333333333333333,0.0
TCTTCCTTCCGAGAAG-1,0.1,0.6666666666666666,0.23333333333333334,0.0
TCTTCCTTCCTACTGC-1,0.13333333333333333,0.7,0.16666666666666666,0.0
TCTTCCTTCTCAATCT-1,0.06666666666666667,0.8333333333333334,0.1,0.0
TCTTGCGCAGTCAGAG-1,0.06666666666666667,0.8333333333333334,0.1,0.0
TCTTGCGGTTATCCAG-1,0.1,0.5666666666666667,0.3333333333333333,0.0
TCTTGCGTCCAGTGTA-1,0.1,0.6,0.3,0.0
TCTTTGACACGGTGAA-1,0.1,0.8666666666666667,0.03333333333333333,0.0
TCTTTGAGTTCCTAGA-1,0.13333333333333333,0.7333333333333333,0.13333333333333333,0.0
TCTTTGATCCAGTTCC-1,0.13333333333333333,0.5666666666666667,0.3,0.0
TCTTTGATCTTGAACG-1,0.03333333333333333,0.7666666666666667,0.2,0.0
TGAACGTCATCGATGT-1,0.06666666666666667,0.5,0.43333333333333335,0.0
TGAACGTTCCGCTTAC-1,0.03333333333333333,0.9333333333333333,0.03333333333333333,0.0
TGAATCGAGCATGCAG-1,0.1,0.8333333333333334,0.06666666666666667,0.0
TGAATCGCACCAGCCA-1,0.1,0.5,0.4,0.0
TGAATCGCAGGCCCTA-1,0.1,0.9,0.0,0.0
TGAATCGGTAAGCGGT-1,0.06666666666666667,0.7666666666666667,0.16666666666666666,0.0
TGAATCGTCGAGAATA-1,0.0,0.7666666666666667,0.23333333333333334,0.0
TGAATGCAGCATCAAA-1,0.06666666666666667,0.5,0.43333333333333335,0.0
TGAATGCAGTGGTGGT-1,0.0,0.5666666666666667,0.43333333333333335,0.0
TGAATGCCAACGATTC-1,0.2,0.7,0.1,0.0
TGAATGCTCTTACGTT-1,0.06666666666666667,0.8,0.13333333333333333,0.0
TGACAGTAGCGCCTCA-1,0.03333333333333333,0.9,0.06666666666666667,0.0
TGACAGTAGTTGCCCG-1,0.06666666666666667,0.7,0.23333333333333334,0.0
TGACAGTCAAACACCT-1,0.13333333333333333,0.8333333333333334,0.03333333333333333,0.0
TGACAGTCAAATACGA-1,0.2,0.7333333333333333,0.06666666666666667,0.0
TGACAGTCAAGAGGTC-1,0.06666666666666667,0.7333333333333333,0.2,0.0
TGACAGTCACCCGTAG-1,0.1,0.6333333333333333,0.26666666666666666,0.0
TGACAGTTCAGCGCGT-1,0.06666666666666667,0.8666666666666667,0.06666666666666667,0.0
TGACAGTTCCATGAGT-1,0.06666666666666667,0.8,0.13333333333333333,0.0
TGACAGTTCCTAGCTC-1,0.06666666666666667,0.6333333333333333,0.3,0.0
TGACAGTTCGGTCTGG-1,0.06666666666666667,0.7,0.23333333333333334,0.0
TGACAGTTCTCGTGGG-1,0.13333333333333333,0.7666666666666667,0.1,0.0
TGACAGTTCTGAGTCA-1,0.06666666666666667,0.6,0.3333333333333333,0.0
TGACCCTAGAGGTATT-1,0.03333333333333333,0.43333333333333335,0.5333333333333333,0.0
TGACCCTAGCGGCTCT-1,0.1,0.7,0.2,0.0
TGACCCTAGTATGAAC-1,0.06666666666666667,0.5666666666666667,0.36666666666666664,0.0
TGACCCTAGTTAGTAG-1,0.1,0.6333333333333333,0.26666666666666666,0.0
TGACCCTCAAATGAAC-1,0.13333333333333333,0.6,0.26666666666666666,0.0
TGACCCTCAAGTGCAG-1,0.1,0.7,0.2,0.0
TGACCCTCACCATATG-1,0.06666666666666667,0.8,0.13333333333333333,0.0
TGACCCTGTCGCTGCA-1,0.06666666666666667,0.8333333333333334,0.1,0.0
TGACCCTTCCTTCACG-1,0.1,0.6,0.26666666666666666,0.03333333333333333
TGACGCGCAGACCAGA-1,0.16666666666666666,0.7,0.13333333333333333,0.0
TGACGCGCAGCAGTCC-1,0.16666666666666666,0.7,0.13333333333333333,0.0
TGACGCGGTACGACAG-1,0.13333333333333333,0.7,0.16666666666666666,0.0
TGACGCGGTAGAATGT-1,0.06666666666666667,0.5333333333333333,0.4,0.0
TGACGCGGTATAGGGC-1,0.03333333333333333,0.7,0.26666666666666666,0.0
TGACGCGGTCCTCCAT-1,0.1,0.7666666666666667,0.13333333333333333,0.0
TGACGCGGTCTGCCTT-1,0.06666666666666667,0.9333333333333333,0.0,0.0
TGACTCCAGCTACTGT-1,0.03333333333333333,0.6,0.36666666666666664,0.0
TGACTCCAGCTGGTGA-1,0.1,0.9,0.0,0.0
TGACTCCCAAGGTACG-1,0.03333333333333333,0.9,0.06666666666666667,0.0
TGACTCCCAGAGAATT-1,0.06666666666666667,0.8333333333333334,0.1,0.0
TGACTCCGTTCGTAAC-1,0.03333333333333333,0.5333333333333333,0.43333333333333335,0.0
TGACTCCTCACCACAA-1,0.06666666666666667,0.6,0.3333333333333333,0.0
TGACTCCTCATCGCAA-1,0.03333333333333333,0.9333333333333333,0.03333333333333333,0.0
TGACTCCTCCCGAGGT-1,0.06666666666666667,0.7666666666666667,0.16666666666666666,0.0
TGACTCCTCCCTCTCC-1,0.16666666666666666,0.5666666666666667,0.26666666666666666,0.0
TGACTCCTCCTTCTAA-1,0.06666666666666667,0.7,0.23333333333333334,0.0
TGAGACTAGCCAAGCA-1,0.06666666666666667,0.6666666666666666,0.26666666666666666,0.0
TGAGACTAGGATGAGA-1,0.1,0.8,0.1,0.0
TGAGACTAGTGGATTA-1,0.16666666666666666,0.7,0.13333333333333333,0.0
TGAGACTGTACTCGCG-1,0.1,0.8666666666666667,0.03333333333333333,0.0
TGAGACTGTATTCCTT-1,0.16666666666666666,0.7,0.13333333333333333,0.0
TGAGACTGTCCTGAAT-1,0.03333333333333333,0.8666666666666667,0.1,0.0
TGAGACTTCAAGCCGC-1,0.1,0.8,0.1,0.0
TGAGACTTCTTCTGGC-1,0.23333333333333334,0.5,0.26666666666666666,0.0
TGAGCATAGTAGTGCG-1,0.03333333333333333,0.8333333333333334,0.13333333333333333,0.0
TGAGCATCAAAGTATG-1,0.13333333333333333,0.8333333333333334,0.03333333333333333,0.0
TGAGCATCAATTTCGG-1,0.03333333333333333,0.8666666666666667,0.1,0.0
TGAGCATCACACCGAC-1,0.06666666666666667,0.6333333333333333,0.3,0.0
TGAGCATCACCGTCTT-1,0.06666666666666667,0.8,0.13333333333333333,0.0
TGAGCATCATTGAAAG-1,0.1,0.7,0.2,0.0
TGAGCATGTGCATCTA-1,0.06666666666666667,0.7,0.23333333333333334,0.0
TGAGCATTCCCATTCG-1,0.06666666666666667,0.8333333333333334,0.1,0.0
TGAGCATTCGAAGCCC-1,0.0,0.9333333333333333,0.06666666666666667,0.0
TGAGCATTCTGTACAG-1,0.23333333333333334,0.5666666666666667,0.2,0.0
TGAGCGCAGACAGCTG-1,0.03333333333333333,0.6,0.36666666666666664,0.0
TGAGCGCAGGGCCTCT-1,0.03333333333333333,0.8,0.16666666666666666,0.0
TGAGGAGAGGTCTGGA-1,0.06666666666666667,0.7666666666666667,0.16666666666666666,0.0
TGAGGAGCAATGAACA-1,0.06666666666666667,0.7333333333333333,0.2,0.0
TGAGGAGCACTGTTCC-1,0.16666666666666666,0.8333333333333334,0.0,0.0
TGAGGAGCAGTTTGGT-1,0.1,0.6666666666666666,0.23333333333333334,0.0
TGAGGAGGTACCGTGC-1,0.1,0.7666666666666667,0.13333333333333333,0.0
TGAGGAGGTTCGTTCC-1,0.06666666666666667,0.8,0.13333333333333333,0.0
TGAGGGAGTCATCCCT-1,0.23333333333333334,0.6,0.16666666666666666,0.0
TGAGGGAGTGCCGTTG-1,0.0,0.7333333333333333,0.26666666666666666,0.0
TGAGGGATCGCCGTGA-1,0.06666666666666667,0.8666666666666667,0.06666666666666667,0.0
TGAGGGATCTGCATGA-1,0.03333333333333333,0.7666666666666667,0.2,0.0
TGAGGTTAGAAACACT-1,0.0,0.5666666666666667,0.43333333333333335,0.0
TGAGGTTAGCATAGGC-1,0.03333333333333333,0.9,0.06666666666666667,0.0
TGAGGTTAGCGATTCT-1,0.06666666666666667,0.8,0.13333333333333333,0.0
TGAGGTTAGGTATCTC-1,0.03333333333333333,0.43333333333333335,0.5333333333333333,0.0
TGAGGTTCAAATTGCC-1,0.06666666666666667,0.6333333333333333,0.3,0.0
TGAGGTTCACCTATCC-1,0.1,0.7333333333333333,0.16666666666666666,0.0
TGAGGTTGTGCCCAGT-1,0.06666666666666667,0.6333333333333333,0.3,0.0
TGAGGTTTCATCTCTA-1,0.1,0.7333333333333333,0.13333333333333333,0.03333333333333333
TGAGGTTTCCATTGGA-1,0.13333333333333333,0.7,0.16666666666666666,0.0
TGAGGTTTCTAGTCAG-1,0.13333333333333333,0.8333333333333334,0.03333333333333333,0.0
TGAGTCAAGCCAAGGT-1,0.06666666666666667,0.7333333333333333,0.2,0.0
TGAGTCAAGGTTGTTC-1,0.2,0.6333333333333333,0.16666666666666666,0.0
TGAGTCACAAACACGG-1,0.03333333333333333,0.8666666666666667,0.1,0.0
TGAGTCACAGGGAATC-1,0.06666666666666667,0.6666666666666666,0.26666666666666666,0.0
TGAGTCAGTCTTGCTC-1,0.1,0.6666666666666666,0.23333333333333334,0.0
TGAGTCATCAGTCACA-1,0.06666666666666667,0.6333333333333333,0.3,0.0
TGAGTCATCGGAATGG-1,0.13333333333333333,0.8333333333333334,0.03333333333333333,0.0
TGAGTCATCTACTTCA-1,0.0,0.8,0.2,0.0
TGATCAGAGCAATTCC-1,0.03333333333333333,0.8666666666666667,0.1,0.0
TGATCAGAGGCCTGCT-1,0.06666666666666667,0.8,0.13333333333333333,0.0
TGATCAGAGGTCATAA-1,0.06666666666666667,0.7333333333333333,0.2,0.0
TGATCAGCAACTTGCA-1,0.13333333333333333,0.8333333333333334,0.03333333333333333,0.0
TGATCAGCACGACCTG-1,0.1,0.7333333333333333,0.16666666666666666,0.0
TGATCAGCACTGGACC-1,0.1,0.8,0.1,0.0
TGATCAGGTTCAGTAC-1,0.2,0.6333333333333333,0.16666666666666666,0.0
TGATCTTAGAGTCGAC-1,0.03333333333333333,0.7333333333333333,0.23333333333333334,0.0
TGATCTTCACCAATTG-1,0.1,0.5666666666666667,0.3333333333333333,0.0
TGATCTTGTACGATTC-1,0.13333333333333333,0.7333333333333333,0.13333333333333333,0.0
TGATGCAAGCAACAGC-1,0.03333333333333333,0.8,0.16666666666666666,0.0
TGATGCAAGGATTTAG-1,0.13333333333333333,0.8,0.06666666666666667,0.0
TGATGCAAGGTAGTAT-1,0.06666666666666667,0.8333333333333334,0.1,0.0
TGATGCAAGGTATCTC-1,0.26666666666666666,0.4666666666666667,0.26666666666666666,0.0
TGATGCAAGTTTCAGC-1,0.03333333333333333,0.5333333333333333,0.43333333333333335,0.0
TGATGCACAACAAGAT-1,0.1,0.9,0.0,0.0
TGATGCACATTGTGCA-1,0.1,0.7333333333333333,0.16666666666666666,0.0
TGATGCATCGGACGTC-1,0.06666666666666667,0.5,0.43333333333333335,0.0
TGATGGTAGAGATGCC-1,0.1,0.6333333333333333,0.26666666666666666,0.0
TGATGGTAGTAGGTTA-1,0.1,0.8,0.1,0.0
TGATGGTAGTCACTAC-1,0.03333333333333333,0.8666666666666667,0.1,0.0
TGATGGTAGTGACACG-1,0.1,0.6666666666666666,0.23333333333333334,0.0
TGATGGTCAAACGGCA-1,0.16666666666666666,0.5333333333333333,0.3,0.0
TGATGGTCAACTGAAA-1,0.03333333333333333,0.6666666666666666,0.3,0.0
TGATGGTGTCTAGTGT-1,0.06666666666666667,0.9333333333333333,0.0,0.0
TGATGGTGTCTGATAC-1,0.1,0.8666666666666667,0.03333333333333333,0.0
TGATGGTTCAGCGGAA-1,0.06666666666666667,0.8666666666666667,0.06666666666666667,0.0
TGATGGTTCTGTACAG-1,0.03333333333333333,0.8333333333333334,0.13333333333333333,0.0
TGATTCTAGCTGGCCT-1,0.2,0.7666666666666667,0.03333333333333333,0.0
TGATTCTCAATAACCC-1,0.13333333333333333,0.7333333333333333,0.13333333333333333,0.0
TGATTCTCAATGGGTG-1,0.06666666666666667,0.6333333333333333,0.3,0.0
TGATTCTCACCACTGG-1,0.2,0.7333333333333333,0.06666666666666667,0.0
TGATTCTCACGGTAGA-1,0.03333333333333333,0.5333333333333333,0.43333333333333335,0.0
TGATTCTCAGGCCCTA-1,0.03333333333333333,0.6666666666666666,0.3,0.0
TGATTCTGTCTAGGCC-1,0.03333333333333333,0.7333333333333333,0.23333333333333334,0.0
TGATTCTTCCAACACA-1,0.1,0.8,0.1,0.0
TGATTCTTCCATTTCA-1,0.03333333333333333,0.6333333333333333,0.3333333333333333,0.0
TGATTCTTCCTCCACA-1,0.06666666666666667,0.8,0.13333333333333333,0.0
TGATTCTTCTTACTGT-1,0.03333333333333333,0.8333333333333334,0.13333333333333333,0.0
TGATTTCAGGTAGACC-1,0.06666666666666667,0.7,0.23333333333333334,0.0
TGATTTCCAACAAGTA-1,0.13333333333333333,0.7,0.16666666666666666,0.0
TGATTTCCATCCCACT-1,0.03333333333333333,0.7333333333333333,0.23333333333333334,0.0
TGATTTCGTCGGCTAC-1,0.13333333333333333,0.8666666666666667,0.0,0.0
TGATTTCGTTGGAGAC-1,0.13333333333333333,0.7666666666666667,0.1,0.0
TGATTTCTCAAGAAAC-1,0.03333333333333333,0.9333333333333333,0.03333333333333333,0.0
TGCACGGAGGGCCTCT-1,0.06666666666666667,0.7333333333333333,0.2,0.0
TGCACGGCACCCAAGC-1,0.06666666666666667,0.9,0.03333333333333333,0.0
TGCACGGCAGTACTAC-1,0.06666666666666667,0.7,0.23333333333333334,0.0
TGCACGGGTATGCTAC-1,0.16666666666666666,0.7,0.13333333333333333,0.0
TGCACGGGTATTAAGG-1,0.06666666666666667,0.7,0.23333333333333334,0.0
TGCACGGGTCAGACTT-1,0.13333333333333333,0.7333333333333333,0.13333333333333333,0.0
TGCACGGGTTTGCAGT-1,0.06666666666666667,0.7333333333333333,0.2,0.0
TGCACGGTCCGATCTC-1,0.03333333333333333,0.6,0.36666666666666664,0.0
TGCACGGTCCTTATAC-1,0.03333333333333333,0.7333333333333333,0.23333333333333334,0.0
TGCACGGTCTTGCGCT-1,0.06666666666666667,0.8333333333333334,0.1,0.0
TGCAGATAGCAGTACG-1,0.03333333333333333,0.7666666666666667,0.2,0.0
TGCAGATAGCGTTGTT-1,0.16666666666666666,0.5666666666666667,0.26666666666666666,0.0
TGCAGATGTCTTGAGT-1,0.06666666666666667,0.8333333333333334,0.1,0.0
TGCAGATGTGCATTTG-1,0.1,0.8333333333333334,0.06666666666666667,0.0
TGCAGATGTTCCGGTG-1,0.1,0.6,0.3,0.0
TGCAGGCAGAACTTCC-1,0.06666666666666667,0.7333333333333333,0.2,0.0
TGCAGGCAGTCTGCGC-1,0.2,0.7,0.1,0.0
TGCAGGCCAATCGCCG-1,0.03333333333333333,0.9,0.06666666666666667,0.0
TGCAGGCCACGAAGAC-1,0.06666666666666667,0.8,0.13333333333333333,0.0
TGCAGGCCATCGCTGG-1,0.13333333333333333,0.6666666666666666,0.2,0.0
TGCAGGCTCGGAAACG-1,0.06666666666666667,0.43333333333333335,0.5,0.0
TGCAGTAAGATGAATC-1,0.03333333333333333,0.6666666666666666,0.3,0.0
TGCAGTACATCCTGTC-1,0.1,0.6333333333333333,0.26666666666666666,0.0
TGCAGTAGTGCCCACA-1,0.03333333333333333,0.7333333333333333,0.23333333333333334,0.0
TGCAGTATCACGGGCT-1,0.13333333333333333,0.6666666666666666,0.2,0.0
TGCAGTATCGCCACTT-1,0.06666666666666667,0.7333333333333333,0.2,0.0
TGCATCCAGCGTGCTC-1,0.13333333333333333,0.4666666666666667,0.4,0.0
TGCATCCAGGATGTTA-1,0.13333333333333333,0.7333333333333333,0.13333333333333333,0.0
TGCATCCCAGCGTGCT-1,0.13333333333333333,0.8,0.06666666666666667,0.0
TGCATCCGTAACGTTC-1,0.0,0.8,0.2,0.0
TGCATCCGTCACCCTT-1,0.1,0.7666666666666667,0.13333333333333333,0.0
TGCATCCGTCGATGCC-1,0.03333333333333333,0.7666666666666667,0.2,0.0
TGCATCCGTTGCTCGG-1,0.03333333333333333,0.6,0.36666666666666664,0.0
TGCATGAAGAAGTATC-1,0.03333333333333333,0.6666666666666666,0.3,0.0
TGCATGAAGCGTCAAG-1,0.13333333333333333,0.7666666666666667,0.1,0.0
TGCATGAAGGTCATAA-1,0.1,0.6333333333333333,0.26666666666666666,0.0
TGCATGAGTCAGGTGA-1,0.1,0.8333333333333334,0.06666666666666667,0.0
TGCATGAGTGATTCAC-1,0.06666666666666667,0.7333333333333333,0.2,0.0
TGCATGAGTGGGTTGA-1,0.06666666666666667,0.8666666666666667,0.06666666666666667,0.0
TGCATGATCGTTCTCG-1,0.2,0.6666666666666666,0.13333333333333333,0.0
TGCCGAGAGAGCTGAC-1,0.06666666666666667,0.7333333333333333,0.2,0.0
TGCCGAGCAACGACTT-1,0.03333333333333333,0.8666666666666667,0.1,0.0
TGCCGAGCAGCAGTTT-1,0.13333333333333333,0.8,0.06666666666666667,0.0
TGCCGAGCAGGTATGG-1,0.1,0.8,0.1,0.0
TGCCGAGCAGTCGAGA-1,0.03333333333333333,0.8,0.16666666666666666,0.0
TGCCGAGGTACGTAGG-1,0.16666666666666666,0.7333333333333333,0.1,0.0
TGCCGAGGTCAACCAT-1,0.06666666666666667,0.5,0.43333333333333335,0.0
TGCCGAGGTTGCTGAT-1,0.06666666666666667,0.8666666666666667,0.06666666666666667,0.0
TGCCGAGGTTGTAAAG-1,0.1,0.8,0.1,0.0
TGCCGAGTCCGTGGCA-1,0.13333333333333333,0.6666666666666666,0.2,0.0
TGCCGAGTCTGGACCG-1,0.1,0.8666666666666667,0.03333333333333333,0.0
TGCGACGAGAACCGCA-1,0.1,0.8,0.1,0.0
TGCGACGAGATTAGTG-1,0.1,0.9,0.0,0.0
TGCGACGCACAAGCCC-1,0.16666666666666666,0.7,0.13333333333333333,0.0
TGCGACGCAGGATCTT-1,0.1,0.8333333333333334,0.06666666666666667,0.0
TGCGACGCATACATCG-1,0.06666666666666667,0.5666666666666667,0.36666666666666664,0.0
TGCGACGTCAGCAATC-1,0.2,0.5666666666666667,0.23333333333333334,0.0
TGCGATAAGCAGCAGT-1,0.06666666666666667,0.6333333333333333,0.3,0.0
TGCGATACAAAGCACG-1,0.1,0.4,0.5,0.0
TGCGATATCCGGACTG-1,0.0,0.9333333333333333,0.06666666666666667,0.0
TGCGATATCCTCATAT-1,0.03333333333333333,0.6666666666666666,0.3,0.0
TGCGGCACAACACGAG-1,0.1,0.7666666666666667,0.13333333333333333,0.0
TGCGGCACACGCGTCA-1,0.13333333333333333,0.6,0.26666666666666666,0.0
TGCGGCACAGGGTTGA-1,0.0,0.5666666666666667,0.43333333333333335,0.0
TGCGGCACATACTGTG-1,0.06666666666666667,0.6,0.3333333333333333,0.0
TGCGGCAGTCTTCTAT-1,0.03333333333333333,0.7,0.26666666666666666,0.0
TGCGGCAGTTCTTGTT-1,0.06666666666666667,0.7,0.23333333333333334,0.0
TGCGGCAGTTGGACTT-1,0.03333333333333333,0.8,0.16666666666666666,0.0
TGCGGCATCCCTCTCC-1,0.26666666666666666,0.5333333333333333,0.2,0.0
TGCGGCATCGAACACT-1,0.06666666666666667,0.6666666666666666,0.26666666666666666,0.0
TGCGGCATCTCGTTTA-1,0.03333333333333333,0.8333333333333334,0.13333333333333333,0.0
TGCGGCATCTGCTTAT-1,0.0,0.6666666666666666,0.3333333333333333,0.0
TGCGGGTCAACTAGAA-1,0.06666666666666667,0.7666666666666667,0.16666666666666666,0.0
TGCGGGTCAATCGAAA-1,0.2,0.7,0.1,0.0
TGCGGGTTCAAAGGAT-1,0.1,0.7666666666666667,0.13333333333333333,0.0
TGCGGGTTCGACCATA-1,0.1,0.7333333333333333,0.16666666666666666,0.0
TGCTCCAAGGTGGGTT-1,0.06666666666666667,0.3333333333333333,0.6,0.0
TGCTCCACAAGTTCCA-1,0.03333333333333333,0.7,0.26666666666666666,0.0
TGCTCCACACAGTCAT-1,0.06666666666666667,0.6333333333333333,0.3,0.0
TGCTCCACAGCAATTC-1,0.16666666666666666,0.6,0.23333333333333334,0.0
TGCTCCACAGTTCACA-1,0.03333333333333333,0.4666666666666667,0.5,0.0
TGCTCCAGTGCGTTTA-1,0.1,0.7,0.2,0.0
TGCTCCAGTTCGGTTA-1,0.1,0.5666666666666667,0.3333333333333333,0.0
TGCTCCATCGCAATTG-1,0.1,0.8333333333333334,0.06666666666666667,0.0
TGCTCCATCTGCTAGA-1,0.03333333333333333,0.7,0.26666666666666666,0.0
TGCTCGTAGTAGGATT-1,0.0,0.7,0.3,0.0
TGCTCGTCAACCTATG-1,0.1,0.8666666666666667,0.03333333333333333,0.0
TGCTCGTCACATAGCT-1,0.06666666666666667,0.8666666666666667,0.06666666666666667,0.0
TGCTCGTCATAGCTGT-1,0.06666666666666667,0.9,0.03333333333333333,0.0
TGCTCGTGTACTCAAC-1,0.06666666666666667,0.6666666666666666,0.26666666666666666,0.0
TGCTCGTGTATCGAAA-1,0.0,0.8666666666666667,0.13333333333333333,0.0
TGCTCGTTCATGTCTT-1,0.1,0.7333333333333333,0.16666666666666666,0.0
TGCTGAAAGTCCTACA-1,0.13333333333333333,0.8333333333333334,0.03333333333333333,0.0
TGCTGAAAGTCTTGGT-1,0.1,0.7,0.2,0.0
TGCTGAACATGACTCA-1,0.06666666666666667,0.5666666666666667,0.36666666666666664,0.0
TGCTGAAGTAATACCC-1,0.03333333333333333,0.8666666666666667,0.1,0.0
TGCTGAATCATCGGGC-1,0.26666666666666666,0.6,0.13333333333333333,0.0
TGCTGAATCCTGCCAT-1,0.06666666666666667,0.9,0.03333333333333333,0.0
TGCTGAATCGGTAGAG-1,0.06666666666666667,0.9,0.03333333333333333,0.0
TGCTTCGAGAAGCTCG-1,0.03333333333333333,0.7,0.26666666666666666,0.0
TGCTTCGAGGTAGTCG-1,0.16666666666666666,0.8,0.03333333333333333,0.0
TGCTTCGGTACAGAGC-1,0.0,0.8666666666666667,0.13333333333333333,0.0
TGCTTCGGTGTTCGTA-1,0.0,0.9,0.1,0.0
TGCTTCGTCACCGGTG-1,0.03333333333333333,0.6,0.36666666666666664,0.0
TGCTTCGTCCAGTGTA-1,0.13333333333333333,0.7666666666666667,0.1,0.0
TGCTTGCAGTTAGTGA-1,0.1,0.8333333333333334,0.06666666666666667,0.0
TGCTTGCCAATTGCCA-1,0.03333333333333333,0.7,0.26666666666666666,0.0
TGCTTGCCATGCTGCG-1,0.1,0.9,0.0,0.0
TGCTTGCGTGCTCGTG-1,0.03333333333333333,0.8333333333333334,0.13333333333333333,0.0
TGCTTGCGTGGCTGCT-1,0.06666666666666667,0.4666666666666667,0.4666666666666667,0.0
TGCTTGCGTTCCACGG-1,0.06666666666666667,0.8666666666666667,0.06666666666666667,0.0
TGCTTGCTCGGCACTG-1,0.06666666666666667,0.6,0.3333333333333333,0.0
TGGAACTAGATGGGCT-1,0.06666666666666667,0.7333333333333333,0.2,0.0
TGGAACTGTGTAACGG-1,0.13333333333333333,0.7666666666666667,0.1,0.0
TGGAACTTCCCTATTA-1,0.03333333333333333,0.6333333333333333,0.3333333333333333,0.0
TGGAGAGAGCGCCTTG-1,0.13333333333333333,0.7333333333333333,0.13333333333333333,0.0
TGGAGAGAGGAAGTCC-1,0.06666666666666667,0.5666666666666667,0.36666666666666664,0.0
TGGAGAGCAATCGCGC-1,0.03333333333333333,0.6666666666666666,0.3,0.0
TGGAGAGGTAGTCACT-1,0.03333333333333333,0.9,0.06666666666666667,0.0
TGGAGAGGTTGCTCAA-1,0.0,0.8333333333333334,0.16666666666666666,0.0
TGGAGGACACACACGC-1,0.03333333333333333,0.6333333333333333,0.3333333333333333,0.0
TGGAGGACAGCTCCTT-1,0.1,0.6,0.3,0.0
TGGAGGACAGTGGCTC-1,0.03333333333333333,0.8333333333333334,0.13333333333333333,0.0
TGGAGGAGTATGAAGT-1,0.03333333333333333,0.4666666666666667,0.5,0.0
TGGAGGAGTCTCGACG-1,0.1,0.7333333333333333,0.16666666666666666,0.0
TGGAGGAGTGAGACCA-1,0.06666666666666667,0.5,0.43333333333333335,0.0
TGGAGGAGTTCCGCGA-1,0.06666666666666667,0.7333333333333333,0.2,0.0
TGGAGGAGTTCCTTGC-1,0.13333333333333333,0.7666666666666667,0.1,0.0
TGGAGGATCGCTAAAC-1,0.1,0.5666666666666667,0.3333333333333333,0.0
TGGAGGATCTATCGCC-1,0.23333333333333334,0.6,0.16666666666666666,0.0
TGGATCAAGAGTCCGA-1,0.03333333333333333,0.7,0.26666666666666666,0.0
TGGATCAAGATCGCCC-1,0.13333333333333333,0.6,0.26666666666666666,0.0
TGGATCAAGCGTATGG-1,0.03333333333333333,0.8666666666666667,0.1,0.0
TGGATCAAGGGTTGCA-1,0.1,0.8,0.1,0.0
TGGATCAAGGTCATTC-1,0.1,0.7666666666666667,0.13333333333333333,0.0
TGGATCAAGTAATCCC-1,0.0,1.0,0.0,0.0
TGGATCACACTAACGT-1,0.16666666666666666,0.7,0.13333333333333333,0.0
TGGATCACAGACCCGT-1,0.1,0.7,0.2,0.0
TGGATCATCAGCAATC-1,0.16666666666666666,0.7333333333333333,0.1,0.0
TGGATCATCCTTCTTC-1,0.1,0.7666666666666667,0.13333333333333333,0.0
TGGATGTAGCCTCACG-1,0.1,0.7333333333333333,0.16666666666666666,0.0
TGGATGTAGCGAGGAG-1,0.03333333333333333,0.8666666666666667,0.1,0.0
TGGATGTAGCGGATCA-1,0.0,0.4666666666666667,0.5333333333333333,0.0
TGGATGTAGGTTGGTG-1,0.1,0.7666666666666667,0.13333333333333333,0.0
TGGATGTCAAGGTACG-1,0.13333333333333333,0.8333333333333334,0.03333333333333333,0.0
TGGATGTCAGGGACTA-1,0.06666666666666667,0.6333333333333333,0.3,0.0
TGGATGTGTAGGGAGG-1,0.06666666666666667,0.6666666666666666,0.26666666666666666,0.0
TGGATGTGTCTACAAC-1,0.03333333333333333,0.9,0.06666666666666667,0.0
TGGATGTTCAGCTGAT-1,0.1,0.8333333333333334,0.06666666666666667,0.0
TGGCGTGAGACTCTTG-1,0.03333333333333333,0.9,0.06666666666666667,0.0
TGGCGTGAGCCATTGT-1,0.2,0.7,0.1,0.0
TGGCGTGAGCGATTCT-1,0.1,0.8333333333333334,0.06666666666666667,0.0
TGGCGTGCATCATCTT-1,0.03333333333333333,0.7,0.26666666666666666,0.0
TGGCGTGTCTCATGCC-1,0.06666666666666667,0.6,0.3333333333333333,0.0
TGGGAAGAGCGTACAG-1,0.06666666666666667,0.7,0.23333333333333334,0.0
TGGGAAGCACACAGCC-1,0.1,0.8666666666666667,0.03333333333333333,0.0
TGGGAAGGTCTTCATT-1,0.03333333333333333,0.6666666666666666,0.3,0.0
TGGGAAGTCAGAATAG-1,0.06666666666666667,0.8333333333333334,0.1,0.0
TGGGAGAAGAAACTCA-1,0.06666666666666667,0.8,0.13333333333333333,0.0
TGGGAGAAGTGCCCGT-1,0.03333333333333333,0.6333333333333333,0.3333333333333333,0.0
TGGGAGAGTCACTAGT-1,0.03333333333333333,0.8,0.16666666666666666,0.0
TGGGAGATCAAAGGTA-1,0.06666666666666667,0.6666666666666666,0.26666666666666666,0.0
TGGGAGATCCGTAGGC-1,0.13333333333333333,0.8666666666666667,0.0,0.0
TGGGATTAGGCGAAGG-1,0.06666666666666667,0.7666666666666667,0.16666666666666666,0.0
TGGGATTCAAATAAGC-1,0.0,0.9666666666666667,0.03333333333333333,0.0
TGGGATTCACCATATG-1,0.2,0.7666666666666667,0.03333333333333333,0.0
TGGGATTGTAGACAGC-1,0.06666666666666667,0.7,0.23333333333333334,0.0
TGGGATTGTTGGGACA-1,0.06666666666666667,0.7,0.23333333333333334,0.0
TGGGATTTCCTGTAGA-1,0.03333333333333333,0.8666666666666667,0.1,0.0
TGGGATTTCGCGCTGA-1,0.16666666666666666,0.6,0.23333333333333334,0.0
TGGGCGTAGGATGGCT-1,0.03333333333333333,0.8,0.16666666666666666,0.0
TGGGCGTCAATCAAGA-1,0.1,0.7666666666666667,0.13333333333333333,0.0
TGGGCGTCACTGCATA-1,0.13333333333333333,0.7,0.16666666666666666,0.0
TGGGCGTCAGGCTACC-1,0.13333333333333333,0.8666666666666667,0.0,0.0
TGGGCGTGTGCCTATA-1,0.06666666666666667,0.8,0.13333333333333333,0.0
TGGGCGTTCGGTAGGA-1,0.03333333333333333,0.7333333333333333,0.23333333333333334,0.0
TGGGCGTTCTTCGTGC-1,0.06666666666666667,0.6,0.3333333333333333,0.0
TGGGCTGAGCGATGAC-1,0.06666666666666667,0.9333333333333333,0.0,0.0
TGGGCTGCAATAACCC-1,0.06666666666666667,0.8,0.13333333333333333,0.0
TGGGCTGGTGCGGCTT-1,0.03333333333333333,0.6666666666666666,0.3,0.0
TGGGCTGGTTCCAAAC-1,0.06666666666666667,0.8,0.13333333333333333,0.0
TGGGCTGTCACGAGGA-1,0.03333333333333333,0.8666666666666667,0.1,0.0
TGGGTTAAGCTCGGCT-1,0.13333333333333333,0.7666666666666667,0.1,0.0
TGGGTTACAGTGGCTC-1,0.06666666666666667,0.8666666666666667,0.06666666666666667,0.0
TGGGTTATCGCTGACG-1,0.06666666666666667,0.8666666666666667,0.06666666666666667,0.0
TGGTACAAGCCTCCAG-1,0.03333333333333333,0.6666666666666666,0.3,0.0
TGGTACACATCATTGG-1,0.06666666666666667,0.8666666666666667,0.06666666666666667,0.0
TGGTACAGTAACTAAG-1,0.1,0.5666666666666667,0.3333333333333333,0.0
TGGTACAGTTCAAGTC-1,0.06666666666666667,0.9,0.03333333333333333,0.0
TGGTAGTAGCAACAGC-1,0.06666666666666667,0.7666666666666667,0.16666666666666666,0.0
TGGTAGTGTATCGTTG-1,0.06666666666666667,0.8333333333333334,0.1,0.0
TGGTAGTTCCCGTTGT-1,0.06666666666666667,0.6666666666666666,0.26666666666666666,0.0
TGGTAGTTCTCATTTG-1,0.1,0.6,0.3,0.0
TGGTAGTTCTGGTGGC-1,0.1,0.7333333333333333,0.16666666666666666,0.0
TGGTGATAGCGTGTTT-1,0.13333333333333333,0.7333333333333333,0.1,0.03333333333333333
TGGTGATCAAGCAATA-1,0.06666666666666667,0.7666666666666667,0.16666666666666666,0.0
TGGTGATCAGCCCACA-1,0.06666666666666667,0.7333333333333333,0.2,0.0
TGGTGATGTAACGCGA-1,0.06666666666666667,0.7,0.23333333333333334,0.0
TGGTGATGTACCAATC-1,0.23333333333333334,0.6,0.16666666666666666,0.0
TGGTGATTCACAATGC-1,0.1,0.8333333333333334,0.06666666666666667,0.0
TGGTGATTCATCGCTC-1,0.13333333333333333,0.8333333333333334,0.03333333333333333,0.0
TGGTTAGGTCAGCGTC-1,0.03333333333333333,0.8333333333333334,0.13333333333333333,0.0
TGGTTAGGTCCAAATC-1,0.06666666666666667,0.8333333333333334,0.1,0.0
TGGTTAGGTCCTACGG-1,0.03333333333333333,0.6,0.36666666666666664,0.0
TGGTTAGTCACCGCTT-1,0.06666666666666667,0.5666666666666667,0.36666666666666664,0.0
TGGTTAGTCGACGAGA-1,0.03333333333333333,0.9666666666666667,0.0,0.0
TGTAACGAGCCTCACG-1,0.1,0.6666666666666666,0.23333333333333334,0.0
TGTAACGCATCATTTC-1,0.06666666666666667,0.8,0.13333333333333333,0.0
TGTAACGTCCGGTAAT-1,0.06666666666666667,0.8,0.13333333333333333,0.0
TGTAACGTCCTGTACC-1,0.1,0.7333333333333333,0.16666666666666666,0.0
TGTAACGTCGTGGCTG-1,0.13333333333333333,0.8333333333333334,0.03333333333333333,0.0
TGTAAGCAGAGAGGTA-1,0.1,0.8666666666666667,0.03333333333333333,0.0
TGTAAGCAGATAACGT-1,0.13333333333333333,0.7666666666666667,0.1,0.0
TGTAAGCAGCGTATAA-1,0.06666666666666667,0.7333333333333333,0.2,0.0
TGTAAGCAGCTAAGTA-1,0.06666666666666667,0.7666666666666667,0.16666666666666666,0.0
TGTAAGCAGGATTCCT-1,0.13333333333333333,0.36666666666666664,0.5,0.0
TGTACAGAGCAATTCC-1,0.16666666666666666,0.8333333333333334,0.0,0.0
TGTACAGAGTTTGCTG-1,0.03333333333333333,0.6333333333333333,0.3333333333333333,0.0
TGTACAGCAACCGCCA-1,0.06666666666666667,0.7333333333333333,0.2,0.0
TGTACAGCAATTGAGA-1,0.13333333333333333,0.7333333333333333,0.13333333333333333,0.0
TGTACAGCATGACAGG-1,0.1,0.7333333333333333,0.16666666666666666,0.0
TGTACAGCATGGGTCC-1,0.03333333333333333,0.6666666666666666,0.3,0.0
TGTACAGCATTGTCGA-1,0.03333333333333333,0.8666666666666667,0.1,0.0
TGTACAGGTCGAACGA-1,0.06666666666666667,0.7333333333333333,0.2,0.0
TGTACAGGTTGGAGAC-1,0.06666666666666667,0.5,0.43333333333333335,0.0
TGTAGACAGAATTGTG-1,0.06666666666666667,0.4666666666666667,0.43333333333333335,0.03333333333333333
TGTAGACAGTTGGGAC-1,0.1,0.8,0.1,0.0
TGTAGACCACTTCATT-1,0.03333333333333333,0.6666666666666666,0.3,0.0
TGTAGACCAGATCCTA-1,0.03333333333333333,0.8,0.16666666666666666,0.0
TGTAGACCAGTCGGTC-1,0.03333333333333333,0.5,0.4666666666666667,0.0
TGTAGACGTAAGTTAG-1,0.06666666666666667,0.7,0.23333333333333334,0.0
TGTAGACGTCAATGGG-1,0.13333333333333333,0.7666666666666667,0.1,0.0
TGTAGACTCCGATCTC-1,0.06666666666666667,0.9,0.03333333333333333,0.0
TGTAGACTCGATGCTA-1,0.03333333333333333,0.7333333333333333,0.23333333333333334,0.0
TGTAGACTCTAGGCAT-1,0.13333333333333333,0.8333333333333334,0.03333333333333333,0.0
TGTAGACTCTCGCTTG-1,0.16666666666666666,0.7,0.13333333333333333,0.0
TGTCAGAAGGATGTTA-1,0.06666666666666667,0.6333333333333333,0.3,0.0
TGTCAGAAGTCTCCTC-1,0.06666666666666667,0.8333333333333334,0.06666666666666667,0.03333333333333333
TGTCAGACACTCTAGA-1,0.06666666666666667,0.9,0.03333333333333333,0.0
TGTCAGAGTTAACAGA-1,0.06666666666666667,0.4,0.5333333333333333,0.0
TGTCCACAGGTTAAAC-1,0.13333333333333333,0.8,0.06666666666666667,0.0
TGTCCACAGTGGAAGA-1,0.16666666666666666,0.7333333333333333,0.1,0.0
TGTCCACTCCCTCGTA-1,0.03333333333333333,0.9333333333333333,0.03333333333333333,0.0
TGTCCCAAGTTGGACG-1,0.03333333333333333,0.9333333333333333,0.03333333333333333,0.0
TGTCCCACAGCTTCGG-1,0.16666666666666666,0.8,0.03333333333333333,0.0
TGTCCCATCGATACGT-1,0.03333333333333333,0.7333333333333333,0.23333333333333334,0.0
TGTCCTGAGACTGGGT-1,0.06666666666666667,0.8666666666666667,0.06666666666666667,0.0
TGTCCTGAGCACTCAT-1,0.03333333333333333,0.8,0.16666666666666666,0.0
TGTCCTGCAAGTGTCT-1,0.1,0.7666666666666667,0.13333333333333333,0.0
TGTCCTGTCCCGAATA-1,0.13333333333333333,0.8,0.06666666666666667,0.0
TGTCCTGTCGATTTCT-1,0.13333333333333333,0.4,0.4666666666666667,0.0
TGTGAGTCAGAGATTA-1,0.13333333333333333,0.8,0.06666666666666667,0.0
TGTGAGTCAGGACTAG-1,0.06666666666666667,0.9,0.03333333333333333,0.0
TGTGATGAGTGGATTA-1,0.03333333333333333,0.8666666666666667,0.1,0.0
TGTGATGCACCGTGCA-1,0.06666666666666667,0.7333333333333333,0.2,0.0
TGTGATGCAGAGTAAT-1,0.06666666666666667,0.7666666666666667,0.16666666666666666,0.0
TGTGATGGTCAACACT-1,0.06666666666666667,0.7333333333333333,0.2,0.0
TGTGATGGTGATATAG-1,0.13333333333333333,0.5666666666666667,0.3,0.0
TGTGATGGTGGCTTAT-1,0.23333333333333334,0.6333333333333333,0.13333333333333333,0.0
TGTGATGTCGTCAGAT-1,0.13333333333333333,0.5666666666666667,0.3,0.0
TGTGCGGAGCACTCAT-1,0.16666666666666666,0.7666666666666667,0.06666666666666667,0.0
TGTGCGGCAACCTATG-1,0.06666666666666667,0.7,0.23333333333333334,0.0
TGTGCGGGTAACATAG-1,0.0,0.7333333333333333,0.26666666666666666,0.0
TGTGCGGGTGACGCCT-1,0.1,0.8333333333333334,0.06666666666666667,0.0
TGTGCGGGTTGACTAC-1,0.03333333333333333,0.9333333333333333,0.03333333333333333,0.0
TGTGCGGTCTGCCCTA-1,0.06666666666666667,0.5,0.43333333333333335,0.0
TGTGGCGGTAACACCT-1,0.06666666666666667,0.5,0.43333333333333335,0.0
TGTGGCGGTAGTCTGT-1,0.03333333333333333,0.9,0.06666666666666667,0.0
TGTGGCGTCATCTCTA-1,0.16666666666666666,0.7333333333333333,0.1,0.0
TGTGGCGTCTATACGG-1,0.03333333333333333,0.8333333333333334,0.13333333333333333,0.0
TGTGTGACAAGATCCT-1,0.1,0.5666666666666667,0.3333333333333333,0.0
TGTGTGATCACACGAT-1,0.1,0.8333333333333334,0.06666666666666667,0.0
TGTGTGATCCTACACC-1,0.06666666666666667,0.7666666666666667,0.16666666666666666,0.0
TGTGTGATCGAACACT-1,0.13333333333333333,0.4666666666666667,0.4,0.0
TGTGTGATCGAAGAAT-1,0.03333333333333333,0.7,0.26666666666666666,0.0
TGTGTGATCTTCTTCC-1,0.03333333333333333,0.7333333333333333,0.23333333333333334,0.0
TGTTACTAGCAAATCA-1,0.1,0.7,0.2,0.0
TGTTACTAGTCCTACA-1,0.1,0.5,0.4,0.0
TGTTACTCACACTGGC-1,0.06666666666666667,0.7666666666666667,0.16666666666666666,0.0
TGTTACTGTGCGAGTA-1,0.03333333333333333,0.7,0.26666666666666666,0.0
TGTTACTGTGTTACAC-1,0.06666666666666667,0.7666666666666667,0.16666666666666666,0.0
TGTTACTTCTAGAACC-1,0.03333333333333333,0.8666666666666667,0.1,0.0
TGTTACTTCTCGGCTT-1,0.06666666666666667,0.8,0.13333333333333333,0.0
TGTTACTTCTTGCAGA-1,0.03333333333333333,0.9333333333333333,0.03333333333333333,0.0
TGTTCATAGCATTGAA-1,0.03333333333333333,0.6666666666666666,0.3,0.0
TGTTCATAGTATGACA-1,0.06666666666666667,0.5666666666666667,0.36666666666666664,0.0
TGTTCATCAGCTACAT-1,0.06666666666666667,0.7,0.23333333333333334,0.0
TGTTCATCATCGCTCT-1,0.06666666666666667,0.9333333333333333,0.0,0.0
TGTTCCGAGGTAATCA-1,0.06666666666666667,0.7,0.23333333333333334,0.0
TGTTCCGCAATCGCAT-1,0.06666666666666667,0.8,0.13333333333333333,0.0
TGTTCCGCATTACTCT-1,0.1,0.7,0.2,0.0
TGTTCCGTCTGGACCG-1,0.06666666666666667,0.6666666666666666,0.26666666666666666,0.0
TGTTCTACACGTTGGC-1,0.06666666666666667,0.8333333333333334,0.1,0.0
TGTTCTAGTCTTCATT-1,0.03333333333333333,0.9333333333333333,0.03333333333333333,0.0
TGTTCTATCGTCAAAC-1,0.03333333333333333,0.6666666666666666,0.3,0.0
TGTTGAGAGACATAAC-1,0.03333333333333333,0.7,0.26666666666666666,0.0
TGTTGAGAGCCGTTGC-1,0.03333333333333333,0.8,0.16666666666666666,0.0
TGTTGAGGTCAGTCTA-1,0.16666666666666666,0.7666666666666667,0.06666666666666667,0.0
TGTTGAGTCAACCTCC-1,0.06666666666666667,0.6333333333333333,0.3,0.0
TGTTGAGTCAGTGCGC-1,0.0,0.8666666666666667,0.13333333333333333,0.0
TGTTGAGTCGACGATT-1,0.03333333333333333,0.7333333333333333,0.23333333333333334,0.0
TGTTGGAAGTCAGCCC-1,0.03333333333333333,0.8,0.16666666666666666,0.0
TGTTGGACAGTGTATC-1,0.03333333333333333,0.6666666666666666,0.3,0.0
TGTTGGATCAGTGCGC-1,0.13333333333333333,0.7333333333333333,0.13333333333333333,0.0
TGTTGGATCATCCTGC-1,0.0,0.8333333333333334,0.16666666666666666,0.0
TGTTGGATCATCGTAG-1,0.06666666666666667,0.8,0.13333333333333333,0.0
TGTTGGATCCACTTTA-1,0.06666666666666667,0.7333333333333333,0.2,0.0
TGTTTGTAGATTGAGT-1,0.03333333333333333,0.6,0.36666666666666664,0.0
TGTTTGTAGGGAGGCA-1,0.0,0.8,0.2,0.0
TGTTTGTCAACCGGAA-1,0.1,0.8666666666666667,0.03333333333333333,0.0
TGTTTGTCATACAGCT-1,0.0,0.6666666666666666,0.3333333333333333,0.0
TGTTTGTTCCATTTCA-1,0.13333333333333333,0.6,0.26666666666666666,0.0
TTAATCCCAATGCAAA-1,0.0,0.7,0.3,0.0
TTAATCCGTCTCGGGT-1,0.13333333333333333,0.8666666666666667,0.0,0.0
TTAATCCGTCTTACAG-1,0.06666666666666667,0.36666666666666664,0.5666666666666667,0.0
TTAATCCTCACCACAA-1,0.13333333333333333,0.5666666666666667,0.3,0.0
TTACAGGCAATCGCCG-1,0.2,0.7,0.1,0.0
TTACAGGGTACAGAAT-1,0.1,0.7666666666666667,0.13333333333333333,0.0
TTACAGGTCCGCTAGG-1,0.03333333333333333,0.7666666666666667,0.2,0.0
TTACAGGTCTTAGGAC-1,0.2,0.5666666666666667,0.23333333333333334,0.0
TTACCATCACAACCGC-1,0.16666666666666666,0.7333333333333333,0.1,0.0
TTACCATCACACGGTC-1,0.06666666666666667,0.8,0.13333333333333333,0.0
TTACCATGTATTCCTT-1,0.16666666666666666,0.7666666666666667,0.06666666666666667,0.0
TTACCATTCGCTCTAC-1,0.06666666666666667,0.7,0.23333333333333334,0.0
TTACCATTCGTGAGAG-1,0.06666666666666667,0.8,0.13333333333333333,0.0
TTACCGCAGGTAGACC-1,0.06666666666666667,0.8666666666666667,0.06666666666666667,0.0
TTACCGCGTCTTACTT-1,0.03333333333333333,0.8333333333333334,0.13333333333333333,0.0
TTACCGCGTGAGATCG-1,0.0,0.9333333333333333,0.06666666666666667,0.0
TTACCGCGTTCTCCTG-1,0.1,0.8,0.1,0.0
TTACCGCTCTATCCAT-1,0.1,0.7,0.2,0.0
TTACCGCTCTGCTGAA-1,0.06666666666666667,0.9333333333333333,0.0,0.0
TTACCGCTCTTACCAT-1,0.03333333333333333,0.9333333333333333,0.03333333333333333,0.0
TTACGCCAGTGCGCTC-1,0.1,0.6666666666666666,0.23333333333333334,0.0
TTACGCCCAGTGTGGA-1,0.06666666666666667,0.9,0.03333333333333333,0.0
TTACGCCGTGGTCTTA-1,0.06666666666666667,0.6666666666666666,0.26666666666666666,0.0
TTACGTTAGATTTGCC-1,0.06666666666666667,0.5666666666666667,0.36666666666666664,0.0
TTACGTTAGGCCTGCT-1,0.06666666666666667,0.7,0.23333333333333334,0.0
TTACGTTCACACAGCC-1,0.16666666666666666,0.7333333333333333,0.1,0.0
TTACGTTCACTTGAGT-1,0.03333333333333333,0.6666666666666666,0.3,0.0
TTACGTTCATAGGTAA-1,0.03333333333333333,0.5666666666666667,0.4,0.0
TTACGTTGTCCAGAAG-1,0.06666666666666667,0.7333333333333333,0.2,0.0
TTACGTTGTCCTCCAT-1,0.13333333333333333,0.7333333333333333,0.13333333333333333,0.0
TTACGTTGTGCATCTA-1,0.06666666666666667,0.8333333333333334,0.1,0.0
TTACGTTTCACCATGA-1,0.13333333333333333,0.7666666666666667,0.1,0.0
TTACGTTTCTAAACGC-1,0.1,0.6666666666666666,0.23333333333333334,0.0
TTACGTTTCTAGCCTC-1,0.06666666666666667,0.5333333333333333,0.4,0.0
TTACTGTAGCCTATTG-1,0.06666666666666667,0.9,0.03333333333333333,0.0
TTACTGTAGGAACTCG-1,0.06666666666666667,0.8333333333333334,0.1,0.0
TTACTGTTCATACAGC-1,0.13333333333333333,0.7,0.16666666666666666,0.0
TTACTGTTCTCTTGCG-1,0.23333333333333334,0.7333333333333333,0.03333333333333333,0.0
TTAGGCAAGAAATTCG-1,0.1,0.8333333333333334,0.06666666666666667,0.0
TTAGGCAAGTTGCGCC-1,0.1,0.8,0.1,0.0
TTAGGCACATCTGGGC-1,0.0,0.8666666666666667,0.13333333333333333,0.0
TTAGGCAGTCATCAGT-1,0.03333333333333333,0.8333333333333334,0.13333333333333333,0.0
TTAGGCAGTCGGAAAC-1,0.06666666666666667,0.7333333333333333,0.2,0.0
TTAGGGTAGGAAGTCC-1,0.06666666666666667,0.7,0.23333333333333334,0.0
TTAGGGTCACCCAATA-1,0.03333333333333333,0.5,0.4666666666666667,0.0
TTAGGGTCACCGCTGA-1,0.13333333333333333,0.6666666666666666,0.2,0.0
TTAGGGTCATGGGATG-1,0.1,0.7,0.2,0.0
TTAGGGTGTAAGTTGA-1,0.03333333333333333,0.5666666666666667,0.4,0.0
TTAGGGTGTCCACGCA-1,0.06666666666666667,0.6666666666666666,0.26666666666666666,0.0
TTAGTCTAGAATCGAT-1,0.1,0.8,0.1,0.0
TTAGTCTAGACGGATC-1,0.1,0.7333333333333333,0.16666666666666666,0.0
TTAGTCTCAGCGATTT-1,0.13333333333333333,0.43333333333333335,0.43333333333333335,0.0
TTAGTCTCAGCTACTA-1,0.06666666666666667,0.5,0.43333333333333335,0.0
TTAGTCTGTCTCGCGA-1,0.06666666666666667,0.6666666666666666,0.26666666666666666,0.0
TTAGTCTTCACAACCA-1,0.03333333333333333,0.6666666666666666,0.3,0.0
TTATTGCAGAGGGTGG-1,0.03333333333333333,0.6333333333333333,0.3333333333333333,0.0
TTATTGCCAGGTGTTT-1,0.1,0.8333333333333334,0.06666666666666667,0.0
TTATTGCGTCACCGCA-1,0.06666666666666667,0.9,0.03333333333333333,0.0
TTATTGCGTTGCATTG-1,0.06666666666666667,0.5333333333333333,0.4,0.0
TTATTGCTCCCTTGGT-1,0.06666666666666667,0.7,0.23333333333333334,0.0
TTCAATCAGAGTGTTA-1,0.0,1.0,0.0,0.0
TTCAATCCACTACACA-1,0.13333333333333333,0.7666666666666667,0.1,0.0
TTCAATCCATCCCACT-1,0.03333333333333333,0.7333333333333333,0.23333333333333334,0.0
TTCAATCGTACGCTTA-1,0.03333333333333333,0.9666666666666667,0.0,0.0
TTCAATCGTAGTGATA-1,0.16666666666666666,0.7,0.13333333333333333,0.0
TTCAATCGTGATAGTA-1,0.03333333333333333,0.9666666666666667,0.0,0.0
TTCAATCTCAAACCTG-1,0.16666666666666666,0.7,0.13333333333333333,0.0
TTCACCGAGTAGCCAG-1,0.06666666666666667,0.6333333333333333,0.3,0.0
TTCACCGCAAACGTGG-1,0.03333333333333333,0.6333333333333333,0.3,0.03333333333333333
TTCACCGCACTTCAGA-1,0.1,0.8,0.1,0.0
TTCACCGGTACAGGTG-1,0.03333333333333333,0.7333333333333333,0.2,0.03333333333333333
TTCACCGTCTGGTGGC-1,0.06666666666666667,0.5,0.43333333333333335,0.0
TTCACGCAGGTGGTTG-1,0.06666666666666667,0.6666666666666666,0.26666666666666666,0.0
TTCACGCAGTCCGCCA-1,0.1,0.36666666666666664,0.5333333333333333,0.0
TTCACGCCAAGGCTTT-1,0.06666666666666667,0.6333333333333333,0.3,0.0
TTCACGCCACGTCGGT-1,0.06666666666666667,0.7,0.23333333333333334,0.0
TTCACGCCAGGAACCA-1,0.06666666666666667,0.6666666666666666,0.26666666666666666,0.0
TTCACGCGTACGATCT-1,0.1,0.6666666666666666,0.23333333333333334,0.0
TTCACGCGTCTGTGCG-1,0.06666666666666667,0.7666666666666667,0.16666666666666666,0.0
TTCACGCTCCCTCAAC-1,0.16666666666666666,0.6,0.23333333333333334,0.0
TTCACGCTCGCTTTAT-1,0.06666666666666667,0.7333333333333333,0.2,0.0
TTCAGGAAGGCTCAAG-1,0.06666666666666667,0.6666666666666666,0.26666666666666666,0.0
TTCAGGAAGTTCATGC-1,0.13333333333333333,0.7,0.16666666666666666,0.0
TTCAGGACAGAGTAAT-1,0.06666666666666667,0.8333333333333334,0.1,0.0
TTCAGGACAGCACAGA-1,0.03333333333333333,0.8666666666666667,0.1,0.0
TTCAGGAGTGGTCTTA-1,0.03333333333333333,0.8666666666666667,0.1,0.0
TTCAGGATCCATAGAC-1,0.1,0.8666666666666667,0.03333333333333333,0.0
TTCAGGATCCGCACGA-1,0.03333333333333333,0.9,0.06666666666666667,0.0
TTCATGTAGCGAGTAC-1,0.1,0.6666666666666666,0.23333333333333334,0.0
TTCATGTGTCGCTTGG-1,0.06666666666666667,0.7,0.23333333333333334,0.0
TTCATGTGTGGCCACT-1,0.1,0.9,0.0,0.0
TTCATGTGTTATGGTC-1,0.16666666666666666,0.7333333333333333,0.1,0.0
TTCATGTTCAGCCTCT-1,0.03333333333333333,0.5666666666666667,0.4,0.0
TTCATGTTCCACGGGT-1,0.1,0.6666666666666666,0.23333333333333334,0.0
TTCATTGCATCTCAAG-1,0.03333333333333333,0.7333333333333333,0.23333333333333334,0.0
TTCATTGTCTGTGCTC-1,0.1,0.8,0.1,0.0
TTCATTGTCTTCCCAG-1,0.1,0.6666666666666666,0.23333333333333334,0.0
TTCCAATAGCGTCTGC-1,0.03333333333333333,0.7,0.26666666666666666,0.0
TTCCAATAGGCACAAC-1,0.06666666666666667,0.7333333333333333,0.2,0.0
TTCCAATAGTCCCAAT-1,0.0,0.8333333333333334,0.16666666666666666,0.0
TTCCAATGTACCCAGC-1,0.06666666666666667,0.8,0.13333333333333333,0.0
TTCCAATTCGTGGGTC-1,0.06666666666666667,0.7,0.23333333333333334,0.0
TTCCACGCACTCCTGT-1,0.1,0.6,0.3,0.0
TTCCGGTCAAATTAGG-1,0.13333333333333333,0.7333333333333333,0.13333333333333333,0.0
TTCCGGTCACCCTTGT-1,0.03333333333333333,0.7666666666666667,0.2,0.0
TTCCGGTCATTCAGCA-1,0.13333333333333333,0.7,0.16666666666666666,0.0
TTCCGGTTCGTTCTAT-1,0.13333333333333333,0.6333333333333333,0.23333333333333334,0.0
TTCCGTGAGATCCCAT-1,0.06666666666666667,0.7,0.23333333333333334,0.0
TTCCGTGAGCGTCAGA-1,0.03333333333333333,0.7,0.26666666666666666,0.0
TTCCGTGAGGATGAGA-1,0.03333333333333333,0.7,0.26666666666666666,0.0
TTCCGTGAGGTTCTAC-1,0.06666666666666667,0.6,0.3333333333333333,0.0
TTCCGTGCAATCGCAT-1,0.03333333333333333,0.6,0.36666666666666664,0.0
TTCCGTGCAGCGACAA-1,0.1,0.7666666666666667,0.13333333333333333,0.0
TTCCGTGCAGCTTCCT-1,0.23333333333333334,0.7,0.06666666666666667,0.0
TTCCGTGGTTCGGTCG-1,0.1,0.7666666666666667,0.13333333333333333,0.0
TTCCGTGTCAAAGAAC-1,0.06666666666666667,0.5,0.43333333333333335,0.0
TTCCGTGTCATTCGTT-1,0.06666666666666667,0.8,0.13333333333333333,0.0
TTCCTAAAGCAAATGT-1,0.06666666666666667,0.6666666666666666,0.26666666666666666,0.0
TTCCTAAAGCAAGCCA-1,0.1,0.6,0.3,0.0
TTCCTAAAGCATCCCG-1,0.03333333333333333,0.6666666666666666,0.3,0.0
TTCCTAACAATAGTCC-1,0.06666666666666667,0.7,0.23333333333333334,0.0
TTCCTAACAGCGGATA-1,0.03333333333333333,0.7333333333333333,0.23333333333333334,0.0
TTCCTAACATCCGGTG-1,0.03333333333333333,0.9333333333333333,0.03333333333333333,0.0
TTCCTAAGTGTTTACG-1,0.03333333333333333,0.9333333333333333,0.03333333333333333,0.0
TTCCTAATCATGAGGG-1,0.1,0.8,0.1,0.0
TTCCTCTAGAAGAGCA-1,0.1,0.8666666666666667,0.03333333333333333,0.0
TTCCTCTCAATAACCC-1,0.13333333333333333,0.8,0.06666666666666667,0.0
TTCCTCTCAATCTCTT-1,0.1,0.7666666666666667,0.13333333333333333,0.0
TTCCTCTCAGCGATTT-1,0.06666666666666667,0.6666666666666666,0.26666666666666666,0.0
TTCCTCTCATCAGCAT-1,0.1,0.8666666666666667,0.03333333333333333,0.0
TTCCTCTGTACGGTTT-1,0.06666666666666667,0.8,0.13333333333333333,0.0
TTCCTCTGTCACTGAT-1,0.2,0.5333333333333333,0.26666666666666666,0.0
TTCCTCTGTGTATTCG-1,0.06666666666666667,0.8,0.13333333333333333,0.0
TTCCTCTGTTGGATCT-1,0.13333333333333333,0.5333333333333333,0.3333333333333333,0.0
TTCCTCTTCCACCCTA-1,0.13333333333333333,0.6666666666666666,0.2,0.0
TTCCTTCAGATCCCGC-1,0.0,0.6666666666666666,0.3333333333333333,0.0
TTCCTTCCAGCTGGTC-1,0.06666666666666667,0.7,0.23333333333333334,0.0
TTCCTTCGTCGGTGTC-1,0.03333333333333333,0.6666666666666666,0.3,0.0
TTCCTTCTCAGACCTA-1,0.1,0.6333333333333333,0.26666666666666666,0.0
TTCCTTCTCTATCCAT-1,0.0,0.9666666666666667,0.03333333333333333,0.0
TTCGATTAGAAGGATG-1,0.06666666666666667,0.4,0.5333333333333333,0.0
TTCGATTAGATACATG-1,0.1,0.8333333333333334,0.06666666666666667,0.0
TTCGATTCAGCACACC-1,0.06666666666666667,0.7333333333333333,0.2,0.0
TTCGATTCAGGTATGG-1,0.1,0.8666666666666667,0.03333333333333333,0.0
TTCGATTCAGTGGGTA-1,0.06666666666666667,0.7333333333333333,0.2,0.0
TTCGATTGTTGGGCCT-1,0.13333333333333333,0.6,0.23333333333333334,0.03333333333333333
TTCGATTTCCCGATCT-1,0.03333333333333333,0.43333333333333335,0.5333333333333333,0.0
TTCGATTTCTGCCCTA-1,0.13333333333333333,0.7,0.16666666666666666,0.0
TTCGCTGAGGAACGAA-1,0.16666666666666666,0.7666666666666667,0.06666666666666667,0.0
TTCGCTGCAACTAGAA-1,0.06666666666666667,0.43333333333333335,0.5,0.0
TTCGCTGCAATTAGGA-1,0.06666666666666667,0.6666666666666666,0.26666666666666666,0.0
TTCGCTGCACGATAGG-1,0.06666666666666667,0.7,0.23333333333333334,0.0
TTCGCTGCATATCGGT-1,0.23333333333333334,0.7,0.06666666666666667,0.0
TTCGCTGCATGAGTAA-1,0.1,0.7,0.2,0.0
TTCGCTGGTCGTCTCT-1,0.13333333333333333,0.8,0.06666666666666667,0.0
TTCGCTGGTGTCCGGT-1,0.06666666666666667,0.8,0.13333333333333333,0.0
TTCGCTGTCTCGGTCT-1,0.03333333333333333,0.5,0.4666666666666667,0.0
TTCGGTCAGCCGTTAT-1,0.06666666666666667,0.7,0.23333333333333334,0.0
TTCGGTCAGTTGGGAC-1,0.03333333333333333,0.6,0.36666666666666664,0.0
TTCGGTCCAGAAGTTA-1,0.06666666666666667,0.9,0.03333333333333333,0.0
TTCGGTCCATACTGAC-1,0.06666666666666667,0.6333333333333333,0.3,0.0
TTCGGTCTCAGGTGTT-1,0.1,0.8,0.1,0.0
TTCGGTCTCCGTCACT-1,0.03333333333333333,0.6666666666666666,0.3,0.0
TTCGGTCTCTCCTACG-1,0.06666666666666667,0.43333333333333335,0.5,0.0
TTCTAACAGTCGTTAC-1,0.03333333333333333,0.8,0.16666666666666666,0.0
TTCTAACAGTCTCGTA-1,0.13333333333333333,0.7666666666666667,0.1,0.0
TTCTAACCAAAGGGTC-1,0.06666666666666667,0.6,0.3333333333333333,0.0
TTCTAACCAATGCAAA-1,0.03333333333333333,0.6333333333333333,0.3333333333333333,0.0
TTCTAACCACCCAATA-1,0.06666666666666667,0.7,0.23333333333333334,0.0
TTCTAACCATTGCAAC-1,0.06666666666666667,0.6333333333333333,0.3,0.0
TTCTAACGTAGACGGT-1,0.03333333333333333,0.6333333333333333,0.3333333333333333,0.0
TTCTAACGTGTTCATG-1,0.16666666666666666,0.7333333333333333,0.1,0.0
TTCTAACGTTCCGCGA-1,0.13333333333333333,0.43333333333333335,0.43333333333333335,0.0
TTCTAACGTTGCCAAT-1,0.06666666666666667,0.7333333333333333,0.2,0.0
TTCTAACTCAGCTTCC-1,0.13333333333333333,0.5666666666666667,0.3,0.0
TTCTAACTCCCGAACG-1,0.13333333333333333,0.7,0.16666666666666666,0.0
TTCTAACTCCTACCAC-1,0.06666666666666667,0.6333333333333333,0.3,0.0
TTCTAGTAGAAGGTAG-1,0.06666666666666667,0.7,0.23333333333333334,0.0
TTCTAGTCAAAGGCTG-1,0.1,0.8,0.1,0.0
TTCTAGTCACCTGCTT-1,0.1,0.7333333333333333,0.16666666666666666,0.0
TTCTAGTCAGCATACT-1,0.1,0.8666666666666667,0.03333333333333333,0.0
TTCTAGTCAGGCTTGC-1,0.06666666666666667,0.6,0.3333333333333333,0.0
TTCTAGTGTACTTGTG-1,0.06666666666666667,0.3333333333333333,0.5666666666666667,0.03333333333333333
TTCTAGTGTCCACTTC-1,0.06666666666666667,0.4666666666666667,0.4666666666666667,0.0
TTCTAGTGTGAGCTCC-1,0.03333333333333333,0.9,0.06666666666666667,0.0
TTCTAGTGTTCAAACC-1,0.06666666666666667,0.6666666666666666,0.26666666666666666,0.0
TTCTAGTTCACATCAG-1,0.03333333333333333,0.4,0.5666666666666667,0.0
TTCTAGTTCCAAAGGG-1,0.03333333333333333,0.5666666666666667,0.4,0.0
TTCTAGTTCTCAGTCC-1,0.16666666666666666,0.5666666666666667,0.26666666666666666,0.0
TTCTAGTTCTGCCTGT-1,0.13333333333333333,0.6666666666666666,0.2,0.0
TTCTCTCAGCAACTTC-1,0.03333333333333333,0.8333333333333334,0.13333333333333333,0.0
TTCTCTCAGTGGATAT-1,0.03333333333333333,0.6333333333333333,0.3333333333333333,0.0
TTCTCTCCAAGATGTA-1,0.06666666666666667,0.7666666666666667,0.16666666666666666,0.0
TTCTCTCCAAGTACCT-1,0.0,0.8333333333333334,0.16666666666666666,0.0
TTCTCTCCACTTCTCG-1,0.23333333333333334,0.5333333333333333,0.23333333333333334,0.0
TTCTCTCGTAGACACG-1,0.13333333333333333,0.6,0.26666666666666666,0.0
TTCTCTCTCCATATGG-1,0.0,0.9,0.1,0.0
TTCTCTCTCTTGAACG-1,0.13333333333333333,0.8,0.06666666666666667,0.0
TTCTGTAAGAAACTGT-1,0.06666666666666667,0.8,0.13333333333333333,0.0
TTCTGTAAGGAGAGGC-1,0.13333333333333333,0.7666666666666667,0.1,0.0
TTCTGTAAGGCGTTAG-1,0.1,0.6666666666666666,0.23333333333333334,0.0
TTCTGTACACGCAGTC-1,0.1,0.8333333333333334,0.06666666666666667,0.0
TTCTGTAGTGTCGCTG-1,0.16666666666666666,0.6,0.23333333333333334,0.0
TTCTGTAGTTATAGAG-1,0.06666666666666667,0.8666666666666667,0.06666666666666667,0.0
TTCTGTATCGAAGTGG-1,0.06666666666666667,0.9333333333333333,0.0,0.0
TTCTTCCAGGGTGAAA-1,0.06666666666666667,0.5666666666666667,0.36666666666666664,0.0
TTCTTCCCACCACTGG-1,0.1,0.8,0.1,0.0
TTCTTCCCAGTAGTTC-1,0.1,0.8666666666666667,0.03333333333333333,0.0
TTCTTCCCATTATGCG-1,0.1,0.8666666666666667,0.03333333333333333,0.0
TTCTTCCCATTGAAAG-1,0.06666666666666667,0.6333333333333333,0.3,0.0
TTCTTCCGTCGCATCG-1,0.06666666666666667,0.4,0.5333333333333333,0.0
TTCTTCCTCCGTGCGA-1,0.0,0.9,0.1,0.0
TTCTTCCTCGTAGAGG-1,0.03333333333333333,0.9666666666666667,0.0,0.0
TTCTTCCTCTATTGTC-1,0.06666666666666667,0.8,0.13333333333333333,0.0
TTCTTCCTCTGGGTCG-1,0.06666666666666667,0.7,0.23333333333333334,0.0
TTCTTGAAGCAGAAAG-1,0.03333333333333333,0.7,0.26666666666666666,0.0
TTCTTGAAGTAGTCAA-1,0.1,0.8333333333333334,0.06666666666666667,0.0
TTCTTGACAATACCTG-1,0.1,0.5333333333333333,0.36666666666666664,0.0
TTCTTGACACCATAAC-1,0.13333333333333333,0.6,0.26666666666666666,0.0
TTCTTGACACCTTCGT-1,0.13333333333333333,0.5666666666666667,0.3,0.0
TTCTTGAGTCTCTCAC-1,0.06666666666666667,0.8333333333333334,0.1,0.0
TTCTTGAGTGACCTGC-1,0.1,0.8666666666666667,0.03333333333333333,0.0
TTCTTGAGTTACGTAC-1,0.16666666666666666,0.7333333333333333,0.1,0.0
TTCTTGAGTTAGTTCG-1,0.13333333333333333,0.6666666666666666,0.2,0.0
TTCTTGATCGCCTCTA-1,0.13333333333333333,0.5666666666666667,0.3,0.0
TTCTTGATCTCGCAGG-1,0.13333333333333333,0.5,0.36666666666666664,0.0
TTGAACGAGCGAACTG-1,0.06666666666666667,0.6333333333333333,0.3,0.0
TTGAACGCAAGGTCTT-1,0.03333333333333333,0.8666666666666667,0.1,0.0
TTGAACGCATGTCAGT-1,0.06666666666666667,0.8666666666666667,0.06666666666666667,0.0
TTGAACGGTAATGTGA-1,0.06666666666666667,0.9,0.03333333333333333,0.0
TTGAACGTCCAACCAA-1,0.03333333333333333,0.6,0.36666666666666664,0.0
TTGACCCAGCGCTTCG-1,0.0,0.7,0.3,0.0
TTGACCCCAGGTGTTT-1,0.06666666666666667,0.7333333333333333,0.2,0.0
TTGACCCGTTCTCGTC-1,0.03333333333333333,0.8,0.16666666666666666,0.0
TTGACCCTCCATTCAT-1,0.03333333333333333,0.9,0.06666666666666667,0.0
TTGAGTGAGAATTTGG-1,0.06666666666666667,0.9,0.03333333333333333,0.0
TTGAGTGAGATTGCGG-1,0.1,0.6666666666666666,0.23333333333333334,0.0
TTGAGTGAGGATACAT-1,0.06666666666666667,0.4666666666666667,0.4666666666666667,0.0
TTGAGTGGTCGAGATG-1,0.16666666666666666,0.6,0.23333333333333334,0.0
TTGAGTGTCAATGCAC-1,0.13333333333333333,0.6333333333333333,0.23333333333333334,0.0
TTGAGTGTCCACGAAT-1,0.16666666666666666,0.7333333333333333,0.1,0.0
TTGATGGAGCACTGGA-1,0.1,0.8333333333333334,0.06666666666666667,0.0
TTGATGGCAACGGCCT-1,0.13333333333333333,0.7666666666666667,0.1,0.0
TTGATGGCATAACCCA-1,0.06666666666666667,0.7333333333333333,0.2,0.0
TTGATGGGTACATACC-1,0.06666666666666667,0.7333333333333333,0.2,0.0
TTGCATTAGGATTACA-1,0.13333333333333333,0.7,0.16666666666666666,0.0
TTGCATTAGGTCCGAA-1,0.06666666666666667,0.8,0.13333333333333333,0.0
TTGCATTCATCAGCGC-1,0.16666666666666666,0.6666666666666666,0.16666666666666666,0.0
TTGCATTGTGCATTTG-1,0.06666666666666667,0.6,0.3333333333333333,0.0
TTGCATTTCAACCCGG-1,0.1,0.7,0.2,0.0
TTGCCTGAGAATCGCG-1,0.1,0.8,0.1,0.0
TTGCCTGAGCATAGGC-1,0.1,0.7333333333333333,0.16666666666666666,0.0
TTGCCTGAGGCTCTCG-1,0.16666666666666666,0.6333333333333333,0.2,0.0
TTGCCTGCACCTGAAT-1,0.06666666666666667,0.8333333333333334,0.1,0.0
TTGCCTGCACTGCACG-1,0.1,0.6666666666666666,0.23333333333333334,0.0
TTGCCTGCAGTGTATC-1,0.13333333333333333,0.7666666666666667,0.1,0.0
TTGCCTGCATCTTCGC-1,0.13333333333333333,0.6,0.26666666666666666,0.0
TTGCCTGGTAGCGTCC-1,0.1,0.7,0.2,0.0
TTGCCTGGTAGCTTGT-1,0.1,0.4,0.5,0.0
TTGCCTGGTTATCTTC-1,0.03333333333333333,0.6666666666666666,0.3,0.0
TTGCCTGTCATTCATC-1,0.13333333333333333,0.8333333333333334,0.03333333333333333,0.0
TTGCGTCAGGATGCGT-1,0.1,0.6666666666666666,0.23333333333333334,0.0
TTGCGTCGTCTTACAG-1,0.23333333333333334,0.5666666666666667,0.2,0.0
TTGCTGCAGGACGCAT-1,0.1,0.6333333333333333,0.26666666666666666,0.0
TTGCTGCAGGTCGTAG-1,0.03333333333333333,0.8333333333333334,0.13333333333333333,0.0
TTGCTGCAGTGATCGG-1,0.06666666666666667,0.8,0.13333333333333333,0.0
TTGCTGCAGTTGAAAC-1,0.1,0.9,0.0,0.0
TTGCTGCCAGAGGCTA-1,0.06666666666666667,0.7666666666666667,0.16666666666666666,0.0
TTGCTGCGTCAGTCCG-1,0.06666666666666667,0.6333333333333333,0.3,0.0
TTGCTGCGTCAGTCGC-1,0.03333333333333333,0.8666666666666667,0.1,0.0
TTGCTGCGTCGACGCT-1,0.1,0.7666666666666667,0.13333333333333333,0.0
TTGCTGCGTGTGTACT-1,0.13333333333333333,0.7,0.16666666666666666,0.0
TTGCTGCTCATTCACT-1,0.06666666666666667,0.9333333333333333,0.0,0.0
TTGGATGAGTTGCTGT-1,0.06666666666666667,0.8,0.13333333333333333,0.0
TTGGATGCAATCGCCG-1,0.0,0.8666666666666667,0.13333333333333333,0.0
TTGGATGCACGTAGTT-1,0.06666666666666667,0.6666666666666666,0.26666666666666666,0.0
TTGGATGGTCGACTTA-1,0.06666666666666667,0.9333333333333333,0.0,0.0
TTGGATGGTTAGGCTT-1,0.13333333333333333,0.6,0.26666666666666666,0.0
TTGGATGGTTTACGTG-1,0.13333333333333333,0.5666666666666667,0.3,0.0
TTGGATGTCAACTCTT-1,0.1,0.7666666666666667,0.13333333333333333,0.0
TTGGATGTCGTTCAGA-1,0.1,0.5333333333333333,0.36666666666666664,0.0
TTGGATGTCTCAATCT-1,0.03333333333333333,0.5333333333333333,0.43333333333333335,0.0
TTGGGATAGAGCATAT-1,0.13333333333333333,0.6333333333333333,0.23333333333333334,0.0
TTGGGATAGGCCTAAG-1,0.06666666666666667,0.7333333333333333,0.2,0.0
TTGGGATCACAGTCGC-1,0.06666666666666667,0.7333333333333333,0.2,0.0
TTGGGATCACCGTGCA-1,0.03333333333333333,0.8333333333333334,0.13333333333333333,0.0
TTGGGATTCGAGAGAC-1,0.06666666666666667,0.8666666666666667,0.06666666666666667,0.0
TTGGGATTCGGCCAAC-1,0.06666666666666667,0.7666666666666667,0.16666666666666666,0.0
TTGGGATTCTACCAGA-1,0.13333333333333333,0.7333333333333333,0.13333333333333333,0.0
TTGGGCGAGTACGAGC-1,0.03333333333333333,0.8666666666666667,0.1,0.0
TTGGGTAAGCCAGTAG-1,0.1,0.7666666666666667,0.13333333333333333,0.0
TTGGGTAAGTTTGTCG-1,0.03333333333333333,0.7666666666666667,0.2,0.0
TTGGGTACATGACAGG-1,0.2,0.6,0.2,0.0
TTGGGTAGTCATTCCC-1,0.13333333333333333,0.6666666666666666,0.2,0.0
TTGGGTATCAGACCGC-1,0.1,0.7333333333333333,0.16666666666666666,0.0
TTGGGTATCCATAGGT-1,0.03333333333333333,0.6666666666666666,0.3,0.0
TTGGTTTAGCAATAGT-1,0.1,0.6666666666666666,0.2,0.03333333333333333
TTGGTTTTCCTTGGAA-1,0.03333333333333333,0.8666666666666667,0.1,0.0
TTGTGGATCACGGAGA-1,0.06666666666666667,0.7333333333333333,0.2,0.0
TTGTGGATCGCCAATA-1,0.1,0.4666666666666667,0.43333333333333335,0.0
TTGTGGATCTGTACAG-1,0.06666666666666667,0.43333333333333335,0.5,0.0
TTGTGTTAGGCTAAAT-1,0.0,0.9666666666666667,0.03333333333333333,0.0
TTGTGTTCAGACCAAG-1,0.1,0.7666666666666667,0.13333333333333333,0.0
TTGTGTTGTTACAGCT-1,0.1,0.6666666666666666,0.23333333333333334,0.0
TTGTTCAAGCACTTTG-1,0.06666666666666667,0.7666666666666667,0.16666666666666666,0.0
TTGTTCAAGCCAAGGT-1,0.1,0.7,0.2,0.0
TTGTTCAAGCTTTGTG-1,0.06666666666666667,0.9,0.03333333333333333,0.0
TTGTTCAAGGGACCAT-1,0.13333333333333333,0.5,0.36666666666666664,0.0
TTGTTCAAGTCCTGTA-1,0.06666666666666667,0.4666666666666667,0.4666666666666667,0.0
TTGTTCAAGTGTACCT-1,0.1,0.8666666666666667,0.03333333333333333,0.0
TTGTTCATCGCGTTTC-1,0.06666666666666667,0.6,0.3333333333333333,0.0
TTGTTCATCTACTGCC-1,0.1,0.8,0.1,0.0
TTGTTGTAGGAACGTC-1,0.13333333333333333,0.7,0.16666666666666666,0.0
TTGTTGTTCCATATGG-1,0.03333333333333333,0.9666666666666667,0.0,0.0
TTGTTTGAGCTGTTAC-1,0.06666666666666667,0.8666666666666667,0.06666666666666667,0.0
TTGTTTGCAAAGACTA-1,0.16666666666666666,0.7333333333333333,0.1,0.0
TTGTTTGCAAGGAGTC-1,0.1,0.8333333333333334,0.06666666666666667,0.0
TTGTTTGCAGTATGAA-1,0.03333333333333333,0.9333333333333333,0.03333333333333333,0.0
TTGTTTGGTACAAGTA-1,0.06666666666666667,0.8666666666666667,0.06666666666666667,0.0
TTGTTTGGTGGACCAA-1,0.03333333333333333,0.7,0.26666666666666666,0.0
TTGTTTGTCGCAATTG-1,0.03333333333333333,0.5333333333333333,0.43333333333333335,0.0
TTGTTTGTCGCTAATG-1,0.16666666666666666,0.6333333333333333,0.2,0.0
TTGTTTGTCTCGCTCA-1,0.03333333333333333,0.8666666666666667,0.1,0.0
TTGTTTGTCTCTCAAT-1,0.06666666666666667,0.7666666666666667,0.16666666666666666,0.0
TTTACCAAGCATCAAA-1,0.1,0.8333333333333334,0.06666666666666667,0.0
TTTACCAAGCGTCGAA-1,0.0,0.9333333333333333,0.06666666666666667,0.0
TTTACCACAGCGCTTG-1,0.1,0.6666666666666666,0.23333333333333334,0.0
TTTACCACAGCTCTGG-1,0.13333333333333333,0.8333333333333334,0.03333333333333333,0.0
TTTACCACATGTTTGG-1,0.06666666666666667,0.9333333333333333,0.0,0.0
TTTACCACATTCAGCA-1,0.03333333333333333,0.7333333333333333,0.23333333333333334,0.0
TTTACCAGTTGCTCCT-1,0.1,0.8333333333333334,0.06666666666666667,0.0
TTTACCATCCATAGAC-1,0.06666666666666667,0.9,0.03333333333333333,0.0
TTTACCATCGTGCAGC-1,0.06666666666666667,0.8,0.13333333333333333,0.0
TTTACGTAGACTAAGT-1,0.0,0.9,0.1,0.0
TTTACGTAGCTACTAC-1,0.2,0.4,0.4,0.0
TTTACGTCACTCTCGT-1,0.03333333333333333,0.8666666666666667,0.1,0.0
TTTACGTGTAGCACGA-1,0.06666666666666667,0.7333333333333333,0.2,0.0
TTTACGTGTCATCGGC-1,0.13333333333333333,0.8666666666666667,0.0,0.0
TTTACTGCAGAAGCGT-1,0.03333333333333333,0.4666666666666667,0.5,0.0
TTTACTGCAGAGATGC-1,0.03333333333333333,0.7,0.26666666666666666,0.0
TTTACTGGTATCGTAC-1,0.06666666666666667,0.7666666666666667,0.16666666666666666,0.0
TTTACTGTCCGATAAC-1,0.06666666666666667,0.7,0.23333333333333334,0.0
TTTACTGTCCGGCAAC-1,0.16666666666666666,0.7333333333333333,0.1,0.0
TTTAGTCAGCAAATGT-1,0.06666666666666667,0.5333333333333333,0.4,0.0
TTTAGTCAGGTAGATT-1,0.06666666666666667,0.5,0.43333333333333335,0.0
TTTAGTCAGTAAGAGG-1,0.1,0.8,0.1,0.0
TTTAGTCCAAAGTGTA-1,0.06666666666666667,0.6,0.3333333333333333,0.0
TTTAGTCCAATTGAAG-1,0.06666666666666667,0.6333333333333333,0.3,0.0
TTTAGTCCAGAAATTG-1,0.06666666666666667,0.6,0.3333333333333333,0.0
TTTAGTCGTTCAGCGC-1,0.0,0.7333333333333333,0.26666666666666666,0.0
TTTAGTCTCCAATGCA-1,0.06666666666666667,0.7666666666666667,0.16666666666666666,0.0
TTTAGTCTCTCGGTCT-1,0.13333333333333333,0.6666666666666666,0.2,0.0
TTTATGCCAACCAGAG-1,0.0,0.9,0.1,0.0
TTTATGCCAATTTCTC-1,0.03333333333333333,0.8,0.16666666666666666,0.0
TTTATGCCATAACCCA-1,0.06666666666666667,0.7666666666666667,0.16666666666666666,0.0
TTTATGCCATAATCCG-1,0.06666666666666667,0.6,0.3333333333333333,0.0
TTTATGCGTAACGTTC-1,0.03333333333333333,0.6333333333333333,0.3333333333333333,0.0
TTTATGCTCCTTTAGT-1,0.06666666666666667,0.5333333333333333,0.4,0.0
TTTATGCTCGGCTGTG-1,0.16666666666666666,0.8333333333333334,0.0,0.0
TTTATGCTCGTCGGGT-1,0.06666666666666667,0.8333333333333334,0.1,0.0
TTTATGCTCTGCAGCG-1,0.06666666666666667,0.7666666666666667,0.16666666666666666,0.0
TTTCACAAGCGAGGAG-1,0.06666666666666667,0.7666666666666667,0.16666666666666666,0.0
TTTCACACACTAGTAC-1,0.06666666666666667,0.5333333333333333,0.4,0.0
TTTCACACAGGCGTTC-1,0.03333333333333333,0.6333333333333333,0.3333333333333333,0.0
TTTCACAGTAGGACTG-1,0.06666666666666667,0.7666666666666667,0.16666666666666666,0.0
TTTCACAGTCGTATTG-1,0.03333333333333333,0.4666666666666667,0.5,0.0
TTTCACATCCAGTACA-1,0.03333333333333333,0.7,0.26666666666666666,0.0
TTTCAGTAGAAGCCTG-1,0.06666666666666667,0.7666666666666667,0.16666666666666666,0.0
TTTCAGTCAACACAGG-1,0.1,0.6333333333333333,0.26666666666666666,0.0
TTTCAGTCAGAAATTG-1,0.06666666666666667,0.7333333333333333,0.2,0.0
TTTCAGTCAGTTCTAG-1,0.06666666666666667,0.8333333333333334,0.1,0.0
TTTCAGTGTGGCTAGA-1,0.1,0.8333333333333334,0.06666666666666667,0.0
TTTCAGTTCACTCACC-1,0.16666666666666666,0.7333333333333333,0.1,0.0
TTTCAGTTCAGGAGAC-1,0.13333333333333333,0.7333333333333333,0.13333333333333333,0.0
TTTCAGTTCATTGTTC-1,0.1,0.8666666666666667,0.03333333333333333,0.0
TTTCATGAGCACTCTA-1,0.16666666666666666,0.7,0.13333333333333333,0.0
TTTCATGCAAGAATAC-1,0.06666666666666667,0.7666666666666667,0.16666666666666666,0.0
TTTCATGCACTTGACA-1,0.03333333333333333,0.7666666666666667,0.2,0.0
TTTCATGTCATGACAC-1,0.03333333333333333,0.7333333333333333,0.23333333333333334,0.0
TTTCCTCAGCTTTCTT-1,0.03333333333333333,0.8333333333333334,0.13333333333333333,0.0
TTTCCTCCAAGACCTT-1,0.16666666666666666,0.7,0.13333333333333333,0.0
TTTCCTCCAAGTGCAG-1,0.23333333333333334,0.5666666666666667,0.2,0.0
TTTCCTCCATTAAAGG-1,0.3333333333333333,0.4666666666666667,0.2,0.0
TTTCCTCGTCTACGAT-1,0.06666666666666667,0.5666666666666667,0.36666666666666664,0.0
TTTCCTCTCCTGGGTG-1,0.03333333333333333,0.7333333333333333,0.23333333333333334,0.0
TTTCGATAGATAGCAT-1,0.13333333333333333,0.7666666666666667,0.1,0.0
TTTCGATAGATCCCGC-1,0.1,0.8333333333333334,0.06666666666666667,0.0
TTTCGATCAAGCCTGC-1,0.06666666666666667,0.8,0.13333333333333333,0.0
TTTCGATGTATTGGCT-1,0.13333333333333333,0.6,0.26666666666666666,0.0
TTTCGATGTCGCTGCA-1,0.06666666666666667,0.6666666666666666,0.26666666666666666,0.0
TTTCGATGTGAATTGA-1,0.13333333333333333,0.43333333333333335,0.43333333333333335,0.0
TTTCGATGTTGGACCC-1,0.2,0.7333333333333333,0.06666666666666667,0.0
TTTCGATTCCTACTGC-1,0.06666666666666667,0.7333333333333333,0.2,0.0
TTTCGATTCGAACTCA-1,0.06666666666666667,0.7333333333333333,0.2,0.0
TTTCGATTCTCGTCGT-1,0.13333333333333333,0.8,0.06666666666666667,0.0
TTTGACTAGATGGTCG-1,0.06666666666666667,0.8333333333333334,0.1,0.0
TTTGACTAGTATTAGG-1,0.16666666666666666,0.7666666666666667,0.06666666666666667,0.0
TTTGACTTCGGTCTGG-1,0.06666666666666667,0.9,0.03333333333333333,0.0
TTTGACTTCTCTATAC-1,0.06666666666666667,0.7666666666666667,0.16666666666666666,0.0
TTTGATCAGATAGCAT-1,0.1,0.7333333333333333,0.16666666666666666,0.0
TTTGATCAGCATTTCG-1,0.1,0.8,0.1,0.0
TTTGATCAGGCCCAAA-1,0.2,0.4,0.4,0.0
TTTGATCAGTTACTCG-1,0.1,0.5666666666666667,0.3333333333333333,0.0
TTTGATCCAAGAAATC-1,0.06666666666666667,0.8,0.13333333333333333,0.0
TTTGATCCACAGCTTA-1,0.1,0.6666666666666666,0.23333333333333334,0.0
TTTGATCCACCAAAGG-1,0.06666666666666667,0.7,0.23333333333333334,0.0
TTTGATCGTGCATTAC-1,0.16666666666666666,0.4666666666666667,0.36666666666666664,0.0
TTTGGAGAGGTCTGGA-1,0.06666666666666667,0.7666666666666667,0.16666666666666666,0.0
TTTGGAGCATTGCTTT-1,0.16666666666666666,0.7,0.13333333333333333,0.0
TTTGGAGGTCACTCGG-1,0.2,0.6333333333333333,0.16666666666666666,0.0
TTTGGAGGTGCACGCT-1,0.06666666666666667,0.5666666666666667,0.36666666666666664,0.0
TTTGGAGGTTTCGTAG-1,0.06666666666666667,0.4,0.5333333333333333,0.0
TTTGGAGTCGAACGCC-1,0.0,0.9,0.1,0.0
TTTGGTTAGCACACCC-1,0.13333333333333333,0.6333333333333333,0.23333333333333334,0.0
TTTGGTTCAACCACAT-1,0.03333333333333333,0.7666666666666667,0.2,0.0
TTTGGTTCAGGGCTTC-1,0.2,0.6333333333333333,0.16666666666666666,0.0
TTTGGTTTCACCCTTG-1,0.13333333333333333,0.5666666666666667,0.3,0.0
TTTGGTTTCACGGGCT-1,0.06666666666666667,0.8666666666666667,0.06666666666666667,0.0
TTTGTTGCAGAGTCTT-1,0.1,0.7333333333333333,0.16666666666666666,0.0
TTTGTTGCAGTAGGAC-1,0.03333333333333333,0.7666666666666667,0.2,0.0
TTTGTTGCAGTATACC-1,0.03333333333333333,0.6333333333333333,0.3333333333333333,0.0
TTTGTTGGTAACAGTA-1,0.03333333333333333,0.4666666666666667,0.5,0.0
TTTGTTGTCCGTCCTA-1,0.03333333333333333,0.8,0.16666666666666666,0.0
TTTGTTGTCCTTCACG-1,0.03333333333333333,0.9,0.06666666666666667,0.0
