,accessory_gland,ejaculatory_bulb,ejaculatory_duct,seminal_vesicle
0,0.26184480209728006,0.5567536263866691,0.13353097334935546,0.047870598166693874
1,0.2656319704859848,0.4147720327716315,0.18595979542490637,0.13363620131747717
2,0.2555130636307019,0.5607716456607218,0.13388329864152704,0.04983199206704882
3,0.2476662254060728,0.5388398416036488,0.14343004633864787,0.0700638866516305
4,0.23999209772354546,0.5763919378652318,0.13666684002558088,0.04694912438564184
5,0.2525255183285705,0.5363027970253881,0.142522880228349,0.06864880441769222
6,0.2747238325331512,0.5624271949108813,0.12115651527411982,0.04169245728184685
7,0.15316407905890278,0.47627393545193725,0.2208542476702074,0.14970773781895247
8,0.27301940919576306,0.5574321447791464,0.12345742328242557,0.046091022742666125
9,0.1358142617779606,0.42829815154993317,0.24496939616276642,0.19091819050933903
10,0.25507018163031725,0.5528019936768133,0.1364697486929558,0.055658075999913056
11,0.265910470945479,0.5495806244135188,0.1410204080893704,0.04348849655163173
12,0.26078338311612925,0.554299002929438,0.1333886826135635,0.051528931340868965
13,0.2236858648457165,0.5697538625289913,0.1508888756093651,0.055671397015927195
14,0.20305501032808718,0.5323124108236854,0.17419673174077946,0.09043584710744831
15,0.2539951841022338,0.5344300942324108,0.14648895916431903,0.06508576250103575
16,0.2691636516917653,0.5680120201409365,0.12051507476080171,0.04230925340649495
17,0.2731422929042421,0.556107936668367,0.13142447443224886,0.03932529599514284
18,0.2263515597238048,0.5462293780255155,0.15345733828914196,0.07396172396153748
19,0.2669182083898167,0.5560388412649111,0.1376496310438321,0.03939331930143969
20,0.2575780394316234,0.5681597956766079,0.1311858617291611,0.04307630316260929
21,0.26129160611335694,0.5597008497145174,0.13693788625179867,0.042069657920325555
22,0.26922368395303536,0.5512070542234174,0.1388633047402532,0.04070595708329434
23,0.25900767766577415,0.5619082655095365,0.13408804639282496,0.044996010431864845
24,0.25238647595605296,0.5724854027261023,0.12521755537288998,0.049910565944955604
25,0.26063224318466094,0.5669558600874841,0.13159316739311677,0.04081872933473889
26,0.2196616340093737,0.530461693200674,0.1591505059231116,0.09072616686684014
27,0.23013261114550226,0.5306973918329081,0.162452933199384,0.07671706382220687
28,0.23681688572063456,0.5620035078244457,0.13870799987532736,0.06247160657959255
29,0.25817139521480204,0.566663304038989,0.12696493015315222,0.048200370593055604
30,0.2722949516917078,0.5655531149533343,0.12191198068861933,0.040239952666338716
31,0.26252116844919154,0.547115854767221,0.13684893750637775,0.05351403927721
32,0.26165740720039427,0.5606187294036686,0.13187648577406783,0.04584737762186883
33,0.10057346362121311,0.4051770695972478,0.265055025710385,0.22919444107115491
34,0.17059221333780264,0.4753911398518573,0.20427576381711327,0.14974088299322522
35,0.19828608857016314,0.5151272287813032,0.1754662061384278,0.11112047651010808
36,0.26117809413099463,0.5674288142959155,0.1317431665405867,0.03964992503250298
37,0.27371295553498926,0.5662888828552642,0.1187138857499048,0.04128427585984217
38,0.26097709897374827,0.5452893611769354,0.1383326468786469,0.05540089297067007
39,0.2581920700522018,0.5647896472293741,0.13140958354412052,0.04560869917430306
40,0.26274478181172095,0.5655142617004649,0.13072447194384085,0.04101648454397349
41,0.18695931254099085,0.5321294890557512,0.17359775046061143,0.10731344794264688
42,0.2621177752593299,0.5556268960436376,0.13564043680739213,0.046614891889638924
43,0.24880866569056134,0.5586066788014772,0.14127061056288595,0.05131404494507467
44,0.27517264789175194,0.5682753677438334,0.11584839889467494,0.04070358546973849
45,0.2602963278450697,0.5529968731127402,0.1350833671141153,0.05162343192807478
46,0.2675514564450104,0.5524445776141342,0.12766239044116748,0.052341575499686946
47,0.2623681999033304,0.4700974017008215,0.16804608091270118,0.09948831748314668
48,0.2663224211801968,0.5449604284109437,0.13600267567437427,0.052714474734484526
49,0.26293454830397056,0.5604747423853118,0.12581412839935274,0.05077658091136519
50,0.2664843237521959,0.5639380277606448,0.12302951441560317,0.046548134071555974
51,0.26383228725007074,0.5472260922510054,0.13594620060665083,0.05299541989227357
52,0.26072989606140673,0.5627443272270203,0.13221275682372916,0.04431301988784436
53,0.25430537917206125,0.5573496973511938,0.14027739812615897,0.048067525350585394
54,0.26821278300879703,0.5689333466658468,0.12062217682133537,0.04223169350402179
55,0.26954188577500493,0.5623855369027485,0.12467162499253988,0.0434009523297072
56,0.2583307828412774,0.5765238653935896,0.12131530272187463,0.04383004904325914
57,0.2534006494596599,0.5534432825915797,0.13978989037104753,0.053366177577713406
58,0.2674662272247299,0.5553422105612582,0.13363801997588093,0.0435535422381309
59,0.25680745334649896,0.565932632733538,0.13329432380412773,0.043965590115835014
60,0.27419163518186623,0.5588625145677478,0.121360725478467,0.045585124771919616
61,0.2642019508910551,0.5551242461677555,0.13878552703985378,0.041888275901335814
62,0.26906461495715817,0.5697412117710562,0.12007297648742231,0.04112119678436386
63,0.26621050567975063,0.5627775337760642,0.12545916993392425,0.04555279061026158
64,0.23272479343084995,0.572326170611637,0.1402247308606925,0.05472430509682029
65,0.27649646838042824,0.5639618320168557,0.11852610743789604,0.04101559216481884
66,0.2266004940323484,0.5417647461439047,0.15653711246418198,0.07509764735956619
67,0.20463391104240256,0.5079663693373198,0.1792695970076416,0.10813012261263542
68,0.19753320238214256,0.5244364507562097,0.17177019553643247,0.10626015132521544
69,0.24288763954006215,0.5353453540331037,0.14877227111233257,0.07299473531450192
70,0.25369594875656715,0.5626235043203435,0.13377305704810813,0.049907489874981316
71,0.23927294081402709,0.5508650261812188,0.14067533912284122,0.06918669388191369
72,0.27576805381308656,0.5677220030603619,0.1170230423622727,0.03948690076427836
73,0.2738709224463282,0.5725586056775139,0.1146823292145242,0.0388881426616334
74,0.258194600399325,0.5464016872052141,0.14195938325427485,0.05344432914118488
75,0.2567265413545806,0.558475465356389,0.13140683497410524,0.053391158314924685
76,0.27052891883943203,0.5675289760552829,0.12021940014668428,0.04172270495860103
77,0.24995298607525027,0.5236026253244822,0.15626094068400026,0.07018344791626731
78,0.23811138556396394,0.5370876832381517,0.14878683178474275,0.07601409941314188
79,0.2787124810818834,0.5484164950214363,0.13201409327047856,0.04085693062620295
80,0.24815861071347026,0.5707934122098053,0.13399916391894123,0.04704881315778261
81,0.2418990193756419,0.5801197480722801,0.12923449453668306,0.04874673801539439
82,0.2421528900833342,0.5587611690291864,0.1421994515696834,0.056886489317796246
83,0.2697778210378561,0.5602430992713006,0.13091426258295888,0.03906481710788468
84,0.274049420283689,0.563827988080487,0.11975880976067983,0.04236378187514419
85,0.26873084911671075,0.5494059963510987,0.13602603901640464,0.045837115515784656
86,0.27339894557440736,0.54885185726663,0.13260140958738037,0.04514778757158157
87,0.2296727676827622,0.5521964820881434,0.1502321351990641,0.06789861503002953
88,0.2632389678900898,0.5570278284872816,0.12901612943468027,0.050717074187948304
89,0.2672102643448138,0.5367496976935419,0.13337499210153794,0.0626650458601058
90,0.2755049399128472,0.5650447514800758,0.1180577715157148,0.04139253709136103
91,0.25668298859698646,0.5604346289778516,0.13108011500642977,0.05180226741873242
92,0.26748089135694236,0.5724331730783709,0.11796420355268694,0.042121732011999945
93,0.2514191778391181,0.29250164747059565,0.23463514476541986,0.2214440299248672
94,0.21063636420766363,0.5489402886171146,0.15564043243084832,0.08478291474437202
95,0.2601861067349158,0.5734651367689272,0.12309142804642524,0.04325732844973193
96,0.21498731612417454,0.5315008346194277,0.1589517806772517,0.09456006857914703
97,0.17647559753167763,0.4599106256520059,0.2137163069938058,0.14989746982251062
98,0.23981496734442498,0.5517861611238951,0.1489600519382299,0.05943881959345161
99,0.030117158189329356,0.3589708402136813,0.31163767123182856,0.29927433036516066
100,0.2620350204079634,0.5672496443926244,0.12828569153233196,0.04242964366707917
101,0.268680274009036,0.5729115586364109,0.11890961664156093,0.03949855071299375
102,0.25216217344171066,0.5437779176306229,0.1439806279416877,0.060079280985979464
103,0.2573559442806978,0.5609031732856345,0.13186177145322234,0.049879110980445715
104,0.2720467269072448,0.5634773397510972,0.12072784077766027,0.043748092563998066
105,0.24172476762450976,0.5605084815701931,0.1359098611024914,0.06185688970280655
106,0.2625768908683209,0.5600192520577646,0.13180186752339026,0.04560198955052392
107,0.26525176388824256,0.5557781020178628,0.13234551586762075,0.046624618226272826
108,0.2553224836466842,0.5537402382323788,0.14374328603522893,0.04719399208570816
109,0.2065508913097144,0.48068300312560797,0.1986325056431988,0.11413359992148027
110,0.2520079601668875,0.5017234810160095,0.16632866410073158,0.07993989471637204
111,0.2649884994470817,0.5760661449624224,0.1183451211444195,0.04060023444607432
112,0.24090363234215723,0.5222567412944854,0.14939615875319445,0.08744346761016283
113,0.2520593497729302,0.5704937069459004,0.13096596580367142,0.0464809774774982
114,0.27172595480679673,0.5550859903637745,0.13015617027500154,0.04303188455442733
115,0.2711697692105265,0.5519537349347284,0.13739569711532065,0.03948079873942373
116,0.24183687085744654,0.5741349103306133,0.13994458897423745,0.04408362983770359
117,0.26057900545397744,0.5687960249485047,0.12969856533953167,0.04092640425798568
118,0.24367987793427684,0.570657695172393,0.13910443427855881,0.04655799261477217
119,0.2736096114296481,0.565088091336004,0.11838821483923886,0.04291408239510842
120,0.2741746526565326,0.5665899331320673,0.11973383639628844,0.03950157781511217
121,0.2640251636182173,0.5618378108895545,0.13351793438807716,0.04061909110414997
122,0.2616093677116494,0.5679713093469662,0.13057300811342112,0.03984631482796426
123,0.20444395444835722,0.4953895684957233,0.18591786961827145,0.11424860743764689
124,0.26321202798960947,0.5624142450613957,0.1255005443498348,0.048873182599159654
125,0.2559176090220997,0.5706190457353544,0.1290097443821192,0.0444536008604276
126,0.26173169600837715,0.5558934829966803,0.13386374352140776,0.048511077473534066
127,0.26766338816390167,0.574868031004267,0.11661786983218056,0.04085071099965088
128,0.26038837458904873,0.38006383144073796,0.20089733538468849,0.15865045858552487
129,0.27215348367802766,0.5396142293678129,0.13608184120427838,0.05215044574988036
130,0.12404808386242419,0.46217759844805995,0.22920470780171964,0.18456960988779747
131,0.24751296033432063,0.5068759466259306,0.15915021288314682,0.0864608801566021
132,0.2672289927229712,0.561999877883665,0.12337066433177836,0.04740046506158519
133,0.24767797806874986,0.5687873439882868,0.1356358339976908,0.04789884394527302
134,0.2518772586647552,0.5434855397679935,0.14857060620403723,0.056066595363214115
135,0.26438351196553683,0.5573735020106096,0.1379779685887744,0.04026501743507976
136,0.26144525780406735,0.5637920841327028,0.13284280632298798,0.04191985174024062
137,0.2544237719133458,0.556542403020546,0.14503987636393043,0.04399394870217708
138,0.2540292765509697,0.5612300798956729,0.13699468441189383,0.04774595914146376
139,0.19900131472827443,0.5154376055235241,0.178222018942319,0.10733906080588297
140,0.2566829635700509,0.551149579287314,0.1425603501639892,0.0496071069786438
141,0.25296457270225825,0.5708865175173032,0.13111419247932815,0.04503471730111099
142,0.16995614287037433,0.4459645833023275,0.2186774286552846,0.16540184517201362
143,0.2662487699989743,0.5525263710994199,0.1307049326837427,0.050519926217862055
144,0.2743798429653321,0.5621201794965901,0.1215458658194139,0.04195411171866286
145,0.25395636595118454,0.5690704250161691,0.13126909745377174,0.045704111578875044
146,0.25992207603565987,0.5663004146777355,0.130434969679544,0.043342539607061595
147,0.2682502409055319,0.559824033182574,0.12671816787582643,0.045207558036068504
148,0.2531388762672348,0.5562518751529572,0.13752824386752927,0.05308100471227857
149,0.2735730000000106,0.5649985781418955,0.1189609355149452,0.04246748634314933
150,0.27113696655679753,0.5693815481856475,0.118686009921942,0.0407954753356134
151,0.2582011997458935,0.5656517932934323,0.1311440436741822,0.04500296328649367
152,0.25922821336347357,0.5586121922565226,0.1351468027171499,0.047012791662855
153,0.24164736011574028,0.5800898584945469,0.13038679820489213,0.047875983184821926
154,0.26313855724859614,0.5602212963479477,0.13303483061084811,0.043605315792607645
155,0.26294275560289554,0.5623845382320571,0.13243527556314894,0.042237430601898454
156,0.23453123223369027,0.5233458435595946,0.15888083584409754,0.08324208836261571
157,0.27326375859763713,0.5655783680186068,0.11961484267752766,0.04154303070622696
158,0.2705112702391233,0.5624494636226767,0.1234390785155892,0.04360018762261185
159,0.2481777745632393,0.49952981812285047,0.16192776380052235,0.09036464351338869
160,0.2703473816490112,0.5621559776363372,0.12436132493045605,0.043135315784194876
161,0.2573484140314585,0.5598117469700297,0.13718878608016852,0.04565105291834233
162,0.25444900654142344,0.560441553262181,0.13717084969103566,0.04793859050535913
163,0.26475796277167046,0.5632149016432446,0.12861340844770836,0.04341372713737514
164,0.2684904465036947,0.5434434128442232,0.1343073096737049,0.05375883097837715
165,0.2635408142493233,0.5573936971846166,0.13081667442891917,0.04824881413714188
166,0.19714864345113212,0.508454635334722,0.17942906774955109,0.1149676534645934
167,0.25676137516189385,0.5652934578933114,0.13221160304476193,0.0457335639000325
168,0.2622881642783395,0.564938071103242,0.12773318481117282,0.04504057980724473
169,0.24960619940836778,0.57062927911814,0.13224172800559217,0.047522793467901295
170,0.26568040303497886,0.5778396645063508,0.11638364406367764,0.0400962883949931
171,0.2601143218782722,0.5699189643859607,0.12676753918420428,0.04319917455156394
172,0.2571432133225668,0.5649868625387117,0.13403360697028294,0.04383631716843908
173,0.2704866605354292,0.5645065551703973,0.12437714873097726,0.04062963556319518
174,0.27236314673714335,0.5552323150496522,0.1359284187812612,0.03647611943194341
175,0.2567998638131578,0.5585907798125946,0.1487964998148626,0.035812856559384876
176,0.2540329136077326,0.572239085129161,0.129360107327314,0.04436789393579078
177,0.27087889915125674,0.5647557645750044,0.12646000136659621,0.03790533490714249
178,0.2614882373678942,0.5737789693225425,0.12654131860990428,0.038191474699658494
179,0.2692305579742343,0.5736874564662352,0.1183496482221355,0.03873233733739451
180,0.25677784267294756,0.5705088085177351,0.1292575017962903,0.043455847013027286
181,0.2624361846391515,0.5631432761716371,0.13327586057863677,0.04114467861057626
182,0.2210988062976371,0.5490945477413481,0.18987461873234784,0.03993202722866559
183,0.26563230121492126,0.5712343664110402,0.12471419380792752,0.03841913856611127
184,0.27008867169009054,0.5632465025636415,0.12888562289640854,0.037779202849859125
185,0.26461635162121877,0.5630658524899366,0.132274347533501,0.04004344835534316
186,0.269845834946312,0.575252557193218,0.11761191950225744,0.03728968835821223
187,0.24202281105833798,0.5707085983415005,0.15107548760486628,0.036193102995295504
188,0.28281286916726395,0.5355584014169312,0.1476914209140378,0.033937308501767655
189,0.2593973086345441,0.5593109302716156,0.14817647466840608,0.033115286425434286
190,0.26123372305276454,0.5666381308314064,0.13095361885740908,0.041174527258418095
191,0.2510649837163302,0.5673878007937753,0.14016298474274266,0.04138423074715121
192,0.2650521774245514,0.5640268570258787,0.13075355927543442,0.04016740627413641
193,0.2537076292098833,0.5652331450516884,0.14046971390419236,0.04058951183423562
194,0.2603011957225447,0.56327321270003,0.13619773399834914,0.0402278575790766
195,0.2741455609853359,0.5671507171594289,0.11925303178864309,0.03945069006659346
196,0.2557755405076517,0.5697905239066959,0.13164461234530636,0.042789323240345546
197,0.2112723920004808,0.5859239507178389,0.16140056938406144,0.04140308789761888
198,0.26760563009740423,0.569373164090076,0.12045018812806196,0.042571017684456855
199,0.2681547605102122,0.561391937598774,0.13437293421949778,0.036080367671516705
200,0.24817030039781815,0.5578589943676743,0.1494468379996324,0.04452386723487602
201,0.26274112468328836,0.5649053606174573,0.13655336805762414,0.03580014664163078
202,0.2566333130132671,0.5557520542786545,0.15245659988201343,0.035158032826066235
203,0.25652354737409866,0.5664903284138582,0.13618959228124036,0.040796531930802134
204,0.23206575779376012,0.560711791140791,0.1792635955506503,0.027958855514799083
205,0.23733346049688744,0.5706787809502022,0.14775578371366693,0.04423197483924432
206,0.2606408622345031,0.5701228230453633,0.13004785573359395,0.039188458986539866
207,0.2700277540764578,0.5592478824078434,0.13256749934278272,0.03815686417291657
208,0.2539762168537035,0.584429738548648,0.12514310417356822,0.03645094042408142
209,0.2662823960861012,0.5670340861590633,0.12706274231923861,0.039620775435596244
210,0.2659443752666513,0.5598689715185075,0.1334322253095624,0.040754427905280284
211,0.2719939360087635,0.571407490628247,0.11900501252429392,0.0375935608386957
212,0.2674985594437312,0.5316178237463381,0.16978415718000722,0.031099459629924036
213,0.26840074486747156,0.5568934977444961,0.1379951117439194,0.03671064564411207
214,0.08686949050641973,0.5093160476461758,0.393531292061329,0.01028316978607577
215,0.25115992394803793,0.5740395362951515,0.13397668186668257,0.040823857890128976
216,0.25827927614037877,0.5666347620159025,0.13106475097090797,0.04402121087281024
217,0.2740124071436961,0.5468647399449567,0.14679286686165757,0.032329986049690236
218,0.25302564859559346,0.5709238534212631,0.1419891496838291,0.034061348299315376
219,0.20868176510419703,0.5737774860396756,0.19409079456535472,0.023449954290771836
220,0.2594980921132782,0.5639003448995153,0.13389734836060926,0.042704214626598014
221,0.1213725670256593,0.5351850886993151,0.3211440714268099,0.022298272848216685
222,0.22172956918393572,0.5616872967639074,0.166631267871778,0.04995186618038024
223,0.2710531198775385,0.5532853432978441,0.13698454763529283,0.03867698918932385
224,0.2597667073151519,0.5753304005853308,0.12389465949186998,0.04100823260764858
225,0.24660226733359952,0.5758291290792736,0.1436015935040285,0.03396701008309798
226,0.2557668772809083,0.5669258813566559,0.13984561199575885,0.03746162936667747
227,0.2697614263143789,0.5713226792588942,0.11850828983965522,0.04040760458707138
228,0.2637590270757437,0.5143072353055907,0.19930549224877223,0.0226282453698937
229,0.24142696504156363,0.5612818296630098,0.16436429267717795,0.032926912618248774
230,0.2501559689097858,0.5639536855998624,0.15190255224885263,0.03398779324149913
231,0.2567844577690803,0.5708727361252507,0.13230508694281795,0.040037719162850434
232,0.26509800980771264,0.5558175254140081,0.13265962851065285,0.046424836267626717
233,0.2723978905820769,0.5662982463602537,0.12182215933466391,0.0394817037230061
234,0.26605441088462395,0.5714993663920229,0.12230379974767455,0.04014242297567821
235,0.26189056867800486,0.5646730782075997,0.1322947127274308,0.04114164038696471
236,0.2632169289973848,0.564426389015054,0.1316079795550568,0.04074870243250463
237,0.26847165879256624,0.5645673963358258,0.13212910639498332,0.03483183847662441
238,0.18724439531210532,0.5586910098483975,0.23426872310739727,0.0197958717321005
239,0.260941189925854,0.5714647172208114,0.1261679235996787,0.04142616925365621
240,0.24742990981807678,0.5474049988436371,0.1548757964712182,0.05028929486706872
241,0.2757427734993272,0.5341951338513844,0.15769066877216203,0.03237142387712713
242,0.27115447315659297,0.5671195354047859,0.12020576281454237,0.04152022862407892
243,0.27182477097263824,0.5597365818111566,0.1248226659684808,0.043615981247725165
244,0.2664176598632069,0.5233257466706138,0.1827762790697921,0.027480314396386495
245,0.2579498199370241,0.5551740974569718,0.13768611625209232,0.049189966353911534
246,0.2685829962717911,0.5607092471171943,0.13235116384405798,0.038356592766956674
247,0.2454988392456016,0.5809423382863512,0.1370925510681793,0.03646627139986729
248,0.26255213535266514,0.5659655258689875,0.13168915928564623,0.03979317949270021
249,0.26583007340835396,0.5619383487829361,0.13627711298902914,0.03595446481968116
250,0.19856930400086745,0.5558909573047519,0.2184931709676965,0.027046567726683457
251,0.26274836432613075,0.5597747175260401,0.14045029738804354,0.03702662075978529
252,0.2729717011535339,0.5738815250982227,0.11780073595719334,0.03534603779105084
253,0.2659110080835693,0.5576417507352365,0.13762978052848562,0.038817460652707525
254,0.27588690503485913,0.5625711866997298,0.12269149458420871,0.03885041368120341
255,0.27117274981164313,0.5673392531679752,0.12070265860469447,0.040785338415686066
256,0.2764882178663078,0.5679063211432176,0.11812079015244181,0.0374846708380346
257,0.26901331216389585,0.5644167161408497,0.12428733010010728,0.042282641595148225
258,0.24967689033358276,0.5701913667720979,0.1387146296138268,0.04141711328049243
259,0.2594893478068141,0.566721286977608,0.13465885596489,0.039130509250687846
260,0.26873231979996687,0.5608955773383913,0.12958938650138518,0.0407827163602574
261,0.2713883734472041,0.5709453132087725,0.1187357022087042,0.03893061113531982
262,0.2714551614337764,0.5684059510742653,0.12044487207152917,0.03969401542042781
263,0.26532412521124854,0.5679452429032549,0.12879804731672526,0.037932584568771605
264,0.266203891552383,0.57288884007221,0.12276480472748934,0.03814246364791787
265,0.2698686846998317,0.563337864412841,0.12787809867301309,0.038915352214313616
266,0.24584947827024534,0.5526448929303245,0.1556461453370815,0.045859483462348936
267,0.20900418727709885,0.5425493151302516,0.20725376847606827,0.0411927291165815
268,0.24908601414913537,0.5732854471990873,0.13776094665142277,0.039867592000355286
269,0.24853257144904342,0.5623836691121897,0.15445013578174616,0.03463362365702093
270,0.2735383467424326,0.5689010302956574,0.11933552796033967,0.03822509500156992
271,0.2725776070785822,0.5644431312540912,0.12451993585540055,0.03845932581192687
272,0.272105492295877,0.5669854801037202,0.12081590037634196,0.04009312722406091
273,0.261915840113944,0.5544380345662927,0.13654234306587895,0.04710378225388229
274,0.24785671362820064,0.5433971580391231,0.15706309718229908,0.05168303115037742
275,0.26472399223495346,0.5608546427654542,0.1341109528564848,0.04031041214310742
276,0.26172368575857335,0.5565730649533266,0.13456579653432577,0.047137452753775434
277,0.26030707472112713,0.5683093676277957,0.12917578043443845,0.04220777721663981
278,0.2712119620700457,0.571940303449926,0.11834111225733292,0.038506622222695054
279,0.2577820259385268,0.5626622638215518,0.13805449679958331,0.041501213440338365
280,0.27604566102611655,0.5676701231582861,0.12104934227691809,0.035234873538679906
281,0.26540815430983883,0.5779450376575491,0.12003061148129732,0.03661619655131431
282,0.2727034643084363,0.5593449760382058,0.13312389055387003,0.03482766909948754
283,0.26603684680575357,0.5694077853152054,0.12191449114682881,0.042640876732211216
284,0.26554796947326575,0.5705044419933765,0.12310633210633301,0.04084125642702412
285,0.27042760271432686,0.5565452505210139,0.13263445282309522,0.04039269394156535
286,0.26759187981090915,0.5615595913536396,0.13481534577644846,0.03603318305900206
287,0.1998397712563459,0.5601591874155588,0.19934384712122397,0.04065719420687051
288,0.25944418297211946,0.5611401147900049,0.14105474278853147,0.03836095944934271
289,0.2840088327118933,0.5498049618961206,0.12739387141344216,0.03879233397854403
290,0.2651864847172129,0.5638439007347439,0.13620988589942196,0.03475972864862033
291,0.1607159844827686,0.5338132532594994,0.2836643490065134,0.021806413251219646
292,0.22542450296173805,0.5796484809219975,0.1508677401749668,0.044059275941295946
293,0.25772735754687215,0.5618683848879346,0.1402496852445454,0.040154572320649985
294,0.25990798413894106,0.5787297874039025,0.12258341309858345,0.03877881535857424
295,0.02043203613439577,0.5014271236159039,0.4758220741020352,0.0023187661476658204
296,0.2648748306411486,0.5541933232646958,0.1351011305247231,0.04583071556943265
297,0.20604832792553346,0.5389601899466082,0.21981099311120167,0.035180489016656824
298,0.244630866282551,0.5846386141710377,0.13403501522944683,0.036695504316964674
299,0.2668253836991797,0.5503844276417116,0.14708227388222786,0.03570791477688068
300,0.18994533434866062,0.5541498000350544,0.2353180007687292,0.020586864847556882
301,0.26198448024413357,0.5665675826272857,0.13102664313441306,0.04042129399416737
302,0.25804682708620214,0.5642116150986062,0.1374802722761803,0.04026128553901221
303,0.24085718101370748,0.5703202410078592,0.14611372193902586,0.04270885603940678
304,0.26420987781215205,0.5746471506663887,0.12823305234119525,0.03290991918026406
305,0.2632054471091311,0.5636695208360036,0.13334273534601138,0.0397822967088534
306,0.24768288692076423,0.5804006459648107,0.1345260108189441,0.037390456295480524
307,0.272588117289777,0.5708285706068348,0.12206660206474758,0.034516710038639896
308,0.26527962639059216,0.5664786324675918,0.12767010775388893,0.040571633387927665
309,0.26966091252800595,0.549103579131283,0.1445390256949751,0.036696482645735634
310,0.17804713351862803,0.5462105888228396,0.2470421869890307,0.028700090669501622
311,0.26909156832130493,0.5554772272428704,0.13654604946092447,0.03888515497490143
312,0.2715447855278614,0.5587081142415298,0.13216872266540242,0.03757837756520675
313,0.2627553287089896,0.5310827047916288,0.17103918334467538,0.03512278315470591
314,0.2056076770109625,0.5460198668353615,0.21786815827422507,0.03050429787945053
315,0.2580913698973709,0.5664910761775918,0.13200660982032172,0.043410944104715535
316,0.26216703178867157,0.5663744236169813,0.13024130027088227,0.041217244323464845
317,0.2659838967566402,0.5569465050782629,0.14147097495814098,0.035598623206955345
318,0.25986515420707107,0.5570382007618646,0.14580005382391834,0.037296591207145416
319,0.18469598221244063,0.5489220491385617,0.23991267398907218,0.026469294659925695
320,0.2665516362960249,0.5561823888857403,0.13289519039692865,0.044370784421304786
321,0.2532435781853023,0.570551870190876,0.1338604886593405,0.04234406296448118
322,0.2398583547080851,0.5740934394408541,0.1502042358794081,0.03584396997165296
323,0.2754907726866984,0.5639725909338074,0.11943094558377547,0.041105690795719144
324,0.09283567508148866,0.5293374655048799,0.36608370904164456,0.01174315037198776
325,0.26795126139363634,0.5562405756975759,0.13726208088537087,0.03854608202341823
326,0.24833182899893508,0.5626583995241271,0.15461776266187993,0.034392008815057044
327,0.25422931223258527,0.5444372063506672,0.1610278270138071,0.040305654402941114
328,0.2716588807142368,0.5704447274707625,0.11911844881416453,0.038777943000837686
329,0.2674701673567531,0.5681098471460349,0.12305781644064408,0.04136216905656715
330,0.26878084751169995,0.5759175677353047,0.11738622528860329,0.03791535946439312
331,0.25989967047768037,0.5704583916391782,0.1290742313356462,0.04056770654749555
332,0.26555937464713775,0.5701402935925919,0.12445055324504374,0.03984977851522737
333,0.2671623490315898,0.5481209842253023,0.15752992571932847,0.02718674102377931
334,0.26922864355585824,0.5667926339740237,0.125437086163071,0.03854163630704824
335,0.2551599954832959,0.5599198543979048,0.14053191772754642,0.044388232391253314
336,0.21675048052665025,0.5822160813160667,0.18168536296947166,0.01934807518780979
337,0.15989716022769768,0.5701252140933304,0.2520405519063632,0.017937073772608825
338,0.2604677298451684,0.5711068315294849,0.13232569443683317,0.036099744188511765
339,0.2725813326467122,0.5642280926986739,0.12299116705445345,0.040199407600159484
340,0.27754056360218643,0.5521672777969853,0.1402183811557033,0.030073777445124183
341,0.25514325113908826,0.5289821976341634,0.1651520883700522,0.05072246285669513
342,0.23587107644540706,0.5665546548218765,0.15097034100999213,0.04660392772272204
343,0.23977487798515912,0.5728090392964413,0.15177407423100098,0.03564200848739865
344,0.23324988847888148,0.5588874371921176,0.17476931949624394,0.033093354832758666
345,0.2742713792467554,0.5631092526103852,0.12146685651556556,0.04115251162729327
346,0.26011930306853254,0.5713071697989347,0.133829921749101,0.0347436053834331
347,0.19533346670245838,0.53343178136835,0.21955852737802156,0.051676224551169894
348,0.26294362469897775,0.5485111585324101,0.1540739956372706,0.03447122113134207
349,0.1687174550279946,0.5355826917299205,0.2572677460097864,0.03843210723229874
350,0.28343914027739747,0.5203472101932557,0.16670023245996493,0.02951341706938282
351,0.26187813751124595,0.5503664488725603,0.15137376794882787,0.03638164566736615
352,0.26249541662303305,0.5682891479153116,0.1273195069986876,0.04189592846296695
353,0.2651977278375254,0.56396235307035,0.1321213362132963,0.038718582878828484
354,0.22031858222575482,0.569720994438504,0.17362628354352377,0.03633413979221644
355,0.2573326271791284,0.57431413950191,0.1273715631466641,0.04098167017229772
356,0.27360253488651953,0.5637503524702422,0.12482251715697494,0.037824595486262255
357,0.22779843741044994,0.5664324758736375,0.17800218853082556,0.02776689818508634
358,0.27691977359607534,0.5520669786370913,0.13080143732847307,0.040211810438357934
359,0.27056540477935614,0.5661668679467134,0.12354707400282372,0.03972065327110668
360,0.2654918582006469,0.5612767594334999,0.13698681949962568,0.036244562866226765
361,0.2587959236024825,0.5545912737027934,0.14930973506856277,0.03730306762616155
362,0.2442777971035747,0.5691383606561126,0.15107790510574137,0.03550593713457102
363,0.2688332293561467,0.5587521990425922,0.13368653273733103,0.03872803886393041
364,0.25486292700195673,0.5622631616755167,0.13764275387480962,0.04523115744771655
365,0.2560682104562218,0.560161880025861,0.13808661389118093,0.04568329562673567
366,0.2575212852081093,0.5655753498542208,0.13475492378019394,0.04214844115747632
367,0.2704082887624723,0.5633733770111484,0.12723856969320405,0.038979764533175316
368,0.2582084118079268,0.5725057767571796,0.1303831699955295,0.03890264143936346
369,0.2712505464001575,0.5486264044813741,0.1393256149185502,0.04079743419991775
370,0.2554695375012068,0.5663410205552739,0.14169104660021836,0.03649839534330054
371,0.25761303554236653,0.568287248711292,0.13309682762464176,0.04100288812169969
372,0.2544292319588735,0.5674496782198051,0.14585541637335683,0.032265673447965645
373,0.2707472575885807,0.5691198469879668,0.12279927774597735,0.03733361767747617
374,0.2611425909904641,0.5675498088233416,0.13079459490601786,0.040513005280176394
375,0.2596055143506357,0.5708167257304239,0.1265203260554485,0.04305743386349277
376,0.23849038363591157,0.5470944875445098,0.1708704792349835,0.04354464958459639
377,0.29299115809536813,0.48794925159345626,0.1885765853153896,0.03048300499578669
378,0.2760059744646246,0.5584798490872834,0.12406188338021029,0.04145229306788147
379,0.2728623483441158,0.5724169996592094,0.11630887275465875,0.03841177924201542
380,0.25705017114012096,0.5668922270884358,0.13798750615684946,0.03807009561459343
381,0.2703740469004349,0.5564142636880194,0.1372446683102069,0.035967021101338884
382,0.267232827076122,0.5490654733296153,0.14739256176468862,0.036309137829574525
383,0.2162913540401573,0.5757460312432974,0.17858394950825807,0.029378665208287476
384,0.26568143312128734,0.5680098982595824,0.12478143330043263,0.04152723531869806
385,0.2679097488961448,0.5429364719243095,0.1508347005450048,0.038319078634540614
386,0.2790941105449252,0.5530990864264405,0.13114722468986326,0.03665957833877169
387,0.2725471997156194,0.5686815670400293,0.12009059780289255,0.03868063544145873
388,0.2677798322688169,0.5564215189253077,0.13746386760703938,0.03833478119883536
389,0.25946040980336116,0.5728506030196323,0.12706609290770193,0.04062289426930602
390,0.21007673585024622,0.5518095031624211,0.19981717109618408,0.038296589891149625
391,0.17725975303777125,0.5461254995459686,0.25782269856167794,0.018792048854581876
392,0.25983615624519946,0.5609612569024858,0.1359587112337985,0.043243875618516274
393,0.26150712385049224,0.5662424088858654,0.13086425920778164,0.04138620805586023
394,0.27568127199971776,0.5675945317537289,0.11887354236552809,0.03785065388102597
395,0.25354616690978005,0.5818554325696984,0.1265671954324298,0.03803120508808992
396,0.2563488012806114,0.5732100887209616,0.1287728065154363,0.04166830348299162
397,0.24218455738394865,0.5478501782028186,0.16624047051706053,0.043724793896172016
398,0.26692700633158273,0.5724112961502807,0.12106228034292772,0.039599417175208255
399,0.26269954062687556,0.5664264058107504,0.12959695875336733,0.04127709480900723
400,0.24706558713277285,0.5667640560020669,0.1472174589917445,0.03895289787341543
401,0.23390754598148358,0.5727376918426267,0.14973873497815465,0.043616027197735774
402,0.2705128933494043,0.5530334834740047,0.13751214322081864,0.038941479955773114
403,0.2612994558512295,0.5646952801927233,0.13885981614321133,0.0351454478128345
404,0.25802131110803606,0.564475288875321,0.1375835635640222,0.039919836452620934
405,0.23593039271985142,0.5736944563100282,0.15006321580250923,0.04031193516761054
406,0.24994705225120298,0.5704070030211772,0.14815879414018324,0.031487150587437056
407,0.2497993354438871,0.5723446558590045,0.14934245223300152,0.02851355646410759
408,0.2639253609204327,0.5583421596348185,0.13889789610358305,0.038834583341166164
409,0.2539263885160204,0.5741564249631973,0.13390559848736905,0.03801158803341306
410,0.23202863124924172,0.5774027318707101,0.15379214373476424,0.036776493145284916
411,0.23807300787406335,0.5553483628923248,0.16993547841180462,0.03664315082180729
412,0.2874786114685282,0.4859328856395792,0.19433026707332066,0.0322582358185711
413,0.26220014555871907,0.5625763391302997,0.1377928697460851,0.037430645564894616
414,0.26448411171163316,0.5684241277596203,0.12817041964169826,0.038921340887046366
415,0.23098029532111305,0.5319888266516725,0.1986314391768189,0.038399438850395866
416,0.2669705522419856,0.5727179297809479,0.12072240543129183,0.03958911254577415
417,0.26917486134391383,0.5680960743468962,0.12683094819899898,0.03589811611019187
418,0.2706060596430136,0.556162854086809,0.13657377037564675,0.03665731589453026
419,0.27204423739230393,0.5695099635342873,0.119272102288286,0.03917369678512339
420,0.2659472008131919,0.5633124634634875,0.1273329725404269,0.04340736318289385
421,0.2618834084482085,0.5648345253223053,0.13168471086304956,0.04159735536643565
422,0.2621255034228817,0.5549474436312078,0.14361235783269471,0.039314695113215566
423,0.2656106657580214,0.557315303255907,0.13791034765082288,0.03916368333524852
424,0.2584687826428215,0.5622231104387955,0.13561099437821295,0.043697112540170176
425,0.26515737455511446,0.578333258804707,0.11820268094378526,0.0383066856963938
426,0.27971010165747284,0.5609251817838768,0.12437512065922457,0.034989595899426726
427,0.2715192105921825,0.567308635679943,0.12260118199039023,0.038570971737484507
428,0.26626169168675096,0.5479222642805042,0.14583769796964993,0.039978346063094444
429,0.24859791300623263,0.571757533797409,0.14506270659726506,0.03458184659909312
430,0.2513872892519091,0.5497472776282623,0.15535129656811136,0.04351413655171714
431,0.273024073340679,0.5726729918954188,0.11763595842889674,0.0366669763350048
432,0.2537889642033634,0.5572119121324208,0.14865490062880565,0.04034422303541085
433,0.2732184570523786,0.5681813574099741,0.12151756565681844,0.03708261988082805
434,0.25727971289316565,0.5508388585617698,0.14777400783703332,0.04410742070803188
435,0.2535963404673995,0.5753615567231364,0.12922823315643125,0.04181386965303231
436,0.23741509592426704,0.5687833277579931,0.15347410882543222,0.040327467492308165
437,0.25900487007823186,0.5653944452627716,0.13838607358699226,0.03721461107200445
438,0.275594492999868,0.5497301208974252,0.1319157701019224,0.04275961600078332
439,0.26747050436995545,0.5649817517938708,0.1225425773519403,0.04500516648423309
440,0.2683057117066199,0.5598129264236165,0.13462090792588197,0.03726045394388066
441,0.2692610039006011,0.5554529109427722,0.13530605885001792,0.03998002630660748
442,0.2712604365474447,0.5557895873300307,0.1351954384439166,0.03775453767860769
443,0.32886081220024443,0.45883487285933855,0.18295669780960339,0.029347617130814005
444,0.2602581224286513,0.5580593361577485,0.13764456531246955,0.04403797610112842
445,0.2801777905462066,0.5403683303897152,0.14208428265369624,0.037369596410382115
446,0.26107968982113594,0.5660215831593478,0.1328584178978259,0.0400403091216901
447,0.25015346283115547,0.5635821956501355,0.1548484857865573,0.03141585573215316
448,0.2575170434157103,0.5436442936835889,0.1632000926151492,0.035638570285550786
449,0.27339948374519335,0.5674974052390878,0.12043142003163126,0.038671690984088694
450,0.2915174830296814,0.46652821760219915,0.21878084039353216,0.02317345897458782
451,0.27171220729583917,0.5505320866157939,0.13333516418327013,0.04442054190509602
452,0.2535536808131535,0.565980463678788,0.13608410278649216,0.04438175272156636
453,0.24673755560143745,0.576270150542295,0.13303626550487294,0.04395602835139545
454,0.26359139567853496,0.5696687348215648,0.13136255166640953,0.03537731783348958
455,0.2506251128042888,0.5650928589746166,0.152457752286946,0.03182427593414807
456,0.27116843608498814,0.5564118666781481,0.1341749532801659,0.03824474395669807
457,0.23659907271560937,0.5645804214362112,0.1589442798875058,0.03987622596067276
458,0.2745861011236577,0.5083894885016246,0.17989461420585495,0.03712979616886307
459,0.24102396722162353,0.5726634095659489,0.15532550478834978,0.030987118424076934
460,0.25617067049874237,0.5740202516036319,0.1325331489730969,0.037275928924529224
461,0.2696123096899698,0.5671904198323925,0.12897190961195515,0.03422536086568305
462,0.2786196313633306,0.5631261910185724,0.12246251741935195,0.035791660198745884
463,0.20582455619032672,0.5667545516351601,0.20125246731153007,0.026168424862983323
464,0.2775382508897723,0.5184895088282113,0.17046668623902977,0.033505554042988106
465,0.2558845047982863,0.5646562088937351,0.14101274324281535,0.038446543065161994
466,0.2661546166802225,0.5607125900316101,0.1335054935778651,0.03962729971030082
467,0.2633986098320022,0.5606385720164737,0.13123218751716706,0.044730630634355534
468,0.2403703990139035,0.5501876780915764,0.1778893206610017,0.03155260223351928
469,0.267923985276024,0.5657406778135069,0.12591238200331975,0.040422954907149276
470,0.26999904186874607,0.5585536366826068,0.13305584005867754,0.03839148138996984
471,0.2671968608482545,0.5627331895975839,0.13303004005709637,0.037039909497065496
472,0.27477247792544024,0.5632950861572866,0.12175122852409898,0.04018120739317459
473,0.22224940788368458,0.5783068071804353,0.168461328924512,0.03098245601136883
474,0.2198768379739286,0.5820102556957373,0.16610915209110425,0.03200375423922949
475,0.2560254700601477,0.5650230966241727,0.13649382106275518,0.04245761225292501
476,0.28476613101096104,0.5466184237928292,0.13155463791418384,0.03706080728202479
477,0.20783739196260165,0.5602366727006958,0.2036794994745077,0.0282464358621964
478,0.23851048819875814,0.5614402059814757,0.15970215878392685,0.04034714703583938
479,0.26146121982523995,0.5591209297891535,0.13414421800939622,0.0452736323762091
480,0.27304966420890503,0.5702441400192939,0.11964643074999479,0.03705976502180671
481,0.26278582450122284,0.5618411854443973,0.13887961662749296,0.03649337342688762
482,0.24295977973523328,0.5702534929725367,0.1582944869321794,0.02849224036004945
483,0.2699364725599175,0.5547910405303795,0.13864587127731934,0.036626615632385874
484,0.263658729787394,0.5639086882223482,0.13411820087896364,0.03831438111129606
485,0.1668142550471993,0.568885469898972,0.23998674160653055,0.024313533447297836
486,0.26035929405117986,0.5650124513050867,0.13231962657985716,0.04230862806387602
487,0.26408969401313986,0.5776092354719142,0.11954701767168223,0.038754052843264254
488,0.2589089906885274,0.5650528411128085,0.13244855318605617,0.04358961501260792
489,0.252643709238893,0.5797353051604479,0.13261524571318373,0.03500573988747727
490,0.26394951893660634,0.5668519577051059,0.13450501327854572,0.03469351007974103
491,0.26623725639919166,0.5780516718862351,0.11823749175316363,0.037473579961409334
492,0.266172978775528,0.5572087422871561,0.14023607659916734,0.036382202338148754
493,0.2701764610295091,0.5561827958377449,0.13671274573157707,0.03692799740116847
494,0.2285396980029853,0.5679846148826568,0.17666945691562352,0.026806230198733218
495,0.26443565286919024,0.5642697991062869,0.13142834784778412,0.039866200176737365
496,0.2639285529550759,0.5616171847207112,0.13888316554620347,0.035571096778009736
497,0.2523298630664947,0.5700994819803126,0.13894508920827406,0.03862556574491763
498,0.26494550506302944,0.558037683514408,0.13707397188182813,0.03994283954073268
499,0.2684451316346021,0.564447338223798,0.13094911439346799,0.03615841574813247
500,0.253540483339814,0.5751611934569488,0.1336663252570725,0.037631997946164564
501,0.26717652669900815,0.5549410334316364,0.13967926154177596,0.0382031783275785
502,0.24830320876826836,0.5613375796643136,0.15111977236294316,0.039239439204475014
503,0.26182776872277386,0.5644595880201959,0.13935098008396557,0.034361663173063946
504,0.23116276412904352,0.5692363097412826,0.16144365320202786,0.03815727292764616
505,0.22358795360141112,0.5556705873971634,0.1842385838963155,0.03650287510511072
506,0.2344128622025926,0.579908835859304,0.143829373621286,0.041848928316818336
507,0.24175802026741952,0.5740381351816344,0.1408668994052088,0.04333694514573705
508,0.25243727552055506,0.5742735826706987,0.13149110242742848,0.04179803938131871
509,0.0035454430583829817,0.5013217250837679,0.49474744941637006,0.00038538244147850634
510,0.26134039882210686,0.5671149507770186,0.13138817807283307,0.04015647232804121
511,0.26534170943011715,0.5710230602328354,0.132581006234452,0.03105422410259463
512,0.27240305242543167,0.5471747450523832,0.13993397640341448,0.04048822611877038
513,0.24466235678387288,0.5741551446428579,0.141058768791572,0.04012372978169631
514,0.2535156648472402,0.5713162142465609,0.1335136952579004,0.04165442564829832
515,0.2708402102752837,0.5697262903526353,0.11845852578815623,0.040974973583925475
516,0.25543902941396784,0.5638979834049346,0.13682660546394873,0.04383638171714852
517,0.2968605512789859,0.4949018656260646,0.18553772232718993,0.022699860767759924
518,0.24149672707808756,0.5580787180376994,0.1648571662241285,0.03556738866008573
519,0.25605742359735534,0.5581865855214035,0.13753542655007134,0.048220564331169787
520,0.2657506348532964,0.5642732675389411,0.13464752125169469,0.035328576356066954
521,0.2590751951703899,0.5732013124359084,0.13440071168183654,0.03332278071186535
522,0.2169044835735956,0.5449588852109729,0.20981449860010357,0.02832213261532988
523,0.24614321102102407,0.5306844821476515,0.19012508876994158,0.033047218061383436
524,0.3202360057033827,0.3784972239576131,0.28986764666068504,0.011399123678318064
525,0.2398539516602149,0.5708527337475817,0.14681685026677932,0.0424764643254234
526,0.25682697491343526,0.5693355169673714,0.13356633212236685,0.0402711759968245
527,0.2971957056680847,0.5064521213146159,0.17179796918388116,0.024554203833419753
528,0.24744170664424214,0.5786001535317007,0.13552266928195433,0.038435470542103466
529,0.2958435468187955,0.45454171378025165,0.22559215478813163,0.024022584612819246
530,0.25868175084947015,0.5521819967481119,0.14025483407915418,0.048881418323263294
531,0.2573174619453372,0.5560715688531263,0.1474950551858487,0.03911591401568713
532,0.24271791963970185,0.5333047291520492,0.1687127130284453,0.05526463817980291
533,0.2767484871928938,0.5235741044998594,0.16141449610403502,0.03826291220321097
534,0.13641664206464973,0.5391042670614196,0.3013327628366658,0.02314632803726524
535,0.3093147860666513,0.4426616972768888,0.22839171553817356,0.01963180111828499
536,0.25347980500098255,0.5699019490403122,0.1360477274420791,0.04057051851662435
537,0.2655801026860411,0.5647514114123818,0.12889488005203828,0.040773605849539735
538,0.24416313323457353,0.5654738895834216,0.15011569313553408,0.040247284046470724
539,0.2687545405612791,0.5681770512883154,0.1210235639829102,0.042044844167493725
540,0.2621678961423191,0.5837678798838855,0.11779619249632092,0.036268031477474816
541,0.2727809871726076,0.5629922371495459,0.12241026851560216,0.04181650716224287
542,0.2551241311118764,0.5721602859953737,0.1316056892623671,0.041109893630382206
543,0.22595184329158446,0.5864202053846651,0.1490654418389297,0.03856250948482115
544,0.2540902249725554,0.5696028723563593,0.13507836151277322,0.0412285411583127
545,0.2705716840474585,0.5699761816279729,0.11934018334554715,0.04011195097902048
546,0.16454473653874827,0.563274713278236,0.24679794207765904,0.025382608105356527
547,0.2713196345283295,0.5640389670266863,0.1277908600035641,0.036850538441419764
548,0.2675029213912981,0.574653666995804,0.11808844549907091,0.03975496611382645
549,0.2556291561893715,0.5905830620862911,0.11707989989082347,0.03670788183351481
550,0.2705449514258622,0.5592958735517054,0.1277371755444817,0.042421999477949994
551,0.24772487640612048,0.5880960303520262,0.12548589506286068,0.03869319817899371
552,0.4906397173035267,0.49961048871095354,0.0062348511676658235,0.0035149428178529365
553,0.2769303959225963,0.5703595165460837,0.11533101839694193,0.03737906913437858
554,0.22026709132621375,0.6205148268382901,0.12074099479536395,0.038477087040132356
555,0.2690858019618148,0.5746711844936159,0.11743263380253834,0.03881037974202954
556,0.2701412008370384,0.5581659863419479,0.1358455221191775,0.035847290701837266
557,0.2677166211089943,0.569074520731806,0.12016568638327502,0.04304317177592655
558,0.22492387702623887,0.6460251719856456,0.1048274429902784,0.024223507997837568
559,0.2615847874170388,0.5453394712522374,0.14009851396649076,0.05297722736423246
560,0.26546497452425455,0.5644753146005752,0.129883160107498,0.04017655076767138
561,0.2621336701533122,0.5600727417550454,0.13341583143885807,0.04437775665278414
562,0.26904427208843557,0.5655718603603338,0.12150098772089041,0.043882879830340026
563,0.024777479905139115,0.9482153095544708,0.020083128005860956,0.006924082534530061
564,0.25852238757676776,0.5785185074670585,0.1271516056631548,0.03580749929301873
565,0.2898774205488785,0.5560134737652594,0.11693526305882142,0.03717384262704109
566,0.24482280905166579,0.5714730321019152,0.14247667617675144,0.04122748266966603
567,0.22549934768998794,0.6379572241805868,0.1012553983443964,0.03528802978503044
568,0.2589678330181431,0.5687325856330718,0.13419986669396933,0.03809971465481573
569,0.2527857054415912,0.5708053591287107,0.13333766781178422,0.043071267617915
570,0.2658616356584876,0.5775009280345735,0.11727041375671027,0.039367022550228364
571,0.2754507723569188,0.5620427597092881,0.12898116246100605,0.03352530547278773
572,0.14444636005926226,0.7570302644683862,0.08518075113972198,0.013342624332629095
573,0.24990823014874086,0.5787512384425739,0.1329346440373657,0.038405887371319614
574,0.25991158526255426,0.5755502251331942,0.12531903113607962,0.039219158468170784
575,0.27959687356014856,0.5420333418582987,0.14552462167969563,0.032845162901857725
576,0.23421603726066137,0.5957905636706646,0.12438246869375537,0.04561093037491829
577,0.2632266774383139,0.564279922269138,0.1304122646096438,0.04208113568290297
578,0.2643842333479018,0.5710225775902572,0.12398449246101517,0.04060869660082682
579,0.25667686622146785,0.5760642749272878,0.12806570922649888,0.039193149624746945
580,0.2542844593521751,0.5874685769974588,0.12043210161885186,0.037814862031514955
581,0.2684338964983275,0.560847221070481,0.13142456461664814,0.03929431781454287
582,0.2058848403664306,0.6234409020849724,0.12410959021704905,0.04656466733154755
583,0.2700589384085378,0.5705920104521807,0.1179939693863469,0.04135508175293423
584,0.2671142205946417,0.5589802859553542,0.1338248400837407,0.04008065336626207
585,0.2500664200908225,0.5748980960509075,0.13087748724327172,0.044157996614997704
586,0.26689343590928355,0.5763392570491933,0.1187235679986359,0.03804373904288614
587,0.26480273583682074,0.5724687579575454,0.12108868346730763,0.041639822738326504
588,0.25900588053431073,0.584236897016736,0.11865102864664255,0.03810619380231137
589,0.2677602261097898,0.5736088990457194,0.1235903060834354,0.035040568761056136
590,0.27191223836561573,0.5659267784178572,0.12052594650481428,0.04163503671171203
591,0.27561458401952127,0.5636387218558955,0.12013534833017454,0.04061134579440702
592,0.27326115822944846,0.5657732151863218,0.11968973857924342,0.04127588800498593
593,0.2176430508172821,0.6195289851980613,0.13680717433732736,0.026020789647330466
594,0.2728580959077359,0.5703522496180841,0.11990728778014301,0.036882366694035634
595,0.2687280876132513,0.5720179689017703,0.12209278024793238,0.037161163237047296
596,0.2712873165900392,0.5705615913791471,0.12004405740101012,0.03810703462980416
597,0.2651050893964651,0.5820445119398124,0.11170224512254938,0.04114815354117219
598,0.26608489773101657,0.5606312916511125,0.12686517340164621,0.0464186372162245
599,0.27502875169261887,0.5717740206121061,0.11437429176522323,0.0388229359300522
600,0.2622101024157447,0.5764538381134432,0.12224326895212737,0.039092790518685534
601,0.26397277300650585,0.5742141919986865,0.12461420761369975,0.03719882738110852
602,0.2763962175016389,0.5689531990597307,0.11685569272903797,0.03779489070959288
603,0.2621498479922639,0.5639988744693023,0.13192456484016246,0.04192671269827297
604,0.26736423251608915,0.5634344113468903,0.12893808688815978,0.040263269248861096
605,0.2632412021229527,0.5724873720647776,0.12584271835665964,0.038428707455610035
606,0.26369899045566864,0.573960133454997,0.12025861025804839,0.042082265831286866
607,0.256155353134014,0.5831010054483278,0.1279836891530447,0.03275995226461287
608,0.2650285607734324,0.5621316676180483,0.13127970141412323,0.04156007019439525
609,0.25447636750986546,0.5491590078665858,0.140736421369523,0.055628203254023983
610,0.23903398016343896,0.6209460434319495,0.10903191251887448,0.030988063885737056
611,0.2556387548348217,0.5747098620716654,0.12477225430267955,0.04487912879083451
612,0.25462519461746264,0.5761412445312598,0.12846557653997007,0.04076798431130797
613,0.2421613108694475,0.5819169309494804,0.1357074734595361,0.04021428472153649
614,0.27410217042397633,0.5537396820324392,0.13540733763389173,0.03675080990969129
615,0.275106569476015,0.5656589353994562,0.12352962591666,0.0357048692078677
616,0.2449998439333132,0.602658324614595,0.1163921626464806,0.03594966880561089
617,0.2703674219595478,0.5819071589483746,0.11265072850153753,0.03507469059053848
618,0.2761069272230523,0.5672855619427535,0.11673944220661117,0.03986806862758367
619,0.276326546242629,0.5573301115676371,0.13023087154577273,0.03611247064396054
620,0.2605878208026539,0.5737958893776942,0.1244176096635554,0.041198680156095666
621,0.27789202309739625,0.5663192364012892,0.1171644030959617,0.03862433740535184
622,0.24173440376818844,0.5851755100473183,0.13223757205461023,0.04085251412988234
623,0.28008102137507523,0.5611884474297606,0.11785619541152642,0.04087433578363742
624,0.2699975410950566,0.5632001413689691,0.12429180251549252,0.042510515020481185
625,0.23373657231863681,0.6080355844685662,0.12985560085899586,0.028372242353801976
626,0.26693791675979417,0.5608519744123308,0.13597351074292235,0.036236598084953074
627,0.2675274874136339,0.5666134486474893,0.12467047929832231,0.041188584640554055
628,0.26807484535952314,0.5686857521979016,0.12173256600935,0.04150683643322536
629,0.26998794100205625,0.5701471073268161,0.1188234788094479,0.04104147286168067
630,0.24821537575136657,0.5776956983286196,0.14046586571786196,0.0336230602021527
631,0.24524376230623746,0.5944743680462581,0.12046578870350207,0.03981608094400226
632,0.2611785985642729,0.5638799074934178,0.13433405418680866,0.04060743975550134
633,0.2700249421568573,0.5665028249485229,0.12236576856452802,0.04110646433009289
634,0.2746471400957536,0.5705650994158066,0.11448339741088667,0.04030436307755282
635,0.26184444433429915,0.5645549113400252,0.13182280528947204,0.041777839036203496
636,0.2557436751122541,0.581251871872686,0.13266987384494058,0.030334579170118763
637,0.23794968490265772,0.6023396632004034,0.12283823182068157,0.03687242007625486
638,0.15015281469764533,0.7531700924290686,0.07814348188033872,0.01853361099294779
639,0.25857725695216455,0.5820970103872107,0.11819696847777421,0.041128764182849574
640,0.26200246286853784,0.5591456613139296,0.13682731238739343,0.042024563430140625
641,0.2726640521641684,0.5634673627096789,0.12270427273873967,0.04116431238741342
642,0.2647157553882846,0.5659904966608955,0.13039527400646628,0.03889847394435263
643,0.25187971099710077,0.5846124133507671,0.1186096202697619,0.04489825538236996
644,0.2687904293702385,0.5661800798172917,0.1282425783745879,0.036786912437880875
645,0.28125744165172,0.5708399970071314,0.11342882541066152,0.03447373593048714
646,0.2723048153689627,0.5728839603508518,0.11662397675525046,0.03818724752493528
647,0.22462230594654933,0.6421149359858584,0.10262635314570594,0.03063640492188742
648,0.2711524679412488,0.5546294574418045,0.1351059344194592,0.03911214019748801
649,0.27120517404293054,0.5629678762057164,0.12418105015524884,0.04164589959610414
650,0.2566481838092789,0.5730984118021906,0.12906039707593728,0.04119300731259204
651,0.26843364619223037,0.5613314252153533,0.12854012564639802,0.0416948029460176
652,0.2540453781124281,0.5718726707223363,0.1384635681441552,0.03561838302108008
653,0.26417607925717507,0.5628878317829313,0.13465624141523996,0.038279847544653425
654,0.29040374061323937,0.5606329531172637,0.1164481051468264,0.0325152011226701
655,0.2614068229523166,0.5748333079861146,0.12645716362532988,0.037302705436240806
656,0.25697675546895093,0.5829757816624725,0.12150083345375483,0.038546629414823674
657,0.2651876490017245,0.5737514658872308,0.12297415887080326,0.03808672624024056
658,0.26621419405702135,0.5746320381045862,0.12203083454131473,0.03712293329707688
659,0.24208063297107207,0.6067802591209741,0.11654967327765177,0.03458943463030099
660,0.2567520964043138,0.5649379603049659,0.13400337618902722,0.04430656710169384
661,0.26414069495965437,0.5634192050656237,0.13176005659201953,0.04068004338270249
662,0.26223396586141795,0.5752501414706422,0.12444876945670381,0.03806712321123557
663,0.260158640549038,0.5801359096118377,0.12163400213127086,0.03807144770785266
664,0.24703714015863734,0.5821662079737415,0.13804993444551805,0.03274671742210326
665,0.2614930372168601,0.5677045301351634,0.13211105865110517,0.038691373996870664
666,0.2753609180085929,0.553896714769813,0.12755819587669937,0.043184171344895085
667,0.2596443327160143,0.570895142012198,0.12682571813940358,0.04263480713238476
668,0.2656972616078221,0.5614421547405392,0.13390550106648277,0.03895508258515506
669,0.283280259082937,0.5490515240035331,0.1290351568663052,0.038633060047224235
670,0.2597095091721657,0.5728724480227845,0.1227190444198583,0.0446989983851929
671,0.2661904298877502,0.5708491938942675,0.12398568421623925,0.038974692001743076
672,0.2782643008926324,0.5614583256388044,0.1181883794799143,0.04208899398864837
673,0.2729332825785936,0.5663892426083248,0.12309888901064933,0.03757858580243247
674,0.2733792863207898,0.5840392688803486,0.1115853843212992,0.03099606047756282
675,0.2710857946313125,0.5727843556648442,0.11784745820471543,0.038282391499129424
676,0.26185336910624224,0.6694983281677866,0.0535185783002267,0.0151297244257447
677,0.4774086791404158,0.5031130822018205,0.01488186965153823,0.004596369006224592
678,0.2500544578732015,0.5793533262123425,0.128206599495571,0.04238561641888655
679,0.26807664376951246,0.5658358677326525,0.12595732760632503,0.04013016089151177
680,0.2628318111821002,0.587458293182277,0.11292719568728452,0.03678269994834008
681,0.27129743862718886,0.5657858722000193,0.12122436412717225,0.041692325045619816
682,0.2626343392753554,0.5738957651773737,0.12586743367988296,0.037602461867388054
683,0.2017006487712013,0.6783850481988787,0.09563241140701177,0.024281891622909797
684,0.2309025659374864,0.6133674227697701,0.12196701005561866,0.033763001237124855
685,0.2727816920837184,0.5611181174895533,0.1298908161352014,0.036209374291526424
686,0.25780186429195845,0.5619554807023786,0.1325699598441418,0.047672695161520395
687,0.27625427387856644,0.5652441152180179,0.11836968103018065,0.040131929873236105
688,0.2763672321847996,0.564249981361873,0.12337029749514959,0.03601248895817754
689,0.2692527261409642,0.5713611508931948,0.119106727806732,0.04027939515910918
690,0.26775157655119647,0.5761053167724857,0.11834480345848447,0.037798303217833985
691,0.27613318451096225,0.5621553008567343,0.11915399887780054,0.04255751575450397
692,0.25977588655019695,0.538809204139315,0.1448161897590081,0.05659871955147938
693,0.2638337205539984,0.5679770220535636,0.12711150577912783,0.041077751613308656
694,0.23785690101992968,0.6094041161995319,0.11182335464355292,0.04091562813698422
695,0.2478217392218088,0.5787381096279675,0.13499218060978546,0.03844797054043795
696,0.256361847650248,0.5880478411668529,0.11781412003466665,0.03777619114823296
697,0.26148082390401306,0.5654165407719102,0.12856370470231948,0.04453893062175779
698,0.26601815319739197,0.5532189173419522,0.1325312257857038,0.048231703674951436
699,0.27032534741164693,0.5682416480629195,0.11937851405300365,0.042054490472429595
700,0.25732551830549816,0.570704993511375,0.1306387572631893,0.041330730919937754
701,0.2692602297781258,0.5504956070163574,0.13003386217527124,0.05021030103024715
702,0.2549956507884996,0.5721835746239835,0.1344012401262527,0.03841953446126351
703,0.2565914424576572,0.5671851682761897,0.13334356981780626,0.042879819448348094
704,0.24358977684868613,0.6076674212458536,0.11577040002910732,0.032972401876352433
705,0.2639099813072908,0.5754718824585754,0.12020362651310007,0.04041450972103458
706,0.2780103062823851,0.5598117108942802,0.12419975286633483,0.037978229957000606
707,0.23364644169344537,0.603176881158225,0.13855957494477192,0.024617102203557777
708,0.2715492750929617,0.5754949297201604,0.11444228889290646,0.03851350629397096
709,0.26742330200796316,0.5708040010852493,0.12880192203306987,0.032970774873718016
710,0.26512647349501606,0.5639885043029074,0.13057382955082908,0.04031119265124764
711,0.26350230775548095,0.5628879511828865,0.1277920180147225,0.04581772304691059
712,0.2673642466246593,0.5739969889383347,0.11967016591897786,0.03896859851802888
713,0.2718606346648726,0.5661994446560112,0.12188085127259336,0.04005906940652242
714,0.25480428914025516,0.5690366767327217,0.13153782600264968,0.04462120812437297
715,0.26677534219589955,0.5663674180470037,0.12928007708264525,0.03757716267445253
716,0.26620898549447763,0.5685855190148215,0.12469519729605155,0.04051029819464979
717,0.26109486855500663,0.5722166840675622,0.1272481633586393,0.03944028401879137
718,0.2686723040843296,0.559254394538523,0.13509419920041146,0.03697910217673563
719,0.2625841322931924,0.5852970737140311,0.11341943514452671,0.0386993588482512
720,0.2667456734553048,0.563917849675947,0.1332090263972996,0.036127450471448115
721,0.06141948815939375,0.8791545653211067,0.05229025056331298,0.007135695956183804
722,0.25960926249975846,0.5642380542612672,0.13259440486764512,0.04355827837132848
723,0.2768258070645625,0.5662747589993623,0.11814593731266944,0.038753496623406804
724,0.262914864604511,0.5796333250230726,0.12450383263065418,0.03294797774176076
725,0.2717268575020845,0.5661744845859251,0.11993810947341997,0.042160548438569596
726,0.2686846456461743,0.5766970510022019,0.11696463858234486,0.03765366476927827
727,0.27759969057264094,0.5655226407512758,0.118245500516657,0.038632168159426356
728,0.24704761968147887,0.5868696142821728,0.1288405299333848,0.03724223610296416
729,0.26260023885474904,0.5635873168658357,0.1315574513573332,0.04225499292208393
730,0.26611548003254293,0.5654037107786514,0.12577156173129217,0.04270924745751234
731,0.26547361787014007,0.5496610307595111,0.1346915653074868,0.050173786062861596
732,0.2739387364792415,0.5661219013065469,0.12188124027432459,0.03805812193988648
733,0.2669829857227168,0.5780883561158816,0.11666364579610679,0.03826501236529431
734,0.26238109359430134,0.5543735795608924,0.13423127932688148,0.049014047517925124
735,0.2748217506421023,0.5502881498153254,0.13161644138753956,0.04327365815503245
736,0.2595973960754035,0.5947726264190883,0.11481358938162464,0.03081638812388343
737,0.24772907829761048,0.5859757113937021,0.12703309221477527,0.03926211809391076
738,0.2590059389738272,0.5705420182229749,0.1289247702644135,0.041527272538783695
739,0.1993180412001332,0.6809626880648028,0.0954609026394356,0.024258368095627102
740,0.2720317969669227,0.5680113642002189,0.11796448473607664,0.041992354096782286
741,0.19288500395230457,0.667611640344594,0.10158342262520019,0.03791993307790038
742,0.26500442456044865,0.5759691787772487,0.1180682655304437,0.04095813113185885
743,0.26472869476355904,0.5729857398034517,0.13005346701940204,0.03223209841358754
744,0.24016582338465528,0.5840691358602459,0.1273776831257904,0.048387357629308195
745,0.279397140645939,0.5607843317418987,0.12109201022534118,0.03872651738682109
746,0.2618369046398236,0.5713638093285235,0.12654250035472667,0.04025678567692727
747,0.2889493307274757,0.5425426400042198,0.12495212278689376,0.043555906481410576
748,0.24165210544159213,0.5751392248820403,0.1449265224338062,0.03828214724256102
749,0.27646786653682404,0.5611197904945269,0.12136722462482954,0.04104511834381955
750,0.27207354110488424,0.5557489910600875,0.13603190355431208,0.03614556428071583
751,0.2575018728351079,0.5719408149590283,0.12526834881705823,0.04528896338880522
752,0.26101059844658664,0.5701045682873496,0.12672290197510855,0.0421619312909556
753,0.25270736574250713,0.5899427660865273,0.12044244888355711,0.036907419287408795
754,0.22883028513872225,0.6057589631909109,0.12560973511931475,0.0398010165510509
755,0.2581988175604785,0.5713382788367649,0.12717403872823682,0.04328886487452005
756,0.26097895069737315,0.5694817092292825,0.13076740708225076,0.03877193299109414
757,0.2748713910675659,0.5787362180270433,0.11252459059844494,0.03386780030694517
758,0.2667405253918191,0.5700388054878609,0.12329658899597312,0.03992408012434566
759,0.26139764361728224,0.5684755609588856,0.12839548174181653,0.0417313136820151
760,0.2685415506520848,0.5779894934154898,0.1153206848051529,0.03814827112727265
761,0.2636883371720143,0.5693296540718398,0.12762941895724833,0.0393525897988971
762,0.31427498277767507,0.5575645219911756,0.10123258911727143,0.02692790611387987
763,0.26071155956743025,0.5896624713062676,0.10961935809061978,0.04000661103568132
764,0.27305188711161327,0.5559446566065079,0.13389862704654715,0.03710482923533126
765,0.24790033428902797,0.5903167755272626,0.12456257859637831,0.03722031158733173
766,0.2703735114627884,0.570780804175838,0.11941040349234579,0.03943528086902746
767,0.2756703682853864,0.5690632930612467,0.11728035670388076,0.03798598194948538
768,0.25518314454562313,0.5845664916371024,0.12273696847643284,0.03751339534084179
769,0.25955435944293287,0.5771728600654836,0.12740488956022306,0.035867890931360426
770,0.27696386005645957,0.5662435306594971,0.11788927790289087,0.038903331381151436
771,0.24581079110296536,0.5790097865922488,0.13380309984581445,0.04137632245897093
772,0.24138749644165702,0.5837548715587866,0.13355135972445403,0.041306272275101176
773,0.25978389870808494,0.5662587158484027,0.1309086717837333,0.04304871365977822
774,0.25108382035034876,0.5887935122014691,0.1188254812461387,0.041297186202043645
775,0.24397547169085537,0.5916649062341302,0.12366420918491934,0.04069541289009588
776,0.27308781744961325,0.5554929860767189,0.13413362734110518,0.0372855691325628
777,0.2619987325290948,0.5652940335081784,0.13485756603501084,0.03784966792771595
778,0.23802246324694556,0.5771690920118993,0.13885887736118202,0.04594956737997186
779,0.2772428101171419,0.5695800693219012,0.11661184749484577,0.03656527306611217
780,0.25074724381527186,0.5949238863914535,0.116593408622274,0.03773546117099936
781,0.2611903002830841,0.5664233264073661,0.1327532285632659,0.03963314474628393
782,0.25664434105490486,0.574759183006037,0.13003256059642304,0.03856391534263501
783,0.26768060918193065,0.562635517073629,0.13287297111030896,0.03681090263413173
784,0.26456389000063224,0.560646118852554,0.1298749454379052,0.04491504570890822
785,0.2594196490451627,0.5751891358497934,0.12414129701086003,0.041249918094184136
786,0.273880177042943,0.5535232805557496,0.13569716232654477,0.03689938007476205
787,0.2380867860896669,0.5999471122472524,0.11625822124208293,0.04570788042099662
788,0.2566906876547086,0.5735523433444595,0.12805021168096972,0.041706757319862814
789,0.23944778454474527,0.5845292022562742,0.129875852575748,0.04614716062323172
790,0.2576606009249262,0.5831373381174031,0.12584082534167143,0.033361235616001544
791,0.27062918790327406,0.5724930401671099,0.116857799872133,0.04001997205748311
792,0.2589562709872327,0.5725014731884469,0.12953405136933563,0.039008204454984687
793,0.2549304328383978,0.5710788633032038,0.12991055757177822,0.04408014628662107
794,0.26721364946126586,0.5631911780515849,0.12987825095628588,0.03971692153086567
795,0.24890695390659343,0.5782142394507933,0.1346867481937039,0.03819205844890865
796,0.28057470465606743,0.5631949650772959,0.11979996278486253,0.03643036748177366
797,0.21794767482278296,0.632798131747841,0.10984191773737764,0.03941227569199743
798,0.2243075529944222,0.6243156463168675,0.11132611325228157,0.04005068743642953
799,0.2636162158408217,0.578224546409672,0.11957150371711249,0.03858773403239297
800,0.26705366676016457,0.5691992348670261,0.12388787769552223,0.0398592206772861
801,0.26403729975212936,0.562935471571673,0.1316366277309294,0.04139060094526786
802,0.25544980664064504,0.5658666036142268,0.1347295330683443,0.04395405667678442
803,0.257500805770212,0.5646891193507805,0.13382894870042936,0.04398112617857805
804,0.25236163247255256,0.5818699274561507,0.1258309738959348,0.03993746617536235
805,0.2685638816601074,0.5750528376128675,0.1174133414445178,0.03896993928250783
806,0.2595174153030564,0.5697894797353474,0.13305274438634063,0.03764036057525598
807,0.2675997543533876,0.5815234583821897,0.1134667522107626,0.0374100350536606
808,0.373205194688168,0.5418718462720866,0.06814345227773308,0.01677950676201263
809,0.26456506042069006,0.5667818548185246,0.12647706010768658,0.04217602465309882
810,0.2736205629957684,0.575731830452329,0.11510473410168927,0.035542872450212225
811,0.25817372829745233,0.564163069928545,0.1321405843976727,0.045522617376330884
812,0.27828543760474855,0.5736881305074462,0.11024390616647761,0.037782525721327315
813,0.2602671460387875,0.5718884387501129,0.1325747646323334,0.03526965057876692
814,0.2807743815842217,0.5559089677970858,0.12530036354344068,0.03801628707525296
815,0.20008109511352096,0.6648019847570371,0.10067986922269605,0.03443705090674524
816,0.2638389859255526,0.5684937085604668,0.12768878139805534,0.03997852411592643
817,0.3261192131542749,0.5525437774524581,0.09621499244721872,0.025122016946049045
818,0.2592203533114642,0.5694470770852536,0.12939970795517153,0.04193286164811009
819,0.2608094551173991,0.580362377477529,0.11833365413294879,0.04049451327212277
820,0.25756989747061115,0.5703498493477707,0.13080809668228205,0.04127215649933611
821,0.27971943180120473,0.5617876024976067,0.11785684397369245,0.04063612172749555
822,0.2646518402640205,0.5610431142588259,0.13402647715039895,0.040278568326755575
823,0.27062283189078795,0.5687088801586938,0.12085733739949567,0.03981095055102153
824,0.18374241932551993,0.7066509624867403,0.08101435895995283,0.028592259227783846
825,0.2729964257095867,0.5637611900892708,0.12166557061186853,0.041576813589274536
826,0.2610666584505186,0.5765256858762892,0.11869943978627578,0.04370821588691626
827,0.25927392447149444,0.5695324712670656,0.12788317187645898,0.043310432384981445
828,0.261073480831502,0.5618935259855772,0.1326459629019002,0.04438703028102163
829,0.2698275331695785,0.5635245036933306,0.12549485222897921,0.041153110908112446
830,0.25622097345900813,0.5665023205018962,0.13277876235352676,0.044497943685568676
831,0.25559558223543244,0.5760634769944915,0.12897278266225307,0.039368158107823965
832,0.26355119270373134,0.5698732297250126,0.12789438739949488,0.038681190171761956
833,0.23946956939287323,0.58863514461696,0.12975691037014472,0.04213837562002139
834,0.258699828867122,0.5617928092844929,0.1347788120560134,0.04472854979237155
835,0.2596223947400404,0.5590616104142571,0.13350635166058505,0.0478096431851164
836,0.26077075159095514,0.563663356866992,0.13297329715912562,0.04259259438292663
837,0.22431336679719735,0.6250372551199436,0.11749895412861726,0.03315042395424216
838,0.265735353461693,0.5560353842373749,0.14055828264969605,0.037670979651236204
839,0.3785542631427576,0.5415956382864399,0.07044477774812677,0.009405320822677312
840,0.2633937051859709,0.5639496463798206,0.13212687442879334,0.040529774005414715
841,0.25806102644019563,0.5862824247551119,0.12104377381241672,0.034612774992275476
842,0.2635114928865147,0.5683749987502642,0.1251284492223921,0.04298505914082952
843,0.26226372578172835,0.5840523978468908,0.1135293230300331,0.040154553341347536
844,0.27188668393335536,0.5567900429326862,0.133192191103406,0.03813108203055451
845,0.16590964506894967,0.6804354702949075,0.1139590201840494,0.039695864452092645
846,0.2613879577287954,0.5709172484110062,0.12479289584946006,0.04290189801074044
847,0.27177387015760535,0.5595022120245383,0.13341274688096288,0.03531117093689488
848,0.26205657192976384,0.5610306434160512,0.13294709419265233,0.04396569046153372
849,0.24034721463811776,0.6142612330334992,0.1156584619170339,0.029733090411347512
850,0.27541375971382004,0.5630014959321975,0.1199611474560123,0.041623596897969815
851,0.258809323034214,0.5796207589747204,0.11909837113178447,0.04247154685927994
852,0.2593432678530174,0.5668501163062951,0.13148972698055808,0.04231688886012952
853,0.2590341188534485,0.5725929084843427,0.12579228941807297,0.042580683244135026
854,0.2445679248103897,0.6010624951617739,0.12046055249396782,0.03390902753386925
855,0.27444238635466933,0.5703441875276567,0.11592247327629704,0.03929095284137743
856,0.2559084058119929,0.579674580784262,0.12936095010711848,0.035056063296626146
857,0.27416156459719354,0.5694258603254578,0.11690944617813918,0.03950312889920883
858,0.27229137852901975,0.5668933196479171,0.11871264811455923,0.042102653708505286
859,0.24546040980853523,0.5810159645785948,0.13486707365036363,0.03865655196250758
860,0.2468042179949166,0.5969953673118651,0.1193047867269562,0.03689562796626285
861,0.26379048372111213,0.5672268569829185,0.12822731712193625,0.040755342174032635
862,0.2803868173924446,0.5596699639628111,0.11925630358136662,0.04068691506337839
863,0.2515895236166594,0.5852948861620113,0.1266712649293743,0.03644432529195608
864,0.2727212116478034,0.5664393475610455,0.12031520735869417,0.040524233432457396
865,0.20824062699072798,0.6534622064218865,0.10612014499481724,0.03217702159256892
866,0.2582242046843051,0.5623594706471046,0.1337146353747362,0.04570168929385377
867,0.2744819214683718,0.5706581896078222,0.11585496572187781,0.039004923201928596
868,0.26781995427334965,0.5732854903901158,0.12613876183153627,0.03275579350499759
869,0.2636582918470291,0.5577892266852845,0.13901441939487222,0.039538062072813206
870,0.2714885210677199,0.5618055481506212,0.1298276299317336,0.036878300849925744
871,0.2549142461800024,0.5786687651488204,0.12636770498229433,0.04004928368888262
872,0.26656869125321986,0.5632213853765639,0.13133048344043113,0.03887943992978516
873,0.2756414063854635,0.573832408082715,0.11553253390625241,0.03499365162557002
874,0.2594551438535159,0.569136392044062,0.1303227085279636,0.041085755574459135
875,0.2749495685464394,0.5733884952156781,0.11511511282503106,0.03654682341285111
876,0.2749381429797415,0.566107310470551,0.12026619591542413,0.03868835063428441
877,0.2669015706426497,0.5653163647373698,0.12438595850293158,0.04339610611704859
878,0.2719634718574845,0.5676360844880523,0.12327945140348669,0.03712099225097647
879,0.2628826885585455,0.5662789920618005,0.13389293056920976,0.03694538881044504
880,0.25712215217548146,0.585221474674406,0.12179193299513458,0.035864440154977556
881,0.25389190205438605,0.5840138144525747,0.12726169536070192,0.03483258813233916
882,0.4294219483016106,0.5262016266432492,0.032706439500736054,0.01166998555440485
883,0.2628391468652608,0.5698999355943539,0.12721613537804605,0.040044782162339074
884,0.25873629178192753,0.5699120514782511,0.1286117185332259,0.04273993820659629
885,0.26893015653065083,0.5757092202212392,0.11582531271834434,0.03953531052976565
886,0.2616321232907387,0.5660090540322555,0.13181270314102697,0.040546119535979946
887,0.2605434205476228,0.562547971145435,0.13338141755917937,0.04352719074776245
888,0.2404907061843393,0.5924667728659359,0.1292880061643484,0.037754514785375816
889,0.26222164734052267,0.5601588331183355,0.13306805653422013,0.04455146300692259
890,0.2677682356724724,0.5745413347525117,0.11944858171772173,0.038241847857293614
891,0.26590415192449124,0.5643481627444763,0.13106303170409425,0.03868465362693762
892,0.21422944820096276,0.6377681076719284,0.1136111330964269,0.0343913110306819
893,0.25392617487342245,0.5700244138870713,0.13569116872601536,0.0403582425134899
894,0.2727420442029881,0.571233973259634,0.11880744013856438,0.03721654239881406
895,0.26408541322157203,0.5690484462272392,0.12527027866595064,0.04159586188523786
896,0.24701932739631768,0.5757057363077255,0.13458370597209685,0.04269123032385828
897,0.2701192274650922,0.5720459944025152,0.12098417827101242,0.03685059986137995
898,0.22835899709196694,0.6073876652868916,0.12831959823204286,0.03593373938909863
899,0.2716501931635415,0.5700084775232224,0.11749060700877184,0.04085072230446462
900,0.24501478078634972,0.5752635465728322,0.1358557885213349,0.04386588411948443
901,0.25855374239492834,0.5755216759768838,0.1277221414086718,0.03820244021951582
902,0.23683489979204406,0.608271650584487,0.12239914597085161,0.03249430365261576
903,0.25619693273807714,0.5647834482754666,0.13527404837478818,0.0437455706116668
904,0.17609343110838185,0.7130896351093575,0.08436573362457087,0.026451200157690622
905,0.2636249714061254,0.572247891378431,0.12065644197399253,0.043470695241451474
906,0.266278437012934,0.5451544603305114,0.13847424740572792,0.0500928552508279
907,0.26305170077232953,0.5673234133740904,0.12667053282062987,0.042954353032950726
908,0.25869211522070445,0.5694837861245404,0.1305054427231485,0.04131865593160767
909,0.25878059341274273,0.5731028041770614,0.1257905365077929,0.04232606590240345
910,0.2516105854931275,0.5708054409460045,0.13296518135024218,0.04461879221062588
911,0.2411118152432328,0.6110274713176879,0.11300494963029843,0.03485576380878041
912,0.26674018692890145,0.5746661796295998,0.12520542051048378,0.03338821293101495
913,0.23054169240302114,0.6257793749089731,0.10853226629224674,0.03514666639576017
914,0.2744922497140214,0.5607802317388183,0.12261954711764356,0.04210797142951625
915,0.2718102687664391,0.5665435064080298,0.12196565635046841,0.03968056847506189
916,0.2653776534421659,0.5675353685210465,0.12751470225776623,0.039572275779022
917,0.24950357190624117,0.5843490378158286,0.1310524448483913,0.035094945429540295
918,0.2714447311727383,0.5716144366781358,0.11795306789827383,0.03898776425085112
919,0.2669071058799058,0.5665699146270984,0.13281706351674477,0.033705915976251506
920,0.2743349986260402,0.5685409632111931,0.11662090901268353,0.04050312915008416
921,0.2770575742523869,0.5667156757715621,0.11641977619612519,0.03980697377992465
922,0.2349306485415891,0.621385249998663,0.1157980147602431,0.027886086699503935
923,0.26346454849110873,0.5462871014986993,0.13658187484835269,0.05366647516183955
924,0.24591970991988593,0.5803414076911636,0.13274684077364135,0.04099204161530929
925,0.2675511689392873,0.5698148099749928,0.1210336361284898,0.041600384957229855
926,0.25703684823871337,0.6009198040118808,0.10605652999320138,0.035986817756204006
927,0.24317379345557713,0.5932101422843313,0.12551868260469237,0.03809738165539933
928,0.26302220800946086,0.5719029759858774,0.12560391659870507,0.03947089940595648
929,0.2667276303068001,0.5677704405038584,0.12310527129923939,0.0423966578901018
930,0.257181204615946,0.5706315018099328,0.12960982025094292,0.04257747332317773
931,0.2494165820218977,0.5851992049429108,0.12721444748657085,0.03816976554862156
932,0.26549643894678654,0.5731171719655324,0.12075810782579081,0.04062828126189004
933,0.25570176104391923,0.5732019956917849,0.13239730385786103,0.03869893940643345
934,0.263943607583257,0.56424452856288,0.13066345451517358,0.04114840933868894
935,0.27306287257434864,0.5666531237282743,0.12112518704546041,0.0391588166519162
936,0.2699033966949647,0.5737972983102129,0.11632278137094253,0.03997652362388041
937,0.24141077816354123,0.597983851490826,0.13268386202473464,0.027921508320897338
938,0.25641032008516673,0.5607739993939905,0.1352483914870658,0.047567289033776154
939,0.2746186915997301,0.5628992189927563,0.12113203371272911,0.04135005569478425
940,0.25849119741829396,0.569856366216393,0.12987047265658977,0.04178196370872326
941,0.25186928046102275,0.5765882976447904,0.135317384767907,0.03622503712628042
942,0.26682081689847126,0.5641646984402992,0.12377530177436205,0.045239182886868894
943,0.26394064197613915,0.5750732930174636,0.12517987774080336,0.035806187265594314
944,0.26081714079768853,0.556407499398115,0.13401004266622224,0.048765317137974405
945,0.261288447274353,0.569035966153625,0.12879959198363097,0.04087599458839034
946,0.2719831119322141,0.5628955531369421,0.12487414356502499,0.04024719136581746
947,0.28216960258612683,0.5575170640075174,0.11916485936491349,0.04114847404144336
948,0.2594018828353945,0.5775933651673304,0.12202147645796979,0.04098327553930729
949,0.27197171264117737,0.5565823178158897,0.13405060640495634,0.03739536313797704
950,0.1995469067679733,0.6601258712618121,0.100848750932858,0.039478471037356584
951,0.21935303291000888,0.5808060596053615,0.14619018814776838,0.053650719336862704
952,0.27217608124972353,0.5698015291070283,0.11830422962770953,0.039718160015537435
953,0.2734089709249385,0.561212475345454,0.13134094549718914,0.03403760823241939
954,0.27366679526158383,0.5698872735629433,0.11655817234480455,0.03988775883066958
955,0.2715956990063911,0.5607796806213754,0.1295181504626018,0.03810646990963206
956,0.27061604676995493,0.5680360798945864,0.1267206865226732,0.03462718681278637
957,0.2783120554137446,0.566728848163758,0.11929921397346457,0.03565988244903299
958,0.21444456256518635,0.6082435140918068,0.13785613003785285,0.039455793305154405
959,0.2641407417813953,0.5570260751729323,0.12701456916531018,0.05181861388036233
960,0.24951135350665096,0.5816823052440542,0.12524806480757433,0.043558276441719744
961,0.26549873283567127,0.5631699392196365,0.12777971854754805,0.043551609397143254
962,0.2672340618137062,0.5733130188484682,0.11950991011077025,0.0399430092270557
963,0.25951214952296464,0.5693485900761603,0.12796791165312268,0.043171348747752254
964,0.27202474967107104,0.5668673617081528,0.12284593687752048,0.03826195174325613
965,0.27374105400006743,0.5638570948686095,0.12134074116912275,0.04106110996220075
966,0.2764939510735883,0.5667340600845491,0.11657628866604207,0.04019570017582147
967,0.26809529213420524,0.5631094754341156,0.1309163516493029,0.037878880782376216
968,0.26286099415499264,0.5668370184199903,0.1319204200438014,0.03838156738121532
969,0.2655784708992089,0.5628955660814506,0.1288419566008096,0.042684006418530554
970,0.2633929244046473,0.5652877843083355,0.1294370537548345,0.04188223753218249
971,0.26572393275463896,0.5770815809118203,0.11839546313949688,0.03879902319404515
972,0.27427378539592423,0.5673289052596885,0.11882082836395329,0.039576480980433947
973,0.1889254043222899,0.648851973446786,0.11662926319580318,0.04559335903512058
974,0.26047129931256524,0.5696469646620477,0.12897915513955682,0.04090258088583041
975,0.27060310972172275,0.5643370263458906,0.12270750045013551,0.04235236348225063
976,0.20669613183603633,0.6328367846135706,0.1349462387169204,0.025520844833472604
977,0.2736557236485139,0.5680670268692805,0.11916526247038366,0.039111987011822585
978,0.2626021007565579,0.5677744906583087,0.12971958283747087,0.03990382574766258
979,0.25608637381281835,0.5655864129249414,0.13316584614338647,0.045161367118853844
980,0.27123343163079644,0.5562088916199762,0.13361968817634343,0.03893798857288449
981,0.2572223054482418,0.5887861863938707,0.11820358020985186,0.035787927948034794
982,0.26654754844338097,0.5781816511226363,0.11769910652132323,0.03757169391265951
983,0.2567620265539877,0.5777877465896883,0.12345841074408354,0.041991816112240676
984,0.2604982563090761,0.56720879976825,0.1289539851457961,0.04333895877687821
985,0.2717171890086791,0.5650655618157162,0.12191760218348345,0.041299646992119916
986,0.26034240408723275,0.560218030013686,0.13360234831263013,0.045837217586450235
987,0.2632244148129059,0.5746108335793624,0.12364856645812397,0.03851618514960921
988,0.26342074331268905,0.5787946740364837,0.11801248333907208,0.03977209931175433
989,0.2605695652328329,0.5758940961997767,0.1270980566381685,0.03643828192922257
990,0.2797340511557796,0.5523610139359764,0.1256460526440279,0.042258882264215314
991,0.25128847610883226,0.5848434807448645,0.13076937995906204,0.03309866318724203
992,0.261950745585008,0.5686890958639357,0.12823497134425474,0.0411251872068006
993,0.2704678611220859,0.5653482416134146,0.12393136735093682,0.040252529913562665
994,0.2708108778678789,0.5698208401261387,0.12302165184178525,0.03634663016419791
995,0.262639382965642,0.5826244474329082,0.11661669102578047,0.038119478575669934
996,0.27389756958351075,0.5756867894484998,0.11253059342685848,0.037885047541131124
997,0.2749526422731534,0.5688375912278874,0.11875261832584096,0.037457148173117814
998,0.2755076680470572,0.5698139364091772,0.11668779522482084,0.037990600318944925
999,0.26875908907763796,0.5892887834958663,0.11013174468246378,0.03182038274403119
1000,0.2607040754625884,0.5774107717374717,0.12724495030811608,0.03464020249182305
1001,0.2644182928723424,0.5478746658774528,0.13704665124651763,0.050660390003687904
1002,0.25676533460285383,0.5754889386302867,0.12640272289150542,0.04134300387535589
1003,0.2580696404196036,0.5718201640752621,0.1279719476544952,0.0421382478506395
1004,0.2832822533515212,0.5674589628120807,0.11361137778929419,0.03564740604710384
1005,0.27281525812831,0.5618743494860333,0.12949559645277361,0.035814795932882906
1006,0.26789515199584263,0.5759843867598208,0.1171891947785367,0.03893126646580057
1007,0.2800458283635374,0.5655217326757926,0.11198041220895118,0.042452026751716956
1008,0.27055353332253723,0.5784777958828986,0.11356631857788195,0.03740235221668208
1009,0.261876054720283,0.5680650913208474,0.12710161281778534,0.042957241141085026
1010,0.25195579425813847,0.5799045009183046,0.12369496452269622,0.044444740300860326
1011,0.2686815579715304,0.5665100198642374,0.12741018827233383,0.037398233891899495
1012,0.26787824135343724,0.5690147335685386,0.12871622810064182,0.03439079697738166
1013,0.2549510577067371,0.5702311394930994,0.13713390766888517,0.03768389513127763
1014,0.27146631262914944,0.5617596751776434,0.13181032276039362,0.03496368943281401
1015,0.26770907846351627,0.5726248464643571,0.11988344802000936,0.039782627052117894
1016,0.24976879765787058,0.5939996289546692,0.12100553581023618,0.0352260375772246
1017,0.27313308694578625,0.565262180774395,0.12481306370037734,0.03679166857944131
1018,0.2759077149965282,0.5632842223692168,0.12244598924106631,0.038362073393189186
1019,0.26659748377842635,0.5616950800783405,0.1332920260507009,0.03841541009253298
1020,0.26432895098211917,0.5622709516994692,0.1298190114564354,0.043581085861976426
1021,0.2568866780448998,0.5730414976977969,0.13007199516391746,0.03999982909338618
1022,0.24433456194795217,0.5930796112067857,0.12655025061775238,0.03603557622751095
1023,0.27291071919070886,0.5699813525474419,0.11735088267408124,0.03975704558776962
1024,0.27289154595967524,0.5689407999391154,0.11936583614574517,0.038801817955465
1025,0.26624414867807317,0.5676351403391482,0.12483979948938362,0.04128091149339697
1026,0.27401477137943114,0.5723264414870731,0.11585779837746235,0.03780098875603336
1027,0.2490645596802002,0.5930789082621696,0.12230353902923645,0.035552993028393404
1028,0.24170242093922964,0.6118769425680564,0.11117538779183103,0.0352452487008849
1029,0.2540188874805624,0.5712697347233762,0.13925310475359337,0.035458273042469075
1030,0.26709965883770626,0.5593649271853994,0.13475487747848997,0.0387805364984034
1031,0.27459107553083084,0.5506163270156814,0.1343752705747437,0.04041732687874329
1032,0.2591294187820625,0.5766212559793276,0.12557322625800516,0.03867609898060449
1033,0.256366338506626,0.5667773498767623,0.13419396699681402,0.04266234461979691
1034,0.27383386332508663,0.5656646160599327,0.1199923618105903,0.04050915880439123
1035,0.2574564975049011,0.5775983979925817,0.12240275244993581,0.042542352052580217
1036,0.15039253746834347,0.7280883291340641,0.10383127210085573,0.017687861296737942
1037,0.2613567047819971,0.5678481225697478,0.13032244125188525,0.04047273139636858
1038,0.2506552506220655,0.5747352613153833,0.12992508995691668,0.04468439810563438
1039,0.269998769164328,0.5643310202173132,0.12543564656368217,0.04023456405467684
1040,0.2574408199353022,0.5685237547485406,0.13810569903097342,0.03592972628518117
1041,0.2581332577098325,0.5619358212908837,0.13571900914512164,0.044211911854162206
1042,0.263511230773231,0.5706756053304082,0.13205766948384592,0.033755494412513874
1043,0.24987989723345377,0.594928376204115,0.11670368206940057,0.038488044493032225
1044,0.24944896516186568,0.57221482252303,0.13381296033079398,0.04452325198431002
1045,0.2596743559016184,0.5678656192446097,0.13175809544455996,0.04070192940921168
1046,0.26221941031309515,0.5776742049849983,0.12044924997641296,0.039657134725493925
1047,0.26600152946603295,0.5686624842840795,0.12516618765301032,0.04016979859687718
1048,0.2572043777229336,0.5696544062821312,0.12906888195476263,0.0440723340401731
1049,0.27587446042134367,0.5808615581638532,0.11190074395095008,0.031363237463853146
1050,0.26329033624032155,0.5874141417592427,0.11414083793712083,0.035154684063315456
1051,0.2628911579378787,0.5696666399656325,0.13008516186683017,0.03735704022966007
1052,0.25253151879554586,0.5849316667806918,0.1232598342777355,0.03927698014602753
1053,0.25222421269098627,0.5702364060741454,0.1359561627601157,0.04158321847475371
1054,0.24745183245660002,0.5907929515861741,0.11763676170496878,0.04411845425225828
1055,0.3216512811120937,0.5604248842125755,0.09523063690932473,0.02269319776600738
1056,0.25195538603008494,0.582422955816738,0.1307275793734496,0.034894078779727236
1057,0.2454197659464506,0.5785401151242384,0.13723267826051963,0.03880744066879053
1058,0.2445026153887029,0.6034251131504428,0.11501782506542568,0.037054446395429166
1059,0.23649734459430918,0.5826264347505762,0.13827674036374182,0.04259948029137304
1060,0.2573491057143105,0.5779422039313677,0.1293962736195096,0.03531241673481248
1061,0.25491221162921335,0.5839699278679813,0.1277902297718585,0.03332763073094781
1062,0.27392456512899266,0.565228791451798,0.11974717610191794,0.041099467317292686
1063,0.2778213260621391,0.5589476820884226,0.12428439264528016,0.03894659920415735
1064,0.26158588212198053,0.5693928177435404,0.12917503203301325,0.0398462681014643
1065,0.27381512739292774,0.5694165408965522,0.11697423133783409,0.039794100372685375
1066,0.26622094267072577,0.5779822504667861,0.12192136062793911,0.03387544623454977
1067,0.27856142558358504,0.5640339428950936,0.11667853522069492,0.04072609630062713
1068,0.2668587222404295,0.5674492610549439,0.12561617015218718,0.04007584655243839
1069,0.2609905055175176,0.5759939313294338,0.12808535874949972,0.034930204403549416
1070,0.2604977636525373,0.5678276833615914,0.13120419978445194,0.04047035320141927
1071,0.25847121401470047,0.5745340017023983,0.1296345200032937,0.03736026427960687
1072,0.2566093909616101,0.5598112760763267,0.13565960529133614,0.04791972767072684
1073,0.2742607614484041,0.5599767725138137,0.1310136271607283,0.03474883887705424
1074,0.263828242376323,0.5743412532432606,0.1282864855085522,0.03354401887186388
1075,0.26357913219245405,0.5454183223498411,0.13718156518767408,0.053820980270029815
1076,0.26896461528430293,0.5611642454517273,0.13199955242535402,0.03787158683861608
1077,0.2632067993735288,0.5751062239292007,0.12057162740067046,0.041115349296598026
1078,0.31971023560068884,0.5441272674121123,0.10609872680867063,0.030063770178529684
1079,0.25647921463416723,0.568462426339684,0.1353803333497109,0.03967802567643767
1080,0.2653127067222881,0.5512692029563542,0.13546971957180426,0.04794837074955325
1081,0.242438563643143,0.6066148993593651,0.11870061928027628,0.032245917717216924
1082,0.2700421748042053,0.5737941123522167,0.11588368870346208,0.04028002414011732
1083,0.25790860478498967,0.5876114294972559,0.12317092727965459,0.03130903843810137
1084,0.25004917036338653,0.5990370451221192,0.11236719261393617,0.038546591900557786
1085,0.23924634218626945,0.573984701288957,0.1406519258480018,0.04611703067677286
1086,0.2664071262062379,0.5663674021323233,0.12954310953199902,0.03768236212943968
1087,0.26055301018673327,0.5769182010516757,0.12370829153005135,0.03882049723153927
1088,0.2704357621758231,0.5687432791285368,0.11844571362788858,0.04237524506775125
1089,0.26773743715530646,0.5582444591361067,0.13588469971857467,0.038133403990011264
1090,0.267543094803705,0.5597238902535889,0.13317351305232786,0.03955950189037935
1091,0.24567111993751573,0.5856818359279223,0.12379192859245082,0.044855115542110295
1092,0.2693188145841789,0.5709008522255947,0.11940207471296947,0.04037825847725697
1093,0.2742047016920658,0.5604522732987891,0.12794123140073865,0.03740179360840719
1094,0.24416106545090258,0.5868677922836715,0.12112135766276685,0.047849784602659734
1095,0.2574858414373006,0.5686010648106296,0.13893303047668926,0.03498006327537998
1096,0.22341771193009408,0.6216776953209739,0.1141325713105248,0.040772021438406324
1097,0.2537384044827229,0.5717876071135852,0.13745835009684007,0.037015638306851284
1098,0.2721346121174736,0.5630422599711781,0.12217016985329866,0.04265295805804856
1099,0.24989769478122684,0.5744740588725353,0.13488198522518083,0.04074626112105685
1100,0.2714505758822423,0.5741286559824351,0.1163735069749718,0.03804726116035042
1101,0.247164364566661,0.604176112314504,0.12335551741278007,0.025304005706056235
1102,0.2706211275254674,0.5680852112093417,0.12107251799755675,0.04022114326763577
1103,0.27849588634142586,0.565757291735343,0.11833665251558846,0.03741016940764392
1104,0.26335953921621147,0.5648284527596761,0.1309860248586835,0.040825983165427994
1105,0.2551833439705585,0.5748604866181736,0.12894443235652253,0.04101173705474534
1106,0.2690562571703481,0.5692335884714164,0.11945436323994153,0.04225579111829455
1107,0.2533640273712821,0.5788425939625257,0.12907823425331472,0.038715144412877954
1108,0.2766179861965293,0.5658213553749087,0.11823003398248957,0.039330624446072306
1109,0.25343162882899745,0.5849811847407536,0.12309397100927938,0.03849321542096836
1110,0.2618856716338986,0.5631397450028376,0.13114383449041206,0.043830748872851724
1111,0.2688938559366322,0.5626398262245434,0.132007041402677,0.036459276436147596
1112,0.2640537239812037,0.5659691864168764,0.1263765824159029,0.043600507186016865
1113,0.20735329263446267,0.6527996238299657,0.1024341770250866,0.03741290651048616
1114,0.2714073921942253,0.5726376106642955,0.12425948326591325,0.031695513875566045
1115,0.2133425956699588,0.6521886600763633,0.10080437620336063,0.033664368050318035
1116,0.2515427147362054,0.5930213831030552,0.12234842989873623,0.033087472262004806
1117,0.2817757452595129,0.5665027321550326,0.115686126631406,0.036035395954048526
1118,0.27210633070187606,0.5759392361076151,0.11307697209519625,0.03887746109531307
1119,0.25555892546196357,0.5769772508710297,0.1324628479823376,0.03500097568466888
1120,0.27433457913337933,0.5656691466643362,0.12049330182141071,0.03950297238087317
1121,0.25846930730198037,0.5734383156906196,0.12774611896954646,0.04034625803785338
1122,0.2590329219264382,0.5676286171711198,0.12977073776643122,0.04356772313601158
1123,0.2951110342317374,0.5522142092728856,0.11284100278533102,0.03983375371004461
1124,0.2611139060240186,0.5740761226192949,0.121174634041086,0.04363533731560029
1125,0.2617804503711306,0.5650399454485605,0.13400900297078602,0.039170601209522996
1126,0.26413722283638297,0.5707980553751779,0.12760703318672925,0.03745768860171085
1127,0.2757182155064307,0.5708647793762792,0.11566522720961596,0.037751777907673915
1128,0.2762620781911785,0.5736790305579323,0.11355254370860075,0.036506347542288854
1129,0.2689199289816835,0.5753667897879566,0.11682285471310737,0.03889042651725273
1130,0.15763943476141287,0.7481457932145338,0.07254368125571783,0.021671090768336763
1131,0.25914824659162516,0.5637512754175638,0.1340885915342197,0.04301188645659042
1132,0.2676587348356567,0.5617251589907244,0.13037443610787253,0.04024167006574641
1133,0.25296050913520834,0.5819968614786928,0.1237054051162518,0.04133722426984774
1134,0.15748956121590135,0.7669756348676491,0.06106027099664041,0.014474532919809052
1135,0.1889774789078357,0.6931248919662393,0.09952645731537735,0.01837117181054833
1136,0.2603859950795418,0.5671263576117074,0.13400192492565594,0.03848572238309485
1137,0.2697956648425763,0.5635850816597285,0.1248155566872261,0.0418036968104691
1138,0.19469022152913654,0.6372006858831781,0.1450643057292495,0.02304478685843388
1139,0.281281343176646,0.5594215785948996,0.11883649561757728,0.04046058261087784
1140,0.27131464444996584,0.5637636085376814,0.12538451393720942,0.039537233075143584
1141,0.27170945424787496,0.5672662879428028,0.12028708215584905,0.040737175653473776
1142,0.25108988493443285,0.5778528445443278,0.12712135124990245,0.04393591927133605
1143,0.2699073072238905,0.5707564323012307,0.12286543239356867,0.03647082808131113
1144,0.2638273345152012,0.5722572686226595,0.12691081493564685,0.0370045819264941
1145,0.268713536224075,0.5824960941093448,0.11353861017416556,0.03525175949241345
1146,0.24689182908459678,0.5821894633258408,0.13798727633149208,0.03293143125806981
1147,0.2571615280083393,0.5709685115913932,0.12896530264294936,0.042904657757318256
1148,0.2652696910906453,0.5734761304551823,0.12166079868196485,0.039593379772208115
1149,0.2605042272409535,0.5716079617987421,0.13530819981617395,0.03257961114413048
1150,0.2626548914707473,0.5871286302696076,0.11242582058014235,0.03779065767950366
1151,0.2642162458783192,0.5781133566324366,0.12855894466640908,0.029111452822834324
1152,0.2667139648775112,0.5669777001679738,0.12402295838641783,0.04228537656809608
1153,0.2708309101336133,0.5613438699329326,0.13231261738534977,0.03551260254810264
1154,0.2763056050405711,0.5662084586050802,0.1171330280653851,0.040352908288962576
1155,0.2643464058264167,0.5643230479535707,0.12759250098505928,0.04373804523495433
1156,0.2720367080765436,0.5699998081731391,0.11845924155150782,0.03950424219881055
1157,0.27486240716078614,0.56123988542156,0.12810635289049374,0.03579135452716138
1158,0.2748821131286769,0.558322979196623,0.1272364808609635,0.03955842681373555
1159,0.24376722101946313,0.5897221679731991,0.11970596613151835,0.046804644875819215
1160,0.26676404584733066,0.5621202757235303,0.13285532001993372,0.038260358409204824
1161,0.20142950903548285,0.6472281514607539,0.111938937726029,0.039403401777736644
1162,0.2688663988070087,0.5719002398005143,0.12024370136756402,0.03898966002491359
1163,0.25998708843912355,0.5705442233154241,0.12687186731648523,0.0425968209289682
1164,0.27157137795635017,0.5681022855214944,0.12001505291701682,0.04031128360513861
1165,0.26911166760957617,0.5712102176389356,0.1201026023076437,0.039575512443845225
1166,0.2713180331896253,0.5676403621731372,0.1207043101132321,0.040337294524005404
1167,0.2707385918032643,0.5667402629292305,0.12470615567049559,0.03781498959700937
1168,0.26919829482241375,0.5695793372537147,0.12123753607181179,0.039984831852061344
1169,0.2630830769242292,0.5633653774909825,0.1375789782958914,0.03597256728889795
1170,0.2647126266809592,0.5734041767225638,0.12723929807807316,0.03464389851840447
1171,0.2572693211674661,0.5859267759633521,0.12415235107238787,0.03265155179679484
1172,0.26963895436470137,0.5602934345836865,0.13285620309863666,0.03721140795297627
1173,0.27502162595990204,0.5623943276017506,0.1209127252170722,0.041671321221275294
1174,0.27298452461618783,0.56761330186904,0.12554431912401265,0.03385785439075997
1175,0.22271790423932727,0.643521267468804,0.10279885820089736,0.030961970090969917
1176,0.27398934663872326,0.5715583391601663,0.11625917200412915,0.03819314219698129
1177,0.2679746007644526,0.5713799171824833,0.12227594548108908,0.038369536571974804
1178,0.2314218745208131,0.6486712479306217,0.09316252698553287,0.026744350563032974
1179,0.25306967931913243,0.5576572759100593,0.13164925017715234,0.05762379459365742
1180,0.272766220698911,0.5719333775305281,0.1181766645545776,0.037123737215984214
1181,0.27877252667913577,0.5707478916226708,0.11288531753132508,0.03759426416686761
1182,0.2603686535999747,0.5652418478917598,0.13061449789993576,0.043775000608329374
1183,0.2750319297415044,0.5604052004566813,0.1281077214713752,0.036455148330440744
1184,0.1575614371290421,0.7700395959062121,0.05415530905788163,0.018243657906866797
1185,0.3851471118184535,0.5408146737149054,0.05543881892012905,0.01859939554651223
1186,0.25647934376324455,0.5576541148626648,0.13247446909788277,0.05339207227620688
1187,0.24787272720180029,0.5799348761838279,0.12805889276143903,0.04413350385293155
1188,0.2527463293752746,0.5806289382854586,0.12436868042047271,0.042256051918794064
1189,0.26792722756385706,0.5631316739768152,0.13229418180688698,0.03664691665244229
1190,0.2493672266074531,0.5707351371701394,0.1358390014252359,0.044058634797172265
1191,0.269937128516988,0.574492806264777,0.11708510855863306,0.0384849566596021
1192,0.22288177443148707,0.6251888029535251,0.11990352806219862,0.03202589455279103
1193,0.2644291007018216,0.5706768632653866,0.12241299896215889,0.04248103707063367
1194,0.24408368157963858,0.5934430033952843,0.12437357936566928,0.038099735659407385
1195,0.25822673255372824,0.5812832727345053,0.11871067181063455,0.04177932290113286
1196,0.27308545837989684,0.5727123516754227,0.11573140393644933,0.03847078600823014
1197,0.24165292793710658,0.5920757803493176,0.12785100644926461,0.03842028526431136
1198,0.2363790956764022,0.5860561950471717,0.13316761710194314,0.04439709217448299
1199,0.27417184940095063,0.5653091058987203,0.12042339202375141,0.040095652676576055
1200,0.2644162465886835,0.564956439223252,0.12793502439318058,0.042692289794883376
1201,0.2696794034652701,0.5704050764027863,0.115909324495565,0.04400619563637803
1202,0.18336726877866238,0.7331076322150156,0.06620791168771568,0.017317187318607073
1203,0.27390737229121903,0.5666463910689957,0.11971283251399549,0.03973340412578855
1204,0.26244296691131247,0.5676848310971535,0.12837666345117396,0.04149553854035928
1205,0.2701980058801378,0.569238290904648,0.12007305960903965,0.04049064360617523
1206,0.26784129427001846,0.5746514517148261,0.11815934103061616,0.03934791298453884
1207,0.2754164211600581,0.567442656255862,0.11853319554843612,0.03860772703564334
1208,0.23679029665051982,0.6253339710411738,0.10891919927161743,0.028956533036687014
1209,0.2817643184196721,0.5645522334871484,0.12692498020135454,0.02675846789182589
1210,0.24207285601996842,0.5994553894237963,0.1199470062114494,0.038524748344785816
1211,0.2793209282817378,0.5668463781759189,0.1325781164454809,0.021254577096862154
1212,0.249721183443326,0.5949745607478558,0.11728074653906709,0.03802350926975089
1213,0.26406893947903043,0.5650861717283862,0.12812707689043956,0.04271781190214369
1214,0.2533764239236518,0.5859434029610671,0.12486136132221216,0.0358188117930699
1215,0.2678779445155073,0.5578474248226588,0.13720301045848127,0.03707162020335267
1216,0.27498197134930374,0.566160023708726,0.1196541034892294,0.03920390145274147
1217,0.26132846132269283,0.5702900442884651,0.12710516106848813,0.041276333320352826
1218,0.2651436936650888,0.5685048584376154,0.12628285703003658,0.04006859086725867
1219,0.24235074774889417,0.5884713392829491,0.13392816673899094,0.03524974622916753
1220,0.26091645417458553,0.5782651672617897,0.12400277194787247,0.03681560661575258
1221,0.25854190937698696,0.5626028318158811,0.1322466802116315,0.04660857859550058
1222,0.25974963328614376,0.5856559013783268,0.11956256642517132,0.03503189891035852
1223,0.25447527384822427,0.5789445007036317,0.13176666552897412,0.034813559919169325
1224,0.2543995996813678,0.5676739329895141,0.13513200981924137,0.042794457509878425
1225,0.25858620814132915,0.569095875817307,0.12911290350065113,0.04320501254071198
1226,0.2720600080571643,0.5644727168821487,0.12100188981456982,0.04246538524611756
1227,0.2658915137955738,0.5668538882417106,0.12770711132327695,0.039547486639439314
1228,0.27156040511748136,0.5767534606636939,0.11486766298901889,0.03681847122980634
1229,0.27076873100486815,0.5603362445612491,0.1321177832805186,0.03677724115336223
1230,0.2887795285936281,0.5610805570772102,0.11388048155861877,0.03625943277054229
1231,0.2622089490935999,0.5739253790496291,0.12466130768361458,0.039204364173155
1232,0.2581918703674966,0.5698488790073349,0.1311896717849254,0.04076957884024304
1233,0.2500363825169167,0.5762655716082449,0.13062191124714737,0.04307613462769008
1234,0.26022631116862943,0.5664876616356932,0.13166962358043668,0.041616403615241965
1235,0.27024593439611483,0.5754085271951135,0.11622175647613713,0.038123781932634285
1236,0.27541256718489926,0.5522763100779038,0.13437063499271895,0.03794048774447703
1237,0.27270303632045767,0.5629672832552324,0.12395541353370335,0.04037426689060694
1238,0.2625139858271789,0.5657320186438066,0.13088178328905536,0.04087221223995832
1239,0.2642563778156235,0.5743530523136496,0.12194938750408327,0.03944118236664445
1240,0.26444835608092015,0.5804998372751876,0.11719273589835985,0.03785907074553438
1241,0.26841329805267217,0.5725150111388384,0.11807853273393872,0.040993158074550694
1242,0.2653801133273683,0.5700250328421868,0.12223289751276127,0.04236195631768304
1243,0.26931772024838546,0.566282619847508,0.12213499852596033,0.04226466137814538
1244,0.26691072838108965,0.565370636196502,0.12852240933347853,0.03919622608892977
1245,0.2723653495702811,0.5565261002815104,0.13306103002569372,0.0380475201225149
1246,0.2623491747450393,0.5639519050786468,0.13089280110263296,0.0428061190736816
1247,0.3419058633197035,0.5494491588734323,0.0882041373812769,0.020440840425585423
1248,0.2569696876579849,0.573262688871768,0.12684360149058158,0.04292402197966459
1249,0.2609541049273566,0.5674351796496011,0.1304510597597053,0.04115965566333717
1250,0.24085759153322836,0.5948847414017787,0.12689552541765184,0.0373621416473414
1251,0.2677293410202373,0.5568578669673353,0.12621780424888873,0.04919498776353929
1252,0.2705090231906499,0.5733191330682728,0.11652671757613667,0.039645126164939995
1253,0.2699741209944524,0.5716856654357855,0.11800229787593551,0.040337915693826186
1254,0.2626113975101577,0.57752649567818,0.12290429463047454,0.0369578121811878
1255,0.25823114667807506,0.5670464498040481,0.13291385490620605,0.04180854861167131
1256,0.2561090066420525,0.5761043007949448,0.12680259746812855,0.04098409509487357
1257,0.2610827208522362,0.57284638469105,0.12893556941836246,0.03713532503834898
1258,0.2603165719576021,0.5706264638057302,0.12858218761428789,0.040474776622378604
1259,0.2633493037871104,0.5633905940186799,0.13389275631441408,0.039367345879795124
1260,0.23837159253559217,0.5996543995977094,0.1161138705171965,0.045860137349503484
1261,0.26386100278657054,0.564603164476176,0.12917626889383332,0.042359563843419906
1262,0.25533811507102216,0.5897215356121275,0.11249615883047175,0.042444190486377355
1263,0.28482140032323244,0.564146972304483,0.11522948348673845,0.03580214388554627
1264,0.2794478118662008,0.5735291470719287,0.11140645871684185,0.035616582345026994
1265,0.2308861457829652,0.6074168101119488,0.12702390920648318,0.03467313489860258
1266,0.2716352807739449,0.5736455713103914,0.11663638913237045,0.03808275878329336
1267,0.2574023064418765,0.5443650726946003,0.14370166346591745,0.05453095739760447
1268,0.2598726701037668,0.5790811384132567,0.12645122283669188,0.0345949686462838
1269,0.2702828295529951,0.5685757288809231,0.12067441352907272,0.04046702803700889
1270,0.2600638996294945,0.5592233367101167,0.13482157074551224,0.04589119291487742
1271,0.3540240343372546,0.5530664454328339,0.07801146651441379,0.014898053715499045
1272,0.26738191707629144,0.5724886169220891,0.11698275730552007,0.043146708696100065
1273,0.2336887640954296,0.6187421479212631,0.11071296146810873,0.036856126515198984
1274,0.27099665488220764,0.5725327693703759,0.1167352672393207,0.03973530850809665
1275,0.26929802292603694,0.5711602455241996,0.12630548750853296,0.033236244041230815
1276,0.2702427868441167,0.5713517406556744,0.12022619102523639,0.038179281474973153
1277,0.2605654577509077,0.5687405326863786,0.13110216003873185,0.03959184952398254
1278,0.26158115219864164,0.5670417177917663,0.1319557865317211,0.0394213434778707
1279,0.27027821271163355,0.567038098271942,0.12103909958570438,0.04164458943071892
1280,0.2786578033178562,0.5796928150148595,0.10686041435067144,0.03478896731661398
1281,0.26171453193940514,0.5816556232425705,0.12211411874263747,0.034515726075388865
1282,0.26695108132588435,0.5751433934295017,0.11747187115369606,0.040433654090918425
1283,0.21470632240213366,0.6413033984611313,0.1242103712476624,0.019779907889072162
1284,0.26701114480757887,0.584816873771294,0.1128513624924835,0.03532061892864491
1285,0.24192931949366783,0.6034583669582098,0.11544705662322459,0.03916525692489804
1286,0.2506757498976186,0.568941061688624,0.1403129789466244,0.040070209467133994
1287,0.2648267394637459,0.5623544049765349,0.13079155204623225,0.04202730351348485
1288,0.26070593375300816,0.5641583265362807,0.1392769709584131,0.03585876875229932
1289,0.3334301178982024,0.5547872812673554,0.0817706794206308,0.030011921413811208
1290,0.26801317232813787,0.5704491635969547,0.12429704482880445,0.03724061924610242
1291,0.26863030173936364,0.5737991789710672,0.1191279449509849,0.038442574338585334
1292,0.26641601918785135,0.5664041259260947,0.13145887065683387,0.035720984229221306
1293,0.27841667651015034,0.5592739773914337,0.12448567966000042,0.037823666438414824
1294,0.2621293115269029,0.5665830704967476,0.12970199223314513,0.041585625743204416
1295,0.2679751331901835,0.5696037960233287,0.12038274684780502,0.04203832393868097
1296,0.2527532097637913,0.5696201786823512,0.1377151865515233,0.03991142500233607
1297,0.27534828917926363,0.5655882114924095,0.11856233476679397,0.040501164561533035
1298,0.2618945434495911,0.594851326553388,0.10859413497310674,0.03465999502391287
1299,0.27130998211825774,0.5804696103227264,0.11164767697156115,0.03657273058745551
1300,0.2694685257932731,0.5728065598124871,0.11648435466763937,0.04124055972659933
1301,0.2687216532612607,0.577540979766473,0.11496431072528163,0.03877305624698542
1302,0.2838401637278721,0.5572994657339901,0.12438974854398024,0.03447062199415776
1303,0.2754679326446065,0.562253460202756,0.12240084225516644,0.03987776489746992
1304,0.23627353206459106,0.6008095225087511,0.1226948119008188,0.040222133525839344
1305,0.24910817491320855,0.5787253913198674,0.13052991726713264,0.0416365164997901
1306,0.2522914600993956,0.5848642128526622,0.1271496222222266,0.0356947048257144
1307,0.26646261920846637,0.5701838802466641,0.1281232525908484,0.035230247954020986
1308,0.24319899439451315,0.5798407326807956,0.13583167968143078,0.041128593243259445
1309,0.22476073273715186,0.6212707229727806,0.11705433011790517,0.036914214172162084
1310,0.26083900415851635,0.567510070394376,0.137093254765231,0.03455767068187592
1311,0.28541574186676055,0.5402451872068174,0.1373870876961024,0.03695198323032018
1312,0.23494614700554542,0.6174459811948676,0.11275890220090103,0.034848969598685914
1313,0.263076072942621,0.5714795374758932,0.12476146256237156,0.04068292701911474
1314,0.26705400631818094,0.5683387880965443,0.12286018523496763,0.04174702035030778
1315,0.2613824621300258,0.5747269795959745,0.12315199515740122,0.040738563116598306
1316,0.26775635084120647,0.5869119472832813,0.11305444989753305,0.03227725197797858
1317,0.25972881561928907,0.5627974097106834,0.1340135634785243,0.04346021119150352
1318,0.25641704639240986,0.5772716453423937,0.12751333510018859,0.038797973165006536
1319,0.2653275732511902,0.5708515539814605,0.12472052154588018,0.03910035122147026
1320,0.2603915790599711,0.5666422237857527,0.1324936966323596,0.040472500521916394
1321,0.2619738439660171,0.569153568524791,0.12903357756769504,0.03983900994149665
1322,0.26246944815983697,0.5684347697526503,0.13040839236202706,0.03868738972548609
1323,0.2686599992284376,0.5679335758389653,0.12180148100784523,0.041604943924750025
1324,0.26623859069591665,0.5729893201412859,0.12075279697699522,0.04001929218580195
1325,0.26328458145716266,0.5670444867191508,0.1353427347367569,0.03432819708693092
1326,0.29864066953212204,0.5562072417173755,0.09910307701495123,0.04604901173555176
1327,0.2526868982996389,0.5929371216001763,0.11598978736525441,0.03838619273493057
1328,0.24387998774741443,0.6003227836949491,0.12176182536727764,0.034035403190358436
1329,0.26426384690234134,0.5634489465124235,0.12914992939674017,0.043137277188495936
1330,0.2630893515924499,0.5695082589413906,0.12588262315815832,0.04151976630800188
1331,0.2756248163806625,0.5743820977105422,0.1160406735511876,0.03395241235760721
1332,0.24509833467925346,0.5802364461918837,0.1307026417923388,0.0439625773365252
1333,0.2725753725170684,0.5734011212336064,0.11856958768071717,0.03545391856860816
1334,0.27096031496284684,0.564005657428716,0.12377475960649134,0.041259268001945716
1335,0.2591785232535887,0.5983252407521777,0.11748194308968465,0.02501429290454916
1336,0.25727717598400834,0.5789184744397768,0.1232572578656152,0.0405470917105997
1337,0.26173374154492807,0.5646459549030273,0.13104447591594515,0.042575827636098705
1338,0.26209437104230376,0.5700437437656461,0.13088930036483298,0.03697258482721785
1339,0.248793892544337,0.5846921502957488,0.12748628627114297,0.039027670888771855
1340,0.27196378958892986,0.5703147358807933,0.11760913289454841,0.04011234163572939
1341,0.26526261593969247,0.5650728104734817,0.12730585508130554,0.04235871850551946
1342,0.2671986556388358,0.5687004220853523,0.12261548140336513,0.041485440872447064
1343,0.2782796344982157,0.5574649983805383,0.12214235134942812,0.04211301577181763
1344,0.24642785953901325,0.591247319973066,0.12249204732995811,0.039832773157963144
1345,0.26301729966690063,0.5645289652377771,0.1291790962366314,0.04327463885869157
1346,0.2223821031622404,0.609163461658251,0.130416189780548,0.03803824539896138
1347,0.27018144762682716,0.569836953250977,0.11960745572217288,0.040374143400021996
1348,0.23821351057107848,0.6116080995020261,0.12414031169377907,0.026038078233116158
1349,0.2601896468513242,0.5900103958764336,0.11354142068967014,0.03625853658257186
1350,0.20662304893696862,0.6672970457931617,0.1064460464527248,0.01963385881714398
1351,0.24595942834122209,0.587245439867129,0.12672618701603006,0.04006894477562062
1352,0.25891093402880405,0.5801291953086781,0.1224769723368775,0.03848289832563996
1353,0.2697580650787321,0.5737144699824522,0.11667766294769098,0.03984980199112601
1354,0.2736489970250109,0.5660781195006571,0.11832022270007204,0.041952660774259194
1355,0.25395440050924795,0.5859136833667935,0.12038834144024185,0.03974357468371613
1356,0.26457724237724983,0.5629184357470186,0.12789506947501195,0.04460925240071855
1357,0.2723758713891521,0.5709944466202219,0.11717484587142488,0.039454836119200004
1358,0.27348095031888753,0.5679143692567414,0.1200436770115447,0.038561003412826235
1359,0.2652817942009984,0.5629325562921801,0.13148149309508042,0.040304156411739685
1360,0.27757578815549966,0.5706257480301622,0.11446165618932921,0.037336807625008905
1361,0.24949261766104922,0.5894991384312821,0.1195111822861284,0.04149706162153998
1362,0.25666940418743733,0.5849385465920531,0.12119966813926479,0.03719238108124428
1363,0.2586431737734368,0.574212687430185,0.12561323584898745,0.04153090294738913
1364,0.259752323003471,0.5664968400826943,0.12941973501756987,0.044331101896264234
1365,0.2711816985640261,0.5688362826661129,0.11961833822358486,0.040363680546275524
1366,0.2561032067253199,0.5727567788576303,0.12936055699451163,0.04177945742253911
1367,0.26765001884968276,0.5612951194647865,0.13222527871544776,0.03882958297008209
1368,0.2551927756787246,0.5625794255145263,0.1367775189405411,0.0454502798662085
1369,0.26129099100879083,0.5679699869851847,0.12994556861193093,0.040793453394093314
1370,0.2606555917559636,0.5634945330324128,0.13514037882927823,0.04070949638234566
1371,0.26290193510637966,0.55467364123731,0.14029505146316437,0.042129372193146865
1372,0.2666008657129425,0.5693073957303622,0.127847042353405,0.03624469620329154
1373,0.24262665405684417,0.5910818188519141,0.12747132005536313,0.038820207035879545
1374,0.2671876285976242,0.5731747811360481,0.1185737388327375,0.041063851433590065
1375,0.27151407742952033,0.5577882204967286,0.1324820697842694,0.03821563228948166
1376,0.4475806034722224,0.5207261275662324,0.024467099051883514,0.007226169909660666
1377,0.2709623856392402,0.5652289544159605,0.12261733243709823,0.04119132750770026
1378,0.2599352338271215,0.5708315247334711,0.13247742866529363,0.03675581277411395
1379,0.2668045901612309,0.5711963259354541,0.12160422099630157,0.04039486290701325
1380,0.2656484278633716,0.5630664157759845,0.1312192594329306,0.040065896927713535
1381,0.2568808723283104,0.5637429639281819,0.1351029594339054,0.044273204309602424
1382,0.22777450022772286,0.5882926535614074,0.13543502085108447,0.04849782535978588
1383,0.2582655337905591,0.5732394551453853,0.12832156459205507,0.040173446471999864
1384,0.2666353718457982,0.5654816555627655,0.1279828014864932,0.03990017110494433
1385,0.2650185938687979,0.5885689298173775,0.11228862498485986,0.03412385132896499
1386,0.2659058356620818,0.5664194166278143,0.1266125893886975,0.041062158321405924
1387,0.279796142375238,0.569926811993882,0.11440490089218695,0.03587214473869204
1388,0.23927164217883384,0.6013421761675856,0.1185624323215305,0.040823749332050116
1389,0.3074094171213818,0.553281949191267,0.10517907080701484,0.03412956288033554
1390,0.2833820308819181,0.5485639183722721,0.12838761615584662,0.03966643458996388
1391,0.266791599051895,0.5670022467931592,0.12544244714543334,0.04076370700951175
1392,0.26720776070418006,0.5633312322962752,0.12333244802961314,0.04612855896992969
1393,0.2646480709273205,0.5605327276359529,0.13264752367713367,0.04217167775959418
1394,0.265314184401326,0.5648374899441921,0.12931358539809404,0.04053474025638773
1395,0.2583239547256712,0.5664300216784697,0.1343909923933108,0.04085503120254725
1396,0.2469701642893404,0.5780438284685826,0.12618922679912906,0.04879678044294782
1397,0.2671269938553281,0.5768041570420549,0.1177222842596638,0.0383465648429535
1398,0.2735631191035177,0.5746011216142409,0.1143682239967703,0.037467535285471275
1399,0.2746125851121466,0.5686528243013821,0.11712521472591997,0.03960937586055289
1400,0.009974460304915196,0.9854240222888339,0.0028970740454871764,0.0017044433607638694
1401,0.2609474525349459,0.5653069154828642,0.13046477379562404,0.043280858186566476
1402,0.2706416303089381,0.5725355129339057,0.12209464381726323,0.03472821293989212
1403,0.27287125840478166,0.5736558188173047,0.11572379736602074,0.03774912541189302
1404,0.26997490363472515,0.5701330106958257,0.12043138659434928,0.03946069907509881
1405,0.24652246421972046,0.5742048286599628,0.13555499573525906,0.043717711385056895
1406,0.24560228705667042,0.5868091077068842,0.13466848566946035,0.0329201195669853
1407,0.26847675766249524,0.5675027662643465,0.12359713570841191,0.04042334036474702
1408,0.23974810291128135,0.5943848070815356,0.1292445924709294,0.03662249753625423
1409,0.2766599287214418,0.5698562707983225,0.11403585796253485,0.03944794251770137
1410,0.271764844527139,0.5878055627507813,0.10692643861298227,0.03350315410909678
1411,0.28456709794546264,0.5510987600826667,0.1257344985733933,0.0385996433984768
1412,0.29071876112701134,0.5347521717316996,0.1357911349921148,0.03873793214917419
1413,0.261111236050894,0.5781709335979093,0.12233953533610237,0.03837829501509387
1414,0.27055506631243686,0.6004421514878819,0.10418133569133588,0.02482144650834572
1415,0.26276353044832096,0.5680881390695943,0.13649634144544637,0.032651989036637144
1416,0.15083055803655238,0.7621838603939511,0.07147053156283353,0.015515050006662852
1417,0.2604281949028123,0.5615114765555823,0.13238472590927639,0.045675602632328734
1418,0.26496256100130594,0.5652848885611321,0.13080262396996706,0.03894992646759483
1419,0.24438674566513466,0.590367691940104,0.12996296968255994,0.03528259271220049
1420,0.2684627572374756,0.5590520129657531,0.13312950195719728,0.039355727839575104
1421,0.2866864291211631,0.5513646920877073,0.13460720713797075,0.027341671653157366
1422,0.25937761490426803,0.5744421667555338,0.12769851697864304,0.03848170136155674
1423,0.2567166985721165,0.576150000727634,0.12825046923069514,0.03888283146955202
1424,0.22677485181272378,0.6670572084925784,0.08633080452453291,0.019837135170163528
1425,0.2549620735143738,0.574575973969951,0.13013220354256674,0.040329748973109196
1426,0.2716220294432509,0.575381659626302,0.11776457219396907,0.03523173873647807
1427,0.2694584517758029,0.570461351084004,0.12032746138971347,0.03975273575047962
1428,0.2508575431092783,0.5826932158414074,0.13009412633611817,0.03635511471319602
1429,0.24299220649056685,0.5926276271434502,0.12465246833845989,0.03972769802752251
1430,0.2731424450298286,0.5738399219656191,0.11558987585519835,0.03742775714935372
1431,0.27045524051699626,0.5667106244059803,0.12107457030014164,0.04175956477688116
1432,0.26990494477989313,0.5694659759266685,0.12484832296357054,0.03578075632986878
1433,0.25336712753073365,0.5743986905898363,0.13154265638473434,0.04069152549469395
1434,0.27011047488370066,0.5716701386361247,0.1180009222838597,0.040218464196315105
1435,0.26149147214921736,0.5645147125906638,0.12837852001403166,0.04561529524608707
1436,0.2609338956311982,0.5694072756239444,0.12689355135735075,0.04276527738750603
1437,0.26965003206894445,0.5749341235157761,0.1155567756263871,0.03985906878889309
1438,0.21830535094549616,0.6333270882481371,0.11339453419193171,0.03497302661443509
1439,0.25417677255903437,0.5785105982411144,0.12267166203536423,0.04464096716448614
1440,0.2687392210735351,0.5616169627640806,0.13062703976962486,0.039016776392759626
1441,0.2712668089215802,0.5566511810913518,0.13339414746646108,0.03868786252060705
1442,0.21624325358526852,0.596637513639764,0.13307233185450673,0.054046900920460016
1443,0.18957193236993253,0.6829612449982896,0.09952415190755366,0.027942670724224086
1444,0.2786178181321904,0.5681928672345212,0.11451272224664379,0.03867659238664487
1445,0.25723432569239013,0.5732915392200141,0.1273075980305882,0.04216653705700719
1446,0.2563112076802105,0.5683692967463373,0.13284940224848926,0.04247009332496466
1447,0.27055091986574253,0.5578625989794967,0.13363811196377479,0.03794836919098589
1448,0.2536955057244549,0.5758874737657349,0.1286522923224754,0.041764728187334815
1449,0.24020282807571075,0.6132949984996448,0.11284621211922301,0.03365596130542237
1450,0.2647994867933984,0.5601671051427722,0.12890521536994085,0.04612819269389002
1451,0.25054550534244013,0.584639840161665,0.12249748397863802,0.04231717051725677
1452,0.2749883266279711,0.5699222438852285,0.11776001089316375,0.037329418593637434
1453,0.2523514684606698,0.5853212422058892,0.12378505196898679,0.03854223736445549
1454,0.2773753333913855,0.5559951353719154,0.12502499207105625,0.041604539165643495
1455,0.257090698248043,0.5701516143414167,0.13299654218598486,0.03976114522455673
1456,0.2578793520205796,0.5760111617027669,0.12914590409603763,0.03696358218061541
1457,0.22825940292796715,0.589822894216336,0.13802486125196753,0.043892841603729624
1458,0.2660966290388561,0.569884157672717,0.12307565349432421,0.04094355979410274
1459,0.27058680021366366,0.5569777335031927,0.13423704501184117,0.03819842127130322
1460,0.2590296463168072,0.5679993772520566,0.13184608940577966,0.04112488702535559
1461,0.2616845371709027,0.5659797601835692,0.13324814324502562,0.03908755940050161
1462,0.2583129470610682,0.5705960081378728,0.12889572643278227,0.04219531836827607
1463,0.26483891888074224,0.5767700784325783,0.11801981156896123,0.04037119111771806
1464,0.26626511734906444,0.5709153770586854,0.12059846554637414,0.04222104004587589
1465,0.09721516716461223,0.7966418486610335,0.07638096561033744,0.029762018564016682
1466,0.2610328792214182,0.5639416254183354,0.12984280969367665,0.0451826856665695
1467,0.23029015054560334,0.6481457766156012,0.0958998124062948,0.025664260432499485
1468,0.2693266563956403,0.5706774237417737,0.12097016705413803,0.03902575280844832
1469,0.27369811009115036,0.565639073731066,0.12135833206952992,0.03930448410825489
1470,0.2628133104403549,0.5717474525011995,0.12741329090947132,0.03802594614897456
1471,0.2308468163403628,0.6061874198868811,0.12640664954496364,0.0365591142277923
1472,0.2432267406318267,0.626318347199472,0.10471565889928768,0.025739253269412465
1473,0.2700922132809173,0.5676358589903056,0.12030336905391206,0.04196855867486526
1474,0.2696897571379391,0.5734755476282902,0.11700142564971651,0.03983326958405431
1475,0.25604287840394746,0.5688273144876649,0.1334116262102305,0.04171818089815714
1476,0.27077825672355443,0.5529833207299929,0.1371208141843615,0.03911760836209131
1477,0.26139507806952206,0.5678052599278097,0.12967320908896166,0.04112645291370683
1478,0.2699065093701344,0.5767904453794765,0.11536959505091318,0.03793345019947574
1479,0.2554608473831346,0.5753382936179885,0.1281727783781862,0.04102808062068961
1480,0.16889218817647167,0.7073699202028129,0.09425826465932184,0.0294796269613943
1481,0.2673470480038541,0.5683160377889865,0.1232894031961357,0.04104751101102377
1482,0.25156295537667495,0.5884099131742216,0.12245807785722564,0.037569053591877524
1483,0.2641865947835162,0.5628901802842851,0.13260051763167563,0.04032270730052213
1484,0.2711799071628733,0.5743986932188406,0.11531154276168595,0.03910985685659976
1485,0.2645329780168826,0.5648040985690744,0.13065563840172173,0.04000728501232211
1486,0.26056848509953445,0.5798391275931082,0.11845852857589285,0.04113385873146584
1487,0.2577743827588886,0.5772889067841346,0.1289444755188819,0.035992234938095065
1488,0.270948514739264,0.5722787120258936,0.11770713535778929,0.03906563787705387
1489,0.24508291270096869,0.5869028014516102,0.12777925045088717,0.0402350353965345
1490,0.26722345760853733,0.5723615375455238,0.11926997005971517,0.04114503478622379
1491,0.2125298765714585,0.6708838549013615,0.09590000239368346,0.020686266133496407
1492,0.267760707837684,0.5600975016546522,0.13487196288220635,0.037269827625457205
1493,0.2586802680226899,0.5696979081052812,0.1347133603704939,0.03690846350153573
1494,0.24650008193083808,0.5776316849306619,0.1321223072539567,0.04374592588454433
1495,0.19657672518652358,0.7056335739148456,0.07704650007200173,0.02074320082662842
1496,0.27004650328143187,0.5841432441894004,0.11618426801554717,0.029625984513620876
1497,0.25385273694313215,0.5694930856627589,0.14191868971292904,0.03473548768118056
1498,0.2646217287248543,0.5762749513687355,0.11943410034602683,0.03966921956038396
1499,0.2940506069875839,0.5553506187102574,0.12126261017998353,0.029336164122173693
1500,0.27569427202348595,0.5628292200657262,0.1273685147792403,0.03410799313154699
1501,0.24124741021694232,0.5884825344468159,0.12819185339865136,0.04207820193759048
1502,0.25744863726410433,0.5723590813733362,0.12814517344029794,0.04204710792226059
1503,0.25922264853368604,0.570297309943004,0.12963624072678046,0.040843800796529224
1504,0.27075022430184736,0.570628731781644,0.11743199383440173,0.04118905008210623
1505,0.26560678497368606,0.5697892396026941,0.12514887778719233,0.03945509763642712
1506,0.26172989155450926,0.5680734089636715,0.13227209981358684,0.037924599668231786
1507,0.25553186618369966,0.5671019202332046,0.1326488718602945,0.04471734172280309
1508,0.3435203346064106,0.5411002414168068,0.08744142589160163,0.027937998085180108
1509,0.27537644327644545,0.5698538088884841,0.1158492804536935,0.038920467381377326
1510,0.271746221215505,0.5692776557667538,0.11690024225398164,0.0420758807637588
1511,0.26558377456595567,0.5700614249593648,0.12095951826378458,0.04339528221089621
1512,0.2625065557929709,0.5631548659255764,0.13170648444993927,0.04263209383151331
1513,0.27342882281882747,0.5734032242945144,0.11717131945564835,0.03599663343101008
1514,0.2588258667962898,0.5804188270416917,0.12222685526873342,0.03852845089328407
1515,0.268320381810837,0.5677367595390713,0.130058547293058,0.033884311357033486
1516,0.23353047072394492,0.5884032405402954,0.13429554474664962,0.04377074398911026
1517,0.2749224477718332,0.5754989683947807,0.11592459075672391,0.03365399307666361
1518,0.2597245918710303,0.5752462120285905,0.12533066136268606,0.03969853473769395
1519,0.260826862054705,0.5657858417090582,0.13184520005716197,0.04154209617907452
1520,0.2751838143959301,0.5621278789971006,0.12236432196745442,0.040323984639514414
1521,0.24805372888561855,0.5879912497716027,0.12643157765322713,0.03752344368955286
1522,0.23597666423406466,0.6117743508063852,0.1148473676533069,0.037401617306243536
1523,0.2689308962634073,0.5723983273729168,0.11983184839694468,0.038838927966731315
1524,0.2677689312784105,0.5722195355571688,0.12606579218628122,0.03394574097813961
1525,0.24062648101581766,0.593531044456448,0.127818815749926,0.0380236587778097
1526,0.2585984899856823,0.581888681655409,0.1226292147348823,0.03688361362402778
1527,0.2662002778290942,0.5780278724457406,0.12102633697285,0.03474551275231515
1528,0.254106559042942,0.5852183861796807,0.12154065902715026,0.039134395750227674
1529,0.26475803605430615,0.5570565632855224,0.13258191640115327,0.045603484259018605
1530,0.2680844249025053,0.567721036942765,0.12490010340880052,0.03929443474593008
1531,0.27196714853814696,0.5771432630059198,0.11455067785055142,0.03633891060538282
1532,0.26427090317692586,0.5799899995404252,0.11664800203926542,0.03909109524338447
1533,0.2690500101003468,0.5544555454894168,0.13806598844353735,0.038428455966699845
1534,0.2528694221770362,0.5835005762924366,0.12485384786456143,0.03877615366596689
1535,0.21505069990179287,0.6460397127290267,0.09996148364893731,0.038948103720244744
1536,0.2523999962080307,0.5806171564106944,0.12761634639558506,0.03936650098569045
1537,0.26165850426974663,0.5614473154379949,0.13589589338409186,0.04099828690816696
1538,0.2489997683588327,0.6089123171018982,0.10986636392773726,0.03222155061153273
1539,0.2711219863696478,0.5744672419079373,0.11475296890656758,0.03965780281584572
1540,0.2606311852643345,0.5613389616907531,0.13269366594057252,0.04533618710433806
1541,0.2792370579896276,0.5543360944324847,0.13034053832124287,0.03608630925664646
1542,0.271575867357374,0.5666660054642755,0.12080929080269398,0.0409488363756571
1543,0.2572288272389664,0.5750792288877435,0.1301533989579706,0.037538544915319834
1544,0.25402836447927624,0.5750920016930637,0.12958472875959914,0.04129490506806033
1545,0.26845843279587095,0.5668424877731689,0.12910033395100085,0.03559874547995925
1546,0.26197810632866464,0.5804778777646928,0.12405168303414975,0.0334923328724941
1547,0.30891581416122893,0.5510551311406681,0.10899648891551637,0.031032565782587573
1548,0.2590433865775282,0.5717357360916606,0.1333691755953252,0.03585170173548403
1549,0.24857210475565425,0.582508867252967,0.1300449001291002,0.03887412786227915
1550,0.26693878406579363,0.5630310982111582,0.12685714492912914,0.04317297279391983
1551,0.27725004569465317,0.5659044545949904,0.11520005854379349,0.041645441166563546
1552,0.2627899117070881,0.5737259206913745,0.12773140357219231,0.035752764029344276
1553,0.2711018265293319,0.574011155205166,0.11654520916688423,0.03834180909861698
1554,0.26156477308240844,0.5676378920601144,0.13344878736052723,0.03734854749695027
1555,0.2421308050108076,0.5857270292094426,0.12915464454090345,0.04298752123884568
1556,0.27682656819272905,0.5756720123479399,0.11063839507885521,0.03686302438047633
1557,0.25844907420820745,0.5528185504480818,0.1374462674632896,0.05128610788042028
1558,0.2458810822282196,0.5854737635394245,0.12790186980988594,0.040743284422469064
1559,0.2618155276431826,0.5726760675199921,0.12618686605757046,0.039321538779253755
1560,0.25851772707255954,0.5779388502625523,0.124009192567069,0.03953423009781984
1561,0.24903387955741307,0.592462688815208,0.11883413344083016,0.03966929818654756
1562,0.2299808182194885,0.58722172765045,0.13820715605352246,0.04459029807653804
1563,0.2586048883718158,0.5886795573971944,0.11483626106035295,0.03787929317063804
1564,0.263281000467512,0.5894350173632082,0.11319990123444128,0.03408408093484028
1565,0.2707768900006782,0.5643198777908264,0.12201019435793337,0.04289303785056192
1566,0.2628669015603667,0.5691239031989346,0.1286527764899181,0.039356418750779686
1567,0.27209325417225727,0.5566170283918733,0.13243103489007615,0.038858682545794075
1568,0.22275935489680007,0.6566987159094748,0.09683719133377475,0.02370473785994996
1569,0.2763228190233315,0.5745549226840592,0.11191548097123537,0.03720677732137296
1570,0.24098352270392714,0.5961488183956393,0.12913850779078684,0.033729151109648636
1571,0.27144224441419346,0.5566686031983278,0.13315605466340036,0.03873309772407878
1572,0.2610471580877595,0.5759278185989439,0.12125498531870314,0.041770037994593806
1573,0.2558860401647398,0.5697514386235205,0.1351968940708557,0.03916562714088502
1574,0.2716692605643965,0.5574546838997239,0.1333562370001296,0.03751981853574928
1575,0.25194617175135503,0.5811502380742152,0.12567044537417815,0.04123314480025111
1576,0.2699607823104174,0.5766178531984898,0.11674990909401924,0.036671455397074275
1577,0.2570496453912673,0.5704553236470068,0.14132382275288888,0.031171208208837484
1578,0.24931155822204307,0.5744981136273749,0.13424614873402949,0.041944179416552145
1579,0.20657909039465408,0.6245010431628767,0.13268661598430898,0.03623325045815927
1580,0.26704506861994254,0.561993110914175,0.13371090761335913,0.03725091285252283
1581,0.25382781091558854,0.5942289141579253,0.11927960941810746,0.032663665508378854
1582,0.2733343735346469,0.5734910015395549,0.11448137300126994,0.038693251924528466
1583,0.2585106016208004,0.5787428316468017,0.12262829130894759,0.04011827542344959
1584,0.2771223153725855,0.5670859007620257,0.11574279920640171,0.040048984658987145
1585,0.26610180518372306,0.5784770253776594,0.11640902884627755,0.03901214059234076
1586,0.2683878740532472,0.5700979012869994,0.1232272711508594,0.038286953508892746
1587,0.26310461829403065,0.571507729456486,0.1244036407290773,0.040984011520405164
1588,0.27004573470179694,0.5712090027166676,0.11854375284063548,0.04020150974089868
1589,0.2827946419423495,0.5483459699924662,0.1343201821646602,0.03453920590052531
1590,0.2643081017134872,0.5683142749787806,0.12656955894425106,0.04080806436348182
1591,0.2695431413115526,0.5576393187613928,0.12716924881514294,0.04564829111191239
1592,0.26506308618408236,0.5941634448432586,0.12196317291848155,0.018810296054177163
1593,0.23630663702521545,0.5860368229011309,0.13681147143163877,0.04084506864201533
1594,0.25354234847440255,0.5717405980767601,0.1324493836332438,0.04226766981559271
1595,0.2722114786797488,0.5533497829719833,0.13585085536512959,0.038587882983140157
1596,0.2510980480584692,0.5734144139841109,0.12947511393815736,0.04601242401926152
1597,0.2564997330456142,0.5700659488112022,0.13633149914944404,0.03710281899373923
1598,0.2523469639420438,0.5794557109875251,0.12859063674379723,0.039606688326634734
1599,0.13313550479920402,0.786850696375605,0.06441257396304158,0.01560122486214944
1600,0.26258847154544,0.5714177687566327,0.12279201897955405,0.04320174071837344
1601,0.2594921874175362,0.5704346014589022,0.12970400878608762,0.0403692023374741
1602,0.2573292092644015,0.5633030624887033,0.13371560646780645,0.04565212177908833
1603,0.26734375617087464,0.572466351451069,0.12033481873545392,0.03985507364260235
1604,0.27052648563869625,0.574014564724561,0.11700461970199094,0.03845432993475236
1605,0.26190941092011755,0.5671120032249114,0.12933995760258615,0.04163862825238417
1606,0.260749057452276,0.5657728792443346,0.1334148610826887,0.04006320222070027
1607,0.22524027861353627,0.6386113193381155,0.10971805665425331,0.02643034539409413
1608,0.2654814423369928,0.5706967498436429,0.12282286825352452,0.04099893956583875
1609,0.2630758249654334,0.5788318525493698,0.12210226436057307,0.03599005812462325
1610,0.23023816830987195,0.5879240313373897,0.13144740455144388,0.05039039580129513
1611,0.27175423025434486,0.5675713882671628,0.1192895674765628,0.04138481400192826
1612,0.3151363456665287,0.5641941938709056,0.09339682457220494,0.02727263589036121
1613,0.2546039113234814,0.5649526040608804,0.144908712888256,0.03553477172738165
1614,0.2592554872623815,0.5682988207816825,0.13529310198952121,0.03715258996641418
1615,0.2898683976127758,0.5698673109028529,0.11103162728150351,0.029232664202867648
1616,0.2744260031287525,0.5680781785609147,0.1182793779283042,0.039216440382028116
1617,0.27109278583857926,0.5706014347057813,0.12026034553701075,0.03804543391863
1618,0.2672967698882805,0.5690582605995731,0.12609611716918812,0.03754885234295884
1619,0.22391000783216838,0.6275478861119723,0.1173498568329647,0.031192249222894926
1620,0.31629976681462757,0.5531996111883651,0.10150998121553574,0.02899064078147216
1621,0.2674437278995341,0.5643215307162092,0.1292978594682259,0.03893688191603137
1622,0.14653437466266508,0.7269216976225553,0.08513085828015159,0.04141306943462667
1623,0.2504868290707865,0.5786447161407657,0.12788611969872515,0.042982335089721116
1624,0.26206383662777344,0.566858345077941,0.13111012100682953,0.03996769728745645
1625,0.2570856147514678,0.5755126880302105,0.12533867018418984,0.042063027034132665
1626,0.2530972004749767,0.5782571400711054,0.12549455276639598,0.04315110668752238
1627,0.2522583684063273,0.5656630605378953,0.13590080090124787,0.046177770154530715
1628,0.27512066996009005,0.5645792723660102,0.12243979590193878,0.03786026177196161
1629,0.26027184482422216,0.5756054634577558,0.12412632835437289,0.03999636336364822
1630,0.26597760671262927,0.5713262789904078,0.12300652359003725,0.039689590706925106
1631,0.27705962949819624,0.5680582858990546,0.11552194281490281,0.03936014178784726
1632,0.27076137892522795,0.5651539569245344,0.1276139219154969,0.0364707422347405
1633,0.2557915609965274,0.5867843233192319,0.12116912623359188,0.036254989450648006
1634,0.2667311936875657,0.5747042617706024,0.11866444425129907,0.03990010029053231
1635,0.2722781535585865,0.5530969208895825,0.13652545575576258,0.03809946979606877
1636,0.22561320121581727,0.6329148574479179,0.11041927625185119,0.031052665084411738
1637,0.27377846098520436,0.5750980942903557,0.11656562467474997,0.03455782004968901
1638,0.21949232487803397,0.651316606139997,0.09638886355417917,0.03280220542779084
1639,0.27836666825657674,0.5687939029356135,0.11564257587450756,0.03719685293330377
1640,0.2517821590852145,0.5858502680323278,0.1283011276272779,0.034066445255180496
1641,0.2781779627508061,0.5690120540650755,0.11354656333974512,0.03926341984437421
1642,0.2661707314240693,0.565222877568533,0.1319201110270178,0.03668627998038011
1643,0.2662168542223295,0.5632668550216585,0.13532457450457364,0.03519171625143994
1644,0.27474686165145745,0.56866182374552,0.11724005102460382,0.0393512635784184
1645,0.27368797854680443,0.5615557398465358,0.12062122621830543,0.04413505538835553
1646,0.25898342505072086,0.5793350240491065,0.11938189814555825,0.04229965275461567
1647,0.24870127943743556,0.5880037269961018,0.12410367285009645,0.039191320716367224
1648,0.2644615138438589,0.5642689266209789,0.12920641039455336,0.04206314914060874
1649,0.26863951698881267,0.5632153730996401,0.12707163425058432,0.04107347566096289
1650,0.2576915243604849,0.5768460937523817,0.12470687451864867,0.04075550736848474
1651,0.270309031218833,0.5598312516807311,0.13653904995148744,0.03332066714894928
1652,0.21911453327304814,0.5969158738207779,0.1395687732545338,0.04440081965164062
1653,0.2642539176315851,0.5618542809894669,0.12816386016750356,0.04572794121144485
1654,0.2541299728999502,0.5744539745786847,0.12557801528248572,0.045838037238879595
1655,0.27514290853121903,0.5399476213838575,0.14725077727118183,0.037658692813741575
1656,0.2712879892280887,0.5650923521007417,0.12102549647974481,0.042594162191424784
1657,0.2529864109364213,0.5657911388812255,0.13230971502534225,0.048912735157011666
1658,0.2740719202912372,0.5671170068088612,0.11760346347109278,0.04120760942880764
1659,0.25975367971061847,0.5699521842133202,0.12690616765999535,0.04338796841606446
1660,0.27121931382464914,0.5750272139242758,0.11571888425406378,0.03803458799701255
1661,0.25685658901410874,0.5695968371522413,0.13714851485725135,0.036398058976399875
1662,0.27086749555153555,0.5599998087153027,0.1324085844920477,0.03672411124111548
1663,0.2639911553360821,0.5838543518072415,0.11617881227787731,0.03597568057879931
1664,0.2672295067591514,0.5679004069004481,0.1218914304090346,0.042978655931365295
1665,0.27512644378747203,0.5678062289823771,0.11621693755356806,0.040850389676582326
1666,0.26893880875450277,0.572944857423753,0.11847302053357142,0.03964331328817252
1667,0.2697709521934512,0.5675927039266421,0.1218181130988302,0.04081823078107536
1668,0.26928709896245584,0.5728274685942507,0.11726491607684505,0.04062051636644931
1669,0.2529122905534292,0.5727284969884685,0.13040171768103623,0.04395749477706577
1670,0.22960715110173452,0.6058632092612889,0.13007713977263702,0.034452499864338806
1671,0.2743808629033142,0.5644968525089586,0.12251260651148463,0.038609678076241716
1672,0.2695037164929559,0.5672812408369431,0.1269763981093086,0.036238644560789256
1673,0.24171737706785903,0.5925400022871353,0.12817644075927692,0.03756617988572852
1674,0.2510158572585875,0.5809476971041894,0.12600943771466755,0.04202700792255478
1675,0.26887269706434147,0.5692214378063107,0.1212837782818466,0.04062208684750106
1676,0.2584903314073687,0.5668926567314948,0.13267536899895807,0.04194164286217773
1677,0.24024849153114666,0.5949349331801433,0.12934289639021343,0.03547367889849472
1678,0.2225808518921089,0.6252288183973225,0.12331573808450826,0.028874591626059803
1679,0.232779180917109,0.6086213877999078,0.11869085570969555,0.03990857557328846
1680,0.2691546781757977,0.5649307463985296,0.12699441642844506,0.03892015899722731
1681,0.2518190269102217,0.5753995134313742,0.1367170792686317,0.03606438038977292
1682,0.2676954608862581,0.564999916417904,0.1322144614260616,0.035090161269775925
1683,0.266069156825839,0.5642867153474136,0.12987328951837687,0.03977083830837095
1684,0.27464732606565057,0.5712507888440835,0.11543577788556623,0.0386661072046998
1685,0.26434380245867184,0.5541833757753403,0.13748538314151268,0.043987438624475975
1686,0.31947561997723223,0.5567453174033172,0.09409805404189184,0.02968100857755801
1687,0.25481552260316787,0.5645144108541182,0.13612456733195927,0.04454549921075458
1688,0.24944708953987144,0.583717779010798,0.12864488269534358,0.03819024875398855
1689,0.2543828591735584,0.5712005435910448,0.12715232265814821,0.047264274577248175
1690,0.2569361232737728,0.5693853749425412,0.1316155688449538,0.042062932938731715
1691,0.24512625288527795,0.587085584570012,0.13120458670135152,0.03658357584335811
1692,0.27522329761482467,0.5755384678254634,0.11324060334264245,0.03599763121706944
1693,0.27638805627418433,0.565695111687323,0.11892901323970373,0.03898781879878907
1694,0.2709728573216041,0.5609373065062372,0.12245667791477255,0.04563315825738683
1695,0.26811476406560963,0.5724670174397939,0.12143760704101261,0.03798061145358274
1696,0.2700361977852894,0.5717437315942066,0.11956919739280437,0.03865087322769956
1697,0.15368310932484647,0.7701177090103822,0.06269180271097448,0.01350737895379659
1698,0.26967126869752994,0.5583250418771394,0.1341345082752101,0.03786918115012047
1699,0.26687086971098406,0.5638120956121481,0.132837074112401,0.036479960564465966
1700,0.25655923471835795,0.5847037706753472,0.11990765520110085,0.03882933940519298
1701,0.24495908425143742,0.6190283082981745,0.10499352762651772,0.03101907982387103
1702,0.26532667826704376,0.5655058996684135,0.12503990605023782,0.04412751601430335
1703,0.2442340412646333,0.5902809007686199,0.12890706921817402,0.0365779887485723
1704,0.27386588987340105,0.5696434564637611,0.1170048229196663,0.03948583074317278
1705,0.27054792618375567,0.5654115518749534,0.12505929955763564,0.03898122238365567
1706,0.27142143367231236,0.5645411939353981,0.12246549268630727,0.04157187970598192
1707,0.2615903892549171,0.558130771722144,0.13325638609013907,0.04702245293280044
1708,0.26108553670892504,0.58473342371457,0.12278228528162538,0.03139875429488019
1709,0.2543223603329082,0.5771768752631097,0.125833567328786,0.04266719707519532
1710,0.26741276145744947,0.5671451248601607,0.13142028458550586,0.03402182909688618
1711,0.24817584151454314,0.5830485767286665,0.12635155024352981,0.04242403151326111
1712,0.27369943009769226,0.5689770247253877,0.11778858774662382,0.039534957430296294
1713,0.2428444714211395,0.6242769727431592,0.1011075745682984,0.03177098126740343
1714,0.25681186606879136,0.5760472174677096,0.12512710362356022,0.042013812839939296
1715,0.25101811000626756,0.6004830558785321,0.11493900104790157,0.03355983306729921
1716,0.26287531169271006,0.5714149933333245,0.12415253200044038,0.0415571629735245
1717,0.26796808951156414,0.5748310349911179,0.11853029286210508,0.03867058263521316
1718,0.2694245112257105,0.5745479662732056,0.11674372716151714,0.03928379533956674
1719,0.24814296607651068,0.5807065428117558,0.12524248751735445,0.0459080035943782
1720,0.25619024150065467,0.5548448698042654,0.13763365847171008,0.05133123022336949
1721,0.2549389913425194,0.5937867654195984,0.11548124478536577,0.03579299845251537
1722,0.2683307844192868,0.5847931190033046,0.11238441882796348,0.034491677749445886
1723,0.35545410834929203,0.5611002090211834,0.06885815491515959,0.014587527714365162
1724,0.268551463236143,0.570635956327873,0.12072922597891218,0.04008335445707211
1725,0.25953547947980726,0.5639715154921442,0.14489682467705922,0.03159618035098953
1726,0.2705922572328619,0.5724898630272537,0.11839237144142903,0.03852550829845647
1727,0.263487342085685,0.5698198679867158,0.1254355623578462,0.04125722756975289
1728,0.27414379640082664,0.5717120887313106,0.11632719659702659,0.037816918270836525
1729,0.2645002997099535,0.5734952749139276,0.11994796427256726,0.042056461103551615
1730,0.2703751320352278,0.5680364537996342,0.12190599088503948,0.03968242328009775
1731,0.2616853302540582,0.5656942955673686,0.13348395355332635,0.03913642062524671
1732,0.2722090490997275,0.5676513006583749,0.11891845594580677,0.04122119429609246
1733,0.2703074664032414,0.5685007748107752,0.1189964421395187,0.042195316646465
1734,0.25969814002594416,0.5681880903299364,0.13219624241486538,0.03991752722925379
1735,0.2576479030797286,0.5671657949053506,0.13419123781408868,0.04099506420083208
1736,0.27312232572605194,0.5825361829487125,0.11435218409457101,0.029989307230664182
1737,0.24982609382169324,0.5895552498787421,0.1288449601084574,0.03177369619110693
1738,0.2831154822067633,0.5653338850865546,0.11525460609196457,0.03629602661471754
1739,0.26368145300922025,0.5671486085824475,0.13167034371559447,0.03749959469273816
1740,0.27406880449007875,0.564885688067619,0.12027403912820246,0.04077146831410112
1741,0.24311000634588115,0.6013095151257339,0.1192602085462621,0.036320269982121525
1742,0.2761417070039902,0.5655678397057897,0.11722885250451352,0.041061600785705574
1743,0.24948842712553818,0.5762230452213986,0.13309606030028412,0.04119246735278079
1744,0.2634574576161828,0.5671690140346831,0.12443586572347683,0.044937662625656224
1745,0.22766265276074305,0.6261521822618774,0.11893327043873407,0.02725189453864613
1746,0.2705164495325162,0.5663128135568815,0.12217784340887414,0.040992893501726725
1747,0.24727217245270394,0.584805498689383,0.1287381365071765,0.03918419235073621
1748,0.18631471226082766,0.6962075536031028,0.09778190341614518,0.019695830719925412
1749,0.27466138102689264,0.5686521793894099,0.11819539634914847,0.038491043234549605
1750,0.264073540622327,0.5704644952640425,0.12600610755906091,0.03945585655457019
1751,0.22916320375322508,0.6369391494026037,0.10591503489178088,0.02798261195238885
1752,0.2600755423578019,0.559299910149945,0.13350623805905862,0.047118309433195456
1753,0.2674872378926663,0.5786349955306935,0.11491497816103699,0.038962788415602426
1754,0.15252430729822655,0.6980816806292607,0.11210557325899058,0.0372884388135201
1755,0.2477671109343683,0.579017549543517,0.13169960785022106,0.04151573167189218
1756,0.2669632910634347,0.563894621980381,0.129456462002196,0.03968562495398939
1757,0.2586720503101078,0.591166840484883,0.11529592058052096,0.034865188624489014
1758,0.24939431982249113,0.5752769422056513,0.13495525009704523,0.0403734878748129
1759,0.25258256256829176,0.5712101993472507,0.12731062643558075,0.048896611648876556
1760,0.2627125106031702,0.567631992947965,0.13241810401860526,0.037237392430259565
1761,0.07074606393017825,0.8710791502606786,0.03969739195217494,0.018477393856968897
1762,0.2402355399813294,0.5861209701162641,0.12696156165427944,0.04668192824812749
1763,0.25931485997602166,0.5671618293442813,0.13043547405711298,0.04308783662258491
1764,0.279539059921456,0.5741742808439503,0.1102222203882219,0.03606443884637113
1765,0.27050947235948825,0.5681934795321375,0.11942910510633056,0.04186794300204441
1766,0.2591526161453915,0.5687109683109655,0.13431863023888477,0.03781778530475877
1767,0.2744168534675982,0.5531096386937104,0.1351100514200759,0.037363456418614986
1768,0.1367674924330826,0.7763565864736437,0.06776824681094964,0.01910767428232354
1769,0.2641970649096496,0.5682983098769809,0.12794028352178738,0.03956434169158256
1770,0.2438324115185222,0.5769237558071988,0.13118032135613647,0.04806351131814231
1771,0.3098040498619605,0.5368844559514087,0.11861516120465897,0.03469633298197352
1772,0.25633544968515454,0.5905674758233501,0.12182378902669848,0.031273285464797546
1773,0.25596996489371143,0.5766396348747431,0.1261409955064316,0.04124940472511341
1774,0.2662066223045087,0.5630690921427804,0.13270928971691828,0.03801499583579201
1775,0.2737308564609719,0.5706464635452962,0.11668616840582921,0.03893651158790392
1776,0.273811359189346,0.5615700160229236,0.12917556044564604,0.03544306434208465
1777,0.26874374243861554,0.5688584287440184,0.12078980958934893,0.04160801922801721
1778,0.26706799468033604,0.5767517507921616,0.11720425798347572,0.0389759965440265
1779,0.2489580999045225,0.5692724585650953,0.14025312870339296,0.041516312826987915
1780,0.2528228656875711,0.5767988957499912,0.130905282587722,0.03947295597471541
1781,0.27086454601109594,0.559082520442638,0.12668102465415995,0.04337190889210709
1782,0.2673243644004255,0.5576516547863216,0.13729715610873636,0.03772682470451817
1783,0.2517666662710446,0.574198914176195,0.13404251726033065,0.03999190229242873
1784,0.26806453050330153,0.5707453950467117,0.12156128365594938,0.039628790794038166
1785,0.2710282149015925,0.5701950472263696,0.1211427120241605,0.0376340258478777
1786,0.29607228122255375,0.5565268401066075,0.11083006773034203,0.03657081094049491
1787,0.2462609730658321,0.5850909323675861,0.12543961833456313,0.043208476232017935
1788,0.2713643720616263,0.5756336969963717,0.11699640962009342,0.036005521321907014
1789,0.23899035864956913,0.5811408756669493,0.13716911323498734,0.04269965244849407
1790,0.23176881413596012,0.6100711352639,0.1176425339979299,0.04051751660220963
1791,0.24890257815422281,0.5693450686728277,0.13756128720820332,0.04419106596474542
1792,0.25311726753210684,0.5776563136054231,0.13182931990167257,0.037397098960797306
1793,0.2517759486141529,0.5733115717383385,0.14173545931772105,0.03317702032978693
1794,0.2693767791026941,0.5815144765594562,0.11462786476643408,0.03448087957141528
1795,0.268633517729716,0.5680386341478718,0.12439847182811187,0.0389293762943001
1796,0.2511790956509373,0.598698411878126,0.12072414879058489,0.029398343680352143
1797,0.26415044475639954,0.5644114584234143,0.13223816347968428,0.03919993334050102
1798,0.27192043500776586,0.5564541309900571,0.13338968892939151,0.03823574507278595
1799,0.2731869498970679,0.566349087455355,0.12034166358207668,0.040122299065500355
1800,0.27501195911559123,0.5659613486034352,0.11774277374785434,0.04128391853311922
1801,0.2770558154321352,0.5692253074334191,0.11521012816614934,0.038508748968296536
1802,0.2542917636994406,0.5817978940536555,0.12606751074706354,0.03784283149984151
1803,0.26316270433833194,0.5744245677200561,0.11970293032874546,0.04270979761286591
1804,0.24650398163439793,0.5842384078995619,0.12675377248049954,0.04250383798554114
1805,0.2807473806734125,0.5489707767013338,0.12990880038231156,0.04037304224294157
1806,0.2537282620599419,0.5669618118653529,0.13256885187794232,0.04674107419676305
1807,0.27506450389207254,0.5627516086818058,0.12095595179166224,0.04122793563446006
1808,0.27671049277193804,0.5582841527318987,0.1280796314245575,0.036925723071605174
1809,0.24247648810022376,0.6102247602812451,0.11531072035762246,0.03198803126090909
1810,0.2368958284927619,0.6045364773123172,0.12616648067398598,0.03240121352093534
1811,0.263886829651933,0.5617511753045542,0.12953034514696768,0.04483164989654616
1812,0.27783110517371296,0.5735621018847704,0.1118088514077632,0.03679794153375375
1813,0.26045724429887585,0.5653633228617713,0.13392224027897184,0.040257192560380156
1814,0.26815674328040373,0.5653560837371521,0.12488528229352232,0.041601890688924476
1815,0.2590324740968413,0.5695444543259947,0.13317694846996794,0.03824612310719643
1816,0.25392755012892315,0.5772738919977046,0.134034354207771,0.034764203665601075
1817,0.2607240275485622,0.5727693782994089,0.126680696583055,0.039825897568972424
1818,0.21819095516289796,0.6065828825187144,0.13623650175180504,0.038989660566581916
1819,0.25541809970961105,0.5759336453882874,0.1251345482349422,0.0435137066671582
1820,0.2449531067928583,0.5841016087843146,0.1301278477967976,0.040817436626029206
1821,0.2683984836621711,0.5613417923851867,0.1309581671715307,0.03930155678111154
1822,0.26853021691859286,0.5713101263906047,0.11977232160267398,0.04038733508812803
1823,0.26691587034056335,0.5693127967584543,0.12094758265839665,0.04282375024258592
1824,0.2627663726030465,0.5663502160276624,0.13152802930858068,0.03935538206071037
1825,0.262337476977374,0.5743164244695169,0.12438621759652033,0.03895988095658853
1826,0.2622940507661565,0.571327779413378,0.1246687113903007,0.041709458430163694
1827,0.26756019086075683,0.5680001565163427,0.12724452428589575,0.03719512833700442
1828,0.2708052277381502,0.5781639663748608,0.11212184704761062,0.03890895883937865
1829,0.2618664979829072,0.5695294266768748,0.12614710568296045,0.04245696965725751
1830,0.27872660070324107,0.5529730721517556,0.12666866698110213,0.041631660163901386
1831,0.27605909591978056,0.5738895819453389,0.11340615925315432,0.0366451628817255
1832,0.2593054130474328,0.5728798199537717,0.1268563049234794,0.04095846207531506
1833,0.2582771956162368,0.5680329141417374,0.12967423154778504,0.04401565869423989
1834,0.2682905136440549,0.5601558479142127,0.13362843180991038,0.0379252066318233
1835,0.27693717167931714,0.5686240685728249,0.11727903987561306,0.0371597198722454
1836,0.2593220092521679,0.5696764215126932,0.13382034027477374,0.03718122896036565
1837,0.27085571947340303,0.5755166696910009,0.11526156533492717,0.03836604550066775
1838,0.26195619598113584,0.565750184841924,0.1317941823775662,0.04049943679937494
1839,0.26042885856600034,0.5639142707472024,0.13137905050011775,0.04427782018667949
1840,0.25879670745618416,0.5723875153014404,0.13104252192127183,0.03777325532110335
1841,0.2611545503565057,0.5777519055005946,0.12456191776071852,0.036531626382180916
1842,0.26741018661983573,0.5692005077847412,0.12228874048588784,0.04110056510953508
1843,0.23470993534840887,0.6074879902089124,0.12119052464559743,0.03661154979708078
1844,0.2499376328296391,0.5947056755954876,0.11218801395925784,0.04316867761561579
1845,0.22786934240681178,0.6436104547065972,0.10128400810656264,0.027236194780028325
1846,0.2770784859872291,0.57059288228671,0.11374352752875695,0.038585104197304314
1847,0.2641260284583411,0.5667429872592245,0.13110323137955024,0.03802775290288528
1848,0.26385847231669607,0.578929859609503,0.116919080719141,0.04029258735465948
1849,0.266442814252198,0.5781387918757358,0.11709702986186155,0.03832136401020403
1850,0.26416733312889445,0.5757433777468223,0.12242306249330225,0.03766622663098088
1851,0.2931737944435085,0.553759105037727,0.11433471187235911,0.038732388646405005
1852,0.26868697759250915,0.5684724828863615,0.12053226387742721,0.042308275643701786
1853,0.26667639250908476,0.5612216517658182,0.13167729405898063,0.04042466166611712
1854,0.26177812361605607,0.5622878989527542,0.1306187871587287,0.04531519027246131
1855,0.26552813802501746,0.560532101055267,0.1281398355420294,0.04579992537768716
1856,0.26868057440606835,0.5704941498886023,0.12039661501081055,0.04042866069451818
1857,0.25792941777876566,0.5770280383102607,0.12371607176106347,0.04132647214991048
1858,0.2728418153895642,0.5717751517751093,0.1171280564747009,0.03825497636062585
1859,0.26155164446113294,0.564660331800972,0.1296306104699974,0.04415741326789821
1860,0.27905794316198285,0.5649431199606612,0.11710258131282685,0.038896355564528896
1861,0.26207521281861107,0.5729550342329837,0.12399323213391375,0.04097652081449059
1862,0.26492797460253265,0.5683811257145277,0.13148521379330888,0.03520568588962989
1863,0.27241678431165667,0.5571657268503509,0.12783203460939038,0.04258545422860175
1864,0.26664395921729245,0.5721087536698175,0.1245287996212803,0.03671848749160965
1865,0.2574337900523457,0.6154174016212918,0.10288767845314614,0.024261129873216557
1866,0.2753766289901544,0.5688269419995086,0.11674145785557553,0.039054971154763536
1867,0.2757615166017052,0.5677389704015214,0.11973419982168033,0.036765313175091976
1868,0.24157425896709003,0.6136457781087845,0.11644013261568094,0.02833983030844424
1869,0.26728679784114756,0.5829567925656131,0.11745098716207124,0.032305422431169066
1870,0.2660625602203303,0.5697376256959571,0.12299354422138196,0.041206269862329344
1871,0.3687224996112586,0.5279424270171083,0.08139021563489032,0.02194485773674325
1872,0.2571904285788424,0.5731856825847561,0.12784875698810755,0.04177513184829435
1873,0.2603087196242175,0.574728324367114,0.12922723517102194,0.035735720837646666
1874,0.27493893608296116,0.564943023875081,0.11920698639351388,0.04091105364844447
1875,0.2712097595998301,0.5734028687417948,0.11697367250862883,0.038413699149746544
1876,0.2710683273715183,0.577607486790063,0.11427188240350336,0.03705230343491689
1877,0.26827630283739695,0.5874206026824151,0.11566253872006596,0.02864055576012266
1878,0.25339969367095505,0.5797374829035504,0.1354787697322393,0.03138405369325607
1879,0.21344060325812664,0.6343405549956348,0.12568933647564107,0.026529505270598247
1880,0.23131722561661047,0.6475196647280856,0.09463510834752464,0.026528001307778604
1881,0.252742274466534,0.59030034337225,0.12874910465281342,0.028208277508402487
1882,0.2712897955251172,0.5721772669897905,0.11870903896637804,0.037823898518714226
1883,0.2630699913976298,0.5791690384303639,0.11954837867063016,0.03821259150137488
1884,0.24836312366502927,0.579565205847382,0.13393510269801098,0.03813656778957738
1885,0.2583818760585329,0.578853367086656,0.12294461626533548,0.03982014058947601
1886,0.2765929993172069,0.560396078385983,0.1189868615796253,0.04402406071718504
1887,0.2620709195830935,0.5643115139163383,0.13154798533129328,0.04206958116927615
1888,0.27002517692887945,0.5757639445805807,0.11566833308930943,0.03854254540122998
1889,0.2701522366021284,0.5740889052889366,0.11681335649034758,0.038945501618587
1890,0.2595850840139053,0.5863978528326933,0.11479231686011011,0.03922474629329184
1891,0.2382220513263247,0.6139009360884249,0.10810829637599988,0.039768716209251875
1892,0.2827510242934693,0.5507825296842721,0.12726924510771587,0.039197200914543574
1893,0.2720510975067557,0.576229491647138,0.11450769995539668,0.03721171089071021
1894,0.2710367942217831,0.5687279799590585,0.11971744447853734,0.04051778134062056
1895,0.24609371357052645,0.5872193302582124,0.12623068706183432,0.04045626910942712
1896,0.27458997685771935,0.5543012077523395,0.13505771366216301,0.03605110172777943
1897,0.27900476782342193,0.5518067996009398,0.13130126430037248,0.037887168275265545
1898,0.3518800103127507,0.5452116660768327,0.08203117638605906,0.02087714722435805
1899,0.2578101667079761,0.568526958329942,0.13147335015210823,0.04218952480997328
1900,0.27722215083011187,0.5695156305632593,0.11316496991955537,0.040097248687074004
1901,0.26402986142924384,0.5618439351824726,0.13236216223435493,0.04176404115393034
1902,0.2761366755492694,0.5729798055725307,0.11464504801044123,0.03623847086775879
1903,0.265777012623512,0.5746162086019184,0.11952435762807473,0.04008242114649442
1904,0.27339323520959247,0.5772262798560659,0.11069458531493732,0.03868589961940516
1905,0.22317655026330202,0.6321585265806495,0.11511807491438694,0.029546848241661986
1906,0.2590417098193803,0.5661367421082654,0.13311524760594917,0.041706300466405645
1907,0.2579891167249396,0.575725365737776,0.13066573580269283,0.03561978173459159
1908,0.2713531549487788,0.5738070597306206,0.11797511769012009,0.03686466763047993
1909,0.20522997704989562,0.650312007464805,0.10611201673675547,0.03834599874854416
1910,0.2681122159141723,0.572016105094051,0.11818915123880755,0.04168252775296967
1911,0.2705687833541157,0.5656148879269026,0.12970992506277632,0.034106403656205826
1912,0.2582181719421628,0.5687648094579166,0.13074362531779032,0.04227339328213031
1913,0.26954773598799153,0.5762445236885967,0.11405558511277762,0.040152155210633436
1914,0.2761747967723754,0.5657953855612354,0.11871281677227578,0.03931700089411336
1915,0.24985422560717113,0.5560455930506929,0.13296409105398008,0.0611360902881552
1916,0.27273117961613585,0.5603079580144488,0.12802966171553148,0.038931200653884585
1917,0.26593534665056323,0.5689703109896419,0.12216721702884208,0.04292712533095302
1918,0.26417558510742795,0.5645135052912509,0.13480785980678295,0.036503049794540075
1919,0.2551336108057445,0.5705136941835206,0.13044643334714692,0.04390626166358807
1920,0.28337544376689056,0.5499123305761645,0.126718648400575,0.03999357725637026
1921,0.25602064760852883,0.5756112225349729,0.13570077250786258,0.0326673573486354
1922,0.2711072554955561,0.5697975711240246,0.12451168092079634,0.03458349245962356
1923,0.26388209937438534,0.5693725625760683,0.130985829989373,0.03575950806017291
1924,0.20054502379500339,0.653431308509473,0.10814838941705493,0.0378752782784685
1925,0.25647946599279015,0.5735250499530959,0.13016602609294486,0.03982945796116803
1926,0.2719388468376724,0.5728863953342721,0.11648318969067323,0.03869156813738057
1927,0.15341806240697817,0.7754749917183534,0.05658696861183574,0.014519977262833385
1928,0.2525872831179677,0.5960669448243706,0.11936169821450483,0.03198407384315754
1929,0.27469796018355214,0.5616366713945822,0.12044818458688106,0.04321718383498383
1930,0.26052128180995554,0.5644958332576949,0.1331993989652086,0.04178348596714127
1931,0.26662311157344615,0.559737778253179,0.13000473927746228,0.04363437089591218
1932,0.18857803060460743,0.7049818498569764,0.08179007771023973,0.024650041828177125
1933,0.2555802749408033,0.5810568209988801,0.12331798594610209,0.040044918114214845
1934,0.2665160745764444,0.5697572404383168,0.12320956472167038,0.040517120263569024
1935,0.2597901571741089,0.5640805216144502,0.13077224233754892,0.04535707887389303
1936,0.26873291851782416,0.5617565051619955,0.12637922183698802,0.043131354483192504
1937,0.2953144251097298,0.5643835117836443,0.10525848208724667,0.035043581019378794
1938,0.25909319790114144,0.5644290388395082,0.13431017898600878,0.04216758427334017
1939,0.2714800347508901,0.5764863285531893,0.11591540091428025,0.03611823578164057
1940,0.25480085392507257,0.5708248484646559,0.1333733363571539,0.04100096125311903
1941,0.26375878606429354,0.5582925927699831,0.13200060328518853,0.04594801788053533
1942,0.25663270788664716,0.5785327054479168,0.12475008327370007,0.04008450339173644
1943,0.2573494725041439,0.5754509378419801,0.125539588828192,0.041660000825685904
1944,0.2650282537762986,0.5930340994346944,0.10817665164735593,0.0337609951416517
1945,0.25418394247393605,0.5724447950626986,0.13950775243983302,0.033863510023529934
1946,0.271963618292894,0.5683039418834906,0.12134738289402891,0.03838505692958634
1947,0.25602139744485114,0.5802659617847171,0.12200468560672031,0.04170795516370922
1948,0.26218739702581284,0.5600145253178349,0.1319388425783337,0.045859235078018784
1949,0.18085051770634827,0.6783888110823625,0.11241671869403308,0.02834395251725605
1950,0.2718007741669185,0.5564111953647105,0.1331201622424363,0.03866786822593569
1951,0.24730974084489787,0.5844579811443005,0.12381945817984394,0.04441281983095763
1952,0.2635900897974879,0.5591259774819308,0.13215529678153753,0.04512863593904381
1953,0.20964268746482853,0.6935372741735361,0.07442947516481078,0.022390563196824923
1954,0.2692900502245505,0.5689339807082264,0.12243217742021509,0.039343791647008935
1955,0.26672070773511186,0.5681988943500229,0.12260154093223519,0.04247885698263124
1956,0.2482568866892728,0.5837659068913718,0.12837434181984053,0.039602864599515356
1957,0.2509353906811881,0.5829854244621244,0.1278536680847459,0.03822551677194324
1958,0.2521722286117463,0.5733701298352334,0.12986914094084487,0.044588500612175064
1959,0.3042137913063708,0.5605457826928507,0.10746840922038495,0.027772016780392487
1960,0.2608833593710961,0.5630311643884941,0.13194512838968717,0.044140347850721524
1961,0.25039852963370507,0.5801103051387533,0.12844632517206503,0.04104484005547684
1962,0.2622732940157769,0.560089462661713,0.1320363657766636,0.04560087754584553
1963,0.217091091440196,0.5820961497542049,0.1346607009379147,0.06615205786768479
1964,0.2666640443712844,0.5783641268574791,0.12029627540622023,0.03467555336501627
1965,0.24662507233512534,0.5908192416874684,0.12500210629004405,0.03755357968736293
1966,0.2675889954337944,0.5748775165516986,0.12049736774788751,0.03703612026661856
1967,0.26599156436413385,0.5810565734357621,0.11967667929776789,0.03327518290233537
1968,0.2531335528165704,0.5599735342954691,0.1365588630857876,0.05033404980217297
1969,0.26327866527772886,0.5791351922131099,0.1206964188057074,0.0368897237034526
1970,0.25672319837081614,0.5870751319208233,0.11739161317247529,0.03881005653588431
1971,0.2706111517214206,0.5715377477563925,0.11764541937220009,0.04020568114998709
1972,0.26411071190408736,0.5784091279393047,0.11727518734083879,0.04020497281577016
1973,0.2567935107584263,0.5596584206902733,0.13682906276676124,0.04671900578453851
1974,0.2643197384547745,0.5736354781564873,0.12210127397069433,0.03994350941804348
1975,0.27105180294717207,0.570569642480245,0.1182524540292241,0.040126100543359855
1976,0.2656971374583412,0.5771664493535481,0.11894410237691623,0.038192310811193134
1977,0.2742414720347583,0.5713032842778777,0.11609291885276354,0.03836232483460096
1978,0.2653430283890033,0.5659684008131163,0.12616731715209467,0.04252125364578511
1979,0.22905218088421359,0.6187748351055179,0.11444926863036609,0.03772371537990214
1980,0.39050495977571514,0.5375629766133433,0.05469203879729456,0.017240024813647333
1981,0.2589534753698146,0.5653240876265019,0.1315523060720134,0.04417013093167023
1982,0.2439167261340104,0.5859210129885069,0.127054120203187,0.04310814067429469
1983,0.2568466149150051,0.5681307701076298,0.1301532139154448,0.04486940106192167
1984,0.26739912084470524,0.5578555103656458,0.133894489979593,0.04085087881005491
1985,0.26743487495132046,0.5660299219661168,0.12939302550669338,0.03714217757586917
1986,0.25676315014701095,0.5868068673728568,0.1210306873090423,0.03539929517109009
1987,0.2641663483791994,0.56827707417102,0.13029845852512859,0.03725811892465215
1988,0.2788650714976261,0.5694888914657856,0.11324616532993,0.038399871706657845
1989,0.3182478906587506,0.5585023688144503,0.0884512907103435,0.0347984498164554
1990,0.2646479215249644,0.579599822920962,0.11660560371947085,0.03914665183460205
1991,0.25227869981295403,0.5515938472290548,0.14227476213012263,0.0538526908278699
1992,0.26471724187235696,0.5815116029881571,0.11639493465150795,0.03737622048797897
1993,0.27753070633065635,0.565851107664502,0.11870874443010206,0.03790944157473957
1994,0.2724646524331379,0.5717954193895867,0.11696361617424213,0.03877631200303399
1995,0.27089318037596094,0.5598948732250673,0.1281643392799135,0.04104760711905899
1996,0.28112482487032137,0.5703795443010218,0.12047437111743627,0.028021259711221467
1997,0.175268811068672,0.7082148842566558,0.09177235185888934,0.024743952815782844
1998,0.2465322705252642,0.6071926772806563,0.11070335479333186,0.03557169740074798
1999,0.22853316791343375,0.6188175651881421,0.12156635506098032,0.031082911837444896
2000,0.261507606510931,0.5840016990930185,0.1191113553966824,0.03537933899936995
2001,0.25451155573359835,0.5717382695639717,0.13273703417574045,0.04101314052668978
2002,0.26227973704146434,0.565692410701988,0.13067997441813503,0.0413478778384127
2003,0.26975614254307934,0.5626965786220618,0.12478395889448991,0.04276331994036866
2004,0.259948030680538,0.5661534573550308,0.13121915835734027,0.04267935360709196
2005,0.2672151235644289,0.566905145559241,0.12396909144690393,0.04191063942942555
2006,0.26403036395331425,0.5659758185525023,0.13025644564775193,0.03973737184643079
2007,0.24640957552057993,0.5755773177355367,0.13266749351576818,0.045345613228114146
2008,0.256433135138225,0.5790944013142924,0.12233703581075246,0.04213542773672959
2009,0.25655249521996626,0.5707769125341843,0.12819411644701217,0.04447647579883784
2010,0.27052442842241303,0.5720180939161706,0.11653829844975362,0.04091917921166284
2011,0.26412349750150876,0.5709510244165065,0.1272571973091545,0.03766828077282981
2012,0.24490777881808407,0.6033270901479026,0.11495802383316829,0.0368071072008462
2013,0.2709367885162557,0.5721818904995356,0.11656757945330115,0.04031374153090579
2014,0.2656891179576537,0.578924276103434,0.1216369275096502,0.033749678429262575
2015,0.2665673544429234,0.5568548500865774,0.13775421033939486,0.03882358513110427
2016,0.2544532747459223,0.5637937346370835,0.1325310470826254,0.04922194353436817
2017,0.2600053239238406,0.5494630098485868,0.13702894980187416,0.05350271642569734
2018,0.2642006128048425,0.5729807863309765,0.12385321052457346,0.03896539033960701
2019,0.26995351053911115,0.5585232081416688,0.13334243733307866,0.03818084398614281
2020,0.2633867327498568,0.560347552299376,0.13133135542911648,0.04493435952165163
2021,0.2566645130881972,0.5664184465141854,0.1332259500797383,0.043691090317880085
2022,0.25128403559791385,0.5838216091831993,0.12727461415091532,0.037619741067971925
2023,0.25418649604331656,0.5710705990407265,0.13251983657041738,0.042223068345540134
2024,0.2647118048522667,0.5704349657292742,0.12408468576498549,0.040768543653472294
2025,0.26815570273917305,0.5728558281167486,0.11889729438900207,0.04009117475507581
2026,0.25512836385397175,0.5784262554623258,0.127794194171958,0.03865118651174585
2027,0.09751429965400513,0.84788118427054,0.0428442758029618,0.011760240272493092
2028,0.2468566377559981,0.5801097838489918,0.1369485544083553,0.036085023986655196
2029,0.37319151366234665,0.5409036656727322,0.06712121944871664,0.018783601216203927
2030,0.26164621931861576,0.5687081484904238,0.1296884097872844,0.03995722240367624
2031,0.2651108633022851,0.5643391299492481,0.12847242973948933,0.04207757700897724
2032,0.2735643712775715,0.5776419158254767,0.11216061945207419,0.03663309344487799
2033,0.2697253048923476,0.5791008945677555,0.11306797713976949,0.038105823400127775
2034,0.26267039971413036,0.569298932589266,0.1276835323328898,0.04034713536371343
2035,0.2317335293519292,0.6265177000037021,0.1105339166643404,0.031214853980028316
2036,0.2653016393278661,0.5666842306425389,0.13106002256820862,0.03695410746138528
2037,0.27147439133984835,0.5726273644107751,0.11870188703601729,0.0371963572133603
2038,0.2629563327036113,0.5717704694174429,0.12404017972555458,0.04123301815339173
2039,0.2682917101409476,0.5749396211198526,0.11739700935176063,0.03937165938744019
2040,0.2707744248330313,0.5747135700429515,0.11728568679473694,0.03722631832928041
2041,0.25982842604200157,0.5671798353635017,0.13368860654393722,0.03930313205056029
2042,0.26064532319506223,0.5715239848773414,0.12632642279320028,0.041504269134395616
2043,0.26168247281072543,0.5674384948707009,0.12961330052510153,0.041265731793473426
2044,0.2740377979594971,0.5672755269546118,0.11659818414831946,0.042088490937573324
2045,0.26929421687402466,0.5635316301653646,0.12642101244698167,0.04075314051363
2046,0.26936093538870703,0.5673831901836278,0.1262737735176537,0.036982100910011646
2047,0.2629768371517939,0.5655161690977101,0.12983179135850292,0.04167520239199378
2048,0.2576098876451907,0.5736776196389864,0.1271222096035493,0.04159028311227434
2049,0.27008231452361775,0.5555261766399715,0.13619022161350422,0.03820128722290679
2050,0.26926049044771666,0.567875958948394,0.12854414099356085,0.034319409610329095
2051,0.27328003173492355,0.5641086253587357,0.12197058794921911,0.040640754957121585
2052,0.25726703628532727,0.5788302448142293,0.1270588224301081,0.03684389647033596
2053,0.2613268612868844,0.5685460969726588,0.12828744838292547,0.04183959335753138
2054,0.2720732314938166,0.5562727720113165,0.13384817921460762,0.03780581728025895
2055,0.24741674932037783,0.5738522156697768,0.13673947445920723,0.04199156055063777
2056,0.26026682785881394,0.566692270352839,0.13207522676139574,0.0409656750269525
2057,0.266931481582323,0.578781483128149,0.11497328309488768,0.0393137521946397
2058,0.3031226213343035,0.5566143842370812,0.10006984117657844,0.04019315325203707
2059,0.25425931338647184,0.5686883112667257,0.13324204735628126,0.043810327990521036
2060,0.2195819350192458,0.5970042543293683,0.13741642597502557,0.045997384676359415
2061,0.3704300058153811,0.5226700501327755,0.08193340908849517,0.024966534963348407
2062,0.27041388633776364,0.5547348557016962,0.13602691769033914,0.03882434027020196
2063,0.26072971398714107,0.5645922032215739,0.1311273620104341,0.043550720780851725
2064,0.2561684174537069,0.5816653489336042,0.12477093596397582,0.037395297648712765
2065,0.2568240314986826,0.5682916235835263,0.13196914072237437,0.0429152041954162
2066,0.2545572044865063,0.5889051350839543,0.12157399947937073,0.034963660950169485
2067,0.259990671083129,0.5635700876439559,0.1296186363059089,0.046820604967006914
2068,0.2625635701751365,0.5879799818603643,0.11939028310449647,0.030066164860002572
2069,0.2588147455394169,0.5632546043731917,0.1320712907435845,0.045859359343807145
2070,0.27751462945008404,0.5639338078659633,0.11958423213312827,0.038967330550824145
2071,0.27381836976232865,0.5649861822774022,0.12042584645579484,0.04076960150447429
2072,0.28242794768959734,0.5667872295974542,0.1132310270656103,0.03755379564733792
2073,0.2502825633548723,0.5885577653190305,0.12443363795599408,0.036726033370103474
2074,0.26529541401397605,0.5627840068588269,0.12888612627837168,0.04303445284882644
2075,0.2568029004800871,0.5703812842746641,0.13334463357107085,0.03947118167417879
2076,0.2277541025302721,0.6376360709243938,0.11009610897381861,0.02451371757151529
2077,0.26320202312222135,0.5754036226528448,0.12055247202224031,0.040841882202694565
2078,0.25519387428956003,0.5834870817467706,0.1269238519042901,0.034395192059378715
2079,0.2702837634625874,0.562081617534599,0.13043421165730523,0.03720040734550801
2080,0.25230805480675317,0.5769461425681905,0.13029066630601346,0.040455136319042725
2081,0.2599121127460384,0.5620589088554744,0.1321843083905778,0.04584467000790865
2082,0.24119845591180838,0.5927352173342224,0.12176682948855658,0.044299497265413684
2083,0.2720099047542892,0.5705428382897315,0.11762551408747024,0.039821742868510285
2084,0.25787533114945016,0.5614431494573131,0.1301751236327091,0.050506395760527054
2085,0.2646481826173707,0.5739801302975044,0.11915552336613605,0.0422161637189878
2086,0.2611634841785704,0.5520448368160362,0.13593862842641838,0.05085305057897544
2087,0.2718902778214237,0.5678159361378843,0.12018510393333287,0.04010868210735888
2088,0.26218875491087346,0.5734945556449983,0.12560423128883255,0.03871245815529569
2089,0.2635428168252059,0.5638271667906741,0.13347768821026654,0.039152328173852814
2090,0.2556382224082718,0.5695476353000498,0.12968837557813298,0.045125766713544985
2091,0.2662137185062819,0.5808188606922594,0.12443106110302861,0.028536359698430314
2092,0.25225640037203934,0.593313001041037,0.11694323337175443,0.03748736521517075
2093,0.27254207824002846,0.5706106984014615,0.11748753212877314,0.039359691229736656
2094,0.27281319266180815,0.5720718463592485,0.11687623228992898,0.038238728689015664
2095,0.2612766927620592,0.5744379685570515,0.1276640074311154,0.036621331249775124
2096,0.2699026442266599,0.5671108554532809,0.12256654672862095,0.04041995359143921
2097,0.24756408121828047,0.5813500758175763,0.12724344826417985,0.04384239469996313
2098,0.264579483753698,0.5785092140733825,0.11883937397815889,0.03807192819476025
2099,0.2614093620870276,0.5770136878544487,0.12408107366114778,0.037495876397375415
2100,0.2525743739843731,0.5705182160234343,0.13433740977421213,0.04257000021797991
2101,0.27731920604199317,0.5648394483384296,0.11920830490976408,0.03863304070981265
2102,0.235412526600266,0.6137357009395369,0.12037849372206309,0.030473278738133512
2103,0.2609252419610645,0.5697352199570116,0.13203338687691785,0.03730615120500655
2104,0.2669147195876009,0.5687064191912136,0.127688657501105,0.03669020372007972
2105,0.2764140141098893,0.569471554380734,0.11730999385155788,0.03680443765781792
2106,0.26047002207475095,0.571966788479243,0.1257595625682624,0.04180362687774464
2107,0.2414813338361997,0.6257837443618126,0.09293782924171824,0.03979709256026902
2108,0.24728788893097986,0.5782435859033322,0.12974950932731827,0.04471901583837007
2109,0.2615504695693559,0.5891617719572494,0.11520551851842818,0.034082239954966766
2110,0.25713154948612116,0.5897881501760059,0.1173459633793227,0.035734336958551806
2111,0.26170254980210134,0.5744468865910191,0.1237631278927522,0.040087435714126096
2112,0.26207460838045654,0.5706368712584855,0.12492029879272595,0.04236822156833187
2113,0.26264962100096656,0.5655317525294757,0.1279878965745698,0.04383072989498748
2114,0.27313094111403224,0.5701559193020058,0.12334062163720999,0.03337251794675212
2115,0.27073020071657083,0.5635403610737031,0.12150772322260676,0.044221714987118146
2116,0.2718101869862442,0.5756512148384112,0.11649602203626201,0.03604257613908361
2117,0.26560889242944674,0.5726179637065703,0.12016924340235885,0.041603900461623544
2118,0.2534567494302299,0.5873476048800867,0.12175382515085958,0.03744182053882459
2119,0.27283685158103876,0.5656145031238518,0.12159183067591003,0.0399568146191986
2120,0.2628358128482154,0.581134321025577,0.11711327445026296,0.03891659167594627
2121,0.27144604248750687,0.5683507309457185,0.11943647623945705,0.04076675032731884
2122,0.27217742688608293,0.5727064774091907,0.11603452008141782,0.03908157562330731
2123,0.20507724570494554,0.6353099730974603,0.1209987151971482,0.038614066000446444
2124,0.24911081166659205,0.5893555233662029,0.1277368960027791,0.033796768964424705
2125,0.2524266426156144,0.5703837041056596,0.1333179966251465,0.043871656653579734
2126,0.24960007910107024,0.5833977828307068,0.12494230739944584,0.042059830668777595
2127,0.26693136807912865,0.5700845997520697,0.12318014500241473,0.039803887166387594
2128,0.2711808146207517,0.5747711290987264,0.11556999882838428,0.038478057452137136
2129,0.2856894377985835,0.5636320624097935,0.11652000024772552,0.03415849954389797
2130,0.25901998296571765,0.5931248902759706,0.11239038275330844,0.03546474400500382
2131,0.2699718329233368,0.5670204624159054,0.12170164822212637,0.04130605643862947
2132,0.271431776125693,0.5706148770976037,0.1180493525717444,0.03990399420495938
2133,0.2594448979866523,0.567532839335827,0.13176722624509565,0.04125503643242552
2134,0.2061681430135224,0.6676556003556369,0.10308150527899233,0.023094751351847964
2135,0.2538233231049876,0.5819293252820781,0.12511675658006477,0.03913059503287058
2136,0.2707625663182484,0.567150212349247,0.1204319062909981,0.04165531504150763
2137,0.1328793996743749,0.776032596133812,0.07064108448072322,0.020446919711088356
2138,0.26597579790843473,0.5666845343669792,0.1237477118862479,0.04359195583833906
2139,0.26707327798474684,0.5624413690282015,0.13011267694990727,0.0403726760371456
2140,0.26523006266971993,0.5644929727744712,0.13139949482320676,0.03887746973260172
2141,0.25257357534588726,0.5755796009492264,0.13322515061637638,0.03862167308850897
2142,0.26559882609828384,0.5603269915090799,0.1339194652287752,0.04015471716386048
2143,0.27616602869470397,0.5672623109963205,0.11873936756220137,0.03783229274677536
2144,0.26159741120666047,0.5662210054124879,0.13169363090508165,0.04048795247576928
2145,0.2279096773920341,0.619729997069684,0.11815030571168816,0.03421001982659443
2146,0.2666168920151706,0.5625554821083318,0.13284478902112695,0.03798283685537007
2147,0.46324141195705565,0.5065733201802526,0.022860905801371033,0.0073243620613206205
2148,0.2580362560946321,0.5628177028493625,0.1355646927281528,0.04358134832785198
2149,0.2703319966870913,0.5611965521400833,0.13142701935859452,0.03704443181423169
2150,0.26140618234471513,0.5686617757846271,0.1267495517869902,0.043182490083668056
2151,0.29827377843749586,0.545215256818044,0.12411252392894143,0.03239844081551947
2152,0.2693229866518523,0.5684208036682787,0.12108079086025617,0.04117541881961166
2153,0.22140323975825674,0.5976135695068803,0.13989990838154023,0.04108328235332386
2154,0.25976800818175794,0.5752456873358998,0.12959006935324816,0.035396235129094275
2155,0.26233088530691606,0.5626625857874282,0.13040797170428414,0.044598557201371784
2156,0.2672260011048969,0.574994505977335,0.11821913778952715,0.039560355128241124
2157,0.26941821241586184,0.5583059115640499,0.13108615573045126,0.04118972028963855
2158,0.25596505569605404,0.5644543042556696,0.1312020218527835,0.04837861819549353
2159,0.23773520702526266,0.5860252278224477,0.14802100274073068,0.02821856241155903
2160,0.2821949943512457,0.5605424580659908,0.11573459195822723,0.04152795562453576
2161,0.23506784766818692,0.6190641678661258,0.1207467409904482,0.025121243475239054
2162,0.2520007392395547,0.5919674742240106,0.11520764997697998,0.04082413655945513
2163,0.27341088240457956,0.5667144472988669,0.1188992528759802,0.0409754174205728
2164,0.26258097594886726,0.5710339033976725,0.1289363076566217,0.03744881299683936
2165,0.2611018422726037,0.5649101504266467,0.1322139420638061,0.04177406523694339
2166,0.24359467195623333,0.5881365981743395,0.1310137273899827,0.0372550024794437
2167,0.2176748237011918,0.6226710194924777,0.11618126611633582,0.04347289068999559
2168,0.2609161192812385,0.5833651710384385,0.11629186978817001,0.0394268398921544
2169,0.2354937058594598,0.6139574892719863,0.11419634952386838,0.03635245534468591
2170,0.2575319506250301,0.5764800685610164,0.12937506362843054,0.036612917185523106
2171,0.2688765514067932,0.570372296087861,0.12138665316469938,0.03936449934064672
2172,0.25511453813797735,0.587429303943235,0.12127852449618934,0.036177633422599394
2173,0.27924906967382274,0.5502405552104652,0.13265627826071003,0.03785409685500119
2174,0.2501189486979881,0.5831424443181419,0.12794113335860802,0.0387974736252635
2175,0.25886809566618213,0.580419423194909,0.12313091418361918,0.03758156695529088
2176,0.26464116055215375,0.5633944884057754,0.12980169759683388,0.04216265344523784
2177,0.2678476564825002,0.5635408532694853,0.1252572182833916,0.04335427196462277
2178,0.2757843449964956,0.5697790173641175,0.11692896277036213,0.03750767486902405
2179,0.27246667094253335,0.5557254370616104,0.1355489663823342,0.03625892561352303
2180,0.2606832663818165,0.5669278814102918,0.13136764701242312,0.04102120519546903
2181,0.3803656417687129,0.5500585349884479,0.05470782788753437,0.014867995355304808
2182,0.2639966619333199,0.566009529382146,0.1302376033591032,0.03975620532543091
2183,0.2691065062949423,0.5706928335047684,0.12095308871519485,0.03924757148509481
2184,0.23498673022289088,0.61305800830921,0.11603591468527846,0.035919346782619245
2185,0.2688258005729199,0.5707984752272303,0.1195523851898054,0.040823339010043314
2186,0.2728408172452096,0.5664227621265335,0.1213392136795182,0.039397206948740125
2187,0.268432256391204,0.5719441098201945,0.11910867356740308,0.04051496022119786
2188,0.2695006526629967,0.5568003174314878,0.12939372634277768,0.04430530356273815
2189,0.27458441801603845,0.5664745571365557,0.1187422116839872,0.04019881316341886
2190,0.26834703079805555,0.570845049991742,0.12005385105046143,0.040754068159741544
2191,0.25908684988250785,0.5724859950278783,0.12883550571611097,0.039591649373502374
2192,0.2680430593738579,0.5718431137219534,0.12035038970091168,0.039763437203277505
2193,0.2581940979681662,0.5836798464617788,0.12068154944921514,0.037444506120840125
2194,0.27525748400096267,0.5605885587876529,0.12147675809008544,0.0426771991212979
2195,0.25570357116296877,0.5861108708572853,0.12577021218047446,0.03241534579927119
2196,0.26239206028369483,0.568873145549647,0.12885629626668155,0.03987849789997535
2197,0.27075072442417814,0.5708175905512993,0.11934522857099356,0.03908645645352946
2198,0.2584378055262372,0.5697254849267994,0.12843631173877265,0.04340039780819056
2199,0.2742368478383043,0.5672188912957277,0.11879423143345441,0.03975002943251248
2200,0.2603186909872013,0.5691479272602576,0.12848569917781782,0.04204768257472286
2201,0.25803076828150495,0.5697500658907565,0.13584626791493562,0.03637289791280245
2202,0.27443088985939956,0.5651687205086282,0.12020196630789225,0.04019842332408155
2203,0.23879599174386476,0.6188781188133242,0.1114971050939064,0.030828784348904962
2204,0.2665719843629628,0.564186703306047,0.1314292169852331,0.03781209534575647
2205,0.27284704334829873,0.5733123149053808,0.1164412150018665,0.03739942674445427
2206,0.2625403806484925,0.5652834670030055,0.1321981842474368,0.039977968101065194
2207,0.15000994641499282,0.7584116517823019,0.06918991456817022,0.022388487234535473
2208,0.2716738401600864,0.5684155893962712,0.1200244422868666,0.03988612815677568
2209,0.2644860729709351,0.5637225436356941,0.13298476649057608,0.03880661690279378
2210,0.30656021389552135,0.5811870990314268,0.09724560380336214,0.015007083269687428
2211,0.264447550140194,0.5769802067487171,0.11936318197135175,0.03920906113973684
2212,0.26115443084285084,0.5774049212490314,0.12184807044591778,0.0395925774622022
2213,0.26760149392652904,0.5705536973247826,0.11942203944690247,0.042422769301786706
2214,0.2731596705851335,0.5660826328341825,0.12604316479338157,0.03471453178730219
2215,0.27652740009271,0.5720472566775696,0.11354474672194168,0.03788059650777808
2216,0.25704090103953536,0.574415538026061,0.12892927962124578,0.03961428131315769
2217,0.26624900361854104,0.5721744800963874,0.12653152281759053,0.03504499346748121
2218,0.2770332741643431,0.5683861685289702,0.11380900497108155,0.040771552335605046
2219,0.2684911068052935,0.5786401889804216,0.11857757326593814,0.034291130948347896
2220,0.2683685971025307,0.5641094884460263,0.12987152661183562,0.03765038783960705
2221,0.26609404574674456,0.5719571433652844,0.12993926997127764,0.032009540916691885
2222,0.2600717111349868,0.5665507877404288,0.131334052990226,0.04204344813435765
2223,0.2680334199231664,0.5613130020143388,0.12702385094828317,0.043629727114211383
2224,0.2634958145852711,0.5669357955923131,0.13059873254091606,0.03896965728150137
2225,0.24827497766736037,0.6043150371030828,0.11681934120680731,0.030590644022750208
2226,0.2696623466319025,0.5593998844667402,0.13219713081893017,0.038740638082427316
2227,0.2673452376956761,0.5660168496551733,0.12397227157668306,0.04266564107246718
2228,0.2156536784908185,0.620497670862061,0.1414178925944994,0.022430758052620826
2229,0.23300804832357513,0.6179486218625565,0.11144996047927692,0.037593369334591786
2230,0.26646891156363034,0.5767647429786021,0.11571616938167553,0.041050176076092224
2231,0.2291001918057518,0.6090431838607528,0.12297461330494394,0.03888201102855124
2232,0.2837434555088323,0.5638151475898932,0.11753669828938836,0.03490469861188641
2233,0.2578309032259648,0.5674833238568314,0.13097619279960632,0.04370958011759657
2234,0.2805945330417776,0.572627228850207,0.11380419315001003,0.032974044958005023
2235,0.2596606944760228,0.5764837058246205,0.12558599683625027,0.03826960286310616
2236,0.2645666883360118,0.5545361480089273,0.13316032012067602,0.04773684353438383
2237,0.264737861694153,0.561066254771002,0.1316753798916191,0.04252050364322581
2238,0.24512747637512758,0.6044910601226028,0.1186929657250825,0.03168849777718542
2239,0.26638326774839804,0.5617310425794246,0.12958275665207297,0.04230293302010422
2240,0.2680753516099125,0.5744330521147593,0.12016844811952394,0.03732314815580424
2241,0.2607571901184581,0.564477802132112,0.13365495483586137,0.04111005291356829
2242,0.2685249592186434,0.5742583954634242,0.12093604111420558,0.03628060420372568
2243,0.24450032287351872,0.5792963219580691,0.13581174502825577,0.040391610140156665
2244,0.2791043209052177,0.5609765659057578,0.12203315786265219,0.03788595532637165
2245,0.24842113368543178,0.599694749283174,0.12062189615830685,0.03126222087308832
2246,0.27964839853147405,0.5721696356647114,0.11155860784066905,0.036623357963145926
2247,0.25854570629840096,0.5695324723878515,0.1329553245944135,0.03896649671933467
2248,0.24772075371936123,0.6056320215259863,0.12129754399848425,0.0253496807561683
2249,0.25738805078690163,0.5660269235115913,0.13065146113755238,0.045933564563956135
2250,0.23179235554382668,0.6284505062083487,0.10543604947142486,0.03432108877639948
2251,0.25521662464758904,0.5956188706487922,0.1208748049694235,0.0282896997341959
2252,0.26471390905100395,0.5626739634509742,0.1295953355317159,0.043016791966305125
2253,0.2716883091126585,0.5768330872275073,0.11561770960846152,0.035860894051372494
2254,0.22745901280206862,0.5639572356257092,0.1415009768239854,0.06708277474823737
2255,0.2603768066582511,0.5741878361269757,0.12801524846349635,0.03742010875127656
2256,0.2664759396193519,0.5653923830911332,0.12746253101764482,0.04066914627187131
2257,0.18166369285652653,0.6946903507595859,0.09794355934741321,0.025702397036473333
2258,0.24904405535407997,0.5600075698757733,0.14061616416218875,0.050332210607957666
2259,0.2554246686734556,0.5690190478101221,0.13262576407901264,0.04293051943740956
2260,0.1825037804912869,0.6914199591417434,0.09543679505359974,0.0306394653133704
2261,0.2569174187968064,0.5723726758574147,0.12967899594221208,0.04103090940356738
2262,0.26397946704562464,0.5628721212291593,0.1299340706723879,0.04321434105282868
2263,0.2788118689560035,0.565848344727017,0.11455041549129957,0.04078937082568033
2264,0.2297254711390014,0.6314753823467795,0.10800033714678574,0.03079880936743225
2265,0.045271183712075495,0.919519883070236,0.02514375837529056,0.010065174842397828
2266,0.2915069424475105,0.5574115055736509,0.1129501673678022,0.03813138461103622
2267,0.2697957637677229,0.5680317612298259,0.11996611358791924,0.04220636141453198
2268,0.27040524708152536,0.5739088129485491,0.1155165706617405,0.0401693693081858
2269,0.2784327199330496,0.5624338870455082,0.11909153337604372,0.040041859645397734
2270,0.25087444936434034,0.5743746734488064,0.13448262545332296,0.04026825173353086
2271,0.2693403145304078,0.5715602125554636,0.11696821118006294,0.04213126173406543
2272,0.25052179263981905,0.5832369526823421,0.12384103758602448,0.04240021709181467
2273,0.2660888862408439,0.5642786255866327,0.13386936324691376,0.03576312492560846
2274,0.26982629537065006,0.5736081254242623,0.11804399109396047,0.03852158811112675
2275,0.2774223012167741,0.5649949477872027,0.11958393193695888,0.03799881905906353
2276,0.2688807433476111,0.5824319335927152,0.11262565517819634,0.036061667881475766
2277,0.2504627977178525,0.5859971794530858,0.12472362012752142,0.038816402701540395
2278,0.27296709829060783,0.5665486940486936,0.12104788913359128,0.039436318527107106
2279,0.2706933345272762,0.5598946633538139,0.13066818394071864,0.03874381817819243
2280,0.27704008996756946,0.5705290387452219,0.11302251931765217,0.03940835196955627
2281,0.29363318720745013,0.5590006985036552,0.11020335167987307,0.03716276260902094
2282,0.2648532949233172,0.5598145473698347,0.134636177269858,0.04069598043698958
2283,0.27907004712545525,0.5671683313330755,0.11705451905049062,0.036707102490977604
2284,0.2441308851155323,0.5972494705131305,0.12095857290476435,0.03766107146657203
2285,0.25796017987425934,0.574115768946385,0.1333811612962176,0.034542889883137896
2286,0.2645136509711043,0.5629436339889127,0.1311752728924692,0.04136744214751283
2287,0.27332139895036667,0.5801157347456437,0.11358358899986629,0.03297927730412448
2288,0.2706063716568138,0.5713046130352786,0.12180121286819821,0.03628780243970893
2289,0.26311050146086695,0.5713581504393899,0.12141626220333669,0.04411508589640666
2290,0.2653810812156353,0.5655230335519887,0.13144533525261282,0.03765054997976254
2291,0.2419624544187807,0.5977995062163084,0.1216149107194347,0.038623128645476915
2292,0.27008711808073904,0.5712652877259385,0.11763626996775858,0.04101132422556519
2293,0.2255288695836175,0.6270639143390354,0.11924237341515743,0.028164842662188754
2294,0.25533913658520857,0.5783546308782707,0.1271561971515359,0.03915003538498363
2295,0.2658020036839921,0.5658018900556121,0.13201256226527874,0.036383543995115536
2296,0.2728985703483181,0.570686246618248,0.11639285151834719,0.040022331515087176
2297,0.27210866352854896,0.5711166670049487,0.11720131518317183,0.039573354283330926
2298,0.2625774709802337,0.5743097424341421,0.1305911332531191,0.03252165333250466
2299,0.26198846043980467,0.5643262014829551,0.13216152912755413,0.04152380894968546
2300,0.2525310106326558,0.5823387244400564,0.12621369410123498,0.038916570826052405
2301,0.258499633466516,0.5707836610595692,0.131910993272514,0.0388057122014005
2302,0.2532873368328317,0.5745733789853067,0.12730788712196894,0.044831397059892586
2303,0.23534213542401874,0.6250640449439391,0.10871322778697812,0.030880591845063383
2304,0.2608563071188534,0.5837546918534048,0.11549100596673596,0.03989799506100562
2305,0.2710640006025203,0.5715956213981962,0.12004486740126813,0.037295510598014475
2306,0.2758681894020196,0.5538745777651888,0.13237275843562,0.03788447439717124
2307,0.24218472549395678,0.6092700106874195,0.10886808023516548,0.03967718358345917
2308,0.2708532514496501,0.5734432049822644,0.11803061556753347,0.03767292800055179
2309,0.2696328821954899,0.5707333882320618,0.12116788623563106,0.038465843336818066
2310,0.2577791149776549,0.5783605156424143,0.12668746858993218,0.03717290078999885
2311,0.020535064559691,0.9701938721248647,0.0077917823491724415,0.0014792809662723906
2312,0.2674954225868855,0.5656496681375721,0.13152723190253557,0.03532767737300643
2313,0.25292042375368873,0.5808937400372285,0.12591381441260466,0.04027202179647932
2314,0.2425484596883489,0.5829944187750243,0.13992745638791756,0.03452966514870961
2315,0.2541985122679794,0.5847643580603267,0.12852769265342298,0.03250943701827082
2316,0.2595990711119284,0.5758074975117882,0.13087171359708522,0.033721717779196914
2317,0.2689600655037561,0.5551864385366282,0.13845743558505183,0.03739606037456407
2318,0.2577342885083195,0.5778807657394243,0.12223113846224787,0.042153807290008845
2319,0.2569201193403264,0.5711841501362238,0.1294663436510227,0.04242938687242541
2320,0.23779047701970085,0.5910188156912269,0.12896492616739183,0.04222578112167985
2321,0.26386307207076865,0.586627629861644,0.1128380343301552,0.03667126373743075
2322,0.25268314099990047,0.584656236977774,0.12585648602169677,0.03680413600062796
2323,0.26726985162360817,0.5630945965628846,0.1304747667249415,0.039160785088566026
2324,0.27263765024379466,0.5711645033765761,0.11671979232187034,0.039478054057760066
2325,0.2608481298124209,0.583720708455016,0.12296780960953893,0.03246335212302549
2326,0.2772097965082159,0.5661252956150917,0.11784112338559595,0.038823784491096684
2327,0.2603057170208246,0.5765062649308096,0.12033164820720295,0.0428563698411627
2328,0.2310491047900456,0.6196225234682485,0.11097846049064156,0.03834991125106487
2329,0.2813391569810808,0.5593433054935546,0.12184495904109008,0.03747257848427438
2330,0.2705773881205326,0.5599879262369075,0.1338448826779126,0.035589802964647074
2331,0.26272305862491196,0.5706394126649142,0.12823407776655593,0.03840345094361719
2332,0.2581758286000703,0.5717107035411466,0.12803679945855,0.04207666840023308
2333,0.2790162163900438,0.5646283145414863,0.12170627231778137,0.03464919675068807
2334,0.26267772257818295,0.5726245496194713,0.13062634167947265,0.034071386122874504
2335,0.26880958951654244,0.5718703630641411,0.11761214028488366,0.0417079071344332
2336,0.20362831367615408,0.6370438495187953,0.11966022366132606,0.039667613143723426
2337,0.20934476549689332,0.6539079157969115,0.10982728730511368,0.02692003140108047
2338,0.25399203173397505,0.5847710718915564,0.12587807127300446,0.0353588251014641
2339,0.2595511866523126,0.5716161053620329,0.1261227332907191,0.042709974694934476
2340,0.2672047058756679,0.5616442217772682,0.12888095882743106,0.04227011351963483
2341,0.27553542303221007,0.5561237825586339,0.12117373341222135,0.04716706099693344
2342,0.259312308283391,0.5885609834742548,0.11992510392464102,0.03220160431771208
2343,0.27325510158111116,0.567374908009753,0.11945838333222482,0.03991160707691129
2344,0.26949019896328685,0.5745893667264121,0.11784602894568247,0.038074405364617814
2345,0.26683850342558496,0.5696710140013105,0.12141274522050088,0.042077737352604574
2346,0.2758488916079748,0.5622987725385183,0.12074529079100028,0.04110704506250636
2347,0.2605184909582848,0.5736663651415568,0.12755641051066405,0.03825873338949426
2348,0.26381707213301225,0.5653058787736381,0.1309117436677714,0.03996530542557887
2349,0.2528665796982008,0.5741054891732337,0.13307648648527742,0.0399514446432874
2350,0.2534080638317711,0.5775595233979438,0.12883524956715509,0.040197163203128605
2351,0.2731736033346158,0.5407328784664338,0.13970792007441468,0.046385598124535944
2352,0.2663096912437179,0.5668512006244867,0.12608547629705774,0.04075363183473809
2353,0.27819129116195646,0.5712651970777619,0.11265292172425266,0.037890590036028286
2354,0.2700860579268767,0.5554207273186414,0.13597515671420954,0.038518058040271266
2355,0.264387844465849,0.558413128406074,0.1327436993701039,0.044455327757972916
2356,0.26090634019283665,0.5661801093173396,0.1298652140941451,0.04304833639567837
2357,0.18107192522896576,0.7029351117320288,0.09033985597413723,0.025653107064867082
2358,0.19316521101124054,0.6397835398237476,0.10896157181521761,0.05808967734979514
2359,0.2588714304423902,0.5790048313731708,0.12573595301884843,0.036387785165589735
2360,0.2561411170196831,0.569953324495279,0.13103331843028565,0.04287224005475135
2361,0.26978203684903,0.5665297857678718,0.1239895495497148,0.03969862783338139
2362,0.27247658886182546,0.5705583109901063,0.11847310123943645,0.03849199890863131
2363,0.2803116554177947,0.5694678066062125,0.11847896016190992,0.031741577814083766
2364,0.26980270515961413,0.5742806401326085,0.11593109897747553,0.03998555573030181
2365,0.2717873000226556,0.5720260779966647,0.1181910042062934,0.037995617774386266
2366,0.269603916259532,0.5682743862654511,0.12204160723354804,0.04008009024146708
2367,0.2655385362511362,0.5651681578489156,0.12703272286609169,0.04226058303385713
2368,0.25666646593460807,0.568652316902236,0.12862070371094578,0.04606051345221052
2369,0.27930985655910395,0.5709707482422985,0.11300612496276209,0.036713270235835864
2370,0.27340674136230786,0.5657462147942226,0.12132173823988711,0.0395253056035826
2371,0.2708810156688505,0.5759400489070272,0.1144545058116261,0.03872442961249684
2372,0.25958086129731933,0.5625150865735827,0.13258578365036447,0.04531826847873314
2373,0.2727776881108623,0.5734679511720675,0.11590879647911462,0.03784556423795415
2374,0.2686804415337634,0.5585971184010986,0.1287086780706316,0.04401376199450532
2375,0.3038288018184982,0.5490392048723479,0.12426033211810422,0.02287166119105016
2376,0.28005558854597246,0.5590455254518285,0.12506153763303315,0.035837348369166376
2377,0.25661101296844463,0.5612378790206987,0.13387858082402776,0.048272527186830075
2378,0.2549200647008429,0.5726686881735376,0.13474299419818658,0.037668252927432054
2379,0.24492250879658675,0.5763980700878538,0.13449224404551793,0.04418717707004093
2380,0.2497925308504148,0.5700340210766283,0.13850913707336215,0.041664310999593786
2381,0.25802702574353864,0.580471880143323,0.12275535502714935,0.038745739085990445
2382,0.2536962768731902,0.5741152124304456,0.12767869018113012,0.04450982051523317
2383,0.32800761515338106,0.545479556250611,0.09718611282906936,0.02932671576693957
2384,0.2674433344362656,0.5709181199711978,0.12150980207954143,0.04012874351299513
2385,0.27414332548711123,0.5579578185131913,0.12940418036603546,0.03849467563366246
2386,0.2686467265701371,0.5732452154740496,0.11835547911293068,0.03975257884288172
2387,0.27906244976468675,0.5749414872863468,0.11159050758856799,0.03440555536039931
2388,0.2546818862757885,0.5829503830966196,0.12477729409448121,0.03759043653311004
2389,0.26875616946134495,0.5783454127062184,0.12097347352387117,0.03192494430856423
2390,0.27075730748170707,0.5721411059582162,0.11875034281477093,0.038351243745305914
2391,0.2592694949493054,0.5674553758783155,0.1289257357871573,0.04434939338522291
2392,0.30172120130444996,0.548921145411279,0.11693075019057098,0.03242690309370101
2393,0.23697540424093158,0.5908367934604238,0.13124555117745987,0.04094225112118442
2394,0.26732111892946575,0.5803739276166957,0.11467999495703426,0.037624958496804535
2395,0.26750715748744613,0.5666681015539672,0.12653211822633254,0.039292622732254964
2396,0.23769416487786785,0.5800186577210517,0.13925885281981185,0.043028324581267166
2397,0.2567486086098255,0.5646469967402922,0.13574801568210312,0.04285637896777814
2398,0.2539311733437586,0.5774843310218124,0.12728069810636816,0.04130379752805918
2399,0.2496719663443685,0.6002955165108789,0.11747011105676768,0.03256240608798372
2400,0.2627312889172388,0.5499970965414174,0.13791922234630102,0.04935239219504286
2401,0.2340752543536002,0.6030187697541289,0.11856422970632374,0.044341746185947974
2402,0.2463031009995626,0.5933117428530789,0.12455836257354644,0.035826793573812264
2403,0.2696450354233967,0.5622843394972804,0.13127352460299482,0.0367971004763284
2404,0.26957093142397837,0.5771892140909869,0.1149978864946533,0.038241967990380474
2405,0.2688818575096929,0.5611369509263525,0.12552779999498415,0.04445339156897096
2406,0.25931985054891443,0.5811951566933377,0.11810552537523672,0.04137946738251148
2407,0.27711714462948084,0.5580301450086048,0.1310133007983807,0.0338394095635347
2408,0.25931215222906384,0.5715135549802963,0.1286233947569738,0.040550898033666044
2409,0.2605037446649256,0.5660220295473736,0.13066660531006016,0.042807620477641056
2410,0.264657286040122,0.5738375930798488,0.12193774657308686,0.0395673743069408
2411,0.27379313432350183,0.5708148368649133,0.11711841880039833,0.03827361001118639
2412,0.23316485267174392,0.6224443721324974,0.11012913549401986,0.03426163970173717
2413,0.2772500484856172,0.5607183147010383,0.12184337711753243,0.040188259695811974
2414,0.2740633854603536,0.5655992485688355,0.1207162306880932,0.0396211352827177
2415,0.27492171015007383,0.5703502027524764,0.11541031279375832,0.03931777430369176
2416,0.3076533341582765,0.5516082673392614,0.10785706896373311,0.03288132953872842
2417,0.2597264788275459,0.5685589573441641,0.12992551245764333,0.04178905137064711
2418,0.2681854560322153,0.5722145937082191,0.12064721437340092,0.0389527358861655
2419,0.18589372208360727,0.6737937416532291,0.11234899430947967,0.027963541953684563
2420,0.2394376807446555,0.5862833068772972,0.13245383697141078,0.04182517540663584
2421,0.27255684795699453,0.5715447360296407,0.11681941321316423,0.03907900280019947
2422,0.27246381736465575,0.57508337464911,0.11592648989197987,0.0365263180942547
2423,0.262150876566236,0.5666051286486409,0.13116837069131004,0.040075624093813544
2424,0.2641422710632542,0.566171131743121,0.1294039119474662,0.04028268524615918
2425,0.2768084498694476,0.5636354024215814,0.11852166131672096,0.04103448639224995
2426,0.26906372883948104,0.5705984137100432,0.12514324432825158,0.03519461312222444
2427,0.27259159071496414,0.5717092385671835,0.11662483539466179,0.039074335323189366
2428,0.2670901347074999,0.552829826739395,0.12826159285661234,0.05181844569649301
2429,0.2664964080010676,0.5706939014841839,0.12647963924048308,0.03633005127426428
2430,0.2655846367385571,0.5717570786974704,0.12111468709693629,0.04154359746703636
2431,0.26161639594046104,0.5713252674836468,0.12395809509737712,0.04310024147851465
2432,0.2659887465526195,0.5695417494856795,0.12402073559139166,0.040448768370307676
2433,0.2604924059871985,0.5670058456002477,0.1316737445543857,0.040828003858167074
2434,0.2689114671562414,0.5668266983838844,0.12647548880269585,0.03778634565717678
2435,0.26352879811091007,0.57058781651895,0.12442005460613258,0.041463330764006864
2436,0.2700867185774816,0.55932286284638,0.13267258917822405,0.03791782939791302
2437,0.26960966419160753,0.5746255734641451,0.11503240847613318,0.040732353868112914
2438,0.2721597014494909,0.5628976205422301,0.12559367438093907,0.03934900362733968
2439,0.27325841877601903,0.5648128530138842,0.12106669681787838,0.04086203139221876
2440,0.2578293879734737,0.5754499892922763,0.12685596947101097,0.039864653263239395
2441,0.28035786144067837,0.5614875899018299,0.11923674809640067,0.03891780056109041
2442,0.2629269318980889,0.573939829228741,0.12477098674525533,0.038362252127913526
2443,0.25828575085183786,0.5576598704357595,0.13671729875214872,0.04733707996025431
2444,0.27117069684740663,0.5698533962716473,0.1266463802146509,0.03232952666629372
2445,0.24044521902142268,0.6097170063856052,0.12813291677044783,0.02170485782252498
2446,0.2606946934030314,0.5660007649635327,0.13563165585856984,0.03767288577486558
2447,0.2738575441733448,0.5669183580238468,0.12081881269524353,0.038405285107565044
2448,0.25384335003200137,0.5726158288762931,0.12795199879021207,0.04558882230149326
2449,0.25575263758187505,0.5702560927775944,0.1319292411242218,0.04206202851631053
2450,0.25986778553206563,0.5727267962268284,0.12612236605397048,0.04128305218713695
2451,0.27017494492911465,0.5733166976671016,0.11835619023360029,0.038152167170181925
2452,0.2678891477179197,0.571807739401986,0.11885278789693128,0.04145032498316428
2453,0.28009659920054303,0.5715302479420489,0.11272678590769052,0.03564636694971739
2454,0.28440931065584074,0.5621186897913767,0.11609444878943054,0.03737755076335268
2455,0.2702318705966973,0.5743217522036885,0.11795995688407164,0.037486420315542654
2456,0.28108850588648127,0.5592678715172623,0.12409631469597258,0.03554730790028438
2457,0.2615574796014621,0.5694806330797682,0.13039372065815574,0.038568166660614855
2458,0.2589769735329579,0.5650305830828596,0.13381136624161344,0.042181077142568295
2459,0.2532124895723215,0.5856343246545296,0.12513641951021437,0.036016766262934846
2460,0.2795803923275895,0.5562394651079439,0.125424532983626,0.03875560958084161
2461,0.2601542465093551,0.5627324420404465,0.13354539629264195,0.04356791515755748
2462,0.2612710917201822,0.5635300628680459,0.13238248981778644,0.04281635559398575
2463,0.2487932077572417,0.5775622471832056,0.13131266994761728,0.0423318751119359
2464,0.27016970671256574,0.5628993148719893,0.13142309640608454,0.03550788200935973
2465,0.26954900022279654,0.5717949392050506,0.11860895780441406,0.04004710276773828
2466,0.2579320969293685,0.5708911493361676,0.1306760642128841,0.04050068952158116
2467,0.23830658549324663,0.5836932549921389,0.13827596958009428,0.0397241899345203
2468,0.27680370001252974,0.569237532669923,0.11894239382128526,0.03501637349626114
2469,0.2915906072043442,0.5302272528065278,0.13377399154762476,0.04440814844150266
2470,0.2707758927026634,0.5598785438243163,0.1326981295400568,0.03664743393296429
2471,0.2646083376259863,0.567737465895664,0.12552683171800608,0.0421273647603431
2472,0.25638912521845675,0.5903151872363024,0.1221545484223295,0.03114113912291172
2473,0.2723614733685164,0.5727051969884623,0.1154767189687879,0.03945661067423469
2474,0.2641182619874742,0.5635722086569096,0.13281739219843866,0.0394921371571767
2475,0.261065467154514,0.5729116730747696,0.12544410287648589,0.040578756894230066
2476,0.2844172212619446,0.5666534686733035,0.11742596892061732,0.031503341144133515
2477,0.2509860456021264,0.584416257629747,0.12790056924159096,0.036697127526537636
2478,0.27177857889247053,0.5716030851776692,0.11796684804993693,0.0386514878799218
2479,0.2749724955908231,0.5671656779376809,0.11786211040823892,0.03999971606325547
2480,0.26756023272605733,0.5748609981645578,0.11929557709761415,0.038283192011772
2481,0.2671201890044489,0.571315415963358,0.12103641068665752,0.04052798434553489
2482,0.2721178124237188,0.5651920518584831,0.12974398815168064,0.03294614756611771
2483,0.2646585511557466,0.5800314240852269,0.11702237928044422,0.03828764547858196
2484,0.25803430974338715,0.5671855192450508,0.13318305344980588,0.04159711756175665
2485,0.28658950401830574,0.547310820784131,0.12605408319854297,0.04004559199902075
2486,0.26090740087002684,0.5748527703439146,0.12470779780124853,0.0395320309848095
2487,0.25857665684990944,0.5779942356702937,0.12275568196872604,0.040673425511071656
2488,0.2553806305290597,0.5736024081869137,0.13024276274956362,0.040774198534463145
2489,0.27577009691310994,0.5681249639866017,0.11869651314559775,0.037408425954690655
2490,0.26896057844892574,0.5621081990163975,0.12440623099543965,0.044524991539238036
2491,0.26816700303490704,0.5740499108899485,0.11810945123705151,0.03967363483809205
2492,0.2697294808743422,0.5747063452796931,0.11660100615493717,0.03896316769102741
2493,0.27008317939705806,0.5729634277489154,0.11511528529903113,0.0418381075549952
2494,0.2752549022796075,0.569209265320005,0.11734179722450155,0.03819403517588562
2495,0.2596908237087588,0.5670355998372372,0.12936614398127796,0.04390743247272861
2496,0.2618577022333287,0.5766394971907502,0.12362134302193833,0.03788145755398384
2497,0.263600667967686,0.5842738196400056,0.11486311603885305,0.037262396353453506
2498,0.265933371838581,0.5621432780109894,0.13634446952423449,0.03557888062619444
2499,0.2567491231337238,0.5715893874476871,0.12858198563541468,0.04307950378317438
2500,0.27028109008314183,0.5675538899727659,0.12304049909949,0.039124520844602405
2501,0.25921594000933057,0.5660573118741612,0.13550497187949861,0.03922177623700986
2502,0.2658960899549777,0.5737070565953251,0.11946192132480662,0.040934932124891674
2503,0.27225770906496216,0.5650141709239133,0.12502560105051946,0.03770251896060571
2504,0.272895209328719,0.5745233299470623,0.11508816166897627,0.03749329905524119
2505,0.27214224755249317,0.568330926644515,0.1190979764900597,0.04042884931293195
2506,0.2615329260835197,0.588690537599944,0.11457279905303304,0.035203737263503114
2507,0.2704185021992287,0.5604940195600806,0.125856952232878,0.043230526007812325
2508,0.26517491717687985,0.5807034485536626,0.1164005536452632,0.03772108062419479
2509,0.2616621628048599,0.5704391381894247,0.13079617464188972,0.037102524363825266
2510,0.3175261337971776,0.5234564337074344,0.12279516196526097,0.036222270530127096
2511,0.2755286552563319,0.5616392343914679,0.12365862534208019,0.039173485010119705
2512,0.26337256140692294,0.5646008466532435,0.1296055670298247,0.04242102491000963
2513,0.263162081645099,0.5743662659597373,0.11985998864037108,0.042611663754792625
2514,0.2777052124621414,0.5723177059765648,0.11684341081879167,0.03313367074250245
2515,0.2676324009643705,0.5611032052787264,0.13030301876422165,0.040961374992680766
2516,0.27568365468527123,0.5674110119551375,0.12429536379357012,0.032609969566021677
2517,0.2742208563725162,0.5706946324838931,0.1176782523675221,0.03740625877606961
2518,0.26944766518406,0.5518892753657951,0.1358440642553324,0.04281899519481241
2519,0.27176235741480187,0.5689559250091027,0.12035707628625188,0.03892464128984258
2520,0.2691078473683019,0.5541407723262861,0.1353239156665055,0.04142746463890674
2521,0.2654310368359953,0.5640127587482323,0.12803849757576963,0.04251770684000262
2522,0.2788790755081382,0.5462583416266014,0.13389456462620672,0.0409680182390551
2523,0.26538284254321476,0.5609756944642202,0.13422410366424375,0.03941735932831915
2524,0.27262258561329217,0.5670329060021232,0.1191738521655127,0.041170656219071684
2525,0.26497857824098864,0.562589267324716,0.13220139878554477,0.0402307556487515
2526,0.26843109573178364,0.5644836234989171,0.13563527322784558,0.03145000754145377
2527,0.25462528831961634,0.574447689835056,0.1311897873973691,0.0397372344479578
2528,0.2707487637366835,0.5635110936845745,0.1292969038280981,0.0364432387506443
2529,0.2614029473069948,0.5686647187163162,0.13078585407892424,0.039146479897764805
2530,0.29141106411881024,0.5581532470296401,0.117308768047934,0.033126920803615845
2531,0.28033346226336836,0.5203556235765436,0.16271647800796452,0.03659443615212204
2532,0.2718500297133762,0.5552713417295911,0.13077617368768246,0.042102454869349125
2533,0.27606740029298565,0.5512561820784627,0.13495816982119943,0.03771824780735299
2534,0.2756185892514184,0.5654376788329617,0.11718125940537183,0.04176247251024821
2535,0.25926865567151886,0.5608502752291858,0.13151448412294875,0.04836658497634699
2536,0.26873282945799,0.5625557007467207,0.1264619378529825,0.042249531942306524
2537,0.2721711738918759,0.5641313859888953,0.12124584154183107,0.04245159857739866
2538,0.26088448294241484,0.5629617613232332,0.1315671443267142,0.04458661140763913
2539,0.2588013900811143,0.5640963834157062,0.1324425949038418,0.04465963159933689
2540,0.2731317875063315,0.5710732642651367,0.11762371446702953,0.038171233761501965
2541,0.25920039040073284,0.5567534213949157,0.1377139114155331,0.04633227678881849
2542,0.2654485303839128,0.5688748413959518,0.12626640880934947,0.03941021941078709
2543,0.24167092028124035,0.5686116367379658,0.1404574860747118,0.04925995690608135
2544,0.2927232071377644,0.5394327517141977,0.13114270286952337,0.036701338278514885
2545,0.5548671370520261,0.3494187426611892,0.07390673294346269,0.02180738734332277
2546,0.2710987502148119,0.57597092767936,0.1162941759595141,0.03663614614631291
2547,0.2430170965362767,0.5805512380957617,0.1376954415646742,0.0387362238032868
2548,0.2995674372299636,0.5165983709535591,0.15263916669761882,0.031195025118860107
2549,0.2552727868086722,0.5718384832185293,0.13170189004714833,0.04118683992565041
2550,0.27098373270763065,0.5652242447688749,0.12260956592647655,0.04118245659701864
2551,0.2623628259961216,0.564630302708788,0.13069284908646658,0.04231402220862374
2552,0.26231950515423597,0.5620106397889404,0.13089672754728263,0.044773127509540794
2553,0.269176912046282,0.5731147783591649,0.11876807945897695,0.038940230135575286
2554,0.2671432436395785,0.5517930144306166,0.13943876892282883,0.04162497300697408
2555,0.25325697042706463,0.5687384537198484,0.13354720290284103,0.044457372950245336
2556,0.2706812677947069,0.5754328485500353,0.11605924523557762,0.037826638419678454
2557,0.2618276682223987,0.5769341946682195,0.12233984434630062,0.03889829276308065
2558,0.25443094328287835,0.5765633547383047,0.13338128064606986,0.035624421332747305
2559,0.24665395695066647,0.5824585079532698,0.13971408388363574,0.031173451212427938
2560,0.2795211087246518,0.5585705273715995,0.1206023154403631,0.04130604846338565
2561,0.2742919542323205,0.5715472640429029,0.11587182699313094,0.03828895473164545
2562,0.2566598365286711,0.5635611151952291,0.14510864774295676,0.03467040053314427
2563,0.30923898372359127,0.5466981272799613,0.107009011719588,0.037053877276858285
2564,0.3719864557488463,0.481064478529061,0.11019672470945163,0.03675234101264153
2565,0.2580440651143411,0.5706819856850007,0.12647410925869326,0.04479983994196576
2566,0.25984828909228086,0.5688478122104972,0.13409682326119746,0.03720707543602515
2567,0.26988491046331087,0.5590574399619438,0.1303110338551804,0.04074661571956464
2568,0.276366678432248,0.5689856680635982,0.11918683922645452,0.03546081427770021
2569,0.2652793827980691,0.5624265374448743,0.1322645133919606,0.04002956636509659
2570,0.27000776497625634,0.5620805890725807,0.12551800357149798,0.04239364237966505
2571,0.2612379834153977,0.5635860044313159,0.13294416144664864,0.04223185070663775
2572,0.24386841843742366,0.5719992944566684,0.13764972184364338,0.04648256526226402
2573,0.2699908756431821,0.5749921619099118,0.11745385731592514,0.03756310513098053
2574,0.2682842526587821,0.5738425212578885,0.11837161296358244,0.03950161311974706
2575,0.260541395368357,0.5699481023080082,0.125472903509969,0.04403759881366603
2576,0.2804841581373774,0.5661458277845115,0.11529033814119709,0.038079675936912985
2577,0.25429373599998656,0.5735119815430122,0.13126334214062124,0.040930940316380296
2578,0.2476243184553208,0.5798868998449921,0.1336439034428653,0.03884487825682073
2579,0.270140226424846,0.56284264355306,0.13041907148721565,0.03659805853487759
2580,0.26961230404336933,0.5771856172853512,0.11631384095419739,0.036888237717081364
2581,0.27071828805209536,0.569485412877532,0.11966449655281078,0.040131802517560815
2582,0.26837486127703736,0.5590053641149447,0.1341787933683724,0.03844098123964386
2583,0.27456503671872,0.5723957484458898,0.11462454614296079,0.03841466869243047
2584,0.267375853380035,0.5613704436075572,0.13302271391563014,0.03823098909677922
2585,0.26072860847543883,0.557042910767812,0.13552023820232514,0.04670824255442292
2586,0.2757699094082829,0.5729655149131997,0.1159438978502542,0.03532067782826188
2587,0.2727734162736798,0.5676667698153258,0.1166606138840047,0.042899200026990096
2588,0.2632799282640192,0.5660212580660412,0.13201115646648015,0.03868765720345876
2589,0.27788307384706074,0.5659719454429182,0.12410450617432323,0.032040474535698436
2590,0.41786820710437533,0.4172402808756699,0.11244887196696186,0.05244264005299141
2591,0.259854543914039,0.574695548489143,0.12461865769819057,0.04083124989862779
2592,0.2711757077707856,0.5708738921614473,0.116434102422844,0.041516297644922755
2593,0.2782466763160997,0.5563072807340987,0.13025491085941607,0.03519113209038529
2594,0.26724984130905777,0.5549636502607656,0.13565787060536486,0.042128637824811396
2595,0.28652151366907563,0.5580265364547625,0.12430892219621724,0.031143027679943515
2596,0.2624967935391528,0.580421004388555,0.12959611876952873,0.027486083302763833
2597,0.25182069491681736,0.5848131127818682,0.13044003449718522,0.032926157804129365
2598,0.254294762369679,0.5628216877188957,0.1400470128635706,0.04283653704785584
2599,0.2729063567913761,0.5683812475727263,0.11857514393817441,0.04013725169772377
2600,0.27206545884693845,0.5602684956208394,0.12206588445357057,0.04560016107865221
2601,0.26061080698185574,0.5660280852267323,0.13189899006863354,0.04146211772277774
2602,0.2659784370298405,0.5612684472278513,0.13376367008654078,0.03898944565576779
2603,0.2645090927107258,0.5729857596721194,0.12322039938014549,0.03928474823700988
2604,0.2637544875359497,0.5689959021187788,0.12500022243554895,0.042249387909721825
2605,0.2732920703259352,0.5636209961810466,0.12168381049123386,0.04140312300178371
2606,0.2627126715287495,0.5788666190721674,0.12181645831361079,0.03660425108547185
2607,0.2698745422221979,0.5639273974369824,0.12956102969733782,0.0366370306434801
2608,0.27021431182442035,0.5713578612749651,0.11954103807574558,0.038886788824868124
2609,0.2712840110830737,0.5541422340172147,0.13686290972816695,0.03771084517154486
2610,0.2863007306147361,0.5511808210384982,0.12637116885095004,0.036147279495816156
2611,0.3232989206286281,0.49549134009445533,0.1354862275757513,0.04572351170116601
2612,0.274062458099055,0.5546099255885771,0.13268436592814475,0.03864325038422355
2613,0.26103627327767415,0.5618863587511622,0.13243054534090842,0.04464682263025581
2614,0.26195139657058475,0.5654806339701381,0.13193093749211002,0.04063703196716642
2615,0.2612140471971134,0.5665963850259628,0.1288200578015478,0.04336950997537602
2616,0.3051160683943997,0.5180245604382082,0.13796607572338224,0.03889329544400885
2617,0.2943711702806958,0.5255345475996277,0.14042855639845428,0.03966572572122269
2618,0.26224264321208157,0.5569460313844036,0.13487490574717004,0.04593641965634349
2619,0.2788661087821454,0.5675435153181422,0.11657636508806091,0.03701401081165212
2620,0.26647899161923044,0.560901662649593,0.12991691968760413,0.042702426043572814
2621,0.27330353402190327,0.5738149879206471,0.11459633492662134,0.03828514313082736
2622,0.2699229345712464,0.5585781765880393,0.13157705992603086,0.03992182891468422
2623,0.2453172187024762,0.5892539163928295,0.12835749291429363,0.03707137199039941
2624,0.23138110250586524,0.587685547187189,0.13662765091200746,0.04430569939493865
2625,0.26513956607530476,0.5545092296908569,0.13790810517887042,0.042443099054968486
2626,0.2684256265456621,0.572024010124988,0.12548875684186447,0.03406160648748702
2627,0.2661039259426277,0.549680360522348,0.13910961211594244,0.04510610141908266
2628,0.264123424765798,0.5619785879626609,0.13698902587433093,0.036908961397210296
2629,0.2634721278518824,0.5662103888324707,0.12818109386718557,0.04213638944846136
2630,0.27473180761284327,0.5684760587960854,0.11740897864470598,0.039383154946365705
2631,0.27590843023273903,0.5690650398834044,0.11493780167088019,0.04008872821297678
2632,0.25858185946234946,0.5634290712479229,0.13385007493223094,0.04413899435749572
2633,0.2610970639265376,0.5647167876603817,0.13321774058802444,0.040968407825057014
2634,0.2834322712124223,0.5757585989207181,0.10750275801619867,0.03330637185066084
2635,0.28386266669008026,0.5453726624568701,0.12822432804397196,0.042540342809077855
2636,0.271928605974345,0.5638849089053473,0.1220674031542277,0.04211908196608057
2637,0.26535606782108684,0.5777255678654135,0.12690253745572885,0.030015826857770433
2638,0.26615749601787814,0.5788587363649607,0.11715088428952757,0.03783288332763332
2639,0.25415237299433335,0.5552476566977652,0.14110250090759674,0.049497469400303376
2640,0.2717543187162864,0.5718208893787621,0.11911128839106025,0.03731350351389103
2641,0.27143732850899244,0.5710571253038911,0.1281867594300973,0.029318786757019103
2642,0.28541900682171534,0.5474337903166723,0.1297604310066644,0.03738677185494747
2643,0.27971993316041444,0.5666288793194166,0.11802111331291469,0.035630074207254295
2644,0.2762938991080239,0.5669779839485192,0.1181953990123496,0.03853271793110697
2645,0.26977931124802357,0.5734748368774484,0.11828867271475522,0.03845717915977235
2646,0.3449934255658204,0.48419869894091794,0.12754446329153954,0.043263412201723334
2647,0.27870708880482115,0.5549965369857397,0.12699675781419098,0.03929961639524689
2648,0.2789328481602436,0.5626917567079136,0.11772615917759816,0.040649235954243954
2649,0.24158817894886608,0.5701102892437099,0.14133501111461594,0.04696652069280809
2650,0.26947589371047576,0.5662461371356876,0.1244069477103655,0.03987102144347074
2651,0.26409414217613164,0.5671600941041764,0.12971951786115057,0.03902624585854161
2652,0.2651288751312953,0.5726333874924303,0.11950611543626055,0.042731621940011864
2653,0.24807479181529643,0.5833415497850315,0.12747300189670557,0.041110656502966615
2654,0.27340259884581447,0.5431141304859687,0.12916141013223284,0.05432186053598358
2655,0.26430296229473815,0.5688938622885852,0.12572871117316622,0.041074464243511084
2656,0.2648666243476106,0.5682062132675444,0.12913906464907407,0.037788097735770736
2657,0.2569083763395916,0.5675446606759915,0.13967487885207147,0.03587208413234482
2658,0.33425902490544745,0.49472244718256037,0.12365401749666463,0.047364510415328645
2659,0.25416386524026163,0.5813426735850056,0.13136395496887143,0.03312950620586172
2660,0.2654268262462646,0.5767356792884722,0.11963389939177833,0.03820359507348409
2661,0.2790324662137027,0.5586841570488826,0.12028096249889833,0.042002414238517374
2662,0.26386146073777156,0.5698242172797192,0.12580160769419493,0.0405127142883136
2663,0.26987708342072225,0.5748864659461379,0.11897241957922272,0.036264031053917366
2664,0.47959383941499356,0.3991828236108174,0.08869157968072414,0.03253175729346498
2665,0.25783210470500095,0.5710693484883635,0.13050338361182254,0.040595163194812545
2666,0.36737675659993596,0.4901353291467913,0.11312196966535025,0.029365944587923357
2667,0.25788053268511857,0.5686749987034858,0.13883317160459782,0.03461129700679749
2668,0.26983681050082803,0.5783599244489716,0.11660886880674365,0.03519439624345722
2669,0.27146574033274684,0.5734204177258065,0.11702671520495753,0.038087126736488404
2670,0.24470145965636933,0.5830729201485291,0.1304678158456287,0.04175780434947363
2671,0.2609192424395632,0.5743375625036371,0.12718786139426774,0.037555333662532386
2672,0.2770545896903319,0.5589587521809327,0.12104273992685222,0.04294391820188235
2673,0.25788974851091434,0.5668046417118303,0.13297134604505667,0.04233426373219853
2674,0.2656437584718877,0.5679092514746897,0.12396802133793268,0.04247896871549039
2675,0.2751706745790866,0.5682008181540711,0.11902609005746369,0.03760241720937813
2676,0.2577556712411505,0.5653446632011436,0.13318964953080165,0.043710016026905135
2677,0.2780426774107052,0.554091861477584,0.13392229916326992,0.03394316194844068
2678,0.2565261617771716,0.5708142035577894,0.1301477599110349,0.04251187475400405
2679,0.2487621349480831,0.5300486811752743,0.15189801185503288,0.06929117202161054
2680,0.25547228811141326,0.5599043229836961,0.14461995593471746,0.04000343297017259
2681,0.26448014756682986,0.5647210390189206,0.12945111046122562,0.04134770295302487
2682,0.2557896346717993,0.5605000631260167,0.1384340315188664,0.045276270683317646
2683,0.25726660163864296,0.5548344840394874,0.13706610131358962,0.05083281300827876
2684,0.26560954348054744,0.5627627134624743,0.13398428710457402,0.037643455952403225
2685,0.24883378123163455,0.5762988571166854,0.13554740391058367,0.03931995774109668
2686,0.2574586876434567,0.5793531946394188,0.1270307717597136,0.03615734595741263
2687,0.2770225490673864,0.5692219993689227,0.11272178421976628,0.04103366734392589
2688,0.2548725870492453,0.5721421421355369,0.13102960807476416,0.04195566274045425
2689,0.26995384168311537,0.5604723759532217,0.1325153421168679,0.0370584402467957
2690,0.2621988531132175,0.5737137420906595,0.12413074760052593,0.039956657195598176
2691,0.2638109324119771,0.5757099443385585,0.12177458748898491,0.03870453576047989
2692,0.25565374736650387,0.5785900678561275,0.1311452985349169,0.0346108862424515
2693,0.2911296708308127,0.4967602475750621,0.18422629056060938,0.027883791033516497
2694,0.2487092189310678,0.5805327354121735,0.1364338109552548,0.034324234701502546
2695,0.2566990557848103,0.5742486726020051,0.12677546644553755,0.04227680516764743
2696,0.2592273742139172,0.5597351238774922,0.13687566923022154,0.04416183267837021
2697,0.26282162621011756,0.5611725088225654,0.13123357782206097,0.04477228714525687
2698,0.25911767771746325,0.5606335719800473,0.13402222410895723,0.04622652619353335
2699,0.26908600707637115,0.5702023969370806,0.11950701796993521,0.04120457801661244
2700,0.2673227865457116,0.5651467692402624,0.12646901591598647,0.041061428298038015
2701,0.2729909756094438,0.5698992714609729,0.11682853679588412,0.040281216133699206
2702,0.8910389024844306,0.08061763037061885,0.02061612949109779,0.007727337653852861
2703,0.2611140740955528,0.5585098290841921,0.13236113560771512,0.048014961212540466
2704,0.28894168905197026,0.5533447266525211,0.12274134010212238,0.0349722441933847
2705,0.2602613695795388,0.5636754654071843,0.13360398035156265,0.04245918466171455
2706,0.21984251731637552,0.5845493846164417,0.1546655483158947,0.0409425497512885
2707,0.2596643138352412,0.5734124016702267,0.1224676973876836,0.0444555871068479
2708,0.26371661547926656,0.5764385920021347,0.12010759171665443,0.03973720080194455
2709,0.2691601478325197,0.5637873930840005,0.1312607297670622,0.03579172931641712
2710,0.257424579143927,0.5736207253656036,0.12791892844969682,0.04103576704077354
2711,0.2632967454183258,0.5664028810184709,0.12870854873807636,0.04159182482512606
2712,0.2751542284027761,0.5605748160580692,0.12844064500315824,0.035830310535995995
2713,0.2600226341414333,0.5678891616288965,0.12997487667951155,0.04211332755015899
2714,0.270999142326287,0.5559198726350107,0.1341837081775649,0.03889727686113812
2715,0.2689559933534599,0.5593442021554378,0.13203899789726434,0.03966080659383676
2716,0.2744484830377492,0.5677453187465349,0.1208729004023919,0.036933297813323974
2717,0.2683945725630546,0.5577109199858891,0.1351017150992838,0.0387927923517723
2718,0.27303464482648676,0.569080896651925,0.11657534410690719,0.04130911441468038
2719,0.2615006577961478,0.5737500043340318,0.13383384709095225,0.030915490778867766
2720,0.26823982595424056,0.5766816022840973,0.11688753737238479,0.03819103438927879
2721,0.26102342431686165,0.5615372108248446,0.13247803993688553,0.0449613249214083
2722,0.2693619019984755,0.5581051811352024,0.13378658962583642,0.038746327240486794
2723,0.27453633758401397,0.5663531468809253,0.11853504150176633,0.04057547403329425
2724,0.2657979162364332,0.5400804937985512,0.1388752840134617,0.05524630595155334
2725,0.2725166103494883,0.5736473669812452,0.11814700839189388,0.03568901427737322
2726,0.26792447216335813,0.5672413141687651,0.12191980142804884,0.042914412239829045
2727,0.2574315797304992,0.5613450987747364,0.13623479184901288,0.044988529645751264
2728,0.2647470708913098,0.5646363808602449,0.13127743449031817,0.039339113758126654
2729,0.25791599458692077,0.5520385863334729,0.13847311682336477,0.0515723022562402
2730,0.23964805872501935,0.5748082638885045,0.14168023125105006,0.0438634461354247
2731,0.27080371120877683,0.5774244605603236,0.11467233785596372,0.03709949037493638
2732,0.27105069973605983,0.55751631776278,0.13313812378362658,0.03829485871753337
2733,0.2682339199534368,0.5672666118425509,0.1228315709402947,0.041667897263717966
2734,0.26474586036781744,0.5708047656063676,0.12471509223822778,0.039734281787586555
2735,0.2799360039173783,0.5622769599961651,0.12305956364624206,0.034727472440213986
2736,0.2822870339726992,0.5354226266940876,0.13949344647091935,0.04279689286229294
2737,0.276897782618356,0.5695085728479742,0.11479499439752702,0.03879865013614201
2738,0.24295031586570667,0.5841402951803923,0.1371684351271749,0.03574095382672638
2739,0.21370353603065095,0.5245980385977924,0.19159181652550236,0.0701066088460542
2740,0.2616442806656681,0.5688473051098768,0.12906595332734064,0.040442460897113085
2741,0.25801572775213477,0.5683017128192928,0.1309313976312047,0.04275116179736612
2742,0.26714131290857684,0.5694949403800684,0.12083422495137784,0.04252952175997693
2743,0.2620325478499197,0.5752373648423208,0.1256269948604557,0.037103092447304635
2744,0.2548955213139391,0.5682085228918569,0.13397204469010737,0.04292391110409716
2745,0.2634580019355755,0.5637270556182243,0.12942634635292827,0.04338859609327275
2746,0.2757615468664037,0.5681352309554937,0.11897191042010404,0.037131311757998345
2747,0.26509233211465144,0.5625377389058074,0.12854680428394402,0.04382312469559632
2748,0.26747519773927914,0.567752018588844,0.12115026058482158,0.04362252308705575
2749,0.2513179052994043,0.5709545279708756,0.1371494256362739,0.04057814109344609
2750,0.26247926213385475,0.5756572558141878,0.12165337460674247,0.04021010744521522
2751,0.26452573995785456,0.5571597552279919,0.1307488296250069,0.04756567518914587
2752,0.249363257959746,0.5853443649192372,0.1324863485559664,0.032806028565051985
2753,0.2638602560669356,0.5652075239651824,0.1302202619034472,0.04071195806443455
2754,0.2979360010067084,0.5353526524494558,0.12924749994506132,0.03746384659877515
2755,0.2601883770400207,0.5678084416979886,0.13066375728694463,0.04133942397504714
2756,0.26625582420165145,0.5705745402194327,0.12865658883237438,0.034513046746541584
2757,0.25700890725034226,0.5740450570126023,0.12562249321263164,0.04332354252442389
2758,0.2530348240247967,0.5742032568528546,0.14097143060884004,0.03179048851350893
2759,0.27294858825780216,0.5741159062013966,0.11710089822260612,0.03583460731819439
2760,0.24516604472047368,0.5671858325657124,0.14230627796087458,0.04534184475293909
2761,0.2661829642210766,0.5756003687534748,0.11767539476770131,0.04054127225774585
2762,0.28272200377315293,0.5459470716279887,0.1305020398568848,0.04082888474197309
2763,0.2714662647049807,0.5680208942664994,0.12218951592721865,0.03832332510130191
2764,0.26436354224030445,0.5677635483196394,0.1302710708318461,0.037601838608210286
2765,0.2777628820020943,0.572880179356717,0.11250767932358216,0.03684925931760604
2766,0.26131638232773524,0.5659709210609274,0.13233642041670565,0.040376276194633076
2767,0.24570749637344136,0.5788372896724009,0.13391244183651685,0.041542772117640146
2768,0.2576359533204268,0.5512014686657725,0.14119194920936473,0.04997062880443662
2769,0.27321468412543143,0.5659484258486868,0.1277218601740512,0.03311502985182956
2770,0.26020709670476166,0.5720535682204769,0.13401649722275982,0.033722837851999615
2771,0.25506685645527055,0.559339275391911,0.1325299126651311,0.053063955487686845
2772,0.24396206321264924,0.5747497708526084,0.13659214042695225,0.04469602550778913
2773,0.2560777490075662,0.5841737864635663,0.1281140792341154,0.03163438529475248
2774,0.280416154474512,0.5547278644284074,0.12794704479831973,0.036908936298760645
2775,0.31538661161288567,0.5277512675179196,0.12201024228292057,0.034851878586274816
2776,0.2671690661787765,0.5556157786407686,0.1300827647175623,0.04713239046289307
2777,0.2674334190117216,0.5630690183948579,0.1249972492471201,0.04450031334629921
2778,0.2530544112803069,0.5777075654547442,0.12991052437048917,0.03932749889445827
2779,0.26775769596243093,0.5628852577058093,0.12431344097158642,0.04504360536017401
2780,0.2746260559352037,0.5636517592995222,0.12030778255537493,0.041414402209897706
2781,0.49149442338384336,0.38468446008580687,0.08688536798653201,0.0369357485438174
2782,0.27365725722225426,0.5683144238427171,0.11808313991184609,0.03994517902318186
2783,0.26126806078892345,0.5680772248061506,0.13308365180630577,0.03757106259861981
2784,0.26882318662101357,0.5481407088693515,0.14090240508558705,0.04213369942404763
2785,0.2601110845194342,0.5685503417750614,0.1332398174461461,0.03809875625935765
2786,0.27648908765840824,0.5643764808742737,0.12230861289685642,0.03682581857046214
2787,0.2552297258421965,0.5669630501942206,0.1389767097604658,0.038830514203116985
2788,0.2620974721063241,0.5784377674170043,0.11982806190591859,0.03963669857075206
2789,0.26889322588275544,0.57737641422558,0.11641643918442145,0.03731392070724158
2790,0.26236739392182157,0.5661497340470301,0.12700795422572603,0.044474917805422606
2791,0.27796724675932116,0.5661669721394259,0.11918713609965376,0.03667864500159878
2792,0.2525390812285451,0.5775697122440979,0.12855681343679587,0.04133439309056186
2793,0.2590619469813087,0.5766446773926783,0.13480149592035162,0.029491879705662482
2794,0.2585020565113443,0.5739598425979656,0.12511942605464746,0.042418674836042496
2795,0.268867611035287,0.5752477223825461,0.1149474745361598,0.040937192046006515
2796,0.2592374661866538,0.5676234632507828,0.1307905549528804,0.04234851560968284
2797,0.2487045416204388,0.5821955398537969,0.12790058150190492,0.041199337023859584
2798,0.2703292619516095,0.5711927321318426,0.1176686670130058,0.04080933890354369
2799,0.2334982629255447,0.569197069390822,0.15821546142729806,0.03908920625633617
2800,0.27422249477766103,0.5596033967530704,0.12908049742515793,0.03709361104411093
2801,0.2332127934405697,0.5853353829321849,0.14075357259889595,0.040698251028350924
2802,0.27063063202159726,0.5549215274511928,0.13519426737499715,0.03925357315221294
2803,0.2524090522091581,0.5837311228620397,0.1298557733886136,0.03400405154018927
2804,0.2615042975356819,0.5669417104172787,0.13595585564578777,0.035598136401251125
2805,0.28640887712263,0.5613436754192933,0.12082056106207234,0.03142688639600497
2806,0.27403891413126485,0.5656951336782339,0.11987906535547432,0.04038688683502787
2807,0.2643017132268813,0.5667048745453555,0.12691802898185484,0.042075383245908864
2808,0.26480052706722196,0.5604371366820656,0.12832456719239027,0.04643776905832159
2809,0.2727640154042486,0.56857828162121,0.12267522873764827,0.03598247423689218
2810,0.26829761441114525,0.5809841424504624,0.114745768448456,0.03597247468993627
2811,0.27648167874492485,0.5592880600513068,0.12505793621347824,0.039172324990290795
2812,0.27401492879798545,0.5697606333052976,0.11767559936264141,0.03854883853407559
2813,0.27293343470184084,0.566251073492389,0.12202208687750982,0.03879340492826089
2814,0.2609386402909004,0.5727788541620832,0.1261739023556955,0.040108603191319814
2815,0.2700611535000772,0.5730243109978956,0.1190327588477605,0.03788177665426684
2816,0.2928455072046594,0.538243199641918,0.1267362882741856,0.042175004879235665
2817,0.2657444810525898,0.5595676894982816,0.13301389458295637,0.041673934866171804
2818,0.27330901578505107,0.5494074133069876,0.12771205543163738,0.04957151547632303
2819,0.26293260468685264,0.5666615585838206,0.12800696197633918,0.04239887475298669
2820,0.2672939449656292,0.5617980045745007,0.12909500174176855,0.04181304871810046
2821,0.5185937487724209,0.37458812956203,0.08031134838034924,0.02650677328520061
2822,0.27161390652448836,0.5700747386011764,0.12085158423720307,0.03745977063713213
2823,0.2564482183529949,0.5802085253318399,0.12551618795627575,0.037827068358889875
2824,0.2828006238282593,0.5609190052558687,0.11604764481344727,0.04023272610242598
2825,0.2482501722285619,0.5670207628295301,0.1579174807823956,0.026811584159513728
2826,0.25674945964304563,0.5755557756066092,0.1306607711804435,0.03703399356990164
2827,0.2529940763245016,0.5717665993312393,0.13400795286653272,0.04123137147772875
2828,0.2740090791974979,0.5673576477089365,0.11898515506859347,0.039648118024971986
2829,0.2721613814014206,0.565333462337645,0.12055963418589283,0.04194552207504111
2830,0.2761152275776098,0.5701174987410974,0.11355729707594676,0.04020997660534531
2831,0.27232875369492116,0.5691925779985408,0.11819813708222188,0.040280531224314395
2832,0.27269024229263417,0.56591988737417,0.11909553016545568,0.042294340167741286
2833,0.2851003813374763,0.5491243676555777,0.13264003534963364,0.033135215657311305
2834,0.26360140684455274,0.5630114675200228,0.13195100897304354,0.04143611666237984
2835,0.2506496316785923,0.5805008052387038,0.12766166756295,0.04118789551975421
2836,0.26931051144023327,0.5646841395712009,0.13128329450650608,0.03472205448206084
2837,0.2444427955741651,0.5752191383453538,0.12942460687318572,0.050913459207295036
2838,0.26510633449228904,0.5669555072310312,0.1241393083467228,0.04379884992995695
2839,0.2715048555712781,0.5707605467917354,0.11907628429991474,0.038658313337071745
2840,0.272391687709278,0.5599237522845476,0.13142804243783152,0.03625651756834191
2841,0.27243770586733573,0.5547669208039453,0.1374903440294951,0.035305029299223814
2842,0.2633552397154757,0.5534222027995491,0.13157955817463737,0.05164299931033755
2843,0.2709476878540854,0.5658279118289496,0.12257218178156862,0.040652218535396765
2844,0.2759401381464659,0.5453645090911085,0.13366884704746604,0.045026505714959066
2845,0.26458509594853663,0.5669563828999671,0.12800101493451665,0.040457506216979716
2846,0.2671289591630401,0.5776975843785763,0.11811752366598213,0.0370559327924018
2847,0.25786934413619655,0.5737633330529024,0.12413904927956156,0.044228273531339755
2848,0.2730422357626844,0.5607897332053066,0.13129049872049203,0.034877532311516975
2849,0.25855677806105365,0.563914223969303,0.13552444725343304,0.042004550716211154
2850,0.26342747054031684,0.5662430119051646,0.12419480975397945,0.04613470780053962
2851,0.24460543127023768,0.5907903323952508,0.12277216504067485,0.04183207129383663
2852,0.27300823639772165,0.5518356812229479,0.13673630800643935,0.038419774372890535
2853,0.2904462026151479,0.5340651397180447,0.13783350756964227,0.03765515009716481
2854,0.26448895888172036,0.5619099639589584,0.13144129213255532,0.042159785026766886
2855,0.25788771140499483,0.5653564657769481,0.12947869855671099,0.04727712426134672
2856,0.2781864341223927,0.5580154354719765,0.12361720692777323,0.0401809234778574
2857,0.2904309094607526,0.551921925439024,0.1167009003680434,0.040946264732180805
2858,0.301866963622652,0.5303069710353052,0.13265763611175732,0.03516842923028575
2859,0.26220857005171316,0.5628277840593382,0.13087747407674935,0.04408617181220139
2860,0.2751945228626795,0.5609009879190944,0.1227086578220832,0.04119583139614315
2861,0.2678418617049695,0.555491830890378,0.13604209963285796,0.04062420777179565
2862,0.2660254482220281,0.5753016942382253,0.12775471216386974,0.030918145375875786
2863,0.2711211871777053,0.5569295541132869,0.13324672214441677,0.03870253656459175
2864,0.26015306851460546,0.561850689094124,0.13176551719599305,0.0462307251952775
2865,0.2521313150956478,0.5556494636362546,0.15278654572381553,0.0394326755442833
2866,0.2659110896170586,0.5675236010066973,0.12557162913065004,0.04099368024559559
2867,0.2739462216794035,0.5595668886236537,0.1246978404591541,0.04178904923778799
2868,0.2696997426081355,0.567141196294437,0.12490557414596913,0.038253486951457874
2869,0.267118219234583,0.556838097922338,0.1365838078855459,0.03945987495753474
2870,0.2704188666866451,0.5620858408791772,0.12786105407132473,0.03963423836285325
2871,0.253433188271008,0.5756199430686817,0.13125858673745308,0.03968828192285707
2872,0.2598159308176671,0.5731096610889989,0.1282485357401859,0.03882587235314571
2873,0.24998870827372663,0.5752252596417443,0.1317871304297643,0.04299890165476423
2874,0.2893369066690543,0.545033112672598,0.13096721687751858,0.034662763780829435
2875,0.2714635165158816,0.5401193609770955,0.14358330465131258,0.04483381785571095
2876,0.2687606939312442,0.5547814449422632,0.13799005892035998,0.03846780220613279
2877,0.2631153880940517,0.5719975479770237,0.12355175134352757,0.04133531258539663
2878,0.28010641346338466,0.557119207413271,0.12339077634553525,0.03938360277780948
2879,0.2553285981225089,0.5814156615448587,0.12302660981961223,0.04022913051302043
2880,0.2705418948774485,0.55267603347769,0.13671909928165468,0.04006297236320668
2881,0.2765214499765278,0.5548145656116557,0.12402492180676761,0.044639062605049996
2882,0.26360563016465,0.5695970624504344,0.12583904998944362,0.040958257395473145
2883,0.2558899819781153,0.5529852244493464,0.14449436621149428,0.04663042736104421
2884,0.27029414584590095,0.5718021348968477,0.11607470712373236,0.04182901213351904
2885,0.24471231658155057,0.5778006546554707,0.13547350220740695,0.04201352655557316
2886,0.2942476701410701,0.5424653055122809,0.13108991165441752,0.032197112692232605
2887,0.2660157519007547,0.5722871391665558,0.12944797234422475,0.032249136588463026
2888,0.2610418674056174,0.5682147739665401,0.1306852065864432,0.04005815204139979
2889,0.27550891789298937,0.5553634886711077,0.1319671459689656,0.037160447466936065
2890,0.2641704538829465,0.5653736695032492,0.12710370743726865,0.04335216917653726
2891,0.2599701593395586,0.5642998966896225,0.13060587988210792,0.04512406408871196
2892,0.27934369773142836,0.5446218927782165,0.1303658427466749,0.04566856674368102
2893,0.2689225046971378,0.5686197726849881,0.12925191776574607,0.033205804852127915
2894,0.2648607202201849,0.5661907153054615,0.12702325168452863,0.041925312789823393
2895,0.25541428796523696,0.5706743198921516,0.12843554173906652,0.04547585040354503
2896,0.25069926944492293,0.5763680212485285,0.13257771458619674,0.04035499472035066
2897,0.2648356610073226,0.5669576243676878,0.12709770631602696,0.041109008308963135
2898,0.25974466625692777,0.5717652554775284,0.1262286846352273,0.04226139363031649
2899,0.2603287029052353,0.5698944947317682,0.1283299656448034,0.04144683671819161
2900,0.26628138399582885,0.5596403113792414,0.13178341660097578,0.042294888023953994
2901,0.2638867101919741,0.5626580934633084,0.13231085219772726,0.041144344146989587
2902,0.26538458802884696,0.5508670912535882,0.13775413352990512,0.04599418718766065
2903,0.28336428653673235,0.5618628553920871,0.11878325180919037,0.035989606261991304
2904,0.27614819963526327,0.567598485839433,0.11938040573857851,0.036872908786724605
2905,0.2693726280754221,0.5673188520977896,0.12959523007200086,0.033713289754785276
2906,0.2629444226255476,0.5662369557654391,0.12950143408170176,0.041317187527311984
2907,0.256045007863068,0.5766190020841495,0.12766690181074591,0.039669088242037465
2908,0.26320855990721514,0.5627799916886387,0.13029098379974854,0.043720464604397914
2909,0.2621705757204095,0.5709853378235397,0.12778318546775552,0.03906090098829499
2910,0.2686909374509264,0.5593537402039028,0.1331771712718804,0.03877815107329114
2911,0.2571808978500407,0.594507462082862,0.12345050016305482,0.024861139904041447
2912,0.27230186670507533,0.5351249048825878,0.13654722060500188,0.0560260078073351
2913,0.265974538986512,0.5692382614925935,0.1257847353116256,0.039002464209269345
2914,0.26362355067075016,0.5457575184809508,0.1392620126958415,0.05135691815245793
2915,0.27164607279993125,0.558910936706912,0.1316120017314008,0.03783098876175534
2916,0.27214211699280044,0.5724216453586332,0.11642335742473041,0.03901288022383598
2917,0.27610615636298563,0.5671715191206721,0.11691894702456551,0.039803377491776176
2918,0.2766853328770354,0.5573655570166204,0.12841282787970892,0.03753628222663587
2919,0.2729539531870826,0.5717163495385232,0.11806149376236606,0.03726820351202936
2920,0.30616440672934864,0.5813339611224745,0.09154369018076852,0.020957941967408817
2921,0.2615074506461765,0.5834196082203394,0.12098821507351565,0.034084726059968415
2922,0.2790464755450429,0.5720729749745399,0.11213777140240973,0.036742778078008395
2923,0.2774885326367163,0.5630519197310861,0.12052331151462488,0.0389362361175723
2924,0.26414701089882436,0.5641930238568122,0.13219753929562258,0.03946242594874122
2925,0.25726389784684384,0.5722137026794504,0.13065511223678028,0.039867287236925224
2926,0.27868703957974544,0.556474991099777,0.1295124421333649,0.03532552718711339
2927,0.26247778477754047,0.5665940015263737,0.13431118732470482,0.03661702637138039
2928,0.2467456292153783,0.5790821409666521,0.13331091060940647,0.04086131920856387
2929,0.2629172375675766,0.576924516303036,0.12679747683891682,0.033360769290471805
2930,0.2665149731134107,0.5640705162466416,0.12578359584245083,0.043630914797496784
2931,0.2722582971040514,0.5716051733760164,0.11564218664552162,0.04049434287441062
2932,0.266383440741586,0.5616592796445156,0.13328360036897194,0.038673679244928
2933,0.26524274194746944,0.5631127219835167,0.13266102039101263,0.03898351567800163
2934,0.2576163267525982,0.5738729726202054,0.1265971477754191,0.04191355285177691
2935,0.27399148398516565,0.5590132032574214,0.1281289264738653,0.03886638628354748
2936,0.2647822333620721,0.5800632123080401,0.11666625998807932,0.03848829434180875
2937,0.2744102663141843,0.5641920098832109,0.12071170334102077,0.040686020461584475
2938,0.2747098212287901,0.5698360847707921,0.11710424027851671,0.03834985372190211
2939,0.2759659953899962,0.5645343363297369,0.12205506813441362,0.0374446001458533
2940,0.24669619896824108,0.5792748770608129,0.12946571614247898,0.04456320782846623
2941,0.25357639432017814,0.5769449045899467,0.13030242992511676,0.03917627116475912
2942,0.2842299915145967,0.551750895337047,0.12319072990180105,0.04082838324655556
2943,0.26629749885604276,0.5738875652256046,0.12486684116916218,0.03494809474919024
2944,0.2977563019413187,0.5569505253905092,0.11802506573789463,0.027268106930278698
2945,0.25357166356669103,0.5809064228026064,0.1239365856894192,0.04158532794128289
2946,0.2388936759881373,0.5868798955123113,0.13276257041214534,0.04146385808740605
2947,0.2694821960419351,0.5750611916260997,0.11896993098986147,0.036486681342104
2948,0.2506253217819465,0.5708101586877898,0.13864471262804032,0.03991980690222439
2949,0.26901830819719214,0.5593333109882388,0.1320153961087515,0.03963298470581743
2950,0.2606508540973771,0.5580377006948009,0.13369299879770358,0.04761844641011885
2951,0.25591475209091935,0.570892788017093,0.13060486061082976,0.04258759928115839
2952,0.2765934077186303,0.5672375579069802,0.11652579720736793,0.039643237167021846
2953,0.26969404108656464,0.5689123650783108,0.11964198168401097,0.0417516121511139
2954,0.2723014856709622,0.5686771759049845,0.11753122440968315,0.04149011401436969
2955,0.27245226235601366,0.5681464063482674,0.12024611043305432,0.03915522086266485
2956,0.2629494345324939,0.565280445083367,0.1304926596043211,0.041277460779818566
2957,0.5233163128263045,0.381895391730443,0.07421847118725095,0.02056982425600213
2958,0.26760554045614193,0.5745235196549916,0.11660650021790775,0.041264439670959
2959,0.26874957873399563,0.5695786790278382,0.1218928392377079,0.039778903000458554
2960,0.2584150213776045,0.5634984908494852,0.13418437909621067,0.04390210867669904
2961,0.2678827561422791,0.5657911072546424,0.13038235946768126,0.03594377713539723
2962,0.24233990323413235,0.588202091724483,0.12973778654742452,0.03972021849395852
2963,0.27036416484138837,0.5575365751703835,0.13190609926868022,0.040193160719549606
2964,0.26701001338543706,0.5733710007445023,0.12188999377842255,0.03772899209163884
2965,0.24766737634432967,0.57522823777586,0.1585668039064242,0.01853758197338776
2966,0.27876555710313644,0.5586693826462303,0.12422360900119386,0.038341451249439475
2967,0.7280730456138692,0.21808494396012068,0.05081850036023685,0.0030235100657727667
2968,0.27370383425243006,0.5690277484630343,0.1174608827390794,0.039807534545455936
2969,0.28124535391982236,0.5553742881385109,0.12489195774917669,0.03848840019249015
2970,0.27727380525377543,0.5530420642644169,0.13271635904651183,0.03696777143529483
2971,0.2723277948992803,0.5653613552959561,0.12079837065045036,0.04151247915431336
2972,0.26076446142788573,0.5641937437586694,0.13274083956599875,0.042300955247446516
2973,0.2940090561677889,0.5119924331072361,0.14767684513650892,0.046321665588466045
2974,0.40382431300458427,0.4622435861106612,0.10173378709235584,0.032198313792399014
2975,0.2680965460929732,0.5678859730100501,0.1239706940653079,0.040046786831669214
2976,0.24755368262801974,0.5668813833371165,0.1396839565578521,0.045880977477012294
2977,0.2719328718812953,0.5404981943772933,0.1429916339792301,0.04457729976218114
2978,0.2714553158590706,0.5774109610855146,0.12005837722292352,0.031075345832492537
2979,0.2581477804862473,0.557189376409976,0.1372105984512644,0.047452244652511855
2980,0.2704990318933312,0.5783588162250306,0.11501503536477062,0.03612711651686808
2981,0.2722473483359913,0.5715586648508281,0.12253543814220508,0.03365854867097462
2982,0.2520754727491261,0.5707758559446876,0.12965208883367385,0.04749658247251294
2983,0.2720940702226746,0.5684514697802523,0.11987353516881831,0.03958092482825507
2984,0.2808927253078945,0.5644123221849644,0.11487154480147364,0.03982340770566747
2985,0.2719974577066229,0.5715729153475202,0.11654908176545115,0.03988054518040565
2986,0.28131599205829505,0.5516499578931553,0.1292202159195681,0.03781383412898254
2987,0.26105286232698505,0.5670211285891192,0.12950375820032017,0.04242225088357572
2988,0.2654552099399014,0.5656073656159561,0.12675377661212464,0.042183647832017106
2989,0.24997104212100577,0.5647916465822671,0.13743214621659156,0.04780516508013526
2990,0.2668976013642361,0.5468997091095829,0.13108467476196353,0.05511801476421903
2991,0.2652820397697076,0.5561758168947504,0.1411976287766555,0.03734451455888582
2992,0.2794164920081508,0.5507384111394237,0.13381109146544956,0.03603400538697454
2993,0.250997462419852,0.5704654502146023,0.15007517117002345,0.028461916195521523
2994,0.2702306049199721,0.5657861818767042,0.12821598001584963,0.03576723318747539
2995,0.2732492875753607,0.5513561022531503,0.13185716122153537,0.04353744894995302
2996,0.25470025627175724,0.5720852430434031,0.13247055039396632,0.040743950290873
2997,0.25301759177904243,0.5881275655893187,0.12932396008963062,0.029530882542008703
2998,0.2608037970513251,0.572068766835409,0.1257841005284789,0.041343335584787186
2999,0.2696742369828553,0.5655581239233864,0.12381321769017377,0.04095442140358613
3000,0.2641845520999864,0.5745070471461201,0.11880876821048485,0.042499632543409285
3001,0.26242747913314773,0.5662710211924122,0.1290065917432599,0.04229490793117871
3002,0.2679097828755766,0.5734414958409091,0.12144924644858267,0.037199474834931086
3003,0.27462913518631193,0.5583390186196695,0.12312361701226789,0.04390822918174911
3004,0.28884080823533526,0.5400264832221612,0.1262227073973537,0.04491000114514962
3005,0.26558911202027025,0.547245780336016,0.14050551035558012,0.046659597288133826
3006,0.3290697210662105,0.5270053099485248,0.11589503425146401,0.02802993473380022
3007,0.2723937372394426,0.5613360352345598,0.12586560227874255,0.04040462524725654
3008,0.264344479269631,0.5783671792438811,0.12142640165066051,0.03586193983582825
3009,0.2706985376974641,0.5745043314482883,0.11931750553765934,0.035479625316588714
3010,0.26249804533163645,0.5694185551677744,0.1282253563942474,0.0398580431063413
3011,0.2743933620703716,0.5636892993212923,0.12167202209292162,0.040245316515412737
3012,0.26654853295657177,0.5659622614916167,0.12734137027979514,0.04014783527201627
3013,0.2648577021171584,0.5602790703689815,0.1308046102987254,0.04405861721513566
3014,0.26947537158388585,0.5729310510292587,0.11731484041360574,0.040278736973248984
3015,0.26542220392937504,0.5628270369722177,0.13084038372595252,0.04091037537245302
3016,0.2716392046402875,0.553467570765543,0.13571306973497427,0.03918015485919478
3017,0.26787072074866314,0.5625623112255455,0.13329562698489936,0.03627134104089191
3018,0.26811154929440184,0.5739926741677366,0.11863934874544747,0.03925642779241383
3019,0.22480616446317153,0.5970349899551564,0.14070216952721656,0.03745667605445477
3020,0.2620354980993999,0.5653548720128106,0.13234740502439907,0.040262224863390574
3021,0.27438279704231067,0.5719813207970245,0.11741252480254614,0.036223357358118435
3022,0.26361287198425803,0.5780032116097664,0.12259455484344392,0.035789361562532436
3023,0.26695205005156586,0.5614335510999954,0.13485224293138803,0.036762155917050794
3024,0.25409787651460336,0.5595032084776078,0.1482510117082221,0.03814790329956642
3025,0.2656194011375876,0.5680248946304611,0.12548673790039855,0.040868966331553555
3026,0.2674575098869988,0.5687823344870604,0.12411592448234204,0.039644231143598024
3027,0.27035994262575697,0.5710676684797563,0.11759012159869729,0.04098226729579072
3028,0.25459300142719954,0.5785699844825969,0.12544174044133172,0.04139527364887065
3029,0.26621438780691226,0.5709581303111141,0.1287088787029142,0.03411860317905911
3030,0.26544571838342274,0.5778048356661096,0.11743299701340736,0.03931644893706151
3031,0.27453517589597076,0.5700272461195431,0.11778625097934926,0.03765132700513644
3032,0.27222646324447186,0.5695437598628919,0.11817548533449974,0.040054291558136494
3033,0.2715707605882592,0.5518131859003391,0.1380807605080649,0.03853529300333823
3034,0.2600268873792664,0.5685119319683395,0.13026553718074751,0.0411956434716459
3035,0.26712794670888096,0.5548411114784352,0.13158126325842567,0.04644967855425898
3036,0.2629017921461705,0.5670311231278221,0.12775833651716942,0.0423087482088371
3037,0.2548321734933779,0.5636759674006324,0.13747122037588555,0.04402063873010443
3038,0.26336971330520337,0.5739220128276699,0.12105967319937248,0.04164860066775268
3039,0.2628268825488081,0.5575026823953658,0.131724473919261,0.047945961136563985
3040,0.2725039177806256,0.5683083164153707,0.12010624522032602,0.03908152058367715
3041,0.28254090295516965,0.5490556567331655,0.13183186710381245,0.036571573207852676
3042,0.2622842561531924,0.5709043472808752,0.13177906631868436,0.035032330247248195
3043,0.23291822947228552,0.5778820661671203,0.14924239839563067,0.039957305964962726
3044,0.2729642368637455,0.5707360179063841,0.1200816651281244,0.036218080101745195
3045,0.24948051915154432,0.5770980297866882,0.13418936696556374,0.039232084096203566
3046,0.2805942217893322,0.5591721276651307,0.12307574726970491,0.03715790327583304
3047,0.265629261218449,0.5639614123127672,0.1314452484744743,0.03896407799430853
3048,0.26480221481406946,0.5673821052627539,0.1293540577986544,0.0384616221245226
3049,0.26682799863673234,0.5691941933333808,0.12433660206641524,0.03964120596347136
3050,0.2682355644575326,0.5626054481492113,0.1268613333957875,0.04229765399746979
3051,0.2630022635790811,0.5668188578014284,0.1318984302414156,0.03828044837807441
3052,0.25857370610440134,0.569532491886963,0.13203649315816054,0.03985730885047477
3053,0.27299315894890275,0.5647140451545728,0.12019336921012964,0.04209942668639338
3054,0.2784102744658348,0.5663471790387324,0.11772680758435894,0.03751573891107405
3055,0.27756565496709523,0.5701143644030234,0.11922244593326503,0.033097534696615825
3056,0.2730857559214863,0.5630162718324171,0.12954928224911869,0.03434868999697753
3057,0.260666758288799,0.5514386903923713,0.1369331664604128,0.050961384858416274
3058,0.2546530574522352,0.5897689688144743,0.11876889611247143,0.036809077620819614
3059,0.2621855812244042,0.5656067562229317,0.12902975046588602,0.043177912086779555
3060,0.23870504970906978,0.5616352044554352,0.1429403459926616,0.05671939984283439
3061,0.2842732650921646,0.5566150735720702,0.12282604189127505,0.03628561944449019
3062,0.26768914018833956,0.5642657487509966,0.12825415892136893,0.03979095213929518
3063,0.26330501662356104,0.5697708239026434,0.12936367137481788,0.03756048809897882
3064,0.24856109771570373,0.5795402647981139,0.12987614186295693,0.042022495623226956
3065,0.2643936342394995,0.5633109159079035,0.13095271885099083,0.04134273100160586
3066,0.2579647090802354,0.5734773787943304,0.12595523875788184,0.0426026733675539
3067,0.2774153176477156,0.5542493282712316,0.1253943215555063,0.04294103252554711
3068,0.2559116781900496,0.5682628085503914,0.13179533541329683,0.044030177846262626
3069,0.2773949450231219,0.5587799814535673,0.12336194788741829,0.040463125635892064
3070,0.2678576961294505,0.5712674537486251,0.12031963908478972,0.04055521103713463
3071,0.26054173169085265,0.5602364122012305,0.13464993720683677,0.04457191890107931
3072,0.27000529509086496,0.561495873459312,0.12504546926180285,0.04345336218801986
3073,0.24595675334326714,0.5852571498938891,0.13317565881696083,0.03561043794588348
3074,0.27034214797579736,0.5774794744241001,0.11519010209511484,0.03698827550498784
3075,0.2570817409071713,0.549421424097207,0.13965284895769883,0.053843986037922426
3076,0.274048540804469,0.5753276866668481,0.11188749677561102,0.03873627575307184
3077,0.27986421639924886,0.5699922665468128,0.12013578827209714,0.03000772878184181
3078,0.26782041680497587,0.5733464466328656,0.11804496852860687,0.04078816803354948
3079,0.25439035055937403,0.5737974453846582,0.12976750505024914,0.0420446990057167
3080,0.26987230417408353,0.5588829526590974,0.13129217716589475,0.0399525660009246
3081,0.2866667402983535,0.5552466571109751,0.11972062503571658,0.038365977554954626
3082,0.2584891118844168,0.5741614029321807,0.1250829234952275,0.042266561688173325
3083,0.28118122574342796,0.5729304193156979,0.11024288471874452,0.03564547022213038
3084,0.2560441119928203,0.5757576374535909,0.12519875635696903,0.042999494196619935
3085,0.2712550099463681,0.5635149480413886,0.12238908934790968,0.0428409526643356
3086,0.2806146095252708,0.5513292988098547,0.12681890953212194,0.04123718213275207
3087,0.24778840267821356,0.5708544162420046,0.13109628614554078,0.05026089493424167
3088,0.24914205586487084,0.579342452707637,0.1275016435679453,0.04401384785954839
3089,0.26389633159166553,0.5632430745169913,0.13032940033847906,0.042531193552865054
3090,0.26525155108892035,0.5398505022145235,0.13944149287943372,0.05545645381712144
3091,0.2742275030372041,0.5548698818580758,0.1334590649701633,0.03744355013455624
3092,0.2640828814003203,0.5725541178114115,0.12346686730792708,0.0398961334803408
3093,0.46280262792564575,0.40812258930710643,0.10154375697460323,0.0275310257926452
3094,0.2690256367110865,0.5666913846622701,0.12270767524092487,0.04157530338571744
3095,0.2612694703573826,0.5629841362773976,0.13232504476656096,0.04342134859865941
3096,0.2731021064989742,0.5550658477302199,0.13486608203974465,0.03696596373106229
3097,0.2702789717562081,0.5743737659217244,0.12194429199502713,0.033402970327040024
3098,0.2705691502563204,0.5723917751500766,0.11892019903760306,0.03811887555600012
3099,0.2501275101707562,0.5872934753143544,0.1265610401816045,0.03601797433328463
3100,0.27756975884338514,0.5686263574165983,0.11775611700874189,0.0360477667312759
3101,0.26461133739782366,0.5689492009235071,0.1254568162618325,0.04098264541683804
3102,0.25548286725932834,0.5727709953873981,0.13211335648383835,0.03963278086943446
3103,0.2754482921466276,0.5747028327899013,0.12218692430625411,0.027661950757215885
3104,0.27780378282888335,0.569475347912458,0.11548374750718685,0.037237121751471675
3105,0.2545077888854012,0.566622461547863,0.1388922568352016,0.039977492731534434
3106,0.25723915403718295,0.5761141597595224,0.12468704940412906,0.04195963679916485
3107,0.39179554480170564,0.45128263576249394,0.11428178178617596,0.042640037649625186
3108,0.25716878975431906,0.582237638439295,0.12755347821887753,0.03304009358750903
3109,0.2686367019028034,0.5686792221991527,0.121543039530359,0.041141036367685346
3110,0.3223096863119296,0.5223351485859096,0.12061293263563141,0.03474223246652984
3111,0.24293395833565054,0.574600676290281,0.15738207312439004,0.025083292249678233
3112,0.2565720156948683,0.5688766378615787,0.13217597046056512,0.04237537598298768
3113,0.26891758937140076,0.5746916001760588,0.11926097931094365,0.03712983114159771
3114,0.2692591904022252,0.5725571170568946,0.12004492693856525,0.038138765602315584
3115,0.2519830989405062,0.5705824714717973,0.13216315213320082,0.045271277454495225
3116,0.27155853144860415,0.5723360564886784,0.11938197875838165,0.03672343330433557
3117,0.2584283382220925,0.570603534579187,0.1278426444747311,0.043125482723989826
3118,0.2609365497065236,0.5707479613087604,0.12788682439614854,0.04042866458856758
3119,0.25179783937658756,0.5865824347761279,0.13325305169837035,0.02836667414891506
3120,0.27422862615834875,0.5681616291355815,0.11946052675610222,0.03814921794996596
3121,0.2645305706070425,0.5711223090842048,0.12421386798695036,0.040133252321802544
3122,0.27024557535109217,0.5717979337595687,0.11826392471419081,0.03969256617514901
3123,0.2678551756532979,0.5703088447589071,0.12128952749095483,0.040546452096840324
3124,0.2572549092944119,0.5709444756196114,0.13295598433128458,0.03884463075469253
3125,0.2677586273902413,0.5747670220123011,0.11877680992909176,0.0386975406683653
3126,0.28379740851819957,0.5532699525834079,0.1255985490626668,0.037334089835725136
3127,0.2583745952392688,0.5463356067986793,0.1421522275617489,0.05313757040030398
3128,0.2714748839240974,0.5741034586529127,0.11562930201735841,0.03879235540563358
3129,0.27478163152669627,0.571566656511885,0.11587203959082935,0.03777967237059049
3130,0.27577285382185296,0.5691269268283288,0.11478881822385809,0.04031140112596003
3131,0.2618583121178079,0.5755138659483596,0.1308295812574955,0.03179824067633678
3132,0.2723885625565888,0.5724148948643791,0.11537139815145497,0.039825144427575614
3133,0.29123547354502244,0.5007321616615896,0.16221762834660633,0.04581473644678227
3134,0.2747245662519535,0.5639211181291633,0.119522868494008,0.04183144712487646
3135,0.2630211470924898,0.5661747350791747,0.13664494827076862,0.03415916955756669
3136,0.2505363061202883,0.5743931303724709,0.1319974767737671,0.04307308673347413
3137,0.27141636815958425,0.556635012451605,0.13497851351516163,0.03697010587364868
3138,0.24896898449062202,0.5746989654088072,0.1377859796629813,0.03854607043758901
3139,0.262533357415099,0.5637212732739234,0.1314092466509748,0.042336122660002085
3140,0.2719630754987582,0.5734293175097809,0.11570824499890527,0.03889936199255557
3141,0.24177650459872807,0.582443743925217,0.12997950471647673,0.04580024675957734
3142,0.2725451586259626,0.5755797655270958,0.11573778044128978,0.03613729540565231
3143,0.2678114717410174,0.5701892269855128,0.12721127430233137,0.03478802697113697
3144,0.2585011928094556,0.5767792836544174,0.12656200597079553,0.03815751756533166
3145,0.26650857736427686,0.5739731039632994,0.11978437388068909,0.03973394479173388
3146,0.259873730432172,0.5612567808643539,0.13509108934218786,0.04377839936128652
3147,0.2691477987773136,0.5591741093650238,0.13444873847886643,0.03722935337879586
3148,0.26822814706637654,0.5699430702936702,0.12615709603125527,0.03567168660869861
3149,0.27784463792801445,0.5519101299746555,0.12819133312634462,0.042053898970986575
3150,0.2592277860831636,0.5677516035012438,0.1305071481937933,0.042513462221798845
3151,0.26857243621360144,0.5651432484963631,0.12614762358025816,0.04013669170977745
3152,0.2568951370594189,0.576142633354152,0.12597359491135154,0.04098863467507868
3153,0.28159739975991127,0.5663439698033197,0.11925927804963628,0.03279935238713221
3154,0.26366817497690986,0.5368808391537887,0.13843534461393284,0.06101564125536822
3155,0.3513380293169853,0.5476770073035486,0.0891884179367216,0.011796545442741897
3156,0.25934723975984736,0.5353109341158024,0.17975575232308008,0.025586073801271227
3157,0.26891946135951705,0.5694119123191467,0.12044220050926395,0.04122642581207103
3158,0.2620096126872662,0.5717667218458347,0.13174964435388092,0.034474021113017284
3159,0.2558147668035363,0.5613543821106222,0.13550421757319647,0.04732663351264639
3160,0.2753806215803983,0.5595678655972867,0.12246223006115205,0.04258928276116379
3161,0.2776731591511124,0.5543814795337013,0.1203116902249111,0.04763367109027597
3162,0.28818483614504764,0.5441030132615117,0.12682758620159,0.04088456439185083
3163,0.26261299191678195,0.5677485263101555,0.13256560282326654,0.03707287894979602
3164,0.2713352848949578,0.5716559414158496,0.11755444641965777,0.03945432726953486
3165,0.2620019236508922,0.5611153414544493,0.1344358537258593,0.04244688116879928
3166,0.2541387268015111,0.5749215957380118,0.1271221404027676,0.04381753705770876
3167,0.27135490844595467,0.5559433466347123,0.1343139277887482,0.03838781713058439
3168,0.26383019065979096,0.5768206227083132,0.11872502471333975,0.04062416191855784
3169,0.2725665119509008,0.5719654274605238,0.11755220016897702,0.037915860419598185
3170,0.25386222106362066,0.5775710303600462,0.13440716684354953,0.034159581732781934
3171,0.2568766281254488,0.5725015505153981,0.12654904513219195,0.044072776226959966
3172,0.2549483733559803,0.5678020781926499,0.13076078543508032,0.0464887630162904
3173,0.2845221881089339,0.5568360971816244,0.1186982007137409,0.03994351399570061
3174,0.2628353900690229,0.49867018825580306,0.15388606386409184,0.08460835781108327
3175,0.26609061547760027,0.5673506740942229,0.13054291230738596,0.03601579812079114
3176,0.26236980876341176,0.5664817854456763,0.12972749165003955,0.04142091414087215
3177,0.26309456292384037,0.5616004545316464,0.1317925892772913,0.043512393267220846
3178,0.2655173471558661,0.5654791060442054,0.1305949389958329,0.03840860780409637
3179,0.24988452259115862,0.5693848592429348,0.1420977733307861,0.03863284483511903
3180,0.2652465203265785,0.5659852737561927,0.13730182791151757,0.03146637800571164
3181,0.26910676637320696,0.5684477790905501,0.12655636576371018,0.03588908877253177
3182,0.2669538209774356,0.5637322273379807,0.12964786281139248,0.039666088873189946
3183,0.2816332349118839,0.5614452470241114,0.11838557729220922,0.03853594077179445
3184,0.2592449034501338,0.5687633924703027,0.13886810861883292,0.03312359546072929
3185,0.26989053252876455,0.567784473354475,0.12241839406118629,0.039906600055575045
3186,0.2543610151282892,0.5721412188527262,0.13779739256911125,0.035700373449872085
3187,0.269590376370366,0.5683890088944876,0.12228478886251853,0.03973582587262826
3188,0.2674206736077672,0.5715337709018996,0.11967945628281339,0.04136609920751954
3189,0.2663579465009843,0.5643218085709835,0.13146542717366197,0.03785481775437024
3190,0.2552108003881912,0.5700313871981247,0.1308622722722559,0.04389554014142726
3191,0.2673590696578399,0.5672947488662176,0.1220973358979714,0.043248845577972005
3192,0.2726931623586788,0.568144009134683,0.11949702109056579,0.03966580741607158
3193,0.2596327494051672,0.5659391986083476,0.13163412875386943,0.04279392323261548
3194,0.2634823854563749,0.5624870372139362,0.13050146517224148,0.04352911215744842
3195,0.26710229815191977,0.5617676587465902,0.12536528959671175,0.04576475350477958
3196,0.26592130062688796,0.5648256541652462,0.12762575683223437,0.041627288375631025
3197,0.2532568947485582,0.5777533081016744,0.14069440961487575,0.028295387534891737
3198,0.41874441717604854,0.42407716973011494,0.11108554595427951,0.046092867139558236
3199,0.27077471212683263,0.5712902712188875,0.12013418059091988,0.03780083606336078
3200,0.26998674709635423,0.559382587425411,0.12772456210567926,0.04290610337255606
3201,0.266407506428713,0.559593065197413,0.12982688468252865,0.0441725436913446
3202,0.26017885375410843,0.5599742769023719,0.1390028762529445,0.040843993090574376
3203,0.2507925978144053,0.5775390195843525,0.1331435110423114,0.038524871558930814
3204,0.2587848401069115,0.5708309882039644,0.12921041911552175,0.04117375257360107
3205,0.2683018424090715,0.5726376712529541,0.11852869234034565,0.04053179399762897
3206,0.2671755057478865,0.5628614206415626,0.13467278918896974,0.035290284421579804
3207,0.27160663075247504,0.5573767408151619,0.13430438377532694,0.03671224465703881
3208,0.270340748131919,0.5686467972652287,0.12010448521655155,0.04090796938630048
3209,0.2772440683660817,0.5519909839336097,0.12626998138433326,0.04449496631597556
3210,0.2600130880249748,0.5655303766028913,0.13359340903112651,0.040863126341007916
3211,0.25506668997461945,0.5449352757175808,0.14360935101911498,0.05638868328868398
3212,0.2765675042543363,0.5615399020440994,0.11949141666886677,0.042401177032697565
3213,0.24053364029441812,0.5874526300027195,0.13259007865958333,0.039423651043279995
3214,0.2816202623483765,0.5437084478474691,0.13875240414686252,0.03591888565729122
3215,0.2573125669283053,0.5716893251447323,0.12397704550535796,0.0470210624216045
3216,0.2739808031127527,0.5569102476993939,0.1256220363557077,0.043486912832145966
3217,0.23709495140237025,0.5847641745219988,0.13479522631918947,0.04334564775644111
3218,0.2606513796197291,0.5852224926883475,0.12539748421777022,0.02872864347415238
3219,0.2660629943375996,0.5699804195906278,0.12431165772590774,0.03964492834586458
3220,0.2637036689683435,0.5759656783016947,0.1267587241413188,0.0335719285886429
3221,0.2749815106812396,0.5685649017849902,0.11702923918735747,0.0394243483464116
3222,0.259186405113388,0.543283777932921,0.1391129682377793,0.058416848715912725
3223,0.2762968727227606,0.538161720029582,0.1435689344399671,0.041972472807689204
3224,0.26421427926041885,0.5638459130198764,0.12956768554567896,0.04237212217402598
3225,0.2587661205504314,0.565656694821804,0.13304707328461732,0.04253011134314586
3226,0.26096270948269157,0.5632059047986225,0.13122093634315202,0.04461044937553486
3227,0.2720305706411673,0.5678474797370137,0.11907768560341198,0.04104426401840681
3228,0.26931086412616007,0.5544194844025627,0.13169858631627263,0.04457106515500476
3229,0.26595306154256104,0.5590964369658925,0.13088442989938615,0.04406607159216005
3230,0.25795459000100546,0.5726587865267643,0.12830148924369283,0.041085134228537094
3231,0.26788495419089975,0.5595307020033297,0.13204701119930803,0.04053733260646232
3232,0.2660646816550414,0.5539235921819533,0.1316850720333437,0.04832665412966065
3233,0.26721025670344467,0.5687886327059815,0.13142366554615392,0.03257744504441927
3234,0.27600044538953145,0.5616767662053384,0.12159947238714457,0.04072331601798516
3235,0.2596917457929688,0.5672406764929203,0.1293171259622607,0.04375045175185207
3236,0.2655480283459345,0.5646314543458292,0.13157588232481532,0.03824463498342261
3237,0.2638673278462966,0.5665619335820181,0.12862858722605547,0.0409421513456291
3238,0.2779278249026083,0.5645116784946472,0.11743221746349311,0.04012827913925128
3239,0.27104403732856625,0.565622386192452,0.1219583399651586,0.04137523651382409
3240,0.2695860508802665,0.5613135686249456,0.13182079041621803,0.037279590078570075
3241,0.26707419780066505,0.5766384134364562,0.11683478691048858,0.03945260185239012
3242,0.25986948949985855,0.5635212704131906,0.13430121231872708,0.04230802776822386
3243,0.2706597291255332,0.5737731963087704,0.11635875897381596,0.03920831559188142
3244,0.25386340708337024,0.551728616735512,0.13942070638574802,0.054987269795368936
3245,0.27349057092876655,0.5691564657195181,0.11806368978306038,0.03928927356865471
3246,0.25567699222251694,0.5715274530234745,0.1291812575544498,0.04361429719955927
3247,0.2553780403220304,0.5614494991569954,0.13865807329839802,0.04451438722257559
3248,0.26179058079727247,0.566175213120943,0.13129337257230875,0.04074083350947561
3249,0.2709428943677872,0.5568170737929768,0.13569965909857712,0.036540372740658945
3250,0.28191117813667343,0.5551255629706642,0.12718309449226564,0.03578016440039691
3251,0.26945899252524125,0.5644024369375131,0.12751404279225162,0.03862452774499578
3252,0.2739466311343082,0.5676972566634791,0.1211173046387248,0.03723880756348867
3253,0.27135139050454044,0.5715833101074442,0.11949371381990373,0.03757158556811229
3254,0.2779850176727953,0.5676253310420392,0.11617497645144945,0.03821467483371575
3255,0.2574406480651091,0.5585755789324284,0.13482309867296088,0.04916067432950146
3256,0.2843700359778424,0.5573274087918417,0.11692394452186206,0.04137861070845458
3257,0.27319596801728163,0.5652189603314663,0.12317316859652691,0.0384119030547247
3258,0.27829203295644106,0.5412866535912867,0.135229380774539,0.04519193267773367
3259,0.2460861794782234,0.5810554228641027,0.13990438371748862,0.032954013940184206
3260,0.2799668564487212,0.564313781000935,0.1201992868758202,0.03552007567452229
3261,0.2724304929056387,0.5652109432564043,0.12318878392153708,0.03916977991641811
3262,0.26687598070174084,0.5611641957841538,0.1315306913535553,0.04042913216054939
3263,0.23339280716238536,0.5670366936890495,0.16409460413669563,0.03547589501187076
3264,0.27436900641677964,0.5710301571207564,0.11520419948173256,0.039396636980731
3265,0.2750229954666119,0.5713822072424973,0.11731375878682061,0.03628103850407071
3266,0.26937328843361324,0.5607676412362348,0.13473865104055863,0.03512041928959281
3267,0.2628427764693474,0.5774869927518466,0.1271434554987015,0.03252677528010458
3268,0.2779916445033671,0.5477256090597455,0.14063176788320841,0.03365097855367996
3269,0.26921097136441535,0.5635648766031582,0.12785427128199248,0.03936988075043385
3270,0.25568903990738706,0.5696874559171735,0.1305918934908601,0.04403161068458042
3271,0.2638405103685659,0.567155876769544,0.13148407712374888,0.03751953573814256
3272,0.2636234348304301,0.5593924406064265,0.1312144176717844,0.045769706891358335
3273,0.2746301188369033,0.5424384296076744,0.13966285743428059,0.043268594121142735
3274,0.2724538802649743,0.561740250058871,0.13105245360720885,0.03475341606894661
3275,0.2775106403641671,0.5371676844267804,0.1417174733475223,0.043604201861530176
3276,0.27026121639621836,0.5735350612305418,0.11894064482098696,0.03726307755225117
3277,0.27749066276464246,0.563980411708198,0.11800517736652752,0.040523748160631916
3278,0.26908317232443935,0.5609686366016093,0.13329318698419923,0.03665500408975137
3279,0.2686439540611347,0.5291336532935272,0.14376056061680295,0.058461832028534666
3280,0.25633969807721074,0.5695024847948273,0.13196124707397391,0.042196570053987546
3281,0.26201981577813305,0.5675023765706332,0.12751513552814878,0.042962672123084765
3282,0.26534623215058123,0.5585578054249728,0.13439806076094787,0.04169790166349847
3283,0.25339355386863993,0.5630459294001804,0.14280331044810976,0.04075720628307032
3284,0.2773195068523541,0.572139093373895,0.11337904713744708,0.03716235263630257
3285,0.27118586770843545,0.5692209343159531,0.1214263080731729,0.03816688990243704
3286,0.2746229699050845,0.5628642917688883,0.12101081945570102,0.041501918870325116
3287,0.2707653749088516,0.5578533459396299,0.13331280141565696,0.038068477735861125
3288,0.2596583157796571,0.5597444088432435,0.13586657654747225,0.044730698829625826
3289,0.26840650457253706,0.5668414050088231,0.12549464627075674,0.039257444147881536
3290,0.2875539680416461,0.5437224563494913,0.1345034517564698,0.03422012385239262
3291,0.30514298874868423,0.5921105622826329,0.09188502863979126,0.010861420328892679
3292,0.2644286815427293,0.5704828407820952,0.12657855450351355,0.03850992317166138
3293,0.26798954991405394,0.566213626344983,0.12446375331132405,0.041333070429638144
3294,0.2673112590440725,0.566424450186661,0.1249218521729687,0.04134243859629791
3295,0.27106886050838885,0.5642780992980755,0.12389357710799191,0.0407594630855442
3296,0.25802386006658923,0.5642313014650547,0.13451964686606246,0.04322519160229211
3297,0.2819367356474104,0.5617656014432498,0.11683886262349011,0.03945880028584992
3298,0.2735754929228103,0.5599658945232571,0.1295110704425963,0.03694754211133473
3299,0.27191322038945354,0.5689434151968307,0.12005384157471999,0.03908952283899679
3300,0.2619196094511483,0.5604398794132041,0.1331224178619026,0.04451809327374476
3301,0.2635228873898322,0.5683542482547269,0.1307970530573902,0.037325811298050265
3302,0.2640795460289635,0.5686382846570869,0.12636238250322543,0.040919786810723426
3303,0.27308804500948236,0.5675257593026777,0.11898884901026185,0.04039734667757801
3304,0.2696317797536229,0.5705137022192642,0.11948479847807301,0.04036971954904097
3305,0.26956588919299806,0.5600576431633919,0.1296270192211335,0.040749448422476846
3306,0.2652441390946279,0.5690490301608022,0.12437926350495641,0.041327567239613186
3307,0.2702488173476643,0.5672859357387261,0.12799570518235595,0.034469541731253016
3308,0.254449789887668,0.5793330067724635,0.12569776985348052,0.04051943348638942
3309,0.26693351700526174,0.5667818538101042,0.1213785825951527,0.044906046589481184
3310,0.2591579654219699,0.5563057371997994,0.13823579813856457,0.04630049923966554
3311,0.28154906849499145,0.5591391477743743,0.1171391307088032,0.04217265302183109
3312,0.2514612371923088,0.5820247453648404,0.1312970856263029,0.03521693181654743
3313,0.2689318069728533,0.5702599709309271,0.12241517436926395,0.03839304772695553
3314,0.47977054060097996,0.4040843837270239,0.0878487520739337,0.028296323598061182
3315,0.26262370662278794,0.5679986707200426,0.13097145916436928,0.03840616349280074
3316,0.2575218707018962,0.56977879157634,0.12567450307267625,0.047024834649088826
3317,0.27097056625373006,0.5712261273419463,0.11704565198466403,0.040757654419661185
3318,0.26223552427786173,0.5704531737010637,0.13052506117944734,0.036786240841627356
3319,0.2727670389396697,0.5517938026881724,0.13890854229189498,0.03653061608026245
3320,0.25736878050796835,0.566452260034184,0.13444480268239747,0.041734156775448616
3321,0.26786870659475787,0.5610069019074019,0.1356919325280446,0.035432458969797256
3322,0.2468096528286216,0.5811072571501223,0.13308178647398,0.039001303547275025
3323,0.2564770987415148,0.5753179531466038,0.13028353266958612,0.03792141544229529
3324,0.26348834123908527,0.573269034491517,0.12452151401273397,0.038721110256663964
3325,0.2714082201915369,0.5688468919825606,0.12411930762003907,0.035625580205861804
3326,0.26816814811446704,0.5741068023572702,0.11955843460835519,0.038166614919908276
3327,0.27645336624013156,0.5680417894448536,0.12215260601913161,0.03335223829588443
3328,0.6397080285269351,0.26666527770396425,0.06963469960508659,0.023991994164015276
3329,0.2524393743354887,0.5747204537829818,0.13105049883922534,0.04178967304230538
3330,0.269015589663285,0.5696293632069833,0.12059679206355034,0.04075825506618153
3331,0.24858573480791776,0.5760056740014465,0.13563287286322062,0.03977571832741747
3332,0.27832261972997363,0.5607811812678414,0.12161388034861319,0.039282318653570805
3333,0.2730753985424061,0.5565365585978527,0.13259531413066103,0.03779272872908075
3334,0.24301415521641043,0.5742952447692207,0.14194839903132955,0.040742200983040246
3335,0.21980584799090833,0.6128295445120109,0.13255801557053062,0.03480659192655047
3336,0.2708660781489065,0.5689853941179054,0.12068022873985196,0.03946829899333565
3337,0.26194857531000026,0.5607503198268653,0.13166538570939207,0.04563571915374252
3338,0.2656367822625075,0.5590447604394695,0.1323945167570727,0.04292394054095046
3339,0.26830795462574697,0.5728086738430952,0.11669371212690802,0.04218965940424937
3340,0.26359522068618213,0.5683707621868719,0.13599824823476567,0.03203576889217954
3341,0.26167121090070594,0.5723904422970518,0.12922770416302226,0.03671064263921953
3342,0.25342298568334,0.5848890772064832,0.13481187665749733,0.026876060452678555
3343,0.26041931491904996,0.5642449717626579,0.13191502425587365,0.04342068906241882
3344,0.27419876188498044,0.5569939205300383,0.13240951182159108,0.03639780576339052
3345,0.27105436792312654,0.5715667242573231,0.11861872519753,0.038760182622018455
3346,0.262181284423175,0.5749787551883476,0.12663769000258923,0.03620227038588844
3347,0.2626232679885346,0.5637421574901776,0.13051544856702824,0.04311912595425938
3348,0.269087177208684,0.566527698386733,0.1305600631260233,0.033825061278558964
3349,0.264767232500916,0.5651446483595913,0.12501307374936826,0.04507504539012307
3350,0.2507574577963897,0.581540781503562,0.13047030906678694,0.03723145163326243
3351,0.2661560268451599,0.5740811345555604,0.12130490325339613,0.038457935345883924
3352,0.25846545039839847,0.568415719424623,0.1301053826677932,0.04301344750918581
3353,0.25483855047470505,0.5725991857176336,0.12855273498174846,0.04400952882591372
3354,0.3338073657627421,0.5161631955302897,0.11641459283882043,0.03361484586814929
3355,0.2574407222184862,0.5688119111511465,0.13103722216933317,0.04271014446103329
3356,0.2806480597154086,0.5701394777582078,0.1214972994502037,0.02771516307617877
3357,0.26553709332168585,0.5680678776641164,0.12381967828121307,0.042575350732984796
3358,0.2616658135952027,0.5642217871460308,0.1333961735674215,0.04071622569134527
3359,0.27309066553998856,0.5726560940006389,0.11707825181253773,0.037174988646834745
3360,0.2680395521513902,0.562248073426695,0.1328945140640707,0.036817860357843214
3361,0.23975590021761653,0.5876065508109621,0.13458975972159185,0.03804778924982898
3362,0.27134869885895724,0.5718755608387961,0.11674623957697866,0.04002950072526825
3363,0.261970215980282,0.5655522965462529,0.12785552285263443,0.04462196462083149
3364,0.2668290174007746,0.5628452730052955,0.1299517590604371,0.04037395053349275
3365,0.25913728996034446,0.5700223819275977,0.13296600042937112,0.03787432768268716
3366,0.26335707395588653,0.5579820513689471,0.13289059665138736,0.04577027802377915
3367,0.2750784979379757,0.5642010466503711,0.12177654881625088,0.0389439065954038
3368,0.23703937093647762,0.5873025809070618,0.13217336832155385,0.04348467983490685
3369,0.2691283250960636,0.5700864696197959,0.11950386155317085,0.041281343730967285
3370,0.2711906542302705,0.5554770069145851,0.1298962009549058,0.04343613790023762
3371,0.2656931142349443,0.562043894080122,0.13396141005132642,0.03830158163360882
3372,0.2569537523620441,0.5779071908120414,0.12417407969223274,0.04096497713368166
3373,0.25933256865382326,0.5640618853821519,0.13481974053614743,0.041785805427878006
3374,0.26101486957200887,0.5768935642277954,0.1257709917257411,0.03632057447445499
3375,0.2700780991338027,0.5680545770060555,0.11915921082726487,0.04270811303287844
3376,0.2491428021110688,0.5779584965933781,0.13034733835613294,0.04255136293942079
3377,0.2602895686908906,0.5679974642659096,0.13078675436163728,0.040926212681562775
3378,0.26778757963779404,0.5755849419329778,0.11772453765688863,0.038902940772339606
3379,0.27436792382575775,0.5711703590662143,0.11452462437017298,0.03993709273785423
3380,0.27142028319772193,0.5715693194656964,0.11802774127243382,0.03898265606414709
3381,0.26806988592574144,0.5667758724233523,0.12235472916722716,0.04279951248367979
3382,0.26050418306420015,0.5835033067421926,0.12338207771774826,0.03261043247585862
3383,0.271653765789099,0.5734886694379997,0.11663383639148353,0.03822372838141733
3384,0.25711585765669964,0.5574711620200188,0.13633917740060242,0.04907380292267912
3385,0.30016455974210837,0.5779662523917033,0.09786477986894292,0.02400440799724525
3386,0.259344801382017,0.5671459559382633,0.130663579587882,0.042845663091837904
3387,0.2587953589523944,0.5542552924683742,0.13647778831303126,0.050471560266199485
3388,0.25053782228307436,0.5700328110809981,0.1335890603906432,0.04584030624528537
3389,0.2503827484027172,0.5753278670093124,0.13742077250761076,0.03686861208036124
3390,0.25489565431251265,0.5609300146682553,0.1410195887055164,0.04315474231371466
3391,0.34177609509753565,0.5036069664492895,0.12053602571024395,0.03408091274293215
3392,0.27245698335169455,0.5669499785540888,0.12086498433272302,0.03972805376149361
3393,0.2595326148180127,0.5693336916718089,0.128213563994768,0.04292012951540933
3394,0.2568396015910085,0.568562380590633,0.13260598699930473,0.04199203081905523
3395,0.2625909195424828,0.5674400308695309,0.12991510793135289,0.04005394165663198
3396,0.2655975314308093,0.5622294850130874,0.13219306480739307,0.03997991874871113
3397,0.27075265126073195,0.5658511513168452,0.12196463999866346,0.041431557423758515
3398,0.2671733661601278,0.5568476570321984,0.1353836721606797,0.04059530464699483
3399,0.266370660619944,0.5790962900094584,0.11626266366626448,0.03827038570433306
3400,0.8608720679669901,0.10585300331339743,0.02638424170775971,0.006890687011853725
3401,0.28860363886083873,0.5317553767948283,0.142696074579864,0.03694490976447121
3402,0.2574618348496655,0.5721119849325654,0.1277280301484777,0.042698150069290904
3403,0.26071854908623576,0.5721856295982622,0.1316369272361942,0.03545889407930703
3404,0.26104301028590565,0.5637037051269344,0.13254065229385986,0.04271263229329972
3405,0.26501568536546144,0.5700811477605581,0.130248710045391,0.03465445682858948
3406,0.26138255854389986,0.5709781213849905,0.1268030090489426,0.04083631102216667
3407,0.27192086186781483,0.5673643022912654,0.1226814646369955,0.038033371203925526
3408,0.2685220081776453,0.5664286462950406,0.12297742590891507,0.042071919618399456
3409,0.2674902646446135,0.5685881798060639,0.1250477020485454,0.038873853500778134
3410,0.2559209373375951,0.5719621813889969,0.13219951035800115,0.03991737091540637
3411,0.2722940621180632,0.5645199514198658,0.1214368786660552,0.04174910779601712
3412,0.28030153006128716,0.5621831413708434,0.11746904653882227,0.0400462820290475
3413,0.2591332742650094,0.5663002243010838,0.13434181382184468,0.0402246876120619
3414,0.30358722092624985,0.5596843967849117,0.11018491333778595,0.026543468951052168
3415,0.27656289105484194,0.5529888724437254,0.12696233667677187,0.04348589982466002
3416,0.27480867593443975,0.5604029557672432,0.12055380144508783,0.044234566853230156
3417,0.2680067579720341,0.5733739521209659,0.1208991754542164,0.03772011445278272
3418,0.2671320433147617,0.5621167215570002,0.13128982883859827,0.03946140628963866
3419,0.26394980839941856,0.5590640435252154,0.1347117699003792,0.042274378174985326
3420,0.272261532047949,0.5686704174316359,0.12062881697920495,0.038439233541209775
3421,0.2674104405770063,0.5568957300135341,0.1360230924710102,0.039670736938449865
3422,0.26030746359207024,0.5685133136031122,0.12832042194582677,0.04285880085899079
3423,0.2649369918499293,0.5642486782694768,0.13084777511135012,0.0399665547692439
3424,0.25548512423433767,0.5648839091416218,0.13231865640433615,0.04731231021970422
3425,0.267135191804021,0.5349619812790849,0.15402703389644457,0.043875793020450526
3426,0.26530172889472475,0.564663587355894,0.1296096079354002,0.0404250758139818
3427,0.2700037747488144,0.5612910495028721,0.12636758374465207,0.04233759200366017
3428,0.26715130458436337,0.5784612339682716,0.12011489302648655,0.034272568420878016
3429,0.25601481949186655,0.5742852567496609,0.12709077136749294,0.042609152390979906
3430,0.2639626705731146,0.5748873223973269,0.11787572446559123,0.043274282563967446
3431,0.2839732110646424,0.5542105412667003,0.12478334314567169,0.03703290452298423
3432,0.2739441189790286,0.5539656286148048,0.13490359821869694,0.03718665418746817
3433,0.2579546593490137,0.543159617298967,0.143896947786571,0.05498877556544849
3434,0.25754106145451633,0.5607438714152783,0.13505331964839637,0.046661747481808284
3435,0.23456915056882247,0.5473362172172737,0.14442488176596074,0.07366975044794331
3436,0.2657556597681671,0.5585038428389889,0.13199366663178308,0.04374683076105954
3437,0.27170241442528603,0.5632583865261162,0.128532814155359,0.036506384893238646
3438,0.32358703583223564,0.5293305090462389,0.11538588491530367,0.03169657020622282
3439,0.39458161514053447,0.47226918028396825,0.1051015787255647,0.028047625849932485
3440,0.26543363227223327,0.5695166528573598,0.12421902982981743,0.040830685040590106
3441,0.27362001852404294,0.57884060430393,0.11342877545035507,0.034110601721672705
3442,0.27518775737589507,0.5659176149517213,0.11736204415946623,0.041532583512918345
3443,0.261071634271521,0.5621072966780669,0.12995545032006897,0.04686561873034453
3444,0.2571689338566993,0.5667485003492847,0.1326161421825981,0.043466423611418496
3445,0.2702069338358458,0.5722383899536869,0.11797095653480456,0.039583719675662814
3446,0.27675105390652033,0.5730851564426146,0.11533234677979631,0.034831442871067944
3447,0.26120658001514996,0.5675206992790374,0.1302072643335589,0.041065456372254124
3448,0.2663526364843435,0.5656007899514679,0.13027929351477402,0.03776728004941542
3449,0.255061267540264,0.57626846362428,0.12789875964730035,0.04077150918815575
3450,0.2691873121176298,0.5791057803407677,0.11305199501204284,0.03865491252956172
3451,0.26644738284154323,0.5802569708046803,0.11818512758193686,0.0351105187718395
3452,0.265471012477533,0.5615249995029222,0.13198880020557,0.041015187813976235
3453,0.2655785807990819,0.5762035737767911,0.12280560432464578,0.035412241099480934
3454,0.27102497834860584,0.5630086606657759,0.12436984766129534,0.04159651332432226
3455,0.2778470626314281,0.5705491438615251,0.11504384407091162,0.036559949436133526
3456,0.2770450332405581,0.5620976737785881,0.1195230642844669,0.04133422869638678
3457,0.2738034560603507,0.5631932236836856,0.12063839905755933,0.04236492119840327
3458,0.2738956605178556,0.5734429000977994,0.11815372529259532,0.03450771409174903
3459,0.49721847596816876,0.3735365519931658,0.09637615838067796,0.032868813657986766
3460,0.26130353512823945,0.5563118070294348,0.1329562080528242,0.04942844978950238
3461,0.27286623179961506,0.550977145790251,0.13694458960427905,0.03921203280585577
3462,0.2749976495029034,0.5700231690418072,0.11884379328964444,0.03613538816564385
3463,0.2738709036820415,0.5518247636531831,0.13811583700770785,0.03618849565706652
3464,0.26652826331265,0.5427929457758928,0.14206478361177896,0.048614007299678665
3465,0.26487851871348006,0.5733535054111373,0.12056056496505997,0.04120741091032183
3466,0.26035422389445123,0.5651213544385986,0.1320445128528637,0.04247990881408661
3467,0.2693426120828459,0.5654116786560922,0.1221843087438075,0.04306140051725384
3468,0.2643244930819507,0.5604027693987601,0.13709008281616086,0.038182654703128344
3469,0.27383986986559194,0.5655172287367278,0.12132529836978134,0.039317603027899335
3470,0.26984280147804796,0.5719195486357496,0.11838724513168455,0.03985040475451816
3471,0.2723312112298504,0.5726217997429193,0.11793154324416169,0.037115445783069155
3472,0.26178413335753925,0.5551711345715478,0.13313264686302304,0.0499120852078897
3473,0.2595119816177012,0.57181642148037,0.1260081660698469,0.04266343083208277
3474,0.2705131181391521,0.5367154131190968,0.15464773752509994,0.03812373121665212
3475,0.2636423089858189,0.5566663541136937,0.13204551519909935,0.0476458217013872
3476,0.26180018810495076,0.5686425375073327,0.12858852947715008,0.04096874491056717
3477,0.26948300111757156,0.5704447533419826,0.1181959382407913,0.04187630729965409
3478,0.26381315445666764,0.5623554604674426,0.128923094767361,0.04490829030852942
3479,0.2679894063546172,0.5510131038499931,0.14126157406602943,0.03973591572936023
3480,0.26793319148735656,0.5699445762964903,0.12356399419890449,0.03855823801724959
3481,0.2617389329271031,0.5732553901394973,0.12548031740682833,0.03952535952657187
3482,0.2691256984986923,0.5728408786823518,0.11853546732895831,0.0394979554899988
3483,0.27207057134904394,0.5733548736436687,0.11448582944012942,0.04008872556715752
3484,0.26988128206989886,0.5716540543024659,0.11798311927281267,0.04048154435482111
3485,0.26404445184897724,0.5612206947981405,0.13276880704749094,0.04196604630539171
3486,0.2675851430678084,0.5679603845151823,0.12764826941469146,0.03680620300231677
3487,0.26953222602241494,0.5728684948128572,0.11698789337655743,0.040611385788170196
3488,0.2717188482769288,0.5675986596219962,0.1196321606127534,0.041050331488321316
3489,0.26716170571345793,0.5521055618850398,0.13359439750160815,0.0471383348998952
3490,0.28189807744706097,0.5607946063177649,0.11799834053557759,0.03930897569959755
3491,0.26801543676496953,0.5717955813930697,0.11962912360835862,0.040559858233599796
3492,0.2596984679459314,0.5709169393784581,0.1301028900266212,0.03928170264898906
3493,0.26473586557435524,0.5705973194548408,0.12899174519133796,0.03567506977946588
3494,0.26405238946607335,0.5406951541709867,0.14098258074619316,0.05426987561674647
3495,0.2544122513077254,0.5687291194319304,0.1346077686486426,0.04225086061170175
3496,0.2790551161820794,0.5712633039911805,0.11350239938664884,0.03617918044009055
3497,0.2636298891106412,0.5701146879703229,0.12448778355204768,0.041767639366988546
3498,0.2734578751030118,0.5647081667263044,0.12081107772105473,0.041022880449628624
3499,0.27366239437436046,0.56506639147272,0.12305837492955864,0.03821283922336173
3500,0.24822467766531964,0.5669986468012744,0.13660757055779005,0.0481691049756159
3501,0.25376356715080695,0.5452013092604536,0.14559619315739206,0.05543893043134644
3502,0.26348960908861074,0.5660418438773257,0.1276983689949703,0.042770178039093366
3503,0.2654366679321694,0.5648734908474808,0.1278405552576087,0.041849285962741185
3504,0.30373830261345264,0.5455535852642661,0.12278854023976205,0.027919571882519086
3505,0.26376712812920317,0.5669829863091647,0.13023445825081606,0.0390154273108163
3506,0.26382238853228135,0.5661923138439751,0.12877994813792482,0.04120534948581785
3507,0.2722594181899146,0.5728334318787605,0.11635629789034728,0.03855085204097674
3508,0.24697395694567473,0.5660384899032257,0.132493822975463,0.054493730175635614
3509,0.2698241969149122,0.5750980658609357,0.1154658579874505,0.03961187923670266
3510,0.25196821798583774,0.5652115662622408,0.14415902478444495,0.038661190967476076
3511,0.2695908009386034,0.5717493297039197,0.11642044822837946,0.04223942112909803
3512,0.260585856778416,0.5637888693256481,0.13365500561652394,0.04197026827941085
3513,0.30747033832173354,0.5462610932579195,0.10909845092996798,0.037170117490378095
3514,0.25345643561369247,0.5760893832928997,0.13007891207695468,0.040375269016454475
3515,0.27450604240524384,0.5673091081264989,0.11837579796749464,0.03980905150076329
3516,0.26180957579551223,0.5746160348112118,0.12345812860923568,0.040116260784040826
3517,0.2580008947552578,0.5663566118806944,0.12966697002550004,0.045975523338548444
3518,0.26005872290287424,0.5766257410598273,0.12082109302418141,0.04249444301311568
3519,0.2584933549710453,0.5747669633583717,0.12872224230943097,0.0380174393611519
3520,0.2631521184137368,0.5622420239168022,0.1335294506259068,0.041076407043554364
3521,0.2955949491672097,0.5516735277545032,0.11356255364250176,0.03916896943578483
3522,0.2718967787307475,0.5709352398445148,0.11788119516906076,0.039286786255676845
3523,0.2573739280639436,0.5724287445482463,0.1287831608788177,0.04141416650899224
3524,0.26749328381582893,0.5795845180907983,0.12385106753412695,0.029071130559245147
3525,0.26358542354720954,0.5671936457062735,0.12787217532658515,0.04134875541993156
3526,0.2706286549450073,0.5567488047151373,0.13331938361393128,0.039303156725925034
3527,0.2724704823766768,0.5674889370587763,0.12292300120889868,0.037117579355649376
3528,0.271076789339856,0.5647181991661132,0.12117006789905473,0.04303494359497576
3529,0.25395088930908255,0.5689191943219934,0.1349288720189677,0.04220104434995723
3530,0.2665316181327719,0.57168277153945,0.12095806280841945,0.040827547519359235
3531,0.2612626983293934,0.5638973641791902,0.13068125142925902,0.04415868606215674
3532,0.2608589022496517,0.5645290045718758,0.12995556403489028,0.04465652914358222
3533,0.2791055359267444,0.5662732519333142,0.11632705007561774,0.03829416206432335
3534,0.26023289615935685,0.5700178443182109,0.131836912057133,0.037912347465297994
3535,0.2845404034847522,0.5668040880152976,0.1100477566287848,0.03860775187116667
3536,0.260193046051149,0.5634663064211617,0.13339917123229927,0.04294147629538881
3537,0.2677189611305166,0.5735521527411972,0.12694879685159208,0.03178008927669313
3538,0.2616098893026021,0.5692590188844581,0.12694183444208007,0.0421892573708598
3539,0.2745292599673439,0.5598316072404887,0.12507807602336496,0.04056105676880094
3540,0.2661291769357367,0.5532844062060537,0.1315924073656377,0.048994009492571836
3541,0.2667585967118674,0.5629684614018123,0.12955762312689229,0.040715318759427875
3542,0.2647061069712653,0.5590980848248858,0.13222743353779237,0.043968374666055535
3543,0.2731397663323811,0.5747982215471745,0.11368499627936005,0.038377015841084036
3544,0.2660003881954905,0.5660919832625023,0.132123832896208,0.03578379564579774
3545,0.26179640958746486,0.5630181001870644,0.13297790809679608,0.04220758212867397
3546,0.2540884367264218,0.5738706507976697,0.12820617011221003,0.04383474236369807
3547,0.2704149038485749,0.574937098355677,0.12450026026160581,0.03014773753414305
3548,0.24353072190058372,0.5701498175869691,0.13351481888442066,0.052804641628027164
3549,0.26972133704955337,0.5498480006383425,0.13926429829208645,0.0411663640200179
3550,0.2660660938682287,0.5570080286996648,0.1353710090203105,0.041554868411795294
3551,0.2629828108631737,0.5620113108347679,0.13063887261369886,0.04436700568835844
3552,0.270768987945637,0.5632854000517746,0.12419283845106256,0.04175277355152516
3553,0.2585311841361176,0.5664506423570868,0.13069332087347052,0.04432485263332467
3554,0.2787781869336434,0.5633167903289227,0.11795433287060297,0.039950689866831084
3555,0.27094777009382826,0.5643647181220739,0.12152522132484062,0.04316229045925877
3556,0.2607124767284887,0.5659891729249873,0.13246862879417223,0.04082972155235038
3557,0.25449595016967047,0.5597585732358995,0.1383507264482154,0.04739475014621507
3558,0.2652429843829905,0.570410280990272,0.1259743671032641,0.03837236752347205
3559,0.2625179933098396,0.568403773750669,0.1296357143378698,0.039442518601621755
3560,0.27300734227388124,0.5630037018481047,0.12193566179639768,0.042053294081616205
3561,0.2711306761953781,0.5723873730675724,0.11685410015629737,0.039627850580751425
3562,0.27233670930755316,0.5621001890373398,0.12657632651428957,0.03898677514081751
3563,0.279203798673424,0.5489237557571773,0.1289057255164602,0.04296672005293867
3564,0.27287583671503673,0.5709636411624727,0.11773670449837394,0.038423817624118096
3565,0.25542226420751984,0.5781059164121604,0.13291012685613315,0.03356169252418637
3566,0.26775223833539935,0.5718167636980983,0.1232221083133361,0.03720888965316729
3567,0.23484776368418975,0.5904789452355751,0.13575124755736423,0.03892204352287073
3568,0.2698825907663664,0.562150281000964,0.12509823713166401,0.042868891101004586
3569,0.26415144388909145,0.5601862067803066,0.1312773776853375,0.04438497164526316
3570,0.27879930038137213,0.5683587784813702,0.11365313953407451,0.03918878160318446
3571,0.25901164319092546,0.5676929139147678,0.13247626834653295,0.04081917454777396
3572,0.28430227640965217,0.5530024204288101,0.12694319308522625,0.03575211007631221
3573,0.2723655914446188,0.5470250319576946,0.13788694078048336,0.04272243581720274
3574,0.2869482081512371,0.5645869515499825,0.11690455099906868,0.031560289299712045
3575,0.25366792268793037,0.5595860187133389,0.13123867240365952,0.05550738619507133
3576,0.26978868992991284,0.5664580380301267,0.12541433682433328,0.03833893521562736
3577,0.25805397207325576,0.5689688181656672,0.12956000148783375,0.043417208273243094
3578,0.26109296401745297,0.5689789991269008,0.12684083066236496,0.043087206193280964
3579,0.2593799216300045,0.5799315250983705,0.1228750404983208,0.03781351277330401
3580,0.25473479612622846,0.5665979269549766,0.13490993349346586,0.04375734342532809
3581,0.26381565843774557,0.5746018942979771,0.12501858530605314,0.03656386195822556
3582,0.2750272514755766,0.5546673094719817,0.13232624491575487,0.03797919413668642
3583,0.26956500923934373,0.572495319866407,0.1184910782616479,0.039448592632602225
3584,0.259057890422235,0.580723800176567,0.12272929413407797,0.03748901526712
3585,0.2590579834089096,0.5602629681006874,0.13470669509541713,0.045972353394986315
3586,0.27028335896448197,0.5659067678904822,0.1277013530269489,0.03610852011808618
3587,0.26429531134559037,0.5744215558966869,0.12045463963657649,0.0408284931211463
3588,0.27252598852086213,0.5718036004884255,0.11752248070327022,0.03814793028744325
3589,0.2854755198556801,0.5251873884950158,0.12974956583932995,0.05958752580997341
3590,0.2656048564410524,0.5643018344166009,0.1358791062662935,0.034214202876053146
3591,0.25351803620591923,0.5663802282646853,0.13319061965819856,0.04691111587119739
3592,0.24566353301060304,0.5854611465954098,0.12828270514943513,0.040592615244551676
3593,0.26024856282989717,0.5646950612079512,0.12829630055284585,0.04676007540930517
3594,0.27239515754385796,0.5707075334703287,0.11759420309822118,0.039303105887592026
3595,0.2602569088132195,0.5588573309180762,0.13463925449318043,0.04624650577552294
3596,0.25549406262128443,0.565788126980832,0.13722377740322667,0.0414940329946565
3597,0.2570360858818344,0.5748199596943817,0.13490859071283762,0.03323536371094633
3598,0.26123742494783725,0.5665022540937672,0.13080110802677092,0.0414592129316241
3599,0.265589873257389,0.5752468535622806,0.11901346847917366,0.04014980470115603
3600,0.26975321006958164,0.5573105869905118,0.12985470306745883,0.04308149987244773
3601,0.26883063726983497,0.5584218158546543,0.12931031492741796,0.04343723194809243
3602,0.25866388076630015,0.565874544426346,0.13479804105532361,0.04066353375202906
3603,0.28748750873511353,0.5522643041301089,0.12959354160014624,0.03065464553463386
3604,0.27243073669794793,0.5588495045710854,0.12659469974400941,0.04212505898695722
3605,0.2628793302868256,0.5739232390226622,0.1219899120632227,0.041207518627289316
3606,0.2687856936752525,0.5674471425321095,0.12891962906885548,0.03484753472378132
3607,0.22753397098744896,0.5976318042922006,0.12329093354730912,0.0515432911730415
3608,0.2600767774542513,0.5678880398314271,0.12872504996720782,0.043310132747112734
3609,0.274102522202213,0.562890895754296,0.11660202604635524,0.04640455599713723
3610,0.27957921253139956,0.5452912349084563,0.13268156336199116,0.04244798919815105
3611,0.2627218114902255,0.5664767038115497,0.12725286181767897,0.043548622880546485
3612,0.2705040299978948,0.5551157380646341,0.1351598789289576,0.039220353008511705
3613,0.2701022737559644,0.5662396758669128,0.13004636476261186,0.03361168561450923
3614,0.27494050509924794,0.5475764977348285,0.13624667764103351,0.041236319524891096
3615,0.24637542800335674,0.5865901013270161,0.12878288475677063,0.03825158591285558
3616,0.26459685075118683,0.5749406959411003,0.12254591901817491,0.03791653428953745
3617,0.2785093614464735,0.5640734488346706,0.11952832757934662,0.03788886213950902
3618,0.36229507533938554,0.48523831047111865,0.11501662525159528,0.03744998893790047
3619,0.27219969630044416,0.5713824206416747,0.117568152300858,0.03884973075702259
3620,0.26761998265038567,0.570629339420436,0.1295366852720848,0.03221399265709226
3621,0.2561362810319628,0.5684444094457055,0.14276593724784134,0.032653372274490854
3622,0.24941644030691104,0.5861206538460663,0.12531930015654294,0.03914360569048042
3623,0.2749766046232163,0.5652462477808923,0.11851145927248703,0.041265688323404236
3624,0.27022006058036835,0.5694211912094557,0.11928453944293496,0.041074208767240564
3625,0.26397208530115635,0.5629440150796942,0.13012820539919193,0.042955694219959095
3626,0.25121602088690737,0.5708199405450504,0.13593791495851873,0.042026123609523576
3627,0.2645158221588626,0.5580990730559323,0.1370952282834408,0.04028987650176511
3628,0.2769049189755272,0.5563310803976832,0.1268243617721326,0.03993963885465682
3629,0.26470569653274034,0.5751029493626943,0.1203219636828776,0.039869390421688036
3630,0.2669011606884687,0.570940243054986,0.12675271703723073,0.035405879219315504
3631,0.2786766221547638,0.564147309967769,0.11794621206056578,0.039229855816900604
3632,0.27225316966067936,0.5628239147211102,0.1255404923221712,0.03938242329603783
3633,0.27618929049783153,0.5694911549342815,0.11624169520224564,0.03807785936564215
3634,0.2802576438063538,0.542298475293546,0.12880141391046734,0.048642466989633974
3635,0.25651437727801074,0.5696724678895253,0.13003550264686983,0.043777652185592285
3636,0.2661695928634694,0.5542985090410724,0.13763273738263607,0.04189916071282392
3637,0.266458741496177,0.5710975794339093,0.1222187911124131,0.04022488795750069
3638,0.252449802327663,0.5922605754330188,0.11518477767379136,0.040104844565526425
3639,0.3138941560861011,0.543974949460079,0.11584769918290876,0.026283195270911833
3640,0.26877024249698306,0.5624780857205988,0.12260739338612879,0.046144278396288374
3641,0.29540804463670256,0.5322561521433885,0.12889755015904605,0.04343825306086253
3642,0.2733198487366333,0.5634809314267649,0.1228044151353788,0.04039480470122307
3643,0.26843539492337565,0.5598485177782698,0.13580939126755215,0.03590669603080305
3644,0.2558032717590781,0.5665347320058297,0.13370642997177348,0.0439555662633205
3645,0.270916976450556,0.564719450862515,0.12459139562075812,0.039772177066172074
3646,0.275959608027311,0.5675936635796969,0.11846081797696321,0.037985910416028786
3647,0.2590799693594325,0.555357143508139,0.13589464483448904,0.04966824229793879
3648,0.27184120249066573,0.5698750657180673,0.11837877897533872,0.03990495281592753
3649,0.27422010609408054,0.5444212924225265,0.1348819851967945,0.046476616286599375
3650,0.26157828788641124,0.568124760413921,0.12757913419658384,0.04271781750308405
3651,0.26642334371525805,0.5613730985423363,0.12356709731079189,0.048636460431612204
3652,0.275759376248872,0.5647617039403637,0.11852425535911262,0.040954664451651725
3653,0.28624124880211144,0.5489352837649917,0.12477458055157464,0.040048886881322014
3654,0.23912789685709765,0.5818662205220382,0.13870214380813858,0.04030373881272371
3655,0.2636734183117106,0.5695137612055616,0.12577778100778753,0.04103503947493968
3656,0.26709631024802255,0.563501031205166,0.1291401764405376,0.04026248210627452
3657,0.277096684452494,0.5500273881524741,0.1350965050364463,0.03777942235858493
3658,0.2666393670800614,0.5693069750098884,0.12389935803069242,0.04015429987935921
3659,0.25871750962609164,0.5757997036020457,0.12592544794731256,0.03955733882455116
3660,0.25455803695113277,0.5802346454570397,0.1263454887555291,0.03886182883629736
3661,0.2731906679910589,0.5658222888522216,0.1210304049337395,0.039956638222979575
3662,0.262020882897396,0.5644331933843788,0.1303854237066623,0.0431605000115635
3663,0.27965922590068065,0.5528767261543883,0.130905578054629,0.03655846989030108
3664,0.26734301590301585,0.577404590517606,0.11730394336495041,0.03794845021442708
3665,0.25602026759108903,0.5500907479679694,0.14834784639524193,0.045541138045699495
3666,0.2524146581375051,0.5796456043268123,0.1298947871594558,0.03804495037622498
3667,0.2786929528408042,0.5403767547817119,0.14588131650109662,0.035048975876387424
3668,0.2695052032145001,0.5692509961452289,0.12296606122689967,0.03827773941337062
3669,0.2591372068433216,0.5665572846142976,0.13123374024180828,0.043071768300572584
3670,0.2634714522037115,0.5623937093553818,0.134582125941479,0.039552712499427496
3671,0.3049385120674262,0.5415532240957476,0.12205839659998308,0.031449867236842774
3672,0.2666387859154701,0.5665460155906028,0.12778257805540963,0.03903262043851775
3673,0.26889007936405207,0.5746649286122438,0.11852026158727547,0.03792473043642942
3674,0.2335579677766531,0.5856327366115166,0.14356096599655965,0.03724832961527033
3675,0.25253707543981446,0.5692904054570651,0.1340735092077004,0.044099009895419664
3676,0.26558921196970026,0.5651875585904729,0.12841125105699533,0.040811978382832695
3677,0.24704887728548477,0.5726133774324071,0.1360394863333037,0.04429825894880605
3678,0.24291963769625344,0.5842946881122274,0.13461547103102092,0.038170203160498115
3679,0.2670769637940845,0.5656109988544948,0.12403757787390993,0.04327445947750917
3680,0.2810684609008679,0.5385242516968799,0.1405151170297909,0.039892170372460393
3681,0.26397742770255495,0.5739857359595906,0.12096318662909197,0.041073649708762115
3682,0.2677720488414185,0.5626039854394638,0.12851055639781375,0.04111340932130291
3683,0.2800705042894068,0.5614756410220367,0.12106355957103213,0.03739029511752541
3684,0.2830842312335664,0.5609758606228084,0.11971114693635963,0.03622876120726624
3685,0.27470357359415165,0.5661805824075417,0.11880035838861501,0.04031548560969156
3686,0.27339708545703706,0.5667197355526433,0.11833642105786234,0.04154675793245808
3687,0.26370679911197037,0.5690052339753431,0.12790796652146288,0.03938000039122405
3688,0.27024434085122623,0.561623171599625,0.12617294130132095,0.041959546247827995
3689,0.27039643041992056,0.5737386360269127,0.12313297396720466,0.03273195958596322
3690,0.2553527460402138,0.5731376337503449,0.12848015023317133,0.04302946997627181
3691,0.2645732575062116,0.5719194045957507,0.12491650380472703,0.03859083409331268
3692,0.26822353750092454,0.5690896032408695,0.12927410301470746,0.03341275624349797
3693,0.24588258073840405,0.5725412744662951,0.14637736834997833,0.0351987764453223
3694,0.27305343327756565,0.5665105234680984,0.11945724110839838,0.04097880214593812
3695,0.2721427834482518,0.5661274887887845,0.12161162228375252,0.04011810547920976
3696,0.27175794113264534,0.5698425708871855,0.11944669125087783,0.0389527967292905
3697,0.26525211306545815,0.5710390219134698,0.12683511213619325,0.03687375288487993
3698,0.27248092814090585,0.5671784047853871,0.12020378990632007,0.04013687716738704
3699,0.2559967865424692,0.5511233365557751,0.13563350951470574,0.057246367387050405
3700,0.25747504281066824,0.5672544066189777,0.13142104956206263,0.043849501008290596
3701,0.4318841284397027,0.43762549339539414,0.104036184841736,0.026454193323167244
3702,0.16564448239306281,0.5259048720192078,0.2850608927131419,0.02338975287458793
3703,0.26589303531255887,0.5691718595729598,0.12248939467142206,0.042445710443059524
3704,0.26344985329087756,0.5720627092512152,0.12388252123001449,0.04060491622789265
3705,0.30500160917538727,0.537531192400378,0.12553750143051606,0.031929696993718434
3706,0.26206859740327704,0.5766502887185881,0.12288069654028619,0.038400417337847624
3707,0.2808265991956723,0.5599153880988629,0.12052964185130821,0.038728370854157215
3708,0.2717151438499606,0.5702554267916098,0.11790533818317889,0.040124091175249434
3709,0.26337289658669655,0.5617406659093758,0.13297979984558836,0.04190663765834093
3710,0.2767959205667281,0.5585333046240069,0.12470343490241377,0.03996733990685167
3711,0.27154602584382787,0.5662315444812805,0.1227010156963089,0.0395214139785841
3712,0.26697568817053097,0.5610724230408517,0.13216464251100435,0.03978724627761196
3713,0.2727123783228412,0.5665024551375955,0.12040343489990989,0.04038173163965441
3714,0.26054316003990563,0.5700281578135867,0.13306360830296599,0.03636507384354144
3715,0.2697478375458938,0.5653279424563026,0.12670149883952944,0.03822272115827487
3716,0.265207260376739,0.5792320009505968,0.11664376085870544,0.03891697781395827
3717,0.2370281629746056,0.578567714431945,0.1373276726176403,0.04707644997580935
3718,0.27180937100449554,0.5636314206284783,0.12092241179434844,0.04363679657267853
3719,0.2610534263338379,0.5647339164742443,0.1344704849583402,0.03974217223357729
3720,0.2615350657602246,0.5709040818455344,0.12956505712879313,0.03799579526544737
3721,0.25647337388411917,0.5450714954493872,0.14719533108368332,0.051259799582810545
3722,0.2554404074863479,0.5975863008329286,0.11298771565033787,0.03398557603038566
3723,0.27495707753016463,0.5499549772550667,0.13552633700047106,0.0395616082142972
3724,0.28107695330579663,0.5543147042023813,0.1249749638274197,0.039633378664402585
3725,0.2613896006835572,0.5687741946112356,0.12766503618098876,0.042171168524218414
3726,0.26580004594516515,0.572009590586514,0.12271534142963428,0.0394750220386873
3727,0.27827085123644557,0.5598060450961244,0.12221247960350501,0.0397106240639255
3728,0.2851533012023705,0.5522312103561401,0.125407330018646,0.03720815842284455
3729,0.28002660338544716,0.5587640252884828,0.12659489136976468,0.034614479956305295
3730,0.25856041856234796,0.5775213108360587,0.12363156018505009,0.04028671041654328
3731,0.2879506293360212,0.5622542654466633,0.11334255274501491,0.03645255247230083
3732,0.2826194676245174,0.5599419147068238,0.12117506424080862,0.03626355342785106
3733,0.2632925096083474,0.5728368307067531,0.12405448068760347,0.03981617899729612
3734,0.2575742856173731,0.5765615446463478,0.1277980249543445,0.038066144781934756
3735,0.2686997133864676,0.5661348499193752,0.12521356057323124,0.03995187612092545
3736,0.2598816086037496,0.5676298032319191,0.12975547137055018,0.04273311679378143
3737,0.2673770428873795,0.5603463501248382,0.12789289362117023,0.04438371336661243
3738,0.2717572287591397,0.5657171467987681,0.11942884051594037,0.04309678392615185
3739,0.26903442245080444,0.5689665074912742,0.1203386688775924,0.0416604011803285
3740,0.2882654914888811,0.5484472884022671,0.12631550071315473,0.03697171939569789
3741,0.254512744014464,0.5669823246876297,0.13537013558218505,0.04313479571571941
3742,0.2642090550572586,0.5749744221054912,0.14007647238206566,0.02074005045518341
3743,0.2720103019588945,0.574067192176818,0.11761531209783979,0.03630719376644917
3744,0.2611319629355393,0.543876928936968,0.14326657969084114,0.051724528436651505
3745,0.25008007216842143,0.5816449479103258,0.12876076503220052,0.03951421488905316
3746,0.2736730113603806,0.5656109800383209,0.12748011042703639,0.03323589817426288
3747,0.2584996756346053,0.5692905304468373,0.12755768361163988,0.04465211030691703
3748,0.272725021954493,0.5623017708398296,0.12158270568588625,0.04339050151979174
3749,0.27142714602478596,0.5760359030826676,0.11516601266501578,0.037370938227529814
3750,0.2591546087559317,0.5640307587692845,0.13376475026015847,0.0430498822146247
3751,0.27056614988927735,0.5599202715511505,0.1317679981496046,0.03774558040996844
3752,0.27063466245693296,0.5650068922691882,0.12188921537048376,0.04246922990339459
3753,0.26099256156276335,0.5633417049282887,0.13188467542055005,0.043781058088397676
3754,0.2434685102261654,0.5811579705173604,0.1320402187366445,0.04333330051982972
3755,0.24895297132102576,0.5814179981704664,0.1312542022281097,0.0383748282803993
3756,0.2641289539299201,0.5594196813843086,0.14732800504708513,0.029123359638686147
3757,0.27230382522547086,0.5625673272869344,0.12921527399645263,0.03591357349114223
3758,0.2643875412957485,0.5615398706376307,0.1315456596488706,0.04252692841774997
3759,0.25724237534384226,0.5724256593823114,0.12888718065621968,0.04144478461762616
3760,0.2712217893194941,0.5765768663744554,0.11427085049015547,0.037930493815896284
3761,0.2560389775024674,0.5737462590236329,0.12879501146135583,0.041419752012543956
3762,0.2737349335638379,0.5663474316732282,0.11979418795446115,0.04012344680847353
3763,0.26705396942137416,0.5768366048436769,0.11849898603108713,0.03761043970386166
3764,0.26861686337342755,0.5581758461629484,0.13351961160474451,0.039687678858880186
3765,0.2712920994872303,0.5757789758006964,0.11597297564487104,0.036955949067202364
3766,0.2519788147383967,0.5761507325185361,0.13366458286605556,0.03820586987701142
3767,0.2651790543522308,0.5665445082011454,0.12661242199082537,0.04166401545579798
3768,0.2719399318362697,0.5658182952065205,0.12374979359493468,0.03849197936227559
3769,0.2726319315802039,0.5586712105287016,0.12436552039244309,0.04433133749865125
3770,0.24991808215407327,0.5746328262528255,0.13352975730616645,0.041919334286934784
3771,0.26217444534366235,0.5619834806772686,0.13527136342457177,0.04057071055449864
3772,0.267634335800187,0.567352804172126,0.12485749824558494,0.04015536178210235
3773,0.2698062401513772,0.5736372277153162,0.11799243249338787,0.03856409963991821
3774,0.2588134252230862,0.5619073612534835,0.13259432108301863,0.04668489244041153
3775,0.28361230220467865,0.5729476510250068,0.1078802285684639,0.03555981820185103
3776,0.2599973727273174,0.569435693673313,0.12772626249656643,0.04284067110280294
3777,0.2774674110368874,0.5695655504458763,0.11391062076420345,0.03905641775303189
3778,0.27171738153935937,0.5552613987194656,0.13560730896215215,0.037413910779021585
3779,0.25020162317614236,0.551609404936976,0.14121948535194356,0.056969486534937996
3780,0.27334813068119074,0.5664857195130812,0.12024535416343238,0.03992079564229769
3781,0.26596872996308174,0.5626344777551792,0.1285357652564132,0.042861027025325786
3782,0.42527366641617154,0.4444129867209851,0.10124677286222299,0.029066574000620158
3783,0.25744284785798477,0.5637573034443396,0.13432318907947977,0.044476659618195885
3784,0.27256275494675086,0.5684624512345401,0.11913394644794308,0.039840847370765584
3785,0.26537425540014603,0.5624612195045935,0.13376409643541595,0.03840042865984546
3786,0.26277775602444686,0.5642548235772169,0.13514523256041266,0.037822187837924466
3787,0.2733655250024268,0.5669987386693913,0.11943177721357831,0.040203959114603255
3788,0.26056715724960383,0.5693014922867632,0.130481559953351,0.03964979051028208
3789,0.270437825860755,0.5692764122706669,0.12013956155542936,0.040146200313150235
3790,0.2606498463438312,0.5658781909069934,0.1296836569628847,0.04378830578628984
3791,0.26822848791618625,0.5645047416282439,0.12403040618970458,0.043236364265863705
3792,0.26967058480842854,0.562279814294187,0.13712432108727068,0.03092527981011471
3793,0.27179282300316876,0.5722867413090922,0.11747529168764172,0.038445144000097804
3794,0.25909950261386605,0.5751293026282843,0.133081802170374,0.03268939258747539
3795,0.27304603492100077,0.5668388366962791,0.11992277644852015,0.040192351934201016
3796,0.269497309250984,0.56450469568966,0.12412142570021475,0.041876569359139915
3797,0.27020481446294076,0.5622877204939156,0.12435271475128229,0.043154750291859445
3798,0.2653283330194533,0.5671935741178697,0.12857167882823467,0.03890641403444194
3799,0.2678516150619969,0.5627998938879444,0.12755914976448068,0.04178934128557747
3800,0.2598142187786085,0.5783357993194731,0.12613796711112982,0.03571201479078965
3801,0.28142359446654447,0.5541663859836687,0.13038193586099933,0.03402808368878779
3802,0.2806806588675506,0.5538702799720541,0.12966367795381317,0.03578538320658119
3803,0.24432771835474343,0.591534277562476,0.12757023313556487,0.03656777094721546
3804,0.2712905324162934,0.5605542195826616,0.12959247108166327,0.03856277691938079
3805,0.3532379480273296,0.500210956957242,0.11888209510516343,0.027668999910264606
3806,0.34250499805012563,0.5042258815201375,0.12255709259115811,0.030712027838580493
3807,0.2767296088717541,0.5604683869329866,0.12315209722447648,0.039649906970781856
3808,0.2620835607260447,0.5669375643934981,0.13012151512917466,0.04085735975128221
3809,0.25552920795293327,0.5773037695840697,0.12675307046576254,0.04041395199723536
3810,0.26021306871893046,0.5721962355160851,0.13019858894918301,0.03739210681580186
3811,0.2665818876024604,0.5432212415594738,0.13725820880711462,0.052938662030950365
3812,0.261921109084695,0.5683482782746552,0.13542036288977471,0.034310249750874294
3813,0.2594397126933258,0.5698762800016427,0.13541014386377728,0.035273863441253925
3814,0.2780164077448559,0.5589973250398752,0.12263042177648073,0.04035584543878839
3815,0.26749779380371375,0.5587915992307128,0.13380629363939356,0.03990431332618119
3816,0.2826513244502302,0.5562440196780629,0.12539569290529742,0.03570896296641039
3817,0.27464720611654236,0.5630140066656651,0.12167015697049448,0.04066863024729743
3818,0.39022532861279347,0.4621709204338542,0.11279364669889605,0.03481010425445632
3819,0.2707578572445846,0.5680665859553866,0.12081410481006376,0.040361451989966816
3820,0.2629913812528663,0.5626070948906923,0.13208968202406524,0.042311841832375005
3821,0.2690266743185187,0.5633854060070875,0.12427153707190555,0.04331638260248804
3822,0.2646052194976653,0.5693231075892702,0.12883145708365742,0.03724021582940707
3823,0.26546813834852534,0.5694476777199017,0.12977039502139265,0.03531378891017939
3824,0.2737546260060018,0.5648310149254211,0.12052841429118623,0.040885944777391846
3825,0.25862321966293195,0.5674496516021593,0.13080712181754123,0.04312000691736969
3826,0.2682469972358965,0.5677381637087816,0.12274305718841794,0.04127178186690458
3827,0.26293468139337345,0.5794540747734763,0.12348452216036786,0.03412672167278201
3828,0.25928777268953807,0.5531363606075523,0.135735341173139,0.05184052552976967
3829,0.44769358141685756,0.40463508128986514,0.10252695689178858,0.045144380401488146
3830,0.2625907784418132,0.5634217909176026,0.136643644296085,0.037343786344498406
3831,0.26741527718354363,0.5566998542302622,0.13820851486959226,0.03767635371660119
3832,0.2695678297098191,0.5626628493885825,0.1267863692237157,0.04098295167788356
3833,0.282608588579449,0.5215042090627264,0.1370484280861952,0.05883877427163001
3834,0.2666205886162735,0.5587776045415002,0.13394772004894037,0.0406540867932872
3835,0.26435060072986405,0.563073302961819,0.13047644756814475,0.04209964874017205
3836,0.2591165042183966,0.5662246262233385,0.13370287490058524,0.040955994657680204
3837,0.2663824345062617,0.5624406367167837,0.13103056987371284,0.040146358903243286
3838,0.2711591241419361,0.5745316016581876,0.11553882340745535,0.03877045079242061
3839,0.26893424725463716,0.5736460548816974,0.11875069269264017,0.0386690051710276
3840,0.27035330733379614,0.5649613412039765,0.1272201708660956,0.03746518059613204
3841,0.3043657841422408,0.5547812764349901,0.11108426275212983,0.029768676670640558
3842,0.2603438734465919,0.5579415695556387,0.1340547818881492,0.04765977510961951
3843,0.27106172255203853,0.5665797614087584,0.12469239087550489,0.037666125163697196
3844,0.28017904917259107,0.5592092577328709,0.12204671133015531,0.038564981764381355
3845,0.27131385683334364,0.5627191697313185,0.1288433272023086,0.03712364623302971
3846,0.2719258616080428,0.5709691762804358,0.11767532134648429,0.039429640765037674
3847,0.2717104827537044,0.5721571585055342,0.11726685470283514,0.03886550403792766
3848,0.2793805979662614,0.5608614553945193,0.11799293771796349,0.041765008921255405
3849,0.2677932759586969,0.5706043093386907,0.11949437305978759,0.04210804164282631
3850,0.26295892088895445,0.5624798933851437,0.13347948461894374,0.04108170110695954
3851,0.2585024624458253,0.5410426363094081,0.14133547362694115,0.0591194276178248
3852,0.2867827193204718,0.5565400984539727,0.12460152608996446,0.032075656135591185
3853,0.27110664034316856,0.5714992402035081,0.11746057802415343,0.03993354142916926
3854,0.26407245852737554,0.57440351901277,0.12037755728142005,0.04114646517843426
3855,0.272302082229151,0.5709631049316289,0.11831729315041825,0.03841751968880036
3856,0.2679209861813686,0.5733973094164283,0.11757498762595808,0.041106716776244404
3857,0.2222121138305617,0.5810949294016867,0.13681898622142794,0.05987397054632318
3858,0.2727251081469275,0.5713337933198347,0.11807483600454557,0.03786626252869106
3859,0.26726019694408215,0.5711574165550525,0.12280917377836596,0.03877321272249948
3860,0.2570191922919711,0.5735520691030005,0.12855896264073952,0.04086977596428855
3861,0.2734020795377562,0.5721791731388302,0.11620743529954045,0.0382113120238738
3862,0.2718463084626026,0.5705963238389857,0.11709350851206972,0.040463859186342446
3863,0.265201968372927,0.5640677215707232,0.13871157932437475,0.03201873073197411
3864,0.26680563683135133,0.5655889178887573,0.1291253937878619,0.03848005149202946
3865,0.26305775101999723,0.571747413979745,0.1255993167209599,0.03959551827929902
3866,0.26427559432104836,0.5806567670666573,0.12923997913323934,0.02582765947905389
3867,0.2671341731248839,0.5619592921168505,0.13860085732567623,0.032305677432589774
3868,0.2594664120657437,0.5696230727915833,0.12850445453808865,0.04240606060458486
3869,0.24355169313515346,0.5831616278611776,0.1331971941620267,0.040089484841643555
3870,0.25826213206609866,0.566804394033503,0.1313853680725319,0.0435481058278658
3871,0.25731620835522273,0.5797970323481875,0.12031661017727785,0.04257014911931147
3872,0.2620653994396646,0.5629679804513056,0.1302150520047902,0.04475156810423771
3873,0.2659894167898607,0.560749713312599,0.13088100809998587,0.04237986179755389
3874,0.25719508159940735,0.5625621675566842,0.13523858760797455,0.04500416323593249
3875,0.24879889439088704,0.5740189476288827,0.14459719952602054,0.03258495845420971
3876,0.2622507588867822,0.5657893223361277,0.12933368905223067,0.04262622972485994
3877,0.26979413247356354,0.565742582505226,0.12179916072949697,0.04266412429171378
3878,0.2596549876134493,0.5761889716150738,0.12284043447894155,0.04131560629253487
3879,0.2556573284320912,0.5698721813891234,0.12965416662623633,0.04481632355254967
3880,0.2613448336864273,0.5696104649325281,0.12957582008266977,0.03946888129837417
3881,0.27608456503597395,0.5590948916821981,0.12538083181273094,0.03943971146909723
3882,0.2648887393872525,0.5650397113760934,0.13519681625750785,0.034874732979145964
3883,0.2596783941296082,0.5687080481780241,0.1279554407463139,0.043658116946053226
3884,0.25631129905286054,0.575665741655921,0.12573121661102366,0.042291742680194803
3885,0.24259237056020494,0.580056481723368,0.132538161189201,0.04481298652722791
3886,0.25705607618893483,0.5634425111647962,0.13516885572886758,0.044332556917401116
3887,0.2571303197534101,0.5775034528928048,0.12517113690544515,0.04019509044834006
3888,0.26584849849700637,0.5719486128984551,0.12340742565572695,0.03879546294881242
3889,0.2562978420797502,0.5745077688435855,0.13012587062357658,0.0390685184530867
3890,0.24831444225918606,0.5673193910622717,0.13604551666812453,0.04832065001041797
3891,0.25955273381750227,0.5667038835639286,0.13153543240398985,0.04220795021457828
3892,0.27865595314241065,0.5554349437704984,0.12972825841083369,0.03618084467625767
3893,0.2649326306966443,0.5541893617723491,0.14094412134292053,0.039933886188086326
3894,0.2685241885392829,0.5655139276370196,0.12638896280967865,0.03957292101401842
3895,0.2769674136111637,0.5686397117044344,0.12099742968088903,0.033395445003514816
3896,0.28437456073149564,0.5610400539016763,0.12093866339938306,0.033646721967444886
3897,0.28382376306521606,0.5140504423336206,0.1690873121183939,0.03303848248276922
3898,0.26821045949519556,0.5699055312318208,0.12156596678834142,0.04031804248464227
3899,0.2713412473020952,0.5668899820446861,0.12161414585614642,0.04015462479707204
3900,0.271547538441688,0.5606905836750757,0.1255193030924336,0.04224257479080376
3901,0.2675868156905934,0.5589656367056604,0.13659096838821636,0.03685657921552979
3902,0.26794460081090554,0.5700159864768625,0.12222103260811625,0.03981838010411683
3903,0.26726019497879444,0.5783093123903635,0.11784076739196708,0.036589725238875534
3904,0.25228687883830425,0.5731405836629515,0.13478924029447642,0.03978329720426764
3905,0.2684177750419533,0.5679962212711853,0.12297056931782097,0.040615434369041574
3906,0.2599136235022276,0.5750668645285193,0.12389648546865349,0.04112302650059853
3907,0.28012203287408455,0.5330282724959432,0.14252957646352432,0.04432011816644848
3908,0.2688796154060415,0.5771133601580033,0.1155119757790127,0.03849504865694314
3909,0.2514571411510129,0.5768681845390083,0.13688452692493241,0.034790147385045975
3910,0.2659746372605553,0.5413999534218111,0.13898429723369438,0.05364111208393985
3911,0.2583243650837569,0.5700272360941192,0.12943292238906756,0.042215476433055454
3912,0.26697900131572505,0.570285300097757,0.12132074841820603,0.04141495016831014
3913,0.27260304419787057,0.5553041431096118,0.13401067267134628,0.03808214002117226
3914,0.2706283986511351,0.5669225929153047,0.12231354301270737,0.040135465420852875
3915,0.2671007821071183,0.5680419741987476,0.12439104259817588,0.040466201095958346
3916,0.2624366690868844,0.5672372697437895,0.13284944316117614,0.03747661800814924
3917,0.2620776328034859,0.5737439111236179,0.12562647868223337,0.03855197739066358
3918,0.2799573554526051,0.562065499927626,0.11773247671534141,0.04024466790442823
3919,0.26992130596448155,0.5577171543451306,0.1346555462218656,0.037705993468523075
3920,0.271262010584429,0.5770259791863209,0.11409194281163444,0.03762006741761545
3921,0.27678329560812065,0.5668869696349221,0.11778632029740159,0.03854341445955503
3922,0.270777218892424,0.572998754409401,0.11689989329693537,0.039324133401241086
3923,0.25802203236350923,0.5553942223555619,0.14144215351258152,0.04514159176834599
3924,0.27840702904450604,0.5567990938585861,0.13202880741003575,0.032765069686871054
3925,0.2536359906472534,0.5634005758798442,0.1542765916877766,0.02868684178512706
3926,0.26933049295122813,0.5581576705200653,0.13056415375443114,0.04194768277427647
3927,0.29335159055780574,0.5513287169587168,0.12192338111898221,0.03339631136449647
3928,0.252794606993338,0.5729945140948508,0.13058320661185877,0.04362767229995184
3929,0.2584243292677322,0.5675847001159655,0.1339450941047072,0.04004587651159488
3930,0.26681346133843914,0.5673824346084713,0.12330149711583349,0.042502606937254904
3931,0.25817889692393897,0.5639230656537525,0.13524614358720688,0.04265189383510214
3932,0.2686806575285919,0.5614613934360015,0.12433920938646133,0.04551873964894557
3933,0.2621300186503323,0.5634897979191763,0.13182433654671794,0.042555846883772994
3934,0.2705937024538775,0.5705331778043837,0.11851295372149744,0.040360166020240104
3935,0.2527866620713356,0.5694324408661527,0.13411332628666378,0.04366757077584868
3936,0.26724407865106775,0.5657478588471768,0.12867085873223408,0.03833720376952214
3937,0.25623774146083883,0.5510677934600396,0.14148495388034066,0.05120951119878066
3938,0.26022346024496523,0.5719156083510949,0.12505632868584884,0.04280460271809072
3939,0.26719379425284173,0.5652638023738722,0.13084725648475862,0.03669514688852703
3940,0.2603570280543475,0.5751313160951456,0.12573654405587606,0.03877511179463136
3941,0.2601014518658214,0.573419353254061,0.12453643757772698,0.04194275730239039
3942,0.25770395477182606,0.5719272895698785,0.1300518385082365,0.04031691715005868
3943,0.2723718311470026,0.5717299499835685,0.11629338923351945,0.039604829635909375
3944,0.2580127899471206,0.5850009204071274,0.12131639549644278,0.03566989414931
3945,0.25673721747759176,0.5700717334378566,0.1323950694139731,0.04079597967058075
3946,0.26098707687458517,0.5682291626968322,0.12843288012784881,0.042350880300734715
3947,0.2592166123405588,0.5798598701453893,0.12286338504557079,0.03806013246848204
3948,0.26588290771202355,0.5630551614530414,0.1309281021409498,0.04013382869398471
3949,0.2752717871378293,0.5539029053357432,0.12602290219908896,0.04480240532733805
3950,0.2688977736461837,0.5672689692244568,0.12417235395954919,0.03966090316981184
3951,0.2835604411618387,0.5374475780701832,0.14405823192743214,0.03493374884054628
3952,0.2667854469376983,0.5649602050916032,0.1327624210931715,0.03549192687752625
3953,0.2706510132685851,0.5705216988060465,0.11850944964585058,0.04031783827951671
3954,0.26656140726422034,0.5703192282811846,0.12276654005648961,0.04035282439810672
3955,0.2762171838191747,0.5691912116451001,0.12367272519487518,0.030918879340850663
3956,0.2648486525330947,0.5645270886847145,0.13100946458741589,0.03961479419477386
3957,0.26758567929889776,0.5550736432484136,0.1324620376309777,0.04487863982171136
3958,0.2814047484578907,0.581718468822474,0.11144436986197667,0.02543241285765877
3959,0.260961552341604,0.5732154429701617,0.12977890198599928,0.036044102702235084
3960,0.2631768393290538,0.5704054369058963,0.12902286856719777,0.037394855197851254
3961,0.24079284936485337,0.5762967458772428,0.14238933069087376,0.04052107406702959
3962,0.6208155622622147,0.2965223879180614,0.06726937982348079,0.015392669996241956
3963,0.26232969660313454,0.5639278999474334,0.13252656573549898,0.041215837713932814
3964,0.25112104779598216,0.5766706637466007,0.13358767181702294,0.038620616640393395
3965,0.2762715815075593,0.565105102112526,0.11708226196565343,0.04154105441426115
3966,0.2664708305277651,0.5688437598722099,0.13098048377635507,0.03370492582366806
3967,0.2722820027082821,0.5672265812004741,0.12880553512309487,0.03168588096814809
3968,0.2639842298652509,0.5683876672695267,0.1308609635492485,0.036767139315973724
3969,0.2624868748147752,0.5635154865136826,0.13069183382751384,0.04330580484402854
3970,0.26484562055910904,0.5687855955144178,0.1231944334248212,0.043174350501652345
3971,0.25828859050229613,0.5524179614831503,0.14121072929246253,0.04808271872209197
3972,0.2695870141146083,0.560949774421495,0.13166699403459378,0.03779621742930247
3973,0.2669776714182416,0.5640865625451894,0.12802324168013396,0.040912524356435734
3974,0.28128315826257727,0.5413930233617001,0.13342896179059485,0.04389485658512748
3975,0.27079408479194,0.565751727603707,0.12177758118859172,0.04167660641576246
3976,0.2664919279788968,0.5612484300028355,0.1399239096748276,0.03233573234343948
3977,0.2516137534810591,0.5879383731915581,0.1267607626344725,0.033687110692909514
3978,0.2775354176279396,0.5695681188197554,0.11650971611747762,0.03638674743482728
3979,0.2614786429574848,0.5663476422565895,0.13129886874355054,0.04087484604237522
3980,0.2580562610307951,0.5580023846819762,0.13570735566237394,0.048233998624855313
3981,0.2647057808533166,0.5662686265120113,0.12612306065730075,0.04290253197737142
3982,0.26543507331302013,0.569746154652403,0.1250086950349083,0.03981007699966839
3983,0.2443215955193437,0.5729850629530274,0.14025727265066099,0.04243606887696738
3984,0.27450856810079466,0.5675766187536054,0.11780782203474179,0.040106991110857984
3985,0.27748438689138977,0.5579612151272886,0.13023997971295603,0.034314418268364344
3986,0.27530520531400376,0.572197082232355,0.11658797699206135,0.03590973546157828
3987,0.24915795276573566,0.5803494231316421,0.134672555010104,0.03582006909251769
3988,0.2759007532995975,0.5529453142979102,0.1253502769779897,0.04580365542450244
3989,0.26199494371523446,0.561899709685361,0.13223304055406876,0.04387230604533637
3990,0.26077872705686767,0.5583167831939169,0.14218563759360728,0.0387188521556087
3991,0.27625138427511925,0.5711759699827895,0.11520369245329029,0.037368953288800306
3992,0.2684523562983314,0.5690468084247392,0.12690240693206625,0.03559842834486343
3993,0.26131083381820347,0.5725355224407918,0.12630350640206933,0.039850137338935554
3994,0.24936175300293495,0.5878611593316371,0.13060569721124712,0.03217139045418203
3995,0.2517565882455936,0.5840619057335689,0.12752557722484714,0.036655928795990216
3996,0.2710507324612097,0.5547674006157484,0.13499728942457073,0.0391845774984719
3997,0.2574158009860307,0.5784297648332124,0.13149771068125432,0.03265672349950109
3998,0.26177954814710164,0.5721620932508412,0.12733440534349316,0.038723953258563835
3999,0.2610248476654519,0.5683983316832987,0.13209390401330912,0.038482916637940526
4000,0.2633899587834113,0.5658397431666574,0.12964236080330876,0.041127937246622545
4001,0.27768427073223845,0.5554734295166583,0.1258189028797464,0.04102339687135649
4002,0.2551168309995323,0.5960087268488812,0.11845364445353303,0.030420797698053698
4003,0.270379651211467,0.5543213534621138,0.12788602419978348,0.047412971126636144
4004,0.2654749385772179,0.5729621506766751,0.12269091022258145,0.03887200052352647
4005,0.25815654826537265,0.5649723920632895,0.13331506222000242,0.0435559974513346
4006,0.26299745407494574,0.562133736778815,0.13454248933054289,0.04032631981569629
4007,0.25876522105482647,0.5652389011733921,0.12996596578858532,0.046029911983196434
4008,0.2541060263848052,0.5652969585280618,0.1484008924819972,0.032196122605134776
4009,0.26134426311849496,0.5598935894980223,0.13657592171025137,0.04218622567323143
4010,0.27672152543492146,0.5702662671296521,0.11560750004192014,0.037404707393506605
4011,0.27277123082639115,0.5705655521282345,0.11799701414056653,0.03866620290480843
4012,0.30334235010945004,0.5180091319890152,0.13474941738019205,0.043899100521342056
4013,0.25496590906843,0.5666547380455105,0.135573044674477,0.04280630821158299
4014,0.2597182529750878,0.5690718366699042,0.13513401037623238,0.0360758999787757
4015,0.2664669132170533,0.5629973392083254,0.12835297506949978,0.042182772505120966
4016,0.2827339911413529,0.5659678671999461,0.11297142297523757,0.03832671868346228
4017,0.3225610409037101,0.5037216074761666,0.1367899509561321,0.03692740066399143
4018,0.2771721102153423,0.5682341909073957,0.11729897454855874,0.037294724328704495
4019,0.25413951320549066,0.568971154009771,0.13235421952447451,0.04453511326026353
4020,0.2677967923995101,0.5712153131768489,0.11934630683770903,0.04164158758593186
4021,0.2684840315476426,0.5606815731836332,0.13317194726833256,0.03766244800039212
4022,0.2642151318581746,0.5582011098235485,0.13961631371851013,0.03796744459976671
4023,0.989694175715796,0.007333514889200682,0.0019379404036526551,0.0010343689913506746
4024,0.2508128418639624,0.5846810031532982,0.12723531934009769,0.037270835642642726
4025,0.27991502270474755,0.5599412464697,0.12098322641966816,0.03916050440588454
4026,0.27223678654903083,0.5550123867226886,0.1265468243796678,0.0462040023486121
4027,0.27572551029574643,0.5660610427774435,0.11788722019822918,0.04032622672858068
4028,0.2569955632714427,0.5610851813811966,0.13288946239272847,0.04902979295463223
4029,0.26656267649373755,0.5782918732527155,0.11858903910501693,0.036556411148528534
4030,0.26168803671880736,0.5796977061359456,0.13244190314622226,0.026172353999023387
4031,0.2683586035719111,0.5711032426694406,0.11856892679442659,0.04196922696422059
4032,0.26539522012091693,0.5672481614852118,0.12977879221380118,0.03757782618007044
4033,0.2711106897783715,0.5747109748889541,0.11608581691604736,0.038092518416626815
4034,0.26824348520795555,0.5510537233509287,0.13909001280465486,0.04161277863645912
4035,0.2689753556284167,0.5726957882732766,0.11790770930205743,0.040421146796249426
4036,0.2652522301267168,0.571627169596628,0.1219205954980182,0.04120000477863678
4037,0.26291501043015825,0.5676317942497547,0.13129995131952385,0.03815324400056148
4038,0.26790519196301593,0.5716462593084733,0.12086143493404458,0.03958711379446614
4039,0.25475469998719197,0.5593572718624717,0.1431344921059937,0.04275353604434275
4040,0.2818312310323549,0.507537891766958,0.1407482103561737,0.06988266684451402
4041,0.2771799571088447,0.5618625690333545,0.11735214902970259,0.04360532482809803
4042,0.25367001363709885,0.5597773299497552,0.1378639962252198,0.04868866018792506
4043,0.27497886578171954,0.5706200644568981,0.11392812405949226,0.04047294570188966
4044,0.2688777654756287,0.5641329391086624,0.12640321852357034,0.04058607689213894
4045,0.2595950682183946,0.5780272373939488,0.127163687602689,0.035214006784967396
4046,0.257074766687123,0.5648781061990491,0.13460118482871267,0.04344594228511501
4047,0.2585878941220657,0.5771714973565029,0.12964069538863854,0.03459991313279285
4048,0.26611506338165036,0.5399928563089014,0.14051336572515624,0.05337871458429219
4049,0.2780879660803768,0.543876709991208,0.13716921132605567,0.04086611260236017
4050,0.2692366514988205,0.5502829655761818,0.13013041824234753,0.05034996468264911
4051,0.2654609327414608,0.5653008016491897,0.13120326939014723,0.038034996219201964
4052,0.28822554233554715,0.5596330441996606,0.11669791279674009,0.03544350066805174
4053,0.2583152379461481,0.5713081242610775,0.1296298126517597,0.04074682514101539
4054,0.2762707985512417,0.5634772745132105,0.1245313444214942,0.035720582514052766
4055,0.2639809829122244,0.569856032484628,0.1290657160175185,0.03709726858562868
4056,0.2702550289257087,0.5568010354816386,0.13646929174459174,0.03647464384806123
4057,0.2828678831094567,0.5595396633397008,0.12274236279304462,0.03485009075779803
4058,0.2700480602102456,0.5707999106680626,0.11990313974195398,0.03924888937973875
4059,0.2720523353665195,0.5607988152683029,0.1241551576115954,0.04299369175358332
4060,0.2567779431028829,0.5727196274610904,0.12948145683232765,0.04102097260369927
4061,0.2661338048710605,0.5624750556568543,0.12942940265052394,0.041961736821561964
4062,0.2730989812032123,0.5680402356680119,0.11845091880041018,0.04040986432836553
4063,0.2590863044641816,0.5832450001456522,0.11863510689395763,0.039033588496209116
4064,0.2721829334672068,0.5513197149937739,0.13940502840341099,0.03709232313560915
4065,0.2570446826305129,0.5710312040458912,0.13314771510770698,0.03877639821588872
4066,0.2726041467267812,0.5718507747446198,0.11755019378452371,0.0379948847440747
4067,0.3596957740236809,0.48853630417870336,0.11037648141877912,0.04139144037883646
4068,0.25850718678041945,0.5747569243764522,0.12801638450906744,0.03871950433406051
4069,0.2572546129033857,0.5678498431091127,0.13543036312021892,0.03946518086728341
4070,0.27358236779496287,0.5588398978811925,0.13050707618873583,0.0370706581351086
4071,0.26783779266959934,0.5618677569423058,0.13551086323556646,0.034783587152527405
4072,0.262413297472535,0.5616508768658579,0.1323936476743338,0.043542177987274146
4073,0.4321609214692755,0.4468781709285915,0.09133627614881533,0.029624631453317687
4074,0.2706436066385907,0.5535150208404973,0.1338135827237446,0.042027789797167786
4075,0.2550154518660339,0.56315984201296,0.13815151471594947,0.043673191405055774
4076,0.2482765387522457,0.5844386075862976,0.12954429497497288,0.03774055868648263
4077,0.2588546463248159,0.5669933904245333,0.13059486537229992,0.04355709787835105
4078,0.2534328664590048,0.5733252212136697,0.13435875461964542,0.0388831577076805
4079,0.25824202750729464,0.5636963039219431,0.13225323415299578,0.04580843441776723
4080,0.2679144548546835,0.5719280566132863,0.1318073745003172,0.02835011403171371
4081,0.27738929186949157,0.5618616875007991,0.12034786776483435,0.04040115286487534
4082,0.2793747964860145,0.5626547064065073,0.11858997316243797,0.0393805239450391
4083,0.27839586124596,0.5671769634521273,0.11564137845610095,0.03878579684581228
4084,0.2591694571936004,0.5663706803327712,0.13056907264621803,0.043890789827410036
4085,0.26957798793377397,0.5671806545211351,0.12396508696054509,0.039276270584544665
4086,0.27537809244474576,0.5685324647468294,0.11689991055677083,0.03918953225165416
4087,0.2704830648514266,0.5678290204741456,0.12007506840186075,0.0416128462725663
4088,0.2707990610496196,0.5382992830120283,0.1434873129117089,0.047414343026642256
4089,0.27093525077373176,0.5630531986196409,0.12434211588197384,0.04166943472465383
4090,0.26640338603523955,0.5674107754055674,0.12450295299158573,0.04168288556760741
4091,0.27963224929972536,0.5518443068845622,0.13540162923619853,0.03312181457951312
4092,0.27453718131040744,0.5651308107395763,0.12022772621143145,0.0401042817385848
4093,0.2736815892483459,0.5653500866657887,0.12221286225939663,0.038755461826469224
4094,0.27437824217759677,0.5623450556956013,0.1272161240958681,0.036060578030933356
4095,0.2690584967394563,0.5687029875364757,0.12804822444426875,0.0341902912797994
4096,0.28396869381649126,0.5486014004623275,0.13272361324060405,0.03470629248057685
4097,0.2651558931317129,0.5504970271440183,0.13383579508942808,0.050511284634840885
4098,0.27619492464187817,0.566535858305122,0.11829053213051571,0.038978684922482375
4099,0.2870560623702912,0.5820549465696612,0.10683113278177606,0.024057858278272046
4100,0.2617986587634058,0.5624456051067969,0.12996429760244932,0.04579143852734797
4101,0.2611107914841721,0.5611291021040212,0.1341149880195501,0.043645118392258285
4102,0.2708581947658627,0.5680705440165075,0.1215788152795763,0.03949244593805614
4103,0.25517711460050396,0.5748208618492167,0.1277608023086034,0.04224122124167609
4104,0.27200121703839475,0.5588602524985309,0.13316978016762887,0.035968750295446064
4105,0.26983985246804454,0.5576256208012924,0.13561719508361775,0.03691733164704531
4106,0.2578219740979473,0.5828006065920199,0.1281074806226421,0.031269938687390794
4107,0.2751866232811102,0.5632700205324742,0.1210259074812116,0.04051744870520282
4108,0.2659292378375937,0.5468789311356296,0.14365825495834947,0.04353357606842732
4109,0.24864368079820998,0.5787995559960054,0.13603184276690616,0.036524920438876646
4110,0.27472933523401166,0.5606840401709166,0.12756252493193637,0.03702409966313605
4111,0.2552622250543425,0.5709069715188559,0.132284984287271,0.0415458191395307
4112,0.2761268870442196,0.5648965939566861,0.11867951021283463,0.04029700878625899
4113,0.2544566463963779,0.5608064402100315,0.13849981006202275,0.0462371033315687
4114,0.25835630372887264,0.5698130774339755,0.1315349048046585,0.04029571403249422
4115,0.26933122551001293,0.5668055590747902,0.12262373404581117,0.041239481369385086
4116,0.26624139186671963,0.5622797582489676,0.13271328914438268,0.03876556073992995
4117,0.27598896737793255,0.5727125052821557,0.11576914622735211,0.03552938111255989
4118,0.28235832911693065,0.548925835341381,0.13292166896508897,0.035794166576599284
4119,0.26632794178777486,0.5746472680218937,0.12187939662140307,0.037145393568926585
4120,0.26135390173176815,0.5698183128073838,0.13025199691514164,0.038575788545706334
4121,0.239497550421913,0.5881201762515899,0.1269916463802443,0.04539062694625209
4122,0.2641221439526911,0.554417717071318,0.13980566675652362,0.04165447221946891
4123,0.267740621055258,0.5469341577778079,0.14093988601589205,0.04438533515104305
4124,0.32390869099127495,0.5208604256970424,0.11613663400387943,0.03909424930780468
4125,0.257361708200501,0.5690137724156311,0.13349047897622324,0.04013404040764523
4126,0.25398729855862323,0.574372258429993,0.128484636146252,0.04315580686513256
4127,0.26655981370422716,0.5590095670833359,0.13143870727710816,0.042991911935328045
4128,0.26941802991941155,0.5719845426593149,0.11811284654759,0.040484580873682875
4129,0.2719040885016339,0.5779740694002801,0.11322814886018649,0.03689369323789942
4130,0.2690132974956051,0.5722596176471997,0.12818883154284275,0.030538253314351838
4131,0.24881838784431443,0.5807586017339533,0.12506884172300956,0.0453541686987236
4132,0.2642171192027834,0.5742832611092454,0.12228954627166878,0.03921007341630144
4133,0.25685133195993803,0.5573101850692456,0.13784171276879179,0.04799677020202418
4134,0.26109924644430355,0.5665453852394235,0.13159201242455634,0.04076335589171561
4135,0.27668119897289806,0.5598704533737746,0.12394122320058819,0.03950712445273808
4136,0.26058836876414304,0.5726626793903926,0.1272782486097817,0.039470703235682525
4137,0.2641783590520217,0.5664651768892659,0.128990081294305,0.0403663827644077
4138,0.24175868521857422,0.5704835949262169,0.13886288016145776,0.048894839693752024
4139,0.2972065865936256,0.5297127674956542,0.12786590915919432,0.045214736751526076
4140,0.277995400859338,0.5609827877277747,0.12094283046111487,0.040078980951772626
4141,0.2686897101079059,0.5639998753445645,0.13163370225419796,0.03567671229332999
4142,0.2601012334210926,0.5631921207278614,0.1321696499543614,0.044536995896685694
4143,0.27503157140579576,0.5550453131930925,0.13322468965919923,0.03669842574191254
4144,0.279365104279573,0.5637272348135293,0.12402959788767313,0.03287806301922421
4145,0.2667109058475771,0.5612968772117595,0.1278668202470947,0.044125396693569206
4146,0.27077239900076616,0.5662351203586766,0.12089432389352567,0.0420981567470306
4147,0.24979216455882433,0.5845675779720296,0.12559363722536285,0.04004662024378347
4148,0.27053721597892083,0.5675285275216172,0.12042316035881956,0.041511096140640955
4149,0.27035091970846997,0.5673475074334127,0.12075363315873262,0.04154793969938523
4150,0.25658632475132315,0.5668895298004123,0.1307942315980503,0.04572991385021399
4151,0.3111186275021192,0.5114209893446235,0.1416612044643578,0.035799178688898516
4152,0.2713290767360061,0.5727156262883379,0.11720820734729269,0.03874708962836282
4153,0.2785576093182889,0.5726624167715474,0.1119323474057793,0.03684762650438596
4154,0.25973526584013784,0.5678170095419572,0.1307237686959695,0.041723955921935986
4155,0.25499628409105435,0.5656550082331254,0.1404022047864258,0.03894650288939539
4156,0.2688333093050718,0.5588719105666432,0.13391742810577267,0.03837735202251155
4157,0.28187649807605997,0.549965552079835,0.13196322644176323,0.03619472340234246
4158,0.2706951248112363,0.5663180162237111,0.12437342263711065,0.03861343632794212
4159,0.2738734345227482,0.5563901641805299,0.12690142681375277,0.04283497448296898
4160,0.26731833989084763,0.5794269016663384,0.11442936918134378,0.038825389261469424
4161,0.2768857422930476,0.5691040717348571,0.11461393724184248,0.03939624873025294
4162,0.264479809268286,0.5601152492316573,0.1313405301561839,0.044064411343873545
4163,0.26078934563428946,0.5746794423345152,0.12697482036204308,0.03755639166915109
4164,0.26209136574531033,0.5652495432771936,0.13090564914858874,0.041753441828907334
4165,0.26029653201203723,0.5609932407027807,0.13217105931327292,0.046539167971909996
4166,0.26472535617865267,0.5631895293019109,0.13177468370985804,0.04031043080957719
4167,0.26227657133566895,0.5599081217312092,0.14101910386899708,0.03679620306412246
4168,0.258075903630876,0.5690549520853576,0.1423765896661373,0.030492554617630112
4169,0.26018297102135757,0.5748601404794175,0.1243559993000552,0.04060088919916988
4170,0.24628233257237364,0.5333261892357745,0.15390204150674477,0.06648943668510741
4171,0.2695344053664984,0.5719887712387207,0.12384617905925069,0.03463064433552991
4172,0.2645338721104548,0.5636017743598722,0.13275051981491165,0.039113833714762083
4173,0.26765833488533675,0.5628882606808742,0.12961749999052954,0.039835904443260094
4174,0.26573368352748866,0.5826027467185465,0.11418531743701775,0.03747825231694783
4175,0.2682230943481697,0.5712032926873878,0.11973015893373685,0.040843454030703545
4176,0.2558379527394056,0.5801430399093089,0.1267055075792532,0.037313499772032035
4177,0.2537131148348874,0.5742217016195118,0.136792751939628,0.035272431605971766
4178,0.26400935875665277,0.5672404388608048,0.12459045041957832,0.04415975196296389
4179,0.26361765153890343,0.5743353260538809,0.12254636229924849,0.03950066010796689
4180,0.2580067695298757,0.5662045061918806,0.1317718066146061,0.04401691766363698
4181,0.26973658177074794,0.5600638986420607,0.13262768462509736,0.03757183496209406
4182,0.26848293968256987,0.5766260356002105,0.11600458100148363,0.038886443715735776
4183,0.2736377733947453,0.5649009145433777,0.1234000873399346,0.03806122472194302
4184,0.2733119514032088,0.5618939856803041,0.13014329026908011,0.03465077264740756
4185,0.2636898722969303,0.5594911645561459,0.14399138657341812,0.0328275765735051
4186,0.26745326205777964,0.5699235442709931,0.1250093755354264,0.03761381813580132
4187,0.2715953241228418,0.5721045328550528,0.11763439260299105,0.038665750419115
4188,0.2613329922769925,0.5682682455585867,0.13138491040354597,0.03901385176087406
4189,0.26538113632038596,0.5586962265429344,0.13485266409210978,0.041069973044569164
4190,0.2642211275380776,0.5612871921559802,0.13342619423968685,0.041065486066253265
4191,0.25768527717950895,0.5645944058741525,0.13006606179205005,0.04765425515428987
4192,0.2663425198610284,0.5715086617832585,0.12877743107483203,0.0333713872808806
4193,0.25786989292179097,0.5810046706908911,0.12619452801178355,0.03493090837553405
4194,0.25146137354232445,0.5597386115858239,0.1357508166062174,0.05304919826563516
4195,0.2656943671063147,0.5624282035105826,0.13047101006332673,0.041406419319775366
4196,0.27276965118697766,0.5632083768185396,0.12336716108727547,0.04065481090720921
4197,0.26525025940332525,0.5622455641604829,0.13234168183311668,0.04016249460307494
4198,0.2791838115362874,0.5605734903652625,0.1203207166643187,0.03992198143413206
4199,0.26261906152917214,0.5675944992753262,0.12748121035618268,0.042305228839319316
4200,0.2687457005072193,0.5588181840280582,0.13427697596351254,0.038159139501209416
4201,0.26202241841450896,0.551481275927956,0.13110231727117552,0.05539398838635927
4202,0.26039838951129235,0.567234064453075,0.12893336570159555,0.04343418033403911
4203,0.2754321480740085,0.5610979737384216,0.12392217031329802,0.03954770787426996
4204,0.26067986108439456,0.5679027808899499,0.13226472868888428,0.039152629336769884
4205,0.25809817550210007,0.5696037190364018,0.14008607482393812,0.03221203063756329
4206,0.26982742532969045,0.572928468078893,0.12027854956894939,0.03696555702246767
4207,0.2598845759607154,0.5613894792105768,0.1323296328200669,0.04639631200864052
4208,0.25436643807540016,0.5820669838352279,0.1255918401960683,0.037974737893304335
4209,0.26707111754226565,0.5621884203395426,0.12818684338436362,0.0425536187338262
4210,0.2707628496644646,0.5595064941651928,0.13171985495459887,0.03801080121574385
4211,0.2772329215040306,0.5606244383923981,0.11922596266245994,0.04291667744111347
4212,0.2771873319585467,0.551105202130382,0.13328567071733546,0.03842179519373534
4213,0.2693661936890118,0.5557656269593595,0.13636055253236037,0.03850762681926942
4214,0.2481694147655061,0.5892324192080622,0.1305608934161708,0.03203727261026084
4215,0.2578596407750123,0.5603873699514912,0.13494952300517776,0.04680346626831751
4216,0.263257036448014,0.5660634126657822,0.13283061786648215,0.03784893301972072
4217,0.27429307367403744,0.5573888882018206,0.13082552630265598,0.03749251182148586
4218,0.2761615722307686,0.5735919580776045,0.11233989358287683,0.037906576108749875
4219,0.2682672179529825,0.5642530623787966,0.13259131601796081,0.03488840365026223
4220,0.274710259833456,0.5648007747584427,0.12033453776464186,0.04015442764345917
4221,0.27710961237743514,0.5746279086522448,0.11193782563420303,0.03632465333611697
4222,0.301216836071246,0.5488671990977155,0.11375025628783368,0.03616570854320671
4223,0.26173468187935944,0.5734826389596772,0.12823938414304528,0.03654329501791725
4224,0.3057314509565982,0.5285226646961753,0.12686214457431222,0.03888373977291573
4225,0.312453238801889,0.5300863925343116,0.11936251670930573,0.03809785195449259
4226,0.26211077930589755,0.5681835769446947,0.12523994670282831,0.04446569704658039
4227,0.2544325125803547,0.5729871642760298,0.12947459669703865,0.04310572644657789
4228,0.26060253195098043,0.5723645838793862,0.12594428971233984,0.041088594457294035
4229,0.26927837466891136,0.550264516374179,0.14130354068682202,0.039153568270086925
4230,0.26324108944647745,0.5698922193610202,0.12581642145776767,0.0410502697347344
4231,0.2661393829107251,0.5777310489236542,0.1176226378568712,0.03850693030875143
4232,0.2682307094814929,0.5641063808775294,0.12913038612451475,0.03853252351646209
4233,0.25881199833033264,0.5568528207827896,0.1416003981639839,0.04273478272289515
4234,0.26598102128937323,0.5720795156879291,0.12628564155883626,0.0356538214638606
4235,0.27510723379945007,0.5666820760379672,0.12163465651110657,0.03657603365147681
4236,0.2737596487459914,0.5712241093899061,0.1158291230947333,0.03918711876937074
4237,0.2614270597281212,0.5632384707217304,0.13560577958444794,0.03972868996570009
4238,0.2620144010419098,0.5649180091683239,0.13092153646014038,0.04214605332962713
4239,0.27247069225281334,0.5667526502225864,0.12088382838705794,0.03989282913754095
4240,0.25405556074032676,0.5635827337019533,0.1432201539211013,0.03914155163661885
4241,0.25375680882056467,0.5710866627308616,0.13269790725681543,0.04245862119175781
4242,0.2673167443035884,0.5642284991685472,0.12521324112765894,0.043241515400204884
4243,0.2715517204958491,0.5673089614804749,0.11985240062456042,0.041286917399115095
4244,0.26116235335160093,0.5635762326747186,0.13625903091610247,0.03900238305757772
4245,0.2642280886590607,0.5679218315618483,0.12860830944595464,0.03924177033313777
4246,0.27237511048867147,0.5767978622903204,0.1128211006388701,0.038005926582138326
4247,0.2744526760175574,0.5670015801212978,0.11776919273140299,0.040776551129741184
4248,0.26801486695986465,0.5539731842686827,0.1391340684289841,0.038877880342467974
4249,0.26559738432785757,0.5602096647715803,0.13589277109617992,0.03830017980438237
4250,0.257970862145221,0.5634723520541117,0.13544063073148496,0.0431161550691824
4251,0.2903262593208176,0.5447169364949954,0.1278556206655277,0.03710118351865903
4252,0.27303144174439964,0.5667364767257527,0.12017389718756614,0.040058184342281505
4253,0.26355426825444334,0.5717965596564366,0.12279535289148613,0.04185381919763389
4254,0.25915315273541645,0.5677840243432097,0.13004366244977822,0.0430191604715961
4255,0.251370178729782,0.5612037036347087,0.1409225821289146,0.04650353550659469
4256,0.24698683927184134,0.5772974899717266,0.13364198780318895,0.042073682953243104
4257,0.2721802095098866,0.5684866576590529,0.1165602850877793,0.04277284774328117
4258,0.2602984434508318,0.558330521062203,0.13328821522640666,0.048082820260558524
4259,0.25087727806466786,0.5653723121773371,0.14177581629499825,0.04197459346299698
4260,0.2682605095848427,0.5772444663146133,0.12395043930751386,0.03054458479302963
4261,0.2580198010927709,0.555289756768004,0.14327618550629923,0.04341425663292683
4262,0.26946956791895466,0.5663561628228869,0.12441591887696926,0.039758350381189925
4263,0.27005754586554653,0.5681192306276347,0.1211824088358492,0.04064081467096883
4264,0.2579454812697902,0.5753579937298229,0.1254948290808799,0.04120169591950762
4265,0.24947411465091168,0.5740110481351033,0.14406735588747138,0.03244748132651116
4266,0.2531801895587679,0.5763349153186429,0.12707492394215503,0.04340997118043449
4267,0.2477987009347222,0.5912671943447287,0.1259725975432822,0.03496150717726561
4268,0.2573020231584658,0.5648405061710198,0.13193992068840954,0.04591754998210477
4269,0.249396485135394,0.5654782266130944,0.1397892210346759,0.04533606721683722
4270,0.27408965463991103,0.5639563261349801,0.11964971076680687,0.04230430845830157
4271,0.26273397526909087,0.5648971355977649,0.12651752955050993,0.04585135958263386
4272,0.2628128531468125,0.5635123828871919,0.13231758397657573,0.04135717998941898
4273,0.2603589668763684,0.5772281452791752,0.12065596785291435,0.041756919991543545
4274,0.2608907306252738,0.5844866044842323,0.11584471529054649,0.038777949599946106
4275,0.26770392412967364,0.5599883588991065,0.13532260706809823,0.03698510990312224
4276,0.2672192712259741,0.5602009211253554,0.12833151209690977,0.044248295551760394
4277,0.2577388814462429,0.5804606978722815,0.12306665805177823,0.03873376262969711
4278,0.27167446748819396,0.5463248344132342,0.1434070311153176,0.038593666983253304
4279,0.2614357658624896,0.5655398503446776,0.13199398689328096,0.0410303968995511
4280,0.2658457881891247,0.5684633585721609,0.1280290381733076,0.03766181506540547
4281,0.2550179517347372,0.5712498849271167,0.1291957331898729,0.04453643014827351
4282,0.2685827493179248,0.5740097777120898,0.11749716610324558,0.039910306866739104
4283,0.2607059913918196,0.5610623962259738,0.1394568782044223,0.0387747341777845
4284,0.25112997422618505,0.5805860595614919,0.12552664493024054,0.04275732128208305
4285,0.26109377640658515,0.5712518687251541,0.12674665315078834,0.040907701717472385
4286,0.2627345239790921,0.5712824277954167,0.1309051627185683,0.035077885506923985
4287,0.2653616794588245,0.5665438947813911,0.1346893823759137,0.0334050433838714
4288,0.2616605305765898,0.5647610329499303,0.13304606683761594,0.04053236963586541
4289,0.27261454993844103,0.5579028241650735,0.13295932488783205,0.03652330100865262
4290,0.25913665950275855,0.5707193087209088,0.13345558323291676,0.03668844854341542
4291,0.2692630589545598,0.5645138890918404,0.1341462014843706,0.032076850469229666
4292,0.265528419345035,0.5434335142886918,0.13867298538597653,0.05236508098029667
4293,0.2584941470250318,0.5685233343478772,0.12749627939358504,0.045486239233506295
4294,0.2695000143520331,0.5738611952925845,0.12370522085776972,0.03293356949761269
4295,0.2615293002409926,0.5738839026973322,0.13101807755374054,0.033568719507934
4296,0.2734105061265026,0.5651366260166,0.12093752518706131,0.04051534266983638
4297,0.27903195015402177,0.5688728447939074,0.11672490708551334,0.0353702979665565
4298,0.263570523116387,0.5556380408918165,0.13242699336677116,0.04836444262502472
4299,0.2653070681668195,0.5780250507701892,0.11810032521644023,0.03856755584655137
4300,0.28677464922846857,0.5437614103767229,0.13595458043749561,0.033509359957311434
4301,0.27618201697247874,0.5679457472274957,0.11755164754537067,0.03832058825465591
4302,0.27200512241188196,0.570190928629511,0.11817298137771755,0.039630967580889166
4303,0.23594056191575977,0.5765446672363868,0.13998064803105484,0.04753412281680052
4304,0.2790252228513272,0.5738694545068591,0.11276105571452712,0.034344266927287266
4305,0.2613173806337474,0.5625723952172419,0.13082600034139874,0.045284223807612545
4306,0.2661616988559422,0.5647445612802461,0.1318640351653821,0.03722970469843047
4307,0.2752499419259601,0.5648845731510567,0.1205576118819184,0.03930787304106381
4308,0.27620654506237435,0.5662638169978471,0.11739240555503688,0.04013723238474136
4309,0.6357220085975126,0.2620786454038706,0.07039130788703285,0.03180803811158314
4310,0.2758813756225587,0.5672018031972592,0.11929642416467567,0.03762039701550606
4311,0.27235775481017777,0.5654497417619545,0.1210308555972978,0.041161647830570726
4312,0.28626483248515133,0.5538382255800387,0.12510791020348377,0.03478903173132655
4313,0.2741248332584857,0.5719605690559222,0.11627660694938832,0.037637990736203
4314,0.2664642195189135,0.5692182487836193,0.12332176072620674,0.04099577097125745
4315,0.36083055946961573,0.4996118670420841,0.10891400427117497,0.030643569217125372
4316,0.2533014919360708,0.580981928380937,0.13675072649715342,0.028965853185838778
4317,0.27118535227172536,0.5749144464793108,0.11707697457804954,0.03682322667091457
4318,0.26188408021995613,0.5667034939255627,0.1297620740192001,0.04165035183528123
4319,0.27294278072673767,0.5638424659622068,0.12017121551563349,0.04304353779542301
4320,0.2716181265149678,0.5594554569227745,0.1325260997938642,0.03640031676839334
4321,0.2764654103621821,0.5592453990924386,0.13071481204324967,0.033574378502130055
4322,0.26767787109740127,0.5593316179452857,0.12888510835749262,0.04410540259981953
4323,0.2600318424815747,0.5722171340269476,0.13139069888258467,0.03636032460889324
4324,0.2823923235239621,0.5637752229411019,0.11425031136433592,0.03958214217060078
4325,0.2675841948146175,0.5636472243147078,0.12463570722442872,0.04413287364624597
4326,0.267678510280435,0.56780603076474,0.1285297056212216,0.03598575333360428
4327,0.29026618505239377,0.5569670605417685,0.120909458948176,0.03185729545766157
4328,0.3171368268164606,0.5316805184813401,0.12123297712466398,0.029949677577536422
4329,0.2640303495588386,0.5855617258373844,0.1147313749169177,0.03567654968685918
4330,0.2740577262060615,0.5596529948136151,0.1314577691621343,0.03483150981819015
4331,0.2656025769869135,0.5704241225988181,0.12334137185459779,0.04063192855966989
4332,0.28153162768842394,0.5698441948433299,0.11270424914394063,0.035919928324306065
4333,0.2663770034284678,0.560804438429315,0.13588020817353894,0.03693834996867832
4334,0.2706438048691005,0.562394994474193,0.1310885947667352,0.03587260588997003
4335,0.27288700505811186,0.5652899470561153,0.12322051318690608,0.0386025346988671
4336,0.49091641267150077,0.3881225174993645,0.09694838190655986,0.02401268792257475
4337,0.26332681445855394,0.5760055233086413,0.11933427250242888,0.041333389730375265
4338,0.2728775080580124,0.5712369204838623,0.11614179741598725,0.03974377404213775
4339,0.26574019533457877,0.5754073893006297,0.12605733850115475,0.032795076863638445
4340,0.2716562784032505,0.5657543358532611,0.12069142866536066,0.04189795707812689
4341,0.25637046506093814,0.5718877340461382,0.13240728208501673,0.03933451880790727
4342,0.2697296890532584,0.5585219190187656,0.13291809484264708,0.038830297085329805
4343,0.25868534520948,0.5725879909546089,0.13196204720840546,0.03676461662750399
4344,0.2703120783038316,0.5674710253929853,0.12341790180962879,0.038798994493556435
4345,0.26345951244480287,0.5477275207901642,0.14651654643358042,0.04229642033145218
4346,0.2623300459656515,0.5645375458189674,0.13038599201894624,0.0427464161964354
4347,0.24906887945047287,0.5629319164164422,0.14238874752301958,0.04561045661006535
4348,0.2710130595231557,0.5669425864355382,0.12284236305627112,0.039201990985034976
4349,0.2747539080275081,0.5515026477590773,0.13295021855062764,0.04079322566278665
4350,0.40671280339573057,0.46910721566996505,0.09207850560944794,0.032101475324855064
4351,0.24527078436079475,0.5833896812254062,0.136111927512215,0.03522760690158496
4352,0.2645580959146664,0.5671724795876217,0.12941079067082076,0.038858633826892315
4353,0.2718243048101805,0.5688998525928779,0.11727125233121974,0.042004590265719885
4354,0.2526725021010655,0.5586173948501578,0.14937236451047664,0.039337738538301414
4355,0.26577830370344174,0.5510633763293309,0.13514610744204722,0.048012212525180537
4356,0.2588852945462372,0.5715990424862198,0.1268999919983364,0.042615670969207035
4357,0.26848075750875255,0.57495126344118,0.11799778474930198,0.03857019430076701
4358,0.26614803688966204,0.5606247279294702,0.12905297562259585,0.04417425955827142
4359,0.26620576370359633,0.5770993908234331,0.11793316983738605,0.03876167563558608
4360,0.2655270157110282,0.5629791047333085,0.13302776572188663,0.038466113833776024
4361,0.25898107162448597,0.5786846832393437,0.12030801357105793,0.04202623156511179
4362,0.2716193424816425,0.5688039507112065,0.12049546009931329,0.039081246707838184
4363,0.2690804804842388,0.5727122168604878,0.12225632615414217,0.03595097650113194
4364,0.2741402177008533,0.5549690892071757,0.13412734698071074,0.03676334611126013
4365,0.25954088660695535,0.5818854804118071,0.12697306345360077,0.03160056952763667
4366,0.25995682755617017,0.5856648227205629,0.12007856592746624,0.034299783795801786
4367,0.2674559504840529,0.5606087712103677,0.1323796610723926,0.039555617233186575
4368,0.2522243212158511,0.5784403363408596,0.1298926499584116,0.03944269248487752
4369,0.2701476958424333,0.5633467360533677,0.12683018608628646,0.0396753820179127
4370,0.37678144326466756,0.49325408199978266,0.09722541804916418,0.03273905668638453
4371,0.31733560916856,0.5153090483716752,0.12289540600959929,0.04445993645016466
4372,0.2610316805340952,0.5719101271294554,0.1250810631187183,0.041977129217730114
4373,0.26141203803069546,0.5439078049348408,0.1393801398462238,0.05530001718824006
4374,0.2600576604658396,0.5542598987787216,0.13449310279740279,0.05118933795803628
4375,0.24567966622066884,0.5786025104265239,0.13494336138973417,0.04077446196307362
4376,0.2633541628159383,0.5737444739383133,0.12099530762505999,0.04190605562068832
4377,0.2605898020098695,0.5665084296658871,0.12867089221246697,0.04423087611177665
4378,0.26287055690241234,0.5786467344783969,0.11920716009884787,0.03927554852034262
4379,0.2685438411336432,0.5663824308641048,0.12381358956858664,0.04126013843366545
4380,0.2726682554750386,0.5565247401464125,0.12796372941933024,0.04284327495921795
4381,0.2750094629516688,0.5660857294814221,0.11707799075519838,0.04182681681171146
4382,0.26075387136847045,0.5694330967635366,0.1274270616818682,0.0423859701861259
4383,0.2725013478965571,0.5768434343727628,0.12106622779840738,0.029588989932271915
4384,0.25541843503244144,0.5615909225607076,0.13546340755432765,0.04752723485252467
4385,0.277398197148345,0.5650372654440151,0.1177040613524863,0.039860476055153735
4386,0.27177486199466744,0.560210200831476,0.13113166436802018,0.03688327280583646
4387,0.25440498252070687,0.5727087781030137,0.13211717426803532,0.04076906510824289
4388,0.27251491235246167,0.5579858124062472,0.13347239228421065,0.03602688295708105
4389,0.2696064568538963,0.572535192913951,0.11842393651357352,0.03943441371857902
4390,0.2526673539087068,0.5338856722522898,0.15001922592754682,0.06342774791145799
4391,0.2738284947116382,0.5693335535367912,0.11661726074905042,0.04022069100251931
4392,0.267102851701526,0.5701988017547578,0.12299545548934322,0.03970289105437275
4393,0.2713101407376553,0.5672116411943111,0.12534411905153287,0.03613409901649994
4394,0.24142328072338162,0.5835305200102594,0.13657874409372112,0.038467455172637194
4395,0.2690056494439471,0.5741597395775428,0.11711957938176622,0.0397150315967457
4396,0.260023191175318,0.5657263592554299,0.13372885761601175,0.04052159195324098
4397,0.267187409098067,0.5851538625498434,0.11510215989567057,0.03255656845641942
4398,0.2523342675451562,0.5791639904332112,0.1284158939319513,0.040085848089681575
4399,0.2690287925946072,0.5693718945898811,0.1213386221422522,0.04026069067325861
4400,0.271546082767185,0.5739138476229041,0.1166616859239473,0.03787838368596373
4401,0.3165555968668864,0.5309034324991956,0.12151544966419939,0.031025520969717744
4402,0.27890047631330256,0.5727902632644831,0.12109332673468995,0.027215933687523
4403,0.2806018610767665,0.5510320412092982,0.12864749556964067,0.03971860214429394
4404,0.27566901801449284,0.5619517784838479,0.12079108232252114,0.041588121179138494
4405,0.26967420916325924,0.574481044477858,0.11833662108291762,0.03750812527596426
4406,0.2642559036493364,0.5665767948205185,0.1300164934228356,0.03915080810730922
4407,0.2657297855674985,0.5636404457028373,0.12934483686273351,0.04128493186693089
4408,0.2720670428284084,0.5593477286555152,0.13118325626088656,0.037401972255190014
4409,0.26972656743024026,0.5578007351570676,0.13282302017893535,0.03964967723375826
4410,0.25107709191077116,0.5845654590816782,0.12597175274231054,0.038385696265241874
4411,0.2539545910509674,0.583412377804058,0.1267960720756529,0.035836959069321626
4412,0.2543976937762214,0.5880617270531189,0.1188287678989512,0.03871181127170873
4413,0.27201393760567466,0.572375506722913,0.1193817267284819,0.036228828942928844
4414,0.2740783521707819,0.5657967109973487,0.11992138708964763,0.04020354974222217
4415,0.26339841833192945,0.5780215319691563,0.11925200006424454,0.03932804963467007
4416,0.2514109427465678,0.5647523458208595,0.14624815958395426,0.03758855184861775
4417,0.26048623031261336,0.5814758746326002,0.1216815437902697,0.03635635126451773
4418,0.25770213928740626,0.5545811338082843,0.1430618019537066,0.044654924950601936
4419,0.26728404988757914,0.5592179748267995,0.1346584022368647,0.038839573048756675
4420,0.2627727609572347,0.5662944288642703,0.13320549377549748,0.037727316402997244
4421,0.25002463941934466,0.5744251005354146,0.13174129204461346,0.04380896800062674
4422,0.2620628342440549,0.5651514033064637,0.14443309180571848,0.028352670643760576
4423,0.25698123059466094,0.5766746819619758,0.1254509794597368,0.04089310798362588
4424,0.3470043361373131,0.5034188142543201,0.11604999086782099,0.03352685874054507
4425,0.26036035300183247,0.5722964739232569,0.12863637250667395,0.038706800568234445
4426,0.2892747502852209,0.5443525870605369,0.12999801852082923,0.03637464413341437
4427,0.27143373270106436,0.5744304356773784,0.1159314426560313,0.038204388965525894
4428,0.26872428370138396,0.5600234345821429,0.12585256331267794,0.04539971840379609
4429,0.2678202218086995,0.5754543837060122,0.1172891749380327,0.0394362195472546
4430,0.27182213480533357,0.5581524848874079,0.13244563502392398,0.03757974528333466
4431,0.2729819919262791,0.5554351536374034,0.1323243446494303,0.039258509786887025
4432,0.2571498121853839,0.566393211739735,0.1308553129897826,0.045601663085098755
4433,0.2645932779350671,0.5618210252928975,0.13495278299674662,0.03863291377528827
4434,0.25572666918060066,0.5667855682638671,0.12921835790886724,0.04826940464666536
4435,0.29154832773468314,0.5586506247048628,0.11509460827610918,0.03470643928434497
4436,0.33689442305740624,0.5134176145959787,0.1076905432238629,0.041997419122751824
4437,0.2670063165606389,0.5653566584349113,0.12409897580626003,0.0435380491981884
4438,0.2741592291020488,0.5632373301251902,0.12867360647607928,0.03392983429668195
4439,0.2723771392429021,0.5617334282467001,0.12650897852737428,0.03938045398302427
4440,0.2642777777713777,0.5629638249717611,0.13310859434706585,0.039649802909795605
4441,0.26095961017601527,0.5666147168435862,0.13161311915304563,0.04081255382735222
4442,0.28262189202589527,0.5289149262717905,0.14859044506084132,0.03987273664147435
4443,0.26843786764692423,0.5614602529939812,0.12642903259048055,0.043672846768612626
4444,0.27501597942111106,0.5632878312146746,0.12090156982753819,0.04079461953667659
4445,0.28688903345869476,0.539340038529468,0.12794356629240905,0.04582736171942775
4446,0.26089030319916234,0.5542381538358548,0.1355935556462275,0.04927798731875463
4447,0.2789806507292399,0.5582035388472953,0.1337623967721322,0.029053413651331794
4448,0.27333719198241274,0.5628267394969902,0.12144947219512907,0.042386596325466784
4449,0.2576597216937208,0.5630434243094071,0.13657292996622958,0.04272392403064289
4450,0.2677948291051402,0.567100650361849,0.12352211885425586,0.04158240167875551
4451,0.2675679307954767,0.5675692695231592,0.12973125116698941,0.035131548514375555
4452,0.2751456270004165,0.5703562532712263,0.11528755293723565,0.03921056679112172
4453,0.27529416666071493,0.5653035506945904,0.11910981762019879,0.04029246502449526
4454,0.27157300905512516,0.5753079967791096,0.11546551422677707,0.03765347993898689
4455,0.258956653569148,0.5633085651665986,0.14029011987139328,0.037444661392861005
4456,0.2690808893982673,0.5712069524078783,0.12774745385209604,0.03196470434175958
4457,0.5515278374597962,0.35410653925564856,0.07184903931563436,0.02251658396892106
4458,0.24973912797191833,0.5633924062640195,0.1457046302317958,0.04116383553226634
4459,0.27161455718482497,0.5550248636854729,0.13650412824627078,0.03685645088343112
4460,0.2742467913429858,0.5665926182828098,0.12528208731950863,0.033878503054696356
4461,0.2761881157474857,0.5636577450006923,0.1191702636616083,0.04098387559021408
4462,0.2332217365104103,0.5719786524427112,0.16069986845342935,0.03409974259344888
4463,0.2743890072380394,0.5657732691801725,0.11942337659957701,0.04041434698221154
4464,0.2538394819733475,0.5781090584642138,0.1291765042667152,0.03887495529572161
4465,0.27246107376653134,0.5678392501216539,0.11984173328416625,0.0398579428276475
4466,0.26248019968355896,0.5600290230905378,0.13360562539618712,0.043885151829714864
4467,0.2608546069865118,0.5680563321101332,0.12796054740649007,0.04312851349686469
4468,0.2620406099393579,0.5826333612185074,0.11569496060815465,0.03963106823398034
4469,0.2611277905549295,0.5579731438091989,0.13448172758853247,0.04641733804733884
4470,0.2668342652902489,0.561260116648931,0.13749971469616246,0.03440590336465876
4471,0.27613294700866486,0.5701617470420258,0.11664619014794664,0.0370591158013627
4472,0.4036045438091822,0.3988435824129925,0.13581992157370448,0.061731952204121664
4473,0.26076558805524896,0.5847197545148741,0.11572399184511649,0.03879066558476114
4474,0.2558158901316228,0.5776078164228434,0.13065415769391436,0.035922135751620544
4475,0.2742701082200255,0.5725368179273015,0.11545043285480852,0.037742640997863654
4476,0.2605873142481164,0.571222017657644,0.12911511034435197,0.03907555774988775
4477,0.2712739345424018,0.5769535687534467,0.11420772249539834,0.03756477420875189
4478,0.2711364142811019,0.5736627625268128,0.11785812053630722,0.03734270265577802
4479,0.2613460462672398,0.5739223913106748,0.12667502044363824,0.038056541978445865
4480,0.2733651917552047,0.5476426949253812,0.1380885444932595,0.04090356882615526
4481,0.26478119888855783,0.565052601129757,0.12837560980639623,0.041790590175291055
4482,0.24297583257844219,0.598610135689568,0.12247555641025312,0.035938475321735365
4483,0.24951618320982621,0.568775993963741,0.13427075445075443,0.04743706837567909
4484,0.2596624841221327,0.5713502946452608,0.12963954825838467,0.039347672974222474
4485,0.27536236866139363,0.563896617651409,0.12184063300779112,0.03890038067940583
4486,0.2722463376031007,0.5748744667121134,0.11595737991636816,0.0369218157684176
4487,0.2674099559059505,0.5631412959474063,0.12988107285587594,0.03956767529076663
4488,0.2425836062208651,0.5775259121682321,0.133028696254219,0.04686178535668362
4489,0.2480248286317058,0.5738983136749635,0.1318751611177568,0.04620169657557382
4490,0.2587726273056158,0.5644223250509315,0.138495873860186,0.038309173783266835
4491,0.25736425933004103,0.537924727106133,0.14102054867349972,0.0636904648903263
4492,0.26727888129317334,0.5676387731986107,0.12934971765559117,0.03573262785262497
4493,0.26884187599183185,0.5564766732153863,0.13305351521027506,0.04162793558250692
4494,0.39459801542954376,0.46029230172450664,0.12269422102890534,0.022415461817043875
4495,0.2683656985253237,0.5756500939029993,0.11983622987055441,0.03614797770112285
4496,0.26408795331828927,0.5718548487752693,0.12369554536559878,0.04036165254084308
4497,0.26258763266714946,0.5646559338770372,0.12966615342328042,0.04309028003253316
4498,0.26920345525800876,0.5604863808279688,0.13600360216631863,0.03430656174770337
4499,0.2866355138402641,0.5454012742754698,0.12684940339682096,0.04111380848744621
4500,0.2692785363756973,0.5606763089737298,0.13222497045885565,0.037820184191717475
4501,0.3175989880186046,0.5134410488724818,0.13533025724065043,0.033629705868260966
4502,0.25881938133485294,0.5709463589389879,0.13634868633845879,0.03388557338770061
4503,0.269390897398943,0.5790941408817363,0.114652868955882,0.03686209276343736
4504,0.27548222271443745,0.5619005880243352,0.12168727301056415,0.04092991625066494
4505,0.26459766200370344,0.560073665361714,0.13011108409574385,0.0452175885388378
4506,0.2712145358088678,0.5678954108044834,0.12058143308137934,0.04030862030526917
4507,0.2479196833868684,0.5813614362426646,0.132378357145511,0.03834052322495545
4508,0.26971454445109805,0.5639192256454941,0.1299732744323161,0.036392955471091115
4509,0.27570415597818354,0.5630121902387044,0.12105664340923311,0.0402270103738799
4510,0.26357730306206095,0.5599716708441035,0.13547725748348963,0.04097376861034658
4511,0.27214019547397605,0.5590729955274083,0.12594714901352305,0.04283965998509249
4512,0.27224061435169156,0.5677976761994727,0.11815906210824197,0.041802647340593656
4513,0.2688134557481126,0.5704258190419522,0.11891701904881564,0.04184370616112078
4514,0.2524590781407327,0.5705443646701106,0.1369873085779854,0.04000924861117125
4515,0.2767288802033766,0.5631253984799556,0.11859725635833313,0.041548464958334794
4516,0.2666656110795249,0.5708101894165416,0.12168241201885124,0.04084178748508266
4517,0.2652808965753793,0.5635430897565264,0.13287023992540783,0.03830577374268717
4518,0.29535506612497037,0.5107998289190038,0.14596556398586003,0.047879540970166196
4519,0.2627320446698431,0.5638459573882662,0.13633985374568375,0.03708214419620709
4520,0.33538847966827773,0.46125510236365935,0.13442005439515003,0.06893636357291201
4521,0.25931660382957067,0.5589903322266224,0.13615064254780676,0.04554242139600057
4522,0.2614457652838471,0.5677284221808199,0.12959770211046737,0.04122811042486751
4523,0.26247949547996763,0.5592853162470817,0.13291739308552541,0.04531779518742463
4524,0.26516898765087077,0.56302581520388,0.13167598589855248,0.04012921124669622
4525,0.2632051829119773,0.5557635717604706,0.13459932531636778,0.04643192001118486
4526,0.2778159361421337,0.5616097004917787,0.12089412210905832,0.03968024125702914
4527,0.27192299651174323,0.5559418316714635,0.13213495392060157,0.04000021789619189
4528,0.25611319591202975,0.5626985980814726,0.13655663920573566,0.044631566800763
4529,0.25228826442240354,0.5685812969287002,0.134538976321794,0.04459146232710279
4530,0.258971051026499,0.5673630686027956,0.12990169826614,0.04376418210456586
4531,0.261522220968707,0.5663534286124403,0.13304131010824616,0.039083040310606
4532,0.2562384800330868,0.5700632150662462,0.13186742273416643,0.04183088216649958
4533,0.24202967689636715,0.5860291132772388,0.12854395213921233,0.0433972576871834
4534,0.2759479643776829,0.5636002136437448,0.12029772859150431,0.04015409338706787
4535,0.26368062269726456,0.563624634273482,0.1311516070165807,0.04154313601267146
4536,0.2622022720952885,0.5516236161671353,0.13874165164039207,0.04743246009718447
4537,0.2658426558022029,0.5461608000681064,0.1392987290303598,0.048697815099331125
4538,0.26015940818435707,0.565958082800585,0.13095911086204018,0.0429233981530185
4539,0.2503265656781333,0.5591100401491903,0.15471179034482374,0.03585160382785303
4540,0.26945210963156874,0.5874428635766356,0.11263961833601517,0.030465408455781266
4541,0.26105622360077124,0.5711121583706247,0.12817540984888848,0.0396562081797158
4542,0.26205106415666457,0.569126521194484,0.12732037334093113,0.041502041307918014
4543,0.27201149653052414,0.5663679241800574,0.12261710574224922,0.03900347354716905
4544,0.276835360180112,0.5761040740079278,0.11496016259802067,0.03210040321393946
4545,0.2779391378579442,0.5709277069391626,0.11341563281849243,0.03771752238440003
4546,0.2741850387072744,0.5239718900145001,0.1501960811032399,0.05164699017498532
4547,0.269478019949999,0.5626509508517633,0.13130885727968009,0.036562171918557915
4548,0.2689201020682466,0.5671369645884592,0.12388767552649384,0.04005525781680119
4549,0.2622613937885493,0.5736320106167972,0.11898716694118912,0.04511942865346563
4550,0.26247939009087534,0.5716343532130284,0.12386519126505414,0.042021065431041525
4551,0.27152087745105397,0.5697190140671049,0.11965107519129808,0.03910903329054268
4552,0.27118756276947464,0.570326532709333,0.12065078618300375,0.03783511833818808
4553,0.2638508990662489,0.574647806309404,0.11994119217056587,0.04156010245377927
4554,0.27554742763231843,0.5678306869125592,0.1205534326593722,0.036068452795752076
4555,0.2603475069795779,0.5692437063193891,0.1283904750575292,0.04201831164350462
4556,0.26562595827565966,0.5648429024973445,0.1311617545436608,0.03836938468333534
4557,0.27287398580944444,0.5663120515640083,0.12174217930528962,0.03907178332125779
4558,0.26538235990169856,0.571718702469717,0.12630468337179268,0.03659425425679269
4559,0.2562221091768277,0.5572618657159323,0.13609424749044438,0.050421777616796726
4560,0.26428208134598835,0.578112708229082,0.11934234283313383,0.038262867591795875
4561,0.2737338386461128,0.5726158175828348,0.11572515322004648,0.037925190551006654
4562,0.2705514430687729,0.5596378509230467,0.12736670686669205,0.04244399914148856
4563,0.26427947830216525,0.5499800051684955,0.13691971045282642,0.0488208060765128
4564,0.25409202510171935,0.5660599691588278,0.13865404313921195,0.04119396260023994
4565,0.26647729120449287,0.5725133311238175,0.1298319750609376,0.03117740261075155
4566,0.262639719637121,0.5738238528268251,0.12418803763789459,0.039348389898159565
4567,0.27146730147580944,0.5639998936356596,0.12299996341758018,0.04153284147095112
4568,0.26683776682030313,0.5651449545106435,0.12820272888527925,0.03981454978377438
4569,0.27294766110645236,0.571744353250082,0.1157373188070821,0.03957066683638346
4570,0.24140417871705044,0.5858195781599203,0.1276730374761577,0.04510320564687224
4571,0.2762079102714012,0.5674277711239096,0.12168501777904245,0.034679300825646686
4572,0.27889669527474303,0.5549120674240116,0.12135347508298026,0.04483776221826604
4573,0.264853091963236,0.555566828261996,0.13932678409245525,0.04025329568231182
4574,0.2619363985920717,0.5696304271096925,0.12530470575143682,0.04312846854679839
4575,0.2598354258683124,0.576053510292734,0.12443139537444574,0.039679668464508794
4576,0.2592558222243608,0.5743910786843898,0.12627334143216765,0.04007975765908093
4577,0.2730180457698835,0.5523194125408112,0.13516749979566928,0.03949504189363484
4578,0.2683042602556228,0.5725644739634542,0.11816118502545783,0.0409700807554666
4579,0.25964910723865003,0.5664065653201862,0.12948935991284594,0.04445496752831747
4580,0.25863362299427267,0.5756217851086683,0.1281016179106443,0.037642973986413635
4581,0.26541444636969136,0.5692221636633005,0.13598291179625263,0.029380478170755554
4582,0.261724588736994,0.5659141142845561,0.13102312974564684,0.041338167232803306
4583,0.26819972438977374,0.5709678983594945,0.12036557134085063,0.04046680590988247
4584,0.2572362198168851,0.5671022668232317,0.1317024780851606,0.043959035274723106
4585,0.26253520199375685,0.5537452100563025,0.13607818008227843,0.047641407867663216
4586,0.27105425823766083,0.5508240038460607,0.13313665162397578,0.044985086292304695
4587,0.40861970417730337,0.45762676104037575,0.10130652455603185,0.032447010226289465
4588,0.2448779118042,0.5710069183486312,0.1316713562345227,0.05244381361264537
4589,0.2640369609215823,0.5634286226994955,0.13295404241716796,0.03958037396175407
4590,0.2586409514290308,0.5654419082115876,0.1328304875469767,0.04308665281240526
4591,0.253965616132295,0.570560391897819,0.13665617891341314,0.038817813056473055
4592,0.2801953359388057,0.5661225866036551,0.11893732747750194,0.03474474998003723
4593,0.27004415845360463,0.5723715404724212,0.11724115144104154,0.04034314963293302
4594,0.2678062915237081,0.5581844630312107,0.1338788969641071,0.04013034848097447
4595,0.25923679572142955,0.5667454491108485,0.13323016052282644,0.04078759464489726
4596,0.2696828689162763,0.5776576440772585,0.11511615772326743,0.03754332928319727
4597,0.27188338457000544,0.5707195015321191,0.11702968125978025,0.040367432638095425
4598,0.25864371385679347,0.5614633285978398,0.13830411654644992,0.0415888409989162
4599,0.27031016561723176,0.5751103493015745,0.1159578829566274,0.03862160212456539
4600,0.27377897286284086,0.5653730027881619,0.11920093802908226,0.04164708631991626
4601,0.26983853982569433,0.5697264289523265,0.12003944371961638,0.040395587502362613
4602,0.24028319756597313,0.5888297653960305,0.12952065006050403,0.041366386977492474
4603,0.26992785931197527,0.57606430919382,0.11619570817819444,0.03781212331601041
4604,0.2730127675347185,0.5581694923001721,0.1305603467975363,0.038257393367573125
4605,0.2702279349202747,0.5789473559239687,0.1147050712007962,0.0361196379549606
4606,0.27123901983465765,0.568712875954502,0.12781490554978897,0.032233198661051767
4607,0.2707539896429488,0.5676103596611413,0.11913036171179116,0.0425052889841187
4608,0.25900850533835545,0.564977896009854,0.13146364703941635,0.04454995161237529
4609,0.26622409591906704,0.5771845027427328,0.11829456374688323,0.03829683759131693
4610,0.2649264160272991,0.5614538125743188,0.13393392226415665,0.0396858491342258
4611,0.2830797303286895,0.5567348955804765,0.12541884134729195,0.03476653274354235
4612,0.2669336810425238,0.581649256720533,0.11518041194584529,0.03623665029109795
4613,0.2553046165871429,0.576861897250271,0.12384014979178833,0.043993336370798906
4614,0.2714306048608193,0.5576609861062849,0.1324583667585604,0.038450042274336634
4615,0.26797244057467123,0.5579765357544677,0.13668973590526542,0.037361287765595885
4616,0.26010456112028074,0.5665633683412302,0.13343930303438226,0.03989276750410683
4617,0.23386187966877695,0.5818050185633158,0.1412325620912683,0.04310053967663962
4618,0.2721336761687085,0.5626790298693501,0.12282883225536002,0.0423584617065813
4619,0.2552630343386753,0.5645733256261009,0.13423675996882364,0.04592688006640031
4620,0.26788807743402293,0.5657752554104515,0.12540897688778457,0.04092769026774069
4621,0.27185824377563617,0.5660211497420236,0.12065133785000733,0.041469268632332294
4622,0.262522352258562,0.5690522852732064,0.12723250703287287,0.041192855435358215
4623,0.2692736375942451,0.5571264360098563,0.1334262358945415,0.040173690501356586
4624,0.2733478411152417,0.5673220580025704,0.11883311651900103,0.04049698436318738
4625,0.2654202498022787,0.5816030951284966,0.1258949760699856,0.02708167899923889
4626,0.26390078210804907,0.5628253010300005,0.12900482182111178,0.04426909504083772
4627,0.2773222258417627,0.5719126231849286,0.11376272379606377,0.03700242717724623
4628,0.26727447300616586,0.5662205848846802,0.12315708841413639,0.043347853695017466
4629,0.2560353229672444,0.5786033275344515,0.13127236844952225,0.034088981048782684
4630,0.2722004894435292,0.5723192876196591,0.11637537512271945,0.03910484781409157
4631,0.2558544963364684,0.5720383341044554,0.14063073874779855,0.031476430811278384
4632,0.2715397875472612,0.5686960389792995,0.12071208184230608,0.03905209163113373
4633,0.26233725603288327,0.5651665575874019,0.13324568156083685,0.03925050481887884
4634,0.2511577432987043,0.5624317910362978,0.14385090648514384,0.0425595591798549
4635,0.27581210886568797,0.5707963755559494,0.11778516816311049,0.03560634741525308
4636,0.26959012836739066,0.5728908556174273,0.11793977947602562,0.03957923653915541
4637,0.2686823852434961,0.547739634534542,0.13349411490372584,0.050083865318236526
4638,0.2828229170091354,0.5514940527180537,0.12665562609106815,0.03902740418174351
4639,0.2680356186602773,0.5703590151570084,0.12588138440534777,0.03572398177736646
4640,0.26235189082204247,0.5657019314399763,0.1292289357149384,0.04271724202304228
4641,0.27077339429218655,0.5673154940012941,0.12137777502415649,0.04053333668236253
4642,0.2920587820768192,0.5442241769337369,0.13029100892739295,0.03342603206205019
4643,0.2691298529432575,0.5600428214743844,0.13165338963139622,0.039173935950962434
4644,0.2668021714002073,0.5782054199416152,0.12418406665305935,0.03080834200511939
4645,0.2539939462013302,0.5760462077970882,0.13115919674431595,0.03880064925726599
4646,0.26334801495813354,0.5695625208826465,0.13156929872101786,0.035520165438202966
4647,0.270720758712014,0.5676955637196759,0.11903326730835083,0.04255041025995954
4648,0.26214242888272127,0.5681026850793791,0.12805133488739984,0.04170355115049973
4649,0.2579812582330962,0.5697414214661953,0.13064359805186593,0.04163372224884294
4650,0.272654516145122,0.5608746230987545,0.13055524363747228,0.035915617118651294
4651,0.2662380192225648,0.5491596783644488,0.13544293142965608,0.0491593709833308
4652,0.26984697872052654,0.5717783887379427,0.11818996004439362,0.04018467249713816
4653,0.2683202169008674,0.5673485797105142,0.13191825544089547,0.03241294794772255
4654,0.2772538917873905,0.5656116583417231,0.1340651768265493,0.023069273044336477
4655,0.27924368677135714,0.5655822995587408,0.11709588604254448,0.03807812762735703
4656,0.2594454300539426,0.5677876855380424,0.13357508944016547,0.03919179496785122
4657,0.2670896419051147,0.5766116781414721,0.12253969387914282,0.03375898607427026
4658,0.26572502883254784,0.5709396631551462,0.12553462184615843,0.03780068616614619
4659,0.2695546187956119,0.5565874673120161,0.13462589752904242,0.039232016363328695
4660,0.27495853194855774,0.5528438257025493,0.13187079384267075,0.0403268485062214
4661,0.258172421791363,0.5560495488761107,0.13760591708959224,0.04817211224293361
4662,0.274303560539458,0.5612846372354069,0.12716078041252513,0.037251021812610384
4663,0.25754966017329023,0.5714297926013353,0.12589821303088614,0.04512233419448845
4664,0.2589495661008287,0.5597955553824475,0.1346070246086781,0.046647853908045815
4665,0.25968145821398625,0.5646983761790297,0.13321653357793448,0.04240363202904893
4666,0.29331069734006254,0.5478025566496021,0.1269713445245343,0.031915401485801624
4667,0.26162849472638544,0.5641220494869215,0.13073150661391583,0.04351794917277662
4668,0.26219471114842824,0.5638304410999919,0.13489169650062363,0.039083151250956565
4669,0.2467485992336123,0.6000899518788906,0.12124365724520991,0.03191779164228652
4670,0.2698616717542356,0.5733215429461546,0.12376618603518372,0.033050599264425794
4671,0.2688015014402417,0.5633858554985042,0.12973801569343152,0.03807462736782319
4672,0.2593368193844432,0.5752131342484196,0.1277230483532202,0.03772699801391855
4673,0.2628437249948452,0.5617099161135881,0.12937577045481427,0.046070588436752984
4674,0.25256139128613525,0.5721625149131228,0.13140563396286623,0.043870459837876914
4675,0.27862758887348366,0.5637867873427165,0.12013994167270829,0.03744568211109062
4676,0.274466409474704,0.5628020177648683,0.12223877102349529,0.04049280173693244
4677,0.25560002158410833,0.5605502787169501,0.139541886356673,0.04430781334226788
4678,0.2734217319029829,0.5679274554106816,0.11840483299126534,0.040245979695069954
4679,0.27362283353899486,0.5628744846820547,0.1218158458256053,0.041686835953344485
4680,0.2648356772872616,0.5649313723253065,0.12876480026307233,0.04146815012435888
4681,0.267672300763268,0.548329626863697,0.13469438430582417,0.04930368806721033
4682,0.27607613650057466,0.5622118372143805,0.11931009585467535,0.04240193043036848
4683,0.2700671624719008,0.5732826921541114,0.11845881419935339,0.038191331174634816
4684,0.25082378668997934,0.5837223302258225,0.1242331121499629,0.04122077093423582
4685,0.2647026457472822,0.5872003043688689,0.11439981439848315,0.033697235485366565
4686,0.27712088677623714,0.5275447400146079,0.14851841196393248,0.04681596124522218
4687,0.2724158322356614,0.5565486143587729,0.13223686795105,0.03879868545451567
4688,0.26925335727830363,0.5624428901043022,0.13024210451249027,0.03806164810490315
4689,0.27173236600810435,0.5528419439886091,0.1387093930521995,0.036716296951087087
4690,0.2719494952627924,0.5724042775509925,0.117095131376562,0.038551095809652824
4691,0.27241423725957736,0.5535617194421713,0.1349048738628036,0.03911916943544731
4692,0.26038977653229356,0.5607352285905465,0.13229136395782026,0.0465836309193398
4693,0.2699868652868449,0.5647798850233591,0.13269474464289505,0.032538505046902214
4694,0.26599529184234594,0.5637707131381304,0.13027774619161933,0.039956248827905175
4695,0.2694947314957502,0.5632629400283329,0.1293098897359117,0.037932438740006215
4696,0.2696216970451384,0.5657324383487018,0.13019560772312727,0.03445025688303242
4697,0.2595953027762855,0.559289684039123,0.1350230050051156,0.04609200817947544
4698,0.2745955431789338,0.5682580145176058,0.11908193166236537,0.03806451064109457
4699,0.2676513894378442,0.578267459639789,0.11811916227080226,0.035961988651565455
4700,0.27091051320689485,0.552328580638181,0.13704579982580745,0.03971510632911622
4701,0.2635314378467454,0.5630192261525583,0.13060734816670141,0.042841987833994635
4702,0.2757680767937052,0.5502326298148376,0.1370722543843729,0.03692703900708591
4703,0.36167564550042053,0.473037996329417,0.10772168509236828,0.057564673077794774
4704,0.26650427459269854,0.5589202569995713,0.12897257941886137,0.04560288898886869
4705,0.26837695431611497,0.5619733009064037,0.13354601676884661,0.036103728008634234
4706,0.2718052982428602,0.5618954170123672,0.12279560363631013,0.043503681108463976
4707,0.26442060033390585,0.5787494042693088,0.1161729589729942,0.04065703642379172
4708,0.26637429875534496,0.5620757281943322,0.134032369968369,0.03751760308195345
4709,0.2623625727421017,0.5736347323243085,0.12594628194486715,0.03805641298872288
4710,0.26384611728776436,0.5690848667130214,0.12946232292219317,0.03760669307701988
4711,0.26224368971070494,0.5784750599834615,0.1214003244072017,0.03788092589863086
4712,0.27204128772409464,0.571197535886928,0.11714169147559432,0.03961948491338246
4713,0.27532852771974786,0.5622510378492709,0.12438775257635887,0.038032681854622157
4714,0.2344291301994611,0.5904549901173705,0.146909961631098,0.02820591805206996
4715,0.2544659336462874,0.5692004613967178,0.13233943480598487,0.04399417015100877
4716,0.26049862301063664,0.5725594626444814,0.12662759833972748,0.040314316005154074
4717,0.262919946121286,0.564364158150669,0.13334757026769212,0.03936832546035293
4718,0.2741328725543262,0.5642752460801687,0.12092696410672922,0.0406649172587747
4719,0.2544684681917129,0.570361377939475,0.1347714242769316,0.040398729591881385
4720,0.27881333990734325,0.572156658797694,0.11144110187651894,0.03758889941844461
4721,0.2732237141208247,0.5675870462894901,0.11815667462594791,0.04103256496373862
4722,0.2731348496446662,0.573932776983863,0.1168742642091969,0.03605810916227347
4723,0.2639638848460452,0.5759771687835014,0.1259709621762484,0.03408798419420577
4724,0.27272177433982037,0.5739916667392159,0.11686467757127218,0.036421881349692604
4725,0.2242271703572612,0.5833026845593642,0.1491452566930869,0.04332488839028794
4726,0.26385290004783013,0.55306782863869,0.13565674214124412,0.047422529172235606
4727,0.2555508156843231,0.5710806704382262,0.1279884168769938,0.04538009700045749
4728,0.27508245282202687,0.5522072046106046,0.1354052000324085,0.0373051425349595
4729,0.25889160955708385,0.5759317369477985,0.12443207033344657,0.0407445831616709
4730,0.2860826447653635,0.5581556827204012,0.12157397850533459,0.03418769400890083
4731,0.26290097812438545,0.5769373935652256,0.11921508218961072,0.040946546120777944
4732,0.2641749757338046,0.5676066952579031,0.12496319551525038,0.04325513349304321
4733,0.28861832618307776,0.5359521517483395,0.13866703623317062,0.03676248583541059
4734,0.2526406999765817,0.5794389159901678,0.13849939757328583,0.029420986459966617
4735,0.273567026196511,0.5656160798544075,0.1212672335042099,0.039549660444871626
4736,0.2775616477920427,0.5620709578054836,0.12024891708324156,0.040118477319231446
4737,0.28029246742230784,0.5565499606379717,0.12098366706100033,0.04217390487872168
4738,0.26577896345895247,0.5610255080130854,0.12930839873207123,0.04388712979589087
4739,0.2756470346277001,0.5666452317595371,0.12852810491948702,0.029179628693276154
4740,0.27665125097138993,0.5683142057045697,0.11939922203531775,0.0356353212887239
4741,0.2363760708073292,0.6062527232066269,0.12720591289111555,0.03016529309492878
4742,0.2618421607626914,0.5724177637568986,0.1266300090743306,0.03911006640608017
4743,0.2926584180191678,0.5426483804963529,0.12729952428526733,0.037393677199211175
4744,0.2787544861737046,0.5655489398861812,0.11576000037426766,0.03993657356584726
4745,0.2677162960071537,0.56388235200806,0.12511828489330976,0.04328306709147726
4746,0.2754210420780806,0.5608911560011757,0.12281993513958489,0.04086786678115887
4747,0.26931003950843146,0.5671455923817567,0.11992794416835474,0.043616423941458225
4748,0.2483587787944921,0.5732036817488111,0.13164270354255903,0.046794835914138654
4749,0.2623652756308431,0.5610277913093878,0.13265561186989333,0.04395132118987666
4750,0.2773150517337751,0.566320853701812,0.1171659220243672,0.03919817254004453
4751,0.25615948926680965,0.5777316723891045,0.12443637580851195,0.041672462535573614
4752,0.28000281903387175,0.5517004681944633,0.125298762499675,0.04299795027198922
4753,0.2575473318098406,0.565746121742107,0.1373101157001861,0.039396430747865176
4754,0.2585629737903715,0.5514103540867745,0.13830204766197465,0.05172462446088018
4755,0.2768527606888238,0.5669913010830467,0.11739837985548209,0.03875755837264944
4756,0.278589120783532,0.5585931071068926,0.11948159130522379,0.04333618080435148
4757,0.2712515476370931,0.5642381509951973,0.12366136020580229,0.04084894116190735
4758,0.27267691908626523,0.5749603848644379,0.11607117515127838,0.03629152089801843
4759,0.27282502977077233,0.5675743897328788,0.1206744589575767,0.03892612153877267
4760,0.30998057382467076,0.5518189495944824,0.10500082689104265,0.03319964968980481
4761,0.6506478321924674,0.2765844902036069,0.05683587835874608,0.015931799245180303
4762,0.2641074003248217,0.5574707600890009,0.13276607297042392,0.04565576661575328
4763,0.2547130596180712,0.5627282348149915,0.13655750998649868,0.046001195580437686
4764,0.24944492508967164,0.5855291889506405,0.1251852206007562,0.039840665358931375
4765,0.2482239646134621,0.5713654522955542,0.13809627781272943,0.04231430527825563
4766,0.2523638823423045,0.5798485789808986,0.12659197258689775,0.04119556608989997
4767,0.25889231734271495,0.5708088531738035,0.13098327630120188,0.03931555318228015
4768,0.2720743424686124,0.5647096101411845,0.12217316388100129,0.04104288350920322
4769,0.2631894801700571,0.5659291307903226,0.12746579338891603,0.043415595650703596
4770,0.26099004252451813,0.564791362629772,0.1306338128776713,0.04358478196803933
4771,0.258449200594972,0.567618085584456,0.13103423146106552,0.04289848235950647
4772,0.26119696806483234,0.5619374463574499,0.13563554188459673,0.041230043693120985
4773,0.266066175210667,0.5632026807818619,0.12933722574776405,0.04139391825970781
4774,0.2626153539125982,0.5879232358282415,0.12106848478479569,0.028392925474363954
4775,0.2575636670403653,0.5682017838120307,0.1329424297907346,0.04129211935686938
4776,0.2742458146907786,0.5707529249697052,0.11787817086934556,0.03712308947017271
4777,0.2590942510695098,0.5836984135406683,0.11795753220965682,0.0392498031801644
4778,0.2691579381947131,0.5702781976875637,0.11989432247695203,0.04066954164077096
4779,0.2594043609053052,0.5679565112552071,0.1309415774955824,0.04169755034390691
4780,0.27086892269542023,0.5555187416371974,0.12593508186384111,0.04767725380353975
4781,0.27416689594939553,0.5638286853121461,0.119292782382616,0.04271163635584116
4782,0.2711335013506207,0.566635467541435,0.12211045918768461,0.04012057192025951
4783,0.25968113871986337,0.5672264504658147,0.13288622857758128,0.040206182236741474
4784,0.2646580837761538,0.5753899304523291,0.12209537058316204,0.03785661518835485
4785,0.2530373421714048,0.570394114168035,0.13059193253623747,0.045976611124323205
4786,0.2591350137566795,0.5539893612245963,0.13532540553177858,0.05155021948694447
4787,0.2698241417634309,0.5632287795269365,0.12570882060787755,0.04123825810175539
4788,0.27512988224534674,0.5661933295754935,0.11786318304427974,0.04081360513487798
4789,0.2718280213404908,0.5618550420884814,0.12932040247706297,0.03699653409396424
4790,0.27645988853057585,0.5652324043387437,0.12089014739443618,0.03741755973624472
4791,0.26414474329086507,0.5730873919451642,0.12244811120729235,0.04031975355667791
4792,0.277071936262544,0.5667551213356959,0.12117736396947663,0.03499557843228179
4793,0.2505873796989539,0.5913368621529251,0.12418464547167986,0.033891112676440786
4794,0.26956946195502834,0.5572817222351066,0.13477858001319956,0.03837023579666523
4795,0.2670390377226692,0.5584257833452531,0.1311497145822752,0.04338546434980403
4796,0.27070226113878343,0.5706404511391586,0.12471825681658262,0.03393903090547661
4797,0.26220778247772547,0.5636645074439791,0.12668401251940134,0.047443697558893674
4798,0.2708736878649875,0.5684882436437514,0.11889111673243738,0.04174695175882361
4799,0.25655349231301894,0.5722624663419432,0.13313104574603285,0.038052995599003
4800,0.4959674157012005,0.3926842165692118,0.08539093728236319,0.025957430447223734
4801,0.2611798292616923,0.5739130973529663,0.1229292486536504,0.04197782473169213
4802,0.2770010205783996,0.5747122798152761,0.11309750540273028,0.03518919420359259
4803,0.25924306302589767,0.5724954333596879,0.13581949466807555,0.03244200894633798
4804,0.27803288268775384,0.5694673525636852,0.12261868757306664,0.029881077175493573
4805,0.29488449250312304,0.5613162124534301,0.11885797947687049,0.02494131556657585
4806,0.26312349959356063,0.5531117884669222,0.13568404036695045,0.048080671572566354
4807,0.2660804682561115,0.5669737760686102,0.12597924167927116,0.04096651399600664
4808,0.2781424941338675,0.5650320398038501,0.11669465273908422,0.04013081332319979
4809,0.27404870327080694,0.5525736869037695,0.13722423656880506,0.036153373256618625
4810,0.2774633573271829,0.567940424452175,0.1148954656359226,0.039700752584719924
4811,0.25467859958339006,0.580446028649248,0.1279809645284487,0.03689440723891365
4812,0.2753647863758905,0.5638192284980164,0.11918010836446853,0.04163587676162546
4813,0.2608660874775764,0.5758196558530108,0.12902741973578216,0.03428683693362948
4814,0.26777787172463136,0.5659258170095419,0.1230453836494688,0.04325092761635738
4815,0.3076898393120247,0.5074209399265823,0.14998850374298153,0.0349007170184105
4816,0.2632748881437985,0.568787304015773,0.13129516821929613,0.036642639621132705
4817,0.38378285745317664,0.49283672578962867,0.09255160084538173,0.030828815911812302
4818,0.2696791592375289,0.5676519836565592,0.12107950332651567,0.04158935377939447
4819,0.2628206242105838,0.5641363214091387,0.13095277034013922,0.0420902840401381
4820,0.26951323345891026,0.5670307475768788,0.12380908572588366,0.03964693323832628
4821,0.25819502270839095,0.5518853742187575,0.14076900461975633,0.04915059845309536
4822,0.273318667466971,0.5538120248777377,0.13536488595210336,0.03750442170318866
4823,0.25983325202438673,0.5682779966865861,0.13215463100848682,0.03973412028054012
4824,0.2703960040531324,0.5688998502486007,0.12114033430107973,0.03956381139718599
4825,0.2582994534807952,0.5750258093013945,0.12870082495769758,0.037973912260111625
4826,0.258064047710984,0.5524780442852953,0.13927600136616314,0.050181906637557186
4827,0.2699823642522595,0.5575726411670824,0.1336495400853573,0.03879545449530082
4828,0.27121982704002134,0.5590090176504452,0.13030293144603858,0.039468223863494134
4829,0.20700982014906472,0.64340508815016,0.1061746157953702,0.043410475905405914
4830,0.27344395829611395,0.5637339874220051,0.1250351587220652,0.0377868955598145
4831,0.2722921311597565,0.5675301355299663,0.1199639287042499,0.04021380460602624
4832,0.2632274760148211,0.5607621851537088,0.1323403810778422,0.04366995775362833
4833,0.2750201648868335,0.5685379151089265,0.11825753979265628,0.03818438021158317
4834,0.2750880871626327,0.5680996144349086,0.11744390699945235,0.03936839140300734
4835,0.25565073043602604,0.577143083627326,0.12447184365242533,0.042734342284221925
4836,0.2617428599019675,0.5546612521211816,0.13547298998672458,0.048122897990126756
4837,0.26431860730472134,0.5641908029510838,0.1370064979030195,0.03448409184117562
4838,0.2640529721171027,0.5658576787498524,0.12581208926644877,0.04427725986659688
4839,0.25589439816834936,0.5754550817857422,0.12928350154111268,0.03936701850479598
4840,0.2685927193070781,0.5734237934381444,0.11996774506031797,0.03801574219445972
4841,0.2799990206827225,0.543755290856504,0.13477995521942063,0.04146573324135301
4842,0.2708531888894583,0.5758574984881221,0.11684438532360904,0.03644492729881018
4843,0.2550043580274844,0.5800198729885769,0.13285468976748116,0.03212107921645803
4844,0.27948101557474075,0.5530675540488178,0.13172833701218928,0.03572309336425112
4845,0.28074255158391387,0.546637186973307,0.13342591501981715,0.039194346422961976
4846,0.2579532853035165,0.5549050915324418,0.1370755368163003,0.05006608634774292
4847,0.2656051073016578,0.5680405032849636,0.12330406296018735,0.04305032645319236
4848,0.2626687797260121,0.5591600988242597,0.1329386104313094,0.04523251101841927
4849,0.2578492179488455,0.5749026043528271,0.13191623427578225,0.035331943422545475
4850,0.2512361898088759,0.5824118522846297,0.128577422922336,0.03777453498415995
4851,0.2570011460654665,0.5848426597769752,0.12730644527105733,0.03084974888650091
4852,0.2706604483280423,0.5779971907267724,0.12266809478760321,0.02867426615758157
4853,0.22938836388805314,0.6115388095665953,0.12022796153810379,0.038844865007248035
4854,0.27449456968811964,0.5688735328090238,0.12116291182299053,0.035468985679864944
4855,0.2732343648811429,0.5686950701743657,0.1170969697892137,0.04097359515527801
4856,0.2634797603658275,0.566002439392717,0.1300749374096101,0.040442862831844596
4857,0.2662127568966855,0.5403313814445647,0.14281609811320878,0.050639763545540985
4858,0.2708354079237152,0.5733701002591941,0.11642896958826228,0.03936552222882903
4859,0.26046648056596533,0.5645533766891078,0.1379440749405864,0.037036067804340725
4860,0.2704906931285093,0.5603802937544127,0.1297490176396138,0.03937999547746481
4861,0.2698157923734909,0.5677974698047819,0.12063232451094279,0.04175441331078463
4862,0.2665372638008431,0.5782899832791019,0.11745348597263146,0.037719266947423946
4863,0.2736091918586964,0.564288714816154,0.12091751728431427,0.04118457604083609
4864,0.26740201858468915,0.568706435346957,0.12075850980443147,0.043133036263923404
4865,0.2757904133690133,0.564274217515387,0.12290142112750535,0.03703394798809411
4866,0.27757063676317617,0.569353411825339,0.11390812062884205,0.03916783078264195
4867,0.2681172047940621,0.5668923887885987,0.12340548890402889,0.04158491751330949
4868,0.2639157777362201,0.5650403725878891,0.12609973381141615,0.044944115864475984
4869,0.28165450006949105,0.5422406838991076,0.13396530081635558,0.04213951521504558
4870,0.2667300126035322,0.5689263100901916,0.12651071779675407,0.03783295950952269
4871,0.26545617957432444,0.5577932310131085,0.13396139681311256,0.04278919259945463
4872,0.24594888155826197,0.5890375494274549,0.1293781542182026,0.03563541479607968
4873,0.26195789294923455,0.5712354590536933,0.127052589423462,0.039754058573609544
4874,0.2560596939449425,0.570646839241102,0.13385886113316428,0.03943460568079103
4875,0.29382231216154764,0.5431548753666744,0.12490829425490937,0.03811451821686938
4876,0.25608463812141463,0.5623749713666701,0.1382470877777079,0.04329330273420787
4877,0.26863153702686005,0.565815861833749,0.12457161563416001,0.040980985505231486
4878,0.2682528135501813,0.5558596703399397,0.13565609083478114,0.04023142527509756
4879,0.27436881972433674,0.5626194171874317,0.12282037024793516,0.040191392840294514
4880,0.26727983625458573,0.5506009331609488,0.13604210706371272,0.0460771235207538
4881,0.25818116212569914,0.5629186011299442,0.1338677110785986,0.04503252566575865
4882,0.2761514752106803,0.559762105245317,0.1257668638022213,0.03831955574178231
4883,0.26502937067209686,0.5536127845210506,0.1350625718902809,0.04629527291657102
4884,0.2682112295899274,0.5676891966015108,0.12196482226205071,0.04213475154651225
4885,0.26277676931933985,0.5666132564373729,0.12975219547218242,0.04085777877110528
4886,0.26188935993822327,0.5699825314317939,0.1245644527977575,0.04356365583222717
4887,0.26979354041235054,0.5744611134689458,0.12224613640428365,0.033499209714419984
4888,0.25679614886565294,0.562336315081632,0.14883149459856782,0.032036041454147304
4889,0.25975271073700196,0.5639484095705505,0.13579420538517117,0.04050467430727703
4890,0.2786717763486783,0.5518091589173577,0.13240513457627254,0.0371139301576906
4891,0.32411235839731795,0.5130161586254466,0.12206811791356778,0.04080336506366789
4892,0.267122325782542,0.5594798111709304,0.1305473642119795,0.042850498834547945
4893,0.26969756512071485,0.5603710438867466,0.1316537734214618,0.03827761757107622
4894,0.27405060545530036,0.5721728273939103,0.11488047533685417,0.03889609181393533
4895,0.27229654681240456,0.5690562419449423,0.11770932356344987,0.040937887679202686
4896,0.26008849749407503,0.5737054103961722,0.12545418813790474,0.04075190397184875
4897,0.27000136267975045,0.5580682771500431,0.13362944420013703,0.038300915970070376
4898,0.260971381183568,0.5646812583964279,0.1332803105625606,0.0410670498574424
4899,0.2504440426578949,0.5655753603752007,0.14559099435136605,0.03838960261553749
4900,0.2607155471898863,0.5698016850638186,0.13116577525701698,0.03831699248927734
4901,0.2765259534819504,0.5649442361976516,0.11849086024380204,0.04003895007659648
4902,0.27428876730229207,0.5580280039483054,0.1295320768072868,0.038151151942115526
4903,0.27714371868531407,0.5618966131793853,0.12252764341070568,0.03843202472459588
4904,0.27830364154652093,0.5627125829754188,0.12369924981319917,0.035284525664860324
4905,0.2710404047111573,0.5782785098224037,0.11432587628102361,0.03635520918541468
4906,0.25377392078627126,0.5628519394963687,0.13841634955669818,0.044957790160661606
4907,0.2631744555915171,0.5519742062143652,0.14082708060944374,0.044024257584674764
4908,0.25871033608722777,0.5580839885831981,0.13706948637254682,0.04613618895702776
4909,0.26539652820959714,0.5717401198857885,0.12647847812997154,0.03638487377464282
4910,0.26819948993687664,0.584510274304706,0.12002242637774836,0.02726780938066752
4911,0.2735194065257568,0.5691715706249101,0.11781997428315356,0.03948904856617811
4912,0.2546615433579972,0.5583159120712272,0.13974788175695357,0.047274662813823455
4913,0.2691135504714706,0.574382244628788,0.11687060383534574,0.03963360106439596
4914,0.27138333659082126,0.5707835184639621,0.11926874675696077,0.0385643981882567
4915,0.26533386320341973,0.5679831247575411,0.1305005503214648,0.03618246171757512
4916,0.2786913455905868,0.5664242222021221,0.11934162919573835,0.03554280301155247
4917,0.2790515580725499,0.5600120283721994,0.12007936210595066,0.04085705144930019
4918,0.2674419886639118,0.5628399238750547,0.12768167500517605,0.04203641245585633
4919,0.26743006667272085,0.5687458605178632,0.1283871863445401,0.03543688646487543
4920,0.25709606073820057,0.5837734771743851,0.12231579093116314,0.03681467115625046
4921,0.25789252454435757,0.5639499997931141,0.13568413007669602,0.04247334558583329
4922,0.27109522263571384,0.5594413759738224,0.12802230048163835,0.041441100908826224
4923,0.25790922723302306,0.563547511477021,0.13655646047926373,0.041986800810692386
4924,0.26612238142773254,0.5607322483504757,0.13505632119675193,0.03808904902503881
4925,0.2750875139159465,0.5684816949233389,0.1174002392535143,0.039030551907201456
4926,0.26358352541530705,0.5667146815345477,0.12306691349679011,0.046634879553354554
4927,0.2677828517608128,0.5607470928930083,0.13344785657405933,0.03802219877211933
4928,0.24941052242419615,0.5631759662337859,0.13451451342070486,0.052898997921312856
4929,0.30494951158261685,0.5442329987330241,0.11313695356202358,0.03768053612233448
4930,0.26497868289285276,0.5711363133596036,0.12836434931691057,0.035520654430633805
4931,0.26653343686133113,0.5688221763212493,0.12203612732871327,0.042608259488705905
4932,0.27297517107561425,0.5562337095999419,0.1325677491394484,0.03822337018499536
4933,0.27493432691516273,0.552298380931367,0.13363391895627272,0.039133373197196966
4934,0.264347599245279,0.5707958875210611,0.1255934250754541,0.0392630881582044
4935,0.286862266134921,0.5365275541075619,0.12841352651443566,0.048196653243079465
4936,0.27067182586012617,0.5642087654414103,0.12959543023935835,0.03552397845910463
4937,0.2941701023600721,0.5310117085294802,0.13415025601206843,0.04066793309837935
4938,0.27573261589553283,0.5754658016356818,0.1127945924425861,0.03600699002619962
4939,0.2602250409250485,0.5669529611816403,0.13292646956130963,0.039895528331999504
4940,0.2703468837352284,0.5734459628779346,0.1170928855921935,0.03911426779464301
4941,0.27522159004745134,0.5949379040620685,0.10074372758334688,0.02909677830713309
4942,0.25457297347950164,0.5718444722108361,0.13043494634141461,0.043147607968246814
4943,0.2690992976121642,0.5697382350620327,0.11935832244655926,0.041804144879242645
4944,0.2718898431342043,0.5656746712686724,0.1197287576344082,0.04270672796271393
4945,0.2728076770503555,0.5629481256640367,0.12266653330240242,0.04157766398320578
4946,0.26910674531531387,0.578148741528438,0.11514543832466012,0.03759907483158857
4947,0.250730235196588,0.5887210131235704,0.12902537567220265,0.031523376007639554
4948,0.2704304023973328,0.5598910566868249,0.13014919173349707,0.03952934918234532
4949,0.27451663459447667,0.5651904285135281,0.11953444288900822,0.040758494002987054
4950,0.27050217756699696,0.5707298228910781,0.11993551778775347,0.038832481754171914
4951,0.257337018881629,0.5686636563505646,0.12956649058648856,0.04443283418131781
4952,0.25861632530281287,0.5679297915877487,0.1322545574752488,0.041199325634188724
4953,0.2703295736490704,0.5654261340779777,0.12197722773082188,0.04226706454212932
4954,0.27035939794428765,0.5702685562806622,0.11862688741491614,0.0407451583601347
4955,0.27098321050223473,0.5582685380496947,0.13206770469076237,0.038680546757307074
4956,0.2939176372490198,0.5503473104295482,0.12680667525590725,0.028928377065526475
4957,0.26340682936429377,0.5601662846143276,0.13105637543389162,0.04537051058748804
4958,0.2696313219819954,0.5605921784246019,0.12779833372270835,0.04197816587069435
4959,0.25508965986412657,0.572215651825605,0.12560150607472917,0.04709318223554075
4960,0.23731322775848016,0.5890266746775219,0.13594780055634487,0.037712297007651684
4961,0.26153244812951143,0.555399078778896,0.13766486971113062,0.045403603380461566
4962,0.2746403985685892,0.5622424230881061,0.12298093685843553,0.04013624148486965
4963,0.2569598444569759,0.567168847411807,0.13376111774411265,0.04211019038710448
4964,0.23823273538674983,0.5772639706908776,0.14832583856792195,0.0361774553544507
4965,0.27970010295253483,0.5638810280897965,0.11586284088612679,0.040556028071542974
4966,0.29838172773322136,0.5394811939573213,0.12798884148894635,0.03414823682050833
4967,0.24650995831580158,0.5830241141801005,0.13045676354819608,0.04000916395590228
4968,0.2597864179046099,0.5644755263740725,0.1295759679726392,0.046162087748678006
4969,0.26950161120535954,0.5688967552851888,0.12107967968398678,0.04052195382546506
4970,0.26518298480335273,0.565915092925178,0.1277916050763996,0.041110317195069614
4971,0.28700596950787977,0.5364297802960313,0.137441074125,0.039123176071088325
4972,0.2586426764372363,0.5720896168746951,0.1269649123078287,0.04230279438024076
4973,0.25009345093074364,0.5818635266137864,0.12950314257854392,0.0385398798769267
4974,0.2603787047551161,0.5707230603354961,0.1283708280179294,0.040527406891459526
4975,0.2657794101746094,0.5570621979127893,0.1306097589996253,0.046548632912975486
4976,0.2753360480041429,0.5613691185011555,0.12452722683566349,0.03876760665903876
4977,0.2729958797103012,0.5684061756763227,0.11979240369495736,0.03880554091841805
4978,0.2776811520155684,0.5683916871410017,0.11688335722481373,0.037043803618617
4979,0.2605196376430667,0.5680411636638006,0.1305146171345263,0.04092458155860573
4980,0.27062943940543943,0.5576408827800056,0.133940181235583,0.037789496578972695
4981,0.267943350168287,0.5698509974428678,0.1195273990684649,0.042678253320378376
4982,0.32117050815646847,0.5080051649482462,0.1284461460884236,0.042378180806861836
4983,0.26260907882053774,0.5780809939046921,0.1178578966852619,0.041452030589508033
4984,0.26978243936383123,0.565802331871489,0.1220464679544948,0.04236876081018473
4985,0.2685186542352534,0.5689594970529395,0.12103685718558319,0.041484991526224965
4986,0.28641251877675106,0.539850090045797,0.13490622837429542,0.038831162803155975
4987,0.275948257822863,0.5616490376069454,0.13032595567627428,0.03207674889391765
4988,0.2479065031562915,0.5805140525903809,0.12956071689413823,0.04201872735919
4989,0.2540395462460922,0.5821964157534544,0.1268957766515107,0.036868261348941896
4990,0.3112725888593207,0.5335324813288627,0.1205355500313179,0.03465937978049907
4991,0.2626308037617278,0.5560863674080541,0.13666589436415844,0.04461693446605876
4992,0.2626457868792588,0.5629597922205227,0.13174844848473335,0.04264597241548461
4993,0.26402777704835695,0.5697585062368486,0.13187447140590156,0.03433924530889244
4994,0.2600091733929441,0.5598223907456955,0.1355334401111017,0.04463499575025865
4995,0.2784822481082537,0.5598840474762639,0.12297577024225155,0.038657934173231746
4996,0.27634638422600744,0.5733394040465897,0.11437802969280095,0.03593618203460238
4997,0.26805935711620393,0.5714226910230277,0.12223295148412708,0.038285000376641024
4998,0.25688516360179475,0.5832816358205871,0.1283283295551718,0.03150487102244556
4999,0.2678907385853476,0.5662127061256655,0.12322134061331302,0.042675214675674165
5000,0.27120410793119154,0.5738444163026654,0.11839356599155854,0.03655790977458501
5001,0.2693352821929823,0.5725017905973326,0.11863005384866745,0.039532873361017275
5002,0.2645116714175828,0.5657682017701283,0.13119818212585388,0.03852194468643514
5003,0.3478324818093718,0.5849385973570779,0.04876875423483857,0.01846016659871333
5004,0.2485842124371406,0.5853378208463197,0.1302156329875192,0.03586233372902186
5005,0.2639157702116468,0.5717019379953701,0.12496070682412118,0.03942158496886298
5006,0.2743166188143244,0.5682037977467141,0.1182997364562793,0.039179846982682065
5007,0.26625935194768635,0.5727236721112225,0.11974094406000403,0.04127603188108605
5008,0.26283157759887593,0.5614493558328985,0.1325819460195236,0.04313712054870202
5009,0.26257988201350774,0.5679937533111614,0.12979514141733076,0.03963122325800136
5010,0.27159913186338697,0.5726784293460111,0.11720486851948432,0.03851757027111821
5011,0.26310432284025165,0.5642908293925044,0.13043975460349022,0.04216509316375391
5012,0.26874365758853325,0.5654137472733032,0.12421085425251197,0.04163174088565293
5013,0.27588853732582663,0.5671645615086744,0.1160800374746164,0.040866863690882514
5014,0.26126403914469415,0.5762060006108871,0.12668733895549056,0.03584262128892799
5015,0.277381606067843,0.5636140786139484,0.12239015966740883,0.03661415565080028
5016,0.25917943957365563,0.5653903805482587,0.13076955697462278,0.044660622903462066
5017,0.255992137224876,0.566765855553362,0.12914620837630303,0.04809579884545692
5018,0.26011890165349405,0.5743570489391642,0.12596199964320742,0.03956204976413413
5019,0.2653172112891978,0.5577577422167136,0.13184031177562736,0.0450847347184606
5020,0.2639754199930489,0.5517446591064632,0.1352306066992405,0.049049314201248514
5021,0.27676035577298336,0.5718827357854978,0.11507115052380748,0.03628575791771203
5022,0.29112228452320826,0.5272610192972788,0.1336576207428177,0.0479590754366954
5023,0.2610154954349198,0.5562937143756677,0.13545102664518624,0.0472397635442273
5024,0.27288020685245395,0.5629394033606591,0.12493281207533342,0.03924757771155169
5025,0.2611555497236776,0.5696198757452108,0.1294034524908609,0.03982112204024896
5026,0.24501343213188453,0.586145886912182,0.12784942868122118,0.04099125227471141
5027,0.2568742054791818,0.5628003904788125,0.13430693746068015,0.04601846658132642
5028,0.2651098657512703,0.5743119107529453,0.12021235453967068,0.0403658689561131
5029,0.267932103134005,0.5656614492019343,0.12490934372405536,0.04149710394000502
5030,0.2731736148673454,0.5523310750310564,0.1340738135654574,0.0404214965361399
5031,0.26659914488870856,0.5704999600449348,0.12163959591442786,0.04126129915192944
5032,0.2579873442333328,0.5686430271862895,0.13161753536492285,0.041752093215454776
5033,0.2911188978830333,0.4968899570055011,0.16816176548131886,0.04382937963014766
5034,0.24610015107450833,0.5726115007902312,0.1380276815182814,0.043260666616979436
5035,0.26637748199921285,0.5617752240835802,0.13089820902698873,0.04094908489021863
5036,0.2859175508758839,0.5589362788774438,0.12121297220136583,0.03393319804530772
5037,0.25747130979103783,0.575959363437916,0.1259391424682951,0.04063018430275042
5038,0.26337442079014045,0.56759012095292,0.1276495019931426,0.04138595626379677
5039,0.28063018712368537,0.555383752848307,0.1292415992079218,0.03474446082008738
5040,0.261231508923236,0.5602711678431099,0.1309603056430082,0.04753701759064755
5041,0.27001381997221663,0.565529189655846,0.1324650150887724,0.03199197528316559
5042,0.27533075596328765,0.5647491666623067,0.11851887072619774,0.041401206648207636
5043,0.2704307540134448,0.5689643442380381,0.12213289416512732,0.0384720075833896
5044,0.2523680543033319,0.5518275478505389,0.1535738838118764,0.04223051403425312
5045,0.2582524380515959,0.5756629049763841,0.12762401576488594,0.038460641207133425
5046,0.26385718521673074,0.5663542433495287,0.12960038978194088,0.04018818165180002
5047,0.27317955140964245,0.5696671975616581,0.11828048358275303,0.03887276744594566
5048,0.268711722337068,0.5565515297140534,0.13158843742597345,0.043148310522906484
5049,0.2716830554714118,0.558438383292795,0.1271302190034914,0.04274834223230108
5050,0.27520113212352065,0.5644869319249768,0.1251419999798193,0.03516993597168082
5051,0.2600529462241811,0.5694772778467224,0.13049190361673738,0.03997787231235912
5052,0.26519038683984403,0.5659522596726387,0.13158167206110363,0.037275681426413514
5053,0.27180264741747373,0.5750369654646935,0.12712834870205925,0.02603203841577396
5054,0.353345608315952,0.4922598441285929,0.11496887279899755,0.03942567475645804
5055,0.27245635529311657,0.5635542249742396,0.12253452232584647,0.04145489740679793
5056,0.24233152604175554,0.5860853000306687,0.12919646332778537,0.04238671059979136
5057,0.2692858792359637,0.5693156552933379,0.1286058700743997,0.03279259539629975
5058,0.2860426748218255,0.5167402104587995,0.15864887615368597,0.03856823856568854
5059,0.260659965997339,0.549315241393927,0.13891948030451542,0.05110531230421748
5060,0.23947571923596847,0.5756365829123042,0.1368589112053701,0.04802878664635569
5061,0.2736256118804349,0.5726738478710309,0.11451426944562061,0.03918627080291297
5062,0.25623673159848215,0.565123896355405,0.13260707299850036,0.046032299047612364
5063,0.2564466334101137,0.543956561613708,0.14315381139627267,0.05644299357990601
5064,0.27619556497123815,0.5629616256074158,0.12019649437024704,0.040646315051099224
5065,0.2710438871167283,0.572502431470634,0.11910664162258161,0.037347039790056796
5066,0.2728812278751845,0.5664403939357765,0.12223893336223836,0.038439444826800076
5067,0.25953351004952824,0.5697651882200965,0.13131720426015667,0.03938409747021896
5068,0.24874310148369197,0.5828126929843973,0.13571394517555144,0.032730260356360896
5069,0.26411284528432644,0.5485047537046446,0.13702712790931243,0.05035527310171648
5070,0.2566111565459724,0.5695593667797866,0.13057734580889074,0.04325213086534944
5071,0.2618095643765737,0.547334230219702,0.1385418287724727,0.05231437663125074
5072,0.26295606570446595,0.5677744827362738,0.12763814738800944,0.04163130417124995
5073,0.2790249776341295,0.5611914798944057,0.11817949316676377,0.04160404930470099
5074,0.264208007500531,0.5690084776106715,0.12588948340310108,0.04089403148569636
5075,0.2856171081077865,0.5439198858997777,0.12699131949448902,0.04347168649794481
5076,0.273279144467774,0.5708756507172751,0.11710959186916942,0.03873561294578096
5077,0.26320183837925587,0.5676671558900478,0.12753052455798575,0.04160048117271033
5078,0.28731503176103396,0.5688056203339199,0.11196722635960422,0.03191212154544142
5079,0.2727225991471604,0.5621071941360357,0.12981069284458696,0.03535951387221703
5080,0.2644268127641996,0.5325700189019398,0.1451401871811314,0.05786298115272914
5081,0.27348850051533413,0.5709695118892125,0.11862369765535899,0.03691828994009521
5082,0.33198971232582913,0.5074641232253952,0.1262749142415536,0.03427125020722191
5083,0.2722391071445334,0.5759690757767789,0.11650096380020125,0.03529085327848735
5084,0.28105150678920665,0.5739643632261968,0.1178644138630885,0.027119716121507535
5085,0.2690718846911526,0.575916424356354,0.11695507607446534,0.03805661487802765
5086,0.2643321050538295,0.5623519756387368,0.13043895925614302,0.0428769600512906
5087,0.2966101848794635,0.5463106767461838,0.12047829587843908,0.03660084249591438
5088,0.2677714109600209,0.5758657903330928,0.11782200343681332,0.03854079527007149
5089,0.2684829010559435,0.5611257506798917,0.1335756616236497,0.036815686640515634
5090,0.26265072302910203,0.562768550292494,0.1303517503253889,0.04422897635301484
5091,0.26876653135310685,0.5705170248056233,0.12111334514278227,0.03960309869848708
5092,0.24985947438034298,0.5784651346771164,0.13444135582078978,0.03723403512175139
5093,0.24176027444815867,0.5936571442221977,0.12940101689598008,0.03518156443366413
5094,0.2773962839958534,0.5708173504973039,0.11306624070315124,0.03872012480369171
5095,0.2791771157523744,0.5630134663415789,0.12438221327518846,0.0334272046308567
5096,0.27108307590167685,0.5564612730569016,0.13063288436278286,0.041822766678638365
5097,0.2920818626846155,0.5051754701090553,0.1482818926535499,0.05446077455277877
5098,0.2586882814610435,0.5683945197851715,0.13455405563424422,0.038363143119540005
5099,0.2646592412021226,0.5587438382555884,0.13384777289593158,0.042749147646356
5100,0.28754670100163265,0.5568018149409553,0.1198422115084901,0.03580927254892144
5101,0.27484027438979974,0.570852143246966,0.11783678421114707,0.03647079815208654
5102,0.2641196675395682,0.568523017658881,0.12996900020316823,0.03738831459838181
5103,0.2736579248243509,0.5511539513751013,0.1324179934806568,0.04277013031989128
5104,0.26479285034234806,0.5667765734324829,0.12763994134084683,0.04079063488432278
5105,0.280739857035644,0.5502185640502951,0.12166773594645927,0.047373842967599784
5106,0.2792101526335746,0.5596527806791541,0.12333390683209,0.037803159855181526
5107,0.2595413990489285,0.5700641077515418,0.12999488793824385,0.040399605261285616
5108,0.26135447072483786,0.5683744377860029,0.1306450136787735,0.0396260778103867
5109,0.27288000506506366,0.5643864056920344,0.12003668658395998,0.042696902658941834
5110,0.26060683418445674,0.5739959554918832,0.12441265158558289,0.04098455873807831
5111,0.28660677826962105,0.510272806369525,0.14007298419808287,0.0630474311627696
5112,0.2550717458856349,0.5730486217378004,0.12624877818537583,0.04563085419118911
5113,0.27201970268284476,0.5562282404418756,0.1342216813011302,0.03753037557414736
5114,0.2602045972250947,0.5636384845118959,0.13447484710778645,0.04168207115522289
5115,0.25554755452068784,0.574658075474929,0.12692236487204822,0.0428720051323349
5116,0.2437597111937842,0.5769878954587174,0.1382477286366341,0.04100466471086425
5117,0.25951645851004645,0.5748588120849625,0.12622820615150837,0.039396523253483175
5118,0.2657066025437296,0.5609723646286365,0.12779458276462696,0.04552645006300684
5119,0.2635407775442953,0.5672533373192057,0.13256740406758494,0.03663848106891371
5120,0.2613327414091485,0.5706305952095968,0.127691940415443,0.04034472296581225
5121,0.27205386013271504,0.563740790643001,0.12208157474887618,0.04212377447540843
5122,0.25461846541461036,0.5507389548681365,0.14062646992358468,0.0540161097936675
5123,0.26045748596347107,0.5701363582574415,0.12583816783976826,0.0435679879393183
5124,0.2711514910976595,0.5485249148310923,0.14065157915899282,0.03967201491225561
5125,0.2613466265838882,0.5703243027265471,0.1259479735245803,0.042381097164984366
5126,0.25908915911000074,0.5668866861115197,0.1333144603500213,0.04070969442845899
5127,0.2650077192470138,0.5615435958028807,0.141440178112231,0.032008506837874845
5128,0.2699956442090508,0.5701624342543061,0.11828328079059991,0.041558640746043214
5129,0.2717431099497855,0.562245103134354,0.12712185604004866,0.03888993087581062
5130,0.27395322086580937,0.5687059146584117,0.11563671949441084,0.041704144981368395
5131,0.29275365436050504,0.5429246783023166,0.12171285738324095,0.042608809953937045
5132,0.27652095791209214,0.5670024732201495,0.11641108861472037,0.040065480253037564
5133,0.25183477343669863,0.5808058725460485,0.13766883273311403,0.029690521284139817
5134,0.25922614099219315,0.5679427892082126,0.12992120208760596,0.04290986771198748
5135,0.26959703916848693,0.5519980105280975,0.1339238590621603,0.04448109124125548
5136,0.25424478114199217,0.5735790398242729,0.12511387546428232,0.04706230356945322
5137,0.25809205353209774,0.5455166849293926,0.14041356176371392,0.055977699774795796
5138,0.26749457932674936,0.5638737546162078,0.13201558605064032,0.03661608000640252
5139,0.2697480365481611,0.5713024239178791,0.11908274874839297,0.039866790785566375
5140,0.27321760175952414,0.5729854045277774,0.11586032286492484,0.037936670847774266
5141,0.2620205999278544,0.5670727676103756,0.12983535239665936,0.04107128006510998
5142,0.2623735851283329,0.5641803744673347,0.13186079425371314,0.04158524615061817
5143,0.26734352624862695,0.5725200126331653,0.13190040512349122,0.02823605599471607
5144,0.2730221057251781,0.5667901901505015,0.12018295001698172,0.0400047541073401
5145,0.2514942118210517,0.5792354785107235,0.13265554793771134,0.03661476173051328
5146,0.2625842693702902,0.5682508251476646,0.12594146617317195,0.04322343930887395
5147,0.25922792834814135,0.5587265966088705,0.130554335615186,0.051491139427802424
5148,0.24033250993587518,0.5855694654831106,0.13276240017556296,0.04133562440545133
5149,0.2688096417450737,0.5723977941735399,0.1289090864766308,0.029883477604754436
5150,0.26404163698663796,0.5636795644088584,0.12767841548756947,0.04460038311693428
5151,0.28023368627250955,0.5536657967274011,0.1306912727631083,0.035409244236981254
5152,0.26262900573677433,0.570496058715003,0.12280616582215856,0.04406876972606473
5153,0.2821161051930218,0.5641448659860562,0.11611487051233745,0.03762415830858218
5154,0.27068685070317783,0.5548535961209365,0.135796229486926,0.03866332368895931
5155,0.28146570329368364,0.557125773708057,0.12055017559440916,0.04085834740385117
5156,0.2547899529160808,0.5687121353508039,0.13099995814826906,0.045497953584845256
5157,0.27853480790704094,0.5634039443560649,0.11887502848718508,0.03918621924970945
5158,0.27336800819861845,0.5611931376034014,0.12708491993073567,0.03835393426724448
5159,0.26374163347986074,0.5745082809731129,0.1262695421745317,0.035480543372496516
5160,0.2798000684272416,0.5645171625836862,0.11766147956987759,0.03802128941919528
5161,0.25868873368332784,0.5697434816871381,0.12861106554857968,0.0429567190809544
5162,0.2583374689463287,0.5712008076845869,0.1301581789210441,0.04030354444804004
5163,0.26745314154316535,0.5659006012338459,0.13000028396039529,0.0366459732625952
5164,0.2585352484642722,0.5705327458841076,0.13115185421481115,0.03978015143680838
5165,0.2532054538664507,0.5805504688873068,0.12377033552931586,0.042473741716926014
5166,0.2692894680858288,0.5714592215949637,0.11987895139941449,0.039372358919794036
5167,0.25569519136233787,0.5622681804130076,0.14056705116050552,0.04146957706414844
5168,0.26866142700839635,0.5617610877148633,0.1269204301214342,0.04265705515530638
5169,0.2560474507007253,0.5369282003484149,0.1464751306627165,0.06054921828814218
5170,0.27764126916103304,0.553223709797363,0.12881773212939499,0.040317288912208864
5171,0.24911334142500166,0.5776625391796508,0.13250013092592933,0.04072398846941845
5172,0.2702111796720085,0.5687652534400758,0.12186485194468401,0.03915871494323186
5173,0.25849325889255353,0.5630059654706516,0.1320884039944857,0.04641237164230845
5174,0.2971906068886651,0.5449649341260703,0.12374593421266537,0.03409852477259911
5175,0.26288037420569976,0.5663089924579895,0.1301703839468473,0.04064024938946292
5176,0.27013500632747534,0.5561673143668922,0.13463967347340525,0.03905800583222737
5177,0.27263005429617704,0.5594656656906273,0.13079643467437083,0.037107845338823726
5178,0.5525785764987908,0.31396177808729214,0.08819091220954017,0.04526873320437637
5179,0.25988697191361504,0.5626027200387235,0.13444660172755007,0.04306370632011196
5180,0.26247011710258183,0.568223221636471,0.12626568850590578,0.043040972755039694
5181,0.40868273437263847,0.4371960050370498,0.12227758050147791,0.03184368008883432
5182,0.263539114303293,0.5714335894597018,0.1255663472523333,0.03946094898467213
5183,0.2639089695204302,0.5758924356868887,0.12283080448260886,0.03736779031007303
5184,0.2639446269845731,0.5606692751155662,0.12376447750223178,0.05162162039762896
5185,0.25426225674237957,0.5808648951971911,0.12657109834826769,0.03830174971216166
5186,0.2715006484922999,0.5712009824535011,0.12105927060936635,0.03623909844483293
5187,0.27751488139595404,0.5791466092108992,0.11305253832945333,0.030285971063692425
5188,0.26494931516484443,0.5783088696672455,0.11793254485948636,0.03880927030842421
5189,0.2375579773690026,0.5817747471648289,0.13941496807222398,0.041252307393943755
5190,0.2719370152943434,0.5601968443903522,0.13109604392970728,0.03677009638559667
5191,0.26863432597821457,0.5645957417165166,0.13165399879671516,0.03511593350855396
5192,0.26256035804275885,0.567874591548105,0.1315069582599688,0.03805809214916741
5193,0.2755941686116291,0.5658403725382871,0.11799947188353002,0.04056598696655388
5194,0.25960079409331005,0.5302019838025824,0.14862567883205907,0.061571543272048994
5195,0.27157540130977026,0.5592613388040321,0.1274592660654177,0.04170399382078025
5196,0.26645915221367905,0.5625745279557728,0.12853384842221136,0.04243247140833806
5197,0.22317459939326767,0.5796833364345012,0.1690381066187679,0.028103957553464665
5198,0.2551027668640881,0.5646017424607478,0.1360241324612034,0.04427135821396011
5199,0.26939072029502215,0.5684314840331263,0.12327074460576888,0.03890705106608215
5200,0.27319429524868255,0.5706969943762082,0.11628859821244376,0.039820112162665865
5201,0.2637357757997529,0.5636498477573019,0.13716094559725714,0.03545343084569016
5202,0.2736095901285365,0.5623607613778997,0.12269537565932488,0.04133427283423715
5203,0.27399685823837494,0.5540569231952857,0.12755583662843714,0.04439038193790304
5204,0.26991342367733057,0.5599098831513171,0.13166362557969194,0.038513067591660254
5205,0.27346362976994953,0.565092997318312,0.11962291324620303,0.041820459665534375
5206,0.26441350623329646,0.5711914007664839,0.13071435588133695,0.033680737118883426
5207,0.2680652454701308,0.5710949633470654,0.12077397009126692,0.040065821091535406
5208,0.26670527496236873,0.5651328895642691,0.12617238110347426,0.04198945436988693
5209,0.27071425308211033,0.5558747071789716,0.1346389716218636,0.03877206811705563
5210,0.2691565976647514,0.570445197711427,0.12094389601707861,0.03945430860674251
5211,0.26304033538688215,0.5651305241727106,0.13541688922895578,0.03641225121145204
5212,0.26472554771989354,0.5774597855207245,0.1198995844293612,0.037915082330020104
5213,0.2701145762810089,0.5716171686087709,0.11814234351500254,0.040125911595217334
5214,0.29154935027923956,0.5271144293801097,0.14300644564820533,0.038329774692444814
5215,0.2743468666296545,0.5705178181191427,0.11988316848527295,0.035252146765930456
5216,0.26822325582452955,0.562292123572806,0.12579733178334684,0.043687288819317396
5217,0.27418444676478027,0.5543010494699818,0.1328145962137246,0.0386999075515137
5218,0.2680787615617312,0.5588941220219328,0.13414753971483526,0.03887957670150015
5219,0.2641600932674308,0.5675115445578556,0.12783355600435173,0.04049480617036182
5220,0.26702003964929694,0.5809565693413045,0.1263078165494378,0.025715574459961667
5221,0.278403246042229,0.5699285384358809,0.11457967943843211,0.037088536083458495
5222,0.2599880411117878,0.5579976063158956,0.1339894815039411,0.04802487106837399
5223,0.27902150315642543,0.5696892025652528,0.11362596167344902,0.03766333260487168
5224,0.27046226853125865,0.5737180102079837,0.11948816910248593,0.036331552158272364
5225,0.26668542454744004,0.5655526532304025,0.1263784661639814,0.04138345605817725
5226,0.2736856903542598,0.563345256492757,0.1229760360188484,0.039993017134134584
5227,0.26931063999116106,0.5706981440209593,0.1203401686140538,0.039651047373825146
5228,0.2362520547707314,0.6051652587103973,0.12341342384236517,0.03516926267650541
5229,0.2728742896325719,0.5725939137498677,0.11657147000961296,0.03796032660794834
5230,0.2653734674774744,0.5697852323273336,0.12406546816055507,0.04077583203463639
5231,0.26566461650902967,0.5712183320354363,0.12121500331907917,0.04190204813645463
5232,0.2746728775627347,0.5591245171604525,0.13270918583148683,0.0334934194453272
5233,0.237139635476868,0.584796094754098,0.13025914557131296,0.04780512419772193
5234,0.26883901913599084,0.5580795522661881,0.13118173430464922,0.041899694293172925
5235,0.39240944261091765,0.5033891422341047,0.08112112432879186,0.023080290826186782
5236,0.27251847709751575,0.5650399499406235,0.12351949471209736,0.03892207824976448
5237,0.2748203923453333,0.5621239393671177,0.12244852162726347,0.04060714666028639
5238,0.27499616863286164,0.5739910737843015,0.11434158884999802,0.036671168732837704
5239,0.25538082364053044,0.5770769663883752,0.1272136207348016,0.040328589236291935
5240,0.2654452928397078,0.5649738816932683,0.1287562000758313,0.040824625391193796
5241,0.2353633333113997,0.5836893800173134,0.13881697378631697,0.042130312884970295
5242,0.2603874519544844,0.5666721491696929,0.12818283748502354,0.044757561390798686
5243,0.2628944876833932,0.5525007271469622,0.13527060945971997,0.04933417570992462
5244,0.250974406294579,0.5657266352587723,0.14412985372151507,0.03916910472513348
5245,0.263731289126028,0.5654156169257882,0.12839103507756836,0.04246205887061672
5246,0.2752112721053117,0.5672344313159352,0.11731760849738956,0.040236688081363034
5247,0.27246177303817054,0.5713609442697111,0.11784105178019993,0.03833623091191722
5248,0.24319586674363713,0.5727445454118815,0.13123144844876589,0.052828139395715866
5249,0.2691494680068219,0.5575741946765146,0.13351457169944503,0.039761765617218364
5250,0.2672531158716397,0.56073743350622,0.13246116383801043,0.03954828678413093
5251,0.268996165204139,0.5543655983668235,0.1376740909049438,0.03896414552409319
5252,0.48564892548708244,0.3946826016802821,0.09558442889935286,0.02408404393328229
5253,0.2511443235926039,0.5869573488610269,0.12842769430520642,0.033470633241162714
5254,0.26069431021824974,0.581552485254918,0.12685115246521667,0.03090205206161791
5255,0.2707704495591548,0.5694817364672163,0.12092586698573618,0.038821946987891195
5256,0.26850349935978357,0.559560218663366,0.13360186021079254,0.03833442176605807
5257,0.2792073579057331,0.5628499052878672,0.1191951340215594,0.03874760278484125
5258,0.2350514388061,0.5851458918649044,0.137421020930152,0.04238164839884277
5259,0.2589443864787935,0.5822847679911763,0.12000490629460867,0.038765939235421445
5260,0.27317072872923026,0.5570945009927446,0.12872883149057565,0.041005938787449056
5261,0.272223684870042,0.5562542311602201,0.12492524105932802,0.04659684291040779
5262,0.25427144714955185,0.5610956976885123,0.14412995180561186,0.04050290335632364
5263,0.26027111795906444,0.5735634574412546,0.12164211305288283,0.04452331154679762
5264,0.27414638671558006,0.565679828797752,0.11970892566647337,0.040464858820194335
5265,0.26183319664766813,0.5634050372046024,0.13378201834966216,0.04097974779806795
5266,0.26732232039321263,0.5664021494869882,0.12519624311883187,0.041079287000968884
5267,0.25508268895871256,0.5772155425037054,0.12895103217602374,0.03875073636155823
5268,0.27342030216842,0.5496380826616803,0.13546344715980987,0.041478168010090535
5269,0.2698632669903761,0.5606498400314615,0.12530648607811196,0.044180406900050824
5270,0.261805085215156,0.5697691170872619,0.12811307630058724,0.040312721396993295
5271,0.2689187037479621,0.5562331505645023,0.13356986978290147,0.04127827590463535
5272,0.26456469868857646,0.5601630691004734,0.1323633743391871,0.04290885787176238
5273,0.2684083882845565,0.5621029662175917,0.13115315683082882,0.03833548866702239
5274,0.27189503261337794,0.5555118244840047,0.1352200772128551,0.037373065689760364
5275,0.26931138664472487,0.5609342754989253,0.1352744979291371,0.03447983992721371
5276,0.28100927080127136,0.5660387615332977,0.11702285836049685,0.035929109304934814
5277,0.2664098280128,0.5675735871657425,0.12372713326302431,0.042289451558433146
5278,0.25886682271631045,0.5507899812942185,0.13820294031854596,0.05214025567092527
5279,0.2646924155005525,0.5589304895806482,0.13343366394723666,0.04294343097156192
5280,0.276351525505845,0.5579511461130592,0.1260492170725012,0.03964811130859456
5281,0.26241446436268673,0.5634261580090489,0.1320796673636024,0.04207971026466253
5282,0.27316999614222653,0.5714900381252873,0.1169113373359555,0.038428628396530634
5283,0.2647709465722185,0.5677098526879955,0.12641875704439087,0.041100443695394666
5284,0.27090098279234637,0.5590346697675096,0.1254590462381635,0.04460530120198016
5285,0.23412238601439944,0.6046614433614292,0.11896412486083525,0.04225204576333593
5286,0.2509131543520411,0.5687738094405637,0.13154706733836213,0.04876596886903268
5287,0.2658082072037715,0.561408163290946,0.13051727209865366,0.042266357406629214
5288,0.25889772186380083,0.5618071142125395,0.13307682113353694,0.04621834279012253
5289,0.24269306892784376,0.5928272973672435,0.12510277977101616,0.03937685393389657
5290,0.25678493010730613,0.5718321849124933,0.13074668334901735,0.04063620163118187
5291,0.2704290414624745,0.5692835513991047,0.12261822189072066,0.03766918524769981
5292,0.2867243455238365,0.5514998811129156,0.12899853325644414,0.03277724010680477
5293,0.28611930541145986,0.5580783918977504,0.1230797702658101,0.03272253242498147
5294,0.2706937466967588,0.5655845769551092,0.12373096962308587,0.039990706725045864
5295,0.4521947273070919,0.42137153692501744,0.09175832160130482,0.03467541416658613
5296,0.2706456826759049,0.5670837910212793,0.1224162473535545,0.03985427894926131
5297,0.26769700158788123,0.5728630592538024,0.12019050664004427,0.039249432518272086
5298,0.27117394173317844,0.5693245959381775,0.12033868852080513,0.03916277380783881
5299,0.2713198302682552,0.5707515987307225,0.11797073695191318,0.03995783404910937
5300,0.2650339003917901,0.5680217353569166,0.12564003057887682,0.04130433367241647
5301,0.25851982061603945,0.5701250202513434,0.12956998483443388,0.041785174298183556
5302,0.2716416811320554,0.5682533426744275,0.12150066395593404,0.038604312237582775
5303,0.2568575308690095,0.5655496319286148,0.1345579651203496,0.04303487208202558
5304,0.26402457182840744,0.5688669543581758,0.12648467883841064,0.04062379497500786
5305,0.25799216861921,0.5800884475947552,0.12341800316501077,0.03850138062102459
5306,0.27699981887613234,0.5665856169269753,0.11675680120193682,0.039657762994956276
5307,0.2590767539654111,0.5717420200498949,0.12889213309766823,0.04028909288702512
5308,0.2547644070549472,0.5827199062780396,0.12897390407062778,0.033541782596385045
5309,0.2536141476140292,0.5833826337009947,0.1310910975195824,0.031912121165395164
5310,0.27560141736147853,0.5655567970812273,0.11859252214949757,0.04024926340779758
5311,0.3305206218434402,0.5224417494034416,0.1126919922478537,0.03434563650526481
5312,0.27470002599502646,0.5628084128844373,0.11996081614530638,0.04253074497522958
5313,0.2683653636031373,0.5766995394812593,0.11717973617129698,0.03775536074430686
5314,0.26312664329141294,0.5478368023467028,0.1369886696941866,0.0520478846676966
5315,0.24339271188272177,0.5843766871682986,0.12798014851601597,0.044250452432963
5316,0.27029291631989927,0.5692306672706069,0.11960349720419325,0.040872919205299334
5317,0.26422770928961375,0.5735957695307453,0.12263987600904706,0.03953664517059378
5318,0.26318221350512155,0.5694556840787586,0.12777196537960733,0.03959013703651233
5319,0.2588016971864539,0.5633853593478895,0.12718722284265738,0.05062572062300026
5320,0.27135184293164305,0.5648315780432963,0.12086595829454173,0.042950620730518155
5321,0.26185065152265175,0.578146446556198,0.11766793151038585,0.04233497041076545
5322,0.26422569521642075,0.565812005672374,0.12870662324882873,0.04125567586237797
5323,0.26514878085699684,0.5704418253009669,0.13505930934300542,0.029350084499031377
5324,0.27214520001155185,0.5567808060141011,0.13030950806655275,0.040764485907794655
5325,0.20681076099355458,0.5575660416333039,0.15516041846234968,0.08046277891079238
5326,0.26049526179038685,0.564694175777231,0.14251068354909835,0.032299878883284186
5327,0.2635560861503936,0.5706830821011304,0.12923364279537838,0.036527188953098345
5328,0.2754351959552133,0.5512203918557274,0.1348312607849358,0.03851315140412493
5329,0.2657768414435623,0.5840976672297116,0.12716636517229174,0.022959126154434153
5330,0.26402865810075554,0.5705773666553946,0.12511112493120943,0.04028285031263921
5331,0.2673509453455128,0.5744450113825245,0.11780214484046798,0.040401898431494096
5332,0.25608344770322605,0.5672806764050631,0.1339747826774077,0.042661093214302094
5333,0.25545100459851033,0.5636414382434107,0.13340166749113383,0.04750588966694443
5334,0.25633547287210423,0.567023272544427,0.1334567974887031,0.043184457094764275
5335,0.2499254163437346,0.5619070821895928,0.14027004156581813,0.047897459900854034
5336,0.2644222939145204,0.5762088690318953,0.12960337571301508,0.02976546134056967
5337,0.27455141595093363,0.5654090374494252,0.1220583653816604,0.03798118121797948
5338,0.2622442884543933,0.5786211670177638,0.12110385998031664,0.03803068454752727
5339,0.24993388046471052,0.5699356804090937,0.13896547841533116,0.04116496071086545
5340,0.2506492148558198,0.5765807498758792,0.13217741999689192,0.040592615271407693
5341,0.2654882873368587,0.5731894206930178,0.12388857121807245,0.03743372075205221
5342,0.27159569807578704,0.570843386520993,0.11804135904530559,0.039519556357914244
5343,0.26324974325539147,0.5673353451906076,0.12706847629176415,0.0423464352622376
5344,0.27242784865486175,0.5577401290948854,0.13311676232740424,0.03671525992284634
5345,0.252081050945897,0.5771507938840029,0.1285540652071353,0.042214089962964614
5346,0.27295087024351766,0.5574418231002752,0.13394554660179042,0.035661760054415834
5347,0.26347718368965706,0.5651164190133351,0.12858094429736064,0.042825452999647524
5348,0.26007903722774356,0.5625041549083021,0.1330435193269088,0.04437328853704512
5349,0.28175103210627306,0.5635708022341432,0.11759772610023975,0.03708043955934489
5350,0.2671998474910098,0.5652206989126561,0.13017544863250777,0.03740400496382689
5351,0.2771710903943743,0.5620671343947753,0.1199949277085328,0.040766847502317294
5352,0.25952852960292555,0.5785701525062945,0.13139021717627702,0.03051110071450339
5353,0.26278466308052967,0.5679618092901895,0.12624646767083728,0.0430070599584443
5354,0.2536063756069745,0.5736991944110671,0.12951320349915954,0.0431812264827996
5355,0.2607713893993142,0.5582856957511676,0.1343240760085172,0.04661883884100071
5356,0.2552994043570977,0.57390761647582,0.1303144784518022,0.04047850071528122
5357,0.25103881115119697,0.580834296985117,0.12923821911165437,0.03888867275203183
5358,0.2602967323573651,0.5685371184012019,0.1295886135434797,0.04157753569795481
5359,0.2564920448014574,0.5737790839177648,0.12698104426856402,0.04274782701221413
5360,0.2620728373520323,0.5615905442317063,0.13391661891520384,0.04241999950105743
5361,0.2801126017126494,0.5537357511871432,0.1255230183244189,0.04062862877578829
5362,0.3127046440633952,0.5205406639570186,0.1262192380585893,0.04053545392099638
5363,0.27220207517945477,0.5710925060969627,0.11732123126802188,0.039384187455561305
5364,0.49154761599862407,0.38645612240405774,0.09432482778113745,0.02767143381617924
5365,0.3032873092538718,0.48991576835403594,0.14639098869650538,0.060405933695586896
5366,0.27575749246128806,0.5604541458844516,0.12087380623207598,0.042914555422182955
5367,0.26292109967151334,0.56061259230442,0.1321946591081135,0.04427164891595414
5368,0.2723499888733436,0.5593131268384359,0.12800741188019205,0.040329472408028505
5369,0.26182180098497737,0.5628313923542142,0.13066320007393387,0.0446836065868736
5370,0.29596906364336134,0.5419901468843484,0.1250545525592926,0.036986236912998176
5371,0.271826724755525,0.5581735665315476,0.13433324771518376,0.03566646099774299
5372,0.2717503173881181,0.5247177346118186,0.1520069257714846,0.05152502222857946
5373,0.2944188891180328,0.5655373919439848,0.10596159212373168,0.03408212681425177
5374,0.27499729481463187,0.5672332482217978,0.11922513744794425,0.038544319515626986
5375,0.2745396342055131,0.564353202854717,0.12651127801622677,0.03459588492354353
5376,0.27133055727295546,0.5720243574470633,0.11871746307672562,0.037927622203254574
5377,0.24786193944792229,0.5799063831315436,0.1286124356628439,0.04361924175768893
5378,0.2501897314241337,0.5731678733381343,0.1345090092537252,0.042133385984006594
5379,0.2774150460849991,0.5634160656096824,0.11905400438722641,0.04011488391809084
5380,0.26456789412678394,0.5607147818099499,0.14032364472485587,0.0343936793384103
5381,0.27805309803001593,0.570164328865504,0.11533924159031894,0.03644333151416055
5382,0.27374727860321796,0.5738357082433152,0.11538967602472784,0.03702733712874026
5383,0.2723271064657427,0.5652554363886516,0.1293905828438051,0.03302687430179982
5384,0.2664097807620308,0.5722077026317179,0.12167010128099724,0.03971241532525557
5385,0.2684335748948545,0.5803236741459208,0.115963526311974,0.035279224647251375
5386,0.257487094979499,0.5715768079613127,0.1281212050552626,0.04281489200392514
5387,0.26295053471354163,0.5717174535405725,0.12355036106472181,0.04178165068116399
5388,0.25982907889638757,0.5618452884448377,0.13584957362779784,0.04247605903097735
5389,0.2615283927657994,0.5555643409680562,0.1327901950661872,0.05011707119995783
5390,0.2568079545880836,0.5665392257890288,0.135587984685723,0.04106483493716443
5391,0.22546782898930678,0.5706613631459501,0.13893136730021344,0.06493944056453038
5392,0.2703901149579339,0.5653028879961705,0.1221722930696848,0.04213470397621062
5393,0.26798290933866437,0.557921408660021,0.1337430503825331,0.04035263161878267
5394,0.2685829570544533,0.5671287398872917,0.12152454907190922,0.04276375398634668
5395,0.2813808534926519,0.5405149765666589,0.13306244124138386,0.045041728699304846
5396,0.2718690703867364,0.5701178971608255,0.11746587750991914,0.04054715494251992
5397,0.27887644848856025,0.5644964348668299,0.11908589305264865,0.03754122359195984
5398,0.29051681183342476,0.5415677413413494,0.12781481783223406,0.04010062899299181
5399,0.2608465592414995,0.5653620636958484,0.12955127217095735,0.04424010489169423
5400,0.2737899560693023,0.5674681324248031,0.11909888519811561,0.03964302630777845
5401,0.2658477397673916,0.5689647958371659,0.1219429688516071,0.04324449554383448
5402,0.2717492910051573,0.5711626559371504,0.11860536000989995,0.038482693047792414
5403,0.25957864841287454,0.5702845735722327,0.1313708783686051,0.038765899646288876
5404,0.2627185139570391,0.5687037813681898,0.1311539265923674,0.037423778082403165
5405,0.2680027818419197,0.5699643477138979,0.12696958253407226,0.03506328791011051
5406,0.2715250345030663,0.5687157979698809,0.12072456845296538,0.03903459907408658
5407,0.2661009755667996,0.5686848398410281,0.1309177551882639,0.03429642940390886
5408,0.26505004118947506,0.5703723080564822,0.1244965295174872,0.04008112123655433
5409,0.2792868901030154,0.5590929813035598,0.12137154052673747,0.04024858806668739
5410,0.2677243167772959,0.5792369897756661,0.11790087211353116,0.035137821333506
5411,0.2623046448369563,0.5677442106433728,0.13136971708047987,0.0385814274391917
5412,0.24399573111382764,0.5771574259195693,0.1327511136613281,0.046095729305274634
5413,0.253043051062054,0.5819410737608499,0.13045058830359496,0.034565286873501244
5414,0.2633041654008738,0.5623359906980879,0.13490430553539443,0.03945553836564518
5415,0.2632484257211394,0.5617038006434705,0.1313261306912564,0.04372164294413393
5416,0.25874110747207896,0.5591627425648317,0.13620460508967033,0.045891544873419676
5417,0.2724250197957715,0.5623395161652525,0.12161833895539813,0.04361712508357732
5418,0.3012097227175467,0.5423020064467851,0.11877403125357455,0.03771423958209385
5419,0.2803921301922766,0.5624522994107934,0.12162726110840696,0.035528309288524546
5420,0.2662629582797022,0.5669725043907913,0.12789804442337274,0.038866492906134
5421,0.3079106936440555,0.498426588060237,0.13573583107015394,0.057926887225554155
5422,0.27394815381266713,0.5712933227964664,0.11739162829815683,0.03736689509270872
5423,0.25689814876172945,0.5786423803644533,0.1269855653719085,0.03747390550190838
5424,0.25903425632931915,0.5663775892631067,0.13346030078184792,0.04112785362572706
5425,0.26588431890884684,0.5822969148963629,0.11446974412710456,0.03734902206768495
5426,0.2686661742840029,0.5693613959660587,0.12218849077076029,0.039783938979179034
5427,0.272993111195772,0.5734376508873456,0.1153894998955798,0.03817973802130212
5428,0.2718054806601976,0.5684939011270715,0.12174911122300712,0.03795150698972283
5429,0.2655137357234002,0.559733272248196,0.13674556614526998,0.03800742588313447
5430,0.3901504157686585,0.4763533422893948,0.1031893054673328,0.030306936474613782
5431,0.2583053172975456,0.5682870436423655,0.13651917605493952,0.03688846300514906
5432,0.2780605305068896,0.5690538386128068,0.11414777272232363,0.038737858157980476
5433,0.25523403618996576,0.5697729500817081,0.13575404659359708,0.03923896713472926
5434,0.2608572663386158,0.5468768877751569,0.14078080852977456,0.05148503735645296
5435,0.2652615253114295,0.5566314677153497,0.13251931314745327,0.04558769382576668
5436,0.27479370290529653,0.57127501431795,0.11442968482582287,0.03950159795093083
5437,0.26388216858240465,0.5631406196059504,0.13209978919966092,0.040877422611983565
5438,0.2527503070558201,0.5679986573078901,0.13808908553969718,0.04116195009659187
5439,0.27383235652076293,0.5696485549010611,0.11841769335748356,0.03810139522069204
5440,0.2730692894572097,0.5684769256480188,0.11785026283028675,0.040603522064484615
5441,0.2647672110417335,0.5618458784497976,0.12897486373150036,0.044412046776968805
5442,0.25795470060492504,0.5726602925880003,0.13065856082770666,0.03872644597936506
5443,0.2715386786558536,0.5708777762092256,0.11718658479278174,0.04039696034213821
5444,0.2777032304104014,0.566257098768046,0.11609363781605422,0.03994603300549917
5445,0.27747593756298794,0.5620951632060458,0.11890361234257121,0.041525286888394644
5446,0.2655820237192671,0.5686185256573322,0.13028101315258392,0.03551843747081543
5447,0.2621591021147168,0.5668108071949406,0.1301597860611498,0.04087030462919121
5448,0.2515171794329674,0.5725108076666467,0.12919944301481162,0.04677256988557494
5449,0.2588235194911399,0.5755912674166411,0.12374694887160084,0.041838264220617684
5450,0.2555520804970689,0.5807775230451285,0.11975303351695894,0.04391736294084368
5451,0.2399251069540245,0.5466016720911978,0.1628397179380142,0.0506335030167639
5452,0.26538550313164555,0.5692062483190221,0.1233465180659496,0.042061730483382166
5453,0.278121649469503,0.5647295594413244,0.1171711709210779,0.0399776201680946
5454,0.26603283105588404,0.5653271258621084,0.1304864127461436,0.03815363033586255
5455,0.26524464304697004,0.5583879526433198,0.13806800430587912,0.03829940000383225
5456,0.2646846272880882,0.5610886943022368,0.12947080353010426,0.044755874879572055
5457,0.2647276742941586,0.5699391494656214,0.12837758217282663,0.03695559406739343
5458,0.26486155592465926,0.5572689180965318,0.1397068759472958,0.03816265003151408
5459,0.26854600038611626,0.5728186478506876,0.1209048926724003,0.0377304590907958
5460,0.2577708311575007,0.5780764261146413,0.1274059781134925,0.036746764614364734
5461,0.27175649246682415,0.5717230618370092,0.11770937740303965,0.038811068293128394
5462,0.25608736454067077,0.5693067993950943,0.1335342512765784,0.04107158478765812
5463,0.2654735877124793,0.575963629048394,0.12162462004422435,0.03693816319490274
5464,0.24304548864799166,0.5891725216469613,0.129888604442435,0.03789338526261114
5465,0.2654737923041499,0.569667175658033,0.1292265170840735,0.035632514953744296
5466,0.3155923683980504,0.5194205146578502,0.14156630824182098,0.02342080870227812
5467,0.27368964366822923,0.5656859426616869,0.12277390901554881,0.03785050465453502
5468,0.2620157944865865,0.5715541567382684,0.12605484897115427,0.040375199803990014
5469,0.2597213153888217,0.5785645676122655,0.12256646323953937,0.039147653759373034
5470,0.25661660865858127,0.5696639009439863,0.1332607913384074,0.04045869905902564
5471,0.2737820628612426,0.565428966586563,0.1205583370433955,0.04023063350879938
5472,0.268227230850035,0.556381511346767,0.13622291062573394,0.03916834717746424
5473,0.262053630419238,0.568530109723126,0.13015282036932285,0.03926343948831334
5474,0.2611593706039946,0.5674543723099652,0.1305337167622819,0.040852540323759116
5475,0.26659373748004533,0.5632534472852253,0.13162563684232237,0.038527178392407664
5476,0.2670089418582591,0.5730267515526336,0.11858793164781978,0.041376374941288506
5477,0.26528994150532265,0.5589678331871134,0.1301253042098774,0.045616921097687314
5478,0.2594211164437645,0.5734254754889245,0.13030013318371925,0.03685327488359077
5479,0.2723458709806704,0.5460081444883289,0.1431824447654191,0.03846353976557938
5480,0.2685176667903496,0.5641389754728956,0.12477175766250667,0.042571600074248483
5481,0.2374602375613192,0.5908885724054888,0.13243043281926029,0.03922075721393334
5482,0.26274333258017946,0.5772808895008427,0.11954990279747733,0.04042587512149866
5483,0.2516368266869561,0.5701405563019836,0.13892479077816808,0.03929782623289115
5484,0.2759316681758498,0.5689949323998574,0.11827224980021754,0.03680114962407581
5485,0.2748500408702511,0.564488338257998,0.12077576363273,0.039885857239021515
5486,0.25755583597948256,0.5680164981497776,0.13230069294970986,0.042126972921030334
5487,0.2602969103447945,0.5556833761666373,0.1392384771777835,0.044781236310784
5488,0.27359255460529996,0.5730671434626077,0.11692683422409211,0.0364134677080004
5489,0.2632828844938023,0.5657911517447765,0.13571988586765008,0.03520607789377172
5490,0.2658151860327357,0.5689480167389588,0.12073975790520124,0.04449703932310436
5491,0.2685325416768298,0.5626936526021606,0.12683836045301966,0.04193544526798824
5492,0.26307002275751207,0.5586817206099702,0.1401656407810963,0.03808261585142045
5493,0.2611022840930754,0.5693172141043066,0.12876152318728287,0.040818978615336725
5494,0.265807768940825,0.5460148761440686,0.138031661097752,0.05014569381735426
5495,0.26882581755040375,0.5598519085553648,0.1345272565588908,0.03679501733533992
5496,0.2686435116228797,0.5750568337879928,0.11838904064878009,0.0379106139403474
5497,0.2713937607420379,0.5729322623136945,0.11693398628716306,0.03873999065710419
5498,0.25808259021599045,0.5763233737657687,0.1265292708136925,0.03906476520454811
5499,0.26952002253249147,0.5645685063350988,0.1284711943967134,0.03744027673569492
5500,0.27670143629789795,0.5597971567515856,0.12086270338857165,0.04263870356194459
5501,0.273103298762188,0.5619889244495834,0.12647738522591098,0.03843039156231796
5502,0.2770365236470375,0.5689616930245904,0.11568628593387269,0.03831549739449861
5503,0.2720229440850665,0.5715462532212002,0.11651133645012614,0.03991946624360711
5504,0.26159794530013325,0.5646864666962086,0.13295563035289906,0.040759957650759
5505,0.2620749640438105,0.5721978288442816,0.12833301521459858,0.037394191897310344
5506,0.25748554297703813,0.569272575884452,0.13853434475936802,0.034707536379142846
5507,0.23029002189026795,0.5860292334106371,0.13966469093262682,0.04401605376646903
5508,0.27214658741962533,0.5530251413896137,0.13765913890102047,0.03716913228974105
5509,0.2568012264965724,0.5660462587341946,0.1337980837203525,0.043354431048878754
5510,0.27511238380239267,0.5670790146810051,0.11621596710730654,0.0415926344092968
5511,0.26092507032112905,0.5648438833391662,0.13418191579148056,0.04004913054822245
5512,0.2611776934257856,0.5681267648169109,0.12826054085314756,0.042435000904156917
5513,0.27114297685757166,0.5554750324414297,0.13398497241509552,0.039397018285901676
5514,0.27365679994833836,0.5703980702174675,0.11785152799981494,0.038093601834379535
5515,0.27610359355851744,0.5684561879511434,0.11822319052443869,0.037217027965899624
5516,0.2585660719772458,0.5529532063802115,0.13640951212851368,0.052071209514029285
5517,0.2706277559543459,0.5578354279337007,0.13403536879806413,0.0375014473138895
5518,0.2783767677835746,0.5529448146113735,0.1251126897639658,0.043565727841084444
5519,0.27645409771581014,0.5649304159755463,0.11786734734654437,0.0407481389620992
5520,0.2745928131933297,0.5696777948985243,0.11735068651976846,0.038378705388377746
5521,0.2596791074767827,0.5648110528177748,0.14444577741667067,0.03106406228877289
5522,0.3452555726637726,0.46513956794930456,0.15241993695245143,0.03718492243447206
5523,0.2709978147749071,0.5610624991779019,0.13217997800632195,0.03575970804086865
5524,0.2626717156414758,0.5649050258030698,0.1374063348377793,0.035016923717674155
5525,0.25916597980605793,0.5731164364534709,0.12866720511958096,0.03905037862088977
5526,0.26479320739231976,0.5730786546966418,0.12195035473080124,0.04017778318023913
5527,0.27078946432778633,0.5663320550666755,0.11988676176717757,0.042991718838359234
5528,0.26756848651295934,0.5639519908941889,0.1308265474745347,0.03765297511831629
5529,0.2559659312082467,0.5686521329914231,0.12908129928465054,0.046300636515679526
5530,0.2590478613751396,0.5663743731056173,0.13207543722357828,0.04250232829566442
5531,0.27507791851986546,0.5515549046861278,0.13374837811669638,0.03961879867731096
5532,0.26983468191002696,0.5659019003243032,0.12216317163090214,0.042100246134766525
5533,0.2685145755398485,0.5735288333878197,0.12480004559878759,0.033156545473544484
5534,0.29358261683527026,0.5494054146341997,0.12131167309091985,0.03570029543960991
5535,0.2701278538601071,0.562104311034875,0.1307518511690225,0.03701598393599647
5536,0.25255515434841225,0.571051649367542,0.13395703137166995,0.04243616491237556
5537,0.27728051657729114,0.5713508640496512,0.11524027787734914,0.036128341495709315
5538,0.3517430449431394,0.5097866844290191,0.11009899936733493,0.02837127126050559
5539,0.2616074594078154,0.5666090411112542,0.13029520349273863,0.041488295988192085
5540,0.27309216429598243,0.5710675791965948,0.11581106270191104,0.04002919380551198
5541,0.2657737094354374,0.5644413688092189,0.1295894382659603,0.04019548348938342
5542,0.2597006414768686,0.5699760411279408,0.1313474132159766,0.03897590417921326
5543,0.567359225594917,0.3404437082648809,0.07462523037717156,0.017571835763030487
5544,0.26293291729419016,0.567960966429837,0.12897644697215904,0.040129669303814224
5545,0.2681391706779227,0.5595531351149559,0.1326229303453129,0.039684763861808456
5546,0.31869972892679366,0.5263203710338745,0.11175753867971136,0.04322236135962127
5547,0.26274070701457597,0.5715346766140208,0.1258353485576286,0.03988926781377512
5548,0.26077370348367745,0.5635030156099146,0.13555109535013696,0.040172185556271424
5549,0.268859921710125,0.5716526966079036,0.12023059480112001,0.039256786880851456
5550,0.2699115743506489,0.5561789699716659,0.1345975499921182,0.039311905685567125
5551,0.2545575678143506,0.5750208510689236,0.13055775350828627,0.039863827608440816
5552,0.27247646309183216,0.5720781346610915,0.11851715286048325,0.036928249386594066
5553,0.25452783554378255,0.5847910626353835,0.13146849241173467,0.029212609409098075
5554,0.2767090950064657,0.565151625208084,0.11864818260611006,0.039491097179340906
5555,0.2724569907015637,0.5647723029499604,0.12123919847797503,0.04153150787050071
5556,0.2626921832874427,0.579871035302225,0.11680780935762393,0.04062897205270829
5557,0.2685571861943289,0.5683750061384619,0.12263728052032197,0.04043052714688805
5558,0.25280125289791017,0.5644105612746672,0.13755033140659106,0.045237854420830316
5559,0.2713154439967891,0.5637521693058231,0.1221571568449299,0.042775229852456714
5560,0.2702838083627073,0.5747902687695559,0.1157798888455666,0.03914603402217084
5561,0.27066914979313567,0.5611029931729629,0.13405398389172737,0.034173873142174724
5562,0.27535607510421317,0.5727273870387306,0.11446412332551537,0.03745241453154038
5563,0.28177000794077733,0.5578157828979966,0.12759072784734435,0.03282348131388142
5564,0.26234540509635174,0.5667003529436571,0.13090854113519265,0.04004570082479634
5565,0.26196713791281667,0.5645690966389189,0.1354401918705724,0.03802357357769185
5566,0.270690975677201,0.5654577377126873,0.12297218573857392,0.04087910087153747
5567,0.27251751954395037,0.5620828825537222,0.12250878555200281,0.04289081235032432
5568,0.27380244819578786,0.5798599719691363,0.11080067244482796,0.03553690739024776
5569,0.2718256050606724,0.5672318376865967,0.11978219606507703,0.04116036118765463
5570,0.2771932844485735,0.5619713665709158,0.12091584280531016,0.03991950617520077
5571,0.2631823044471813,0.5688812507824981,0.12656812418392008,0.04136832058639833
5572,0.2685490707194635,0.5717956308978922,0.1181176273929037,0.04153767098974035
5573,0.2799506698869283,0.5643462340251085,0.11555303108595985,0.04015006500200298
5574,0.26654407042424705,0.5604886802923505,0.1278445412356062,0.045122708047796244
5575,0.2706967049298869,0.5556275502495209,0.1369331468986321,0.036742597921959545
5576,0.2698438602018126,0.5634040656519573,0.12339717673889287,0.04335489740733634
5577,0.25483737687187336,0.5772019060414215,0.1270725688320577,0.04088814825464791
5578,0.2845043494761448,0.5663462104923013,0.11276873877441695,0.03638070125713703
5579,0.2544775595089603,0.5723354748130384,0.12963149862541154,0.04355546705258825
5580,0.2629858038088211,0.5589987321827944,0.13132502609372795,0.04669043791465651
5581,0.27088925703473776,0.5703787428769964,0.1197863578536986,0.038945642234567736
5582,0.3084274573473914,0.5374931028217544,0.11918959565775762,0.034889844173096804
5583,0.2550835428859786,0.5614420627310184,0.13988581661156196,0.04358857777144172
5584,0.2560594094567652,0.5724817208455664,0.13257697694704906,0.038881892750618624
5585,0.26839126078395226,0.5714929198535588,0.11928805395431391,0.04082776540817406
5586,0.26242613572527485,0.5567603428704441,0.14164687462240064,0.03916664678187977
5587,0.2619104504291195,0.5630128052755039,0.13196553595033067,0.04311120834504592
5588,0.25298871887095964,0.5763459420952718,0.1274875610062346,0.043177778027533656
5589,0.2824572408829989,0.5491655111468395,0.12776907521408912,0.04060817275607459
5590,0.25307652333944725,0.5935602403960711,0.12262117033896237,0.03074206592551982
5591,0.27084148158528887,0.575213473960534,0.11717360227950811,0.03677144217466945
5592,0.2565674494495313,0.5779654554360918,0.130232337428031,0.03523475768634647
5593,0.2703701739575642,0.5679107221914383,0.12092639171964233,0.04079271213135483
5594,0.2645541933985499,0.5666667330451539,0.12739057031476309,0.041388503241532426
5595,0.2903637696557758,0.5447115599226692,0.12043774596849348,0.04448692445306159
5596,0.2606076391270715,0.5670761035233328,0.12911910666322537,0.043197150686369555
5597,0.27664369221116164,0.5751385359875721,0.11331989832198394,0.03489787347928347
5598,0.27294634231957543,0.5682155485080077,0.11822789035808735,0.04061021881432965
5599,0.2764226391751701,0.5593433086399486,0.12169485916788335,0.04253919301699677
5600,0.26839428980843455,0.5800072586508619,0.11446254922723431,0.037135902313470165
5601,0.2722514331391249,0.5704576080798136,0.11820051216110125,0.039090446619959855
5602,0.27939895552646793,0.5693432773151724,0.11785116194804554,0.03340660521031325
5603,0.2751678276312622,0.5639765223382085,0.12033900955640371,0.04051664047412412
5604,0.254203658400994,0.5804723884747658,0.12523061783107572,0.04009333529316488
5605,0.27414844272061256,0.5723794340114206,0.11749591984285579,0.03597620342511259
5606,0.24944009322087582,0.5801987220175615,0.13013536855188984,0.04022581620967055
5607,0.2660058566767355,0.5656871070321342,0.13578831264971258,0.03251872364141826
5608,0.25648826699787114,0.5693627245743912,0.1311331516142145,0.04301585681352562
5609,0.2661270124207986,0.5547092676992011,0.13287590988767872,0.04628780999231992
5610,0.3156788895331969,0.5239292822826391,0.12755517047748338,0.03283665770668215
5611,0.25661473121248,0.5680179519777107,0.13290009123479235,0.04246722557501708
5612,0.2535669698991241,0.577265907069056,0.12509084808755697,0.044076274944265005
5613,0.2668458513240648,0.5650494930674429,0.13016643584268175,0.03793821976580927
5614,0.2724959454993745,0.5643526672134546,0.1295097145929008,0.03364167269426993
5615,0.27760594605368183,0.5673009164170066,0.11589038379998574,0.03920275372932754
5616,0.28283183408489004,0.5688340349291735,0.1149221585758213,0.0334119724101154
5617,0.26237057396069,0.5620835864125249,0.13147009487663125,0.04407574475015303
5618,0.2631146125910872,0.5631891197196166,0.1349514110686442,0.03874485662065081
5619,0.27207995867559764,0.5553339444622947,0.1366258512489048,0.03596024561320399
5620,0.26268445547375496,0.5678055373093658,0.12811858285904923,0.04139142435782905
5621,0.27768353698199444,0.568205728743698,0.11520025912631424,0.03891047514799281
5622,0.272695177482247,0.5635463098585948,0.1301231541527627,0.033635358506396255
5623,0.2708770781816814,0.5599268426412346,0.13198340272845746,0.03721267644862605
5624,0.23434224458388542,0.5722980312569756,0.1518476407612424,0.0415120833978965
5625,0.2689299843192523,0.5692765363539735,0.12036063863730577,0.041432840689470105
5626,0.2563668531617934,0.5776637501520113,0.12809324920603085,0.0378761474801645
5627,0.30360748839381113,0.5242281820104373,0.1312485810088528,0.04091574858690005
5628,0.26834333704668406,0.5687723411324834,0.13192818230348505,0.030956139517348363
5629,0.26511327522643946,0.568063075325481,0.13009702546811722,0.03672662397996244
5630,0.26164462898174684,0.5617246093086609,0.1321561049091936,0.04447465680039941
5631,0.2693457707846949,0.5553168848012909,0.1368061671748951,0.038531177239118856
5632,0.264574349477884,0.5769458643715922,0.1211324495106077,0.037347336639915546
5633,0.27001646728419565,0.5776194474544681,0.1144060013103575,0.03795808395097836
5634,0.27103867435868856,0.556158369081119,0.13423332153885492,0.038569635021337256
5635,0.26250744314209884,0.5689053739795324,0.12635304334519978,0.042234139533170366
5636,0.2617131886649203,0.5735509792517078,0.12639161556527104,0.03834421651810028
5637,0.2763138438130011,0.5643558395193943,0.11991325347281384,0.03941706319479035
5638,0.2586629199672125,0.566452805307048,0.13079589404272127,0.04408838068301879
5639,0.2693272818512767,0.559764220022392,0.13023688287408414,0.04067161525224816
5640,0.2603347239798785,0.5790835485549166,0.12764273163312675,0.03293899583207754
5641,0.2629813244918675,0.5782314449713059,0.12561587221622653,0.03317135832059991
5642,0.2585943633395533,0.5662707103794825,0.1378477865540967,0.037287139726867514
5643,0.25802166696013096,0.5731990142023552,0.1258942830860114,0.042885035751504694
5644,0.2669351366632991,0.5638731892262172,0.12619778060744352,0.04299389350304021
5645,0.27158975026687604,0.574987251443408,0.11500889927637294,0.03841409901334335
5646,0.28177227268240873,0.5615733197244672,0.12443865537917247,0.03221575221395212
5647,0.2603495963686931,0.5702011952500128,0.1284138852321414,0.04103532314915218
5648,0.26411354557795735,0.5532635908981872,0.13430916485810784,0.04831369866574658
5649,0.28158371068732296,0.5607491881361619,0.11751585528595858,0.040151245890557005
5650,0.25762916878730496,0.5898277600520145,0.12117733671858025,0.031365734442100536
5651,0.24913246971864816,0.5777582133572161,0.13000617353715038,0.043103143386984386
5652,0.25190628492035866,0.5635072114719439,0.13879375222626333,0.04579275138143472
5653,0.2699889905547122,0.563809626646043,0.12274171414504809,0.04345966865419723
5654,0.24628055193037288,0.5794374538684821,0.13158324554762413,0.04269874865352065
5655,0.2837802540908116,0.5781879382663923,0.11499930422463986,0.02303250341815647
5656,0.27378884222693556,0.5664217707149337,0.11973224386628782,0.040057143191841116
5657,0.2603922298332221,0.5697332913236134,0.1329125898041619,0.036961889039000974
5658,0.266186463952788,0.5733139170402671,0.1201914514375677,0.04030816756937742
5659,0.27395348935317,0.5677290397590096,0.11675267206870824,0.04156479881911206
5660,0.28043286274098184,0.5491052452001552,0.1342501586161789,0.036211733442684246
5661,0.28066658519276366,0.5462924446818237,0.13432663928937913,0.03871433083603334
5662,0.27215817430065886,0.5615250154846327,0.1278285349995202,0.038488275215189126
5663,0.26584502505461954,0.5633538634855966,0.12806896178603844,0.042732149673745806
5664,0.2604816345399659,0.5765901538548108,0.1262063137735003,0.0367218978317237
5665,0.2550503169431686,0.5744772722552783,0.12786168121709193,0.042610729584460834
5666,0.2753610881745475,0.5695189054830587,0.11512942464150284,0.03999058170089179
5667,0.2665242482716296,0.5623196144292993,0.12560531761353058,0.04555081968554061
5668,0.26430699627187,0.5646554009301142,0.1301015631102533,0.040936039687762736
5669,0.27704656719156423,0.5668441973044375,0.11489086407178997,0.04121837143220881
5670,0.2612515521965908,0.5802859608527247,0.11851683557606697,0.03994565137461637
5671,0.26779588347146543,0.567927786029422,0.1272603201692651,0.037016010329848026
5672,0.2770749327774265,0.5627837896612393,0.11824373998640081,0.04189753757493359
5673,0.28000246563651804,0.5604998170434519,0.11842166528707616,0.041076052032953794
5674,0.26060108362595885,0.5626883133718142,0.13515005993902277,0.04156054306320652
5675,0.2583921513703306,0.5689065936780061,0.13483161337738,0.037869641574283554
5676,0.271058009537495,0.5679538280659934,0.11835612660613128,0.04263203579038044
5677,0.2506603477277915,0.5806642225645524,0.12847446584308217,0.04020096386457249
5678,0.26289070093615474,0.5584762777653187,0.1382013708281357,0.04043165047039142
5679,0.25714116743840804,0.5750001285405376,0.1291462597056458,0.03871244431540982
5680,0.27243559353208546,0.5674730259123081,0.11921607018409319,0.04087531037151422
5681,0.2641539737832324,0.5731847345057488,0.12506398598261592,0.0375973057284022
5682,0.4799836700349252,0.34856148598788517,0.13815397731173928,0.033300866665448736
5683,0.2765365698569318,0.5520314985328193,0.13613079900151245,0.0353011326087375
5684,0.2683256627354987,0.5570480201732259,0.13772301421790206,0.03690330287337384
5685,0.2555054894198147,0.5804973896552988,0.12579456836615227,0.03820255255873279
5686,0.2689778449133574,0.573538725802316,0.1161435485420669,0.0413398807422593
5687,0.27281947504149445,0.567171453734382,0.12036547195361619,0.03964359927050656
5688,0.2794461089637197,0.5654389475119901,0.11726640079253724,0.037848542731752755
5689,0.2621883162916152,0.5624707830788178,0.13616103909633667,0.03917986153323094
5690,0.2751925365699776,0.5588605626163322,0.12328805837453112,0.04265884243915889
5691,0.27445859291260183,0.5677942483896375,0.11840913003740271,0.03933802866035789
5692,0.24796964254763523,0.5701058366833358,0.13237325561016047,0.04955126515886825
5693,0.27309862968311915,0.5765341225741007,0.11437948385942692,0.035987763883352925
5694,0.33107699396306406,0.5289649707145877,0.11767930239391161,0.022278732928436903
5695,0.2677057508443241,0.557694493824016,0.12682646336466427,0.04777329196699568
5696,0.26025753990148015,0.5566944890530571,0.13512785933278929,0.047920111712673685
5697,0.2594081438791672,0.5667490800274256,0.1319782507347864,0.04186452535861977
5698,0.2640376220265475,0.5655341076683452,0.12873010102637522,0.041698169278731774
5699,0.26476484839682957,0.5790212598574217,0.11782714549719894,0.03838674624854986
5700,0.2667217640246171,0.5616071924433159,0.13217017842858417,0.03950086510348098
5701,0.2584948924820893,0.5669353056672296,0.13244221966429628,0.04212758218638349
5702,0.24724738916686467,0.5580931511237779,0.15286286462593546,0.04179659508342119
5703,0.26891411954793093,0.5669641622006613,0.12616457212649115,0.03795714612491699
5704,0.2748295551160356,0.5673179447196187,0.11784844819021743,0.04000405197412924
5705,0.26910649372993234,0.5584823344612352,0.1357918951455713,0.03661927666326079
5706,0.2709515028217432,0.5661181018138222,0.12220911558972566,0.04072127977470862
5707,0.26276655233714513,0.5722380281437993,0.12455002509808467,0.04044539442097043
5708,0.2559934512726291,0.5710722596281541,0.13044935555982767,0.04248493353938909
5709,0.25376244663125463,0.5757273310581982,0.12998466129945682,0.040525561011089624
5710,0.2740501570641462,0.5624643882098063,0.13009351903474076,0.03339193569130729
5711,0.2592122318574302,0.571402758130485,0.12817106045242174,0.04121394955966088
5712,0.2667500534056259,0.5633365130944574,0.13107213842658244,0.038841295073335426
5713,0.2717404900183686,0.5669173396391678,0.1211983372249458,0.04014383311751764
5714,0.27066821079864833,0.5619386061868548,0.13219659614820595,0.035196586866292234
5715,0.2636317969124128,0.5646439983704998,0.13019421029154726,0.04152999442553971
5716,0.2487280529531706,0.5717094605629758,0.13743929614453007,0.04212319033932325
5717,0.2692622703117869,0.5665906289641237,0.12153827387628904,0.04260882684780035
5718,0.25552651987419644,0.5658835973768206,0.14163574808881918,0.036954134660165096
5719,0.2387714311121075,0.5802715286041916,0.14045155012039867,0.04050549016330009
5720,0.27178521428038016,0.5737516596678188,0.11798612841157374,0.036476997640226515
5721,0.2707691485412197,0.5585283604642597,0.1329846183572379,0.03771787263728305
5722,0.26545540807871754,0.5626541658443955,0.13354615822341284,0.0383442678534739
5723,0.25998572712070106,0.5580538373846771,0.13077405788206092,0.0511863776125603
5724,0.26089832431487864,0.5702048720831653,0.1314954916825653,0.0374013119193905
5725,0.26955025811134453,0.569547964256664,0.12003340488554404,0.040868372746445426
5726,0.2635042381233645,0.5668956946148012,0.13123659317167466,0.03836347409015893
5727,0.2626868477880167,0.572567586781585,0.12824468002435677,0.036500885406041274
5728,0.2617576474736957,0.5716434293897356,0.1251258029387564,0.041473120197812435
5729,0.2592956007182278,0.5741662758819432,0.1271795138728065,0.039358609527022956
5730,0.26910604429953927,0.5785007164603018,0.12821224374884252,0.024180995491317317
5731,0.27678411239112233,0.5625788000791593,0.12053070179062383,0.040106385739096244
5732,0.2990687707428461,0.5499475299602445,0.1260925262153105,0.024891173081598345
5733,0.2712393877906353,0.5584418975769316,0.13350140978393885,0.03681730484849222
5734,0.2652341706788578,0.570591551381199,0.12870420226697704,0.03547007567296649
5735,0.25890277929719996,0.5637732471839713,0.12934336938966742,0.047980604129162455
5736,0.26987518018463347,0.5740257378097219,0.11716392729009159,0.038935154715554844
5737,0.2588204591163721,0.5649895948368973,0.13478301843067583,0.041406927616054814
5738,0.25730110744625484,0.5808510159974105,0.12867273023883957,0.033175146317496754
5739,0.26281409460851224,0.5650045734203435,0.13174050501798562,0.04044082695315888
5740,0.26026470772232946,0.5698823801509417,0.1283338805758991,0.04151903155083008
5741,0.284463180988481,0.524132522045177,0.14655554084896452,0.0448487561173772
5742,0.2768542204195239,0.5428682564575994,0.13899145660027143,0.04128606652260453
5743,0.26136870918530186,0.5644332366887501,0.13194208547663464,0.04225596864931445
5744,0.2581197913440125,0.571581798834102,0.12993318994577133,0.0403652198761141
5745,0.2630492709085935,0.5680014620323118,0.1299580846964647,0.03899118236262994
5746,0.266687779827267,0.5586492830946265,0.14608010001791497,0.028582837060191293
5747,0.25733888253002885,0.5676520565474359,0.13021641034484172,0.044792650577693806
5748,0.2689035887154961,0.5655680450038009,0.12326945968313599,0.04225890659756666
5749,0.2816350129838078,0.5454167593484852,0.14396617543684262,0.028982052230863836
5750,0.26462812441215827,0.5701292361566578,0.12817293552721953,0.037069703903964475
5751,0.2632836723359466,0.5666299046351112,0.1332024078867474,0.03688401514219511
5752,0.2531726754195038,0.562082046476906,0.14525160960261357,0.03949366850097498
5753,0.2724784671749516,0.5652708801829749,0.12195462492088191,0.040296027721194366
5754,0.26598221361618984,0.5621451565985263,0.13023989200361835,0.04163273778166613
5755,0.2706766208482546,0.558211939084693,0.13237210688169718,0.038739333185355836
5756,0.27590949139518967,0.5628891557185915,0.11921133853939699,0.04199001434682159
5757,0.264686402290359,0.5650211456442648,0.12907112048411082,0.04122133158126523
5758,0.24569742771687425,0.5662352578577264,0.14263343936531744,0.04543387506008094
5759,0.27001227452293924,0.5595639311357834,0.1325118151844616,0.03791197915681599
5760,0.27222713522544634,0.5673017762498028,0.12038914299101826,0.04008194553373046
5761,0.2739084392985943,0.5663646164846705,0.12637826100786506,0.03334868320886992
5762,0.24199609003151312,0.5838995530565539,0.1440564263207447,0.030047930591189348
5763,0.2682594711447811,0.5676894759754502,0.12158191185831278,0.04246914102145529
5764,0.26120776115531635,0.5715339769264254,0.12745323813725182,0.03980502378100836
5765,0.27454018691676096,0.5636352416469645,0.12073708421511575,0.04108748722115742
5766,0.2559294093367981,0.5765236495651517,0.1275758218119219,0.0399711192861288
5767,0.2734080159004518,0.5684730313933761,0.1186516870243281,0.03946726568184459
5768,0.2576904708479997,0.5708505896511085,0.12961651528925766,0.041842424211633686
5769,0.2598373479104084,0.5531253791403102,0.13684896395891655,0.05018830899036398
5770,0.25324376400220383,0.5718038417671394,0.13457547430341107,0.04037691992724528
5771,0.359329596687279,0.4446698347217511,0.13114704410828137,0.06485352448268764
5772,0.26415206396745755,0.5779168888410822,0.12297236719594701,0.034958679995513366
5773,0.26717297601653184,0.5743600600779136,0.11697009289760278,0.04149687100795025
5774,0.25427040653697014,0.5644259255211211,0.13645066928987776,0.04485299865203148
5775,0.2642656932864896,0.5628905679783941,0.13324346554908972,0.03960027318602646
5776,0.28069805304415707,0.5468307666256618,0.13158373988352703,0.04088744044665404
5777,0.2776106259886372,0.5501334934388068,0.14203580930236556,0.03022007127018922
5778,0.21785338780074567,0.5821758852698138,0.14102961202927655,0.058941114900162926
5779,0.27009172571448964,0.5637274539374508,0.12686462833881088,0.039316192009249476
5780,0.2661724596465865,0.5825381576624665,0.11889386936795883,0.032395513322987034
5781,0.2663380336545112,0.5620803153570352,0.13372974381509856,0.03785190717335668
5782,0.2517960003124988,0.5778718239250837,0.127994331298406,0.04233784446401189
5783,0.2647310054260716,0.5620836236429135,0.13172931552941614,0.04145605540159844
5784,0.2736635972231313,0.5594833965335023,0.13082050725719555,0.036032498986170176
5785,0.27918772552525156,0.5655550630733394,0.11657459696462151,0.03868261443678869
5786,0.25703655700435557,0.5672866005234897,0.13217098707078187,0.04350585540137079
5787,0.2882008002299313,0.5418942821700171,0.13086438871551231,0.039040528884538316
5788,0.2539734072415025,0.5826526604624174,0.12494390305563972,0.03843002924043961
5789,0.28204383438618935,0.543444797887522,0.13337148686907055,0.041139880857218286
5790,0.27296292629769775,0.5733592770893027,0.11808219014607566,0.03559560646692459
5791,0.26540136290625377,0.5692567115517805,0.12740798595344677,0.03793393958851946
5792,0.28298812733525275,0.5507338363790673,0.12858687543062602,0.037691160855053966
5793,0.2642587277165165,0.5661621376679442,0.12960577463701578,0.039973359978524
5794,0.28060754083229805,0.5562036682819136,0.12188583076672638,0.041302960119062884
5795,0.40890546651948895,0.4547026627681494,0.1070504108615708,0.02934145985079031
5796,0.26886490436010896,0.5636447017053294,0.1302695932550751,0.03722080067948673
5797,0.283080152696301,0.5548583852059799,0.12067425940778446,0.0413872026899342
5798,0.26223775372421515,0.5620945956505512,0.1318748746645325,0.043792775960699866
5799,0.2629596291651067,0.5666845056832509,0.13185588314359845,0.03849998200804466
5800,0.2695348302738042,0.5675191639855652,0.12461979038353285,0.03832621535709824
5801,0.2652612372401424,0.5626646158635715,0.13389644650258054,0.038177700393705875
5802,0.278547845355746,0.5635989932015368,0.11979583401343247,0.03805732742928403
5803,0.2734710025970375,0.5628726275386535,0.12147288200111357,0.04218348786319437
5804,0.2889050917044302,0.5132787876420019,0.13695721261790914,0.060858908035658285
5805,0.2511743798806567,0.5767324897862911,0.13007485359726853,0.042018276735783795
5806,0.2797997676011748,0.5458269058347197,0.12482901764455441,0.04954430891955187
5807,0.26043250723806466,0.55764915773016,0.14567456061427508,0.03624377441749963
5808,0.26913562149143483,0.5680353361685386,0.12018858373673835,0.04264045860328957
5809,0.26542913745435237,0.5636432107150785,0.13253138935813008,0.038396262472439276
5810,0.27970053940952105,0.5670811378202816,0.1338566260351541,0.019361696735043066
5811,0.2751229228157332,0.5693529720895137,0.12063546356311854,0.034888641531634165
5812,0.2754333895166107,0.5561432976343467,0.13412740608163393,0.0342959067674081
5813,0.2590174584943375,0.5742476214227468,0.12525095055064614,0.041483969532270584
5814,0.2776976298371321,0.5627834101566748,0.11810278001400974,0.04141617999218519
5815,0.27687667473640887,0.5625831269783879,0.12019477101104496,0.040345427274157006
5816,0.29093497895012377,0.5427732357607998,0.13215767697964118,0.034134108309436424
5817,0.27583903214347255,0.564984969531949,0.11885701473775251,0.04031898358682661
5818,0.2592279128363108,0.5677310516956969,0.13179093221265784,0.04125010325533329
5819,0.24859277422640488,0.5881532558418091,0.11724928504438704,0.04600468488740014
5820,0.2661621079376892,0.5622807272062164,0.13142820349461656,0.04012896136147799
5821,0.2338463645137782,0.5865254198753796,0.1361972265347005,0.043430989076140784
5822,0.2703771491996203,0.5645697172429748,0.12286602444999689,0.042187109107407465
5823,0.25937120571847727,0.5676431576334129,0.13139222085012836,0.04159341579798166
5824,0.2711006367935013,0.5587852773460217,0.13224652481488797,0.03786756104558945
5825,0.259514302401731,0.5798332729932091,0.1224342132649408,0.03821821134012038
5826,0.2589013558155906,0.5660771841739245,0.13249515266255943,0.04252630734792536
5827,0.2643670989273985,0.5634983107159781,0.12883757332935214,0.043297017027271914
5828,0.27498852114294065,0.5631520612022259,0.12016216659362136,0.04169725106121065
5829,0.2691475069815112,0.5609981442175109,0.13313191012287587,0.03672243867810183
5830,0.2580976365018676,0.5624408589432496,0.13550022007639273,0.04396128447849062
5831,0.2658386199381446,0.5695186248575219,0.12370703657348725,0.04093571863084355
5832,0.2701093628883831,0.5601721144235123,0.13160046688871005,0.03811805579939349
5833,0.2591908648306627,0.5697365455717046,0.12920128429553945,0.041871305302093556
5834,0.29706730621168803,0.5378781822117952,0.13069188217991973,0.034362629396597524
5835,0.2584434286648439,0.5777079397577694,0.1265600562753695,0.03728857530201599
5836,0.2673279284538644,0.5653545930329679,0.130378393871192,0.03693908464197612
5837,0.2683096082847688,0.5699024028457761,0.12606499836918128,0.03572299050027582
5838,0.2911806153749186,0.5461375930190642,0.12018364752987447,0.04249814407614272
5839,0.2615424308341492,0.5675116722418737,0.12839175755455964,0.04255413936941875
5840,0.27774664071714056,0.5552801815531774,0.13151523499481807,0.035457942734864425
5841,0.26517684679397113,0.5654294207545723,0.12684717687757424,0.042546555573882025
5842,0.2701694393244465,0.5732224563797621,0.1180163349438467,0.038591769351945
5843,0.2566447833106543,0.572266855998498,0.13046289897163826,0.04062546171920855
5844,0.25970731648484446,0.5741611292451914,0.1253640067569626,0.040767547513002114
5845,0.27702597495556186,0.5556524571517337,0.1323520120478936,0.03496955584481141
5846,0.2717786625777179,0.5674215858342948,0.12039230861100275,0.04040744297698552
5847,0.26906472584710295,0.5653118095227059,0.12839152452007258,0.03723194011011867
5848,0.2741186044216389,0.5691255216260964,0.12393587775950417,0.032819996192760735
5849,0.27534837534472784,0.5613515879152017,0.12955612493066263,0.033743911809408854
5850,0.2566200262356312,0.5732954845056895,0.12800445238851202,0.042080036870166995
5851,0.268688063511968,0.567393044725678,0.12345365805469835,0.04046523370765701
5852,0.2663187187378406,0.558775087660029,0.13820674148440018,0.03669945211773013
5853,0.27694863390274627,0.5623683685555115,0.12110690727951186,0.03957609026223048
5854,0.2595775971846436,0.567595104241963,0.12867273391435385,0.044154564659038956
5855,0.2715420834986983,0.5703739845596414,0.1212439240108718,0.03684000793078777
5856,0.27422800968322686,0.55326125369193,0.13382287139631208,0.03868786522853181
5857,0.2772101953974123,0.5673558257700227,0.11873327178769594,0.03670070704486838
5858,0.2556460071088758,0.5684608807593914,0.134308633646647,0.04158447848508642
5859,0.27034078411877094,0.5678251105849524,0.12012363271557695,0.04171047258070046
5860,0.27070552968416745,0.5737884259949823,0.11668717998891955,0.038818864331930644
5861,0.26877338275579155,0.5690599310640422,0.12484009602876536,0.03732659015140022
5862,0.2900627283484649,0.5658834100016827,0.11449983644063519,0.029554025209218075
5863,0.25541276289738,0.565155616956422,0.13340464561038484,0.04602697453581439
5864,0.2557667691440425,0.5754070385732596,0.12801373598153554,0.040812456301163064
5865,0.28550253812932014,0.5574090963606766,0.11913770912251724,0.037950656387486695
5866,0.27101463017170035,0.5710892862856947,0.11749345201191597,0.04040263153069087
5867,0.25880171698033344,0.565713428986892,0.13096584054736365,0.04451901348541044
5868,0.2599364973992279,0.5632769837690975,0.13272746635439783,0.044059052477277136
5869,0.2883906319807917,0.530376134818692,0.13630912855039384,0.044924104650122185
5870,0.28241147478481116,0.5547406946931355,0.12021910835425709,0.04262872216779706
5871,0.2590211718970488,0.5721117193922274,0.1295811337422432,0.03928597496848008
5872,0.2680792603832285,0.5658915253924048,0.1291057491387668,0.036923465085598677
5873,0.2794195986378289,0.5645931567879899,0.1185060904539557,0.03748115412022579
5874,0.27642944044239315,0.5683701535293443,0.11518502828568128,0.04001537774258295
5875,0.25320403487959464,0.5718753491108458,0.1352892302371859,0.03963138577237322
5876,0.24886301157790625,0.581759439334154,0.124840011552392,0.044537537535548725
5877,0.25475404180092454,0.5682578116136529,0.1335876561864969,0.04340049039892586
5878,0.2732359557750943,0.5651519386532623,0.12307849079397057,0.0385336147776728
5879,0.26062027189924813,0.5737635667182355,0.12837375204925752,0.03724240933325913
5880,0.2603881573251277,0.5626732259093541,0.1361911455091546,0.04074747125636436
5881,0.2556011152977231,0.5784519919657752,0.1292765505879395,0.036670342148561706
5882,0.274106048609369,0.5601787097560585,0.12219849464755479,0.04351674698701806
5883,0.27853111455799134,0.5605013279216263,0.12104571869040687,0.03992183882997725
5884,0.2837448860389369,0.5621688437455175,0.12440583519785749,0.02968043501768856
5885,0.2547105806339517,0.5664108088440838,0.13604950869728202,0.04282910182468205
5886,0.27553721611850945,0.5759356135476551,0.11195803349335032,0.03656913684048563
5887,0.25469599921989455,0.5747833626818054,0.12678924560898852,0.0437313924893108
5888,0.2843920672565122,0.5568930817340967,0.1258602167023334,0.032854634307057
5889,0.26585917949844456,0.5535898808479051,0.13425604501305066,0.04629489464060048
5890,0.26925422694892875,0.5665872442874345,0.1296370276222078,0.03452150114142896
5891,0.2370101143198438,0.5748840606195021,0.14137834349370032,0.046727481566954235
5892,0.27474045418330945,0.5623639834285886,0.12328960490994695,0.03960595747815505
5893,0.26543098020306266,0.56382290165461,0.13142451125968316,0.03932160688264261
5894,0.2783788248939105,0.5642335506890682,0.1190899378113774,0.03829768660564423
5895,0.25772677147098927,0.5687832706135744,0.14864361135766072,0.02484634655777569
5896,0.26484332548715134,0.5662983878572885,0.12439320981718027,0.04446507683837982
5897,0.2758643502475106,0.5651688105837122,0.1210431713042891,0.03792366786448679
5898,0.26184190603429075,0.5567723775094333,0.14245684397323324,0.038928872483041915
5899,0.2665001758756399,0.5636508051409718,0.1268165667746873,0.04303245220870113
5900,0.2765518318325615,0.5623654062348401,0.12081844421852841,0.04026431771407024
5901,0.2518160983905239,0.5730143701030634,0.1367476418524633,0.038421889653948466
5902,0.27627035071968,0.5628593601801202,0.12296231127472125,0.03790797782547818
5903,0.28705899082378056,0.5624090700494392,0.11476401572609923,0.03576792340068157
5904,0.27397080261690415,0.5673967006463453,0.11809059900501058,0.04054189773174012
5905,0.2690959792254116,0.5620457754158922,0.1305592259514139,0.03829901940728132
5906,0.2832327131840696,0.5484275072031848,0.12826605833520544,0.040073721277539096
5907,0.2778504996327695,0.5653700558239975,0.11703328008768743,0.03974616445554653
5908,0.2635593924629598,0.5659727019910813,0.12938900250687504,0.04107890303908282
5909,0.2596827741856363,0.5785051488522573,0.12424163251291993,0.03757044444918675
5910,0.26201108617006713,0.5611525208167829,0.13122378751511649,0.04561260549803538
5911,0.26935051571663254,0.5627649042159155,0.12985182729437292,0.03803275277307978
5912,0.2577221096918458,0.5677758369865269,0.1323369677518753,0.0421650855697518
5913,0.2682791968092302,0.5661879115662388,0.12216958848445668,0.04336330314007471
5914,0.27026900810336174,0.5559834268698032,0.13685752787715275,0.03689003714968225
5915,0.26383289776453483,0.5696466124041468,0.12503661989159512,0.0414838699397246
5916,0.27591933702799476,0.567453596567047,0.1172829544824434,0.039344111922514996
5917,0.2514709302796125,0.5864871054774086,0.12431599438969287,0.03772596985328584
5918,0.26238556405863667,0.5447249513259983,0.1449931307902336,0.04789635382513283
5919,0.23470790714515863,0.5655328612893347,0.14930344891128022,0.05045578265422732
5920,0.26033436164786217,0.5588549137890672,0.143342498879757,0.037468225683314156
5921,0.26266580711633936,0.5683588986145324,0.13024040017269378,0.03873489409643572
5922,0.2668390152267521,0.5615462777320622,0.14095179644731035,0.030662910593874722
5923,0.2541907795850077,0.5622452203118044,0.1400049475142604,0.0435590525889272
5924,0.26497162147027553,0.5640496024898382,0.13142108229353483,0.039557693746352124
5925,0.27169251896412233,0.5593679747983885,0.13073389472399333,0.03820561151349513
5926,0.28560235347562773,0.526543223977873,0.14071076465543345,0.04714365789106451
5927,0.2618410518507988,0.5581177618708377,0.14735314635917796,0.03268803991918564
5928,0.26874798182213944,0.5715596809839385,0.12052179355472152,0.03917054363920074
5929,0.2602433672240567,0.5653167965784531,0.1334869923481389,0.04095284384934918
5930,0.2751132085555641,0.5661775351650465,0.11885582508603815,0.03985343119335088
5931,0.24972666708016278,0.5740903105034872,0.13963856566552976,0.03654445675082095
5932,0.2572963734097775,0.5688824781625765,0.1277938493918087,0.04602729903583743
5933,0.27126455367247865,0.5726108678183996,0.11618032443178453,0.039944254077338176
5934,0.2626726958075185,0.5690996846249137,0.13019198604789559,0.03803563351967099
5935,0.2625539681966802,0.5767247597881315,0.12861785958144117,0.03210341243374707
5936,0.26625194178801176,0.5637977219674166,0.12958553748768917,0.04036479875688329
5937,0.2717478633680574,0.5550286266869057,0.13540796354559725,0.03781554639943947
5938,0.2708764782399297,0.5553783373178923,0.13592170681692892,0.037823477625248035
5939,0.2629591329415414,0.5654816163630333,0.12942573739993746,0.04213351329548823
5940,0.26652577430874425,0.5699129206811399,0.12852555528696089,0.035035749723155464
5941,0.2587434806590098,0.5761493622168795,0.12826646303981828,0.03684069408429363
5942,0.2712280038084877,0.5560962598863567,0.13405721992311107,0.03861851638204296
5943,0.268681388663983,0.559488453862717,0.1339775104212848,0.037852647052015645
5944,0.2586358347864718,0.5775641379971536,0.12283075657975472,0.04096927063661972
5945,0.249532267396423,0.5972425582477956,0.12130748359506319,0.03191769076071622
5946,0.2666694864326781,0.575462503090181,0.11913167209509479,0.038736338382045966
5947,0.27043994985786535,0.5640422865274913,0.1301196238243046,0.03539813979033843
5948,0.26498713302965576,0.5721478040458985,0.12921852126928732,0.033646541655157416
5949,0.24424005402380533,0.5867952883613248,0.12842154812287662,0.0405431094919939
5950,0.2732775130209098,0.5636621039594133,0.12164768626880923,0.04141269675086805
5951,0.27362525940461974,0.5709048223694345,0.11732904898248048,0.038140869243466234
5952,0.2769870044965539,0.5652637634625226,0.11826047433770216,0.039488757703221744
5953,0.2582966542842498,0.5708426236360795,0.12945904375988926,0.041401678319782184
5954,0.2671396223525659,0.575085821328111,0.11767701223576552,0.04009754408355813
5955,0.271473058365954,0.559499658722086,0.13121113265291207,0.037816150259047165
5956,0.25553120564910403,0.5682678685133519,0.13242131252884948,0.04377961330869433
5957,0.2774764889023938,0.5637728099990797,0.12079215259294834,0.03795854850557878
5958,0.2718121035883828,0.5555021950487827,0.1344377484662232,0.03824795289661061
5959,0.26101901197762917,0.5666078124939423,0.12882668701586303,0.04354648851256485
5960,0.25005752123822844,0.5888914823579404,0.1209943748115357,0.04005662159229616
5961,0.27516532843210495,0.5643062117926231,0.12232244287705417,0.03820601689821668
5962,0.26603401073206506,0.5682510165621656,0.14044899337300204,0.02526597933276742
5963,0.26680852524911,0.5606703577152959,0.13342059590271566,0.03910052113287874
5964,0.2615097823926865,0.5752750175561107,0.12145345916009731,0.04176174089110463
5965,0.2535604040937065,0.5861343148794268,0.12481039656891336,0.03549488445795206
5966,0.2739110237094495,0.5682588664395446,0.11679255425784468,0.04103755559316169
5967,0.26184295170982813,0.5612491299657569,0.13753642175170155,0.0393714965727132
5968,0.2637930902463395,0.5779284589611806,0.12186738272359272,0.03641106806888864
5969,0.2721852509147249,0.5618567071816771,0.13360043515382625,0.032357606749771124
5970,0.27535093482413986,0.5661881038483297,0.12688618880287167,0.03157477252465748
5971,0.2695663978316638,0.5731584149217258,0.12422176411162912,0.0330534231349817
5972,0.2735662076168755,0.5642666877108594,0.12245404282930038,0.039713061842965
5973,0.26453741697672256,0.578853153776135,0.11872763104029262,0.037881798206850385
5974,0.23685212923931634,0.5984147199682593,0.12714884665440163,0.037584304138023446
5975,0.2681507837048551,0.5693133479457518,0.12652877573831972,0.03600709261107186
5976,0.26952779198987836,0.5639909066135413,0.12695026042321697,0.03953104097336333
5977,0.26316864089470077,0.5767296248822962,0.11972732422681613,0.04037440999618746
5978,0.27440115782378005,0.5643136932063967,0.11991369949475786,0.04137144947506608
5979,0.26147405822564157,0.5609979237456143,0.13465508961646264,0.042872928412282005
5980,0.27337972756866047,0.5654350680663432,0.11901139942116211,0.04217380494383415
5981,0.2645989022167536,0.561904752890282,0.13021849062859275,0.04327785426437156
5982,0.25892147265548704,0.5695946976755154,0.12864625611735328,0.0428375735516441
5983,0.2751942811692973,0.5639703781130868,0.11836171972643342,0.04247362099118167
5984,0.2665820826711678,0.5741110524758225,0.12095406015798241,0.03835280469502668
5985,0.2670500707839649,0.5608485355819709,0.13373598319730887,0.03836541043675464
5986,0.2644401751161192,0.5563006126930288,0.1335182028857092,0.045741009305142424
5987,0.2643856669365643,0.558373749355705,0.13102622260832536,0.046214361099404314
5988,0.27508010459842325,0.5693037653670727,0.1176978505880632,0.037918279446440696
5989,0.24753242278260718,0.5827029198219144,0.13063830952664626,0.03912634786883184
5990,0.26274218878108274,0.5684023665244746,0.1256371313450258,0.04321831334941683
5991,0.26452565032961345,0.5636885318249147,0.12905795420633676,0.04272786363913461
5992,0.27729721304491634,0.5711504217270035,0.11444538759007251,0.03710697763800761
5993,0.2875169076045978,0.5526142715274257,0.12220316447710294,0.03766565639087305
5994,0.2672684343626034,0.5716981344233597,0.12134277272818607,0.03969065848584964
5995,0.25488492331837115,0.5784275820868618,0.12770804781710404,0.038979446777661256
5996,0.26413723745650003,0.5695501940783263,0.12934444329791533,0.036968125167259606
5997,0.27830414870676984,0.5732385338184415,0.11220741166272757,0.036249905812062236
5998,0.2507474359149523,0.517332779468819,0.15334380366808073,0.07857598094814904
5999,0.16161104026038356,0.6465535109631724,0.1312010671292552,0.06063438164719054
6000,0.2665852256930833,0.559760998473272,0.1280839838340453,0.04556979199959965
6001,0.2818310264543963,0.5614155864525168,0.11596103201323543,0.040792355079852724
6002,0.2714937203134536,0.5662852288690476,0.1226014961422938,0.03961955467520471
6003,0.2566063657703243,0.5697676979087819,0.12979013984909246,0.04383579647180113
6004,0.26262956254674835,0.5600191390169856,0.13470886312097244,0.04264243531529296
6005,0.2627311072108908,0.5616986737004865,0.1355357065267377,0.04003451256188478
6006,0.25344418031843546,0.57290870586939,0.1307336574679336,0.042913456344240666
6007,0.25486681176732806,0.5618035000093412,0.13364922551860367,0.049680462704727577
6008,0.27453055212243516,0.5707759565818079,0.11665789488438039,0.0380355964113754
6009,0.3441251627517062,0.4956188545331225,0.11942466760782655,0.04083131510734421
6010,0.266452035180895,0.5639728387064298,0.1303042168031608,0.039270909309514684
6011,0.26733787418454885,0.5590815534978478,0.13287040785939466,0.04071016445820755
6012,0.2582985218886101,0.5694640413971169,0.12705183820789043,0.04518559850638193
6013,0.23472376407081333,0.5243538869496027,0.16616650869030122,0.07475584028928232
6014,0.26514759613850014,0.5712479219810788,0.12440711551575134,0.039197366364669785
6015,0.26667950232631066,0.5688490316586715,0.1276456097005568,0.03682585631446018
6016,0.2658048583676699,0.5676832755964509,0.12949522783606288,0.037016638199816085
6017,0.2711782472869467,0.5652344659417732,0.1226425456260029,0.04094474114527758
6018,0.26086566190722993,0.5712344664404748,0.1286943148782041,0.03920555677409128
6019,0.2650025282633207,0.567483332417445,0.12710686718137434,0.0404072721378589
6020,0.27503667501712054,0.5679357334460008,0.11653049970432153,0.040497091832556904
6021,0.2681353746082326,0.5725337735327878,0.12155747955508336,0.03777337230389477
6022,0.2832843594604005,0.5424452423157503,0.12731836330285662,0.04695203492099352
6023,0.2550008260269607,0.5741268048176479,0.12794649483646997,0.04292587431892114
6024,0.2620310038960854,0.5616963035451991,0.13268845044591954,0.04358424211279498
6025,0.2538878656115331,0.5783325594262209,0.12757718109355057,0.0402023938686956
6026,0.26537683459401945,0.5639939033802263,0.1282448168842437,0.04238444514150995
6027,0.2597232274889157,0.5739988311052443,0.12663391688051748,0.039644024525322494
6028,0.2733187120820147,0.5727189979846712,0.11569488305330428,0.038267406880010124
6029,0.2424866648674836,0.5820016403346833,0.13623672887307228,0.03927496592476027
6030,0.33330320411230546,0.5091018425443533,0.12621633375773753,0.03137861958560272
6031,0.2624392912113953,0.5687372273591201,0.1273921079389784,0.04143137349050795
6032,0.2731940397621195,0.5582017841441252,0.13215489726882143,0.03644927882493478
6033,0.26677904479595255,0.5469997409752404,0.13750369641516416,0.0487175178136441
6034,0.26195409856573776,0.5618104801595553,0.1338016095923536,0.04243381168235303
6035,0.26100058323114833,0.5533372679778925,0.1368252771572534,0.04883687163370569
6036,0.2700223821412957,0.5601224752257931,0.1322264032579998,0.03762873937491062
6037,0.25584128716590565,0.5625090804081522,0.13719557647720573,0.04445405594873551
6038,0.26194582682785894,0.5657982590530302,0.12964303264588273,0.04261288147322722
6039,0.26839515964121213,0.5718142070382016,0.11843122730498057,0.041359406015605955
6040,0.2673713762671843,0.5703363997179561,0.12357511536015223,0.038717108654709016
6041,0.2622839893396026,0.5667083942607292,0.13271524267121682,0.038292373728451796
6042,0.26504790538367723,0.5643754910867749,0.13005089229451963,0.0405257112350273
6043,0.2696754383358093,0.5592202809206387,0.1325841240417391,0.03852015670181292
6044,0.2545713308831458,0.5791439972385373,0.12414811442862497,0.042136557449692344
6045,0.27451229435276525,0.5582231290049288,0.12740262293068877,0.039861953711616445
6046,0.6411826127959009,0.2727758372510454,0.06165195935254035,0.02438959060051267
6047,0.272525091923256,0.5724478702074078,0.11754066871800325,0.03748636915133272
6048,0.2658935937215119,0.5653950461171959,0.12481712716094723,0.043894233000343674
6049,0.2696846730308885,0.5631128779569216,0.12744238104115593,0.039760067971034596
6050,0.26369057300750226,0.5673347521806175,0.1321074143986936,0.03686726041318769
6051,0.2695419557268135,0.5619230635031721,0.13000767259626386,0.0385273081737506
6052,0.2619369922713468,0.5685164286850513,0.12930836738737578,0.04023821165622557
6053,0.2603040199852779,0.5619119337026086,0.13207633867155755,0.04570770764055537
6054,0.2756717824425092,0.5699500441702058,0.11838706043823559,0.03599111294905051
6055,0.2780660733700355,0.5626498412672741,0.12233005652103637,0.03695402884165465
6056,0.22696166645143306,0.5902668861682588,0.15859654277580923,0.024174904604499826
6057,0.27003421815499573,0.5602413941684918,0.1316467316168456,0.038077656059666225
6058,0.26281023554383404,0.5627435756187521,0.13657591343655107,0.03787027540086196
6059,0.26380238642754866,0.5624788837463985,0.12899251693186226,0.04472621289419103
6060,0.2750544064836171,0.5555940827041151,0.12992003838745333,0.039431472424815546
6061,0.3696600733124419,0.46599003863185345,0.13320330187266596,0.031146586183038654
6062,0.2874985396130725,0.5409521430358396,0.12495206953449463,0.046597247816593385
6063,0.2781352055443936,0.5534457364355259,0.12716424866047749,0.04125480935960307
6064,0.26403823072564553,0.5636346603010707,0.12894246510052138,0.04338464387276177
6065,0.27645357195141196,0.5753331851382408,0.11782054280340964,0.030392700106937686
6066,0.27294238463897363,0.5715381428554035,0.11668434070567056,0.038835131799951884
6067,0.2616203465223264,0.5691186593574371,0.12838115238360973,0.04087984173662671
6068,0.2682108474905878,0.5656229926293918,0.13130570181449935,0.03486045806552014
6069,0.25894138417069484,0.5749491937348442,0.1260196692490425,0.04008975284541751
6070,0.26401472106759305,0.5704134157630674,0.12949667967701026,0.03607518349232993
6071,0.2759331839201413,0.572282915216344,0.11503688976703434,0.03674701109648083
6072,0.2694952713727556,0.5705675234885321,0.11932283152423268,0.04061437361447981
6073,0.23897051711110645,0.573933539155291,0.14244212253325814,0.04465382120034486
6074,0.25406082743435093,0.5736417542384035,0.13637948415671375,0.035917934170532274
6075,0.26457133844732367,0.5727955670131442,0.12147078378070918,0.041162310758824094
6076,0.25991505399781833,0.5756329652650631,0.12349014227919096,0.04096183845792641
6077,0.24354826981974775,0.5787695142857932,0.1302757777242439,0.04740643817021595
6078,0.245728230899982,0.5754953089789816,0.13243017571967503,0.04634628440136167
6079,0.2559019477050373,0.5672390754932046,0.13068294237283512,0.04617603442892255
6080,0.27635696717084635,0.5720819380308392,0.11462014784364705,0.03694094695466851
6081,0.2728760000768926,0.5368348213492321,0.13806384419542617,0.0522253343784494
6082,0.2722469636350716,0.5670256104200789,0.1194981021324705,0.041229323812378434
6083,0.26097632943981874,0.5563828337162093,0.1373196088221362,0.04532122802183633
6084,0.27020785827029314,0.5597699532314325,0.13154699583794746,0.03847519266032754
6085,0.27112114270328125,0.5655808899745401,0.12154725628979357,0.04175071103238462
6086,0.2638565695899143,0.5402434354146699,0.13839138203801046,0.05750861295740585
6087,0.2677438165908503,0.565204162034593,0.12917712126077202,0.037874900113785116
6088,0.2786772622176095,0.5566962980866106,0.12500594799826323,0.03962049169751701
6089,0.26372695814360314,0.5631984868879485,0.13494466378151582,0.038129891186932795
6090,0.2689087972072079,0.5607069551253879,0.13034403644239015,0.040040211225013285
6091,0.27019450812706985,0.5712058846821738,0.12012559480800902,0.03847401238274724
6092,0.2699552779632532,0.5654646664690316,0.12483088153096213,0.039749174036752245
6093,0.267266325452336,0.5682163509164108,0.12451211812760629,0.04000520550364641
6094,0.2648736777030405,0.5611070999549012,0.1368728340725808,0.0371463882694777
6095,0.26097780361101774,0.573166381724299,0.12521252484698794,0.04064328981769394
6096,0.26557297854609685,0.5672214685864343,0.1327473319832712,0.03445822088419809
6097,0.27195956597660054,0.5546109134598859,0.1353700062132395,0.03805951435027485
6098,0.24186963603392017,0.5935754606400048,0.12282917975021594,0.04172572357586037
6099,0.2713874805633191,0.5602146385472645,0.13078679355956838,0.03761108732984718
6100,0.27378836941309087,0.5468720363952398,0.13949948390992764,0.03984011028174225
6101,0.2783618250226392,0.568835127913488,0.11553033497876805,0.03727271208510468
6102,0.2704214668918935,0.5711560083438677,0.12111165916522516,0.03731086559901373
6103,0.26095045614626383,0.5806369537092849,0.1190676495912989,0.039344940553152526
6104,0.27051445099330085,0.5713178064697116,0.12012452650441562,0.0380432160325728
6105,0.3293774913490715,0.5166094586224889,0.11983606711663218,0.03417698291180715
6106,0.27361867593495826,0.5732310690756799,0.11565464100834282,0.037495613981018985
6107,0.2542962538209151,0.5769273132090121,0.1318205018303279,0.03695593113974386
6108,0.28041019933730843,0.5376176337564039,0.13523271275832088,0.04673945414796726
6109,0.3727089343733197,0.48195228529462875,0.11824879417071055,0.027089986161340136
6110,0.2702304022689625,0.5713965386200122,0.11814273861050563,0.04023032050051869
6111,0.2772739482589277,0.5754316461065928,0.11077551736813845,0.036518888266341996
6112,0.2521537057077404,0.5512056327385413,0.15553486983361947,0.041105791720098775
6113,0.2813744648354833,0.5654458324155174,0.11405791137071937,0.03912179137827861
6114,0.27971043451243727,0.5817802537094144,0.10897755381261359,0.029531757965535144
6115,0.2715718202972731,0.5754406305318089,0.11555824779054608,0.037429301380371524
6116,0.2722169132430663,0.5669232173964543,0.12050274852098727,0.040357120839492014
6117,0.2595937444364815,0.5449732134953573,0.14166114484779604,0.05377189722036428
6118,0.25679534871265997,0.5738109297624462,0.12930833676156722,0.040085384763325384
6119,0.25810415012278276,0.5652500064086017,0.13032274027159962,0.04632310319701563
6120,0.2688048859354479,0.5699102282491738,0.11953695123618191,0.041747934579196094
6121,0.26515209544859214,0.5642164988885099,0.12745259989184646,0.04317880577105232
6122,0.25814731582473166,0.5725423651368148,0.12851568092736398,0.040794638111090804
6123,0.26760230639443344,0.5790791152967254,0.1155915913256343,0.037726986983206624
6124,0.2723640861625916,0.5488630860051522,0.13004590637297528,0.04872692145928089
6125,0.2639271352581336,0.5746980385202465,0.11978361803142479,0.04159120819019407
6126,0.260369148002615,0.5634818279775986,0.1303854055893619,0.04576361843042256
6127,0.27116981474345964,0.5638880606729022,0.12363852150457817,0.04130360307906085
6128,0.271146408800177,0.5599541424514203,0.13255971911866124,0.036339729629742
6129,0.2633031021733998,0.5590241139295425,0.13267829640764853,0.04499448748940999
6130,0.242934767575391,0.5662547442401388,0.16213536582902774,0.028675122355441986
6131,0.2567063841476659,0.5528088869308279,0.14800152836842062,0.04248320055308504
6132,0.25306090931662556,0.5618530352442296,0.14594779298763938,0.039138262451506284
6133,0.27942140063483945,0.5663971026183997,0.1192604221229375,0.03492107462382476
6134,0.27329369470027987,0.5643386093947791,0.12231097285312867,0.040056723051811766
6135,0.26843610685744257,0.574098977393863,0.11852988082384122,0.038935034924852334
6136,0.2519062581114432,0.5803257255815074,0.12962682228214675,0.03814119402490132
6137,0.26677094958960007,0.5777144038252213,0.12373728468084377,0.03177736190433426
6138,0.2685790950841788,0.5687146654745788,0.12100344149538997,0.04170279794585386
6139,0.25647888385353157,0.5713396632410642,0.12989264042063906,0.042288812484767235
6140,0.5610335706480863,0.300783905390592,0.09150900309103434,0.046673520870287005
6141,0.2564235159368487,0.5816027812993513,0.12231304502456641,0.03966065773923223
6142,0.2436369998307171,0.5756775203159049,0.13772166226485275,0.04296381758852596
6143,0.26983056885451884,0.563650618491914,0.13067698623640397,0.03584182641716274
6144,0.26281109706695144,0.578437076353547,0.12386440619061274,0.03488742038888704
6145,0.2760717046624478,0.57126881636654,0.11516745155770587,0.037492027413308135
6146,0.26284831775268824,0.5618316979466791,0.13262985851910206,0.04269012578152903
6147,0.2618972092655773,0.5604852806962528,0.138382840825353,0.03923466921281714
6148,0.2679097068807389,0.5697958183779294,0.12022625400604146,0.04206822073528949
6149,0.2671547129071017,0.5736157419369081,0.11887417088595614,0.0403553742700332
6150,0.27611535339770393,0.5370783441346724,0.14594845438562176,0.04085784808200252
6151,0.2628843694918332,0.566535363422608,0.13150420924833905,0.0390760578372193
6152,0.2659874087147558,0.5664836318584808,0.12512224244918269,0.04240671697758252
6153,0.253732320427835,0.5693660087750692,0.13467717677261665,0.04222449402447949
6154,0.27862209937480953,0.5626962087253156,0.11820875979599897,0.04047293210387683
6155,0.2600707565970726,0.5788464682198735,0.12719784392037162,0.033884931262680495
6156,0.25921477287619854,0.5752442306320494,0.12423477861574912,0.04130621787600358
6157,0.2700084101841733,0.5656890796091381,0.12383614265978772,0.04046636754690107
6158,0.25036158568385625,0.572059975968552,0.13070413169687234,0.0468743066507189
6159,0.2751313476045106,0.5652339391250594,0.12084023077250172,0.03879448249792861
6160,0.26703335850457416,0.559160190988407,0.13611640129666408,0.03769004921035577
6161,0.2607796933957976,0.562523796336758,0.133502877662506,0.04319363260493889
6162,0.2621745977475258,0.5636456090032007,0.1329615270514344,0.04121826619783986
6163,0.273081049081157,0.5631576118001007,0.12084204701796598,0.042919292100776156
6164,0.28044577163226936,0.5608294374804199,0.11880104782012077,0.03992374306718922
6165,0.26599659902320477,0.5503758966367974,0.1359070311429715,0.04772047319702581
6166,0.26075874330700977,0.5673717614970574,0.129642889145061,0.042226606050871425
6167,0.2590225078014477,0.5635478116670777,0.13501705119008492,0.0424126293413889
6168,0.27226244921331466,0.5670298717193646,0.12092564346633901,0.03978203560098172
6169,0.2584675208676601,0.5722603827416999,0.13425887284581117,0.03501322354482768
6170,0.25935304452193475,0.5678470031297288,0.13161022529751568,0.041189727050820586
6171,0.2707966002382525,0.5639072438868923,0.12274838786929701,0.04254776800555816
6172,0.2514053528669265,0.580266215523073,0.12414906187107266,0.04417936973892846
6173,0.2873676910454888,0.5024499069336033,0.16479443015114673,0.04538797186976169
6174,0.26317160268894474,0.5589728684783658,0.13231679080563652,0.04553873802705195
6175,0.25991369404600384,0.5643264566417371,0.1318034169561576,0.04395643235610023
6176,0.2683894117106134,0.5636945993991026,0.12885289814066722,0.03906309074961879
6177,0.2697858180913963,0.5696121619929135,0.11862933000245728,0.04197268991323287
6178,0.2808220784954429,0.5659381863004288,0.1139506341117475,0.039289101092380145
6179,0.25459310842215455,0.5802240518634116,0.127401430672983,0.03778140904145102
6180,0.2505060783876495,0.5606299179394628,0.1410597455033424,0.04780425816954506
6181,0.2545531159549422,0.5832821802471894,0.1306713125502747,0.03149339124759567
6182,0.2620140479351191,0.5739418237988826,0.12343657164973544,0.04060755661626285
6183,0.2617879580753678,0.5757919614717038,0.12622128457388157,0.036198795879047195
6184,0.2775481870637748,0.5939111849816665,0.10588992518415331,0.022650702770404974
6185,0.2517827439959402,0.5665082386257447,0.13932077422668782,0.04238824315162784
6186,0.26310468412355115,0.5658899675190657,0.13192715097904306,0.0390781973783409
6187,0.2723232678602075,0.5566126195573895,0.13229064811554883,0.038773464466856124
6188,0.25099923747477715,0.5741849825626716,0.1339289920700392,0.04088678789251295
6189,0.2688981599908943,0.5778803034809482,0.11369201121696883,0.039529525311187974
6190,0.3303863185457277,0.5166847416477252,0.1212673530109395,0.03166158679560769
6191,0.27566470321736847,0.5640973722337256,0.11877434389416722,0.04146358065473805
6192,0.2711610207384333,0.560232944809482,0.13214326180274555,0.036462772649339635
6193,0.25262249683350446,0.5695563785953374,0.1336354403003394,0.04418568427081879
6194,0.2604120265946456,0.5636812354330457,0.14140887789874776,0.034497860073561086
6195,0.27121053297981634,0.5562489312188578,0.13314617823245103,0.039394357568874674
6196,0.25572037585336616,0.5624952810247995,0.1391107644731687,0.04267357864866559
6197,0.2665364262063464,0.567273814352033,0.12464484393138538,0.04154491551023342
6198,0.2578074792208146,0.5625873316304154,0.13300681274896808,0.04659837639980179
6199,0.3678232801553305,0.5296361909698908,0.07777921149266127,0.024761317382117502
6200,0.2672974439308392,0.561529774833049,0.12764739738737055,0.04352538384874085
6201,0.26297079529433526,0.5606379115228083,0.1326533986652143,0.04373789451764163
6202,0.26233171733968913,0.5704893266054779,0.13140218318326832,0.03577677287156453
6203,0.24493727466342347,0.5780740889711913,0.13779812659274793,0.03919050977263757
6204,0.2745964075110721,0.5621149378507123,0.12218396666914474,0.04110468796906888
6205,0.2688533553176261,0.5645640285166534,0.12515127983568816,0.04143133633003299
6206,0.2750384649249127,0.5641797998331178,0.12151464794055843,0.039267087301412096
6207,0.27242635082098987,0.5677819794656415,0.120150242491114,0.03964142722225602
6208,0.2668532286608748,0.5815339990116446,0.11336276192284192,0.03825001040463991
6209,0.2598402884251071,0.5491651777543582,0.1378740799014687,0.053120453919066765
6210,0.260940948953152,0.5659369283479576,0.13156559891985953,0.04155652377903023
6211,0.2563713241008562,0.566729670356788,0.13138897691128795,0.045510028631067255
6212,0.2785876887858014,0.5619373817132075,0.12186507481777992,0.03760985468321109
6213,0.2728878886682258,0.5785734139457205,0.11205653718013771,0.03648216020591465
6214,0.26115942410013404,0.5536557558681877,0.13544724562662191,0.04973757440505624
6215,0.26830952720314455,0.5733534664093657,0.11849029797331703,0.03984670841417283
6216,0.2681512404643436,0.5682259383097493,0.12998494797867052,0.03363787324723695
6217,0.2741240549013515,0.560493962234806,0.12500087775280835,0.04038110511103272
6218,0.2604810268936073,0.5696348749511079,0.13005552912431953,0.039828569030965634
6219,0.27044910075752493,0.5628230336597202,0.12448930017492937,0.04223856540782465
6220,0.2631413470107158,0.5439966091756615,0.14978102490404724,0.04308101890957565
6221,0.26113744470769545,0.5638450592495409,0.1297043438422867,0.045313152200476985
6222,0.2641087510470185,0.5611480011989249,0.1311425289360666,0.04360071881798986
6223,0.28653135399305585,0.5296041311261431,0.14422101532165402,0.03964349955914725
6224,0.2500864323357587,0.5774159507799116,0.13437794232415826,0.038119674560169334
6225,0.27524891091093157,0.5622911538382239,0.12823685967169102,0.03422307557915208
6226,0.2696553262624158,0.5683105184837847,0.12223256329783723,0.03980159195596176
6227,0.23308769134628,0.5870059216994459,0.13490321359669283,0.0450031733575805
6228,0.27265521374612506,0.5538065737558499,0.13404498350412436,0.039493228993902015
6229,0.26504990415115753,0.5730104202161884,0.120383588454454,0.04155608717819966
6230,0.26515476785320546,0.5755174945283141,0.12089231838889793,0.03843541922958374
6231,0.2651610933432553,0.5690498083547321,0.12853210594934725,0.03725699235266575
6232,0.2601987879488271,0.5700877707573685,0.1312014365024841,0.038512004791321865
6233,0.27315097196335086,0.5612482354104945,0.12971377630356318,0.03588701632259151
6234,0.2588197037230153,0.5628314118918298,0.1357098459480553,0.04263903843710083
6235,0.26988980053122325,0.5697122844898648,0.11886825780305144,0.04152965717586166
6236,0.27390542520870115,0.5701331337644987,0.11944267107063153,0.03651876995616848
6237,0.2568858466557413,0.5763499383131755,0.13472200954788127,0.03204220548320282
6238,0.2677561517660468,0.57096721583368,0.1206814937986333,0.04059513860163981
6239,0.2697176860517114,0.5733564556233783,0.11817707484057563,0.038748783484333915
6240,0.779675769588388,0.15961049061911234,0.042842397370498164,0.017871342422000357
6241,0.2758900323535906,0.5708088295965171,0.11533396694423002,0.03796717110566227
6242,0.2681565366356989,0.5612159222432347,0.13358775938230044,0.037039781738767305
6243,0.2628603727852664,0.5736639291827679,0.13407176681392866,0.029403931218037013
6244,0.27218501742733675,0.5712330502838626,0.11706288803628757,0.03951904425251297
6245,0.25985270571436453,0.5683284960583155,0.12738257256128474,0.044436225666034834
6246,0.2607843051936351,0.5715065249681275,0.12562026897034642,0.04208890086789103
6247,0.27817607934781247,0.559952562264065,0.12261405576051704,0.03925730262760464
6248,0.3004707793530484,0.5272308149395366,0.1390455060448561,0.033252899662558386
6249,0.26138591442651987,0.5554427353541138,0.1343943831281906,0.04877696709117643
6250,0.26238620261002665,0.5756998180317067,0.12173359211213683,0.04018038724612924
6251,0.2560181040148419,0.5900972431031524,0.11954378232027192,0.03434087056173369
6252,0.2673541139476671,0.5642193436965534,0.12631046966377332,0.04211607269200711
6253,0.2588951863462915,0.5714405862663597,0.12663028982468982,0.04303393756265609
6254,0.2741545646295713,0.5741561023279723,0.11359005077705897,0.03809928226539837
6255,0.27600683042215907,0.5646371652728263,0.1197349721062127,0.03962103219880263
6256,0.2739583342897448,0.5535644986728511,0.13085481567357465,0.041622351363830065
6257,0.24622374262165675,0.5770886566248071,0.13356763679150924,0.04311996396202623
6258,0.268102284895097,0.5702468062149383,0.12189358437326799,0.039757324516698216
6259,0.28267753247070004,0.5522582581032816,0.1215938055814367,0.043470403844580716
6260,0.25364671772483305,0.5743633571887037,0.1299386734294761,0.042051251656987976
6261,0.2690772069962999,0.5704297454179029,0.12022738357915623,0.04026566400664124
6262,0.3132922024740659,0.5373156071379662,0.11396924245608121,0.03542294793188703
6263,0.25747886847179907,0.5727484167919455,0.12957085630975512,0.0402018584264999
6264,0.2653254528294097,0.5845531204155976,0.1142284119348865,0.03589301482010617
6265,0.2549142493992296,0.5754529701420805,0.12846183216096255,0.04117094829772646
6266,0.273424397531964,0.5691693551738526,0.1172730218029081,0.040133225491275154
6267,0.2615144221615464,0.5616469593118762,0.13518304731927544,0.04165557120730147
6268,0.26570150367337725,0.5628422027006197,0.1321714004917918,0.03928489313421152
6269,0.2660000753205272,0.5677784651661302,0.12922026663674413,0.037001192876598546
6270,0.288033694780204,0.5548711037454699,0.1271765754212472,0.029918626053078552
6271,0.28098509151286494,0.5440979464733025,0.13627906190669467,0.038637900107139224
6272,0.25341714266497467,0.559175516659438,0.14206984320719385,0.04533749746839499
6273,0.26993509173253116,0.5573540686750843,0.12954216460875229,0.04316867498363092
6274,0.2784761568734349,0.5679523611859612,0.11730097024921994,0.03627051169138473
6275,0.27847867262356546,0.560232843019382,0.12046863275085505,0.04081985160619813
6276,0.26423582306496035,0.5704728025675349,0.12546120316443882,0.03983017120306506
6277,0.26497273713744063,0.5637619052594017,0.1288423281322034,0.04242302947095607
6278,0.25805523414113346,0.5696248902010904,0.1316565560407346,0.04066331961704091
6279,0.2893892899335922,0.517777985389466,0.13419112949607456,0.05864159518086695
6280,0.2711049873106295,0.5557451174138581,0.13374853918642085,0.039401356089092905
6281,0.27407214028607485,0.5227887476209361,0.1388425820335877,0.06429653005940071
6282,0.2742483883065316,0.56010678740349,0.12337731145487789,0.04226751283510014
6283,0.27158060470418555,0.5676332249877731,0.1214800861891092,0.039306084118932334
6284,0.2892426899207493,0.5703047880893287,0.10979565728088031,0.03065686470904149
6285,0.2707546012145798,0.5609102242232755,0.13128934498246975,0.03704582957967636
6286,0.26220993516827734,0.5646543107407628,0.1313455879822122,0.041790166108748215
6287,0.2514051275088744,0.5813231190944433,0.12897643771157846,0.038295315685104296
6288,0.28727343724650894,0.5395714621191109,0.13348864510579211,0.03966645552859007
6289,0.26420047037632227,0.5739724658748188,0.126162485231295,0.035664578517563016
