stage,epoch,nb,kl,val_nb,sup,tc,adv
pre,0,2925.3272705078125,0.0036494064843282104,2610.78369140625,,,
pre,1,2290.476284450955,0.01103284235836731,1981.5572509765625,,,
pre,2,1688.4515109592014,0.02492821609808339,1434.9176025390625,,,
pre,3,1272.0193481445312,0.041312362170881696,1157.0108642578125,,,
pre,4,1102.977274576823,0.05562946759164333,1079.8480224609375,,,
pre,5,1063.814988878038,0.06340586352679464,1064.02001953125,,,
pre,6,1050.1964077419705,0.06627980454100503,1058.01806640625,,,
pre,7,1046.5792236328125,0.06723768346839482,1053.7926025390625,,,
pre,8,1046.0398966471355,0.06817598185605472,1050.423583984375,,,
pre,9,1038.740241156684,0.06861709886127049,1045.53662109375,,,
pre,10,1027.096459282769,0.06876716969741715,1040.860107421875,,,
pre,11,1029.2020297580295,0.06945279695921475,1034.8348388671875,,,
pre,12,1018.339596218533,0.07021099328994751,1027.9512939453125,,,
pre,13,1021.0226101345486,0.07140885624620649,1022.3522338867188,,,
pre,14,1007.6737094455295,0.07235413500004345,1017.815673828125,,,
pre,15,1003.5219997829861,0.07311044674780634,1015.177490234375,,,
pre,16,998.5029127332899,0.07382556589113341,1011.0646362304688,,,
pre,17,1000.5308770073784,0.07501841129528151,1008.7830200195312,,,
pre,18,993.9080641004774,0.07514383768041928,1006.0400390625,,,
pre,19,992.6285739474827,0.07538889431291157,1004.2565307617188,,,
pre,20,993.161376953125,0.0760734702150027,1001.447998046875,,,
pre,21,995.2181735568577,0.076860338035557,999.8486328125,,,
pre,22,988.1900058322483,0.0776984944111771,997.62109375,,,
pre,23,990.5243971082899,0.07779199050532447,996.0869750976562,,,
pre,24,983.9318576388889,0.07835652265283796,993.6965942382812,,,
pre,25,976.8847317165798,0.07830107336242993,992.0790405273438,,,
pre,26,984.3777635362413,0.0788533886273702,990.4804077148438,,,
pre,27,977.9361097547743,0.07935373774833149,988.3245239257812,,,
pre,28,973.6025390625,0.07950275349948141,986.9740600585938,,,
pre,29,969.6463860405815,0.08022189305888282,985.1622314453125,,,
pre,30,974.3814324273003,0.0800190261668629,984.0464477539062,,,
pre,31,969.1077440049913,0.08072770593894853,982.0896606445312,,,
pre,32,977.0962965223524,0.0809814880291621,981.2034301757812,,,
pre,33,969.6557108561198,0.08126669211520089,979.59130859375,,,
pre,34,972.5521986219618,0.08152291178703308,977.743408203125,,,
pre,35,965.379136827257,0.08168559024731319,976.1264038085938,,,
pre,36,966.5985276963976,0.08218700480129984,975.0476684570312,,,
pre,37,967.8382398817274,0.08252114926775296,973.585693359375,,,
pre,38,962.9467332628038,0.08246729440159267,972.8809814453125,,,
pre,39,957.3641391330295,0.08282838637630145,971.6793823242188,,,
pre,40,957.9625379774305,0.08294220889608066,971.142333984375,,,
pre,41,958.6935967339409,0.08317109155986044,969.877685546875,,,
pre,42,970.9779764811198,0.08327971233261956,969.3953857421875,,,
pre,43,958.3552076551649,0.08333425554964277,967.8305053710938,,,
pre,44,953.3519897460938,0.08371233484811252,967.2589111328125,,,
pre,45,954.3717447916666,0.08398594458897908,966.737548828125,,,
pre,46,953.5279947916666,0.08393204377757178,965.356201171875,,,
pre,47,955.9605882432726,0.08421235117647383,964.0994873046875,,,
pre,48,957.8526950412327,0.08453166319264306,963.0137329101562,,,
pre,49,950.575436062283,0.08451205326451196,962.3353881835938,,,
pre,50,957.4922417534722,0.08463352794448535,961.7833251953125,,,
pre,51,952.6080118815104,0.08484336154328452,960.6965942382812,,,
pre,52,943.1500447591146,0.08528270779384507,959.2692260742188,,,
pre,53,948.1836920844185,0.08521530777215958,959.2009887695312,,,
pre,54,939.2489963107639,0.08534495077199405,958.0967407226562,,,
pre,55,943.2305230034722,0.08548956116040547,957.6549682617188,,,
pre,56,939.9305792914497,0.08578232344653872,956.537353515625,,,
pre,57,948.5531378851997,0.08591676627596219,956.3035888671875,,,
pre,58,948.6849127875435,0.08612351326478852,955.4002075195312,,,
pre,59,946.174096001519,0.08627232619457775,954.89404296875,,,
pre,60,936.2001546223959,0.08633644009629886,954.1527709960938,,,
pre,61,938.2845052083334,0.08642921307020718,952.9600219726562,,,
pre,62,944.0306328667534,0.08668738727768262,951.9627075195312,,,
pre,63,940.1818406846788,0.08683034612072839,951.4090576171875,,,
pre,64,939.0517205132378,0.08704414301448399,950.44580078125,,,
pre,65,941.4181654188368,0.08705145037836498,950.1430053710938,,,
pre,66,933.9641554090712,0.08744000519315402,948.803955078125,,,
pre,67,943.431148952908,0.08749670949247149,948.7056884765625,,,
pre,68,934.6691453721788,0.08781245309445593,947.5773315429688,,,
pre,69,936.6788431803385,0.08789388959606488,947.7730102539062,,,
pre,70,941.1870727539062,0.087962639828523,946.6690673828125,,,
pre,71,937.4606865776909,0.08812939003109932,946.365478515625,,,
pre,72,929.1939324273003,0.08849855760733287,945.6354370117188,,,
pre,73,932.1335618760851,0.08844255780180295,945.6168823242188,,,
pre,74,937.2385084364149,0.08845211482710308,944.776611328125,,,
pre,75,938.8031650119358,0.08877699035737249,944.184814453125,,,
pre,76,928.4774712456597,0.08891293903191884,943.3790893554688,,,
pre,77,925.9697638617622,0.08926890335149235,942.7017211914062,,,
pre,78,928.6967298719618,0.08918962669041422,942.4796752929688,,,
pre,79,926.0825839572483,0.0895812598367532,941.576904296875,,,
pre,80,926.9311150444878,0.08956212467617458,941.3553466796875,,,
pre,81,920.8370937771267,0.08970524908767806,940.7227172851562,,,
pre,82,935.3236016167534,0.0896451183491283,940.4110107421875,,,
pre,83,928.7958034939236,0.0899211855398284,939.8734741210938,,,
pre,84,921.1336500379774,0.09000715075267686,939.1223754882812,,,
pre,85,924.1432562934028,0.08979865618877941,938.3870239257812,,,
pre,86,920.5861273871528,0.08994065432084931,937.9271850585938,,,
pre,87,920.9120652940538,0.09002681449055672,937.0855102539062,,,
pre,88,921.3230353461372,0.08994205958313412,937.3366088867188,,,
pre,89,921.7650349934896,0.09014374059107569,936.2557983398438,,,
pre,90,925.805165608724,0.08998368018203312,936.1009521484375,,,
pre,91,923.2553168402778,0.0902648957239257,935.1494140625,,,
pre,92,918.983873155382,0.09035831814010938,935.1993408203125,,,
pre,93,920.5723266601562,0.09043977037072182,934.4671630859375,,,
pre,94,922.6092054578993,0.0905642488764392,934.2227783203125,,,
pre,95,925.4626871744791,0.09067447359363238,933.5238647460938,,,
pre,96,919.543236626519,0.09077717363834381,933.0421752929688,,,
pre,97,917.9027642144097,0.0908277535604106,932.4500732421875,,,
pre,98,917.157962375217,0.09099705517292023,932.28076171875,,,
pre,99,916.3624369303385,0.09088832967811161,931.4852905273438,,,
pre,100,917.0399169921875,0.09118743530578083,931.3687744140625,,,
pre,101,920.2058953179253,0.09123341739177704,930.6859130859375,,,
pre,102,914.407216389974,0.09127648464507526,930.66845703125,,,
pre,103,916.3689405653212,0.09127472299668524,930.0842895507812,,,
pre,104,913.5238817003038,0.09146593676673041,929.8718872070312,,,
pre,105,906.5373094346788,0.0917250013185872,929.3989868164062,,,
pre,106,913.992455376519,0.09160894693599807,929.549072265625,,,
pre,107,918.8930087619358,0.09151352610852984,928.6077880859375,,,
pre,108,912.4363403320312,0.09178786683413717,927.8717651367188,,,
pre,109,916.288818359375,0.09153471349014176,927.894775390625,,,
pre,110,911.3870408799913,0.09152243410547574,927.2118530273438,,,
pre,111,910.1030476888021,0.09165491122338507,926.8541259765625,,,
pre,112,911.6021626790365,0.09148688862721126,926.1299438476562,,,
pre,113,912.8495313856337,0.0918653474913703,926.21728515625,,,
pre,114,908.0646091037327,0.09192495627535714,925.6826171875,,,
pre,115,908.9651794433594,0.09185549575421545,925.8447265625,,,
pre,116,909.1515028211805,0.09171834339698155,925.4476928710938,,,
pre,117,910.477786593967,0.09175430403815375,924.7821044921875,,,
pre,118,908.917721218533,0.09170299230350389,924.2738647460938,,,
pre,119,905.803470187717,0.09188736064566506,923.970947265625,,,
pre,120,908.9090643988716,0.09186988116966353,923.6182250976562,,,
pre,121,904.4981180826823,0.0918690384262138,922.9732666015625,,,
pre,122,911.5640563964844,0.09185762413673931,923.390625,,,
pre,123,905.0186225043403,0.09180102455947134,922.597412109375,,,
pre,124,900.0524732801649,0.09202497162752682,922.3988647460938,,,
pre,125,908.4234517415365,0.09208873493803872,921.7460327148438,,,
pre,126,910.9530097113716,0.09227196251352628,921.6036376953125,,,
pre,127,907.9589402940538,0.0923259270687898,921.5496826171875,,,
pre,128,901.3252733018663,0.0922426473763254,920.5452270507812,,,
pre,129,909.8872578938802,0.09236930890215768,920.9745483398438,,,
pre,130,901.4689331054688,0.09214150822824901,920.1593017578125,,,
pre,131,905.9568311903212,0.09214747076233228,919.9187622070312,,,
pre,132,903.7399054633247,0.09222661869393455,919.8717041015625,,,
pre,133,901.6170823838976,0.09235505552755462,919.5552368164062,,,
pre,134,899.7859903971354,0.09250815005766021,918.7957763671875,,,
pre,135,902.4528198242188,0.09218617611461216,918.862060546875,,,
pre,136,902.1390143500435,0.09226737833685345,918.3600463867188,,,
pre,137,901.9386121961805,0.09233898586697048,918.4077758789062,,,
pre,138,901.1115926106771,0.09265508171584871,917.8796997070312,,,
pre,139,901.8253750271267,0.0925180936853091,917.6997680664062,,,
pre,140,898.2250705295139,0.09261834828390016,917.5618286132812,,,
pre,141,905.4534640842014,0.09236172876424259,917.3735961914062,,,
pre,142,906.083017985026,0.09253584014044867,917.0230102539062,,,
pre,143,900.6120910644531,0.09261297931273778,917.1461791992188,,,
pre,144,898.322275797526,0.0926563437614176,916.518798828125,,,
pre,145,899.4945305718315,0.09262135004003842,916.8592529296875,,,
pre,146,894.935045030382,0.0927155473166042,916.2420654296875,,,
pre,147,897.8616604275173,0.09268532403641278,916.1067504882812,,,
pre,148,897.5399068196615,0.09287214279174805,915.611572265625,,,
pre,149,899.3202684190538,0.09260699484083387,915.5545654296875,,,
pre,150,895.940161810981,0.09277058144410451,915.21044921875,,,
pre,151,902.9136047363281,0.09247566594017877,915.2611083984375,,,
pre,152,896.737301296658,0.09258552599284384,914.7149047851562,,,
pre,153,894.3487582736545,0.09263916727569368,914.6840209960938,,,
pre,154,894.5000542534722,0.09283257027467091,914.3416137695312,,,
pre,155,897.3672620985243,0.09258707778321372,914.4966430664062,,,
pre,156,894.8604600694445,0.09300712909963396,913.9371948242188,,,
pre,157,896.0797593858507,0.09301056423121029,913.9071044921875,,,
pre,158,900.9520874023438,0.09278778607646625,913.7403564453125,,,
pre,159,903.6333855523003,0.09267917109860314,913.3463745117188,,,
pre,160,897.7456495496962,0.09300752232472102,913.3584594726562,,,
pre,161,891.4736667209202,0.09314125445153978,912.6688232421875,,,
pre,162,897.6344909667969,0.09326396799749798,913.0381469726562,,,
pre,163,890.6461215549045,0.09318755153152677,912.7008056640625,,,
pre,164,894.1096598307291,0.09320637087027232,912.1915283203125,,,
pre,165,891.3955485026041,0.09312891049517526,911.9574584960938,,,
pre,166,892.6075371636284,0.09280731777350108,912.2030029296875,,,
pre,167,895.7843695746528,0.09288508941729863,911.83837890625,,,
pre,168,888.2445882161459,0.09275734300414722,911.317626953125,,,
pre,169,892.9515550401476,0.092773141960303,911.2415161132812,,,
pre,170,892.1175503200955,0.09279777109622955,911.8088989257812,,,
pre,171,892.3261786566841,0.0927825164463785,910.9655151367188,,,
pre,172,894.093736436632,0.09287047717306349,910.9134521484375,,,
pre,173,888.0066426595052,0.09297098095218341,911.1923828125,,,
pre,174,888.9644809299045,0.09282240271568298,910.4345703125,,,
pre,175,888.5097079806858,0.09287960413429472,910.7261352539062,,,
pre,176,893.9839782714844,0.09278624297844039,910.1290283203125,,,
pre,177,890.978271484375,0.0927944862180286,909.835693359375,,,
pre,178,893.2979871961805,0.09292376745078298,909.8699951171875,,,
pre,179,884.2418687608507,0.09284847933385107,910.0136108398438,,,
pre,180,891.2230936686198,0.09294300360812081,909.2844848632812,,,
pre,181,897.9005635579427,0.09282256166140239,909.2969360351562,,,
pre,182,887.6382853190104,0.09316463106208378,909.4237060546875,,,
pre,183,885.3277214898003,0.09313453733921051,909.2474975585938,,,
pre,184,887.0092230902778,0.09308498601118724,909.167724609375,,,
pre,185,883.5031467013889,0.09313171729445457,908.6849975585938,,,
pre,186,885.4774441189236,0.0929484297004011,908.7908935546875,,,
pre,187,889.5957878960503,0.09272455092933443,908.3334350585938,,,
pre,188,886.8574591742622,0.09271726508935292,908.295166015625,,,
pre,189,885.0153740776909,0.09285202001531918,908.2230834960938,,,
pre,190,888.6829359266493,0.09298735277520286,908.2597045898438,,,
pre,191,886.1733771430122,0.09295742213726044,907.8770751953125,,,
pre,192,885.2428995768229,0.09305862420135075,907.9027709960938,,,
pre,193,887.8203667534722,0.09293461508221096,907.1928100585938,,,
pre,194,893.9063178168403,0.09272349460257424,907.6005249023438,,,
pre,195,887.3044501410591,0.09293114725086424,906.9629516601562,,,
pre,196,882.5185546875,0.09271049747864406,907.0231323242188,,,
pre,197,886.960472954644,0.0927105305923356,906.9493408203125,,,
pre,198,882.6427544487847,0.09285441661874454,906.9547119140625,,,
pre,199,886.6062893337673,0.09279562864038679,906.90673828125,,,
pre,200,878.5209655761719,0.09296465085612403,906.9437866210938,,,
pre,201,893.9473537868923,0.09298004665308529,906.2512817382812,,,
pre,202,879.721167670356,0.09282802128129536,906.6119995117188,,,
pre,203,885.8309936523438,0.09283609315752983,906.206298828125,,,
pre,204,882.0572611490885,0.0929769915011194,906.3728637695312,,,
pre,205,888.7609252929688,0.09271236633261044,905.9478759765625,,,
pre,206,884.9073418511284,0.09292832389473915,905.8088989257812,,,
pre,207,883.9072774251302,0.09309226191706127,905.7855834960938,,,
pre,208,887.9703403049045,0.0927530179421107,905.8009643554688,,,
pre,209,888.1774529351128,0.09273277926776144,905.5845336914062,,,
pre,210,881.0976121690538,0.09264471464686924,905.35693359375,,,
pre,211,883.3121541341146,0.09268647390935156,905.5499877929688,,,
pre,212,883.8182813856337,0.09245056038101514,905.2400512695312,,,
pre,213,884.992201063368,0.0926746812959512,905.0107421875,,,
pre,214,889.2379692925347,0.09277825719780392,905.1005249023438,,,
pre,215,886.492428249783,0.09259015114770995,905.0784301757812,,,
pre,216,887.6369086371528,0.09258799254894257,904.644775390625,,,
pre,217,880.3017205132378,0.09273015500770675,904.6044311523438,,,
pre,218,884.9122619628906,0.0926866742471854,904.4951782226562,,,
pre,219,883.3590155707466,0.09275050295723809,904.4029541015625,,,
pre,220,885.1638827853733,0.09274110653334194,904.4979858398438,,,
pre,221,885.4705064561632,0.09270062463151084,904.0126342773438,,,
pre,222,878.9972229003906,0.09285324729151195,904.4978637695312,,,
pre,223,882.0225897894966,0.09294644453459316,903.7465209960938,,,
pre,224,880.4813401963976,0.09253221708867285,904.5179443359375,,,
pre,225,877.7236056857639,0.09274680250220829,903.8897094726562,,,
pre,226,878.511962890625,0.0928672274781598,904.2794189453125,,,
pre,227,880.4333190917969,0.09297975069946712,903.8364868164062,,,
pre,228,884.1648118760851,0.09289559183849229,903.8677978515625,,,
pre,229,877.9373948838976,0.09284865193896824,903.711669921875,,,
pre,230,878.9297078450521,0.09272269076771206,903.4116821289062,,,
pre,231,883.7818162706163,0.09316504912243949,903.7942504882812,,,
pre,232,887.4844190809462,0.09285345466600524,903.2779541015625,,,
pre,233,885.4238925509983,0.09293599882059628,903.6958618164062,,,
pre,234,882.4955274793837,0.09283815986580318,903.0584106445312,,,
pre,235,876.2656860351562,0.0928898114297125,903.5264892578125,,,
pre,236,888.0699327256945,0.09279260494642788,903.2030029296875,,,
pre,237,877.5504489474827,0.09299962512320942,903.6449584960938,,,
pre,238,877.2705417209202,0.09284042939543724,903.004150390625,,,
pre,239,873.2315436469185,0.09312228444549772,903.91650390625,,,
pre,240,876.7898593478733,0.09292168377174272,903.1797485351562,,,
pre,241,874.948716905382,0.09300114297204548,902.8849487304688,,,
pre,242,879.6520487467448,0.09271908303101857,902.6416625976562,,,
pre,243,873.6595696343315,0.09293595825632413,903.7592163085938,,,
pre,244,881.8322550455729,0.09273762048946486,902.8973388671875,,,
pre,245,884.702623155382,0.09285447373986244,902.8436279296875,,,
pre,246,881.8114454481337,0.09281187711490525,902.414794921875,,,
pre,247,878.2398885091146,0.0929702909456359,902.526611328125,,,
pre,248,875.5672064887153,0.09270373110969861,902.36376953125,,,
pre,249,884.3955383300781,0.09247613325715065,902.4108276367188,,,
pre,250,884.4925706651476,0.09268018148011631,902.2720336914062,,,
pre,251,884.541744656033,0.09258276182744238,902.1168823242188,,,
pre,252,881.9190131293403,0.09247172830833329,902.062744140625,,,
pre,253,881.8262464735243,0.09235264071159893,902.4481201171875,,,
pre,254,878.6757337782118,0.09252347259057893,901.81494140625,,,
pre,255,876.0199076334635,0.09262097626924515,901.6618041992188,,,
pre,256,879.6374206542969,0.09263533850510915,901.8607177734375,,,
pre,257,884.0901387532552,0.09278687917523915,901.5238647460938,,,
pre,258,877.9091016981337,0.09279243027170499,901.6874389648438,,,
pre,259,878.5299716525608,0.09275299103723632,901.79833984375,,,
pre,260,882.2284444173177,0.09272710275318888,901.5372924804688,,,
pre,261,875.1581081814236,0.09284565556380484,901.5155639648438,,,
pre,262,883.8777364095052,0.0926365748875671,901.491943359375,,,
pre,263,872.1506958007812,0.09284964286618763,902.0928344726562,,,
pre,264,880.1518724229601,0.09260082410441504,901.7085571289062,,,
pre,265,876.2129347059462,0.09270027817951308,901.3594360351562,,,
pre,266,879.8783501519097,0.09269187640812662,901.2767944335938,,,
pre,267,874.3817511664497,0.09268097910616133,901.2132568359375,,,
pre,268,874.6064147949219,0.0924811243183083,901.693115234375,,,
pre,269,879.8697747124565,0.09273430456717809,901.4249877929688,,,
pre,270,884.09521484375,0.09256340646081501,901.1382446289062,,,
pre,271,878.6618957519531,0.0924253368543254,901.3225708007812,,,
pre,272,882.7319708930122,0.09226499208145672,901.2817993164062,,,
pre,273,880.6564432779948,0.09233284865816434,901.1543579101562,,,
pre,274,877.8055453830295,0.09263591344157855,900.9635009765625,,,
pre,275,875.7069973415798,0.09258632237712543,901.1345825195312,,,
pre,276,876.8337843153212,0.0928818645576636,900.9320678710938,,,
pre,277,881.1010810004341,0.09285891221629249,901.101318359375,,,
pre,278,873.9945814344618,0.09279256231255001,901.0172119140625,,,
pre,279,873.3182542588976,0.0927684356768926,901.0835571289062,,,
pre,280,878.8453877766927,0.09266859996649954,900.88134765625,,,
pre,281,876.7532585991753,0.09271342928210895,900.8159790039062,,,
pre,282,882.9164666069878,0.09303892610801591,900.7614135742188,,,
pre,283,876.9786241319445,0.09279642792211638,900.7693481445312,,,
pre,284,874.6654154459635,0.09283988798658054,900.5916137695312,,,
pre,285,883.624742296007,0.09280860010120603,900.417724609375,,,
pre,286,881.8941819932726,0.09273804144726859,900.81298828125,,,
pre,287,876.0822007921007,0.09262420775161849,900.4102172851562,,,
pre,288,889.3488701714409,0.09266881148020427,900.545654296875,,,
pre,289,880.9162767198351,0.09270307794213295,900.4205932617188,,,
pre,290,878.5614827473959,0.09264497293366326,900.6549682617188,,,
pre,291,877.245120578342,0.09256498391429584,900.65576171875,,,
pre,292,880.6797824435764,0.0927318467034234,900.5921020507812,,,
pre,293,888.2824910481771,0.09270067844125959,900.2437133789062,,,
pre,294,868.0809597439236,0.09267124740613832,900.201904296875,,,
pre,295,872.7264166937935,0.09284325109587775,900.5718994140625,,,
pre,296,875.8354966905382,0.09283265554242665,900.6063232421875,,,
pre,297,869.8599039713541,0.09296491576565637,900.2315673828125,,,
pre,298,872.8826972113716,0.09294910687539312,900.2133178710938,,,
pre,299,880.4128587510851,0.09285695726672809,900.1834106445312,,,
pre,300,876.5270114474827,0.09297939182983504,900.7919921875,,,
pre,301,874.3074340820312,0.09283657082253033,900.0271606445312,,,
pre,302,870.3566284179688,0.09302851971652773,899.93310546875,,,
pre,303,872.6197340223524,0.09285846849282582,899.990478515625,,,
pre,304,872.1859096950955,0.09265548197759522,900.221435546875,,,
pre,305,878.5436299641927,0.09292433576451407,899.875244140625,,,
pre,306,877.2191433376736,0.09289051343997319,900.6889038085938,,,
pre,307,870.8890719943577,0.09303451288077566,900.0796508789062,,,
pre,308,877.1828952365452,0.09276262091265784,900.1615600585938,,,
pre,309,871.0804951985677,0.09283768344256613,900.0367431640625,,,
pre,310,881.1744961208767,0.0926783937546942,900.307861328125,,,
pre,311,875.676015218099,0.09291423443290922,899.9912719726562,,,
pre,312,877.3125372992622,0.09296346704165141,900.1445922851562,,,
pre,313,878.8753424750435,0.09299845827950372,899.96484375,,,
pre,314,873.0844285753038,0.09285113919112417,900.0860595703125,,,
pre,315,873.8562350802952,0.09303772780630323,900.3339233398438,,,
pre,316,875.866478814019,0.09302277614672978,900.247802734375,,,
pre,317,869.1444905598959,0.09309077966544363,900.1490478515625,,,
pre,318,871.9463500976562,0.09306828677654266,900.3858642578125,,,
pre,319,875.4541286892361,0.09289446555905873,900.409912109375,,,
pre,320,878.2200046115452,0.0926850429839558,899.885009765625,,,
pre,321,877.8528815375435,0.09271297065748109,899.7188110351562,,,
pre,322,879.1990559895834,0.09272796950406498,900.1527709960938,,,
pre,323,877.1425408257378,0.09275990352034569,899.7443237304688,,,
pre,324,868.2840576171875,0.09304542135861185,900.2127685546875,,,
pre,325,871.2332153320312,0.09263620070285267,899.7695922851562,,,
pre,326,870.5553114149305,0.09272283398442799,899.6660766601562,,,
pre,327,875.6742248535156,0.09287890129619175,900.0670776367188,,,
pre,328,870.747572157118,0.09294472345047528,899.6393432617188,,,
pre,329,878.4573635525173,0.09255679614014095,899.7525024414062,,,
pre,330,870.2423095703125,0.0929148718714714,900.2369995117188,,,
pre,331,872.8836771647135,0.09277787432074547,899.7974853515625,,,
pre,332,879.0288492838541,0.09272767023907767,900.7156982421875,,,
pre,333,876.9609883626302,0.09293908956978056,899.6231689453125,,,
pre,334,872.0548468695747,0.09277830811010467,900.0154418945312,,,
pre,335,874.5804816351997,0.09279434589876069,899.4965209960938,,,
pre,336,872.6211005316841,0.09268858325150278,900.5523071289062,,,
pre,337,873.7195773654514,0.09297537720865673,899.5280151367188,,,
pre,338,874.1873508029514,0.09289385295576519,900.2080688476562,,,
pre,339,873.7474331325955,0.09311563811368412,899.989990234375,,,
pre,340,873.8914252387153,0.09277674886915419,899.335693359375,,,
pre,341,873.231679280599,0.09254197900493939,899.9281005859375,,,
pre,342,876.9348449707031,0.09241779231362873,899.3185424804688,,,
pre,343,874.7530042860243,0.09286644351151255,899.3029174804688,,,
pre,344,871.6948886447483,0.0932563841342926,899.7218017578125,,,
pre,345,872.4452311197916,0.09271765541699198,899.9944458007812,,,
pre,346,876.6072184244791,0.0926524404850271,899.6338500976562,,,
pre,347,868.9010111490885,0.092564404838615,899.9189453125,,,
pre,348,879.695288764106,0.09290117149551709,899.4169921875,,,
pre,349,875.0310262044271,0.09294467833307055,899.2919921875,,,
pre,350,870.4426913791233,0.09293176730473836,899.8840942382812,,,
pre,351,871.7749294704861,0.09275070867604679,899.5005493164062,,,
pre,352,870.4513787163628,0.0927328070004781,899.6748046875,,,
pre,353,874.6115383572048,0.0929338824417856,899.4651489257812,,,
pre,354,872.8753289116753,0.09282463540633519,899.530029296875,,,
pre,355,873.4424031575521,0.09287542808387014,899.6189575195312,,,
pre,356,871.9666646321615,0.09271573233935568,899.4791259765625,,,
pre,357,873.697255452474,0.09285436653428608,899.4708251953125,,,
pre,358,879.149146185981,0.0929880945218934,899.4221801757812,,,
pre,359,874.5404391818577,0.09281591160429849,900.0134887695312,,,
pre,360,874.017113579644,0.09300311696198252,899.2960815429688,,,
pre,361,870.2999030219185,0.09307002648711205,899.3932495117188,,,
pre,362,873.968502468533,0.09268526567353143,900.005615234375,,,
pre,363,872.8256564670139,0.09297298019131024,899.5896606445312,,,
pre,364,869.9067009819878,0.09292191432582007,899.6617431640625,,,
pre,365,873.9102986653646,0.09310260870390469,899.80810546875,,,
pre,366,872.2001376681858,0.09309320814079708,899.8564453125,,,
pre,367,869.7108934190538,0.09292295864886707,899.7593383789062,,,
pre,368,867.3071560329861,0.09324036704169379,899.7365112304688,,,
pre,369,874.7128295898438,0.09288395941257477,899.3153686523438,,,
pre,370,868.4354553222656,0.09310975588030285,899.9567260742188,,,
pre,371,875.1335177951389,0.09295504664381345,899.3348999023438,,,
pre,372,872.8726637098524,0.09287446530328856,899.8394165039062,,,
pre,373,879.2820536295573,0.09276263250244988,899.6752319335938,,,
pre,374,871.6417236328125,0.09311727641357316,899.7465209960938,,,
pre,375,869.862301296658,0.09319525419010057,899.77099609375,,,
pre,376,873.9617275661892,0.09307583504252964,899.3880004882812,,,
pre,377,872.6923285590278,0.09323644596669409,899.6508178710938,,,
pre,378,872.7026536729601,0.09357213311725193,899.71044921875,,,
pre,379,876.1433308919271,0.09337304035822551,899.7255249023438,,,
pre,380,873.3815477159288,0.09317380521032545,900.0526733398438,,,
pre,381,870.6363932291666,0.0934485863480303,899.984619140625,,,
pre,382,874.9214850531685,0.09342238100038634,900.260498046875,,,
pre,383,872.8095974392361,0.09312704785002603,899.6942138671875,,,
pre,384,871.8866475423177,0.09343734838896328,900.0729370117188,,,
pre,385,871.4577297634548,0.09342773258686066,899.9020385742188,,,
pre,386,879.056630452474,0.09354643440908855,899.6994018554688,,,
pre,387,873.2649366590712,0.09339197104175885,899.8084106445312,,,
pre,388,869.6904635959202,0.09305005810327,899.5193481445312,,,
pre,389,879.7246365017361,0.09340548432535595,899.8936157226562,,,
pre,390,873.4448716905382,0.0935446528924836,899.5679321289062,,,
pre,391,879.0298190646702,0.09345520701673296,899.3190307617188,,,
pre,392,874.3260294596354,0.09317708926068412,899.7896728515625,,,
pre,393,869.3967861599392,0.09305873182084826,899.5332641601562,,,
pre,394,873.2608371310764,0.093089383509424,899.5973510742188,,,
pre,395,870.0633951822916,0.09348420881562763,899.7518310546875,,,
pre,396,873.592539469401,0.09321413064996402,900.2195434570312,,,
pre,397,872.2677442762587,0.09341351149810685,899.765869140625,,,
pre,398,878.3222724066841,0.09329148671693271,899.7655029296875,,,
pre,399,877.0537990993923,0.09292910372217496,899.76416015625,,,
pre,400,871.1797247992622,0.09314518504672581,899.8076171875,,,
pre,401,872.9627075195312,0.09327720312608613,899.2927856445312,,,
pre,402,868.6183912489149,0.09352220056785478,899.5767822265625,,,
pre,403,878.8915134006077,0.09324665740132332,899.529541015625,,,
pre,404,878.7032741970486,0.09331373125314713,899.6182861328125,,,
pre,405,867.5174730088976,0.09365308988425466,899.1768188476562,,,
pre,406,879.2699924045139,0.09328491282131937,899.5712890625,,,
pre,407,873.7049763997396,0.09310800499386257,899.7354125976562,,,
pre,408,870.6365322536892,0.09325308932198419,899.2692260742188,,,
pre,409,876.2993469238281,0.09290008536643451,899.3990478515625,,,
pre,410,881.2038981119791,0.09321307101183468,899.7875366210938,,,
pre,411,874.5020446777344,0.0929144707818826,899.4741821289062,,,
pre,412,875.276357014974,0.09305044098032846,899.4409790039062,,,
pre,413,871.7938639322916,0.09319753737913238,899.3596801757812,,,
pre,414,876.7692023383247,0.09313031037648518,899.3869018554688,,,
pre,415,881.8361443413628,0.09312887034482425,899.5664672851562,,,
pre,416,872.7912936740452,0.0932701722615295,899.7974243164062,,,
pre,417,873.3285624186198,0.09323812855614556,899.3384399414062,,,
pre,418,876.839840359158,0.09325114554829067,899.4708251953125,,,
pre,419,876.1552530924479,0.0934232593410545,899.665283203125,,,
pre,420,871.7103814019097,0.09357605502009392,899.3870239257812,,,
pre,421,874.2517666286892,0.09343073889613152,899.7762451171875,,,
pre,422,869.4849853515625,0.0935140670173698,899.41748046875,,,
pre,423,872.5259399414062,0.09353500480453174,899.3773803710938,,,
pre,424,875.3696628146702,0.0931664328608248,899.6115112304688,,,
pre,425,870.0084974500868,0.09344328774346246,899.0952758789062,,,
pre,426,874.431881374783,0.09318144619464874,899.6900024414062,,,
pre,427,871.9266153971354,0.09363442907730739,899.5860595703125,,,
pre,428,877.1199985080295,0.09342127624485227,899.9879760742188,,,
pre,429,870.8205023871528,0.09345697735746701,899.5294189453125,,,
pre,430,878.1878763834635,0.09326102750168906,899.668212890625,,,
pre,431,868.997806125217,0.09345114479462306,900.014892578125,,,
pre,432,875.813479953342,0.09360667773418957,899.5110473632812,,,
pre,433,868.3428005642361,0.09288853199945556,899.208251953125,,,
pre,434,871.1370205349392,0.09344768524169922,899.5809326171875,,,
pre,435,873.4356180826823,0.09316350809401935,899.5103149414062,,,
pre,436,870.979977077908,0.0934493165049288,899.6972045898438,,,
pre,437,870.4227498372396,0.09333808595935504,899.8320922851562,,,
pre,438,882.487291124132,0.09319405092133416,899.7854614257812,,,
pre,439,873.2125583224827,0.09331059041950437,899.8869018554688,,,
pre,440,867.3183322482639,0.09331541963749462,899.5863647460938,,,
pre,441,874.8334214952257,0.09352614647812313,899.571533203125,,,
pre,442,868.0380011664497,0.09353856618205707,899.7504272460938,,,
pre,443,870.8930867513021,0.09352808280123605,900.4286499023438,,,
pre,444,871.594017876519,0.09342622922526465,899.8827514648438,,,
pre,445,870.4415317111545,0.09355594921443197,899.4940185546875,,,
pre,446,869.6922234429253,0.09372786059975624,899.52783203125,,,
pre,447,875.260267469618,0.09328172728419304,899.8540649414062,,,
pre,448,876.0608317057291,0.09378823637962341,899.566162109375,,,
pre,449,870.0929124620226,0.09366892154018085,899.807861328125,,,
pre,450,871.7060614691841,0.09388177262412177,899.8989868164062,,,
pre,451,870.7501559787327,0.0934339492685265,899.5592041015625,,,
pre,452,876.28076171875,0.0934971599943108,899.7711791992188,,,
pre,453,871.1187405056423,0.09365009640653928,899.7328491210938,,,
pre,454,872.1808098687065,0.09356731921434402,899.6694946289062,,,
pre,455,873.017344156901,0.09381834210620986,899.6290893554688,,,
pre,456,872.6112738715278,0.09379684469766086,900.1430053710938,,,
pre,457,866.1657172309028,0.09390689184268315,899.7327880859375,,,
pre,458,866.6964077419705,0.09392036456200811,900.0051879882812,,,
pre,459,871.2189398871528,0.093280797617303,899.7451782226562,,,
pre,460,865.7716674804688,0.09375726307431857,899.9876708984375,,,
pre,461,877.1629469129774,0.09348719153139326,899.7767333984375,,,
pre,462,872.4508293999565,0.09380260813567373,899.8812255859375,,,
pre,463,870.3465270996094,0.09353886461920208,899.5772705078125,,,
pre,464,871.4588894314236,0.09399377306302388,900.1621704101562,,,
pre,465,868.7076721191406,0.09384674951434135,900.3384399414062,,,
pre,466,867.2006530761719,0.09388278797268867,899.907958984375,,,
pre,467,871.9789360894097,0.09378650370571348,900.2169189453125,,,
pre,468,873.0631103515625,0.09397390277849303,899.7374267578125,,,
pre,469,875.0794101291233,0.09363767463299963,900.542724609375,,,
pre,470,870.4318508572048,0.09363554128342205,899.7197875976562,,,
pre,471,871.3414442274305,0.09307340284188588,899.7787475585938,,,
pre,472,871.1910468207466,0.0933544971048832,899.9031982421875,,,
pre,473,876.8282538519966,0.09313765871855947,899.8068237304688,,,
pre,474,871.3514675564236,0.09383219521906641,899.8365478515625,,,
pre,475,869.3766513400608,0.09392591938376427,899.5013427734375,,,
pre,476,868.2774149576823,0.09395209327340126,899.6102905273438,,,
pre,477,876.3231981065538,0.09367473050951958,899.7164916992188,,,
pre,478,869.708499484592,0.09369263052940369,899.60302734375,,,
pre,479,871.627926296658,0.09382601620422469,899.717041015625,,,
pre,480,872.2976955837673,0.09379458468821314,899.7534790039062,,,
pre,481,869.5384758843315,0.0936776850786474,899.2547607421875,,,
pre,482,870.5197686089409,0.09379213096366988,899.7260131835938,,,
pre,483,869.2489047580295,0.09416019419829051,899.9905395507812,,,
pre,484,871.3787773980034,0.09374552799595727,899.7957763671875,,,
pre,485,869.9070197211372,0.09346119314432144,899.9082641601562,,,
pre,486,871.9715779622396,0.09394568039311303,899.7479248046875,,,
pre,487,871.6539950900608,0.09356397224797143,900.0715942382812,,,
pre,488,869.5991143120659,0.09367051762011316,899.5106811523438,,,
pre,489,875.0772365993923,0.09369498863816261,899.5275268554688,,,
pre,490,870.4639790852865,0.09395033410853809,899.9686279296875,,,
pre,491,872.0126308865017,0.0943628338476022,899.7828979492188,,,
pre,492,872.6600748697916,0.09388850587937567,899.6293334960938,,,
pre,493,877.6057807074653,0.09369979426264763,899.6278686523438,,,
pre,494,871.4155646430122,0.09392594628863865,899.8748168945312,,,
pre,495,865.9563700358073,0.09402216350038846,899.8753051757812,,,
pre,496,870.0753784179688,0.09424803281823795,899.589111328125,,,
pre,497,871.711171468099,0.09414463738600413,899.9019165039062,,,
pre,498,866.3520304361979,0.094403142730395,900.10400390625,,,
pre,499,870.400170220269,0.09444516690240966,899.6044921875,,,
pre,500,873.2044779459635,0.09395474650793606,900.013427734375,,,
pre,501,870.208974202474,0.0944406497809622,899.7443237304688,,,
pre,502,866.2142876519097,0.09431657153699133,899.9442749023438,,,
pre,503,868.7188686794705,0.09449141679538621,899.816650390625,,,
pre,504,871.9125908745659,0.09429608657956123,899.9454956054688,,,
pre,505,866.7574327256945,0.09442587445179622,900.099853515625,,,
pre,506,867.8409084743923,0.09404913874136077,900.1753540039062,,,
pre,507,871.5767245822483,0.09417933018671142,899.852783203125,,,
pre,508,873.558848063151,0.09427833515736792,899.531494140625,,,
pre,509,874.7144605848524,0.09414728068643147,899.7853393554688,,,
pre,510,876.3282741970486,0.09415474782387416,899.6116333007812,,,
pre,511,879.8129374186198,0.0941176563501358,899.7537841796875,,,
pre,512,878.2217373318142,0.09446294481555621,899.8963623046875,,,
pre,513,870.427954779731,0.09415908571746615,899.8489990234375,,,
pre,514,872.7460428873698,0.09417951810691091,900.22216796875,,,
pre,515,865.8641425238716,0.09409695987900098,899.9560546875,,,
pre,516,868.0900675455729,0.09415092153681649,899.5177612304688,,,
pre,517,870.4652201334635,0.09429747569892141,899.8825073242188,,,
pre,518,870.2170071072048,0.09442486655380991,900.0343017578125,,,
pre,519,866.5019938151041,0.09422598944769965,899.9625854492188,,,
pre,520,877.5452541775173,0.0939962516228358,899.9779052734375,,,
pre,521,875.1811726888021,0.09402601462271479,899.6245727539062,,,
pre,522,867.4502631293403,0.09421530200375451,899.8976440429688,,,
pre,523,874.9310065375435,0.09432346704933378,900.32470703125,,,
pre,524,874.134280734592,0.0946998070511553,899.8173217773438,,,
pre,525,870.692372639974,0.0945929955277178,900.2477416992188,,,
pre,526,867.6536220974392,0.09438051366143757,900.1288452148438,,,
pre,527,873.9253506130642,0.09458174556493759,899.914306640625,,,
pre,528,870.5198635525173,0.0942976859708627,900.3593139648438,,,
pre,529,871.3665093315972,0.09470796005593406,899.93896484375,,,
pre,530,866.9172634548611,0.09480313170287344,900.508056640625,,,
pre,531,866.046654595269,0.09481904655694962,900.1649780273438,,,
pre,532,874.8369784884983,0.09516636406381924,900.2474365234375,,,
pre,533,871.9325900607639,0.09468732236160173,899.8951416015625,,,
pre,534,870.9081488715278,0.09474529698491096,900.1630859375,,,
pre,535,875.4903428819445,0.09462566549579303,899.7779541015625,,,
pre,536,872.584984673394,0.09487147049771415,899.9207763671875,,,
pre,537,865.7558898925781,0.09478731618987189,900.0841064453125,,,
pre,538,867.6726413302952,0.09437292648686303,900.1280517578125,,,
pre,539,873.5254584418403,0.09483388728565639,899.4507446289062,,,
pre,540,871.598853217231,0.09481520992186335,899.5349731445312,,,
pre,541,873.8187967936198,0.09463414260082775,900.3267822265625,,,
pre,542,872.4302368164062,0.0949758030474186,899.527099609375,,,
pre,543,870.5642937554253,0.09461495280265808,899.8056030273438,,,
pre,544,870.2296922471788,0.09456796737180816,899.7094116210938,,,
pre,545,872.921851264106,0.09462977780236138,899.957763671875,,,
pre,546,873.8904147677952,0.09469891753461626,900.3463134765625,,,
pre,547,874.5717942979601,0.0948176280491882,900.0185546875,,,
pre,548,868.6683417426216,0.09504606119460529,900.1920166015625,,,
pre,549,869.0788302951389,0.09451884114080006,900.3872680664062,,,
pre,550,871.0827162000868,0.09450328308675024,899.872802734375,,,
pre,551,875.9679701063368,0.0943588295744525,900.7991943359375,,,
pre,552,866.2110087076823,0.09470079383916324,900.8223876953125,,,
pre,553,872.9144592285156,0.09472871488995022,900.619873046875,,,
pre,554,871.2061360677084,0.09491960414581829,900.0396728515625,,,
pre,555,874.3962198893229,0.09498634065190951,900.2952270507812,,,
pre,556,871.414554172092,0.09509283842311965,900.0888061523438,,,
pre,557,872.8984544542101,0.09506046896179517,899.8223266601562,,,
pre,558,869.2428860134548,0.09457159456279543,900.10986328125,,,
pre,559,871.0583326551649,0.0945744046734439,900.0238647460938,,,
pre,560,867.732655843099,0.09484431934025553,899.9158325195312,,,
pre,561,862.937255859375,0.09506743566857444,900.3282470703125,,,
pre,562,870.8909267849392,0.09478066075179312,900.1101684570312,,,
pre,563,869.7802225748698,0.09490375883049434,899.8117065429688,,,
pre,564,866.8616672092014,0.0950539650188552,900.4287719726562,,,
pre,565,868.9015435112847,0.0950477263993687,899.8948364257812,,,
pre,566,869.0079413519966,0.09480383288529184,900.4628295898438,,,
pre,567,875.1113586425781,0.09481014725234774,900.053955078125,,,
pre,568,866.8207668728298,0.09502918480171098,900.2079467773438,,,
pre,569,870.0133938259548,0.09505089620749156,900.0712890625,,,
pre,570,867.9086981879341,0.09475899032420582,899.99462890625,,,
pre,571,871.2331136067709,0.09524501777357525,899.6723022460938,,,
pre,572,872.7347208658854,0.09505077865388659,900.5342407226562,,,
pre,573,873.3323059082031,0.09473955589863989,899.9342651367188,,,
pre,574,869.7939181857639,0.09463359415531158,899.9616088867188,,,
pre,575,869.7183532714844,0.0949811012380653,900.093017578125,,,
pre,576,870.1882052951389,0.09480593312117788,899.6229858398438,,,
pre,577,869.3656684027778,0.09508517094784313,900.1281127929688,,,
pre,578,873.1014980740017,0.09519418535961045,900.1366577148438,,,
pre,579,869.2168036566841,0.09485677629709244,899.6680297851562,,,
pre,580,871.9859110514323,0.09536831536226803,899.9034423828125,,,
pre,581,877.5145060221354,0.09494366124272346,899.5928344726562,,,
pre,582,869.0150655110677,0.09488481697109011,899.881591796875,,,
pre,583,871.2168816460503,0.0951129984524515,899.7640380859375,,,
pre,584,868.5757649739584,0.09488844623168309,900.2823486328125,,,
pre,585,872.5813157823351,0.09476047133406003,900.1656494140625,,,
pre,586,877.4821709526909,0.09484515628880924,900.3267822265625,,,
pre,587,872.3457811143663,0.09502062242892054,899.91259765625,,,
pre,588,872.6326124403212,0.09475086836351289,899.699951171875,,,
pre,589,872.1771511501736,0.0956644896003935,900.4358520507812,,,
pre,590,867.2482537163628,0.09545035784443219,899.9732055664062,,,
pre,591,867.4105767144097,0.09556858448518647,899.9284057617188,,,
pre,592,873.7311231825087,0.09541583350963062,900.2515869140625,,,
pre,593,873.7700670030382,0.09559314284059736,900.0325927734375,,,
pre,594,872.3208414713541,0.0949136507180002,900.0866088867188,,,
pre,595,876.5257839626736,0.09517710780104001,900.2617797851562,,,
pre,596,868.6549648708767,0.09562975582149294,900.1725463867188,,,
pre,597,871.5936381022135,0.09531752723786566,899.8294067382812,,,
pre,598,866.0944010416666,0.09552411942018403,900.2486572265625,,,
pre,599,872.1514519585503,0.09499765518638822,900.21142578125,,,
pre,600,874.5882975260416,0.09527466239200698,900.1453857421875,,,
pre,601,867.8176812065972,0.09522509864634937,900.1635131835938,,,
pre,602,870.156260172526,0.09529532202415997,899.9751586914062,,,
pre,603,870.9373168945312,0.0954075265261862,900.0591430664062,,,
pre,604,868.1578572591146,0.09546713448233074,900.1012573242188,,,
pre,605,873.8172878689236,0.09505064164598782,899.8139038085938,,,
pre,606,867.5389370388455,0.09512442515956031,899.949462890625,,,
pre,607,869.0953131781685,0.09487791235248248,900.1875,,,
pre,608,871.0956217447916,0.0951914820406172,900.2567138671875,,,
pre,609,871.2855699327257,0.0952033984164397,900.578369140625,,,
pre,610,868.1903686523438,0.0954346615407202,900.7374877929688,,,
pre,611,869.750247531467,0.09485309736596213,899.84130859375,,,
pre,612,867.7020534939236,0.0949767716228962,900.0850830078125,,,
pre,613,868.6654595269097,0.09474546586473782,900.2614135742188,,,
pre,614,871.6365525987413,0.09547024758325683,900.3837280273438,,,
pre,615,870.1406080457899,0.09528929657406277,900.5913696289062,,,
pre,616,868.8197733561198,0.09548948001530436,900.3978271484375,,,
pre,617,868.6012539333767,0.09534068695373005,900.3086547851562,,,
pre,618,869.9627041286892,0.0953698390060001,900.1626586914062,,,
pre,619,869.352773030599,0.09559589500228564,900.240966796875,,,
pre,620,866.8500400119358,0.09569219375650088,900.232177734375,,,
pre,621,874.9663899739584,0.09530727730857001,899.6653442382812,,,
pre,622,875.3719787597656,0.09528937149378988,899.996826171875,,,
pre,623,864.0950351291233,0.09552728922830687,900.7313232421875,,,
pre,624,872.2521294487847,0.09539005739821328,900.0884399414062,,,
pre,625,869.3722093370226,0.09506529735194312,900.6962890625,,,
pre,626,869.5635172526041,0.09547939813799328,900.0086059570312,,,
pre,627,870.617407904731,0.09570437297224998,900.3161010742188,,,
pre,628,873.6675652398003,0.09581112530496386,900.268310546875,,,
pre,629,874.0880330403646,0.09589700400829315,899.867431640625,,,
pre,630,869.940175374349,0.09572709558738603,900.2677001953125,,,
pre,631,871.5288391113281,0.0961983563999335,900.692138671875,,,
pre,632,873.5852559407552,0.0960586638086372,900.3941040039062,,,
pre,633,869.8656344943577,0.09601130626267856,899.9888916015625,,,
pre,634,869.6930168999565,0.09623569332891041,900.385986328125,,,
pre,635,865.388648139106,0.09707177927096684,900.1484985351562,,,
pre,636,869.5117119683159,0.09624371925989787,900.2794189453125,,,
pre,637,868.0672844780815,0.09600923251774576,900.1992797851562,,,
pre,638,869.3624165852865,0.09597492631938723,899.931884765625,,,
pre,639,869.2187228732639,0.09563415787286228,900.1182861328125,,,
pre,640,866.5795355902778,0.09613539651036263,900.3306884765625,,,
pre,641,872.7344190809462,0.09584493686755498,900.3032836914062,,,
pre,642,872.688229031033,0.09579266152448124,900.6310424804688,,,
pre,643,867.8018832736545,0.09601832305391629,900.1031494140625,,,
pre,644,874.5389946831597,0.09595106749071015,899.956298828125,,,
pre,645,870.863779703776,0.09558265200919575,900.0526123046875,,,
pre,646,871.6509229871962,0.09559771087434557,900.612548828125,,,
pre,647,872.3413560655382,0.09528433531522751,900.6442260742188,,,
pre,648,866.5721198187935,0.0955152420534028,899.68896484375,,,
pre,649,873.416019015842,0.09520865769849883,900.4540405273438,,,
pre,650,868.8939581976997,0.0954419660071532,900.0506591796875,,,
pre,651,869.4456549750435,0.09571339314182599,899.9986572265625,,,
pre,652,872.5680338541666,0.09572362113330099,900.0492553710938,,,
pre,653,877.4705776638455,0.0957303320368131,900.0582885742188,,,
pre,654,868.3004387749565,0.09616735039485826,900.026123046875,,,
pre,655,868.2250298394097,0.09615210899048382,899.7743530273438,,,
pre,656,868.8061794704861,0.09577477930320634,899.9361572265625,,,
pre,657,872.0411546495226,0.09574876725673676,900.0869750976562,,,
pre,658,868.6652628580729,0.09541909645001094,899.9963989257812,,,
pre,659,869.2484198676216,0.09578851817382707,899.9255981445312,,,
pre,660,874.180898030599,0.09600091849764188,900.1836547851562,,,
pre,661,874.2651977539062,0.09578137513664034,900.1932373046875,,,
pre,662,867.7589925130209,0.09565611349211799,900.1524047851562,,,
pre,663,866.812232123481,0.0958988910747899,900.2112426757812,,,
pre,664,872.4093153211805,0.09602253345979585,900.0591430664062,,,
pre,665,867.4212951660156,0.09603210704194175,900.0357666015625,,,
pre,666,871.5148857964409,0.09602663210696644,900.0551147460938,,,
pre,667,867.1390211317274,0.09616812277171347,900.5921630859375,,,
pre,668,875.2850240071615,0.09562375934587584,900.4784545898438,,,
pre,669,865.9107021755642,0.09572277342279752,900.0548706054688,,,
pre,670,868.6073201497396,0.09659250908427769,900.0918579101562,,,
pre,671,868.0114949544271,0.09620294885502921,899.934326171875,,,
pre,672,866.7843865288628,0.09599145419067806,899.8026733398438,,,
pre,673,863.2205980088976,0.09542672832806905,899.8916015625,,,
pre,674,875.5162353515625,0.0950862926741441,899.9920654296875,,,
pre,675,868.3116794162327,0.09494301262829039,900.0531005859375,,,
pre,676,866.7268642849392,0.09503298045860396,899.8162841796875,,,
pre,677,870.2384033203125,0.09544915043645436,899.7579345703125,,,
pre,678,872.2362433539497,0.0955553584628635,899.6427612304688,,,
pre,679,865.739749484592,0.09571163480480512,899.8140869140625,,,
pre,680,866.0350850423177,0.0957475168009599,900.08544921875,,,
pre,681,867.578843858507,0.09543033233947223,900.2830810546875,,,
pre,682,872.9730156792534,0.09541393940647443,900.0814819335938,,,
pre,683,869.2792561848959,0.09578390253914727,899.8668823242188,,,
pre,684,869.2023518880209,0.09615422909458478,899.9017333984375,,,
pre,685,870.8248731825087,0.0960734664565987,900.0999145507812,,,
pre,686,867.8637288411459,0.09579539588756031,899.9379272460938,,,
pre,687,872.3694627549913,0.09632857847544882,900.0516357421875,,,
pre,688,869.2449781629774,0.09596503236227566,899.815185546875,,,
pre,689,871.3347642686632,0.09622682879368465,899.87158203125,,,
pre,690,869.0811225043403,0.09624697392185529,900.0830688476562,,,
pre,691,868.378170437283,0.09595054553614722,900.135986328125,,,
pre,692,873.2088826497396,0.09575242425004642,900.1437377929688,,,
pre,693,867.6133253309462,0.09580536642008358,900.233154296875,,,
pre,694,867.3575778537327,0.09602706299887763,900.085693359375,,,
pre,695,866.2573886447483,0.0960839216907819,899.946044921875,,,
pre,696,875.1809014214409,0.09630765683121151,900.24365234375,,,
pre,697,870.0824517144097,0.09638390151990785,900.1382446289062,,,
pre,698,866.0246412489149,0.09620696720149782,900.1401977539062,,,
pre,699,874.5305107964409,0.09604422003030777,899.9263305664062,,,
pre,700,869.1917690700955,0.09660957629481952,900.1754760742188,,,
pre,701,870.09033203125,0.09603081188268131,899.9755859375,,,
pre,702,868.8773668077257,0.09643162538607915,900.1966552734375,,,
pre,703,873.3251376681858,0.0964491040342384,900.3687744140625,,,
pre,704,868.1961364746094,0.09665128174755308,900.2630615234375,,,
pre,705,871.3874715169271,0.09609899504317178,900.1036987304688,,,
pre,706,867.6004909939236,0.0965976251496209,899.953857421875,,,
pre,707,874.5599195692274,0.0964641206794315,900.406982421875,,,
pre,708,874.0479600694445,0.09636783517069286,900.0977783203125,,,
pre,709,864.1641167534722,0.09701938389076127,899.9506225585938,,,
pre,710,870.2091606987847,0.0962068819337421,900.3432006835938,,,
pre,711,873.0131564670139,0.09605803795986706,900.468505859375,,,
pre,712,865.7671237521702,0.09600497658054034,899.97412109375,,,
pre,713,872.4576144748264,0.09603062396248181,900.1612548828125,,,
pre,714,867.1161363389757,0.09661060116357273,900.4404296875,,,
pre,715,867.6580268012153,0.09640373827682601,900.190673828125,,,
pre,716,865.7372979058159,0.09608587208721373,899.773681640625,,,
pre,717,868.842295328776,0.0961235339442889,900.1755981445312,,,
pre,718,873.2553236219618,0.09591334892643823,900.0757446289062,,,
pre,719,873.8367343478733,0.09630953189399508,900.507568359375,,,
pre,720,871.1826578776041,0.0965469442307949,900.0338134765625,,,
pre,721,866.4104783799913,0.09646490133470959,899.8525390625,,,
pre,722,876.5182427300347,0.09690477574865024,900.1882934570312,,,
pre,723,869.4680684407552,0.09644652116629812,900.1067504882812,,,
pre,724,871.9976772732205,0.09669259977009562,900.173583984375,,,
pre,725,867.8368869357639,0.09656447834438747,900.52099609375,,,
pre,726,870.9740261501736,0.09702094106210603,900.5760498046875,,,
pre,727,868.2124498155382,0.09678919116655986,900.5975341796875,,,
pre,728,871.4575263129341,0.0967047086192502,900.0895385742188,,,
pre,729,872.5638495551216,0.0966777457959122,900.3021240234375,,,
pre,730,873.6590440538195,0.09714497046338187,900.203125,,,
pre,731,870.0315585666233,0.0967830332616965,900.4244384765625,,,
pre,732,873.5786743164062,0.09670744091272354,900.1268920898438,,,
pre,733,864.0242106119791,0.09678599652316835,900.35595703125,,,
pre,734,870.491444905599,0.09696547438700993,899.8954467773438,,,
pre,735,870.253184000651,0.09668236929509375,900.3889770507812,,,
pre,736,873.7725558810764,0.0965142659842968,900.1637573242188,,,
pre,737,871.7919752332899,0.09645598381757736,899.9783935546875,,,
pre,738,872.8078782823351,0.09640939119789335,900.4017333984375,,,
pre,739,874.3200412326389,0.09641671097940868,900.18505859375,,,
pre,740,869.068617078993,0.09639784114228354,900.1538696289062,,,
pre,741,865.4168192545573,0.09632683007253541,899.8753051757812,,,
pre,742,869.6266682942709,0.09658173761434025,900.2395629882812,,,
pre,743,869.058580186632,0.09644282981753349,900.3297119140625,,,
pre,744,869.2689344618055,0.09657531604170799,900.0269165039062,,,
pre,745,872.5743408203125,0.09646655370791753,900.2197265625,,,
pre,746,868.9655693901909,0.09689663681719038,900.5304565429688,,,
pre,747,877.6665344238281,0.09665765696101719,900.15185546875,,,
pre,748,869.2203640407986,0.09655860397550795,900.4758911132812,,,
pre,749,869.8997158474392,0.0966024932761987,900.2092895507812,,,
pre,750,872.8801574707031,0.09671649750736025,900.34326171875,,,
pre,751,875.5365464952257,0.09761934230724971,900.123779296875,,,
pre,752,872.8366970486111,0.0970855380098025,899.9492797851562,,,
pre,753,869.8205769856771,0.09720139784945382,900.0143432617188,,,
pre,754,870.8674146864149,0.09681120680438147,900.2645263671875,,,
pre,755,874.1314222547743,0.09684843280249172,900.35791015625,,,
pre,756,873.0803561740452,0.09653459158208635,900.3251342773438,,,
pre,757,868.4371914333767,0.09668093588617113,900.0235595703125,,,
pre,758,873.1077236599392,0.0970693648689323,900.07177734375,,,
pre,759,874.8509351942274,0.09659596242838436,900.3427124023438,,,
pre,760,871.9476148817274,0.09661853147877587,900.1410522460938,,,
pre,761,869.3882412380642,0.09684500967462857,900.0791625976562,,,
pre,762,875.7122361924913,0.0969968947271506,900.2531127929688,,,
pre,763,873.8089870876736,0.09655111158887546,900.26708984375,,,
pre,764,872.0423414442274,0.0968295426832305,900.4029541015625,,,
pre,765,873.0327487521702,0.09697014548712307,900.1019897460938,,,
pre,766,873.4178059895834,0.09676351439621714,899.9346313476562,,,
pre,767,869.167972140842,0.09657836539877786,899.9944458007812,,,
pre,768,874.0450541178385,0.09665582453211148,900.7523803710938,,,
pre,769,874.7308620876736,0.09729747763938373,900.2518920898438,,,
pre,770,868.3526034884983,0.09713056311011314,900.2896118164062,,,
pre,771,873.406504313151,0.09672259704934226,900.5345458984375,,,
pre,772,871.1212192111545,0.0970381891561879,900.2637939453125,,,
pre,773,870.3007405598959,0.09684725229938825,900.2604370117188,,,
pre,774,874.9247368706597,0.09715649651156531,900.420654296875,,,
pre,775,871.1889817979601,0.09711072304182583,900.6469116210938,,,
pre,776,872.7745327419705,0.09773575017849605,899.9921264648438,,,
pre,777,873.265648735894,0.09719264093372557,900.3422241210938,,,
pre,778,875.0266554090712,0.09704056713316175,900.1736450195312,,,
pre,779,873.707750108507,0.09725222984949748,900.2427368164062,,,
pre,780,869.6014675564236,0.09746620017621252,900.20458984375,,,
pre,781,876.0500657823351,0.0966471168729994,899.888427734375,,,
pre,782,869.1268276638455,0.09722071099612448,899.9291381835938,,,
pre,783,873.2827690972222,0.09731894690129492,899.92724609375,,,
pre,784,869.0037638346354,0.09685371898942524,900.5151977539062,,,
pre,785,867.3300001356337,0.09706562095218235,900.2990112304688,,,
pre,786,873.0099046495226,0.09632534864876005,900.216552734375,,,
pre,787,868.4868638780382,0.09668022849493557,900.1038818359375,,,
pre,788,870.9781528049045,0.09677675821714932,899.8130493164062,,,
pre,789,870.9581027560764,0.09701383072468969,900.10595703125,,,
pre,790,870.611073811849,0.09663321243392096,899.9364624023438,,,
pre,791,877.0489773220486,0.09643670378459825,900.4588012695312,,,
pre,792,868.6364067925347,0.0968048411111037,900.2047729492188,,,
pre,793,871.0289645724827,0.09664972581797177,900.0372314453125,,,
pre,794,867.200693766276,0.0966938580903742,900.1436767578125,,,
pre,795,871.9893256293403,0.09683592700295979,900.1752319335938,,,
pre,796,872.6275634765625,0.09690489495793979,900.1085815429688,,,
pre,797,866.3819444444445,0.09673482303818066,899.9852294921875,,,
pre,798,868.2376403808594,0.09654939754141702,899.9442749023438,,,
pre,799,871.5280354817709,0.09624487823910183,899.9942626953125,,,
sup,0,871.1431749131945,0.0912717878818512,899.89208984375,0.010000870511349704,0.17128372047510412,
sup,1,867.1515808105469,0.0906306000219451,899.9895629882812,0.01915956350664298,0.09381021021140946,
sup,2,872.2423773871528,0.0897945790655083,899.5036010742188,0.027518569491803646,0.055578514312704407,
sup,3,867.0629136827257,0.08999522568451034,899.8129272460938,0.03531743441190985,0.051931115281250745,
sup,4,876.504892985026,0.09022976044151518,899.6448364257812,0.04244543549915155,0.06143148341733548,
sup,5,864.1165161132812,0.08970334712002012,900.0067749023438,0.04888555304043823,0.0379314544196758,
sup,6,871.3592156304253,0.08976328083210522,899.7462768554688,0.055413286926017866,0.03272972493949863,
sup,7,872.5714992947048,0.08946355597840415,899.6617431640625,0.06155296808315648,0.03176530859329634,
sup,8,868.6166381835938,0.08967375175820456,899.7982788085938,0.06767749206887351,0.03534864163440135,
sup,9,869.6272922092014,0.08981533638305134,899.902587890625,0.07402136425177257,0.026391822146251798,
sup,10,873.6161499023438,0.08906911354925898,899.8367309570312,0.08036218956112862,0.02633262663665745,
sup,11,867.7761840820312,0.08938175812363625,899.8092651367188,0.08701581756273906,0.02404859064457317,
sup,12,874.7295769585503,0.0894599739048216,899.6143798828125,0.09333573654294014,0.034202328210489616,
sup,13,868.3699340820312,0.08944339429338773,899.8524780273438,0.09987443271610472,0.023788136895745993,
sup,14,873.2710808648003,0.08947391394111845,899.5926513671875,0.10641691130068567,0.02409127507255309,
sup,15,867.8093804253472,0.08920205260316531,899.9271850585938,0.1130560731722249,0.0257405417246951,
sup,16,866.224351671007,0.0894328144689401,899.7440185546875,0.11967728369765812,0.030586993774502642,
sup,17,869.9785495334202,0.08916667848825455,899.4514770507812,0.12649631251891455,0.024417590181757178,
sup,18,869.5889926486545,0.08986471841732661,899.8326416015625,0.13303802990251118,0.029222970582648285,
sup,19,871.1375223795573,0.08972672207487954,899.7413940429688,0.13981834881835514,0.021480971481651068,
sup,20,870.4165378146702,0.0894147434996234,900.1478271484375,0.14643876254558563,0.025501178551672235,
sup,21,880.1307847764757,0.0892258733510971,899.6853637695312,0.15354375458425945,0.02250867011025548,
sup,22,870.8697916666666,0.08934242982003424,899.857666015625,0.1602261687318484,0.020705750237943396,
sup,23,869.809078640408,0.08973781143625577,899.656005859375,0.16712016612291336,0.020579010817325778,
sup,24,867.2612236870659,0.08957029009858768,899.681396484375,0.17405073510275948,0.019852948517331645,
sup,25,867.859849717882,0.08944739028811455,899.4819946289062,0.1810124690334002,0.021406519174989726,
sup,26,873.3369310167101,0.08923983408345117,899.6956176757812,0.18787957976261774,0.023808549779156845,
sup,27,869.3668687608507,0.08896736303965251,899.833251953125,0.19512226515346104,0.019553826863153115,
sup,28,865.3965148925781,0.08894026610586378,899.4976806640625,0.20161127299070358,0.021601219040652115,
sup,29,871.435306125217,0.08910169493820932,899.3517456054688,0.2087872119413482,0.01562922394886199,
sup,30,868.2613762749565,0.08892830130126742,899.68994140625,0.21614773819843927,0.015863349732373737,
sup,31,865.0531480577257,0.08927991448177232,899.6177368164062,0.22247203522258335,0.02291010317599608,
sup,32,865.9090915256077,0.0890843781332175,899.7836303710938,0.22977076967557272,0.018896613399394684,
sup,33,872.0780910915798,0.08916899520489904,899.7521362304688,0.23663084705670676,0.017701263940479193,
sup,34,870.7533094618055,0.0892573959297604,899.9095458984375,0.24350843992498186,0.02450122342755397,
sup,35,875.2495829264323,0.08931420536504851,899.3765869140625,0.25007879071765476,0.02000871250250687,
sup,36,870.6412794325087,0.08913322082824177,899.6448364257812,0.2566419897807969,0.015366746882338904,
sup,37,868.490709092882,0.08914100171791182,899.9301147460938,0.2643715838591258,0.02049641422409978,
sup,38,873.5597093370226,0.08911522726217906,899.89013671875,0.2715924398766624,0.01748126556372477,
sup,39,867.9178432888455,0.08924428001046181,899.6181640625,0.2783648024002711,0.021842682048574917,
sup,40,875.6377733018663,0.0885973216758834,899.6104125976562,0.28530814747015637,0.01826913424560593,
sup,41,870.046654595269,0.0885853043033017,899.46728515625,0.2924104498492347,0.015529549344339304,
sup,42,865.4872063530815,0.08912672847509384,899.4277954101562,0.2991031871901618,0.017510548764322367,
sup,43,874.6585930718315,0.08933593663904402,900.07177734375,0.3059163557158576,0.03624714393582609,
sup,44,865.545678032769,0.08912677400641972,899.4724731445312,0.31267283029026455,0.016683563564179674,
sup,45,869.161387125651,0.08911330790983306,899.5794677734375,0.32010067502657574,0.01550730438126872,
sup,46,867.3106350368923,0.0892284471127722,899.61181640625,0.32700223392910427,0.0237405444883431,
sup,47,874.384755452474,0.08885718095633718,899.7353515625,0.33373041450977325,0.023494107079588704,
sup,48,873.8851657443577,0.08883105715115865,899.3090209960938,0.341032753388087,0.02035498758777976,
sup,49,863.4281853569878,0.0887949950993061,900.0274047851562,0.34810196856657666,0.019565613629917305,
sup,50,870.2704671223959,0.08873917327986823,899.5238647460938,0.3550584680504269,0.017314254784853093,
sup,51,869.4327460394966,0.08895568425456683,899.5299072265625,0.3614131079779731,0.01760717913404935,
sup,52,867.2754957411024,0.0893561484085189,899.4573364257812,0.36836227940188515,0.020864364872169163,
sup,53,872.6044514973959,0.0891829344133536,899.5485229492188,0.3757359567615721,0.01988666714169085,
sup,54,871.5568203396267,0.0891015413734648,899.4312133789062,0.3821585178375244,0.019784773712874286,
sup,55,874.1741638183594,0.08885431455241309,899.5272827148438,0.38865916265381706,0.016750331295447216,
sup,56,874.9935336642795,0.08868771087792185,899.6702880859375,0.3961508588658439,0.019678811562092353,
sup,57,872.484375,0.08882499072286817,899.5404052734375,0.40358618398507434,0.017966756933472224,
sup,58,865.2845967610677,0.08917813044455317,899.7070922851562,0.41009588208463454,0.015157069377083745,
sup,59,871.0089755588108,0.08903089662392934,899.37451171875,0.4173533237642712,0.014620737961700393,
sup,60,871.1730448404948,0.08894735160801145,899.6736450195312,0.4239641659789615,0.01916951576196071,
sup,61,872.3023308648003,0.08881938333312671,899.7360229492188,0.43065113325913745,0.01759568105141322,
sup,62,870.111304389106,0.08880040008160803,899.5083618164062,0.437976136803627,0.0156450851354748,
sup,63,864.7464667426216,0.08923959028389719,899.4017944335938,0.44412010245853,0.01739823071855224,
sup,64,871.9299621582031,0.08872986543509695,899.6047973632812,0.4517649710178375,0.018008406791422103,
sup,65,875.2711046006945,0.08893820270895958,899.7723999023438,0.45899291502104866,0.017487159943104617,
sup,66,870.2366773817274,0.0889403232269817,899.7603759765625,0.4657079809241825,0.017377061290769942,
sup,67,870.6766120062935,0.08904750562376446,899.66845703125,0.47225547830263775,0.015706332879037492,
sup,68,875.2841864691841,0.0889583176208867,899.5133056640625,0.479019433259964,0.022459092950965796,
sup,69,875.5806715223524,0.08889295243554646,899.4259033203125,0.4862114191055298,0.014462236108051406,
sup,70,867.7111273871528,0.08852568517128627,899.5015258789062,0.4930924144056108,0.013407225035027497,
sup,71,866.8125372992622,0.0888499307135741,899.4071655273438,0.5005611065361235,0.022328135673888028,
sup,72,864.4930250379774,0.08871105147732629,899.5010986328125,0.5067555755376816,0.017160915420390666,
sup,73,870.0485229492188,0.0884505965643459,899.4473266601562,0.513974560631646,0.020352163274462026,
sup,74,872.1846618652344,0.08876840728852484,899.2423095703125,0.521075705687205,0.020162741757101484,
sup,75,872.5324978298611,0.0886667552921507,899.34326171875,0.5278311338689592,0.014230356163655719,
sup,76,870.1183336046007,0.08875110331508848,899.16552734375,0.535317083199819,0.015750277140695188,
sup,77,872.4249877929688,0.08876563732822736,899.3363647460938,0.5410351985030704,0.019676326360139582,
sup,78,871.3651258680555,0.08869656796256702,899.425537109375,0.54764481054412,0.016901561731679574,
sup,79,868.0811869303385,0.08821417722437117,899.0651245117188,0.5552495684888628,0.015411802192425562,
sup,80,869.9791971842448,0.08822394617729717,898.9733276367188,0.5613197651174333,0.014571133936341438,
sup,81,873.4954664442274,0.08800755855109957,899.3317260742188,0.5694243477450477,0.02045136201195419,
sup,82,874.124745686849,0.0880975474913915,899.2540893554688,0.5752744939592149,0.01316750367792944,
sup,83,870.9249064127604,0.08781735888785785,899.1881103515625,0.5821135342121124,0.01968004117305908,
sup,84,870.7414754231771,0.08826797662509812,899.3489379882812,0.5907605091730753,0.01899945822596136,
sup,85,871.4033610026041,0.08831471039189233,899.2057495117188,0.5973516603310903,0.016378740456679627,
sup,86,862.7359619140625,0.08896840363740921,899.3237915039062,0.6043203605545892,0.01714098619090186,
sup,87,868.2507663302952,0.08858655351731512,899.0625,0.6108794477250841,0.013863679681283733,
sup,88,868.4442477756077,0.088405917916033,899.2400512695312,0.6184205412864685,0.014514679089188576,
sup,89,871.3327907986111,0.08870784358845817,899.10205078125,0.6244298054112328,0.015293020573962066,
sup,90,874.5286322699653,0.08850580950578053,899.3510131835938,0.6316043469640944,0.013606478246704986,
sup,91,865.9924791124132,0.08879935700032446,899.1679077148438,0.6377825140953064,0.016838780992353957,
sup,92,870.1663106282552,0.08853973696629207,899.2830200195312,0.6448206570413377,0.012146596783875592,
sup,93,868.7895812988281,0.0887755664686362,899.3416137695312,0.6506670945220523,0.019581717788241804,
sup,94,871.4909023708767,0.08851422162519561,899.1978149414062,0.6584029694398245,0.01457360834400687,
sup,95,869.914798312717,0.08846342977550295,899.0825805664062,0.6649634606308408,0.015322017858529257,
sup,96,876.6135186089409,0.08843262452218267,899.2557373046875,0.6730631954140134,0.015053497614442475,
sup,97,864.4021640353733,0.08847028430965212,899.6414184570312,0.6796036428875394,0.015567135867766209,
sup,98,872.8425089518229,0.08853531297710207,899.46044921875,0.6867454184426202,0.015111738867643807,
sup,99,873.9957309299045,0.08850722759962082,899.2376708984375,0.6931838360097673,0.013444055001147918,
sup,100,872.7732849121094,0.08865321303407352,899.1615600585938,0.7006232076221042,0.01947945157169468,
sup,101,868.4258524576823,0.08840223939882384,899.4788818359375,0.7073531912432777,0.01589580643404689,
sup,102,868.3450520833334,0.08874629686276118,899.0473022460938,0.7142437464661069,0.013326464492517212,
sup,103,867.8242662217882,0.08839734643697739,899.39794921875,0.7211524281236861,0.01670629567363196,
sup,104,871.344228108724,0.0885981135070324,899.3043823242188,0.7273674805959066,0.01901733930895312,
sup,105,878.3060946994358,0.08856873793734445,899.2106323242188,0.7342757748232948,0.01494289874487246,
sup,106,869.5553012424045,0.08884323802259234,899.5709228515625,0.7407499154408773,0.015354673455779752,
sup,107,872.1271565755209,0.08872146076626247,899.276123046875,0.7481548819277022,0.02121601000221239,
sup,108,876.8638543023003,0.08869442467888196,899.2916870117188,0.7548325426048703,0.013966505939606577,
sup,109,871.2945963541666,0.08836688639389144,899.3383178710938,0.7616577214664884,0.014698849661120525,
sup,110,867.2300313313802,0.0886149410572317,899.4695434570312,0.7700930370224847,0.016163743088125355,
sup,111,870.4474555121528,0.08873013696736759,899.2921752929688,0.776094463136461,0.013188329709616179,
sup,112,870.5354953342014,0.08849650414453612,899.222412109375,0.7820798953374227,0.018332040946309764,
sup,113,871.1265224880642,0.08857020777132776,899.3399047851562,0.7891030742062463,0.013957744425473114,
sup,114,867.6989237467448,0.08874759740299648,899.3310546875,0.7965358462598588,0.01704918293075429,
sup,115,875.681881374783,0.08863584945599239,899.3422241210938,0.8030308816168044,0.0123924514822041,
sup,116,876.349612765842,0.0886956403652827,899.5931396484375,0.8107861247327592,0.015479347358147303,
sup,117,880.6900261773003,0.0889439731836319,899.4281005859375,0.8176257809003195,0.016761653241701424,
sup,118,868.8761155870226,0.08903445841537581,899.4267578125,0.8247396151224772,0.015874831756162975,
sup,119,865.3824598524305,0.08869930480917294,899.484375,0.8318387203746371,0.016972586693656113,
sup,120,869.8860914442274,0.08838348049256536,899.3480834960938,0.8387811680634817,0.015779620269313455,
sup,121,872.3040228949653,0.08878614836268955,899.4710083007812,0.8458767268392775,0.01656525002585517,
sup,122,870.4146592881945,0.08871912169787619,899.1128540039062,0.8526504039764404,0.013060717267863866,
sup,123,869.8484191894531,0.08878348602188958,899.4728393554688,0.857977827390035,0.013500888262771897,
sup,124,870.225806342231,0.08885134963525666,899.2908935546875,0.8635517921712663,0.024557723172215953,
sup,125,871.1986117892795,0.08860929351713923,899.543701171875,0.8713058564398024,0.015087460064225726,
sup,126,870.2467244466146,0.08889121851987308,899.5960083007812,0.8778313795725504,0.018314232752244506,
sup,127,869.9466824001736,0.08887364177240266,899.413818359375,0.885014232661989,0.02209064655471593,
sup,128,865.8849046495226,0.08836336433887482,899.5462036132812,0.8923043542438083,0.01259668696568244,
sup,129,869.0077379014757,0.08862539836102062,899.5178833007812,0.899417887131373,0.014218184346747067,
sup,130,868.6609734429253,0.08859869216879208,899.42431640625,0.9066146843963199,0.014064505334115691,
sup,131,869.4381544325087,0.08869729770554437,899.2830810546875,0.9132862753338284,0.0162717400623175,
sup,132,873.1789211697048,0.08844232766164674,899.410400390625,0.9198737012015449,0.019699654089183442,
sup,133,867.820546468099,0.08845393401053217,899.1968994140625,0.9257083336512247,0.012280603663788902,
sup,134,867.9047003851997,0.08856996521353722,899.5517578125,0.9346477223767174,0.01569586565407614,
sup,135,874.3575439453125,0.0887159150507715,899.4650268554688,0.9394619365533193,0.01642578408225543,
sup,136,868.7392272949219,0.08888109235299958,899.4657592773438,0.9469828638765547,0.014875724627118971,
sup,137,865.5185072157118,0.0886383814116319,899.3776245117188,0.9556431836552091,0.016980427782982588,
sup,138,871.3033955891927,0.08896475823389159,899.741455078125,0.9609494805335999,0.013625810479020907,
sup,139,873.3554484049479,0.08874941079152955,899.85888671875,0.9684368504418267,0.014335485860808857,
sup,140,871.2028876410591,0.08862759876582357,899.2811279296875,0.9763127432929145,0.012669654588939415,
sup,141,876.1461825900608,0.08826868649986055,899.98291015625,0.9812853634357452,0.017103429650887847,
sup,142,870.1324293348524,0.08843401860859659,899.4818725585938,0.9866937001546224,0.01674391556945112,
sup,143,867.6983947753906,0.08895241013831562,899.3367309570312,0.9956534869141049,0.016769706659639876,
sup,144,870.5597161187065,0.08892325104938613,899.3119506835938,1.000880201657613,0.012352823228057887,
sup,145,865.6290113661024,0.08892050261298816,899.6046142578125,1.008965207470788,0.016350837553747825,
sup,146,876.3845825195312,0.08860638986031215,899.6531982421875,1.0152751670943365,0.012757273520239525,
sup,147,864.403330485026,0.08895516271392505,899.3820190429688,1.023348993725247,0.02222958683139748,
sup,148,871.7613593207466,0.08846062463190821,899.3789672851562,1.0298961599667866,0.01711879836188422,
sup,149,869.7508002387153,0.08887083124783304,899.33935546875,1.0384682681825426,0.015087649277928803,
sup,150,868.1856519911024,0.08903380731741588,899.3001708984375,1.0420970850520663,0.020360977492398687,
sup,151,875.9535590277778,0.08888523942894405,899.3350219726562,1.0504572656419542,0.021144376498543553,
sup,152,863.8860710991753,0.08891041287117535,899.6741943359375,1.0558221009042528,0.014027916781035148,
sup,153,866.7456834581163,0.08872514590620995,899.21630859375,1.0631299946043227,0.015618988196365535,
sup,154,871.0336100260416,0.08827787265181541,899.50341796875,1.0703813764784071,0.018005219171755016,
sup,155,878.4244859483507,0.08838578851686583,899.458740234375,1.0765478213628132,0.018312395912491612,
sup,156,868.8560655381945,0.08830395216743152,899.1814575195312,1.084193468093872,0.014255755981947813,
sup,157,874.3098585340712,0.08857210642761654,899.3875122070312,1.0903453826904297,0.012735924230785005,
sup,158,870.4722561306423,0.0885810148384836,899.5955810546875,1.0971638560295105,0.021321680810716417,
sup,159,874.0399373372396,0.08857989187041919,899.546875,1.104748010635376,0.015584392356686294,
sup,160,873.7139180501302,0.08837691404753262,899.363037109375,1.1114642553859286,0.015007424724495245,
sup,161,868.8979424370659,0.08824495847026508,899.2982788085938,1.1167295575141907,0.016474819095391367,
sup,162,866.9347703721788,0.08815009188320902,899.3594970703125,1.1251713302400377,0.015370996772415109,
sup,163,865.7899610731337,0.08819845484362708,899.3641357421875,1.1310478117730882,0.019560056997256145,
sup,164,869.6071336534288,0.08840392405788104,899.309326171875,1.1358138985104032,0.014365579622487227,
sup,165,866.9528435601128,0.08843314978811476,899.6098022460938,1.1444827649328444,0.014762898725974891,
sup,166,870.6802978515625,0.08876498747203085,899.2611694335938,1.1504223081800673,0.013108528749499884,
sup,167,871.0008511013455,0.08862261763877338,899.4126586914062,1.1587605741288927,0.0141381318292891,
sup,168,867.9430304633247,0.08852487181623776,899.4369506835938,1.164892852306366,0.015092365185005797,
sup,169,869.6687350802952,0.08869573349754016,899.3970947265625,1.1716433035002813,0.018357414364193875,
sup,170,866.6021185980903,0.0885535470313496,899.4306640625,1.1780739691522386,0.01469375156900949,
sup,171,872.5651652018229,0.08838582163055737,899.623291015625,1.1845145093070135,0.014480498787533078,
sup,172,863.3915167914497,0.0886873607006338,899.7747802734375,1.19143635696835,0.0184170698436598,
sup,173,870.4708455403646,0.08857399101058643,899.5006103515625,1.196755912568834,0.014042284462549206,
sup,174,868.936303032769,0.08881855631868045,899.2890014648438,1.2067627906799316,0.016281449313585956,
sup,175,869.8611145019531,0.08861397703488667,899.5615844726562,1.2126845584975348,0.010998535021725628,
sup,176,875.663808186849,0.08851403908597098,899.2098999023438,1.219527582327525,0.017422662569313414,
sup,177,871.0141940646702,0.08862387223376168,899.4334716796875,1.2250949674182467,0.015332966105132882,
sup,178,866.9434814453125,0.08852874280677901,899.396728515625,1.230840226014455,0.012896535995726785,
sup,179,864.9375712076823,0.08909276458952162,899.2434692382812,1.2358582880761888,0.014978071731295332,
sup,180,874.0928310818142,0.08851748084028561,899.3812255859375,1.2466580735312567,0.0190791448759329,
sup,181,873.0901963975695,0.08801636513736513,899.1199951171875,1.2511508133676317,0.016791036481865577,
sup,182,868.6582099066841,0.08798054481546085,899.5961303710938,1.2624234358469646,0.012273518497952156,
sup,183,868.360843234592,0.08830741544564565,899.5359497070312,1.2653810448116727,0.011652563465759158,
sup,184,865.7990417480469,0.08839582444892989,899.1480102539062,1.2721311516231961,0.01851395986482708,
sup,185,870.3477647569445,0.08835448862777816,899.2081298828125,1.2807090679804485,0.014736730760584274,
sup,186,870.7149827745226,0.0884214730726348,899.3932495117188,1.2858872082498338,0.013910255407811038,
sup,187,871.5228101942274,0.08839002996683121,899.0914916992188,1.2915534840689764,0.029303212145653863,
sup,188,867.6270141601562,0.08799317686094178,899.31640625,1.3004894720183477,0.01113783932911853,
sup,189,871.3611280653212,0.08842861693766382,899.3148193359375,1.3075936171743605,0.019016146556370787,
sup,190,865.4253913031685,0.08823309342066447,899.3886108398438,1.3135102060106065,0.017324097842598956,
sup,191,875.0368821885851,0.08836793609791332,899.3883056640625,1.3189681967099507,0.015479706311857121,
sup,192,868.846177842882,0.08803259208798409,899.5083618164062,1.326831214957767,0.01814598582374553,
sup,193,866.6421746148003,0.08824616215295261,899.1715698242188,1.3332030640708075,0.015177089798574647,
sup,194,870.004886203342,0.08804700192477968,899.2367553710938,1.340755773915185,0.018603838954327837,
sup,195,873.2791341145834,0.08822848689224985,899.2014770507812,1.3482716083526611,0.017607107415743586,
sup,196,864.5012817382812,0.08857334281007449,899.43310546875,1.3517963820033603,0.01119671113944302,
sup,197,867.9005906846788,0.08890025524629487,899.2896728515625,1.3616856800185309,0.011347328041059276,
sup,198,869.976331922743,0.08873130960596932,899.455810546875,1.3679269618458219,0.013495847569882043,
sup,199,871.1701083713108,0.08834373992350367,899.6219482421875,1.373601456483205,0.012674414022411738,
sup,200,871.9239942762587,0.0881269300977389,899.4486083984375,1.3803721997472975,0.021219392902114324,
sup,201,869.2865227593315,0.08817002632551724,899.3313598632812,1.3865068687333002,0.013708997136240618,
sup,202,874.179663764106,0.08833042904734612,899.1843872070312,1.3930168350537617,0.011627516211269217,
sup,203,871.6990627712673,0.08870816437734498,899.3221435546875,1.4020687209235296,0.031771455684469804,
sup,204,869.5057542588976,0.08840868290927675,899.2914428710938,1.4048368136088054,0.025198068883683946,
sup,205,868.3351677788628,0.08805519507990943,899.3694458007812,1.4149220652050443,0.015701345905351143,
sup,206,867.571543375651,0.08816787890262073,899.4047241210938,1.4187064237064786,0.01632498363809039,
sup,207,876.4275173611111,0.08814845068587197,899.1239624023438,1.4279394812054105,0.016577132667104404,
sup,208,871.1119927300347,0.08834878148304091,899.7440795898438,1.43498914109336,0.015595350091138648,
sup,209,875.2176140679253,0.08821439080768162,899.2550048828125,1.4392754303084478,0.013375224286897315,
sup,210,869.8721347384983,0.0881485500269466,899.2598266601562,1.4477825562159221,0.01312193627624462,
sup,211,867.6128268771702,0.08796396065089437,899.161376953125,1.4525474707285564,0.01773870769991643,
sup,212,865.9088846842448,0.08828380000260141,899.2950439453125,1.4570514096154108,0.016524597433292203,
sup,213,866.5050693088108,0.0884339457584752,899.3084106445312,1.4649134145842657,0.013619572079430023,
sup,214,873.1466505262587,0.08805856646762954,899.2044067382812,1.4758163889249165,0.015910283946949575,
sup,215,869.6139390733507,0.08811600961618954,899.226806640625,1.480003085401323,0.012779567933951816,
sup,216,869.6203884548611,0.08794663515355852,899.4789428710938,1.487655070092943,0.012266200714899847,
sup,217,874.028316921658,0.08820180222392082,899.1411743164062,1.4964449604352315,0.012927997120035192,
sup,218,867.997806125217,0.08844610179464023,899.1759033203125,1.4988943404621549,0.016069771637881383,
sup,219,870.5886400010851,0.08864653731385867,899.1121826171875,1.5046725869178772,0.017803204219995275,
sup,220,868.6048889160156,0.08857524684733814,899.2906494140625,1.51622783475452,0.011921497488704821,
sup,221,870.0663384331597,0.0886694664756457,899.4033203125,1.520297838581933,0.013429076022778949,
sup,222,869.9645826551649,0.08822481541170014,899.206787109375,1.5272819068696764,0.01601125209385322,
sup,223,872.040551079644,0.08793625939223501,899.28662109375,1.5311369366115994,0.012735125712222524,
sup,224,874.0037027994791,0.08827806802259551,899.2772827148438,1.5388106438848708,0.01493553421460092,
sup,225,873.3497144911024,0.08857185186611281,899.548583984375,1.5460472371843126,0.02008111467067566,
sup,226,869.9528198242188,0.08801070435179605,899.6093139648438,1.5549576414955988,0.016205378976236615,
sup,227,868.9587470160591,0.08826086794336636,898.8612670898438,1.5604790581597223,0.01647693928033631,
sup,228,872.3280334472656,0.08743841821948688,899.260009765625,1.564308179749383,0.01658858089811272,
sup,229,870.4076843261719,0.08783046777049701,899.0072631835938,1.5702439612812467,0.016452903147890337,
sup,230,869.3788384331597,0.08793421296609773,899.4713134765625,1.5814092953999836,0.012977877036771841,
sup,231,866.9191589355469,0.08818358307083447,899.3655395507812,1.5869282947646246,0.011137226544734504,
sup,232,863.5537278917101,0.08825998918877707,899.0369262695312,1.5917057130071852,0.01611014493068473,
sup,233,866.2769673665365,0.08829520187444156,899.2205200195312,1.5993523597717285,0.01711557145851354,
sup,234,871.7730577256945,0.08774068992998865,899.1205444335938,1.6037735806571112,0.011750478423588598,
sup,235,866.9353875054253,0.0880675394501951,898.8937377929688,1.6112769179873996,0.016875577469666798,
sup,236,870.2047763400608,0.08798908359474605,899.0614013671875,1.6170010699166193,0.013110509349240197,
sup,237,881.7472330729166,0.0878647147781319,899.2225341796875,1.6245199706819322,0.01907842347605361,
sup,238,868.863023546007,0.08816720959213045,899.1151733398438,1.6342369781600103,0.013098051836196747,
sup,239,869.8140631781685,0.08797293901443481,899.1498413085938,1.6402275694741144,0.012698012061365362,
sup,240,867.7450052897135,0.088315452552504,899.1812744140625,1.638407866160075,0.012279441916487284,
sup,241,863.4317457411024,0.08834192901849747,899.3071899414062,1.6558011637793646,0.014111327660632215,
sup,242,867.3100043402778,0.08836368636952506,899.472412109375,1.658213946554396,0.014222632084662715,
sup,243,870.2588229709202,0.08820809258355035,899.2366333007812,1.6647520263989766,0.014150844201342098,
sup,244,876.100341796875,0.0882336397965749,898.9832763671875,1.6717629432678223,0.01840711250487301,
sup,245,865.4820624457466,0.08812284924917752,899.1260986328125,1.6803658141030207,0.013658087260814177,
sup,246,867.1702372233073,0.08779729571607378,899.3875732421875,1.6868654423289828,0.017171164237273235,
sup,247,866.6150071885851,0.08778665877050823,899.06689453125,1.694035463862949,0.013590238587413397,
sup,248,869.4828796386719,0.08753644881976975,899.2695922851562,1.6943233410517375,0.015610579271904297,
sup,249,866.4011569552952,0.08743569958541128,899.1356811523438,1.7055200007226732,0.017136610656355817,
sup,250,873.0141805013021,0.0877667839328448,899.4318237304688,1.7107737329271104,0.011320314201940265,
sup,251,868.4154663085938,0.08746010354823536,899.2318115234375,1.7210578719774883,0.014582742031456696,
sup,252,869.0562167697483,0.08812381409936482,899.507080078125,1.7236045466528997,0.017523430443058412,
sup,253,872.207275390625,0.08834630085362329,898.8221435546875,1.7336237364345126,0.0132327245729458,
sup,254,872.0962456597222,0.08821752087937461,899.4219360351562,1.737192710240682,0.017306671193283465,
sup,255,867.7267422146267,0.088010024279356,899.3250732421875,1.7460205223825243,0.01351507194340229,
sup,256,876.6270684136284,0.08779851264423794,899.1759643554688,1.750564542081621,0.015877999869796138,
sup,257,868.3446892632378,0.08769662761025959,899.2557373046875,1.7557439274258084,0.01195717584859166,
sup,258,873.4945543077257,0.08764451121290524,899.3207397460938,1.7643654876285129,0.011248726294272475,
sup,259,868.4773695203993,0.08791616186499596,899.2821655273438,1.769036504957411,0.013581759891369276,
sup,260,873.6332533094618,0.08824390379918946,899.0180053710938,1.7797961168819003,0.018986338801268075,
sup,261,878.6765543619791,0.08781282686524922,899.593505859375,1.7831169830428228,0.016045488287798233,
sup,262,869.3755459255642,0.08811566688948208,899.0054321289062,1.7899035347832575,0.01461260605396496,
sup,263,867.9486558702257,0.08794588678412968,899.40869140625,1.7971427374415927,0.015842351260491543,
sup,264,872.813242594401,0.0878282632264826,899.0758666992188,1.8045604626337688,0.018322630358549457,
sup,265,870.8728230794271,0.08813289966848162,899.1257934570312,1.8085755507151287,0.01879474272330602,
sup,266,874.9064229329427,0.08830788483222325,899.46728515625,1.8192965189615886,0.021082792883842356,
sup,267,868.870591905382,0.08771297335624695,899.1407470703125,1.8229623436927795,0.0175061891010652,
sup,268,869.7926805284288,0.08770465395516819,899.2344360351562,1.8291972478230794,0.0142250507681941,
sup,269,867.5789727105034,0.08771976828575134,899.124267578125,1.8396140336990356,0.012288143515535112,
sup,270,870.0061238606771,0.08803476558791266,899.0022583007812,1.8423311048083835,0.013929420888113478,
sup,271,871.9491712782118,0.08830435574054718,899.1061401367188,1.848729928334554,0.01164692172056271,
sup,272,872.8081122504341,0.08805730566382408,899.2044677734375,1.8570084770520527,0.014678514109820955,
sup,273,871.6855536566841,0.08775305044319895,899.0459594726562,1.8621626165178087,0.011190346856084134,
sup,274,862.8552076551649,0.08790731347269481,899.510986328125,1.8684115012486775,0.01334417348779324,
sup,275,869.1441989474827,0.0874278876516554,899.1707763671875,1.87763993607627,0.02131339871428079,
sup,276,871.1300726996528,0.08746252126163906,899.5227661132812,1.8844422631793551,0.01563566171615902,
sup,277,867.2419976128472,0.08778290823101997,899.296630859375,1.8921443157725863,0.010256941501413368,
sup,278,873.8070848253038,0.08828059211373329,899.3256225585938,1.8923942512936063,0.01406844612210989,
sup,279,866.0555691189236,0.08817018816868465,899.138916015625,1.901933855480618,0.020220011834883027,
sup,280,871.1878933376736,0.08806750509474012,899.4739990234375,1.9078661534521315,0.017595369161831007,
sup,281,870.1970520019531,0.08801255706283781,899.2125854492188,1.9161118004057143,0.02032937312550429,
sup,282,870.031968858507,0.08793701314263874,899.3866577148438,1.9231022198994954,0.014038017886276875,
sup,283,866.9306844075521,0.0880455155339506,899.2119140625,1.9264691140916612,0.016435857603533402,
sup,284,869.0585598415798,0.08821092918515205,899.140869140625,1.9305799272325304,0.014918258025621375,
sup,285,865.7769911024305,0.08797620899147457,899.4385375976562,1.9415488375557794,0.011244330348240005,
sup,286,869.0426534016927,0.0880342432194286,899.2329711914062,1.9419027765591939,0.014963823474115796,
sup,287,865.9383104112413,0.08813697182469898,899.490966796875,1.9522878064049616,0.015498621829061044,
sup,288,870.8703409830729,0.08824190621574719,899.225341796875,1.9635903239250183,0.014359451953269955,
sup,289,868.066650390625,0.08812825381755829,899.1791381835938,1.9685638083351984,0.011711258945676187,
sup,290,873.2008700900608,0.08803796437051561,899.0374145507812,1.970971981684367,0.015781453112140298,
sup,291,872.9500528971354,0.088023508588473,899.1973266601562,1.977541771199968,0.010399332425246635,
sup,292,868.9935031467014,0.08819461655285624,899.2592163085938,1.9885944194263883,0.013271134411398735,
sup,293,870.2975599500868,0.08792679467135006,899.0512084960938,1.9937431282467313,0.012444666483336024,
sup,294,866.0347086588541,0.08797794207930565,899.1531372070312,1.9939068754514058,0.012860661514827775,
sup,295,870.7793240017361,0.08763126159707706,899.4078369140625,2.0044824216100903,0.015265127074801259,
sup,296,873.5344882541233,0.0878901452653938,899.1637573242188,2.00868550936381,0.013006361473041276,
sup,297,871.0630967881945,0.08808950541747941,899.0177612304688,2.0187887483172946,0.014222193606353054,
sup,298,868.523447672526,0.08770400078760253,899.3532104492188,2.023398134443495,0.014638678739882179,
sup,299,869.5621134440104,0.08792101012335883,899.424560546875,2.034953170352512,0.01450309498856465,
sup,300,870.1063537597656,0.0881310146715906,899.430419921875,2.035998582839966,0.014787814140112864,
sup,301,865.5634765625,0.08812329421440761,899.1221313476562,2.0440463489956326,0.015345068053445883,
sup,302,870.1272684733073,0.08782635173863834,899.2562255859375,2.0513042940033808,0.018814112111512158,
sup,303,867.258070203993,0.08803368277019924,899.0384521484375,2.0568364593717785,0.01572527089673612,
sup,304,869.572499593099,0.08766449615359306,899.3125610351562,2.0651091072294445,0.017701191562486604,
sup,305,868.5393846299913,0.08772106592853864,899.0331420898438,2.066627436214023,0.01688531814660463,
sup,306,869.3533596462673,0.08794250008132723,899.17529296875,2.076641943719652,0.015193591372937791,
sup,307,870.3578626844618,0.08733232153786553,899.015625,2.084334929784139,0.014072774870631596,
sup,308,868.528540717231,0.08731986126965946,899.3140258789062,2.087800873650445,0.013076691383806368,
sup,309,872.31103515625,0.08773741250236829,899.02392578125,2.0950374205907187,0.011954416482088467,
sup,310,864.4351433648003,0.08811026852991846,899.0831298828125,2.101018600993686,0.014506569740155505,
sup,311,867.6903856065538,0.08824473950597975,899.06298828125,2.104903644985623,0.014644405520003703,
sup,312,871.6473829481337,0.08781949223743545,899.1561279296875,2.114158127042982,0.01157966450167199,
sup,313,868.4530402289497,0.08800128847360611,899.146728515625,2.1182902918921576,0.01485595955616898,
sup,314,866.5707126193577,0.08793170005083084,899.1526489257812,2.12917251057095,0.01660673672126399,
sup,315,876.422583685981,0.08782562158173984,899.216552734375,2.1363913085725574,0.017537378201571602,
sup,316,868.4292534722222,0.08783006129993333,899.2252197265625,2.134290854136149,0.01084949248858417,
sup,317,871.7386067708334,0.08804592366019885,899.1939697265625,2.1433789994981556,0.01954482134897262,
sup,318,865.5838148328993,0.08764716651704577,899.0401000976562,2.1569334401024713,0.01296049079650806,
sup,319,873.0269605848524,0.0877900943160057,899.05615234375,2.154172566201952,0.01454724200690786,
sup,320,865.7508612738716,0.08779713387290637,899.110107421875,2.166019704606798,0.0209872983654754,
sup,321,869.1906568739149,0.08795559778809547,899.3378295898438,2.1744079854753284,0.02194715938013461,
sup,322,869.3636338975695,0.08758779946300718,899.3570556640625,2.178445961740282,0.016278999741189182,
sup,323,869.6234605577257,0.08748095275627242,899.0997924804688,2.185129894150628,0.017211394565593865,
sup,324,871.4491407606337,0.0873723112874561,899.1848754882812,2.1929589112599692,0.013793714072865745,
sup,325,868.1623229980469,0.08763877592153019,899.1134643554688,2.1978290345933704,0.01266380691797369,
sup,326,866.4335157606337,0.08801690489053726,899.1266479492188,2.2000263002183704,0.01508402777188975,
sup,327,863.6517028808594,0.08780978578660223,899.2733154296875,2.205553505155775,0.012963845782602826,
sup,328,870.0453592936198,0.08792872519956695,899.0916137695312,2.2183068063524036,0.017764125821284123,
sup,329,872.2433132595486,0.0877230746878518,899.2232666015625,2.22408934434255,0.013898581874349879,
sup,330,872.1165568033854,0.08808769409855206,899.0759887695312,2.223030938042535,0.019581785490218964,
sup,331,869.7449171278212,0.08765244152810839,899.0816040039062,2.2315267854266696,0.016242179709176224,
sup,332,868.2381422254774,0.08795201033353806,899.4838256835938,2.242303411165873,0.019293036544695497,
sup,333,865.6473863389757,0.08771974138087696,899.05029296875,2.2545245885849,0.014953614031482074,
sup,334,874.7911546495226,0.08784035055173768,899.1895141601562,2.2473731173409357,0.016000940645527508,
sup,335,872.4656507703993,0.08768084024389584,899.0303955078125,2.2603053781721325,0.011093471341559457,
sup,336,874.4608595106337,0.08756989861528079,899.1986083984375,2.2624376085069446,0.01564974226574931,
sup,337,868.7708943684896,0.08806218165490362,899.3104248046875,2.2746447059843273,0.018572602045929268,
sup,338,866.5371873643663,0.087893714921342,899.55712890625,2.2781832880443997,0.014756145757726498,
sup,339,868.071753607856,0.08778868574235174,899.1786499023438,2.2856973144743176,0.010213575804502599,
sup,340,869.5966593424479,0.0878815468814638,899.1663818359375,2.2930620908737183,0.012993754288699064,
sup,341,869.8079969618055,0.08824477303359243,899.2479248046875,2.3028726975123086,0.01628263290816297,
sup,342,864.933108859592,0.08780952501628134,899.108154296875,2.3052075836393566,0.013263897698683044,
sup,343,866.9614562988281,0.08812904068165356,899.2265014648438,2.3167347510655723,0.01959375326987356,
sup,344,862.9519449869791,0.08777276840474871,899.02001953125,2.3165781762864857,0.014234930794272158,
sup,345,874.6868794759115,0.08786982339289454,899.3146362304688,2.323478486802843,0.02006502598265393,
sup,346,867.6902465820312,0.08780797984864977,899.1954956054688,2.3318691518571644,0.01508085815132492,
sup,347,868.613793267144,0.08836176701717907,899.1404418945312,2.3392745521333485,0.02063963761449688,
sup,348,866.8182000054253,0.08807713124487135,899.0972290039062,2.347597122192383,0.015256074011429317,
sup,349,868.6328294542101,0.08769787475466728,899.4054565429688,2.3494885100258722,0.020010623550559912,
sup,350,869.2927992078993,0.08786823890275425,899.15234375,2.3589070638020835,0.015876129476560488,
sup,351,868.6038886176216,0.08756578465302785,899.3345947265625,2.3642506069607205,0.016344507949219808,
sup,352,872.05859375,0.08764302068286473,899.02001953125,2.369275689125061,0.016678223127706185,
sup,353,870.0453084309896,0.08764373138546944,899.2960205078125,2.3754439883761935,0.019969335744260915,
sup,354,874.8324890136719,0.08802112067739169,899.3352661132812,2.3818564150068493,0.014354800016412305,
sup,355,866.3932257758247,0.08808737786279784,899.1867065429688,2.393285632133484,0.01593122749020242,
sup,356,873.2050035264757,0.08793788610233201,899.0311279296875,2.3965824709998236,0.014044454605836008,
sup,357,872.2858276367188,0.08797968882653448,899.2408447265625,2.3991202645831637,0.013424004518633915,
sup,358,864.1522250705295,0.08751776193579038,899.0429077148438,2.409881684515211,0.011762657370935712,
sup,359,871.4625684950087,0.0876823907925023,899.1807250976562,2.4092433187696667,0.019675376618074045,
sup,360,867.2996351453993,0.08780419992076026,899.041748046875,2.4179902606540256,0.019901955746010773,
sup,361,866.7915615505642,0.08800707881649335,899.1063842773438,2.4285906155904136,0.013362872685926655,
sup,362,871.9546678331163,0.08783446210953924,899.4083862304688,2.4328435924318104,0.014148042045740617,
sup,363,862.4641181098091,0.08828751494487126,899.3704833984375,2.4342699315812855,0.01506943093974971,
sup,364,875.4550577799479,0.08749868265456623,899.2988891601562,2.4509315623177423,0.016597973726068933,
sup,365,872.8584865993923,0.0872897853453954,899.3671875,2.450138568878174,0.014845834236540314,
sup,366,871.6108466254341,0.08715206177698241,899.2947387695312,2.4503634108437433,0.01490923009502391,
sup,367,873.3937140570747,0.08705735496348804,899.409912109375,2.46370267868042,0.015409276303317811,
sup,368,871.0517035590278,0.08712587505578995,899.2258911132812,2.4627043671078153,0.012816182803362608,
sup,369,868.7046508789062,0.08725262102153566,898.9216918945312,2.4785435332192316,0.021430688159954216,
sup,370,869.8666619194878,0.08714202046394348,899.0527954101562,2.4796070920096502,0.012757174386125471,
sup,371,869.3214891221788,0.087001271545887,898.8137817382812,2.486382563908895,0.013068540435698297,
sup,372,867.0723571777344,0.08753726672795084,899.2684936523438,2.496009018686083,0.012287211500936084,
sup,373,869.4883795844185,0.08754175487491819,898.9779052734375,2.49938084019555,0.013546461161846915,
sup,374,871.9971211751302,0.08754120932685004,898.9873046875,2.504993650648329,0.017326026391755376,
sup,375,866.9140150282118,0.08720398735668924,898.9452514648438,2.5174843470255532,0.011960718340964781,
sup,376,870.174326578776,0.0872634963856803,898.99951171875,2.5253007147047253,0.012703425626063513,
sup,377,871.2181769476997,0.08769984584715632,899.267822265625,2.5300280253092446,0.012089864234440029,
sup,378,874.5297037760416,0.08750030274192493,899.0496826171875,2.53657775455051,0.010434779506694112,
sup,379,868.1068556043837,0.08768627088930872,899.1797485351562,2.542564219898648,0.018732679218778178,
sup,380,865.1794230143229,0.08736657516823874,899.0712280273438,2.551579236984253,0.014775210280074842,
sup,381,871.4102851019966,0.08736335320605172,899.1153564453125,2.548841264512804,0.028659128170046542,
sup,382,866.4139133029514,0.08694845272435082,899.2437133789062,2.5610554218292236,0.01640807586308155,
sup,383,872.0235256618923,0.08702448341581556,899.0013427734375,2.5671085119247437,0.018823215427498024,
sup,384,870.5251532660591,0.0873999363846249,899.0321044921875,2.572326593928867,0.016434164808338717,
sup,385,870.3034057617188,0.08740755170583725,898.9904174804688,2.579959193865458,0.014915398529006375,
sup,386,871.7928805881077,0.08757775980565283,899.0746459960938,2.579909576310052,0.0241372988675721,
sup,387,867.9708726671007,0.08729726365870899,898.9283447265625,2.5858931276533337,0.014431114431418892,
sup,388,874.4198303222656,0.08718222545252906,899.2283935546875,2.6015861299302845,0.014469703956921067,
sup,389,870.1139628092448,0.08730913036399418,899.2039794921875,2.6005900965796576,0.012940941139176074,
sup,390,874.8544921875,0.08767380524012777,899.1951904296875,2.6061836878458657,0.018603031264825,
sup,391,870.2152269151476,0.08753274463944966,898.9326782226562,2.61555552482605,0.016306493444264762,
sup,392,870.1978081597222,0.08743732877903515,899.098876953125,2.6169245110617743,0.017351249595069222,
sup,393,873.1535441080729,0.08723557533489333,898.9354858398438,2.6294288635253906,0.01585995656852093,
sup,394,868.8925238715278,0.08729406653179063,899.55078125,2.636860105726454,0.014043560199853446,
sup,395,868.9986979166666,0.08751264669828945,899.1278076171875,2.633089820543925,0.016851690468481846,
sup,396,871.252695719401,0.08734703229533301,899.79345703125,2.646611491839091,0.016548583154670067,
sup,397,866.0494893391927,0.08732953502072228,899.7840576171875,2.6503863599565296,0.0149876670135806,
sup,398,874.1288892957899,0.08742148098018435,899.79443359375,2.6603570779164634,0.016918306251884334,
sup,399,871.758043077257,0.08691386547353533,899.1309814453125,2.6691344181696572,0.018375388120249327,
sup,400,865.7671915690104,0.08714452137549718,899.2483520507812,2.671409977806939,0.016176267061382532,
sup,401,872.1312594943577,0.08700954127642843,899.0654296875,2.6787145270241632,0.013662759951936701,
sup,402,868.9539930555555,0.08709978519214524,899.410888671875,2.6824550761116877,0.0196413553526832,
sup,403,869.2688395182291,0.0871394934753577,899.0242309570312,2.688501821623908,0.013244196093486002,
sup,404,866.3496500651041,0.08741832938459185,899.0388793945312,2.6988094780180187,0.0113881373933206,
sup,405,871.0379604763455,0.0874872940282027,898.9501953125,2.699761046303643,0.022038007892357808,
sup,406,865.9581298828125,0.0874552039636506,899.068603515625,2.711410880088806,0.015583020091677705,
sup,407,873.7339341905382,0.08732831602295239,899.01220703125,2.71759996149275,0.01332010416727927,
sup,408,867.7096455891927,0.08697071919838588,899.1630249023438,2.7248847352133856,0.015106584702152759,
sup,409,864.9862704806858,0.08704796433448792,898.9711303710938,2.729930771721734,0.012195381064278385,
sup,410,866.1002265082466,0.08711753040552139,899.1721801757812,2.737117608388265,0.016733387459276453,
sup,411,875.5401407877604,0.08726646213067903,899.1399536132812,2.742511921458774,0.01944599197142654,
sup,412,876.4837137858073,0.08709443691704008,898.9765014648438,2.75394688712226,0.012083564315819077,
sup,413,868.7883470323351,0.08705288337336646,899.1051635742188,2.751988079812792,0.010979176253183849,
sup,414,870.4039340549045,0.0874307830300596,899.1209716796875,2.7586650318569608,0.017766594731559355,
sup,415,866.5099419487847,0.08706039107508129,899.071044921875,2.7681221034791736,0.017696066138645012,
sup,416,868.7895779079861,0.08721482795145777,899.0877685546875,2.7729020383622913,0.013743852886060873,
sup,417,871.7237243652344,0.0869782024787532,899.0562133789062,2.778840117984348,0.011263025174331334,
sup,418,868.0194905598959,0.08738679024908277,899.0549926757812,2.7871353228886924,0.018391649445725813,
sup,419,877.9669358995226,0.0875456113782194,899.1100463867188,2.7890868716769748,0.013674433013269057,
sup,420,870.6248168945312,0.08736261766817835,899.0208129882812,2.798093067275153,0.014477502839225862,
sup,421,869.3031582302517,0.08739685722523266,899.1399536132812,2.8058312469058566,0.014884208691202931,
sup,422,872.6880900065104,0.08762176376250055,898.983642578125,2.8139099147584705,0.013351328425212868,
sup,423,873.6582573784722,0.087318181577656,899.0948486328125,2.809762027528551,0.015686621992952295,
sup,424,878.2157389322916,0.0871128501991431,899.191162109375,2.826281772719489,0.014694581455033686,
sup,425,872.8543056911892,0.08712076478534275,899.016357421875,2.8240030076768665,0.01312040250437955,
sup,426,864.2562764485677,0.08758335063854854,899.044677734375,2.831340061293708,0.013809070715473758,
sup,427,868.6695895724827,0.08770149490899509,898.9500122070312,2.836243059900072,0.012823116215359833,
sup,428,878.768063015408,0.08733925844232242,899.15185546875,2.843772623274061,0.01578669330208666,
sup,429,866.6095513237847,0.086972633169757,899.1126098632812,2.8519252803590565,0.013631622067704383,
sup,430,870.6937221950955,0.08721989103489453,899.0723266601562,2.8532027933332653,0.014519208796425827,
sup,431,866.5467325846354,0.08734612084097332,899.21044921875,2.86907512611813,0.016070182719785307,
sup,432,866.0967373318142,0.08730780705809593,899.039794921875,2.8719910118314953,0.011834028293378651,
sup,433,871.9732903374565,0.08704528709252675,899.009521484375,2.87758915954166,0.014727218749208583,
sup,434,873.5060967339409,0.08669809624552727,899.1554565429688,2.8889146645863852,0.015202313674510352,
sup,435,865.738304985894,0.086930596580108,899.0474243164062,2.8923791382047863,0.012135747445022894,
sup,436,872.0948350694445,0.08711126777860853,899.0315551757812,2.8899904754426746,0.012626340392873518,
sup,437,869.9094916449653,0.08710345418916808,899.0476684570312,2.896593305799696,0.021424289262439642,
sup,438,870.279283311632,0.08655530504054493,899.2985229492188,2.9088112115859985,0.012937336228787899,
sup,439,867.944814046224,0.0872742086648941,898.8218383789062,2.917755299144321,0.012442714489427291,
sup,440,872.5502590603298,0.08689039986994532,899.1124877929688,2.9194305075539484,0.015269505584405528,
sup,441,862.9992234971788,0.08725969369212787,899.1106567382812,2.927339381641812,0.017897903013767466,
sup,442,865.1745808919271,0.08737787769900428,899.0137939453125,2.9252510600619845,0.012512761323402325,
sup,443,866.356692843967,0.08740954183869892,898.963623046875,2.9416945113076105,0.018211426096968353,
sup,444,872.2610982259115,0.08685866081052357,899.0588989257812,2.9422616163889566,0.019239330069265433,
sup,445,872.3896484375,0.08714222618275219,899.060791015625,2.9416809479395547,0.04406512947429696,
sup,446,867.8761800130209,0.08645330535040961,899.131591796875,2.9600346750683255,0.011987944961422019,
sup,447,873.7200826009115,0.08649967735012372,899.0121459960938,2.967683288786146,0.013279382456352727,
sup,448,871.4424777560764,0.08702256282170613,898.9838256835938,2.976053237915039,0.014397844187139222,
sup,449,867.3646070692274,0.0870598161386119,899.390625,2.9768955840004816,0.01595154151760249,
sup,450,869.2277153862847,0.08686444784204166,898.995361328125,2.977814104821947,0.016287748236209154,
sup,451,867.1496412489149,0.08733514489399062,899.0382080078125,2.9881256421407065,0.023860608227550983,
sup,452,869.2682766384548,0.08690626091427273,898.9437255859375,3.0019117858674793,0.015528723726876907,
sup,453,870.9423387315538,0.08727550837728712,898.8657836914062,3.0006178087658353,0.014093520753603015,
sup,454,881.5536295572916,0.08670239564445284,899.0264282226562,3.0061385896470814,0.01948656334489998,
sup,455,873.8346693250868,0.08706798570023642,899.2540893554688,3.0113075044420032,0.01952527504828241,
sup,456,866.290028889974,0.08665019025405248,898.955322265625,3.0236144728130765,0.012408142236785756,
sup,457,870.9387783474392,0.08710899824897449,899.1680297851562,3.025665375921461,0.015211265120241377,
sup,458,868.757080078125,0.08695616780055894,898.9720458984375,3.02456267674764,0.015361145979517864,
sup,459,867.8610263400608,0.08730467408895493,899.31103515625,3.0374326176113553,0.015677607094403356,
sup,460,869.8696628146702,0.08743507746193144,899.0186157226562,3.050290889210171,0.014657585778170161,
sup,461,868.6209275987413,0.08725209823913044,899.0895385742188,3.049355069796244,0.015144220165287456,
sup,462,874.8612026638455,0.0873199991054005,899.2342529296875,3.046373976601495,0.017996013255065516,
sup,463,872.017079671224,0.08718500120772256,899.4193115234375,3.0690835449430676,0.01192723937694811,
sup,464,872.3945922851562,0.08709813819991218,899.1024780273438,3.0701977809270224,0.01392255561465087,
sup,465,863.8448045518663,0.08702311913172404,899.1151733398438,3.0755812989340887,0.013290965062980022,
sup,466,869.607167561849,0.0872968000670274,899.0057373046875,3.083246774143643,0.02227802699457647,
sup,467,870.1958855523003,0.08752253982755873,899.05126953125,3.085107035107083,0.01578106125816703,
sup,468,871.4666002061632,0.08735873715745078,899.4343872070312,3.08238955338796,0.019382761467972562,
sup,469,867.6873270670573,0.086986493319273,899.3306274414062,3.0960243542989097,0.0159400613564584,
sup,470,861.2924024793837,0.08714933569232623,899.0972290039062,3.099652740690443,0.015330003341659904,
sup,471,866.3649393717448,0.08729561749431822,899.3429565429688,3.113504264089796,0.012840899845792187,
sup,472,869.5122951931423,0.0869592424068186,899.021728515625,3.1238717370563083,0.012221688501692066,
sup,473,870.7655436197916,0.08699146244261,899.1015014648438,3.1128436194525824,0.011172246466028608,
sup,474,868.3861728244358,0.08740289509296417,899.1689453125,3.1247567070855036,0.01719476794824004,
sup,475,871.2131415473091,0.08689904792441262,899.0858154296875,3.1326386531194053,0.02192669068204446,
sup,476,873.2027926974827,0.08699123147461149,899.1663208007812,3.1492814222971597,0.013887816483879255,
sup,477,867.0473564995659,0.08708304166793823,899.2142333984375,3.147890263133579,0.013160250589458479,
sup,478,869.9743211534288,0.08698562532663345,899.0095825195312,3.1541607247458563,0.014052158027576903,
sup,479,875.008277045356,0.0867517636054092,899.3055419921875,3.1610121064715915,0.012269148105082827,
sup,480,871.1687622070312,0.0869294438097212,898.98876953125,3.161071154806349,0.017558684313876763,
sup,481,870.2198452419705,0.08683453293310271,899.2743530273438,3.1773932774861655,0.013703318442114525,
sup,482,865.9512057834202,0.08707278180453512,898.9507446289062,3.1807744900385537,0.01198665623087436,
sup,483,867.3309597439236,0.08677344106965595,899.2734985351562,3.1892522176106772,0.011825341317388747,
sup,484,864.9197150336372,0.08673254193531142,899.1068115234375,3.184125224749247,0.018717384793692164,
sup,485,871.218516031901,0.08730637613270018,899.1307373046875,3.1882694827185736,0.01976574460665385,
sup,486,864.8338792588976,0.08717294078734186,899.0941772460938,3.1913055843777127,0.016243167337961495,
sup,487,860.2850206163195,0.08733276650309563,899.1600341796875,3.2072053882810803,0.015371336782765057,
sup,488,874.2599216037327,0.08683175717790921,899.3038330078125,3.205723179711236,0.01670984368926535,
sup,489,867.7576395670573,0.08673983232842551,899.0205688476562,3.228263881471422,0.012646703463461664,
sup,490,874.3460049099392,0.08683003567987019,899.1390380859375,3.231233345137702,0.01219483652514302,
sup,491,866.418921576606,0.08719778805971146,899.1298217773438,3.237572338845995,0.023569702558840316,
sup,492,870.6754252115885,0.08693286279837291,899.2465209960938,3.234699355231391,0.014759787798134817,
sup,493,871.4249335394966,0.08701312045256297,899.2305297851562,3.250768290625678,0.017059612792864855,
sup,494,873.1344740125868,0.08709038959609137,899.4286499023438,3.254981835683187,0.01304717976341231,
sup,495,869.7546827528212,0.0868257408340772,899.0950927734375,3.25955777698093,0.013253874636979567,
sup,496,864.0689019097222,0.0870031946235233,899.1970825195312,3.2716213862101235,0.014777378903494941,
sup,497,868.8596123589409,0.08693224895331594,899.3754272460938,3.271321561601427,0.011629861624290546,
sup,498,868.2610914442274,0.08710601801673572,899.4515380859375,3.2845396598180137,0.014057838189829554,
sup,499,870.8408033582899,0.08700385317206383,899.0634765625,3.274476581149631,0.014728998635999031,
sup,500,865.8931274414062,0.08706257575088078,899.5322265625,3.289461957083808,0.01678463182826009,
sup,501,868.9973212348091,0.0873187705874443,899.2598266601562,3.295847045050727,0.01732873425094618,
sup,502,870.4456244574653,0.08686826543675528,898.9253540039062,3.310480965508355,0.015412531275716092,
sup,503,874.0626491970486,0.08681896701455116,899.0165405273438,3.305947608417935,0.018025990342721343,
sup,504,865.4436645507812,0.0870073785384496,899.1712036132812,3.3154718743430243,0.014311974273166723,
sup,505,868.1209818522135,0.08684580773115158,899.0426635742188,3.316614826520284,0.01537548002670519,
sup,506,871.6314798990885,0.08689328324463633,899.0945434570312,3.3267109526528253,0.013681681335179342,
sup,507,875.5386725531685,0.08690683171153069,899.131103515625,3.330680105421278,0.017486543834416404,
sup,508,870.0593092176649,0.08658846136596468,899.0975341796875,3.335808210902744,0.016912743863132264,
sup,509,866.5643107096354,0.08681716728541586,898.9938354492188,3.3455539544423423,0.015551911188393004,
sup,510,868.9121025933159,0.08650890406635073,899.02197265625,3.350210534201728,0.014469750746179165,
sup,511,868.8920830620659,0.08688762949572669,899.0685424804688,3.353767156600952,0.02174574584286246,
sup,512,872.3861626519097,0.08695602706736988,899.0878295898438,3.3646011617448597,0.013454373783638908,
sup,513,867.1026984320747,0.08677932206127378,899.0938110351562,3.3664677805370755,0.01608970990249266,
sup,514,865.8125542534722,0.08704452920291159,899.1651611328125,3.372717168596056,0.012474084712771906,
sup,515,868.56201171875,0.08698942346705331,899.1778564453125,3.3762965069876776,0.019651753232917853,
sup,516,868.8885769314236,0.08682898556192716,899.4572143554688,3.3788840108447604,0.017718839834237263,
sup,517,868.8006557888455,0.08651017397642136,899.11376953125,3.395999140209622,0.01351995215130349,
sup,518,872.3494974772135,0.08684477003084289,899.1664428710938,3.4069248040517173,0.018300133265761867,
sup,519,872.8646240234375,0.08669724274012777,899.1891479492188,3.41254625055525,0.011046669976268377,
sup,520,865.1251152886284,0.0866055658294095,899.1356201171875,3.4113656679789224,0.012799747637473047,
sup,521,868.2387390136719,0.08665287991364796,899.0611572265625,3.4163899024327598,0.011246105112756291,
sup,522,871.301283094618,0.0866085295048025,898.9224853515625,3.4196720123291016,0.024471686089075066,
sup,523,868.1857299804688,0.08661346303092109,899.0836791992188,3.4321910275353327,0.012284328695386648,
sup,524,869.9041985405815,0.08645191002223226,899.1259155273438,3.4385688834720187,0.013914252424405681,
sup,525,871.901597764757,0.08687696978449821,899.2415161132812,3.437855852974786,0.013929153572664492,
sup,526,866.689697265625,0.08735678758886126,898.8958129882812,3.449126919110616,0.01828214507420651,
sup,527,865.1323852539062,0.0868337249590291,899.2916870117188,3.456170664893256,0.012757490570139553,
sup,528,873.4312438964844,0.08669108069605297,899.0995483398438,3.4650138484107122,0.013077533829750286,
sup,529,869.2570393880209,0.0869182621439298,898.9157104492188,3.4630943404303656,0.016505349841382768,
sup,530,873.3872850206163,0.08666491301523314,899.0008544921875,3.4777275721232095,0.011729221558198333,
sup,531,868.9249064127604,0.08659006655216217,899.1704711914062,3.4817594289779663,0.022616477696121566,
sup,532,874.5565829806858,0.08666158260570632,899.2384643554688,3.4829550451702542,0.013393333957841,
sup,533,871.7783576117622,0.08661484097441037,899.1094970703125,3.49220433500078,0.01053135252247254,
sup,534,868.011742485894,0.0867891481353177,899.1836547851562,3.494691358672248,0.015512634094597565,
sup,535,867.2786627875435,0.08682942680186695,899.0614013671875,3.5115010738372803,0.012452499604680471,
sup,536,874.1707255045573,0.0866596396598551,899.088134765625,3.5142896042929754,0.01581520946799881,
sup,537,869.3204108344185,0.08675120274225871,899.1835327148438,3.515628218650818,0.017723026698351733,
sup,538,871.157718234592,0.08693692667616738,899.178466796875,3.5078103277418347,0.015784689483957157,
sup,539,870.1949225531685,0.08657372370362282,899.023193359375,3.5309556457731457,0.0173263984421889,
sup,540,871.132076687283,0.08650261991553837,899.1624755859375,3.526244362195333,0.015331577742472291,
sup,541,868.1250474717882,0.08630287771423657,899.1205444335938,3.5458091364966497,0.013087339285347197,
sup,542,866.8256496853298,0.08672983737455474,899.3921508789062,3.5369504425260754,0.01580888475291431,
sup,543,869.4301181369358,0.08662311939729585,898.9277954101562,3.5503477917777166,0.01817933446727693,
sup,544,866.767822265625,0.08606403569380443,899.06591796875,3.562288138601515,0.017237426376798086,
sup,545,868.9420878092448,0.0862525933318668,898.9651489257812,3.55398870839013,0.015248998999595642,
sup,546,868.9949103461372,0.08639838505122396,899.1419067382812,3.561204433441162,0.019712041597813368,
sup,547,869.1614074707031,0.08643649559881952,898.991943359375,3.578701032532586,0.015302882872573618,
sup,548,873.0281575520834,0.08658910046021144,899.1766357421875,3.5806729131274753,0.02022390689752582,
sup,549,865.4323357476128,0.08678805207212766,899.0513916015625,3.5798757870992026,0.015395801488517059,
sup,550,868.6085408528646,0.08668468437261051,899.3258666992188,3.5913684368133545,0.01563671263607426,
sup,551,866.6252814398872,0.08674154513412052,899.0982055664062,3.596391412946913,0.017588271526619792,
sup,552,866.9803941514757,0.08658947630061044,899.164306640625,3.607371767361959,0.013662554207257926,
sup,553,864.1771341959635,0.08671438487039672,898.9905395507812,3.606791297594706,0.010691373466721011,
sup,554,869.5747239854601,0.0868368028766579,899.2468872070312,3.606280657980177,0.017723899334669113,
sup,555,867.689938015408,0.08662542038493687,899.070556640625,3.6277011235555015,0.02038810144747711,
sup,556,874.6781650119358,0.08677354910307461,899.1876220703125,3.623078796598646,0.014071341862695085,
sup,557,863.1328464084202,0.0869352589878771,899.18408203125,3.632869760195414,0.014396251211615486,
sup,558,868.6499972873264,0.0869392500155502,899.0616455078125,3.6365283330281577,0.030274357905404434,
sup,559,872.2756178114149,0.08622360891766018,899.209716796875,3.662249631351895,0.01777302470549734,
sup,560,871.6931762695312,0.08661554174290763,899.2122192382812,3.656774878501892,0.016590689645252295,
sup,561,873.9570244683159,0.08618117454979154,899.24072265625,3.6609425412284002,0.012601012661535706,
sup,562,874.2923278808594,0.08611959550115797,899.1422729492188,3.6563735802968345,0.02166417691235741,
sup,563,870.9342922634548,0.08658317269550429,899.223388671875,3.67893029583825,0.012614426720473502,
sup,564,866.3855963812935,0.0861334250205093,899.362548828125,3.676103856828478,0.012497811345383525,
sup,565,869.4028116861979,0.08641456854012278,899.4366455078125,3.6822480890485974,0.012761397778780924,
sup,566,875.3930121527778,0.08616746423972978,899.4196166992188,3.6846321158938937,0.014791987836360931,
sup,567,868.131361219618,0.08618364110589027,898.9346923828125,3.683385451634725,0.02374636694892413,
sup,568,870.6555582682291,0.08641773089766502,899.1888427734375,3.6978744798236423,0.015111741105404993,
sup,569,874.3106655544705,0.08646223569909732,899.0028076171875,3.705768863360087,0.011088001076132059,
sup,570,866.7845831976997,0.08660348297821151,898.981201171875,3.717216968536377,0.014149347119705958,
sup,571,869.0073615180122,0.08604733852876557,899.1427612304688,3.7248975700802274,0.014574105126990212,
sup,572,873.8469780815972,0.08621997551785575,899.1810302734375,3.7295579512914023,0.02116440913070821,
sup,573,872.8204684787327,0.08653793897893694,899.13818359375,3.7314401865005493,0.015035229663933732,
sup,574,869.910166422526,0.08646742461456193,899.0809936523438,3.7447381814320884,0.013118294559212195,
sup,575,868.9823031955295,0.0864906944334507,899.5776977539062,3.7465082804361978,0.01180277453062849,
sup,576,869.0032687717014,0.08648132201698092,899.3734741210938,3.751927468511793,0.013470149909456572,
sup,577,871.8177761501736,0.08666333845920032,899.2908935546875,3.7532617118623524,0.014808200183324516,
sup,578,872.3066982693142,0.08640925586223602,899.18603515625,3.7671396997239857,0.011884201796621911,
sup,579,872.3479207356771,0.08662394972311126,899.2735595703125,3.766200754377577,0.013360690170278152,
sup,580,872.2340020073784,0.08683414922820197,899.1575317382812,3.7683890925513372,0.022605275735259056,
sup,581,869.0384928385416,0.08657469807399644,899.0960083007812,3.7733600536982217,0.019240292325978063,
sup,582,863.7908494737413,0.0865125126308865,899.3180541992188,3.7868183983696833,0.013669791967711516,
sup,583,870.0174119737413,0.0863520200881693,899.074462890625,3.7985534403059216,0.014774653737226294,
sup,584,864.5680813259548,0.0864184440837966,899.5021362304688,3.7925611469480724,0.018018060519049566,
sup,585,864.1399230957031,0.08656977199845844,899.137939453125,3.7884891827901206,0.0141117619867954,
sup,586,869.4565124511719,0.08627090685897404,899.234130859375,3.822611106766595,0.011706777395577066,
sup,587,871.483412000868,0.08640012683139907,899.0502319335938,3.812805904282464,0.014318462991569605,
sup,588,867.3664720323351,0.08617143664095137,899.532958984375,3.823949654897054,0.01778611856409245,
sup,589,869.1947191026476,0.08656594860884878,899.2451171875,3.8263861073387995,0.015410277293995023,
sup,590,869.653072781033,0.08645606579052077,899.0304565429688,3.8398265308803983,0.01924308733497229,
sup,591,869.0918782552084,0.08685825765132904,899.2788696289062,3.831627448399862,0.013154940207540575,
sup,592,871.9453938802084,0.08717234432697296,899.1507568359375,3.840459320280287,0.01572591418193446,
sup,593,871.9705607096354,0.08693714315692584,899.2869262695312,3.8568105697631836,0.01813208670096679,
sup,594,873.3273213704427,0.08653394050068325,899.14306640625,3.8419388665093317,0.017456748509883054,
sup,595,870.8076239691841,0.08614043725861444,899.3641967773438,3.8679773807525635,0.010973088236318694,
sup,596,867.6133694118923,0.08653018333845669,899.19140625,3.8671270741356745,0.012483390850118466,
sup,597,869.8000962999132,0.08689228155546719,899.2363891601562,3.8623886240853205,0.01567884647132208,
sup,598,868.656982421875,0.0866484869685438,899.5967407226562,3.876819305949741,0.013309118260319034,
sup,599,864.434814453125,0.08658969319529003,899.4989624023438,3.8868044482337103,0.015387714009395696,
sup,600,868.2989468044705,0.0865527954366472,899.1143188476562,3.8935850461324057,0.023168107740477555,
sup,601,868.869130452474,0.08605747752719456,899.4879760742188,3.8918125099605985,0.013495627920039825,
sup,602,870.5432196723091,0.086182934542497,899.389892578125,3.914782855245802,0.015627339999708865,
sup,603,870.3465101453993,0.08639817477928267,899.469970703125,3.9075152741538153,0.015430356841534376,
sup,604,877.098619249132,0.08609368652105331,899.4411010742188,3.917091038491991,0.013154116743761633,
sup,605,866.5706515842014,0.08637509867548943,899.2114868164062,3.9296294583214655,0.017501956239963572,
sup,606,865.2740139431423,0.0865023819108804,899.2572631835938,3.9378364351060657,0.014149766240734607,
sup,607,870.1051093207466,0.08638146685229407,899.4271850585938,3.9348276588651867,0.015942331946765382,
sup,608,872.0882263183594,0.08623126438922352,899.3225708007812,3.9385022984610663,0.012600378133356571,
sup,609,873.2245483398438,0.08614954890476333,899.1749877929688,3.941785388522678,0.014094119283577634,
sup,610,874.8823886447483,0.08599310989181201,899.2272338867188,3.954335477617052,0.011815066009552943,
sup,611,871.5745985243055,0.08645815567837821,899.1631469726562,3.9553774860170154,0.021818899924659893,
sup,612,870.074964735243,0.08667997767527898,899.3115844726562,3.969295925564236,0.013436739902115531,
sup,613,874.1552191840278,0.08647998836305407,899.2723999023438,3.963724056879679,0.014525501549036967,
sup,614,867.499759250217,0.08636731902758281,899.2709350585938,3.9832787778642444,0.014336402295157313,
sup,615,868.4020724826389,0.08674647452102767,899.39306640625,3.983329349093967,0.013297843701568328,
sup,616,871.6228569878472,0.08644995051953527,899.2119140625,3.986050287882487,0.015794122222966205,
sup,617,874.260508219401,0.08613695659571224,899.2586059570312,4.006869130664402,0.014929526899423864,
sup,618,867.7119683159722,0.08661738907297452,899.048583984375,3.995957930882772,0.019064680540597893,
sup,619,870.0569118923611,0.08652449854546124,899.17919921875,3.9977994892332287,0.01092137655036317,
sup,620,863.9976874457466,0.08630879844228427,899.1303100585938,4.010700927840339,0.015173470394478904,
sup,621,872.0595533582899,0.08638772285646862,899.7470703125,4.021716634432475,0.02648243346872429,
sup,622,868.0767211914062,0.08646287355158064,899.17431640625,4.011737028757731,0.010673636984493997,
sup,623,870.8931545681423,0.0864835095902284,899.1931762695312,4.037965099016826,0.013024130528922089,
sup,624,874.9795362684462,0.08625312977366978,899.1883544921875,4.031386044290331,0.013969784900028672,
sup,625,866.5232984754774,0.08643103680676884,899.0807495117188,4.045098172293769,0.012667459073579974,
sup,626,870.9838595920139,0.08622557297348976,899.3616333007812,4.034324235386318,0.015219096353070604,
sup,627,871.9942220052084,0.08617053139540884,899.1585083007812,4.050290756755405,0.010599829955026507,
sup,628,874.0541314019097,0.08630496139327686,899.1190795898438,4.049865550465054,0.014746285664538542,
sup,629,874.7936231825087,0.08616126949588458,899.2032470703125,4.060380432340834,0.012117301036293307,
sup,630,865.6958753797743,0.08624831380115615,899.30908203125,4.070054809252421,0.01231327022994972,
sup,631,872.1066826714409,0.08626862201425764,899.0819702148438,4.0756503740946455,0.014690734484853843,
sup,632,868.9557732476128,0.08655108759800594,899.124755859375,4.07653988732232,0.0193007554884793,
sup,633,867.0536939832899,0.08617839796675576,899.0678100585938,4.094099309709337,0.018993478048489325,
sup,634,868.2633972167969,0.08600640503896607,899.0913696289062,4.087457405196296,0.016011212745474443,
sup,635,872.3711683485243,0.0858469410902924,899.346435546875,4.096020433637831,0.01057923066481534,
sup,636,870.2977769639757,0.08592289975947803,899.0460815429688,4.098471840222676,0.02156597875485507,
sup,637,870.7711859809028,0.08626708678073353,899.1240844726562,4.100280271636115,0.012768707729669081,
sup,638,866.7516750759548,0.08623062115576532,899.3046264648438,4.121177103784349,0.026707703571042254,
sup,639,871.4452819824219,0.08567456073231167,899.1954956054688,4.1199684672885475,0.013824607892375853,
sup,640,869.1402147081163,0.08610328369670445,899.2295532226562,4.13046485847897,0.016805581049993634,
sup,641,871.4989827473959,0.08623553646935357,899.2162475585938,4.140190098020765,0.018118520073282223,
sup,642,869.8631930881077,0.0862698070704937,899.0721435546875,4.150633070203993,0.014281397271487448,
sup,643,864.7747294108073,0.08620622133215268,899.0674438476562,4.145718336105347,0.013790205340935953,
sup,644,875.3449537489149,0.08624695075882806,898.99462890625,4.136244098345439,0.014570239931344986,
sup,645,866.6682807074653,0.08592178713944224,899.045654296875,4.160752561357286,0.013931028402617408,
sup,646,871.1641167534722,0.08581673643655247,899.2490844726562,4.166620916790432,0.016415748874553375,
sup,647,871.5176900227865,0.08596500919924842,899.0145874023438,4.171581029891968,0.018766919306168955,
sup,648,863.5622999403212,0.0858604580991798,899.224365234375,4.1777810255686445,0.017611255584698584,
sup,649,870.3427564832899,0.08588806912302971,899.109130859375,4.185641765594482,0.010957047504942037,
sup,650,865.1448330349392,0.08620321585072412,899.177001953125,4.181752469804552,0.0169633440932052,
sup,651,874.7781914605034,0.08604881291588147,899.3120727539062,4.187128172980414,0.013890629582520988,
sup,652,870.3041280110677,0.08634752324885792,899.1590576171875,4.204210042953491,0.01847906695264909,
sup,653,869.9576382107205,0.08590280016263326,899.3407592773438,4.2089733017815485,0.013574112969864573,
sup,654,864.8321804470486,0.08608534187078476,899.201416015625,4.213826338450114,0.011762747411719628,
sup,655,868.5997382269966,0.08606020568145646,899.33740234375,4.211257802115546,0.016312770697469305,
sup,656,872.9896138509115,0.08583026627699535,899.1568603515625,4.211620489756267,0.013606081121704645,
sup,657,870.4796854654948,0.08591503608557913,899.1614379882812,4.214101831118266,0.014477082735134495,
sup,658,864.4629313151041,0.08621570674909486,899.0835571289062,4.228455596499973,0.013538171200909548,
sup,659,875.3079460991753,0.08590179888738526,899.1995239257812,4.226685682932536,0.01676465513365757,
sup,660,868.7408209906685,0.08628868063290913,898.9651489257812,4.2385439607832165,0.02191452581771753,
sup,661,869.380381266276,0.0860917212234603,899.1298217773438,4.262360281414455,0.015488365173546804,
sup,662,869.642825656467,0.0861939796143108,899.0390625,4.2542661560906305,0.01478842301811609,
sup,663,869.081058078342,0.08582814658681552,899.4241333007812,4.2635946538713245,0.01517487230658945,
sup,664,868.9781494140625,0.08618441389666663,899.05810546875,4.270993285708958,0.015002214505026737,
sup,665,871.8858201768663,0.08575078141358164,899.21240234375,4.266671419143677,0.01741511040988068,
sup,666,866.6206359863281,0.08585328608751297,899.4119262695312,4.291722880469428,0.014346468191231705,
sup,667,868.8368225097656,0.0859038879474004,899.6881713867188,4.293392287360297,0.012980741189999713,
sup,668,868.8161451551649,0.08607610646221373,899.2025756835938,4.295946333143446,0.016230288297972746,
sup,669,866.5659790039062,0.08629141375422478,899.285400390625,4.303603119320339,0.013242772043061754,
sup,670,872.2708841959635,0.08606594262851609,899.1182250976562,4.312045547697279,0.012972060539242294,
sup,671,871.7709350585938,0.08610146658288108,899.1748046875,4.302022033267551,0.01671473764710956,
sup,672,866.8112284342448,0.08584985178377894,898.97265625,4.330760611428155,0.014226133534167375,
sup,673,869.715572781033,0.0858135720094045,899.0939331054688,4.318801058663262,0.012914885909089612,
sup,674,872.381595187717,0.08546353586845928,899.0359497070312,4.332140101326837,0.010588009893480275,
sup,675,868.1630655924479,0.08601405844092369,899.0757446289062,4.326997677485148,0.019990936529615685,
sup,676,877.5282151963976,0.0859456861184703,899.222900390625,4.341577317979601,0.014374350663274527,
sup,677,873.8524373372396,0.0853931059439977,899.099853515625,4.353064590030247,0.019712723688118987,
sup,678,872.2520311143663,0.08555753446287578,899.1865844726562,4.347057104110718,0.021365880422915023,
sup,679,872.7505357530382,0.08544971918066342,899.2345581054688,4.343879328833686,0.01362908691064351,
sup,680,866.6248440212673,0.08603167451090282,899.079833984375,4.366079277462429,0.01807217662119203,
sup,681,873.2548149956597,0.08581256452533934,898.9896240234375,4.378270970450507,0.01670137072344207,
sup,682,869.6614583333334,0.0859660084048907,899.0582885742188,4.377770185470581,0.010902152383803494,
sup,683,870.0096130371094,0.08586757340364987,899.1514282226562,4.374201403723823,0.018339040314054325,
sup,684,870.5408291286892,0.0855405181646347,899.1471557617188,4.3794962300194635,0.015362205591777133,
sup,685,870.6703084309896,0.0858539566397667,899.44970703125,4.3964957926008434,0.014449278668810924,
sup,686,867.9889628092448,0.08601412922143936,899.1061401367188,4.392108096016778,0.015539753483608365,
sup,687,872.2897338867188,0.08556535757250255,899.4176635742188,4.394634670681423,0.01686399704259303,
sup,688,869.3043111165365,0.0857593644824293,899.08154296875,4.414967510435316,0.017552969556870975,
sup,689,871.361107720269,0.08544421278768116,899.4036865234375,4.414138952891032,0.01839147151137392,
sup,690,877.313968234592,0.08556112854017152,899.1660766601562,4.407765865325928,0.012510216122286187,
sup,691,870.4800109863281,0.08566492920120557,899.1822509765625,4.425342294904921,0.010195153584289882,
sup,692,874.326900906033,0.08586607625087102,899.177978515625,4.429216808742947,0.0142345006008529,
sup,693,870.9108818901909,0.08568784387575255,899.3697509765625,4.439689212375217,0.01514026536864953,
sup,694,867.2928263346354,0.08595183988412221,899.2841796875,4.4417539437611895,0.025653028446767066,
sup,695,873.4422709147135,0.08558017760515213,899.008544921875,4.431591669718425,0.014375476477046808,
sup,696,869.8462219238281,0.08561152592301369,899.3960571289062,4.450470103157891,0.016886925609368417,
sup,697,869.7581075032552,0.08549139938420719,899.1236572265625,4.462972826427883,0.013934127365549406,
sup,698,866.1565551757812,0.08558894155753984,899.1430053710938,4.454808659023708,0.014459942519250844,
sup,699,875.007076687283,0.08565930939382976,899.1658935546875,4.458741929796007,0.012390300437497595,
sup,700,865.3564995659722,0.08581013604998589,899.279541015625,4.470040533277723,0.017017910696773067,
sup,701,868.367455376519,0.08579645388656193,899.2579956054688,4.485624631245931,0.015436410955670807,
sup,702,868.4839986165365,0.08581114353405105,899.2257690429688,4.496382051044041,0.01374226081598964,
sup,703,865.3302883572048,0.08575610940655072,899.0430908203125,4.482806550131904,0.0165781287683381,
sup,704,870.2543674045139,0.08573791881402333,899.2155151367188,4.499894486533271,0.013271068791962333,
sup,705,868.4982198079427,0.08594291905562083,899.1859130859375,4.506960895326403,0.017373520324731037,
sup,706,866.2411668565538,0.08564470501409636,899.079833984375,4.506214406755236,0.016033913506867573,
sup,707,870.1331787109375,0.0856484104361799,899.2854614257812,4.522038009431627,0.013876425568014383,
sup,708,870.6353318956163,0.08550478145480156,899.2061157226562,4.525400479634603,0.01849628893089377,
sup,709,865.6734822591146,0.08558136928412649,899.3258666992188,4.533947308858235,0.014333379972312186,
sup,710,872.7803717719185,0.0856582439608044,899.268798828125,4.529471715291341,0.014132340024742816,
sup,711,869.5809902615017,0.08574710786342621,899.4710693359375,4.534072240193685,0.011433346209944122,
sup,712,870.065433078342,0.08595933723780844,899.2368774414062,4.543616612752278,0.014345117741160922,
sup,713,872.4889085557726,0.08585194788045353,899.1771240234375,4.55822557873196,0.01680623112608575,
sup,714,864.6045837402344,0.08585353609588411,899.1805419921875,4.553129725986057,0.01565638679959294,
sup,715,864.9804077148438,0.08559339866042137,899.1726684570312,4.552056074142456,0.017147810211301677,
sup,716,867.8035447862413,0.08584702635804813,899.2315673828125,4.577214214536879,0.017816056047902547,
sup,717,866.7320251464844,0.08549033891823557,899.1649780273438,4.579719967312283,0.012841413056270944,
sup,718,868.3953145345052,0.08543778790367974,899.1930541992188,4.575587219662136,0.013038433208647702,
sup,719,873.6952955457899,0.08559347026877934,899.3634643554688,4.576527145173815,0.010896747052255604,
sup,720,870.4517550998264,0.08568901899788114,899.1935424804688,4.5985772079891625,0.01355095328633777,
sup,721,871.5815972222222,0.08553789266281658,899.2383422851562,4.5818882253434925,0.01914728484633896,
sup,722,868.2970445421007,0.08561749301022953,899.26806640625,4.603147904078166,0.016211483679297898,
sup,723,876.5713568793403,0.0854999791416857,899.2647705078125,4.600113259421454,0.014891910444324216,
sup,724,868.7235514322916,0.08537505567073822,899.2086181640625,4.622892777125041,0.01350091640940971,
sup,725,867.5829230414497,0.08545552028550042,899.1984252929688,4.621790912416246,0.013174982431034247,
sup,726,868.8006761338976,0.08568182339270909,899.2273559570312,4.6278767585754395,0.013497616552437345,
sup,727,872.2803005642361,0.08577673758069675,899.3480834960938,4.623263756434123,0.018606204073876143,
sup,728,874.7415669759115,0.08567487200101216,899.259033203125,4.6300357182820635,0.014190323262785872,
sup,729,870.2687411838108,0.08559814343849818,899.2330322265625,4.633966710832384,0.01677749630632914,
sup,730,877.8439568413628,0.08485086345010334,899.3572998046875,4.641408734851414,0.01050367803286968,
sup,731,866.4699334038628,0.08501390781667498,898.9903564453125,4.645853492948744,0.011745979711930785,
sup,732,869.0715535481771,0.0849893478055795,899.06103515625,4.64097719722324,0.016186289127088256,
sup,733,872.5966220431858,0.08496531637178527,899.228271484375,4.664178901248508,0.015353394407106357,
sup,734,868.633541531033,0.0854723710152838,899.1873168945312,4.668834739261204,0.013555197769569026,
sup,735,872.594980875651,0.08533348557021883,899.1414794921875,4.671629428863525,0.014644824201241136,
sup,736,869.6242031521267,0.0852598783870538,899.3964233398438,4.677876975801256,0.01943718208672686,
sup,737,868.8843621148003,0.08509095509847005,899.3819580078125,4.686022096210056,0.014295570435933769,
sup,738,871.2474873860677,0.08511895479427443,899.2380981445312,4.674832926856147,0.02112234299743755,
sup,739,871.0211113823784,0.08507381172643767,898.9518432617188,4.690637694464789,0.018183928396966722,
sup,740,865.6700642903646,0.08528831766711341,899.3550415039062,4.697142336103651,0.013501101328680912,
sup,741,868.1597391764323,0.08578559342357847,899.2977294921875,4.702416446473864,0.021178653618941706,
sup,742,869.1697930230034,0.08537557679745886,899.1884765625,4.700875149832831,0.027529711650762085,
sup,743,863.6931728786892,0.08540481991238064,899.1016235351562,4.725627104441325,0.018831295077688992,
sup,744,872.3700358072916,0.08556401025917795,899.1951904296875,4.706107457478841,0.015127915035312375,
sup,745,871.964097764757,0.08531371959381634,899.1280517578125,4.722634659873115,0.014847607959786223,
sup,746,873.2264166937935,0.08519258971015613,899.2028198242188,4.73418050342136,0.013018987257964909,
sup,747,879.5123799641927,0.08537506436308225,899.2630004882812,4.727897882461548,0.012477276601000793,
sup,748,863.8582424587673,0.0857094099952115,899.0820922851562,4.7367881404029,0.013805008726194501,
sup,749,873.416761610243,0.08542038624485333,899.0516967773438,4.74292606777615,0.010261567801030146,
sup,750,870.6599527994791,0.08532463221086396,899.33935546875,4.7606184747484,0.015380472171172086,
sup,751,869.0554979112413,0.08507643515865008,899.4102172851562,4.757584386401707,0.013311234613259634,
sup,752,870.9737175835503,0.08507443095246951,899.5296630859375,4.746252616246541,0.015862439810815785,
sup,753,862.7486843532986,0.08511659958296353,899.2130126953125,4.768381039301555,0.013478717837844871,
sup,754,870.8544650607639,0.08515741758876377,899.4508666992188,4.785960568322076,0.018226525655740664,
sup,755,873.7117750379774,0.085490549604098,899.151123046875,4.788790570365058,0.02125506136669881,
sup,756,865.7277425130209,0.08544305546416177,899.2002563476562,4.78796633084615,0.014213610725063417,
sup,757,864.1377902560764,0.08547384788592656,899.1732177734375,4.786439710193211,0.01958912740358048,
sup,758,864.8520677354601,0.08509785681962967,899.3115234375,4.79411260286967,0.012706195133634739,
sup,759,867.1916673448351,0.08533556842141682,899.2850341796875,4.806108236312866,0.015122402808628976,
sup,760,867.2000562879774,0.08505013750659095,899.2816772460938,4.797780434290568,0.020714035800968606,
sup,761,864.9937981499565,0.08514679844180743,899.22509765625,4.829557922151354,0.013315070420503616,
sup,762,863.235595703125,0.08529547767506705,899.2999877929688,4.818903552161323,0.013068318767990503,
sup,763,871.8579847547743,0.08526100383864509,899.2169799804688,4.811354610655043,0.016627334498075977,
sup,764,865.6485392252604,0.08521228490604295,899.1566772460938,4.840541892581516,0.012706264452491369,
sup,765,876.6121181911892,0.08494939986202452,899.3561401367188,4.855462736553616,0.01640235069983949,
sup,766,870.5139431423611,0.08531546551320288,899.1783447265625,4.838426642947727,0.013639025105577376,
sup,767,871.4150322808159,0.085617419746187,899.2417602539062,4.857526037428114,0.014826416477767957,
sup,768,870.591322157118,0.08543724318345387,899.1625366210938,4.858076916800605,0.01665021266995205,
sup,769,868.7076246473524,0.08508995879027578,899.4102172851562,4.861868063608806,0.01761210520958735,
sup,770,865.503184000651,0.08499789527720875,899.1490478515625,4.864654646979438,0.013515730621293187,
sup,771,871.5095147026909,0.08532727054423755,899.1796264648438,4.874298599031237,0.017368207646844287,
sup,772,868.6850009494358,0.0852944983376397,899.1154174804688,4.865997658835517,0.0145512450641642,
sup,773,872.2058817545573,0.08514431657062636,899.1781005859375,4.8912568887074785,0.013650751129413644,
sup,774,871.0036553276909,0.08498648678263028,899.2742919921875,4.896238724390666,0.014132195760289,
sup,775,870.5005052354601,0.08503253261248271,899.1452026367188,4.886858701705933,0.015237080916348431,
sup,776,875.7616848415798,0.084944696062141,899.310302734375,4.880076540840997,0.016708285968181573,
sup,777,882.3136325412327,0.0847671814262867,899.0929565429688,4.916046222050984,0.014831488977910744,
sup,778,863.6605156792534,0.08517207288079792,899.25927734375,4.916227738062541,0.020626948738936335,
sup,779,873.3451199001736,0.0850229524075985,899.2752685546875,4.917686647839016,0.018425512864875298,
sup,780,872.7612474229601,0.08500726189878252,899.2354736328125,4.913554880354139,0.014475119882263243,
sup,781,869.1140713161892,0.08502046970857514,899.2349853515625,4.92694894472758,0.012211010823698921,
sup,782,863.6309882269966,0.08528533743487464,899.2841186523438,4.928278128306071,0.012543722599123916,
sup,783,867.2096659342448,0.08511453577213818,899.44970703125,4.950371159447564,0.01706758309673104,
sup,784,863.1901685926649,0.08491814012328784,899.2113647460938,4.953409353892009,0.01194136832944221,
sup,785,879.2586534288195,0.08489597257640627,899.1424560546875,4.945032570097181,0.019834976436363325,
sup,786,872.0123494466146,0.08506704991062482,899.1268310546875,4.952603896458943,0.011436855666235916,
sup,787,870.7268846299913,0.08516053482890129,899.3506469726562,4.9521795643700495,0.014883076746223701,
sup,788,868.1918301052517,0.08473949920799997,899.2134399414062,4.98407769203186,0.011348229393156039,
sup,789,872.1325751410591,0.0852486284242736,899.2259521484375,4.980049212773641,0.018182498092452686,
sup,790,866.1880154079861,0.08488479298022059,899.506103515625,4.968846559524536,0.012505848452241885,
sup,791,867.4557495117188,0.08502390856544177,899.431396484375,4.9731993145412865,0.020201808475475345,
sup,792,870.8747965494791,0.08490566288431485,899.3898315429688,4.973766326904297,0.015755143391692802,
sup,793,864.9986097547743,0.08495975120200051,899.5039672851562,4.9865564240349665,0.015799897774640057,
sup,794,870.7088046603733,0.08511956450011995,899.1673583984375,5.007620731989543,0.014442675708172223,
sup,795,870.325453016493,0.08540190756320953,899.159423828125,4.9911801550123425,0.020919562860702474,
sup,796,861.4314609103733,0.08532241980234782,899.1578369140625,5.017721785439385,0.011327750334102247,
sup,797,864.1876966688368,0.08498854397071733,899.28857421875,5.031317445966932,0.013929778399566809,
sup,798,865.1762763129341,0.0853596023387379,899.1599731445312,5.022365993923611,0.017120579490438104,
sup,799,872.1135559082031,0.08517750269836849,899.1244506835938,5.040538549423218,0.013134925496867962,
sup,800,864.0185241699219,0.0851064883172512,899.3184814453125,5.0458882914649115,0.01514655753918406,
sup,801,869.5579901801216,0.0851849764585495,899.2295532226562,5.034258551067776,0.023951411376603775,
sup,802,867.6948072645399,0.08494260493252012,899.3316040039062,5.044263230429755,0.017629827941871352,
sup,803,868.5031433105469,0.08486566816767056,899.375732421875,5.061141146553887,0.01811841507959697,
sup,804,873.1297641330295,0.08504665394624074,899.3020629882812,5.0493014388614235,0.019616399231987696,
sup,805,870.4465501573351,0.08502678283386761,899.2901611328125,5.0445451736450195,0.02044060422728459,
sup,806,869.3006388346354,0.08489631116390228,899.2280883789062,5.059160974290636,0.01245847702698989,
sup,807,869.1963975694445,0.08494288681281938,899.12353515625,5.075751384099324,0.01628028228878975,
sup,808,868.0311414930555,0.08444487344887522,899.2035522460938,5.0761973063151045,0.015230449699124115,
sup,809,868.0167473687065,0.08474586283167203,899.2265625,5.071551084518433,0.014424923160630796,
sup,810,875.3294033474392,0.08447600652774175,899.3145751953125,5.08548288875156,0.017647471071945295,
sup,811,867.428941514757,0.0851010498073366,899.2198486328125,5.0723344749874535,0.016175268774127796,
sup,812,871.0559387207031,0.08496146359377438,899.3101806640625,5.102069483862983,0.009688963835489832,
sup,813,867.7286376953125,0.08510783024960095,899.163330078125,5.10163950920105,0.015106015088450577,
sup,814,875.6307067871094,0.08459258617626296,899.5116577148438,5.103998634550306,0.014347446927179893,
sup,815,866.1736280653212,0.08513003297977978,899.1260375976562,5.12137786547343,0.013479539904639952,
sup,816,873.2621799045139,0.08505631817711724,899.4533081054688,5.126637723710802,0.014460342392946282,
sup,817,869.373789469401,0.0847118380996916,899.2847290039062,5.127670817905003,0.012692711529477188,
sup,818,870.7353244357639,0.08472376027041012,899.25341796875,5.1362146271599665,0.017879464353124302,
sup,819,864.7880113389757,0.08499620979030927,899.3798828125,5.150257243050469,0.012866257728698352,
sup,820,873.7836201985677,0.08490827927986781,899.2281494140625,5.1323107613457575,0.01483118139569544,
sup,821,867.6321716308594,0.08489548456337717,899.3739013671875,5.15137325392829,0.011996074217475124,
sup,822,870.5437554253472,0.08484877521793048,899.0545043945312,5.155684285693699,0.013648642977285717,
sup,823,865.2092861599392,0.08456457985772027,899.2696533203125,5.163086732228597,0.01504055360176911,
sup,824,871.134531656901,0.08486099085874027,899.2337036132812,5.176064491271973,0.013180405147270195,
sup,825,872.0501641167534,0.08472741643587749,899.39794921875,5.18284993701511,0.017046924421770707,
sup,826,863.6847601996528,0.08478133628765742,899.1283569335938,5.183903800116645,0.017674658344023757,
sup,827,868.8030192057291,0.08501810539099905,899.285888671875,5.17949030134413,0.014010491548106074,
sup,828,867.6042073567709,0.08483488940530354,899.1251831054688,5.185466792848375,0.026222233505298693,
sup,829,868.0730862087673,0.08447761626707183,899.52294921875,5.181974093119304,0.016043885429907177,
sup,830,873.3518710666233,0.0845009899801678,899.2564086914062,5.192873689863417,0.01429115371623387,
sup,831,866.7235310872396,0.08516942047410542,899.15283203125,5.196523719363743,0.01271745031570188,
sup,832,872.755394829644,0.08506941133075291,899.2493896484375,5.1922439734141035,0.015021517846940292,
sup,833,873.9592115614149,0.08504033750957912,899.3506469726562,5.197899182637532,0.013268313474125333,
sup,834,875.8197326660156,0.0849337416390578,899.2876586914062,5.213144143422444,0.01462485204036865,
sup,835,873.1644287109375,0.08481945469975471,899.3021240234375,5.219867706298828,0.015256910791827573,
sup,836,868.1469997829861,0.08496408868167135,899.1654663085938,5.225010924869114,0.014056337880901992,
sup,837,866.4803161621094,0.08496237132284376,899.4618530273438,5.239010281032986,0.009847871972144477,
sup,838,867.5320434570312,0.08492755434579319,899.213623046875,5.225306325488621,0.0218180558230314,
sup,839,867.2771843804253,0.08474210525552432,899.4226684570312,5.244047774208917,0.014414333389140666,
sup,840,868.4579298231337,0.08464208162493175,899.26611328125,5.272608174218072,0.016817964445282187,
sup,841,869.2366672092014,0.08463956995142831,899.3303833007812,5.266266107559204,0.012404362386506464,
sup,842,866.7287970648872,0.08456229252947702,899.3588256835938,5.277837223476833,0.010753973788167868,
sup,843,871.3649631076389,0.08452811588843663,899.2766723632812,5.282801230748494,0.012702027697943978,
sup,844,874.275387234158,0.08449309857355224,899.1926879882812,5.25436438454522,0.01854424566651384,
sup,845,879.8738165961372,0.08484925164116754,899.4126586914062,5.273825301064385,0.01383282570168376,
sup,846,872.3892483181423,0.08478203250302209,899.200439453125,5.29529349009196,0.013192253316649132,
sup,847,867.6985066731771,0.08457052831848462,899.2938842773438,5.299948056538899,0.011854179203510284,
sup,848,876.937757703993,0.08479612817366917,899.1725463867188,5.285582330491808,0.01689726745502816,
sup,849,866.8667568630642,0.08425064591897859,899.3016967773438,5.295964982774523,0.015128554672830634,
sup,850,876.5065544976128,0.08401260731948747,899.2067260742188,5.307968510521783,0.013830405556493335,
sup,851,865.5412292480469,0.08419319738944371,899.2567138671875,5.321574396557278,0.01730931793443031,
sup,852,873.5327962239584,0.08435168282853232,899.1205444335938,5.314042541715834,0.014957898425766163,
sup,853,872.1100056966146,0.08475518971681595,899.249755859375,5.328059832255046,0.016623679393281538,
sup,854,869.3018764919705,0.08441070260273086,899.2467651367188,5.327673885557386,0.011591831855993304,
sup,855,869.297841389974,0.0845807513429059,899.2728881835938,5.3292394744025335,0.012099621287133131,
sup,856,875.589857313368,0.08443748164508078,899.3026123046875,5.341043180889553,0.015417000537531244,
sup,857,869.6773308648003,0.08506547287106514,899.1930541992188,5.332974910736084,0.014821398253035214,
sup,858,871.2998046875,0.08470716203252475,899.2711791992188,5.358408768971761,0.014242469203761883,
sup,859,871.0371534559462,0.08458438888192177,899.3104858398438,5.357311593161689,0.012947002917321192,
sup,860,873.5941365559896,0.0840563571287526,899.1904296875,5.355595668156941,0.014988349129756292,
sup,861,874.4527723524305,0.08415553925765885,899.2861328125,5.366371366712782,0.012903162226494815,
sup,862,867.5217488606771,0.08456388198667103,899.323974609375,5.353838390774197,0.017669504275545478,
sup,863,868.6360778808594,0.08460185387068325,899.1782836914062,5.362788862652248,0.021760182274091575,
sup,864,873.877685546875,0.08404512413673931,899.3798217773438,5.385273986392551,0.011253994824882183,
sup,865,872.8201395670573,0.08429030411773258,899.3184814453125,5.372532738579644,0.01068508758261386,
sup,866,871.6253458658854,0.08440343373351628,899.1954345703125,5.4042196538713245,0.014053617785167363,
sup,867,866.8788723415798,0.08412861617075072,899.5054321289062,5.391037940979004,0.01580984414451652,
sup,868,870.0108201768663,0.08430646939410104,899.256591796875,5.387325604756673,0.026880709557897516,
sup,869,874.5599568684896,0.08435071880618732,899.4999389648438,5.4038040902879505,0.01642410365295493,
sup,870,871.2361145019531,0.08445575378007358,899.262939453125,5.427944739659627,0.011814225057605654,
sup,871,867.3844807942709,0.08423635073833996,899.4646606445312,5.419695933659871,0.012416267185471952,
sup,872,868.2359415690104,0.08452595646182696,899.4428100585938,5.427556090884739,0.01833182861769779,
sup,873,876.062523735894,0.08467608607477611,899.5352783203125,5.436440070470174,0.015819663983873196,
sup,874,868.7809753417969,0.08429899315039317,899.3138427734375,5.434418784247504,0.015874636243097484,
sup,875,870.1270921495226,0.08411888860993916,899.3877563476562,5.442966938018799,0.018956239632744756,
sup,876,871.9478963216146,0.0845006795393096,899.3460083007812,5.44616174697876,0.013056231714371178,
sup,877,870.3897196451823,0.08433407959010866,899.32568359375,5.4545374446445045,0.01323746854905039,
sup,878,871.7585856119791,0.08432181303699811,899.2810668945312,5.461994065178765,0.014819895253620215,
sup,879,868.1772054036459,0.08420078208049138,899.11572265625,5.464518653021918,0.013020515849348158,
sup,880,870.3967013888889,0.08463327628042963,899.1176147460938,5.464999066458808,0.02145818280728741,
sup,881,870.7542351616753,0.08424080577161577,899.6482543945312,5.478321923149957,0.0168203032679028,
sup,882,868.8400099012587,0.08404863170451587,899.07958984375,5.469301462173462,0.018649524155383308,
sup,883,871.5816379123264,0.08436425940857993,899.1279907226562,5.483857605192396,0.01575386626387222,
sup,884,870.5143975151909,0.08429676128758325,899.3712768554688,5.464759985605876,0.018113931796203058,
sup,885,873.5630459255642,0.08419196680188179,899.2550048828125,5.495869954427083,0.015386697173299681,
sup,886,868.5538330078125,0.08406174389852418,899.2440795898438,5.479425430297852,0.017444812149430316,
sup,887,868.5926513671875,0.08394550739063157,899.3299560546875,5.509067535400391,0.01611675082757655,
sup,888,874.7127787272135,0.08399529258410136,899.29638671875,5.503730853398641,0.014879416570895247,
sup,889,872.1266615125868,0.08423229513896836,899.2508544921875,5.500424358579847,0.01601253713791569,
sup,890,865.8663092719185,0.08438931446936396,899.4829711914062,5.534757667117649,0.011354811243816383,
sup,891,872.6861097547743,0.08439405179686016,899.4451904296875,5.525281879636976,0.01263072652121385,
sup,892,869.0082634819878,0.08435665774676535,899.336669921875,5.506896575291951,0.01309309894632962,
sup,893,868.7676459418403,0.08433071192767885,899.28955078125,5.544380002551609,0.014114019667936696,
sup,894,867.9814147949219,0.08455375085274379,899.2763671875,5.551122983296712,0.013218729911992947,
sup,895,866.7095879448784,0.08479915435115497,899.283935546875,5.554880883958605,0.014441316468744643,
sup,896,870.8751322428385,0.0844339703520139,899.3670654296875,5.5559327602386475,0.019237935025658872,
sup,897,872.1396111382378,0.08424997081359227,899.2984008789062,5.556985484229194,0.01612287658887605,
sup,898,870.0794406467014,0.08472620406084591,899.6953125,5.556546264224583,0.021488579297308914,
sup,899,873.7777879503038,0.08442494397362073,899.3272705078125,5.568475246429443,0.011864592437632382,
sup,900,868.6127115885416,0.08441582736041811,899.493896484375,5.5772579775916205,0.013269062930097183,
sup,901,867.8444892035591,0.0842865179810259,899.285888671875,5.599287642372979,0.013806462818239298,
sup,902,866.7159593370226,0.08435009626878633,899.5573120117188,5.583935446209377,0.01461198672445284,
sup,903,868.5564609103733,0.08410466462373734,899.23681640625,5.556449466281467,0.017342567961249087,
sup,904,868.0271538628472,0.08424893187152015,899.4024658203125,5.592144542270237,0.013958820413487652,
sup,905,868.5465833875868,0.08408601002560721,899.9220581054688,5.599193440543281,0.01755011684468223,
sup,906,872.5277472601997,0.08386721751756138,899.2205810546875,5.604730659061008,0.014666452848662933,
sup,907,871.5450846354166,0.08403332862589094,899.43310546875,5.593987862269084,0.011762493626318045,
sup,908,868.3451707628038,0.08388660930924946,899.1642456054688,5.607961972554524,0.012516531123158833,
sup,909,864.0526123046875,0.08439935661024517,899.5681762695312,5.614935663011339,0.017550720910852153,
sup,910,870.8179592556423,0.08439291723900372,899.2265625,5.611425002415975,0.015606734377797693,
sup,911,867.4303792317709,0.08400356065895823,899.35595703125,5.634094132317437,0.012098087877449062,
sup,912,869.650658501519,0.0838514260119862,899.0731201171875,5.634578227996826,0.01961707028870781,
sup,913,875.0227525499132,0.0837136780222257,899.3505249023438,5.646406809488933,0.011958406850074729,
sup,914,869.9021606445312,0.08426507024301423,899.2310180664062,5.626501719156901,0.014978558782281147,
sup,915,870.0127326117622,0.08397839922044012,899.6024169921875,5.644354714287652,0.01533121791888132,
sup,916,873.0541212293837,0.08402064856555727,899.1760864257812,5.666173378626506,0.013932001453617381,
sup,917,870.9185011121962,0.08406456518504354,899.3387451171875,5.658481068081326,0.01782801422652685,
sup,918,872.4071417914497,0.08416970115568903,899.2483520507812,5.660472048653497,0.013240531901828945,
sup,919,871.7853800455729,0.08425363070434994,899.3231811523438,5.666789452234904,0.021311637237279985,
sup,920,865.3601447211372,0.0839871975282828,899.3892211914062,5.685240851508246,0.016694444749090407,
sup,921,867.822024875217,0.08409231983953053,899.3200073242188,5.68213693300883,0.016276028524670336,
sup,922,870.1390177408854,0.08411417653163274,899.3169555664062,5.684630897310045,0.012402898114588525,
sup,923,871.4483846028646,0.08381125413709217,899.50048828125,5.687280840343899,0.01681902664454861,
sup,924,867.6528795030382,0.08371278974745008,899.2481079101562,5.71201393339369,0.011893184894385437,
sup,925,870.3888380262587,0.0838372992972533,899.4681396484375,5.6948642995622425,0.014089443365163688,
sup,926,863.6760932074653,0.08371902629733086,899.2154541015625,5.727593686845568,0.017214599673429296,
sup,927,867.2110799153646,0.08430531000097592,899.42138671875,5.703070481618245,0.014315502718091011,
sup,928,864.8064168294271,0.08388385218050745,899.5197143554688,5.702827321158515,0.012297242879867554,
sup,929,867.1675889756945,0.08409469409121408,899.36865234375,5.739920722113715,0.01187609958772858,
sup,930,863.3726196289062,0.0838673392103778,899.27685546875,5.7190073066287574,0.013304383041233651,
sup,931,865.5924106174045,0.08376502783762084,899.5750732421875,5.718510972128974,0.015865051756716438,
sup,932,869.6145935058594,0.08396797130505244,899.4367065429688,5.717919164233738,0.020813885002603963,
sup,933,869.5055982801649,0.08388901667462455,899.3651123046875,5.753020419014825,0.014627787129332622,
sup,934,867.8413391113281,0.08378674876358774,899.315673828125,5.742923683590359,0.013203695002529357,
sup,935,871.2671678331163,0.08403465027610461,899.2520141601562,5.778839667638143,0.016758555494662788,
sup,936,872.8367445203993,0.08401010351048575,899.2889404296875,5.745513810051812,0.014465568509573737,
sup,937,870.3084784613716,0.08407941833138466,899.2513427734375,5.747106737560696,0.01731127209495753,
sup,938,874.880137125651,0.0839307817320029,899.2617797851562,5.755115164650811,0.017613408951244008,
sup,939,868.0746900770399,0.08409104206495815,899.4315185546875,5.771367443932427,0.016176691149464913,
sup,940,865.4603135850695,0.08331222211321195,899.3071899414062,5.79523770014445,0.013833227024103204,
sup,941,867.9898206922743,0.08329021020068063,899.3301391601562,5.791522635353936,0.018841451577221353,
sup,942,869.012671576606,0.08366339984867308,899.3457641601562,5.766184621387058,0.015449121846662214,
sup,943,874.3761223687065,0.08384089378847016,899.3685913085938,5.787535481982761,0.01832188801684727,
sup,944,868.8460184733073,0.08364132750365469,899.1978759765625,5.814656840430366,0.011039854311901662,
sup,945,871.9822658962673,0.08316130108303493,899.1893310546875,5.805663612153795,0.013707937452838652,
sup,946,880.8794013129341,0.08338356473379666,899.226806640625,5.787541654374865,0.017285538268172078,
sup,947,871.3622572157118,0.08361220194233789,899.1627197265625,5.839346170425415,0.013918312783870432,
sup,948,871.9845140245226,0.08377839335136944,899.23583984375,5.814585367838542,0.015547291246346302,
sup,949,875.2126193576389,0.08369029147757424,899.3211669921875,5.83165619108412,0.01475955354463723,
sup,950,868.5883009168837,0.08367430046200752,899.4032592773438,5.840550316704644,0.015938990658873484,
sup,951,867.214623345269,0.08348540382252799,899.4685668945312,5.83066111140781,0.01323898936324339,
sup,952,875.1846686469185,0.08359248108334011,899.2431640625,5.824433485666911,0.016331246872949932,
sup,953,864.2842068142361,0.08372043528490597,899.2125854492188,5.825410869386461,0.019337037099628814,
sup,954,868.9959038628472,0.08332437111271752,899.30517578125,5.868719816207886,0.012557390779774222,
sup,955,865.7050170898438,0.08359773539834553,899.37158203125,5.846845891740587,0.016580292489379644,
sup,956,869.6661749945747,0.08398463411463632,899.2003173828125,5.866254488627116,0.013018202230644723,
sup,957,870.0721774631077,0.08389928523037168,899.3187866210938,5.881777657402886,0.011172268798367845,
sup,958,868.1266716851128,0.08348803925845358,899.2942504882812,5.868345128165351,0.014710341036940614,
sup,959,866.8213568793403,0.08355880363119973,899.3721313476562,5.883514828152126,0.014413756176104976,
adv,0,872.6415506998698,0.08356504225068623,899.4231567382812,0.009191406476828787,0.01660544893497394,1.3655965195761786
adv,1,874.1028544108073,0.08311361860897806,899.0687255859375,0.018668083267079458,0.012441122192992933,1.3021504349178739
adv,2,869.947777642144,0.08329843150244819,899.2131958007812,0.028080869155625503,0.012747191927499242,1.2684020002683003
adv,3,869.2194756401909,0.08321210286683506,899.1702880859375,0.03771757417254978,0.01363221179538717,1.248703400293986
adv,4,865.7447781032986,0.08356284101804097,899.2307739257812,0.04748730092412896,0.013869640404461987,1.2372749116685655
adv,5,870.7475009494358,0.08358102209038204,899.3917236328125,0.0573678623057074,0.015407320823416941,1.2328244778845046
adv,6,870.5846828884548,0.08342250270975961,899.626708984375,0.06714806788497502,0.010808399956052503,1.2255270878473918
adv,7,869.2528449164497,0.08366194284624523,899.2495727539062,0.07700607553124428,0.014594893566229276,1.2242472105556064
adv,8,871.3568318684896,0.08371475297543737,899.2767944335938,0.08727733459737566,0.010584561134843776,1.2190389765633478
adv,9,869.057359483507,0.08408191262020005,899.1758422851562,0.09722605389025477,0.015209649288509455,1.2177788747681513
adv,10,877.021986219618,0.08370270331700642,899.2767333984375,0.10698943957686424,0.012271346162176795,1.2156170540385776
adv,11,873.5470513237847,0.08379964075154728,899.202392578125,0.11749884858727455,0.012241635872568522,1.2097410559654236
adv,12,868.5360243055555,0.0841935674349467,899.2628173828125,0.12744421056575245,0.01992492714068956,1.211190210448371
adv,13,877.2870585123698,0.08383480211098988,899.2986450195312,0.1378893264465862,0.012742805850899054,1.2084284557236566
adv,14,868.8501892089844,0.08360812523298794,899.3275756835938,0.14804880569378534,0.010556437120410718,1.2015774846076965
adv,15,872.1488138834635,0.08384142277969255,899.32470703125,0.15864183919297326,0.010395843975452913,1.2040134867032368
adv,16,866.2092556423611,0.08413552948170239,899.1630249023438,0.1678536989622646,0.016311806536072657,1.2006934550073411
adv,17,873.5235426161024,0.08386168711715275,899.3505249023438,0.17834889060921139,0.010267377856911885,1.1955108841260274
adv,18,867.5290866427952,0.08390823958648576,899.1913452148438,0.18841930975516638,0.010961141637785153,1.1961222887039185
adv,19,865.857445610894,0.08409171013368501,899.2636108398438,0.19844363795386422,0.016157359143512115,1.1964206761784024
adv,20,874.9669528537327,0.08394803024000591,899.3627319335938,0.20826523668236202,0.013582889184666177,1.1917948590384588
adv,21,871.939222547743,0.08362522431545788,899.0554809570312,0.21791347364584604,0.018447642266336415,1.1959101094139948
adv,22,866.3191765679253,0.08413800804151429,899.251708984375,0.22835723559061685,0.018334432440395985,1.1959905823071797
adv,23,866.3459913465712,0.08415031391713354,899.2921142578125,0.23891704777876535,0.012331581551633362,1.1920759479204814
adv,24,873.7032436794705,0.08413436512152354,899.2196044921875,0.24855176276630825,0.013631538132257346,1.1890951461262174
adv,25,870.7803615993923,0.08397410768601629,899.3215942382812,0.2582963771290249,0.015503037138842046,1.1873243318663702
adv,26,869.7900763617622,0.08385963613788287,899.0841064453125,0.26820610960324603,0.00879636057652533,1.1840812828805711
adv,27,867.7887234157986,0.08444058315621482,899.4010009765625,0.2790207399262322,0.0108101840208595,1.1866030626826816
adv,28,870.3936292860243,0.08375065070059565,899.2525024414062,0.2895390772157245,0.013020597346540954,1.1901646852493286
adv,29,861.555687798394,0.08388945087790489,899.5275268554688,0.29874568184216815,0.013984847374053465,1.1893955667813618
adv,30,867.4519585503472,0.08414921247296864,899.2078857421875,0.30798498292764026,0.017279427893097617,1.1904195812013414
adv,31,868.4206712510851,0.08386696047253078,899.2415771484375,0.319670428832372,0.011586499064125948,1.1862097515000238
adv,32,869.0329895019531,0.08414221554994583,899.2549438476562,0.327867877152231,0.013116086108816994,1.1863518688413832
adv,33,866.2654520670573,0.08412817534473208,899.3157348632812,0.33876991271972656,0.013513766035127142,1.1842688785658941
adv,34,872.8716125488281,0.08402957022190094,899.4244384765625,0.34852875272432965,0.01080613390594307,1.1803605092896357
adv,35,867.7801208496094,0.08434413373470306,899.2149658203125,0.3591793113284641,0.012419387995679345,1.1866690052880182
adv,36,868.1128879123264,0.08425065750877063,899.5803833007812,0.3684660957919227,0.012611238363509377,1.1828869382540386
adv,37,868.6184421115452,0.08426836133003235,899.3055419921875,0.3786329362127516,0.015509089610228935,1.1852319108115301
adv,38,871.3830023871528,0.08450583575500382,899.4396362304688,0.3882584505610996,0.012777145754727017,1.1833088133070204
adv,39,868.4718017578125,0.08481938143571217,899.2726440429688,0.39869075351291233,0.017657054187212553,1.181355635325114
adv,40,870.7285868326823,0.08434620872139931,899.260498046875,0.4070321321487427,0.01506114510508875,1.1811431381437514
adv,41,865.9847547743055,0.08435497805476189,899.5638427734375,0.41767154302861953,0.011729394641911818,1.1816079484091864
adv,42,870.8822292751736,0.08461993311842282,899.5760498046875,0.4281565348307292,0.011509071168903675,1.183144794570075
adv,43,866.9800855848524,0.08444861032896572,899.5296630859375,0.43827029897107017,0.013603929973517856,1.1765428913964167
adv,44,868.9947781032986,0.0844765334493584,899.225341796875,0.4477393693394131,0.011284919041726325,1.1822921302583482
adv,45,865.837148030599,0.08471783043609725,899.41064453125,0.45719174709584975,0.01244531345501956,1.1754898230234783
adv,46,868.3573676215278,0.08472832002573544,899.4029541015625,0.46734073923693764,0.01087053409881062,1.176305717892117
adv,47,861.3988477918837,0.08512551089127858,899.3590698242188,0.47654172281424206,0.02275868726428598,1.175241854455736
adv,48,873.0880160861545,0.08458652844031651,899.5625,0.4874340080552631,0.02127471311380052,1.174005064699385
adv,49,871.5933600531685,0.08437810838222504,899.3648681640625,0.49664585292339325,0.012525372821578963,1.170531815952725
adv,50,864.6542629665798,0.08457659847206539,899.5932006835938,0.5068338082896339,0.009987412971289208,1.1707568963368733
adv,51,871.0677998860677,0.08511875569820404,899.4523315429688,0.5164276328351762,0.011890816942064298,1.172102881802453
adv,52,872.6944478352865,0.08494317117664549,899.5852661132812,0.5258009003268348,0.013531818054616451,1.1744372778468661
adv,53,868.0596686469185,0.08484836046894391,899.5243530273438,0.5353444549772475,0.01496011499936382,1.1668057375484042
adv,54,878.0256720648872,0.08455813551942508,899.55322265625,0.5457911226484511,0.015423291388692128,1.1761661569277446
adv,55,870.2658182779948,0.08493193942639563,899.5054321289062,0.556632035308414,0.02220508003503912,1.1728681723276775
adv,56,870.0636223687065,0.0845346711575985,899.460693359375,0.565562195248074,0.012724184728641477,1.1680482294824388
adv,57,870.0792032877604,0.08479861501190397,899.5294799804688,0.5759008228778839,0.015974194374090683,1.1702160901493497
adv,58,875.604495578342,0.08478586085968548,899.6494750976562,0.5864275164074368,0.012655887830381593,1.1775812572903104
adv,59,868.8956502278646,0.0852113664150238,899.4458618164062,0.5962334043449826,0.011481658594372371,1.1769399179352655
adv,60,868.7755872938368,0.08544942115743955,899.4454345703125,0.6059705648157332,0.014757798570725653,1.1679089996549818
adv,61,864.2450256347656,0.08529121801257133,899.3253173828125,0.6159726844893562,0.012632707405524949,1.1743596527311537
adv,62,868.074215359158,0.08510102124677764,899.7313842773438,0.6254913277096219,0.014459350974195533,1.1639167533980475
adv,63,870.1721259223091,0.08524533650941318,899.3992309570312,0.6355617741743723,0.014439796873678764,1.1674897803200617
adv,64,869.271230061849,0.08496800685922305,899.9034423828125,0.6450562510225508,0.010774229446219074,1.1684811512629192
adv,65,869.8696933322483,0.08536519358555476,899.7733154296875,0.655179027054045,0.01065478180276437,1.164314091205597
adv,66,872.3243849012587,0.0849393717944622,899.3703002929688,0.6642913752131991,0.012785567785613239,1.1653863191604614
adv,67,866.7491251627604,0.08485619641012615,899.505615234375,0.6737470163239373,0.009724712477893464,1.167013982931773
adv,68,869.2269829644097,0.08502273841036691,899.5224609375,0.6859624915652804,0.014411438101281723,1.170390420489841
adv,69,867.3677978515625,0.08553989355762799,899.775634765625,0.6927166481812795,0.01559379597246233,1.1678215728865728
adv,70,871.8565945095486,0.0854215638505088,899.4046630859375,0.7048759327994453,0.018276690401964717,1.1689643661181133
adv,71,865.4023132324219,0.08541949424478743,899.4861450195312,0.7150113979975382,0.012234241494701968,1.166076170073615
adv,72,875.2674153645834,0.08560793267356025,899.5354614257812,0.720418029361301,0.013176606722279556,1.1607107122739155
adv,73,875.1414218478733,0.08584403991699219,899.6693725585938,0.7335664133230845,0.013867973036313843,1.164169814851549
adv,74,872.0968661838108,0.08521262101001209,899.6569213867188,0.7458101610342661,0.015165933795894185,1.1637571189138625
adv,75,880.6782701280382,0.08511723164055082,899.660400390625,0.7554388675424788,0.013350680567479381,1.1640741096602545
adv,76,865.7645161946615,0.08564875771601994,899.676513671875,0.7628971934318542,0.014674869779911306,1.163904971546597
adv,77,868.4970906575521,0.08543126616213056,899.3607177734375,0.7735006146960788,0.014150708758582672,1.1659318407376607
adv,78,874.2192857530382,0.08546940485636394,899.5079956054688,0.7820750839180417,0.01193034123732812,1.1605697671572368
adv,79,869.4918416341146,0.08552956415547265,899.7338256835938,0.7939560413360596,0.016622235998511314,1.1650707986619737
adv,80,867.0682881673177,0.08546005644732052,899.4539184570312,0.8048434687985314,0.011941377668538027,1.1590503851572673
adv,81,865.4484931098091,0.08538081910875109,899.854248046875,0.8131239811579386,0.012660539670226475,1.1630874143706427
adv,82,870.6990763346354,0.08553129724330372,899.4969482421875,0.8235328263706632,0.017693065494919818,1.1626628107494779
adv,83,866.9561903211805,0.08558612234062618,899.9006958007812,0.8334629800584581,0.015001214309854226,1.1568221648534138
adv,84,875.5410766601562,0.0854021521906058,899.6064453125,0.8411604530281491,0.013606349575436778,1.1511197355058458
adv,85,870.3573744032118,0.08499643868870205,899.4568481445312,0.852053142256207,0.013217198015708063,1.1595287720362346
adv,86,869.7293667263455,0.08512086959348784,899.6226196289062,0.8620846470197042,0.01548618326584498,1.162149707476298
adv,87,866.1234368218315,0.08546457646621598,899.6009521484375,0.8721846010949876,0.02233554133110576,1.1590967973073323
adv,88,872.0754970974392,0.08488754100269741,899.6813354492188,0.8829666641023424,0.01356187202812483,1.15927521387736
adv,89,872.5848897298177,0.08541785015000238,899.7410888671875,0.8922213315963745,0.014591268515990427,1.1573439770274692
adv,90,870.5878499348959,0.08533932516972224,899.4729614257812,0.9011335737175412,0.015641199036811788,1.1571508116192288
adv,91,879.5225897894966,0.08526539843943384,899.6138916015625,0.9114253686534034,0.011115495160791196,1.1603123678101435
adv,92,869.9175991482205,0.08544785074061817,899.76806640625,0.9223222103383806,0.013910701879972799,1.1605833371480305
adv,93,866.275380452474,0.08524557244446543,899.6270141601562,0.9302130672666762,0.020391615508641634,1.1608344978756375
adv,94,870.1371358235677,0.08488448833425839,899.5344848632812,0.940646982855267,0.01106684898129768,1.1583598852157593
adv,95,870.6336771647135,0.08510331602560149,899.6397705078125,0.952612794107861,0.010334096234550493,1.159561898973253
adv,96,868.5789862738716,0.08560271271400982,899.585693359375,0.9565940068827735,0.01873390671486656,1.1547327240308125
adv,97,868.1481289333767,0.08544958962334527,899.6342163085938,0.9679530660311381,0.014422909867587604,1.1556700004471674
adv,98,865.4157918294271,0.08532045864396626,899.8087768554688,0.9823915229903327,0.014429973321966827,1.1581126186582777
adv,99,874.8057691786024,0.08545482034484546,899.7958374023438,0.9887497789329953,0.013366730314575963,1.1533673471874661
adv,100,872.8409050835503,0.08500554702348179,899.4588012695312,1.000859065188302,0.012029941465395192,1.146804107560052
adv,101,862.1729193793403,0.08534172922372818,899.5309448242188,1.0114224089516535,0.021089929518186383,1.1519703335232205
adv,102,870.613291422526,0.0853981292910046,899.7109375,1.020288450850381,0.015035524615086615,1.1541174981329176
adv,103,865.3291286892361,0.0856560729444027,899.7395629882812,1.0319826205571492,0.013519231346435845,1.1557242671648662
adv,104,864.728247748481,0.08519471974836455,899.491943359375,1.0415313243865967,0.01592734272384809,1.1539778643184238
adv,105,876.2229071723091,0.08549352362751961,899.78759765625,1.0503231485684712,0.011683178819819458,1.152106609609392
adv,106,867.6786736382378,0.08556139758891529,899.6663818359375,1.0576275719536676,0.015388255046370128,1.150089316897922
adv,107,873.909423828125,0.0854745859073268,899.5245361328125,1.0683651963869731,0.014843748604309641,1.1499421464072332
adv,108,866.438988579644,0.08535560096303622,899.6903076171875,1.082722266515096,0.014158607421753308,1.1549030012554593
adv,109,871.4310946994358,0.08549206745293406,899.5165405273438,1.087847928206126,0.013385896247604655,1.1517016225390964
adv,110,869.8861321343315,0.08533053886559275,899.8507690429688,1.0998247067133586,0.011793648448979689,1.1548799276351929
adv,111,864.6603698730469,0.08558780989713138,899.6586303710938,1.1110687057177226,0.009765861394246005,1.1579033931096394
adv,112,869.3336317274305,0.08582905597156948,899.7710571289062,1.1196795105934143,0.014918894300030338,1.149620254834493
adv,113,870.1652221679688,0.08584090198079745,899.5506591796875,1.1307195491260953,0.015527486723537246,1.1529445317056444
adv,114,866.5737982855903,0.08609019592404366,899.7919921875,1.1399111946423848,0.00966103129192359,1.1540446612570021
adv,115,865.4171006944445,0.0863296960790952,899.680908203125,1.1467612981796265,0.02128032289652361,1.1491192513042026
adv,116,870.4679124620226,0.08598026674654749,899.7586059570312,1.1598234044180975,0.017661229784910876,1.15103237496482
adv,117,870.448950873481,0.08561853360798624,899.8452758789062,1.173032886452145,0.01244083083777999,1.156150566207038
adv,118,867.8779737684462,0.08549077601896392,899.7793579101562,1.1793594029214647,0.013243770614887277,1.1447504692607455
adv,119,878.8754306369358,0.08567710344990094,899.7145385742188,1.1882204678323534,0.013317483166853586,1.142511526743571
adv,120,870.2105916341146,0.08537820809417301,899.71337890625,1.2004038360383775,0.018033273427540228,1.1489058203167386
adv,121,871.0152791341146,0.08584013167354795,899.7704467773438,1.2094380060831706,0.019408622653120093,1.1543023122681513
adv,122,868.466054280599,0.08585644844505522,899.6986083984375,1.2156322068638272,0.017880950743953388,1.144083301226298
adv,123,865.3330349392361,0.08592266258266237,899.8806762695312,1.2293323344654508,0.012674462606406046,1.1514035662015278
adv,124,872.1025390625,0.08577628433704376,899.7590942382812,1.235218299759759,0.013213901056183709,1.1448877718713548
adv,125,871.6137288411459,0.08559356671240595,899.7928466796875,1.250522838698493,0.014418809597070018,1.1544005407227411
adv,126,869.6073608398438,0.08578243189387852,899.6661987304688,1.2594364749060736,0.013052668784641556,1.1468981107076008
adv,127,870.9329494900173,0.0860786313811938,900.0313110351562,1.267904539903005,0.010963270983969172,1.1459012693829007
adv,128,865.5664401584202,0.08584747835993767,899.648681640625,1.2760760982831318,0.016513738910564117,1.145496169726054
adv,129,864.1223924424913,0.08607347475157844,899.7765502929688,1.2873944838841755,0.011836852386800779,1.14523094230228
adv,130,871.4987080891927,0.08585684870680173,899.7725830078125,1.2989816466967266,0.016616235668253567,1.1483061048719618
adv,131,872.5100029839409,0.0859800995224052,899.726806640625,1.308322509129842,0.0118775341543369,1.1486095521185133
adv,132,876.0216403537327,0.0859051181210412,899.8106689453125,1.3162385490205553,0.016535686639448006,1.148480024602678
adv,133,871.0598720974392,0.08585225583778487,899.7048950195312,1.3278462886810303,0.011814452164495984,1.1475714776251051
adv,134,870.8216383192274,0.08599637945493062,899.7770385742188,1.3383319510353937,0.01616242579701874,1.1460365056991577
adv,135,867.0908881293403,0.08592664326230685,899.7474365234375,1.3452639049953885,0.017469239899785154,1.147983193397522
adv,136,869.8241644965278,0.0858358744945791,899.8924560546875,1.3554941879378424,0.017190690223489784,1.1451786756515503
adv,137,873.9275546603733,0.08601835908161269,899.5923461914062,1.3657772143681843,0.013902016967121098,1.1399061150021024
adv,138,867.5682000054253,0.0855895769264963,899.832763671875,1.376476890510983,0.016712382500473823,1.1416981551382277
adv,139,865.6587422688802,0.08604421880510119,899.6482543945312,1.3835106823179457,0.015831636161439948,1.141177601284451
adv,140,873.0435655381945,0.08579292024175326,899.861572265625,1.3965864446428087,0.017383219105088048,1.1481505897310045
adv,141,869.4279039171007,0.08595806691381666,899.8471069335938,1.4033294982380338,0.010926086326233216,1.142059452003903
adv,142,871.969740125868,0.0859275861746735,899.8925170898438,1.4160773290528192,0.013414001816676723,1.1428303983476427
adv,143,862.3384094238281,0.08648608583543035,899.8294677734375,1.426088319884406,0.015520665561780334,1.1441422767109342
adv,144,872.1641777886284,0.08586673438549042,899.8462524414062,1.4359395835134718,0.014637358240886696,1.1457853118578594
adv,145,874.1301608615452,0.08577676696909799,899.906494140625,1.4453063607215881,0.015497365112726888,1.146663208802541
adv,146,867.7430521647135,0.08572174029217826,899.74267578125,1.4544672899776034,0.01411705072193096,1.144423696729872
adv,147,862.9744160970052,0.08562389181719886,899.7442626953125,1.4647409319877625,0.015391434982625974,1.1421704755889044
adv,148,872.6500413682726,0.08558361563417646,899.6312255859375,1.4751944541931152,0.014158737431797717,1.1476915213796828
adv,149,866.6988864474827,0.085327317731248,899.760009765625,1.482304784986708,0.012507200583058875,1.1468259692192078
adv,150,871.9111395941841,0.08552778263886769,899.6495361328125,1.4947944680849712,0.01829877321789455,1.1421756347020466
adv,151,866.187015109592,0.08557547670271662,899.703369140625,1.4968988166915045,0.017278613445038598,1.1421908603774176
adv,152,866.2259148491753,0.08558136266138819,899.6542358398438,1.5120952129364014,0.01699400979042467,1.140594290362464
adv,153,871.5068800184462,0.08553570840093824,899.8696899414062,1.5223957035276625,0.017650131614775293,1.1423622237311468
adv,154,866.5046454535591,0.08562118311723073,899.6526489257812,1.5375150905715094,0.019890345089758437,1.1466598510742188
adv,155,863.2091437445747,0.08540114139517148,899.7311401367188,1.5437458753585815,0.018940794074700937,1.138760831620958
adv,156,871.1326497395834,0.08537236642506388,899.7769165039062,1.5482151243421767,0.013431061136846742,1.1385934087965224
adv,157,869.6166822645399,0.08542318931884235,899.757568359375,1.5653306775622897,0.014263015951857798,1.14128182331721
adv,158,870.2845492892795,0.0856995859907733,899.7672729492188,1.5697737667295668,0.016337127567061946,1.1433791981803045
adv,159,865.0682373046875,0.08553336809078853,899.7177734375,1.5798807938893635,0.013949974440038204,1.1455394559436374
adv,160,868.810299343533,0.08564768938554658,899.58251953125,1.591261989540524,0.01777336151442594,1.1379792822731867
adv,161,868.0991855197483,0.08528614126973683,899.8836669921875,1.6025465726852417,0.016250246165630717,1.1396685904926724
adv,162,867.396982828776,0.0855483031935162,899.7159423828125,1.6094682415326436,0.015341483651556902,1.1371581024593778
adv,163,866.8222486707899,0.08591356211238438,899.5928344726562,1.6205768187840779,0.010634373841134625,1.1444410218132868
adv,164,872.8825887044271,0.08603995831476317,899.8251953125,1.6297471920649211,0.018512088986527588,1.1359458963076274
adv,165,867.6539272732205,0.08583441831999356,899.6319580078125,1.6397440897093878,0.01661402080208063,1.1382625301678975
adv,166,867.9891459147135,0.0855118909643756,899.5990600585938,1.6472773154576619,0.012299490911472175,1.1376497149467468
adv,167,866.2101779513889,0.08596369789706336,899.69384765625,1.6621725956598918,0.016574878090371687,1.1456368698014154
adv,168,869.9561801486545,0.08539363245169322,899.6226196289062,1.6723811229070027,0.016295231982237764,1.1398654050297208
adv,169,867.2038235134548,0.08573908648557133,899.7890014648438,1.6758884655104742,0.012121996418702312,1.135482006602817
adv,170,866.5183885362413,0.08610555777947108,899.7338256835938,1.6853726903597515,0.014245061475473145,1.134459098180135
adv,171,873.2389458550347,0.0856692029370202,899.8885498046875,1.6952980293167963,0.02024587664184057,1.1386751068962946
adv,172,869.1593695746528,0.08537059980962011,899.4962768554688,1.7060269978311327,0.023201696484142706,1.1405777666303847
adv,173,872.6512044270834,0.08503509354260233,900.1143188476562,1.7134338153733149,0.017752931401547458,1.1356572376357184
adv,174,866.481201171875,0.08553369674417707,899.6327514648438,1.727674788898892,0.02029569366843336,1.141184151172638
adv,175,868.7783576117622,0.08578661787841055,899.6370239257812,1.737702661090427,0.014011255284357402,1.1388065881199307
adv,176,871.8949449327257,0.08590162172913551,899.5757446289062,1.7435976134406195,0.012233892429826988,1.1341584192381964
adv,177,871.0208129882812,0.08579589840438631,899.6519165039062,1.7554390761587355,0.015059701102371845,1.1396700474951003
adv,178,869.2921990288628,0.08567661792039871,899.6515502929688,1.767417887846629,0.012428381441471478,1.1358862320582073
adv,179,871.4316067165798,0.08558490127325058,899.5827026367188,1.7720415194829304,0.0146585778436727,1.133022407690684
adv,180,868.3052402072483,0.08596358034345838,899.9937133789062,1.788270480102963,0.015792885640015204,1.1345503860049777
adv,181,870.5882025824653,0.08587204996082518,900.0798950195312,1.798722015486823,0.015062389158022901,1.1425848338339064
adv,182,869.4569329155815,0.08585527704821692,899.9908447265625,1.8028235501713223,0.018466446057168975,1.135071383582221
adv,183,866.3369310167101,0.08574293346868621,899.79296875,1.8089414834976196,0.015013259059439102,1.1336313552326627
adv,184,867.8228929307726,0.08603132930066851,899.6641845703125,1.8206162121560838,0.014264728188411228,1.1288570629225836
adv,185,870.6201985677084,0.08590412967734867,900.0094604492188,1.8324029843012493,0.014202135000636594,1.1329981949594286
adv,186,866.7951185438368,0.08589372328586048,899.7150268554688,1.8438193996747334,0.011526843080193631,1.1370224621560838
adv,187,866.834957546658,0.0859299749135971,899.687255859375,1.8534255491362677,0.019484467869107094,1.1320240365134344
adv,188,870.4176873101128,0.08571875302328004,899.6073608398438,1.8610207504696317,0.01781853272890051,1.1308134860462613
adv,189,874.6368509928385,0.08550797858171993,899.6975708007812,1.869111716747284,0.014008672817403244,1.1396560536490545
adv,190,871.5306667751736,0.08556434387962024,899.7029418945312,1.8785675631629095,0.016136172098211117,1.1320312023162842
adv,191,870.2345648871528,0.08584752223557895,899.7568969726562,1.8965457214249506,0.018570320228011243,1.1318649782074823
adv,192,868.400875515408,0.08603919007711941,899.6356811523438,1.89176834291882,0.016388827747303165,1.1264655093352
adv,193,861.8120863172743,0.08586628403928545,899.8773193359375,1.9182644883791606,0.016573021666974656,1.1372783250278897
adv,194,866.935550265842,0.08597902125782436,899.9817504882812,1.918288893169827,0.013590918582243225,1.1276272535324097
adv,195,875.3122897677952,0.08585081746180852,899.6332397460938,1.93006122774548,0.012941451465141855,1.1321983800994024
adv,196,865.9974060058594,0.08571024901337093,900.004638671875,1.9416114621692233,0.015896963110814493,1.136841807100508
adv,197,863.6896158854166,0.08546061151557499,899.9644165039062,1.948902772532569,0.01529194149447398,1.1407378448380365
adv,198,869.9666476779514,0.08607802705632316,899.9147338867188,1.9637417131000094,0.017045662350331742,1.1326443023151822
adv,199,874.510982937283,0.08596498767534892,899.6758422851562,1.9728502300050523,0.01672148895967338,1.1309608419736226
adv,200,869.0777791341146,0.08599279158645207,899.8452758789062,1.976215574476454,0.015751854012099404,1.1364415950245328
adv,201,871.6885138617622,0.08597718593147066,899.6573486328125,1.9899592333369784,0.014818956014803715,1.1324151688151889
adv,202,868.4867248535156,0.08603203958935207,899.8853149414062,1.9953147172927856,0.014863414120756917,1.128383583492703
adv,203,868.370120578342,0.08641551973091231,899.8164672851562,2.005464540587531,0.019902490803764925,1.1276624335183039
adv,204,869.5820956759983,0.08593425568607119,899.8739624023438,2.01846092277103,0.013889385568391945,1.1310656401846144
adv,205,864.4363267686632,0.08626790386107233,899.696533203125,2.031121757295397,0.015859464118774567,1.1371373865339491
adv,206,871.3340420193142,0.0860931637386481,899.8051147460938,2.035764137903849,0.011341804366869232,1.13355553150177
adv,207,863.1508144802517,0.0861741192638874,899.8240356445312,2.0476149453057184,0.013784083899938397,1.1315932008955214
adv,208,871.612046983507,0.08616483128733105,899.7093505859375,2.0573308600319757,0.015129841120344482,1.1304190821117825
adv,209,869.4203660753038,0.08608550826708476,900.0491333007812,2.066914333237542,0.012783116104805635,1.1270869904094272
adv,210,869.7440931532118,0.08582814617289437,899.8764038085938,2.0779585705863104,0.013416030179036574,1.126935727066464
adv,211,871.3506842719185,0.0860459345082442,899.9736328125,2.0810896224445767,0.015802999725565314,1.124330888191859
adv,212,867.8536105685764,0.08609604794118139,899.7334594726562,2.0926137500339084,0.019032593195637066,1.1259332762824164
adv,213,877.6084865993923,0.08621918285886447,899.908935546875,2.101948791080051,0.016274774899809726,1.1288888189527724
adv,214,869.1018608940972,0.08637704369094637,899.7481689453125,2.1194536553488836,0.013290700826069547,1.129671918021308
adv,215,871.0827975802952,0.08602810816632377,899.864013671875,2.125736872355143,0.012891612856441902,1.1267136798964605
adv,216,869.390123155382,0.0858907401561737,899.7158813476562,2.139152924219767,0.016936653992161155,1.1310617393917508
adv,217,868.7160237630209,0.08583264218436347,900.0830078125,2.14715666241116,0.014721932368249528,1.1292679243617587
adv,218,870.7191162109375,0.08596934833460385,899.9508666992188,2.1534465816285877,0.014271165567657186,1.1306495269139607
adv,219,870.071509467231,0.08600742825203472,899.8258056640625,2.1627819538116455,0.014646940450701449,1.1297632654507954
adv,220,871.2811516655815,0.0856235201160113,899.52587890625,2.169220619731479,0.016721401286001008,1.131765776210361
adv,221,873.9249877929688,0.0856222158504857,899.6185302734375,2.1721968981954785,0.010483373059994645,1.129173629813724
adv,222,868.6725056966146,0.08577754224340121,899.6629638671875,2.193314035733541,0.01648700459756785,1.1299123631583319
adv,223,867.8232964409722,0.08555241136087312,899.752197265625,2.20154967572954,0.017241419370596606,1.1284868915875752
adv,224,878.2660590277778,0.08544064188996951,899.8087158203125,2.210404713948568,0.0179777466174629,1.1337558892038133
adv,225,865.5087076822916,0.08564599313669735,899.6614990234375,2.220865077442593,0.015720601943838928,1.1247608595424228
adv,226,867.3586629231771,0.085435232354535,899.6080322265625,2.231946508089701,0.015550118612332476,1.1321399278110928
adv,227,870.4170600043403,0.08539795709980859,899.7503051757812,2.239228712187873,0.01808678482969602,1.1246938308080037
adv,228,873.7334526909722,0.08569233905937937,899.8916015625,2.245972818798489,0.015686486588997975,1.1264182527860005
adv,229,869.3039143880209,0.08562090910143322,899.6244506835938,2.2569565773010254,0.019675219007897086,1.12452318933275
adv,230,871.087866889106,0.08551942391528024,899.7191772460938,2.262188302146064,0.01640344596752483,1.1234445770581563
adv,231,874.8914896647135,0.08559673693444994,899.6736450195312,2.2757493919796414,0.01594283735095006,1.1242736379305522
adv,232,872.9557732476128,0.08573403209447861,899.8310546875,2.2883897754881115,0.012182690073839493,1.1278660164939032
adv,233,873.2722235785591,0.08592255413532257,899.7327880859375,2.293414036432902,0.016768665738507278,1.1297862595982022
adv,234,868.3447333441841,0.0858032355705897,899.69677734375,2.302155693372091,0.017636150639090274,1.127121753162808
adv,235,865.2862582736545,0.08557069674134254,899.7350463867188,2.3168106079101562,0.01285942131653428,1.1211064524120755
adv,236,875.5738830566406,0.08532541162437862,899.5848388671875,2.3239166736602783,0.014385167030721076,1.1274330351087782
adv,237,871.4517686631945,0.08552487153146002,899.6482543945312,2.3419252369138928,0.018428793099398415,1.1349051660961575
adv,238,869.9412231445312,0.08531303331255913,899.7033081054688,2.3469046619203358,0.014237171478776468,1.1261208587222629
adv,239,864.352318657769,0.08542977107895745,899.5848388671875,2.354761242866516,0.013639239859508557,1.132847547531128
adv,240,872.2027723524305,0.08563876069254345,899.8477783203125,2.364054176542494,0.014796487508445151,1.1237361828486125
adv,241,865.8591681586372,0.08574472574724092,899.8842163085938,2.3711211019092135,0.013955502796711193,1.1227691902054682
adv,242,871.6746351453993,0.08570482830206554,899.8880615234375,2.3855380614598594,0.016928686359379854,1.131117820739746
adv,243,865.2771504720052,0.08548787318997914,899.7616577148438,2.391737699508667,0.016953969865830407,1.1250551011827257
adv,244,870.1860080295139,0.08580710904465781,899.6401977539062,2.4014534685346813,0.015040929791414075,1.1226278013653226
adv,245,870.4100918240017,0.08564348477456304,899.7924194335938,2.4114424784978232,0.014966766324101223,1.128935244348314
adv,246,876.614234076606,0.08577953320410517,899.6044921875,2.423936539226108,0.017401030442367,1.1269940535227458
adv,247,870.368418375651,0.0857688035402033,899.6530151367188,2.43124963177575,0.02113474143617269,1.1275018784734938
adv,248,869.3728502061632,0.08553904253575537,899.745849609375,2.449017458491855,0.01453646169587349,1.1329471402698092
adv,249,876.054907904731,0.0854282101823224,899.67529296875,2.4506846401426525,0.01291776236353649,1.122342374589708
adv,250,867.9469434950087,0.08574486937787798,899.8837280273438,2.4634189340803356,0.01331218297774386,1.1272710826661851
adv,251,872.3313666449653,0.08580737105674213,899.8319702148438,2.4674076769087048,0.016014840427993074,1.1262135770585802
adv,252,864.4801534016927,0.08575100700060527,899.9486083984375,2.48200261592865,0.018987154109506972,1.121994071536594
adv,253,872.614281548394,0.08576994761824608,899.80615234375,2.4817050165600247,0.018314243527129292,1.123092618253496
adv,254,869.8899773491753,0.08546120880378617,899.6029052734375,2.5070633225970798,0.013046615537152521,1.1287738349702623
adv,255,867.6874423556858,0.08587677652637164,899.5067749023438,2.508590499560038,0.019497763210286696,1.1362390518188477
adv,256,870.3592258029514,0.08548044910033543,899.921630859375,2.5212203529145985,0.01248503912292007,1.1199527515305414
adv,257,870.1101921929253,0.0855065749751197,899.6668701171875,2.5307187504238553,0.015062162807832161,1.124568806754218
adv,258,870.1001146104601,0.08583441873391469,899.8372802734375,2.530174043443468,0.016118873001283243,1.1160073975721996
adv,259,868.5629069010416,0.0855253938999441,899.6484375,2.5463171535068088,0.014360742003191262,1.1210933128992717
adv,260,872.9305657280815,0.08523679276307423,899.7877807617188,2.5613997644848294,0.017224461952638295,1.1270738707648382
adv,261,867.8156941731771,0.08556196093559265,899.6724243164062,2.5572341945436268,0.015428604532240165,1.1224880814552307
adv,262,868.5071004231771,0.08545640442106459,899.8169555664062,2.57152259349823,0.021553400464148983,1.1235471765200298
adv,263,867.2901713053385,0.08553942251536581,899.735107421875,2.583073205418057,0.01604050092606081,1.1253768338097467
adv,264,874.1787584092882,0.08570759453707272,899.745849609375,2.5848819282319813,0.020603390358802345,1.1210336089134216
adv,265,868.1854451497396,0.08569848371876611,899.64794921875,2.604113499323527,0.017113581920663517,1.1287069916725159
adv,266,865.5018683539497,0.08594266242451137,899.8513793945312,2.6116309695773654,0.01594786249592693,1.1236519151263766
adv,267,874.7117716471354,0.08590300298399395,899.8296508789062,2.632926093207465,0.015184224816039205,1.128407855828603
adv,268,870.4181179470486,0.08592793179882897,899.7651977539062,2.6292030678855047,0.015986086900940992,1.1210347480244107
adv,269,864.0562574598524,0.0854151811864641,899.602294921875,2.6420836978488498,0.014063366999228796,1.1209805607795715
adv,270,871.5528123643663,0.08544436883595255,899.6160888671875,2.65095497502221,0.01679235427743859,1.1247229244973924
adv,271,869.5753207736545,0.08525010529491636,900.2989501953125,2.6668218771616616,0.013616555241040058,1.1250582999653287
adv,272,874.7418687608507,0.08560237536827724,899.7385864257812,2.6699227492014566,0.013920085698676607,1.1242021719614665
adv,273,874.7460123697916,0.08515968753231896,899.7701416015625,2.6781927347183228,0.014368569665950619,1.119483643107944
adv,274,874.406009250217,0.08523890748620033,899.6542358398438,2.6929321553972034,0.012571620806637738,1.1178694897227817
adv,275,875.5112982855903,0.0855741910636425,899.8233032226562,2.705622500843472,0.01429123480597304,1.1170074078771803
adv,276,872.1806098090278,0.08573333794871967,899.7388916015625,2.704937285847134,0.017524335610990722,1.1216983199119568
adv,277,868.2782355414497,0.08546199194259113,899.8603515625,2.715071585443285,0.016609024631583855,1.122896757390764
adv,278,869.6168857150608,0.08568668655223316,899.6107788085938,2.7222036255730524,0.012097558485240571,1.1201138959990606
adv,279,870.3262973361545,0.0855935129026572,899.9291381835938,2.7363929880989923,0.013432614207785163,1.1202656626701355
adv,280,867.9488898383247,0.0856939587328169,899.6778564453125,2.7513136863708496,0.01598545487245752,1.1308382617102728
adv,281,870.409888373481,0.08531813820203145,899.6859130859375,2.756412969695197,0.015070642383458713,1.1181608438491821
adv,282,868.1364339192709,0.08555006525582737,899.696533203125,2.7696856525209217,0.013459158181730244,1.1297136810090807
adv,283,868.5995788574219,0.08545872362123595,899.8577880859375,2.7762911452187433,0.014520532024713853,1.1260463065571256
adv,284,867.8550957573784,0.08585004425711101,899.8748779296875,2.7810089455710516,0.01389727030052907,1.1203644010755751
adv,285,871.7658521864149,0.08588015577859348,899.8707885742188,2.7875915235943265,0.018502338246131938,1.1241061753696866
adv,286,876.4020385742188,0.08545136824250221,899.9020385742188,2.803218854798211,0.0156970443462746,1.116990864276886
adv,287,865.9738328721788,0.08608797937631607,899.770263671875,2.7967444128460355,0.014676737573204769,1.1187328232659235
adv,288,869.3109876844618,0.08588619199064043,899.81787109375,2.816718485620287,0.011612666292219527,1.1151446302731831
adv,289,868.8743184407552,0.08568005470765962,899.6641235351562,2.8277204036712646,0.014159261546511617,1.1178392834133573
adv,290,866.3125169542101,0.08573392571674453,899.5839233398438,2.841414464844598,0.012153835811962685,1.120420389705234
adv,291,870.0330912272135,0.08561962097883224,899.7411499023438,2.840287102593316,0.020687493211072352,1.1127950482898288
adv,292,872.2072041829427,0.08543648777736558,899.7937622070312,2.862781842549642,0.012576468793364862,1.1214045617315505
adv,293,874.8389451768663,0.085204532990853,899.8890991210938,2.8692872391806707,0.017797430576239195,1.1127051379945543
adv,294,871.9635247124565,0.08538739093475872,899.793701171875,2.8801274167166815,0.012882274439713607,1.119562844435374
adv,295,870.6129726833767,0.08581007023652394,899.7060546875,2.8756227360831366,0.012480640369984839,1.1251275142033894
adv,296,868.9182467990452,0.0856591947376728,899.8104858398438,2.8963185283872814,0.014200298639480025,1.1156321896447077
adv,297,866.6791483561198,0.08559436226884524,899.5695190429688,2.896247625350952,0.020942539170694847,1.1178442968262567
adv,298,864.3596869574653,0.08565210302670796,899.9728393554688,2.9118553002675376,0.013592382595460448,1.1144899527231853
adv,299,866.0558268229166,0.08539824436108272,899.6954956054688,2.9250982337527804,0.018233559870471556,1.1174009044965107
adv,300,868.5933905707466,0.08563412146435843,899.8935546875,2.9362665149900646,0.012250686064362526,1.1263280378447638
adv,301,869.0742797851562,0.08526980007688205,899.9046020507812,2.941969381438361,0.012078986451443698,1.1162010497517056
adv,302,873.1914435492622,0.08581909413139026,899.6478271484375,2.9408182303110757,0.01835778748823537,1.1170820130242243
adv,303,869.151865641276,0.08540905515352885,899.7015380859375,2.964973224533929,0.014311814603085319,1.1215377383761935
adv,304,869.0301479763455,0.08552631156312095,899.7299194335938,2.96474818388621,0.017046054631161194,1.1122563613785639
adv,305,871.8853352864584,0.08554794929093784,899.6903076171875,2.9811193810568914,0.0151601972627557,1.1180458267529805
adv,306,868.8504503038195,0.08535283183058102,899.8040161132812,2.9814382129245334,0.017237422392807074,1.1158836219045851
adv,307,869.2508714463976,0.08571020555165079,899.8986206054688,2.998067061106364,0.020543500470618408,1.1190788679652743
adv,308,872.563724093967,0.08545795538359219,899.7811889648438,3.002064135339525,0.013140495853602059,1.109562549326155
adv,309,871.9558851453993,0.08577146174179183,899.9708862304688,3.018346654044257,0.013180642802682187,1.115509205394321
adv,310,864.4010789659288,0.08608509310417706,899.955322265625,3.023672686682807,0.013750689246484803,1.1197463009092543
adv,311,863.8368462456597,0.0860149794154697,900.0242309570312,3.036385973294576,0.017478123113202553,1.1159153050846524
adv,312,870.7812025282118,0.08536447087923686,899.8649291992188,3.040263017018636,0.012347706716455933,1.1122733487023249
adv,313,877.7100999620226,0.08578524159060584,899.700927734375,3.047452727953593,0.017053755905686155,1.1121279001235962
adv,314,869.2669067382812,0.08512177069981892,899.8551635742188,3.056941827138265,0.020002288291127317,1.1146648393736944
adv,315,871.6278313530815,0.08540687089165051,899.7109375,3.0766039292017617,0.016031467446333006,1.1139825450049505
adv,316,864.3340962727865,0.0858992234700256,899.7632446289062,3.0847117635938854,0.016916043978805344,1.113188988632626
adv,317,865.0086364746094,0.08577948932846387,899.916259765625,3.0894465843836465,0.01279620461476346,1.1141544712914362
adv,318,869.7530653211805,0.0855686900516351,899.7200927734375,3.0853622092141046,0.016079862084653642,1.110438499185774
adv,319,872.9954969618055,0.08527018709315194,899.6362915039062,3.1123979091644287,0.014367819634369679,1.1156962447696261
adv,320,867.2357279459635,0.08524957878722085,899.9220581054688,3.125276896688673,0.01177222191149162,1.1153724326027765
adv,321,870.0567050509983,0.08526599324411815,899.7080078125,3.122864246368408,0.0162639360771411,1.1115385823779635
adv,322,864.5977783203125,0.08524418042765723,900.0211181640625,3.1422362857394748,0.01768629167539378,1.1159670882754855
adv,323,868.7227105034722,0.0852444213297632,899.7024536132812,3.1499297089046903,0.016056231093696423,1.1156137784322102
adv,324,865.5491265190972,0.08550435097681151,899.9619750976562,3.1515258153279624,0.023150961302841704,1.111833353837331
adv,325,866.4746432834202,0.08529413450095388,899.8008422851562,3.160006125768026,0.012114998354162607,1.1039158205191295
adv,326,865.5181511773003,0.08541340463691288,899.698974609375,3.1624501943588257,0.023153072148690827,1.1132043600082397
adv,327,867.4306810167101,0.08537616001235114,899.8599853515625,3.190251840485467,0.01582409266848117,1.1130157510439556
adv,328,869.7978922526041,0.08531449569596185,899.9119262695312,3.1965027120378284,0.016649019555188715,1.112194346057044
adv,329,874.2689615885416,0.08525295928120613,899.6875610351562,3.1991033289167614,0.015088739494482676,1.1131702065467834
adv,330,868.2774726019966,0.08492342837982708,899.8734741210938,3.2162762880325317,0.012949113501235843,1.117900914616055
adv,331,866.6336602105034,0.08513900513450305,899.7217407226562,3.2204433944490223,0.01153353775670338,1.1161040133900113
adv,332,867.1708441840278,0.08550677531295353,899.7508544921875,3.2291153536902533,0.01755354567689614,1.111505263381534
adv,333,866.5634969075521,0.0855200481083658,899.9567260742188,3.23287026087443,0.01822806048827867,1.106158283021715
adv,334,864.1422220865885,0.08558613475826052,899.6325073242188,3.241531173388163,0.018021945071975805,1.1069182952245076
adv,335,874.4231533474392,0.08537228032946587,900.0733032226562,3.254899183909098,0.01782548616433309,1.1092815730306838
adv,336,866.9910346137153,0.08563914067215389,899.6110229492188,3.2732207245296903,0.01512678182269964,1.1106114321284823
adv,337,865.7483656141493,0.08539552158779568,899.989990234375,3.2720751762390137,0.017243810010970466,1.1093629333708022
adv,338,875.9066636827257,0.08579205887185203,899.6439208984375,3.280521657731798,0.017610321461688727,1.1173312928941515
adv,339,873.465833875868,0.08569557882017559,899.7154541015625,3.301225768195258,0.022324072759753715,1.1112529502974615
adv,340,868.6707967122396,0.08515614229771826,900.2890625,3.304075095388624,0.01757346629165113,1.1054116818639967
adv,341,873.8999091254341,0.08514641225337982,899.937255859375,3.307497223218282,0.018729846821063094,1.1102274060249329
adv,342,860.1035868326823,0.08477559230393833,899.7764282226562,3.329203208287557,0.017049539672572993,1.1136923498577542
adv,343,864.4131944444445,0.08492270484566689,899.89501953125,3.334639218118456,0.0131963100284338,1.1172312100728352
adv,344,869.145999484592,0.08534802951746517,899.6166381835938,3.3407609860102334,0.022546771680936217,1.105290025472641
adv,345,870.1861063639323,0.08518740700350867,899.9072265625,3.3557912243737116,0.011449598396817843,1.1116563942697313
adv,346,871.9666781955295,0.0851756992439429,899.7444458007812,3.367935379346212,0.013817983524252972,1.1126746535301208
adv,347,871.4468722873264,0.085291957275735,899.7025756835938,3.359869877497355,0.01549172729978131,1.1129032373428345
adv,348,871.769544813368,0.08544210634297794,899.7216796875,3.3804482089148626,0.020033055088586278,1.1087093551953633
adv,349,869.1399976942274,0.08514506328437063,899.8993530273438,3.393203232023451,0.017862388152732618,1.1172517008251615
adv,350,865.0679796006945,0.08504441132148106,899.7144165039062,3.3971605698267617,0.014925344303871194,1.1067357791794672
adv,351,863.280019124349,0.08540424414806896,899.66259765625,3.412708878517151,0.014902359624910686,1.1120869649781122
adv,352,872.3977457682291,0.08520208506120576,899.7706298828125,3.408072339163886,0.014669513575629227,1.1090767780939739
adv,353,870.9833713107639,0.08534856140613556,899.9299926757812,3.426276365915934,0.01317214659259965,1.1058434579107497
adv,354,869.0870463053385,0.0854917387995455,899.6184692382812,3.4300233258141413,0.021800772959573403,1.10765317413542
adv,355,872.696556939019,0.0850559493733777,899.656982421875,3.4429588317871094,0.015507804760192003,1.1075361172358196
adv,356,872.3834974500868,0.08521624944276279,899.6328125,3.457603693008423,0.01288051419477496,1.112302343050639
adv,357,872.3541598849827,0.08529239685999022,899.6212158203125,3.4624200529522366,0.018247652035723958,1.112410306930542
adv,358,868.3185865614149,0.08526350847548908,899.9468994140625,3.4709182712766857,0.014141718805250194,1.1093372702598572
adv,359,868.9400702582466,0.08516359412007862,899.696533203125,3.473682747946845,0.013199523751003047,1.1066134770711262
adv,360,870.1656765407986,0.08509309341510136,899.7763671875,3.4883567227257624,0.017410575244058337,1.1085916029082403
adv,361,871.0024074978298,0.08533272312747107,899.696533203125,3.501233220100403,0.018592047181704804,1.105970323085785
adv,362,868.619137234158,0.08510197243756717,899.6973266601562,3.5041852262285023,0.014999145189196698,1.111922601858775
adv,363,868.7245212131077,0.08531098357505268,899.9100952148438,3.512985282474094,0.0264108302589092,1.1104724605878193
adv,364,869.0212944878472,0.08527472449673547,899.7393798828125,3.540575292375353,0.013844744418747723,1.1125807695918613
adv,365,872.9884236653646,0.08468624163005087,899.7427368164062,3.5366218752331204,0.013423453499045637,1.1030397680070665
adv,366,868.9948459201389,0.08459462597966194,899.790771484375,3.5483138031429715,0.013523301083801521,1.1084561944007874
adv,367,869.2482062445747,0.08520675367779201,899.6848754882812,3.556109070777893,0.016386897031528253,1.102739950021108
adv,368,868.5031907823351,0.0854125904540221,899.7373046875,3.5575777292251587,0.015737890446972515,1.1071329712867737
adv,369,873.2428385416666,0.08495736867189407,899.6478271484375,3.573132779863146,0.025001437946533162,1.1105072895685832
adv,370,870.7061157226562,0.08469560452633434,899.91552734375,3.5826152563095093,0.011704970503665714,1.1074613663885329
adv,371,868.165296766493,0.08539632542265786,899.6129760742188,3.5911363230811224,0.013780233036312792,1.1073942648039923
adv,372,871.748033311632,0.08555038480295075,899.754150390625,3.59270261393653,0.01392009880186783,1.1056656903690762
adv,373,872.2601420084635,0.08520529915889104,899.6259765625,3.611350033018324,0.01689900064633952,1.112426307466295
adv,374,869.314710828993,0.08513502155741055,899.8065795898438,3.6149574650658503,0.013527321085954705,1.1040614114867315
adv,375,871.7929111056858,0.08503036366568671,899.7747192382812,3.6255236201816134,0.012320731818262074,1.1082557572258844
adv,376,864.8582255045573,0.08501088991761208,899.7505493164062,3.6425353553560047,0.013709362609208457,1.107187529404958
adv,377,866.6656528049045,0.08519845869806078,899.7540283203125,3.6482171614964805,0.015832760216047365,1.1090541150834825
adv,378,872.0831061469185,0.08526643075876766,899.7710571289062,3.6520859135521784,0.018479520532612998,1.1064321663644578
adv,379,868.3463439941406,0.08497235261731678,899.7159423828125,3.664309448666043,0.012616770755913522,1.1057180563608806
adv,380,867.9139268663195,0.08479848172929552,899.7500610351562,3.6702910794152155,0.01340049339665307,1.1035925679736667
adv,381,868.8684455023872,0.08521740055746502,899.607177734375,3.6867344909244113,0.015755487580059305,1.106675472524431
adv,382,863.9808315700955,0.08501345622870657,899.6438598632812,3.690731896294488,0.01350287402359148,1.109531084696452
adv,383,871.5160963270399,0.08511616331007746,899.648681640625,3.7040798664093018,0.01232166424031473,1.104526122411092
adv,384,869.8928663465712,0.08523448556661606,899.6016845703125,3.705137570699056,0.015366923374434313,1.1070702340867784
adv,385,869.6252848307291,0.0849925929473506,899.8323364257812,3.725896265771654,0.016410571639426053,1.1101013355784946
adv,386,873.2742513020834,0.08466057769126362,899.5936279296875,3.7354606522454157,0.014659515711375408,1.1054641074604459
adv,387,867.61962890625,0.08482866320345137,899.781494140625,3.749938037660387,0.01761749037541449,1.1104974548021953
adv,388,871.1254170735677,0.08468690390388171,899.7658081054688,3.75067937374115,0.011395380043217706,1.0992010864946578
adv,389,863.5527818467882,0.08487634857495625,899.8184204101562,3.7546223534478083,0.012683437568032079,1.1031309796704187
adv,390,865.7936096191406,0.08507243543863297,899.7802734375,3.7545789877573648,0.01422007132269856,1.0997832814852397
adv,391,871.674072265625,0.08521438555585013,899.8844604492188,3.7739098601871066,0.017202500409136217,1.111489666832818
adv,392,870.0774298773872,0.08510075012842815,899.8577880859375,3.7915071778827243,0.011430522866754068,1.1053035590383742
adv,393,868.6581217447916,0.08503552857372496,899.838134765625,3.792381591267056,0.012066363357007504,1.1028699676195781
adv,394,868.4618055555555,0.08482318040397432,899.737548828125,3.7865520980623035,0.016241534606605355,1.1004091435008578
adv,395,869.0153876410591,0.08469823044207361,899.743408203125,3.8212292856640286,0.015997455196662083,1.1038699481222365
adv,396,867.3623758951823,0.08512765872809622,899.6716918945312,3.8174477683173285,0.016831247899163928,1.0998482174343533
adv,397,867.9119127061632,0.0853855667842759,899.9118041992188,3.8225107192993164,0.015934915540532932,1.1011641489134893
adv,398,863.6280483669705,0.08529721779955758,899.9373168945312,3.834289828936259,0.01797532859361834,1.1062931484646268
adv,399,869.8578050401476,0.08514011278748512,900.0205078125,3.8577953709496393,0.015286393153170744,1.1027005314826965
adv,400,868.4276970757378,0.08502060506078932,899.8287963867188,3.8567548195521035,0.01220343898360928,1.1033003727595012
adv,401,865.9876335991753,0.08530290217863189,899.8829956054688,3.866270661354065,0.019873438170179725,1.1047718392478094
adv,402,867.1347113715278,0.08551065623760223,899.7529296875,3.8733585278193154,0.018441611318849027,1.1048205693562825
adv,403,870.2025214301216,0.08485924328366916,899.7509155273438,3.896960046556261,0.01602138749634226,1.1088550686836243
adv,404,865.7565511067709,0.08525936553875606,899.6079711914062,3.9033361938264637,0.015604705575646626,1.1036638286378648
adv,405,876.2250400119358,0.08485189369983143,899.8535766601562,3.9029203388426037,0.011206841704228686,1.1063487927118938
adv,406,872.0661349826389,0.08526214294963413,899.773681640625,3.9177973535325794,0.014522280130121443,1.1054736839400396
adv,407,874.8197123209635,0.08522096359067494,899.72119140625,3.914126541879442,0.017514494771603495,1.1073876486884222
adv,408,865.6670294867622,0.08509507237209214,899.5335083007812,3.9357455571492515,0.014308156148116622,1.1086819370587666
adv,409,863.1834852430555,0.08514505997300148,899.6868896484375,3.9318210548824735,0.02164746238850057,1.1052044563823276
adv,410,866.8024631076389,0.08499359049730831,900.0048828125,3.944225894080268,0.012895491517459353,1.1026582784122891
adv,411,866.8418748643663,0.08465826097461912,899.8032836914062,3.957671470112271,0.014531584534173211,1.0935467647181616
adv,412,863.0169711642795,0.08507527907689412,899.7590942382812,3.9668658441967435,0.020058802639444668,1.1065381036864386
adv,413,870.503421359592,0.08534862432214949,899.612548828125,3.9830808109707303,0.012902922837788032,1.1118000944455464
adv,414,866.7439236111111,0.084932296226422,899.7363891601562,3.9845993651284113,0.013557946619888147,1.1068741083145142
adv,415,868.2457071940104,0.08515174686908722,899.63818359375,3.9810676177342734,0.013542487221356068,1.1063208911154006
adv,416,870.7847154405382,0.08479655120107862,899.622802734375,4.000678698221843,0.010298301064823236,1.1013481219609578
adv,417,870.6496853298611,0.08485730075173908,899.6643676757812,4.009920967949761,0.020023364450834278,1.1039564609527588
adv,418,871.1990051269531,0.08490467071533203,899.7578125,4.010872297816807,0.012591605242859159,1.1090541813108656
adv,419,869.9165852864584,0.08497449300355381,899.748291015625,4.025449779298571,0.013917750640151402,1.1027561558617487
adv,420,870.9780883789062,0.08471861274705993,899.8099975585938,4.041065865092808,0.015765667802447245,1.1018738216824002
adv,421,871.5348036024305,0.08466178551316261,899.6345825195312,4.047630972332424,0.017255139174974628,1.102607740296258
adv,422,869.3237474229601,0.08501840382814407,899.8676147460938,4.056916991869609,0.01406327228889697,1.0993393924501207
adv,423,875.4657016330295,0.08511185107959642,899.68798828125,4.069196502367656,0.020435153105710115,1.1038831671079
adv,424,872.4748704698351,0.08459202075997989,899.873291015625,4.06619664033254,0.013287258230977587,1.1018824179967244
adv,425,873.2935621473524,0.08488250358237161,899.6465454101562,4.078659031126234,0.01795505803440594,1.0997186634275649
adv,426,867.3910352918837,0.08490043754378955,899.631591796875,4.092566039827135,0.01825102767907083,1.1018123759163752
adv,427,866.7507595486111,0.0846447240975168,899.8630981445312,4.096281250317891,0.01444616313609812,1.1000951131184895
adv,428,868.0936109754774,0.08498969632718298,900.0662841796875,4.103004945649041,0.015274367101180056,1.0971024831136067
adv,429,873.0093960232205,0.08534720581438807,899.6447143554688,4.100072185198466,0.02231475833751675,1.101900041103363
adv,430,869.13720703125,0.08483660014139281,899.7993774414062,4.120570050345527,0.02129193320352998,1.1026223831706576
adv,431,871.3127170138889,0.08457137023409207,899.556884765625,4.126571430100335,0.013885234210950633,1.0984912580913968
adv,432,863.7606743706597,0.08463840641909176,899.8182373046875,4.146493117014567,0.015931370254192088,1.105070624086592
adv,433,870.8502875434028,0.08480105756057633,899.6893310546875,4.138883339034186,0.022931910378651485,1.1005184650421143
adv,434,871.4158460828993,0.08456290223532253,899.7583618164062,4.162965536117554,0.015031347698014643,1.1024769875738356
adv,435,866.225094265408,0.08457414267791642,899.6173095703125,4.175777011447483,0.014261705309359564,1.0995722346835666
adv,436,866.1448398166233,0.08461167994472715,899.8046264648438,4.179312070210774,0.015553874131809507,1.1017162137561374
adv,437,867.9181925455729,0.08470890422662099,899.6788940429688,4.202342245313856,0.015449581771261163,1.0991040468215942
adv,438,867.6103820800781,0.08476758334371778,899.73486328125,4.191975646548801,0.015559738928762576,1.0992748869789972
adv,439,873.8956841362847,0.08518266015582615,899.6060180664062,4.199668910768297,0.018548381721807852,1.104760958088769
adv,440,870.7409600151909,0.08483516424894333,899.753662109375,4.215021159913805,0.014253806969564822,1.1020211511188083
adv,441,862.548804389106,0.08478786589370833,899.6416015625,4.232596794764201,0.014035470499139693,1.0997292862998114
adv,442,871.9533352322048,0.08505030141936408,899.7763671875,4.2334625191158715,0.014151198944697777,1.1059855156474643
adv,443,865.071055094401,0.08439091510242885,899.7439575195312,4.249393648571438,0.014842083716454605,1.099384519788954
adv,444,874.8363037109375,0.08474312764075068,899.7285766601562,4.257589366700914,0.01471193328810235,1.100438528590732
adv,445,867.8302239312065,0.08488994298709764,899.7437133789062,4.26958605978224,0.0145714056561701,1.0961932142575581
adv,446,868.4228956434462,0.08448962701691522,899.7838745117188,4.285286611980862,0.01538915073292123,1.097690953148736
adv,447,876.3279622395834,0.08480557840731409,899.861572265625,4.26960031191508,0.019782330219944317,1.1009071336852179
adv,448,870.2667100694445,0.08485002236233817,899.6488647460938,4.297620322969225,0.0205968773095972,1.0975489616394043
adv,449,871.2374165852865,0.08443776807851261,900.0386352539062,4.3006125291188555,0.014278640155680478,1.0999207033051386
adv,450,870.2492336697048,0.08465567645099428,899.638427734375,4.305483129289415,0.016846732184704807,1.1039872699313693
adv,451,871.7237514919705,0.08435974973771307,899.7222290039062,4.321570714314778,0.013727669820784487,1.1039753887388442
adv,452,870.0257432725695,0.0845552422106266,899.5926513671875,4.3177281220753985,0.0192758754775342,1.1000711586740282
adv,453,873.8971116807726,0.0849473774433136,899.6561279296875,4.320858690473768,0.038430853902051844,1.1010938419236078
adv,454,873.7048916286892,0.0846658270392153,899.62841796875,4.34125378396776,0.017453591824353982,1.101400355497996
adv,455,874.4164733886719,0.0842138102485074,899.8400268554688,4.357769674725002,0.011045722717729708,1.1040810942649841
adv,456,870.0285339355469,0.08448419719934464,899.6407470703125,4.365190214580959,0.014653881914758434,1.098910199271308
adv,457,869.2632853190104,0.08432947678698434,899.9104614257812,4.37120262781779,0.014667021640990343,1.0991802679167852
adv,458,869.054433186849,0.08482021134760645,900.0244750976562,4.362700594796075,0.014152409431214133,1.0993351141611736
adv,459,867.6483391655815,0.0847838202284442,899.64697265625,4.373006714714898,0.014603924497755038,1.0926464829179976
adv,460,872.3685336642795,0.08465887026654349,899.6251831054688,4.391156355539958,0.01158326725837671,1.0985043379995558
adv,461,867.0048522949219,0.08496768772602081,899.69775390625,4.381908257802327,0.016267850529402494,1.0952484144104853
adv,462,868.2791375054253,0.08470115024182531,899.8784790039062,4.413589636484782,0.01721097329734928,1.1013784209887187
adv,463,866.7618645562065,0.08466839500599438,899.72021484375,4.413251770867242,0.014281463330715068,1.0948169628779094
adv,464,872.2499932183159,0.08467276559935676,899.903564453125,4.416388299730089,0.017805975150420435,1.0939154492484198
adv,465,867.5844251844618,0.08479261149962743,899.8040771484375,4.432982656690809,0.016827901695958443,1.0965763529141743
adv,466,875.2842644585503,0.08435682497090763,899.7149047851562,4.440733273824056,0.018641662939141195,1.1009888980123732
adv,467,867.8996276855469,0.08487149286601278,899.9041137695312,4.44447856479221,0.017801684715474646,1.0960756010479398
adv,468,868.3036329481337,0.08513807836506102,899.6983642578125,4.4663740793863935,0.016961186684461102,1.1098674866888258
adv,469,868.5851474338108,0.08450729813840654,899.6881713867188,4.47467483414544,0.013711345576060316,1.0955058402485318
adv,470,868.8112318250868,0.0843899328675535,899.8298950195312,4.484971099429661,0.013158672334005436,1.099290172259013
adv,471,864.9144694010416,0.08454178356462055,900.0201416015625,4.49934368663364,0.013904395358016094,1.1055833366182115
adv,472,866.7658759223091,0.08433671212858623,899.815185546875,4.489099635018243,0.014992993092164397,1.1007492939631145
adv,473,868.4656405978733,0.0845465970536073,899.7617797851562,4.504812373055352,0.01710745600414359,1.0991345577769809
adv,474,867.9167548285591,0.08470122433371013,899.7265625,4.52156482802497,0.01793983233316491,1.0963678691122267
adv,475,871.0088365342882,0.08418838886751069,899.6976928710938,4.54036725891961,0.017176196470649704,1.1023976537916396
adv,476,876.0601094563802,0.08427534583542082,899.8272705078125,4.540847937266032,0.01471418796831535,1.1022532913419936
adv,477,872.1245524088541,0.08427621548374493,899.734130859375,4.542234950595432,0.0114204852660704,1.096839447816213
adv,478,873.1840074327257,0.08437271540363629,899.9223022460938,4.543217579523723,0.013093984194306863,1.0957041912608676
adv,479,877.1846754286024,0.08450936153531075,899.5693359375,4.560298522313436,0.015317249267051617,1.090845180882348
adv,480,867.6359795464409,0.08471603981322712,899.6598510742188,4.577793916066487,0.018745594903723233,1.1012244025866191
adv,481,868.7228054470486,0.08446645074420506,899.6669921875,4.57335548930698,0.013927940764309218,1.0973497298028734
adv,482,874.2462293836805,0.0844575742052661,899.6928100585938,4.582874986860487,0.015956729391796723,1.0950974093543158
adv,483,862.6047804090712,0.08441457773248355,899.8578491210938,4.595450083414714,0.01840294208118899,1.099633514881134
adv,484,872.6826917860243,0.08419962931010458,899.6862182617188,4.613087548149957,0.016360710478491254,1.0958697464731004
adv,485,872.6017354329427,0.08458106633689669,899.7916259765625,4.61507166756524,0.0109920974355191,1.0967161059379578
adv,486,866.650377061632,0.0843836549255583,899.8259887695312,4.627491394678752,0.015633218507799838,1.0948685540093317
adv,487,873.5818888346354,0.08454376169376904,899.8125610351562,4.6333190070258246,0.019087931658658717,1.094902257124583
adv,488,865.0425957573784,0.08472824013895458,899.7920532226562,4.619083589977688,0.026421067996933643,1.094491634103987
adv,489,865.4921366373698,0.08432568733890851,899.6701049804688,4.645852221382989,0.016719951656543545,1.1028152571784124
adv,490,871.1391296386719,0.08395328910814391,899.8665161132812,4.652436123953925,0.018134280043240223,1.0964541700151231
adv,491,871.3556043836805,0.08421926779879464,899.628173828125,4.666341013378567,0.01940091269918614,1.1032212442821927
adv,492,876.8682793511284,0.08398266343606843,900.0164184570312,4.66285424762302,0.01575014922612657,1.0916339755058289
adv,493,868.3185119628906,0.08390022069215775,899.6485595703125,4.68763173951043,0.015260148780523904,1.0931902858946059
adv,494,874.0374620225695,0.08398893682493104,899.80615234375,4.710066980785793,0.013720405876584765,1.092946449915568
adv,495,874.787343343099,0.08444580021831724,899.6073608398438,4.680776278177897,0.014366407594126131,1.090334415435791
adv,496,869.1039666069878,0.08448607805702421,899.8703002929688,4.712045219209459,0.014829090498905215,1.091214805841446
adv,497,872.8052232530382,0.08470771296156777,899.6666259765625,4.704344140158759,0.01873924985476252,1.0933743980195787
adv,498,870.5912000868055,0.08468431234359741,899.814208984375,4.727820210986668,0.01746426244628512,1.097480959362454
adv,499,868.8313971625435,0.08466362953186035,899.650146484375,4.74604598681132,0.012043014828426143,1.1008523040347629
adv,500,871.449717203776,0.08430229003230731,899.8494262695312,4.755968517727322,0.016039302598478064,1.1015952030817668
adv,501,863.0071275499132,0.08436492871907023,899.9412231445312,4.761703464719984,0.01690098803697361,1.1008084813753765
adv,502,871.6866115993923,0.08390675567918354,899.8091430664062,4.764996502134535,0.012765138073720865,1.0965479281213548
adv,503,873.5102945963541,0.0839135129418638,899.7548217773438,4.766038629743788,0.013723918495492803,1.100362499554952
adv,504,867.3446824815538,0.08419522477520837,899.8598022460938,4.7790943251715765,0.015669754305337038,1.0960790117581685
adv,505,869.1408894856771,0.0848904587328434,899.7384033203125,4.777043104171753,0.021999501584408183,1.0938971042633057
adv,506,869.8690219455295,0.08428500137395328,899.7301635742188,4.79556237326728,0.01459954671251277,1.1043201155132718
adv,507,872.7156914605034,0.08434075572424465,899.8250732421875,4.805933766894871,0.016128167716993227,1.0980705089039273
adv,508,868.0323215060764,0.08430599131517941,900.025634765625,4.80333055390252,0.020421695843752887,1.0973844197061327
adv,509,874.662363688151,0.08435539032022159,899.820068359375,4.808996809853448,0.018218605054749384,1.099012679523892
adv,510,878.0307786729601,0.08462485174338023,899.8140258789062,4.823310136795044,0.013739792966387339,1.0963448617193434
adv,511,868.4414910210503,0.08437299231688182,899.7183227539062,4.839258035024007,0.015732526675694518,1.08979903989368
adv,512,869.3523423936632,0.08445744340618451,899.8182983398438,4.8689832422468395,0.016457966205457017,1.0992236998346117
adv,513,867.0114305284288,0.08408884538544549,899.6765747070312,4.861307700475057,0.01728197127684123,1.0930176443523831
adv,514,873.3552585177952,0.08438650849792692,899.8360595703125,4.863712734646267,0.017395128392510943,1.1000224086973402
adv,515,868.4195285373264,0.08421345303455989,899.8867797851562,4.881733576456706,0.015867804487546284,1.0927079849772983
adv,516,868.9785868326823,0.08429739334517056,899.9205322265625,4.888977474636501,0.016977774328552186,1.1047502160072327
adv,517,868.813232421875,0.08439826758371459,899.8544921875,4.895493613349067,0.016592757879859872,1.0986502700381808
adv,518,872.4701843261719,0.08392130459348361,900.0728759765625,4.893748495313856,0.014320598294337591,1.0958748790952895
adv,519,866.451429578993,0.08438369259238243,900.1463012695312,4.893751515282525,0.015301272337738838,1.0906335314114888
adv,520,871.436045328776,0.08457118396957715,899.8362426757812,4.910084777408176,0.01815551647450775,1.0977637900246515
adv,521,870.5062764485677,0.08431300065583652,899.9124755859375,4.915251546435886,0.015156963465010954,1.0907671252886455
adv,522,874.3133205837673,0.08456938258475727,899.6635131835938,4.942239231533474,0.016372817853051756,1.0974000891049702
adv,523,872.078599717882,0.0844400603738096,899.7552490234375,4.937963353263007,0.018896840771453247,1.0973798698849149
adv,524,876.8161315917969,0.08397059225373799,899.9312133789062,4.95478876431783,0.015714389336709347,1.1001330812772114
adv,525,862.702867296007,0.08447596720523304,899.6649169921875,4.953501595391168,0.019775509200472798,1.093183332019382
adv,526,871.2123684353298,0.08385206717583868,899.7841186523438,4.96897374259101,0.011604497726592753,1.0946605735354953
adv,527,871.679945203993,0.0838902195294698,899.8883666992188,4.977062516742283,0.01244978143626617,1.095266342163086
adv,528,866.110093858507,0.08431890192959043,899.8159790039062,4.9686228434244795,0.019520334563114576,1.0982030828793843
adv,529,871.6075608995226,0.08422113872236675,900.0401000976562,4.974732796351115,0.017022589325077005,1.0945656829410129
adv,530,865.7966715494791,0.08418147307303217,899.7159423828125,4.996163023842706,0.016652062393000558,1.0945455961757236
adv,531,870.1783548990885,0.08392862768636809,899.7945556640625,5.015338208940294,0.019316511306290824,1.098190360599094
adv,532,865.784189860026,0.08423683295647304,899.7210693359375,5.020272572835286,0.018146439080333546,1.1023437182108562
adv,533,866.4097459581163,0.08381918693582217,899.859130859375,5.022853003607856,0.016576974251721468,1.0941802329487271
adv,534,874.861073811849,0.08394097578194407,899.771240234375,5.028876569535997,0.017840354677496686,1.091246035363939
adv,535,874.7078484429253,0.0839746275709735,899.630615234375,5.03830952114529,0.020275555020715628,1.0932942695087857
adv,536,869.0901726616753,0.08403227768010563,899.7183227539062,5.055490970611572,0.012467400351953175,1.0931835571924846
adv,537,872.6756490071615,0.08417952557404836,899.7749633789062,5.056773874494764,0.01622794818184856,1.0976964500215318
adv,538,866.468492296007,0.08433456429176861,899.7421875,5.0777414374881324,0.011240432866745524,1.101804965072208
adv,539,872.1200798882378,0.0842436444428232,899.79443359375,5.0855488777160645,0.015314329415559769,1.0934558378325567
adv,540,866.9444037543403,0.08423193419973056,899.7945556640625,5.0936904483371315,0.013534045674734645,1.0967265897326999
adv,541,873.4612698025173,0.08371090847584936,899.8165283203125,5.099365525775486,0.02259485643460519,1.087080505159166
adv,542,865.5621270073784,0.08370546375711758,899.7056884765625,5.1116946538289385,0.011514685918680496,1.0992047290007274
adv,543,876.7055223253038,0.08399290384517775,899.6757202148438,5.0894544919331866,0.016174255527504202,1.0866362982326083
adv,544,869.1251966688368,0.083802856090996,899.6697387695312,5.129846784803602,0.014717088895849884,1.0934803353415594
adv,545,869.3057759602865,0.08387545289264785,899.7389526367188,5.129017406039768,0.014293970281465186,1.0916506449381511
adv,546,871.0950046115452,0.08436100888583395,899.8157958984375,5.124149507946438,0.013378513174959354,1.0968897740046184
adv,547,874.9100918240017,0.08399414974782202,899.9288940429688,5.137834522459242,0.015391731777021455,1.0899478064643011
adv,548,871.9247334798177,0.08368199194471042,899.52783203125,5.143694268332587,0.015268117732678851,1.0920735266473558
adv,549,870.0351494683159,0.08383025642898348,900.0945434570312,5.158646292156643,0.009137917284129394,1.083413667149014
adv,550,873.5339830186632,0.08406926319003105,899.660400390625,5.162692891226874,0.015692206306589976,1.0882150398360357
adv,551,871.6315409342448,0.08432289212942123,899.6909790039062,5.181426790025499,0.013002600779549943,1.0945854716830783
adv,552,866.9586961534288,0.08404944505956438,899.752197265625,5.1956680615743,0.017879853930531278,1.0880067514048681
adv,553,867.8829650878906,0.0839235716395908,899.8211669921875,5.2070695294274225,0.01452675934868037,1.0945274697409735
adv,554,869.1961364746094,0.08424462957514657,900.0856323242188,5.193311426374647,0.018511768753038876,1.0940406653616164
adv,555,874.2219577365452,0.08390552343593703,899.8968505859375,5.211944527096218,0.015516993602634303,1.0896312793095906
adv,556,869.6437818739149,0.08379335660073492,899.79052734375,5.240183697806464,0.016185751598742273,1.0960415999094646
adv,557,863.2204522026909,0.08412326623996098,899.618896484375,5.2343355019887285,0.01781006761464394,1.0948761701583862
adv,558,870.7193773057726,0.08388227307134205,899.775146484375,5.250286102294922,0.014463935241413614,1.090727620654636
adv,559,867.5560980902778,0.0840639906624953,899.7656860351562,5.252562708324856,0.014887277903552685,1.093062612745497
adv,560,871.6461249457466,0.0833920571539137,899.829345703125,5.265006913079156,0.015211386072526997,1.0966185794936285
adv,561,870.0913153754341,0.08344269750846757,899.7854614257812,5.266125122706096,0.018093539246668417,1.0919938617282443
adv,562,861.9486728244358,0.08370618066853946,899.747314453125,5.28388163778517,0.0168622632109974,1.0949919819831848
adv,563,869.7789238823784,0.0837597544822428,899.7235717773438,5.286205874549018,0.015816943189646635,1.0975172453456454
adv,564,871.3039822048611,0.08386798451344173,899.9857177734375,5.282478703392877,0.016629264612371724,1.0991827315754361
adv,565,866.5149976942274,0.08356350370579296,899.726318359375,5.307529661390516,0.015510156640731212,1.0907062292099
adv,566,866.6332058376736,0.08323847461077902,899.7603149414062,5.310451693005032,0.019249758288626455,1.0910543666945562
adv,567,874.9861891004774,0.08314954489469528,899.5342407226562,5.313084893756443,0.01599090825766325,1.0935992797215779
adv,568,870.929711235894,0.08314745542075899,899.6893310546875,5.328786691029866,0.015112543155232238,1.0912290414174397
adv,569,867.5898810492622,0.0834703031513426,899.628662109375,5.3293929894765215,0.013327781007521682,1.0914722945955064
adv,570,871.032701280382,0.0834062211215496,899.6507568359375,5.332225667105781,0.015870894796939358,1.0882287820180256
adv,571,876.9512803819445,0.08331271799074279,899.7900390625,5.347924285464817,0.016603103890601132,1.0952781041463215
adv,572,867.558597140842,0.08344886907272869,899.6885986328125,5.359408908420139,0.013026329223066568,1.0877768695354462
adv,573,868.5310736762153,0.08401112630963326,899.69873046875,5.369513379202949,0.010954473044775013,1.098994665675693
adv,574,867.3148328993055,0.08369917712277836,899.732666015625,5.36646909183926,0.017889580676435597,1.0893795092900593
adv,575,876.0931464301216,0.08341758656832907,899.7848510742188,5.365792936748928,0.014397368611147007,1.0875240365664165
adv,576,871.7285563151041,0.0832385586367713,899.94580078125,5.383742517895168,0.012867465434182022,1.0922434131304424
adv,577,868.7296583387587,0.0835452348821693,899.637451171875,5.403242111206055,0.023849788406449888,1.0925717883639865
adv,578,867.7057732476128,0.0838854271504614,899.8172607421875,5.405769083234999,0.0219663982020898,1.0931203564008076
adv,579,869.8046434190538,0.08365543973114756,899.6337280273438,5.416894356409709,0.012118391615028182,1.0941694643762376
adv,580,873.0885484483507,0.08353487567769156,899.6295776367188,5.432899845971002,0.014868254773318768,1.0905681451161702
adv,581,874.5309516059028,0.08377840162979232,899.9004516601562,5.424115896224976,0.01612788948437406,1.0874484678109486
adv,582,868.6509331597222,0.08360043995910221,899.7176513671875,5.43653416633606,0.014691839615503946,1.0913496944639418
adv,583,871.1074557834202,0.08362530254655415,899.6190185546875,5.438578526178996,0.014705898498909341,1.0860010120603774
adv,584,868.2012091742622,0.08366428853736983,899.5863647460938,5.472807513342963,0.012441406285183297,1.0918323198954265
adv,585,864.145741780599,0.08320582906405131,899.65185546875,5.462592734230889,0.011872875439520512,1.0979034503300984
adv,586,873.4146355523003,0.08346084256966908,899.7373657226562,5.466425127453274,0.020603378859555557,1.092820147673289
adv,587,871.7843051486545,0.0828522899084621,899.6631469726562,5.47277930047777,0.011625503493835114,1.0889584024747212
adv,588,871.585951063368,0.08324817071358363,899.7184448242188,5.4903830952114525,0.011809709553037666,1.0935077601008945
adv,589,866.2003411187065,0.08329850600825416,899.8345947265625,5.509109603034125,0.015060551205856932,1.0886781679259405
adv,590,869.162105984158,0.08315734565258026,899.6563720703125,5.5201413366529675,0.01452428981428966,1.0904533664385478
adv,591,874.2638312445747,0.08324289942781131,899.579833984375,5.526981512705485,0.019237250581176743,1.0970430837737188
adv,592,868.0408189561632,0.08346670659052001,899.6423950195312,5.512931929694282,0.015466262211298777,1.0950945218404133
adv,593,868.0814073350695,0.08353839193781216,899.694091796875,5.535366482204861,0.018391758798518114,1.0897133151690166
adv,594,866.7383355034722,0.08315709067715539,899.671142578125,5.540621810489231,0.012657113916551074,1.089112639427185
adv,595,865.540540907118,0.08319069155388409,899.677490234375,5.5592340098487005,0.011502148260155486,1.0955046812693279
adv,596,871.6748758951823,0.08314808582266171,899.761962890625,5.558931430180867,0.014879503856516547,1.0854179826047685
adv,597,868.3835008409288,0.0833132155239582,899.62353515625,5.550184117423163,0.015973875480186608,1.0869631965955098
adv,598,874.7670627170139,0.083213878588544,899.7816772460938,5.5681484540303545,0.013615591580876045,1.0887293153338962
adv,599,868.6575113932291,0.08322165492508146,899.6843872070312,5.567562553617689,0.013945044742690193,1.0901749663882785
adv,600,869.9956936306423,0.08333793820606337,899.8248901367188,5.601019753350152,0.016091380423555773,1.0895065135425992
adv,601,870.2267252604166,0.0832672653098901,899.523681640625,5.584433714548747,0.020467749745067623,1.0920366048812866
adv,602,867.3321058485243,0.0837571227716075,899.9266357421875,5.598437388737996,0.015741322422400117,1.0889725751347012
adv,603,864.2950981987847,0.08345187827944756,899.7765502929688,5.6111228995853,0.015459301441700922,1.0973058144251506
adv,604,871.1743672688802,0.08330047213368946,899.6038818359375,5.59633453687032,0.019786720746196806,1.087254570590125
adv,605,872.6778361002604,0.08345907305677731,899.7803344726562,5.6365028752221,0.020356488892705075,1.0913158125347562
adv,606,870.5910000271267,0.08340613088674015,899.6139526367188,5.664090553919475,0.01716007766986473,1.0943397680918376
adv,607,866.3847181532118,0.08356967444221179,899.6116333007812,5.617130094104343,0.020268967090588477,1.0977435608704884
adv,608,869.410620795356,0.08341970294713974,899.9481201171875,5.646647665235731,0.014719253949200114,1.0919050176938374
adv,609,874.9349670410156,0.0834695113201936,899.6258544921875,5.664589193132189,0.012116789559109343,1.0896232459280226
adv,610,864.2261928982205,0.08352746897273594,899.81103515625,5.674899154239231,0.014322842742937306,1.0900230209032695
adv,611,869.2796122233073,0.08352278131577703,899.661865234375,5.660417636235555,0.016045528205318585,1.0874517493777804
adv,612,874.8881395128038,0.08353902440932062,899.7844848632812,5.690829277038574,0.01458987614346875,1.0926512148645189
adv,613,860.5218573676216,0.08390412810775968,899.576904296875,5.66963627603319,0.021378188096504245,1.0882474051581488
adv,614,866.004146999783,0.08360126697354847,899.7186889648438,5.710620403289795,0.014340460481536057,1.0950768921110365
adv,615,865.5857510036892,0.0835025782386462,899.888427734375,5.7115036116706,0.017615846254759364,1.0875517858399286
adv,616,867.3685268825955,0.08316691509551472,899.7018432617188,5.727911551793416,0.015859603584330115,1.0936882297197978
adv,617,868.5191446940104,0.08326735720038414,899.7896118164062,5.726434893078274,0.013569176345804913,1.0901562770207722
adv,618,868.7437608506945,0.0830293053554164,899.8533325195312,5.754518217510647,0.014097802405659523,1.095972524748908
adv,619,868.7415025499132,0.08328354607025783,899.6746826171875,5.733717309104072,0.015369032768325673,1.0847612784968481
adv,620,867.7781439887153,0.08323255222704676,899.63916015625,5.755304336547852,0.014057846701083085,1.0898707773950365
adv,621,870.3324720594618,0.08308106495274438,899.751220703125,5.772943549686008,0.017808954955803022,1.0931402444839478
adv,622,870.9797939724392,0.08338794691695108,899.7483520507812,5.765016794204712,0.015316771964232126,1.0888111922476027
adv,623,873.3121982150608,0.08324211173587376,899.7947998046875,5.799609157774183,0.015653307226279542,1.0959191984600491
adv,624,870.6008877224392,0.08340928248233265,899.653076171875,5.791244824727376,0.021401014799873035,1.0866098271475897
adv,625,871.8650377061632,0.08310602108637492,899.9349975585938,5.793408049477471,0.013291508373286989,1.089243385526869
adv,626,871.2994350857205,0.08343460328049129,899.5595092773438,5.773013565275404,0.016140452159258228,1.0843202968438466
adv,627,871.9485677083334,0.08301592245697975,899.5913696289062,5.8304915693071155,0.01465001774744855,1.0983282327651978
adv,628,870.4847581651476,0.0832735908528169,899.5838012695312,5.8134463098314075,0.013309236861661904,1.0872833397653368
adv,629,865.6144714355469,0.08323672455218104,899.8289794921875,5.838913069831,0.014670559890671737,1.0912084314558241
adv,630,870.1512654622396,0.08314115678270657,899.5007934570312,5.825145535998875,0.015557949405370487,1.0966542694303725
adv,631,868.9317084418403,0.08297531265351507,899.73828125,5.853786759906345,0.012543680844828486,1.0879337655173407
adv,632,864.0228135850695,0.08314392136202918,899.6167602539062,5.845248540242513,0.017365719366353005,1.0914064115948148
adv,633,876.8904147677952,0.08282939344644547,899.8013305664062,5.8768875863817005,0.013499130559567776,1.085335863961114
adv,634,867.7457580566406,0.08346912264823914,899.6275634765625,5.864411565992567,0.020191747423571844,1.0897491309377882
adv,635,867.9295349121094,0.08337510252992313,899.745361328125,5.875506162643433,0.016167763555939827,1.0892719361517165
adv,636,874.208004421658,0.0830593891441822,899.5794677734375,5.890509419971043,0.01271155078171028,1.0859366257985432
adv,637,870.3367343478733,0.08328340533706877,899.9093627929688,5.8908562660217285,0.013989092730399635,1.0891133215692308
adv,638,864.4279988606771,0.0832216160164939,899.64453125,5.90159363216824,0.019842277074025735,1.0899481640921698
adv,639,870.4350653754341,0.083006851375103,899.7288208007812,5.91123366355896,0.010512070161186986,1.0890482001834445
