,A8,A9p1,A9p2,A10,entropy
AAACCCACAACATACC-1,0.14369082,0.35514992,0.3862287,0.11493051,1.2625031
AAACCCACAATCCTTT-1,0.048562158,0.32108378,0.5048373,0.12551682,1.1172173
AAACCCACATGTGCCG-1,0.22818078,0.3061803,0.25378603,0.21185288,1.3763273
AAACCCAGTCTGGTTA-1,0.31351513,0.28313473,0.33019912,0.07315094,1.2781041
AAACCCATCAGATTGC-1,0.020506643,0.462667,0.331988,0.18483832,1.1144354
AAACCCATCATTACGG-1,0.51572233,0.33354223,0.09236399,0.05837146,1.093571
AAACCCATCTGCCTGT-1,0.12377541,0.59352416,0.2147044,0.06799608,1.0813458
AAACCCATCTGTGCTC-1,0.73859465,0.12665798,0.1025269,0.0322205,0.82970816
AAACGAAAGTCGTCTA-1,0.1796317,0.26625574,0.19360816,0.36050436,1.3464297
AAACGAACACGTTCGG-1,0.27701557,0.39343247,0.2015465,0.12800546,1.3085743
AAACGAACACTAAACC-1,0.94756156,0.023048606,0.0044886786,0.024901036,0.25415784
AAACGAAGTGTGAATA-1,0.03672818,0.13035412,0.1296373,0.70328045,0.8993596
AAACGAATCCGAACGC-1,0.007303754,0.09368013,0.21617828,0.68283784,0.8493632
AAACGAATCTTACGGA-1,0.14933106,0.14376773,0.117506415,0.58939475,1.1260129
AAACGCTAGGGATCTG-1,0.0016389326,0.0245886,0.9399105,0.03386203,0.27450946
AAACGCTAGTTGTCAC-1,0.24734962,0.23650116,0.27675766,0.23939155,1.3842973
AAACGCTCAACCGCTG-1,0.63044316,0.2501573,0.049711563,0.06968791,0.97231793
AAACGCTCATGCACTA-1,0.1543859,0.36382088,0.23513933,0.24665394,1.3419371
AAACGCTGTCAACACT-1,0.2725155,0.26713526,0.27213728,0.18821192,1.3754268
AAACGCTGTGGCGTAA-1,0.14517577,0.358996,0.29377946,0.2020487,1.3309168
AAACGCTTCGCTGTCT-1,0.057615466,0.35029536,0.3752045,0.2168847,1.2311761
AAAGAACAGCCTCGTG-1,0.26685768,0.21199164,0.41980246,0.10134821,1.2777548
AAAGAACCAAATGATG-1,0.38856503,0.27315384,0.2321582,0.10612295,1.2988651
AAAGAACCAACTGCTA-1,0.10335264,0.21060497,0.40985665,0.27618578,1.2835783
AAAGAACCACAGTCGC-1,0.16227593,0.3800664,0.19359994,0.26405767,1.3322712
AAAGAACGTGCATGAG-1,0.20708318,0.3768487,0.2863998,0.12966837,1.3168393
AAAGAACTCAAGGCTT-1,0.3715259,0.39398345,0.17608202,0.058408685,1.2065537
AAAGAACTCATTGAGC-1,0.08551164,0.3107823,0.31504706,0.28865898,1.2960329
AAAGAACTCGCTCTCA-1,0.29684293,0.027076414,0.5855936,0.09048705,0.98902035
AAAGGATCACTGGACC-1,0.80780834,0.018787982,0.009111448,0.16429228,0.58662164
AAAGGATCATATACCG-1,0.08405911,0.5885411,0.23879062,0.08860925,1.0768753
AAAGGATCATTATGCG-1,0.13371055,0.42506972,0.31711406,0.12410567,1.2558491
AAAGGATTCACGAGGA-1,0.20828885,0.077177815,0.59218615,0.122347146,1.0917766
AAAGGATTCTGGAGAG-1,0.30871987,0.10656392,0.26865387,0.3160623,1.3185885
AAAGGGCAGGCTCTAT-1,0.25369453,0.19911258,0.24837163,0.2988212,1.3762068
AAAGGGCCAACTCCCT-1,0.8417158,0.016874697,0.00043987826,0.14096957,0.4935089
AAAGGGCCAGTCGCTG-1,0.1037007,0.27587447,0.4697809,0.15064389,1.2303436
AAAGGGCCATGAAGGC-1,0.5983797,0.29449958,0.07573077,0.031389967,0.9713827
AAAGGGCGTATCAAGA-1,0.047149554,0.28636602,0.47010595,0.19637857,1.1765935
AAAGGGCTCTTGGCTC-1,0.08321413,0.3311167,0.42555887,0.16011025,1.2297585
AAAGGTAAGAAGCGCT-1,0.18310384,0.40014774,0.33409268,0.082655765,1.2497044
AAAGGTAAGACATATG-1,0.5359649,0.30178425,0.15595117,0.006299681,1.0175371
AAAGGTAAGCCTATCA-1,0.11671824,0.15241393,0.056813516,0.6740543,0.96624136
AAAGGTAAGGTGGTTG-1,0.3148598,0.0031116023,0.39920634,0.2828222,1.1055914
AAAGGTACACAGCTTA-1,0.29756537,0.029173568,0.24127787,0.43198323,1.1694425
AAAGGTACATCGAACT-1,0.19874838,0.37373883,0.30685276,0.12066007,1.3066351
AAAGGTAGTGCATGAG-1,0.7022085,0.23400366,0.047861457,0.015926335,0.79952323
AAAGGTATCGTTTACT-1,0.32514438,0.12659465,0.23329554,0.3149655,1.3303635
AAAGTCCAGCTACTAC-1,0.669332,0.21025178,0.058006696,0.062409487,0.9348799
AAAGTCCCACAAATGA-1,0.3464869,0.36938816,0.12448803,0.15963699,1.2874082
AAAGTCCCACACACTA-1,0.30038604,0.21468307,0.18793476,0.29699615,1.3663073
AAAGTCCGTTATAGCC-1,0.004649659,0.01663683,0.03086212,0.94785136,0.2512299
AAAGTCCTCGGTAGGA-1,0.061707,0.31546965,0.42592132,0.19690204,1.2193308
AAAGTGAAGATTAGAC-1,0.2234463,0.46824723,0.22038488,0.087921515,1.23721
AAAGTGACATAGCACT-1,0.5182291,0.34053102,0.12624533,0.014994514,1.0317346
AAAGTGAGTTCCAAAC-1,0.40603885,0.42607588,0.07851259,0.08937276,1.1450717
AAATGGACAAGGTCGA-1,0.67624086,0.19852139,0.030344043,0.094893746,0.91506207
AAATGGACACGCCACA-1,0.024943022,0.01548314,0.006708081,0.9528658,0.23617822
AAATGGACAGAGTTGG-1,0.13893124,0.20871271,0.44116038,0.2111957,1.2906547
AAATGGACATCCGTGG-1,0.24610591,0.2175828,0.11478426,0.421527,1.2895097
AAATGGACATGAATCC-1,0.86260897,0.11674045,0.014554436,0.0060961917,0.47087806
AAATGGATCAGGAAGC-1,0.23307694,0.09980559,0.35274825,0.3143692,1.3008032
AAATGGATCATTGCCC-1,0.25637853,0.46755067,0.20898028,0.06709051,1.2128323
AAATGGATCGGCTCTT-1,0.4196834,0.36852744,0.11821803,0.09357114,1.2063662
AACAAAGCAGAAGTGC-1,0.34370208,0.31641638,0.1674621,0.17241947,1.3335038
AACAAAGGTACGATGG-1,0.14655806,0.43551928,0.33671704,0.08120572,1.2138605
AACAAAGGTTGTCATG-1,0.44959208,0.06756535,0.2723367,0.2105059,1.223728
AACAAAGTCTAGGCAT-1,0.98406315,0.00081040245,0.015092053,3.4391604e-05,0.08522091
AACAACCAGAGCAGAA-1,0.2996023,0.108104356,0.28653118,0.30576217,1.3220556
AACAACCAGGCTATCT-1,0.017171556,0.11605035,0.7959853,0.07079273,0.68881774
AACAACCAGGTAGTCG-1,0.058963824,0.29158095,0.6158632,0.033592023,0.93879294
AACAACCCAGACAAGC-1,0.00915248,0.23149067,0.59271437,0.16664244,0.9903023
AACAACCGTAAGATTG-1,0.34857112,0.43851686,0.12736858,0.085543424,1.2016511
AACAACCGTTCAGGTT-1,0.18549828,0.2757363,0.13227126,0.40649417,1.3012364
AACAAGAAGGCCTGCT-1,0.13884903,0.006292509,0.007487934,0.8473705,0.48302057
AACAAGAAGTCCGTCG-1,0.23039465,0.06211094,0.33508992,0.37240455,1.2450309
AACAAGAAGTCTCCTC-1,0.4493192,0.29678813,0.18334612,0.070546575,1.2180622
AACAAGACACTACGGC-1,0.07637117,0.2249649,0.18334875,0.5153152,1.1847116
AACAAGAGTGGCTACC-1,0.012930646,0.0352812,0.12562293,0.8261652,0.5925851
AACAAGATCCTTCACG-1,0.68330175,0.058755558,0.224008,0.033934712,0.87669337
AACACACAGCCGATAG-1,0.16642009,0.5526816,0.17712754,0.10377073,1.167844
AACACACCAAGTGATA-1,0.10731578,0.43667564,0.32400277,0.13200575,1.2337925
AACACACCACATAGCT-1,0.14574559,0.23636852,0.56239945,0.055486422,1.1057501
AACACACGTACTAACC-1,0.04894931,0.27034906,0.33461592,0.34608573,1.2348552
AACACACTCGACCAAT-1,0.1304455,0.5352889,0.23293467,0.10133093,1.171588
AACACACTCGACTCCT-1,0.23839472,0.32852054,0.225348,0.20773675,1.3697596
AACACACTCGGTAGAG-1,0.3668149,0.41402096,0.11293632,0.106227756,1.2174647
AACACACTCGTGAGAG-1,0.3209541,0.39978054,0.16621812,0.113047294,1.2759933
AACAGGGAGTCAATCC-1,0.124336004,0.14500304,0.3977275,0.33293346,1.2720771
AACAGGGGTCCTCAGG-1,0.36454126,0.05582114,0.32318613,0.2564514,1.2429725
AACAGGGGTCTCTCAC-1,0.36906523,0.33605307,0.25440824,0.04047341,1.2123793
AACAGGGTCGACGCTG-1,0.20378552,0.3271256,0.44968545,0.019403342,1.1255784
AACCAACAGCCATTGT-1,0.56419474,0.24761511,0.13567267,0.052517485,1.0943172
AACCAACAGTCATTGC-1,0.005302839,0.09711744,0.43633047,0.4612493,0.9730414
AACCAACCACGACGCT-1,0.33337164,0.062135167,0.30843386,0.29605925,1.2620037
AACCAACCACTACGGC-1,0.49742746,0.23582463,0.12962212,0.13712579,1.2253287
AACCAACGTACCTATG-1,0.15438889,0.056447595,0.11568348,0.67348003,0.9664391
AACCAACGTATCTTCT-1,0.528588,0.13370179,0.3215273,0.016182909,1.0375897
AACCAACGTGCCGGTT-1,0.3748699,0.31082633,0.17885193,0.13545188,1.3096471
AACCAACTCGCAGAGA-1,0.66358835,0.19228715,0.104147576,0.03997698,0.9534497
AACCACAAGAAACTAC-1,0.08423193,0.3729169,0.502885,0.03996618,1.0506102
AACCACAAGCATCCTA-1,0.62425655,0.22979671,0.0816252,0.06432154,1.0130867
AACCACACAGAAGTTA-1,0.053590674,0.3619239,0.42856833,0.15591705,1.1775469
AACCACAGTGGCACTC-1,0.09786788,0.43836996,0.29381865,0.16994357,1.2500346
AACCACAGTTGGTACT-1,0.16944857,0.4784938,0.28071558,0.07134205,1.1984967
AACCACAGTTTACGTG-1,0.20697525,0.2683283,0.26923954,0.25545686,1.3809222
AACCACATCTACAGGT-1,0.14543724,0.3642847,0.367166,0.12311207,1.274023
AACCACATCTAGGAAA-1,0.67189825,0.16254762,0.048891403,0.116662726,0.96070117
AACCATGAGCCTAGGA-1,0.29002777,0.039742842,0.3019501,0.36827928,1.2166363
AACCATGGTTGTAGCT-1,0.70219815,0.20509884,0.057850126,0.034852903,0.85504043
AACCATGTCCTTCGAC-1,0.0791818,0.08707058,0.69347304,0.14027461,0.9427099
AACCCAACACGGCACT-1,0.83572805,0.08092568,0.07483726,0.008508969,0.58800864
AACCTGAAGAGGGTCT-1,0.5410329,0.1923361,0.15035844,0.11627251,1.1844977
AACCTGAAGCGTACAG-1,0.6004031,0.27331054,0.077431925,0.048854455,1.0064075
AACCTGAAGGCTAAAT-1,0.40613383,0.27307752,0.10538922,0.21539944,1.2882408
AACCTGAAGGTCATTC-1,0.084027745,0.32453972,0.25632462,0.33510795,1.2886355
AACCTGAAGTCTAGCT-1,0.06314906,0.26577982,0.18765505,0.48341602,1.1919748
AACCTGACAGACCAAG-1,0.017662525,0.083696775,0.0689503,0.8296904,0.61820984
AACCTGACAGGCACAA-1,0.0070589893,0.39301836,0.51952845,0.080394164,0.9448693
AACCTGAGTCTAACGT-1,0.68394023,0.19683234,0.103733346,0.015494063,0.87937135
AACCTTTAGAGGTCAC-1,0.08106002,0.34409258,0.34418055,0.2306668,1.2761989
AACCTTTAGCAAGGAA-1,0.15095164,0.2170327,0.20700444,0.42501122,1.3066728
AACCTTTAGGAATTAC-1,0.09372097,0.38214323,0.45186856,0.07226725,1.1383065
AACCTTTGTTGGGACA-1,0.24920438,0.10936221,0.33708504,0.3043484,1.3168938
AACCTTTTCATGCGGC-1,0.42479458,0.33214656,0.09431423,0.14874463,1.2358967
AACCTTTTCATTTGGG-1,0.05666761,0.25760868,0.25988492,0.4258388,1.2258009
AACGAAAAGATTAGCA-1,0.060158134,0.27555823,0.55050296,0.11378067,1.1001818
AACGAAAAGTCGCCAC-1,0.4431834,0.41356814,0.11957204,0.023676485,1.068382
AACGAAAGTATCCTTT-1,0.41530198,0.2880343,0.22685887,0.06980487,1.2458085
AACGAAAGTGTCCACG-1,0.3792177,0.37825966,0.09853543,0.14398721,1.2428325
AACGAAATCACATCAG-1,0.29857045,0.054096602,0.30688664,0.34044626,1.2480439
AACGAAATCGCGTCGA-1,0.0323957,0.19808713,0.3467966,0.42272052,1.1630656
AACGAAATCGTACCTC-1,0.33485797,0.39205208,0.12270523,0.1503847,1.2757976
AACGAAATCTCAGTCC-1,0.011210132,0.06383617,0.06651611,0.85843754,0.5372975
AACGGGAAGTATAACG-1,0.25936982,0.104288705,0.29844853,0.33789292,1.313268
AACGGGAAGTTCGCAT-1,0.3777396,0.17065957,0.25310197,0.19849883,1.3382088
AACGGGAAGTTGTAGA-1,0.04782632,0.29594925,0.46859497,0.18762946,1.1748992
AACGGGAGTCTATGAC-1,0.34145275,0.065565474,0.31616032,0.27682146,1.2651584
AACGGGAGTGGTAATA-1,0.031925377,0.029954016,0.006054508,0.9320661,0.31153613
AACGGGATCTATGCCC-1,0.0935032,0.12939274,0.70798665,0.06911735,0.91534287
AACGTCAAGACTCCGC-1,0.3359586,0.3134645,0.2970805,0.053496454,1.2473203
AACGTCAAGCACGGAT-1,0.08188181,0.27689984,0.5254683,0.11575003,1.1481894
AACGTCACAGATACTC-1,0.024393667,0.25395298,0.5283378,0.19331557,1.0934443
AACGTCACAGGAACCA-1,0.9521434,0.038504798,0.0031824005,0.006169374,0.22179171
AACGTCAGTACTCGCG-1,0.2621078,0.45656726,0.15451075,0.1268142,1.2593427
AACGTCAGTCGCGTTG-1,0.051709734,0.3880642,0.4364831,0.12374299,1.1409193
AACGTCATCGGCAGTC-1,0.0346178,0.056308687,0.02701086,0.8820626,0.48667002
AACGTCATCGTCCATC-1,0.19039948,0.4462515,0.26304245,0.10030657,1.2578052
AACTTCTGTATTTCTC-1,0.16372806,0.3855421,0.28662604,0.16410385,1.3184748
AACTTCTGTGAAAGTT-1,0.60145044,0.23584795,0.11764874,0.045052808,1.037917
AACTTCTTCATGCCCT-1,0.28644764,0.47461718,0.16259386,0.076341346,1.2035666
AACTTCTTCCGGGACT-1,0.087748446,0.12852512,0.47631413,0.30741236,1.1930871
AAGAACAAGAGCATAT-1,0.0514804,0.27330762,0.418529,0.256683,1.2208515
AAGAACAAGCCAGAGT-1,0.12916721,0.44808677,0.23428477,0.18846133,1.278584
AAGAACAGTGTGAGCA-1,0.7427224,0.15803595,0.075883925,0.023357743,0.7958973
AAGACAACACCTCTAC-1,0.024143055,0.023573777,0.014589711,0.9376934,0.30024946
AAGACAACAGGTAGTG-1,0.03613511,0.37060067,0.29584223,0.29742202,1.2088253
AAGACAAGTGAGCAGT-1,0.123837255,0.53437114,0.21251076,0.12928085,1.1871486
AAGACAAGTGGACAGT-1,0.6128315,0.285148,0.065344885,0.03667563,0.9573732
AAGACAAGTTAGGCTT-1,0.29341647,0.08208472,0.3251328,0.2993661,1.2913439
AAGACTCAGACATAAC-1,0.46073154,0.33901793,0.13051099,0.06973952,1.1752304
AAGACTCAGACGCAGT-1,0.8229788,0.031517066,0.041757714,0.10374635,0.6369846
AAGACTCCAACAAAGT-1,0.14056255,0.31352493,0.37129983,0.17461261,1.3120432
AAGACTCCATGAATCC-1,0.0020405531,0.0011980331,0.008986161,0.9877752,0.07519266
AAGACTCGTAGCTGTT-1,0.0864507,0.16390473,0.3264704,0.42317414,1.2374376
AAGACTCTCGTCAAAC-1,0.20772968,0.38169152,0.18547572,0.22510304,1.3422425
AAGATAGAGACCTTTG-1,0.10857372,0.14256328,0.73414916,0.01471387,0.80773896
AAGATAGCACGCGTGT-1,0.041309662,0.30488706,0.50241095,0.15139233,1.1254275
AAGATAGCAGAAATCA-1,0.68146354,0.19514088,0.08342579,0.039969794,0.9161173
AAGATAGTCGACACCG-1,0.01980511,0.31117332,0.595656,0.07336559,0.94119483
AAGCATCAGCGGGTTA-1,0.43807527,0.38373956,0.14744744,0.0307377,1.1184072
AAGCATCAGGTCCAGA-1,0.102019265,0.42132697,0.41931975,0.05733401,1.1253908
AAGCATCCAACACACT-1,0.43560818,0.13500778,0.41887116,0.010512874,1.0447245
AAGCATCGTATCTCGA-1,0.79184574,0.014340101,0.18579136,0.008022872,0.5971025
AAGCATCGTCTCGGGT-1,0.19702889,0.12090844,0.18513529,0.49692735,1.2352694
AAGCATCTCCAAGAGG-1,0.30474555,0.13237733,0.26922238,0.2936548,1.3429109
AAGCATCTCGAGCCTG-1,0.17752956,0.38675562,0.31129065,0.124424234,1.2968764
AAGCCATAGAGATCGC-1,0.59996367,0.22499329,0.032969307,0.14207369,1.0318732
AAGCCATCAATCAGCT-1,0.38808945,0.34953377,0.17645091,0.0859259,1.2517254
AAGCCATGTCTCAAGT-1,0.0744754,0.31085557,0.19609824,0.41857082,1.2406545
AAGCCATGTCTTACAG-1,0.5606397,0.3091777,0.089642614,0.04053994,1.0335147
AAGCCATGTTGTTGAC-1,0.05830538,0.24064386,0.6210359,0.080014884,1.0064111
AAGCCATTCCGCATAA-1,0.06153442,0.30203593,0.5197171,0.116712496,1.1240108
AAGCGAGAGCTTACGT-1,0.73773634,0.20481436,0.047511205,0.009938049,0.7397453
AAGCGAGAGGCACCAA-1,0.37478673,0.3200154,0.17255977,0.13263816,1.303572
AAGCGAGCACTTCCTG-1,0.12072429,0.40590757,0.4200478,0.053320415,1.1418685
AAGCGAGCAGCTTCCT-1,0.25150046,0.46162394,0.20011395,0.08676173,1.23804
AAGCGAGTCTAGTCAG-1,0.02838934,0.07101552,0.22250423,0.67809093,0.8867434
AAGCGAGTCTCCCAAC-1,0.27416223,0.4432511,0.102163285,0.18042332,1.257432
AAGCGTTAGACGGATC-1,0.30909836,0.060816955,0.42485487,0.20522985,1.2218778
AAGCGTTAGATTGACA-1,0.043098595,0.19086438,0.19784492,0.56819206,1.0933806
AAGCGTTAGTTCCTGA-1,0.1818983,0.2414777,0.20064953,0.3759745,1.3432186
AAGCGTTCATGCCGCA-1,0.038616125,0.2827447,0.55186146,0.1267777,1.0727215
AAGCGTTGTCACTACA-1,0.9117192,0.017621879,0.00025678243,0.070402,0.34436888
AAGCGTTGTCCCTCAT-1,0.60475254,0.33456942,0.052353516,0.008324535,0.864767
AAGCGTTGTCCGGCAT-1,0.87212396,0.078567185,0.046275258,0.00303357,0.4789859
AAGCGTTGTCGCACGT-1,0.032851726,0.34172034,0.49235526,0.1330727,1.0963895
AAGCGTTGTCGTTATG-1,0.0020917507,0.0025451332,0.034500346,0.9608628,0.18262553
AAGCGTTTCATTCTTG-1,0.2097668,0.2622253,0.21328722,0.3147207,1.3719996
AAGCGTTTCGAGAAGC-1,0.29452518,0.45687625,0.19754021,0.051058326,1.1901765
AAGGAATAGCACGATG-1,0.032035865,0.34612432,0.50589216,0.11594771,1.0720091
AAGGAATCACGCTGAC-1,0.14491907,0.32348886,0.42167065,0.10992138,1.2518401
AAGGAATTCAGTCACA-1,0.24216767,0.10398377,0.2658189,0.3880297,1.2983248
AAGGAATTCCGTGGTG-1,0.024261303,0.28832892,0.6469141,0.040495668,0.8604158
AAGGTAAAGGCGTCCT-1,0.34668702,0.43602994,0.13282186,0.08446118,1.2060575
AAGGTAAAGGGAGAAT-1,0.8682202,0.0135285705,0.00021753859,0.11803364,0.43494803
AAGGTAAAGTACAGAT-1,0.0308364,0.23513149,0.4571646,0.27686748,1.1610463
AAGGTAACAACTCATG-1,0.22738239,0.2729631,0.10135784,0.39829662,1.2898748
AAGGTAAGTGTTGAGG-1,0.3052325,0.35656488,0.13667354,0.20152907,1.3247333
AAGGTAATCACTGAAC-1,0.07190054,0.32917556,0.459277,0.13964689,1.1873226
AAGGTAATCTCCTGCA-1,0.19361354,0.28189427,0.23565248,0.28883973,1.37415
AAGGTAATCTGGACTA-1,0.42755494,0.40532136,0.10384827,0.063275486,1.139172
AAGTACCAGCCATTTG-1,0.1307855,0.20111942,0.5273192,0.14077589,1.202071
AAGTACCCACGCGTCA-1,0.15958126,0.3404673,0.24272993,0.2572215,1.3526139
AAGTACCCAGGTGTGA-1,0.55474144,0.03931245,0.0049882676,0.40095782,0.8469828
AAGTACCGTCCAGAAG-1,0.21058974,0.12325331,0.61890614,0.047250777,1.0272734
AAGTACCGTCTGTGGC-1,0.04220146,0.3058682,0.44582874,0.20610164,1.1815755
AAGTACCTCATGCCGG-1,0.026934864,0.31257093,0.51517904,0.14531519,1.0828267
AAGTACCTCTAAGAAG-1,0.001033017,0.00082775834,0.001496186,0.99664307,0.026060436
AAGTCGTAGTGCTAGG-1,0.71129286,0.19711733,0.035164587,0.05642533,0.84236145
AAGTCGTCACGGTGTC-1,0.015184217,0.26052737,0.5711333,0.15315512,1.0212815
AAGTCGTGTTAAAGTG-1,0.007127666,0.21695039,0.70355326,0.07236871,0.804173
AAGTCGTGTTAGTCGT-1,0.5042592,0.0910726,0.32774433,0.07692385,1.1263783
AAGTCGTTCCACGTGG-1,0.07083102,0.32532692,0.3358166,0.2680255,1.2721815
AAGTCGTTCCGAAGGA-1,0.67459375,0.24781813,0.045046907,0.03254121,0.86238086
AAGTGAAAGATTAGTG-1,0.11466112,0.517333,0.25191075,0.11609514,1.1865854
AAGTGAAAGCAGGCAT-1,0.050497673,0.011377162,0.056853708,0.8812715,0.47610188
AAGTGAACACTTCATT-1,0.90714043,0.044072118,0.044702113,0.0040853876,0.3873914
AAGTGAAGTCCGTTTC-1,0.08638935,0.30317685,0.502546,0.10788782,1.1593969
AAGTGAAGTTACTCAG-1,0.9333137,0.0003549603,6.34152e-05,0.06626797,0.24769866
AAGTGAATCAATGTCG-1,0.9799943,0.009274409,0.0027997177,0.007931551,0.1180346
AAGTGAATCACAATGC-1,0.09705005,0.07533168,0.11570699,0.71191126,0.91262233
AAGTGAATCGACGCGT-1,0.14007625,0.42477828,0.3482194,0.08692613,1.2186981
AAGTTCGAGCATCAAA-1,0.2942364,0.34261623,0.10683123,0.25631618,1.3148149
AAGTTCGAGTCATACC-1,0.09062199,0.39548773,0.18167685,0.33221346,1.2604034
AAGTTCGCAGGTATGG-1,0.104158826,0.39220747,0.39125046,0.1123832,1.2154868
AAGTTCGCATTCATCT-1,0.05558705,0.16611966,0.45396537,0.32432795,1.1825337
AAGTTCGGTGAAAGTT-1,0.2872085,0.21949793,0.24053219,0.25276133,1.3815153
AAGTTCGGTTCTTGCC-1,0.07919375,0.058424365,0.624174,0.23820788,1.0026759
AATAGAGAGATAGTCA-1,0.24068788,0.487016,0.20799945,0.064296715,1.1962394
AATAGAGCATGAGTAA-1,0.047564242,0.33219928,0.5330314,0.08720509,1.0590616
AATAGAGGTACTTCCC-1,0.15740888,0.03498539,0.60570735,0.20189841,1.0350465
AATAGAGTCCTCTGCA-1,0.71548116,0.17601977,0.020570012,0.08792908,0.838985
AATAGAGTCGTGGTAT-1,0.39789185,0.24013728,0.31012297,0.05184788,1.2257822
AATAGAGTCTGGACCG-1,0.017026868,0.0012392614,0.046721913,0.935012,0.28360802
AATCACGAGACCGTTT-1,0.102465436,0.375868,0.44977087,0.07189572,1.149876
AATCACGAGACCTCCG-1,0.04152109,0.2462188,0.37118465,0.34107548,1.2119288
AATCACGAGCATGATA-1,0.3396356,0.102212854,0.24971877,0.3084327,1.3091424
AATCACGAGGTATAGT-1,0.17913352,0.43455932,0.3089471,0.077360064,1.2310851
AATCACGAGTCACTCA-1,0.11121271,0.04813127,0.34507945,0.49557653,1.1053486
AATCACGCAACTAGAA-1,0.17126861,0.2619399,0.5024536,0.06433786,1.175445
AATCACGCAATCTCGA-1,0.04356672,0.3400433,0.24719085,0.36919913,1.216663
AATCACGTCCAAGCTA-1,0.181734,0.4618692,0.19607104,0.16032568,1.2796147
AATCGACAGGAGAATG-1,0.30773932,0.11803952,0.0317652,0.54245603,1.0562534
AATCGACAGGCTCTAT-1,0.05862647,0.435517,0.285357,0.2204996,1.2195152
AATCGACCACCTTCGT-1,0.30436695,0.37914166,0.09369321,0.22279815,1.286129
AATCGACCAGAGCCCT-1,0.20754766,0.18374145,0.22912262,0.37958825,1.342953
AATCGACGTACCGGCT-1,0.94683266,0.045913577,0.006385174,0.0008686338,0.23157957
AATCGACGTATAGCTC-1,0.019972416,0.06899589,0.28200552,0.6290262,0.91121113
AATCGACGTCGCCACA-1,0.17240164,0.2841745,0.26237404,0.28104982,1.3683759
AATCGACGTGGCTTGC-1,0.1902538,0.4647041,0.252951,0.09209105,1.2391658
AATCGACTCCCGAGTG-1,0.31664687,0.37326932,0.13779072,0.17229317,1.3080652
AATCGACTCCTTCGAC-1,0.1999425,0.43046728,0.19210455,0.17748569,1.3084532
AATCGTGAGCGTGTCC-1,0.2642131,0.10031359,0.2757897,0.35968363,1.3053707
AATCGTGCATGACTAC-1,0.60080194,0.24502665,0.1274464,0.026725095,1.0100546
AATCGTGTCGATCCAA-1,0.087832384,0.3347419,0.37777334,0.19965239,1.2693999
AATCGTGTCTGGGCCA-1,0.024746234,0.21412443,0.6376118,0.12351755,0.9668093
AATGAAGAGGTCCCTG-1,0.101421446,0.26546222,0.55412245,0.07899384,1.1118318
AATGAAGCAGCTGTAT-1,0.31667477,0.28971782,0.18650031,0.20710711,1.3623426
AATGAAGGTGATGTAA-1,0.7277166,0.043049634,0.0009874502,0.22824623,0.71073693
AATGAAGTCCTACGAA-1,0.083673306,0.17535247,0.42384574,0.31712854,1.2408898
AATGACCAGCCTGAGA-1,0.9507775,0.036247466,0.001495762,0.01147926,0.22924797
AATGACCGTCACCCTT-1,0.6287506,0.298337,0.051376756,0.021535516,0.8877711
AATGACCGTGGCAACA-1,0.022190314,0.058854125,0.11213439,0.8068212,0.6697618
AATGACCTCACGTCCT-1,0.021699252,0.21027507,0.39385536,0.3741703,1.1458178
AATGACCTCTAAGAAG-1,0.074484795,0.2690457,0.5234826,0.13298687,1.1537986
AATGCCAAGAGAGCGG-1,0.056405555,0.3320966,0.49379027,0.11770753,1.1285381
AATGCCAAGTGAGTGC-1,0.083329774,0.35330555,0.44933322,0.11403149,1.1817138
AATGCCACAACGGTAG-1,0.7499599,0.12614551,0.1145883,0.009306284,0.7687229
AATGCCACACCTGCAG-1,0.25446138,0.10509835,0.04374761,0.5966926,1.0300336
AATGCCAGTCCCAAAT-1,0.0595812,0.26336014,0.29895532,0.37810332,1.2481431
AATGCCAGTCCGGATC-1,0.20496027,0.43179432,0.22963257,0.1336128,1.2942626
AATGGAAAGCATCCTA-1,0.0077475994,0.20505238,0.6615706,0.12562947,0.8964881
AATGGAAAGGTCACCC-1,0.7321858,0.052065402,0.09608415,0.119664654,0.8612398
AATGGAACAGTATACC-1,0.60798365,0.2946079,0.05807462,0.0393339,0.9551337
AATGGAAGTCTCAGAT-1,0.20650853,0.37695518,0.166085,0.2504512,1.3384303
AATGGAAGTGTGTCGC-1,0.11283532,0.3492634,0.26589546,0.27200586,1.3199393
AATGGAAGTTATTCTC-1,0.5002745,0.18128633,0.28566128,0.032777913,1.1260217
AATGGCTAGGGCAAGG-1,0.2961108,0.23947899,0.18251094,0.28189924,1.3700416
AATGGCTAGTGCTACT-1,0.39468935,0.25384012,0.24424055,0.10723001,1.2986559
AATGGCTCAAGCAATA-1,0.1784567,0.36593032,0.27387083,0.18174212,1.3400185
AATGGCTCACCAGTTA-1,0.092308454,0.087863326,0.10190162,0.71792656,0.904247
AATGGCTCACCCTAGG-1,0.14986028,0.3485797,0.23631208,0.26524794,1.3447189
AATGGCTCAGGCTACC-1,0.14946884,0.3487956,0.34738025,0.15435529,1.3071762
AATGGCTCATCTCGTC-1,0.7483827,0.066080354,0.054537434,0.13099945,0.8213512
AATGGCTGTGAATAAC-1,0.27298135,0.0827765,0.30811366,0.33612847,1.2898787
AATGGCTTCTAGAACC-1,0.11184601,0.38341197,0.22257882,0.28216314,1.304001
AATTCCTAGGTTCCAT-1,0.07634408,0.26936644,0.6351383,0.019151203,0.9137665
AATTCCTCAAGATGGC-1,0.2831796,0.10314346,0.32417822,0.28949878,1.3156229
AATTCCTGTAACTGCT-1,0.06281573,0.03416096,0.5322367,0.3707866,0.9927281
AATTCCTGTAGATTGA-1,0.15319063,0.14056166,0.07689574,0.6293519,1.0518857
AATTCCTGTCCTCAGG-1,0.476529,0.25722474,0.100132726,0.16611348,1.231096
AATTCCTGTCCTCCAT-1,0.12522557,0.38813314,0.3083955,0.17824578,1.2976944
AATTCCTTCAATCGGT-1,0.2704782,0.4546705,0.12537156,0.14947975,1.2564619
AATTCCTTCATGAGGG-1,0.14989124,0.36996692,0.19954593,0.2805959,1.3305466
AATTTCCCACACGGTC-1,0.1999367,0.39035887,0.31988454,0.089819826,1.2701193
AATTTCCCATGTGCCG-1,0.1387719,0.4546557,0.20910779,0.19746456,1.2799904
AATTTCCGTCACTCTC-1,0.28934863,0.31290773,0.21305157,0.18469208,1.3637606
AATTTCCGTGCACAAG-1,0.14980938,0.32383543,0.40704712,0.119307965,1.2690468
AATTTCCTCCGTATGA-1,0.37405068,0.3996343,0.19285208,0.03346286,1.165461
AATTTCCTCGACGATT-1,0.0006043762,0.0008349253,0.0023055926,0.99625504,0.028135715
AATTTCCTCGCTAGCG-1,0.08215532,0.33487236,0.37015447,0.21281788,1.2688397
ACAAAGACATCATCTT-1,0.21460567,0.24712649,0.15236013,0.38590774,1.3298266
ACAAAGAGTATCCCTC-1,0.0965495,0.03146625,0.44124967,0.4307346,1.0583383
ACAAAGAGTCAAGCGA-1,0.00768876,0.2019138,0.65530145,0.13509601,0.90787435
ACAAAGATCCCTGGTT-1,0.037920926,0.21953698,0.28821614,0.45432594,1.1739461
ACAAAGATCGACCCAG-1,0.10695997,0.35701138,0.41584668,0.12018197,1.2263203
ACAACCAAGGCTTCCG-1,0.15099926,0.22208367,0.23443829,0.39247876,1.3267729
ACAACCAAGGGATGTC-1,0.14450212,0.07584172,0.3195015,0.46015462,1.1968554
ACAACCACAGGTTCGC-1,0.053382717,0.08435719,0.7733171,0.08894301,0.77902967
ACAACCACATCGCTGG-1,0.008511526,0.074873686,0.18519062,0.73142415,0.7756992
ACAACCAGTCTAGTGT-1,0.015717946,0.03882152,0.017549494,0.92791104,0.3317721
ACAACCATCCTATTGT-1,0.2835233,0.102146335,0.30877838,0.30555195,1.31553
ACAACCATCGCTGACG-1,0.325095,0.49325866,0.14238234,0.039263945,1.1185379
ACAACCATCTAGCATG-1,0.025009695,0.19420388,0.24685778,0.53392863,1.0908949
ACAAGCTAGGGAACAA-1,0.09933602,0.27084884,0.30397767,0.32583746,1.3105296
ACAAGCTAGTAGCCAG-1,0.4350351,0.37469316,0.16555852,0.024713242,1.1191036
ACAAGCTCAAAGCTAA-1,0.38742065,0.44135422,0.15000883,0.021216318,1.0946783
ACAAGCTCAACTGAAA-1,0.72985166,0.14394054,0.011884939,0.11432288,0.8094634
ACAAGCTCAAGCTGCC-1,0.18339032,0.43370977,0.2383716,0.14452837,1.2947328
ACAAGCTCACGTCGGT-1,0.26471043,0.4058309,0.13336821,0.19609053,1.305973
ACAAGCTGTATTTCGG-1,0.020125346,0.31682262,0.60172886,0.06132315,0.9196019
ACAAGCTGTCAACCTA-1,0.3052093,0.0780812,0.30244827,0.31426123,1.2867652
ACACAGTAGAAAGTCT-1,0.08890877,0.38586718,0.23648013,0.28874397,1.2822794
ACACAGTAGGCCCGTT-1,0.5841115,0.26183528,0.13768326,0.016370015,1.0052418
ACACAGTAGGTACAAT-1,0.13697433,0.24558455,0.44383135,0.17360973,1.2816385
ACACAGTCATACCAGT-1,0.44944853,0.27648565,0.22274287,0.051322956,1.201799
ACACAGTTCCGGGACT-1,0.34150687,0.10800285,0.2147828,0.33570755,1.3040749
ACACAGTTCGCAGTTA-1,0.03050056,0.18166503,0.63583845,0.15199599,0.9905533
ACACAGTTCGTAGCTA-1,0.7365854,0.18559055,0.06566414,0.0121598905,0.77020735
ACACAGTTCGTCCTTG-1,0.0913706,0.1849339,0.5237874,0.1999081,1.1913068
ACACCAACAATGTGGG-1,0.08233615,0.31582025,0.49254575,0.10929786,1.160353
ACACCAACACTACAGT-1,0.4481208,0.28326535,0.1991436,0.0694703,1.2236371
ACACCAAGTACCGGCT-1,0.085239075,0.3960296,0.4222028,0.09652857,1.166441
ACACCAAGTGCCTGCA-1,0.26402596,0.46352124,0.22654088,0.045911953,1.1858392
ACACCAATCATTATCC-1,0.14692234,0.60581225,0.20851697,0.038748473,1.0382569
ACACCAATCGTGACTA-1,0.080135144,0.27790076,0.6058317,0.036132433,0.98170835
ACACCAATCTAGGCAT-1,0.009743307,0.163569,0.67656827,0.15011944,0.8902931
ACACGCGAGACCAACG-1,0.50985163,0.28125194,0.042001773,0.16689467,1.1321778
ACACGCGAGGTTCATC-1,0.04055045,0.04915121,0.13116427,0.7791341,0.7389428
ACACGCGCAATCTAGC-1,0.07620826,0.008099444,0.0402638,0.8754285,0.48099652
ACACGCGCAGCAATTC-1,0.17938687,0.016323378,0.6165404,0.18774933,0.98761445
ACACGCGCAGCTCGGT-1,0.045216966,0.18380862,0.23859634,0.5323781,1.1288668
ACACGCGGTCTCTCAC-1,0.124100074,0.40598142,0.31671378,0.15320474,1.2764795
ACACGCGGTTAAACAG-1,0.22386433,0.38179082,0.2644527,0.12989216,1.319544
ACACGCGTCCCTGGTT-1,0.13139717,0.62875134,0.18781754,0.052033916,1.0263168
ACACTGAAGCTCCATA-1,0.44108462,0.30630913,0.098277114,0.15432909,1.239838
ACACTGAAGGCAGGGA-1,0.94132286,0.007515452,0.00031227892,0.05084938,0.24767262
ACACTGAAGGTCATAA-1,0.28652957,0.10897018,0.27502006,0.32948017,1.3205175
ACACTGACAGGCGATA-1,0.07834146,0.22276936,0.2107036,0.48818558,1.2122126
ACACTGAGTACCTAAC-1,0.01436544,0.049003713,0.04425155,0.8923793,0.44832012
ACACTGAGTAGGGAGG-1,0.1595291,0.22839367,0.30249724,0.30958,1.354771
ACAGAAAGTCCAGTTA-1,0.55850816,0.29978302,0.10049947,0.041209392,1.048799
ACAGAAAGTGCAAGAC-1,0.10016339,0.100095555,0.09429179,0.7054493,0.9296568
ACAGAAAGTGTTAGCT-1,0.003954296,0.0071291015,0.0038683426,0.9850483,0.09344988
ACAGCCGAGACCGCCT-1,0.034695644,0.34304,0.5386247,0.08363964,1.0244347
ACAGCCGAGGTAGTCG-1,0.17073312,0.40613437,0.35719398,0.06593846,1.2147646
ACAGCCGAGGTGGGTT-1,0.29390594,0.39390615,0.16223994,0.14994797,1.3064499
ACAGCCGAGTAGTGCG-1,0.036576733,0.40702102,0.46808627,0.08831599,1.0565294
ACAGCCGAGTCACACT-1,0.23460743,0.45742685,0.18959093,0.11837479,1.2657828
ACAGCCGCAACCGCCA-1,0.29937845,0.37843207,0.19170517,0.13048436,1.3111835
ACAGCCGCAGAACGCA-1,0.06899124,0.29644734,0.58568454,0.0488769,1.0057716
ACAGCCGCATTGAGCT-1,0.77609205,0.032666396,0.0026575497,0.18858404,0.6388504
ACAGCCGGTCCTCATC-1,0.72309417,0.108707175,0.021272866,0.14692578,0.8393561
ACAGCCGGTCGCTTAA-1,0.11439132,0.3878724,0.38226482,0.115471415,1.2322346
ACAGCCGGTGTCCATA-1,0.53261113,0.28915328,0.14717683,0.031058714,1.0841471
ACAGCCGGTTGGTACT-1,0.018863894,0.08379119,0.13076514,0.76657975,0.75244534
ACAGCCGTCCACCCTA-1,0.7707925,0.10847468,0.012848661,0.107884236,0.73778844
ACAGCCGTCCATCTCG-1,0.24229267,0.5888002,0.12001168,0.04889546,1.0573597
ACAGCCGTCGAGAACG-1,0.2502802,0.40143228,0.1803859,0.16790159,1.3216144
ACAGCCGTCGTTCCCA-1,0.116290495,0.1545472,0.5884871,0.14067528,1.1267197
ACAGGGAAGAATAACC-1,0.19367939,0.16052616,0.28476572,0.36102867,1.3370911
ACAGGGAAGAATACAC-1,0.1472705,0.28756067,0.4702111,0.09495777,1.2188575
ACAGGGAAGACCGCCT-1,0.54953027,0.36314747,0.07479343,0.01252884,0.94566196
ACAGGGAAGACTACCT-1,0.6523254,0.26326075,0.05469684,0.02971705,0.893464
ACAGGGAAGTGCGACA-1,0.10499113,0.41341263,0.3513354,0.13026078,1.23481
ACAGGGACAACGTAAA-1,0.33243215,0.35131553,0.1256144,0.19063795,1.3101661
ACAGGGACAGACAAGC-1,0.22887261,0.46535695,0.22219998,0.08357045,1.2351236
ACAGGGAGTCACGTGC-1,0.18515748,0.5318383,0.25437462,0.028629586,1.0980437
ACATCCCCACCTGAAT-1,0.00020741679,0.0018087202,0.0020075927,0.99597627,0.029665789
ACATCCCCAGCAGTTT-1,0.7314232,0.17850728,0.061862666,0.028206877,0.8091539
ACATCCCCATGGCTGC-1,0.07611017,0.5739774,0.32071844,0.029193977,0.9825634
ACATCCCGTGAGACGT-1,0.0018715695,0.00020389071,0.010508236,0.9874163,0.07386337
ACATCCCTCACGTAGT-1,0.3098228,0.30615512,0.07770496,0.30631715,1.2863587
ACATCCCTCAGCTCTC-1,0.047220707,0.43150946,0.38598853,0.1352813,1.1448874
ACATCCCTCGTCAGAT-1,0.04989627,0.39512667,0.43841958,0.11655748,1.1285107
ACATCCCTCTAGTGTG-1,0.11216477,0.4132519,0.3592056,0.115377724,1.227522
ACATCCCTCTCCGAAA-1,0.061381694,0.28879222,0.48593453,0.16389157,1.1770842
ACATCGAAGTGGAAAG-1,0.41819084,0.4001142,0.14754495,0.034150004,1.1287624
ACATCGACAGTTTCGA-1,0.22307442,0.41216248,0.28688902,0.07787411,1.2569956
ACATCGAGTGCCGGTT-1,0.30096683,0.064544804,0.35174167,0.2827468,1.2629527
ACATCGATCTCGTGAA-1,0.2662022,0.18061207,0.2685749,0.2846108,1.3721452
ACATGCACACTGGATT-1,0.088742785,0.26847917,0.18306023,0.4597178,1.236073
ACATGCACATCTGTTT-1,0.49017072,0.3547837,0.13194913,0.023096386,1.0714066
ACATGCAGTACCCGAC-1,0.2725199,0.18566829,0.39256558,0.14924632,1.317874
ACATGCAGTCTACGTA-1,0.28516287,0.4331643,0.2678445,0.013828362,1.1322385
ACATTTCGTGGTATGG-1,0.08676536,0.3981333,0.17804143,0.33705986,1.2525741
ACATTTCTCCGACGGT-1,0.9036709,0.024471259,0.0023582769,0.06949964,0.38191092
ACATTTCTCGTCACCT-1,0.1947282,0.37122187,0.26493743,0.16911252,1.3389204
ACCAAACGTCCTACGG-1,0.8562086,0.05405232,0.008370704,0.081368275,0.5348043
ACCAAACGTTTAGTCG-1,0.0002470477,0.0010644512,0.0014199715,0.99726856,0.021377075
ACCAAACTCGCCGAGT-1,0.054559674,0.0816764,0.2629641,0.60079986,1.0206379
ACCAACAAGAGCAACC-1,0.009648491,0.02133588,0.017785637,0.95123,0.24609086
ACCAACAAGTCACAGG-1,0.039566223,0.21573004,0.57018095,0.17452276,1.0836542
ACCAACAAGTCTACCA-1,0.68960637,0.24680106,0.04874034,0.014852233,0.8113774
ACCAACACAGACCTGC-1,0.097135805,0.081657745,0.6707085,0.150498,0.9839655
ACCAACACATCTATCT-1,0.87370396,0.01586747,0.08028875,0.030139774,0.4917537
ACCAACAGTTCTCCTG-1,0.19377896,0.48267597,0.1987224,0.12482263,1.2504278
ACCAACATCATTTGTC-1,0.06881812,0.0980289,0.055976354,0.7771766,0.76913524
ACCACAAAGCCGATTT-1,0.68327606,0.20714374,0.03466567,0.07491455,0.89702547
ACCACAAAGGCCTAGA-1,0.041547716,0.333076,0.45371363,0.17166266,1.1594112
ACCACAACACGCTGTG-1,0.06381851,0.2771581,0.37745312,0.28157023,1.2558609
ACCACAACAGGTCCCA-1,0.12376948,0.3936536,0.21922302,0.2633539,1.3096818
ACCACAACATTGCTTT-1,0.029796807,0.119109936,0.5840991,0.2669941,1.0247524
ACCACAAGTCATTCCC-1,0.39145416,0.35319087,0.23751761,0.01783736,1.1479781
ACCACAATCACTGGTA-1,0.3151305,0.36355835,0.1436833,0.17762782,1.3174753
ACCACAATCCTGTAGA-1,0.37229905,0.40251985,0.18049185,0.0446892,1.1820602
ACCATTTGTCCAGCCA-1,0.78654563,0.054542843,0.0025958503,0.15631574,0.6530638
ACCATTTGTGCGCTCA-1,0.31623423,0.4541461,0.18291429,0.046705317,1.1763693
ACCATTTGTGCGTTTA-1,0.573819,0.13125615,0.13639669,0.1585282,1.1489608
ACCATTTTCGTCGGGT-1,0.10137418,0.39689824,0.4274931,0.07423446,1.1551427
ACCCAAAAGAGATCGC-1,0.382527,0.29965726,0.16336569,0.15445004,1.3131883
ACCCAAAAGTGACCTT-1,0.42853576,0.19835027,0.17057367,0.20254034,1.3091028
ACCCAAAAGTGCCTCG-1,0.96354365,0.013569509,0.020188743,0.0026981735,0.18888101
ACCCAAACACTTGAAC-1,0.32223532,0.2771573,0.21610622,0.18450116,1.3634596
ACCCAAACATTAAAGG-1,0.14542924,0.37928602,0.41745022,0.05783457,1.1776202
ACCCAAAGTATCAAGA-1,0.0030872459,0.075101785,0.6432392,0.27857178,0.8521365
ACCCAAAGTATTCCTT-1,0.10324742,0.18613124,0.54847395,0.16214736,1.171788
ACCCAAAGTCTCTCCA-1,0.6357313,0.25557402,0.03786005,0.070834644,0.9481149
ACCCAAATCCAAGCTA-1,0.68179846,0.17677969,0.10953986,0.031882044,0.9195763
ACCCAAATCGACATTG-1,0.25795865,0.3451648,0.29652765,0.100348815,1.3078617
ACCCAAATCGTTGCCT-1,0.103857376,0.28531346,0.29421616,0.316613,1.317125
ACCCAAATCTCGGGAC-1,0.11312686,0.29177496,0.22394584,0.37115237,1.308898
ACCCAAATCTGAACGT-1,0.18407965,0.44357634,0.23611687,0.13622718,1.284488
ACCCTCAAGACGGAAA-1,0.91510993,0.024554804,0.0070762723,0.053258967,0.3634226
ACCCTCAAGATGCTAA-1,0.65481484,0.21111308,0.0815417,0.052530434,0.964777
ACCCTCAAGGTCTACT-1,0.047680955,0.19547664,0.12953591,0.62730646,1.0214539
ACCCTCACAGAGGCAT-1,0.19704056,0.28173718,0.36803195,0.15319028,1.332237
ACCCTCACAGAGGTTG-1,0.11164312,0.11090819,0.63840574,0.13904291,1.0494971
ACCCTCACAGCACAAG-1,0.080029495,0.49508083,0.285669,0.13922065,1.1825836
ACCCTCAGTAGCTTTG-1,0.9655206,0.018999588,0.002763395,0.012716364,0.18096496
ACCCTCAGTTGCCTAA-1,0.0438707,0.07429552,0.056222845,0.8256109,0.6503554
ACCCTCATCCATCGTC-1,0.16634703,0.40771258,0.3627498,0.063190676,1.2065208
ACCCTTGAGAGTATAC-1,0.055339213,0.44928175,0.43634683,0.05903221,1.0485514
ACCCTTGAGGATTCAA-1,0.04029353,0.39116162,0.4115097,0.15703508,1.1526687
ACCCTTGAGGTGGCTA-1,0.42699903,0.29703587,0.1573464,0.118618704,1.2677952
ACCCTTGGTCATCACA-1,0.14636244,0.39712954,0.32079732,0.13571061,1.283781
ACCCTTGTCATTCATC-1,0.30341974,0.005606947,0.6623821,0.028591134,0.76541024
ACCCTTGTCGTAACCA-1,0.3889516,0.0077457377,0.49870554,0.10459719,0.98804796
ACCGTTCAGCATTGAA-1,0.02560207,0.060510673,0.29384542,0.62004185,0.9197955
ACCGTTCAGCTAGAGC-1,0.10026175,0.45177358,0.2917605,0.1562041,1.238971
ACCGTTCGTCCTGGTG-1,0.04581954,0.27853078,0.21002673,0.46562293,1.1809527
ACCGTTCGTGGCTAGA-1,0.89065564,0.012560233,0.0011195833,0.095664546,0.39023772
ACCGTTCGTTGCTCGG-1,0.057468347,0.2077977,0.24758954,0.4871444,1.1866317
ACCGTTCTCAGGAACG-1,0.46793047,0.3120253,0.15820302,0.06184126,1.1825923
ACCGTTCTCCCAACTC-1,0.90125835,0.06106223,0.02068456,0.01699477,0.41389275
ACCGTTCTCTAGCCTC-1,0.07520662,0.24943784,0.20418036,0.47117513,1.2199173
ACCTACCGTAGGAGTC-1,0.10004966,0.35391897,0.4729618,0.07306951,1.143235
ACCTACCGTGAGGCAT-1,0.3740168,0.3996267,0.15421855,0.07213796,1.212333
ACCTACCTCTCATTGT-1,0.10201228,0.29183096,0.41699702,0.18915975,1.2719922
ACCTGAAAGACCTTTG-1,0.1196139,0.2770721,0.30992705,0.293387,1.332438
ACCTGAAAGATGTAGT-1,0.13329783,0.30428118,0.46589458,0.09652644,1.2121737
ACCTGAAAGGCCCACT-1,0.17066905,0.5868784,0.18011557,0.062337007,1.0962614
ACCTGAACACAACGTT-1,0.2256479,0.30271,0.270653,0.20098911,1.3738815
ACCTGAACATCCGTGG-1,0.5349946,0.1441517,0.2439985,0.07685519,1.1552244
ACCTGAACATCGTTCC-1,0.14018781,0.41328222,0.29495803,0.15157194,1.2867143
ACCTGAAGTACAGTAA-1,0.05111353,0.21224268,0.18570864,0.55093515,1.1220663
ACCTGAAGTAGCTTTG-1,0.031799633,0.23988684,0.5776189,0.15069455,1.0543246
ACCTGTCCAATCAAGA-1,0.18697543,0.22875002,0.5715284,0.012746205,1.0262934
ACCTGTCTCAAGCCGC-1,0.00060387363,0.00312511,0.005526259,0.99074477,0.060441643
ACCTGTCTCTGGACTA-1,0.2030786,0.42232373,0.2241691,0.15042853,1.3079404
ACCTGTCTCTTAATCC-1,0.113427065,0.2684779,0.56872815,0.049366903,1.069412
ACGATCAAGATACGAT-1,0.22166125,0.4083087,0.15831925,0.21171074,1.320184
ACGATCACAAACCATC-1,0.17251547,0.32391205,0.24503379,0.2585387,1.3626299
ACGATCACAAGGGCAT-1,0.08312369,0.3815821,0.38603953,0.14925468,1.2257273
ACGATCAGTCTGTGCG-1,0.29489434,0.097069755,0.2882542,0.31978166,1.3096566
ACGATCAGTGGGCTCT-1,0.21318671,0.35622823,0.3139452,0.11663986,1.3115284
ACGATCATCAAGCCAT-1,0.39279616,0.3285198,0.10032975,0.17835422,1.2709159
ACGATCATCACCCTCA-1,0.068472065,0.13169904,0.07362587,0.726203,0.8749844
ACGATGTGTCTTGAAC-1,0.025006182,0.02129643,0.005719538,0.9479779,0.25439295
ACGATGTTCAGCATTG-1,0.34715152,0.23599315,0.21651694,0.20033847,1.3614303
ACGATGTTCGCGTCGA-1,0.29678932,0.22400318,0.20121787,0.2779897,1.3741503
ACGATGTTCGTCTACC-1,0.106467344,0.35514763,0.24275154,0.2956335,1.3100712
ACGCACGAGCGCCTCA-1,0.35146502,0.22917539,0.13958547,0.2797742,1.3363677
ACGCACGAGGTATAGT-1,0.18399005,0.015234444,0.5051013,0.29567415,1.0804763
ACGCACGAGGTCCTGC-1,0.034616057,0.29253963,0.44287768,0.22996657,1.1747222
ACGCACGAGTAGCCAG-1,0.049603146,0.30776754,0.36960635,0.27302298,1.2339832
ACGCACGCACACGGTC-1,0.012050308,0.016549608,0.025511865,0.9458882,0.26733643
ACGCACGCAGCTTCCT-1,0.11387441,0.23750623,0.1596178,0.48900154,1.2315611
ACGCACGGTAACGCGA-1,0.09116883,0.3511387,0.43716478,0.12052767,1.2025973
ACGCACGGTCACTTCC-1,0.7764022,0.17359325,0.03146297,0.018541615,0.683232
ACGCACGGTCAGGTAG-1,0.16303992,0.31646383,0.26394752,0.25654873,1.3604194
ACGCACGGTTTACCTT-1,0.2220234,0.1835578,0.4541142,0.14030464,1.2793416
ACGCACGTCTCTATGT-1,0.29943085,0.07663297,0.32316637,0.3007698,1.2843173
ACGGAAGCAATAGGAT-1,0.11772965,0.36335152,0.4958961,0.023022778,1.0543592
ACGGAAGGTCAAGGCA-1,0.25435036,0.13015445,0.25520605,0.36028913,1.3299371
ACGGAAGTCGTTCTCG-1,0.01581126,0.26880923,0.65828234,0.05709721,0.8574301
ACGGAAGTCTACGCAA-1,0.09692473,0.60682815,0.2544551,0.041792043,1.0102683
ACGGAAGTCTCATTGT-1,0.0133239785,0.006485435,0.008196396,0.97199416,0.15719631
ACGGAAGTCTGGACCG-1,0.6932859,0.037685186,0.18814519,0.08088371,0.89521605
ACGGGTCAGCGCCCAT-1,0.11197687,0.33342895,0.4244917,0.13010244,1.2404491
ACGGGTCAGCTCATAC-1,0.66552705,0.19607948,0.085532084,0.052861374,0.9561748
ACGGGTCAGTCAACAA-1,0.63974696,0.22180839,0.074324325,0.06412031,0.98912483
ACGGGTCCACGTAGAG-1,0.14910276,0.024964891,0.5618845,0.26404786,1.051404
ACGGGTCGTTCCGCTT-1,0.07053835,0.18402447,0.4069288,0.33850837,1.2310863
ACGGGTCTCCGATGTA-1,0.1485389,0.35274008,0.16603707,0.332684,1.3150799
ACGGGTCTCTCTGCTG-1,0.83172494,0.13873978,0.024449777,0.0050855437,0.5448758
ACGGTCGAGGTCGACA-1,0.28123516,0.092802316,0.31166905,0.31429344,1.3045024
ACGGTCGAGTAACAGT-1,0.023014292,0.05610158,0.8601379,0.060746312,0.5481513
ACGGTCGCACATGGTT-1,0.14170495,0.39041442,0.34968412,0.1181965,1.2639151
ACGGTCGGTACGTACT-1,0.47858822,0.050516214,0.0043059485,0.4665897,0.8826343
ACGGTCGGTTGACTAC-1,0.33930862,0.4618751,0.18719803,0.011618271,1.0889487
ACGGTTAAGCAACAAT-1,0.7205852,0.018476008,0.022804273,0.23813456,0.7377951
ACGGTTAAGCCTCACG-1,0.6280693,0.18504083,0.047703646,0.13918614,1.0239322
ACGGTTACAAGCAATA-1,0.083293736,0.5474969,0.20541604,0.16379328,1.1582704
ACGGTTATCCTGTTGC-1,0.03399447,0.09486335,0.21056502,0.6605772,0.94034225
ACGTAACAGACACACG-1,0.32813022,0.20525518,0.39110595,0.075508654,1.2529104
ACGTAACGTTCTCGTC-1,0.24505094,0.035174467,0.56846803,0.15130655,1.0691677
ACGTAACTCAAGTTGC-1,0.58129674,0.26383808,0.12082523,0.034039963,1.0373088
ACGTAACTCTTCCACG-1,0.29083622,0.47985613,0.17753127,0.051776417,1.1717074
ACGTACACACCGTGAC-1,0.058326017,0.4049207,0.487599,0.049154337,1.0301352
ACGTACACATCGGAAG-1,0.34275633,0.10815758,0.31393632,0.23514976,1.3116645
ACGTACACATGGAGAC-1,0.02341533,0.18106915,0.37705675,0.41845873,1.129652
ACGTACACATGGTACT-1,0.31508902,0.12490094,0.24191873,0.31809127,1.3313864
ACGTACAGTCAATGGG-1,0.98725533,0.0026376767,0.0021614542,0.007945508,0.08000775
ACGTACATCCTCTAGC-1,0.4822244,0.06353707,0.2931032,0.1611353,1.1806843
ACGTACATCTCGCTTG-1,0.6903201,0.21895425,0.048145562,0.04258009,0.86884975
ACGTAGTAGGGCCCTT-1,0.10211919,0.29815158,0.20946407,0.3902651,1.2884524
ACGTAGTAGTGCTCAT-1,0.07482521,0.30015862,0.5888156,0.03620053,0.9872157
ACGTAGTGTCGCCTAG-1,0.6354201,0.25061935,0.06452054,0.049440037,0.96045744
ACGTAGTGTCTAGTGT-1,0.2866675,0.18819909,0.28358036,0.24155308,1.3730632
ACGTAGTGTTTGGCTA-1,0.2323847,0.5363872,0.17080647,0.060421605,1.1446693
ACGTAGTTCTGTGCAA-1,0.15342884,0.32390386,0.4969485,0.025718844,1.0943899
ACGTCCTAGAAACTGT-1,0.034307133,0.2516122,0.6728652,0.0412155,0.8609185
ACGTCCTCACAATCTG-1,0.06277678,0.3780051,0.4919981,0.06722006,1.0719624
ACGTCCTCACGGTGTC-1,0.4294704,0.27795455,0.11375868,0.17881645,1.2739422
ACGTCCTTCGAACGCC-1,0.08761637,0.018114844,0.85724616,0.03702258,0.5400629
ACGTCCTTCTTACCGC-1,0.2896269,0.070779264,0.33761045,0.30198333,1.2745199
ACGTTCCAGAGCCGAT-1,0.87548184,0.04761401,0.038512643,0.038391486,0.5119692
ACGTTCCAGATACGAT-1,0.059693433,0.32199988,0.20891874,0.40938798,1.2258877
ACGTTCCAGCCGCACT-1,0.6616041,0.12619844,0.15770929,0.05448818,0.9843563
ACGTTCCAGTTGGAGC-1,0.074197166,0.088075995,0.061405364,0.77632153,0.77486706
ACGTTCCCAATCGAAA-1,0.16181774,0.29063106,0.37814865,0.16940254,1.322357
ACGTTCCGTCGTTATG-1,0.22430637,0.3207804,0.20298612,0.25192714,1.371003
ACGTTCCGTCTGTGGC-1,0.057720296,0.33152398,0.53934956,0.071406156,1.0521047
ACGTTCCGTGCCCAGT-1,0.32280982,0.26695576,0.17682879,0.23340571,1.3635284
ACGTTCCTCCTGTACC-1,0.2413611,0.43693385,0.19169827,0.13000679,1.2867444
ACTACGAAGAACTTCC-1,0.18210821,0.4348661,0.2300451,0.15298055,1.2975379
ACTACGAAGGACAACC-1,0.5158786,0.26042405,0.14036936,0.083328016,1.1745174
ACTACGAAGTTCCATG-1,0.3615856,0.21113165,0.25097904,0.17630374,1.349126
ACTACGAAGTTCGCAT-1,0.017692834,0.09512052,0.16632955,0.7208571,0.82947123
ACTACGACACGCGCAT-1,0.18227331,0.3882863,0.3432158,0.08622462,1.2559509
ACTACGACACTCCCTA-1,0.9087465,0.037458222,0.040360793,0.013434494,0.39744544
ACTACGATCTAGCCTC-1,0.38111848,0.30408046,0.18412578,0.13067529,1.3071358
ACTATCTAGGCGAACT-1,0.031755116,0.3902484,0.43992454,0.13807192,1.1113832
ACTATCTCACACCGCA-1,0.26088795,0.46676695,0.19742846,0.07491671,1.2206287
ACTATCTGTTCACCGG-1,0.022896517,0.0769855,0.43649802,0.46361998,1.0021008
ACTATGGAGGACACTG-1,0.24202159,0.10039641,0.3127689,0.34481308,1.304806
ACTATGGAGGATGCGT-1,0.010782112,0.20172167,0.6747003,0.112795904,0.8833969
ACTATGGAGTCTGGTT-1,0.060941678,0.3217469,0.25934222,0.35796922,1.2531174
ACTATGGCAAGGCTTT-1,0.23587833,0.08767536,0.2672097,0.40923664,1.2724035
ACTATGGGTACGAGTG-1,0.2983798,0.35404253,0.17925686,0.1683208,1.336532
ACTATGGGTGTTACAC-1,0.2468444,0.3545123,0.22277999,0.17586331,1.353147
ACTATGGTCAACACCA-1,0.86600614,0.10620262,0.019349338,0.008441886,0.47937712
ACTATGGTCAGTGATC-1,0.05783923,0.34922037,0.42509565,0.16784479,1.1954443
ACTATGGTCCGTCACT-1,0.39392102,0.36792016,0.17306356,0.06509533,1.2162623
ACTATGGTCGTGCGAC-1,0.22668321,0.33883095,0.42696726,0.0075186053,1.1032832
ACTATGGTCTACAGGT-1,0.22056521,0.33352518,0.32345447,0.122455165,1.3218601
ACTATTCCACAACCGC-1,0.19952187,0.22836313,0.16873822,0.40337673,1.3253198
ACTATTCCACGTCATA-1,0.19903815,0.4316171,0.18000004,0.18934475,1.3077193
ACTATTCCACTAGGTT-1,0.00759753,0.24986337,0.6521514,0.090387695,0.87963706
ACTATTCCAGGCCCTA-1,0.1810007,0.3379556,0.2307034,0.25034028,1.3610638
ACTATTCGTATGCGGA-1,0.08976294,0.38343513,0.46810645,0.05869539,1.1056814
ACTATTCGTGGATACG-1,0.2599545,0.36203486,0.1419231,0.23608753,1.3359616
ACTATTCTCCGGCTTT-1,0.1922175,0.24132706,0.09616823,0.47028726,1.2400453
ACTATTCTCTCGCAGG-1,0.19927897,0.4319538,0.3124056,0.056361686,1.2096082
ACTCCCACAACCCGCA-1,0.69087815,0.22341731,0.04541145,0.04029301,0.8601356
ACTCCCACATGGGAAC-1,0.32080385,0.38648295,0.15406285,0.13865034,1.2942505
ACTCCCATCGTGTTCC-1,0.6360422,0.2549858,0.06609569,0.042876326,0.95084834
ACTCTCGAGTCTAGAA-1,0.16781084,0.42744887,0.27607653,0.12866382,1.2819898
ACTCTCGGTGTGTTTG-1,0.31498745,0.36645222,0.13681641,0.1817439,1.3138027
ACTGATGAGAGAGCAA-1,0.120399065,0.45511624,0.23908266,0.18540208,1.2677058
ACTGATGCAAATTGCC-1,0.12636288,0.5622057,0.22876841,0.08266308,1.1286825
ACTGATGCAGAAGTGC-1,0.34239483,0.3621229,0.151529,0.14395326,1.2997615
ACTGATGCAGGCGATA-1,0.06094232,0.30830196,0.42752045,0.20323521,1.2203976
ACTGATGCATACAGAA-1,0.025913602,0.03747244,0.009702303,0.92691165,0.33305097
ACTGATGCATCATTGG-1,0.5243461,0.31881055,0.11496772,0.04187556,1.0845311
ACTGATGGTCACAATC-1,0.13953257,0.30868995,0.44565725,0.106120266,1.2358726
ACTGATGGTCGTCGGT-1,0.93735033,0.022307962,0.0009231952,0.039418515,0.27938938
ACTGCAAAGACAACTA-1,0.5503985,0.2828037,0.0624198,0.10437798,1.0948429
ACTGCAACAAATGGTA-1,0.045442566,0.28737575,0.45262554,0.21455614,1.1878574
ACTGCAACACCGGTCA-1,0.036577698,0.1619389,0.5020035,0.29947993,1.1228664
ACTGCAACACTGAGGA-1,0.5126778,0.37641957,0.07662302,0.03427966,1.022771
ACTGCAATCCTACGAA-1,0.07356155,0.339897,0.4257687,0.16077271,1.2161567
ACTGTCCAGATACGAT-1,0.02617455,0.20575404,0.30900165,0.4590698,1.1409698
ACTGTCCCAAATAAGC-1,0.00033440458,0.00022784369,0.006220441,0.9932173,0.04294615
ACTGTCCCAATTGTGC-1,0.53685516,0.363478,0.08143143,0.018235357,0.9790425
ACTGTCCCACAACATC-1,0.28968117,0.38294908,0.15770766,0.1696621,1.3187419
ACTGTCCCACTTACAG-1,0.44650838,0.27469152,0.15278797,0.12601215,1.2630111
ACTGTCCTCAACTTTC-1,0.081102125,0.36827606,0.38661864,0.16400316,1.235518
ACTGTCCTCTATTTCG-1,0.2166015,0.053933892,0.5542452,0.17521946,1.1210905
ACTGTGAAGCCATTTG-1,0.31998742,0.09596859,0.27891612,0.30512795,1.3078687
ACTGTGACACAAGCCC-1,0.25809646,0.24942513,0.39748085,0.09499761,1.2862568
ACTGTGATCATGAGTC-1,0.0032087534,0.0008154568,0.006737831,0.9892379,0.06861678
ACTGTGATCCCTCAAC-1,0.07113738,0.3681107,0.4233865,0.13736539,1.192479
ACTTAGGAGCATGATA-1,0.3356978,0.15318282,0.30349603,0.2076233,1.3420935
ACTTAGGAGCGAAACC-1,0.36699516,0.3507969,0.14857373,0.13363422,1.2875954
ACTTAGGAGGTTCTAC-1,0.64077073,0.16815588,0.03034107,0.16073228,0.9848664
ACTTAGGGTTGAAGTA-1,0.5036617,0.32436883,0.11942151,0.05254793,1.119225
ACTTAGGTCACGGAGA-1,0.0664406,0.14937927,0.09785089,0.6863292,0.94992864
ACTTATCCACTACGGC-1,0.017576382,0.0019821445,0.01314872,0.9672927,0.17248492
ACTTATCCAGCGGTTC-1,0.17348666,0.39218792,0.2598745,0.17445098,1.3257885
ACTTCCGCAAGATCCT-1,0.00017626995,0.0009083717,0.007696337,0.991219,0.05408614
ACTTCCGCACTGCGTG-1,0.85044616,0.035368882,0.110774636,0.003410241,0.51907355
ACTTCCGTCAGCCTCT-1,0.16440368,0.3721946,0.2335751,0.22982667,1.3422947
ACTTCCGTCATACGGT-1,0.17896082,0.3727004,0.12993206,0.3184068,1.3053168
ACTTCCGTCTAGTGTG-1,0.2710457,0.3615802,0.3028007,0.064573444,1.2603449
ACTTCGCCAGCTATTG-1,0.65530294,0.21912779,0.08758291,0.0379864,0.9471416
ACTTCGCGTACTCCGG-1,0.54738873,0.3026335,0.09273135,0.05724642,1.0758384
ACTTCGCGTGTTGAGG-1,0.36191598,0.34530988,0.10731161,0.18546252,1.2870111
ACTTTCAAGCCTGACC-1,0.32157344,0.08341093,0.29364502,0.30137062,1.2933214
ACTTTCAAGCGCAATG-1,0.014296931,0.30215713,0.6403999,0.043146037,0.8433706
ACTTTCAAGCGCTGAA-1,0.2601903,0.20933342,0.3679059,0.16257037,1.3408784
ACTTTCAAGGAAAGTG-1,0.072505526,0.47318256,0.23799135,0.21632057,1.2171584
ACTTTCAAGGTAGGCT-1,0.92831045,0.052449163,0.002699073,0.016541239,0.30748665
ACTTTCAAGTTTGGCT-1,0.014788112,0.0033731787,0.07088414,0.91095454,0.35408324
ACTTTCAGTGCCGGTT-1,0.20767471,0.050865073,0.4111305,0.33032966,1.2092506
ACTTTCATCCTGGGAC-1,0.04318906,0.09162557,0.314998,0.5501874,1.0473137
ACTTTGTAGCATGGGT-1,0.14139558,0.32107666,0.452443,0.08508478,1.2098521
ACTTTGTCAAAGGCGT-1,0.35275427,0.45432556,0.13098411,0.061936073,1.1645336
ACTTTGTGTTTGCCGG-1,0.3526751,0.1681885,0.25903335,0.22010303,1.3504484
ACTTTGTTCCACTTCG-1,0.16517113,0.451026,0.27793682,0.105866075,1.2501466
AGAAATGCAAACACGG-1,0.085365914,0.32565728,0.4607883,0.12818848,1.1957853
AGAAATGCAATATCCG-1,0.2855825,0.11653831,0.21961655,0.37826267,1.309047
AGAAATGCATTGAAGA-1,0.042903658,0.014622147,0.1049027,0.8375715,0.58186156
AGAAATGGTCTCCTGT-1,0.23243022,0.3900451,0.28070414,0.09682056,1.2890666
AGAAATGGTTACGATC-1,0.20978616,0.4862434,0.1608169,0.14315356,1.2503783
AGAAATGGTTTCAGAC-1,0.085263446,0.44501385,0.3856423,0.08408043,1.1458638
AGAAATGTCCACGTCT-1,0.14927761,0.38345566,0.31453788,0.15272884,1.3022742
AGAAATGTCGCCCAGA-1,0.20164728,0.5434417,0.20032611,0.05458489,1.1351122
AGAACAAAGCACAAAT-1,0.0925613,0.42592883,0.42986873,0.05164122,1.0997711
AGAACAAAGTACAGCG-1,0.14724964,0.35069615,0.22124864,0.28080562,1.3399427
AGAACAAAGTGTAGTA-1,0.31900433,0.23658857,0.16428553,0.28012156,1.3586929
AGAACAACACGGCTAC-1,0.2737341,0.068655536,0.28308618,0.37452415,1.2636294
AGAACAACATGGAGAC-1,0.23075327,0.29868487,0.20130068,0.26926115,1.3752652
AGAACAAGTTGGTGTT-1,0.42929745,0.24358352,0.2415978,0.085521266,1.260509
AGAACAATCCAGCACG-1,0.06854841,0.26271915,0.512432,0.1563005,1.1675885
AGAACAATCCTCATAT-1,0.36881775,0.36809826,0.20158316,0.061500832,1.2301114
AGAACAATCTTCTAAC-1,0.5885631,0.24926746,0.095027074,0.0671424,1.0632726
AGAACCTAGACTTCAC-1,0.20216039,0.39710063,0.17784052,0.22289847,1.3316274
AGAACCTAGCATTTGC-1,0.12951036,0.28527683,0.4461075,0.13910538,1.2570243
AGAACCTAGCTAAGTA-1,0.60707664,0.20731996,0.04764575,0.13795768,1.047508
AGAACCTCATGCAGCC-1,0.1766454,0.38669237,0.28395987,0.15270233,1.3180923
AGAACCTGTATGCTTG-1,0.040200196,0.18867072,0.59095055,0.18017854,1.0634996
AGAACCTGTGATGAAT-1,0.50706434,0.0013326338,0.0001479067,0.49145517,0.7036056
AGAACCTGTGTGTCCG-1,0.0051033925,0.010447906,0.010652449,0.97379625,0.14883198
AGAACCTTCGACATTG-1,0.31190494,0.27424118,0.10576512,0.30808875,1.3185244
AGAAGCGAGGCTATCT-1,0.100901194,0.33697528,0.40898585,0.15313774,1.2509861
AGAAGCGCACCCAATA-1,0.018346762,0.298552,0.4762518,0.20684943,1.1134825
AGAAGCGCAGAGGTTG-1,0.56045604,0.21414472,0.059409328,0.16598995,1.1203456
AGAAGCGGTTAGAAAC-1,0.38130885,0.3113992,0.10894383,0.19834815,1.2933345
AGAAGCGTCAATCAGC-1,0.30793342,0.35303873,0.15830119,0.18072669,1.3312533
AGAAGCGTCACTCGAA-1,0.24441576,0.40041035,0.16255999,0.19261391,1.3234075
AGAAGTACAAATGGCG-1,0.38276196,0.061942615,0.25234538,0.30295002,1.2491264
AGAAGTACACGACAAG-1,0.8518576,0.04013861,0.0026430066,0.10536079,0.5184344
AGAAGTACACTGCTTC-1,0.434874,0.38491616,0.13754904,0.042660855,1.1370488
AGAAGTAGTAAGCAAT-1,0.5178241,0.019323926,0.036740962,0.426111,0.9019338
AGACAAAAGAAACTCA-1,0.25702155,0.07776063,0.30569968,0.35951814,1.2778826
AGACAAAAGACCACGA-1,0.015077206,0.19239412,0.2531461,0.5393826,1.0610945
AGACAAAAGAGCCGAT-1,0.17473868,0.4489603,0.195097,0.18120404,1.2927214
AGACAAAAGTCTACCA-1,0.13606493,0.32633674,0.21501505,0.3225833,1.3322955
AGACAAAGTCGCGTCA-1,0.053177476,0.56053513,0.2686156,0.11767176,1.0853913
AGACAAATCACGAACT-1,0.25674722,0.07881685,0.33072457,0.33371133,1.2815118
AGACACTAGAAGCGCT-1,0.26853296,0.08067109,0.30417788,0.34661803,1.2854096
AGACACTAGTCTAACC-1,0.21881501,0.103903584,0.30884856,0.36843288,1.2985103
AGACACTCAATAAGGT-1,0.11800695,0.15499936,0.45264474,0.27434894,1.254771
AGACACTCACGTAACT-1,0.097299546,0.37434375,0.44441175,0.08394494,1.1629282
AGACACTCAGGTTCCG-1,0.631039,0.23491456,0.08915095,0.044895444,0.98564917
AGACACTTCGTCAAAC-1,0.19338948,0.052536726,0.5460317,0.20804209,1.1295555
AGACAGGAGTTTCGAC-1,0.5904567,0.24898721,0.10440061,0.056155417,1.0548699
AGACAGGCAGCGTACC-1,0.43378314,0.3565701,0.09918315,0.11046367,1.2025542
AGACAGGCATGCACTA-1,0.7800629,0.04049598,0.14164273,0.037798367,0.7242465
AGACAGGTCTTCGATT-1,0.11911913,0.37006125,0.3488857,0.16193394,1.2835065
AGACCATAGAGTCTTC-1,0.40417883,0.35900608,0.11110536,0.12570977,1.2387397
AGACCATAGCATTTGC-1,0.7592166,0.17255196,0.052434348,0.015797054,0.7324353
AGACCATAGGCTCCCA-1,0.029399479,0.2871164,0.6463487,0.03713543,0.8663395
AGACCATAGGTTCATC-1,0.7783635,0.06038365,0.0022453645,0.15900746,0.67060494
AGACCATCACCTGAAT-1,0.15114295,0.39147502,0.3482322,0.10914977,1.2618432
AGACCATCAGGTCAGA-1,0.06814256,0.36089104,0.44967282,0.12129354,1.1661221
AGACCATGTAGGTAGC-1,0.3683397,0.36988935,0.14822741,0.113543585,1.2657423
AGACCATGTTGGGTAG-1,0.052736636,0.29860884,0.5940782,0.054576345,0.98415875
AGACCCGAGCAATAAC-1,0.13255887,0.30954942,0.4380056,0.11988615,1.2467427
AGACCCGAGCTGTCCG-1,0.10819593,0.31944853,0.49034125,0.08201436,1.159699
AGACCCGAGGAATTAC-1,0.10932321,0.32127768,0.3747799,0.19461916,1.2931261
AGACCCGAGGACGGAG-1,0.08731052,0.4908736,0.31820503,0.10361083,1.1614393
AGACCCGGTACCCACG-1,0.6854009,0.24044041,0.03813772,0.036020853,0.84590656
AGACCCGGTGCATGAG-1,0.19599493,0.47138977,0.19112338,0.14149195,1.2668916
AGACTCAAGCACACAG-1,0.11107592,0.24381104,0.3457672,0.29934582,1.3164583
AGACTCAAGTCATAGA-1,0.18077013,0.06997066,0.3474062,0.40185294,1.2289678
AGACTCACAAATAAGC-1,0.3112364,0.07153108,0.34038234,0.27685022,1.274326
AGAGAATAGCTAAACA-1,0.057117276,0.297061,0.44012228,0.20569944,1.2105749
AGAGAATAGCTGAAGC-1,0.4057993,0.051100522,0.49552423,0.047575925,1.0107759
AGAGAATAGTAAGCAT-1,0.20970568,0.4607388,0.22204351,0.107511975,1.2585257
AGAGAATCAAGCAATA-1,0.3139118,0.37817898,0.14566644,0.16224281,1.3071301
AGAGAATCATAGTCGT-1,0.017365484,0.25198475,0.4876416,0.24300815,1.1117052
AGAGAATGTTATCTGG-1,0.11391968,0.31637117,0.39979598,0.16991319,1.2792546
AGAGAGCAGCATACTC-1,0.44418693,0.4135366,0.10943522,0.03284115,1.0799234
AGAGAGCAGGGCGAAG-1,0.00055924087,0.002530015,0.012611097,0.98429966,0.090043426
AGAGAGCAGTATGATG-1,0.077254675,0.3880669,0.41406307,0.12061536,1.1853715
AGAGAGCCACATAACC-1,0.24766664,0.5089815,0.16534556,0.07800632,1.1859654
AGAGAGCGTAAGGAGA-1,0.24281508,0.30025437,0.34412625,0.1128043,1.3181834
AGAGAGCGTTCTTGCC-1,0.31385574,0.11827202,0.23814574,0.32972652,1.3237238
AGAGAGCGTTTGTGGT-1,0.12760292,0.3403234,0.3763943,0.15567936,1.286872
AGAGAGCTCAAAGGTA-1,0.22751912,0.32441184,0.16450578,0.2835633,1.3563328
AGAGAGCTCCGTACGG-1,0.15682837,0.043402955,0.049407154,0.7503615,0.79080963
AGAGCAGAGACGACGT-1,0.5180512,0.37152335,0.08315085,0.027274553,1.0136158
AGAGCAGAGCTCTATG-1,0.2565657,0.10328164,0.29744342,0.3427093,1.3111618
AGAGCAGCACGGTGCT-1,0.103613436,0.43672755,0.22264086,0.23701814,1.2723718
AGAGCAGCATTGCAAC-1,0.005543246,0.1927365,0.6326316,0.16908868,0.9363134
AGAGCAGGTATAGGAT-1,0.07009441,0.2922866,0.34089488,0.29672417,1.2731936
AGAGCAGGTGAACTAA-1,0.81300426,0.12232402,0.045814727,0.018856965,0.6414523
AGAGCAGGTGCACAAG-1,0.08882541,0.3621172,0.43648505,0.11257245,1.1906104
AGAGCAGTCCCTCGAT-1,0.70778745,0.17208253,0.08521087,0.034919232,0.8744337
AGAGCCCAGTAAACAC-1,0.20244862,0.2788865,0.3337992,0.18486573,1.3578154
AGAGCCCGTCTGTGAT-1,0.14388832,0.33326527,0.45476896,0.06807747,1.1864302
AGAGCCCTCAGAGCAG-1,0.5976005,0.2942781,0.07426285,0.033858497,0.9753584
AGAGCCCTCCCGTTGT-1,0.7746922,0.06467103,0.14659245,0.014044274,0.7162471
AGATAGACAGAATCGG-1,0.32178202,0.3022936,0.2405968,0.13532759,1.3399384
AGATAGATCGGTCAGC-1,0.1322968,0.3651713,0.19867635,0.3038555,1.3184973
AGATCCAAGTAGAATC-1,0.13899593,0.089216985,0.32309976,0.44868731,1.2145187
AGATCCAGTGTCGCTG-1,0.16928557,0.45559666,0.21450025,0.16061747,1.282783
AGATCCAGTTGGAGGT-1,0.2088544,0.1422112,0.49978587,0.14914857,1.2349064
AGATCCATCAAACTGC-1,0.4831783,0.29450774,0.12511306,0.09720097,1.1980953
AGATCCATCTCTCTTC-1,0.19224356,0.089537695,0.3103118,0.40790695,1.2619679
AGATCGTAGCGCACAA-1,0.22500487,0.22658412,0.44970122,0.098709814,1.2599785
AGATCGTAGCGCTGCT-1,0.3077186,0.5285819,0.13184956,0.031849854,1.0765862
AGATCGTAGTTGGCGA-1,0.3147166,0.31557745,0.18072993,0.18897602,1.3518536
AGATCGTGTCATCGGC-1,0.36341056,0.051130835,0.29230058,0.29315805,1.2391224
AGATCGTGTGTATACC-1,0.06369868,0.009818322,0.42970467,0.49677834,0.93130004
AGATCGTGTTGTGTTG-1,0.6640532,0.10163352,0.013323097,0.22099023,0.89537936
AGATCGTTCAACCCGG-1,0.22096723,0.36722854,0.19181715,0.21998712,1.3513145
AGATCGTTCCCTTCCC-1,0.19908871,0.41225052,0.33442384,0.054236937,1.2110128
AGATGAAAGACAACTA-1,0.083901525,0.44631356,0.3141836,0.15560131,1.221218
AGATGAAAGATAGGGA-1,0.3116505,0.27122718,0.1867221,0.23040019,1.3687994
AGATGAACACATCCCT-1,0.07545801,0.08305235,0.70253843,0.13895121,0.92392826
AGATGAAGTATCACGT-1,0.11932274,0.45776635,0.34348974,0.07942104,1.1795933
AGATGAAGTATCTCGA-1,0.015950836,0.06363645,0.03941628,0.8809964,0.48037875
AGATGAAGTCTCGGAC-1,0.33388284,0.41614395,0.1730622,0.076911025,1.2319553
AGATGCTAGGGTATAT-1,0.093680345,0.3569819,0.42017397,0.12916382,1.2182224
AGATGCTAGGGTTAGC-1,0.3766463,0.2407765,0.07237435,0.31020284,1.2637635
AGATGCTCAATTAGGA-1,0.45221764,0.39437515,0.12346431,0.029942947,1.0891403
AGATGCTCATCTTAGG-1,0.0457471,0.36516187,0.48354214,0.1055489,1.0976672
AGATGCTTCTCTATAC-1,0.102061465,0.085266754,0.13608474,0.67658705,0.9786035
AGCATCAAGTCGAAGC-1,0.26559898,0.04781769,0.36866292,0.3179204,1.2297064
AGCATCACATCCAATG-1,0.9120892,0.021918565,0.0043904358,0.06160178,0.3631871
AGCATCAGTATGGGAC-1,0.29117563,0.07445019,0.3510936,0.2832806,1.2774518
AGCATCAGTGAGCCAA-1,0.72124887,0.1219469,0.09257943,0.06422484,0.888911
AGCATCAGTGTGTACT-1,0.28995496,0.42107308,0.13180926,0.15716268,1.2811031
AGCATCATCACTTGGA-1,0.18464933,0.1628884,0.50736,0.14510232,1.2318741
AGCATCATCGACGCTG-1,0.41047576,0.37775996,0.14138417,0.07038015,1.1966156
AGCCAATAGTATGACA-1,0.12249066,0.26858762,0.075547375,0.53337437,1.1406567
AGCCAATCACCATAAC-1,0.2665486,0.43153882,0.16048269,0.14142989,1.2853385
AGCCAATCACGTTGGC-1,0.0831487,0.10653419,0.25508755,0.55522954,1.120532
AGCCAATCATTCTCCG-1,0.18335465,0.36746427,0.21594205,0.23323898,1.3494179
AGCCAATGTAGGCAAC-1,0.010152241,0.017131368,0.014868342,0.957848,0.22009453
AGCCAATGTATGATCC-1,0.28538477,0.25598738,0.21210544,0.24652247,1.3807759
AGCCAATTCCTATGGA-1,0.10009938,0.16491893,0.19999197,0.5349897,1.1841444
AGCCACGCAGCGTATT-1,0.21118583,0.13016044,0.51013,0.14852376,1.2203926
AGCCACGCAGTTTCGA-1,0.32797655,0.08390466,0.23962076,0.34849796,1.28326
AGCCACGCATCGATCA-1,0.38619876,0.37945202,0.13332383,0.10102542,1.2353631
AGCCACGGTCCTGGGT-1,0.3343974,0.45159265,0.17025359,0.043756254,1.1636589
AGCCACGGTGCCTATA-1,0.1994995,0.39047217,0.34295934,0.067068994,1.2370198
AGCCAGCAGTTCGGTT-1,0.0074615385,0.016039101,0.040237248,0.93626213,0.29377457
AGCCAGCAGTTGCGAG-1,0.032187004,0.21663648,0.3895391,0.3616374,1.1770339
AGCCAGCCAAGCAGGT-1,0.12788554,0.3335647,0.31630015,0.22224961,1.3275735
AGCCAGCGTACGGCAA-1,0.21802749,0.31774774,0.39670935,0.06751547,1.2451413
AGCCAGCGTGGCAGAT-1,0.15585428,0.3804759,0.2884061,0.17526369,1.3211888
AGCCAGCTCACCATAG-1,0.26448527,0.083585426,0.316836,0.33509326,1.2897421
AGCCAGCTCACTTATC-1,0.16826564,0.3027534,0.35715356,0.17182739,1.331981
AGCCAGCTCTTGCAAG-1,0.15103255,0.42048103,0.3860033,0.042483132,1.1514064
AGCGATTGTGGAATGC-1,0.2741796,0.38265705,0.16488355,0.17827971,1.3269984
AGCGATTTCAACCCGG-1,0.273961,0.09619806,0.29839045,0.3314505,1.3068216
AGCGATTTCATGGGAG-1,0.5664072,0.2003536,0.13516155,0.09807772,1.1423051
AGCGCCAAGAATTGTG-1,0.045902133,0.28659284,0.56679595,0.10070905,1.05257
AGCGCCAAGACCTCAT-1,0.11688868,0.24705735,0.1956489,0.4404051,1.2766719
AGCGCCAAGTATAACG-1,0.3313314,0.1575122,0.24327314,0.2678833,1.3538637
AGCGCCACAATGCAGG-1,0.363662,0.37801704,0.19810003,0.060220983,1.2255218
AGCGCCAGTAACATAG-1,0.3305353,0.08870646,0.2803138,0.3004445,1.298599
AGCGCCAGTACTCCGG-1,0.34109306,0.07987424,0.4216917,0.15734108,1.2238457
AGCGCCAGTCCATCTC-1,0.16776438,0.34863514,0.1486366,0.3349639,1.3165587
AGCGCCAGTCGCTTGG-1,0.5770324,0.26511025,0.06583019,0.09202716,1.0678973
AGCGCCAGTTACGTAC-1,0.18323193,0.37116325,0.34653383,0.09907098,1.2751018
AGCGCCATCTAGAACC-1,0.08929576,0.41721317,0.42016086,0.07333016,1.1363558
AGCGCTGAGCTTCGTA-1,0.0458355,0.39206195,0.46850288,0.09359967,1.0853356
AGCGCTGCAGAGACTG-1,0.04345484,0.3906734,0.44524413,0.120627575,1.1188579
AGCGCTGGTCCGGATC-1,0.4277802,0.3216854,0.088649526,0.16188486,1.2376721
AGCGCTGGTGAATATG-1,0.92009246,0.034037493,0.028164247,0.017705934,0.36364424
AGCGCTGTCTTCGACC-1,0.21415356,0.18919621,0.25540453,0.34124568,1.3605245
AGCGTATAGCCGCACT-1,0.09177967,0.296785,0.19662373,0.41481155,1.2645289
AGCGTATAGTGGTCAG-1,0.52534384,0.25779542,0.15129068,0.06557001,1.1520045
AGCGTATCAATTCTCT-1,0.32236716,0.41811857,0.14041427,0.11910001,1.258611
AGCGTATCATGATCTG-1,0.07843022,0.34962416,0.32415184,0.24779381,1.2779492
AGCGTATGTTACCCAA-1,0.9775325,0.0044815773,0.016476294,0.0015096538,0.123904
AGCGTATTCAAGGTGG-1,0.73372734,0.13018778,0.07634563,0.059739154,0.85732794
AGCGTATTCGTCAAAC-1,0.07856059,0.37660667,0.5175712,0.027261507,1.006706
AGCGTATTCTGAGAGG-1,0.07115072,0.010655213,0.0045775846,0.9136165,0.34363866
AGCGTATTCTTTGCAT-1,0.118162274,0.4932862,0.32645243,0.06209911,1.1389761
AGCGTCGAGTGAACAT-1,0.22670095,0.28062522,0.16320342,0.3294704,1.3547016
AGCGTCGGTAGCACAG-1,0.24492472,0.31318566,0.40261123,0.039278302,1.2015934
AGCTACACATCGAGCC-1,0.8114381,0.09600206,0.08079349,0.011766378,0.6500548
AGCTACAGTCAGGTAG-1,0.09120322,0.38682112,0.35683882,0.16513684,1.2509215
AGCTACAGTCGAGTGA-1,0.17168635,0.4621407,0.25124085,0.11493203,1.2549415
AGCTACATCACCACAA-1,0.18979597,0.4149141,0.3096461,0.08564379,1.2538778
AGCTACATCAGACCCG-1,0.5019818,0.23468849,0.13220152,0.13112815,1.2200392
AGCTACATCTCTTAAC-1,0.13552384,0.33666754,0.3775989,0.15020971,1.2898834
AGCTCAACAACGGGTA-1,0.14394309,0.5208636,0.19873819,0.13645512,1.2116528
AGCTCAAGTCAGGAGT-1,0.7122414,0.19459018,0.054533172,0.03863516,0.84454477
AGCTCAAGTCTACGTA-1,0.10205432,0.42746425,0.36178163,0.10869988,1.2052603
AGCTCAAGTGACTAAA-1,0.17135057,0.41979513,0.33578825,0.07306609,1.2242539
AGCTCAATCAAGCTGT-1,0.17060576,0.4379295,0.31710848,0.074356236,1.2207426
AGCTCAATCAAGGACG-1,0.07539113,0.23847649,0.62584466,0.06028774,0.9993732
AGCTCAATCCTCTTTC-1,0.25572714,0.091604784,0.32263017,0.33003792,1.2985189
AGCTCAATCGTAACCA-1,0.430808,0.30787683,0.15402456,0.10729062,1.2530969
AGCTTCCAGCATAGGC-1,0.5526586,0.278021,0.113100655,0.056219704,1.091946
AGCTTCCCAATACAGA-1,0.051764827,0.2642201,0.41181818,0.2721969,1.2244925
AGCTTCCGTGCCCACA-1,0.050931666,0.32729292,0.47529775,0.14647767,1.1520901
AGCTTCCTCCTACGGG-1,0.0033074222,0.0117752105,0.008865686,0.9760517,0.1367479
AGGAAATAGCCGTAAG-1,0.25577056,0.319717,0.14297612,0.28153637,1.3482612
AGGAAATAGCGATGGT-1,0.06217326,0.2720613,0.27299377,0.39277172,1.2483418
AGGAAATAGTAGGTTA-1,0.07918497,0.26017994,0.19427809,0.46635702,1.2251688
AGGAAATCAGAGAGGG-1,0.064025596,0.281533,0.34407482,0.31036654,1.2630386
AGGAAATGTTCGGACC-1,0.104441635,0.44309962,0.36741695,0.08504167,1.1740866
AGGAAATTCCCAGCGA-1,0.114318356,0.35426018,0.41910365,0.112317786,1.2255964
AGGAAATTCCTAACAG-1,0.5073314,0.2514047,0.09972166,0.14154229,1.1980157
AGGAATACATTGCTTT-1,0.07209373,0.3410079,0.34042913,0.24646927,1.2684779
AGGAATATCAAGAGTA-1,0.051411472,0.019724678,0.8739311,0.054932676,0.5071813
AGGAATATCAGTCATG-1,0.14941336,0.32190695,0.21891563,0.30976412,1.3444939
AGGAATATCCACAGGC-1,0.31910294,0.19553037,0.052836988,0.43252966,1.2014804
AGGACGAAGCAAGCCA-1,0.035929676,0.3263708,0.48232234,0.15537718,1.1259319
AGGACGAAGGTCGACA-1,0.24182329,0.09106794,0.2983851,0.36872366,1.2902288
AGGACGACATTCCTAT-1,0.9489921,0.017462777,0.030142322,0.0034028462,0.24526012
AGGACGATCACAGTGT-1,0.2829556,0.41231698,0.17364983,0.1310776,1.2928755
AGGACGATCCAGTACA-1,0.07833161,0.40845382,0.4325284,0.08068621,1.1308228
AGGACGATCGCTCATC-1,0.1431228,0.3417778,0.23930442,0.27579498,1.3426297
AGGACGATCTACGCGG-1,0.75180954,0.012133237,0.19155332,0.044503924,0.723063
AGGACTTAGAGCTGCA-1,0.1496322,0.41755208,0.18705826,0.24575746,1.3073759
AGGACTTAGCCATCCG-1,0.120627984,0.5021894,0.30907768,0.06810495,1.1469159
AGGACTTAGGTCATCT-1,0.74566257,0.18377936,0.040962446,0.02959559,0.76522386
AGGACTTAGTTAGTGA-1,0.45480838,0.2662092,0.14062662,0.13835576,1.260172
AGGACTTGTGCATCTA-1,0.14011031,0.120351866,0.5902779,0.14925988,1.1252618
AGGACTTGTTGGAGAC-1,0.36314744,0.3247585,0.20172234,0.11037168,1.2992743
AGGACTTTCAGCAATC-1,0.013318323,0.0013792786,0.033281412,0.95202094,0.22665858
AGGACTTTCCGATCTC-1,0.08960316,0.53418976,0.21903516,0.15717193,1.1745379
AGGAGGTAGACGCCCT-1,0.013625354,0.0107482355,0.0030949765,0.97253144,0.15222451
AGGAGGTCACCGAATT-1,0.5644097,0.33541158,0.07883954,0.02133914,0.9716062
AGGAGGTTCGACCTAA-1,0.17755361,0.3228376,0.22571547,0.27389327,1.3625698
AGGAGGTTCGACGCTG-1,0.061681468,0.38348636,0.39181438,0.16301776,1.2021979
AGGATAAAGTGAGGCT-1,0.31953079,0.414243,0.23304038,0.033185832,1.1820788
AGGATAACACCGGAAA-1,0.6635135,0.232797,0.07413932,0.029550154,0.90846163
AGGATAACAGGACTAG-1,0.69900477,0.15581067,0.14072293,0.004461651,0.8400817
AGGATAAGTAGGAAAG-1,0.24746007,0.09959125,0.1980564,0.4548923,1.2543145
AGGATAAGTCCGAAGA-1,0.17569841,0.15623537,0.32121655,0.34684965,1.327624
AGGATAAGTGCCTTCT-1,0.045710117,0.017818343,0.1256602,0.81081134,0.6434839
AGGATCTAGCCGGAAT-1,0.22211795,0.43897763,0.17198253,0.16692197,1.2971802
AGGATCTGTCCAACGC-1,0.077261634,0.4270146,0.43149257,0.06423122,1.100199
AGGATCTGTGGCTACC-1,0.34415278,0.33506632,0.1819079,0.13887306,1.3176477
AGGCATTAGGGTGAAA-1,0.48714784,0.3348731,0.11925594,0.058723036,1.1367741
AGGCATTAGGTCACAG-1,0.4266625,0.2873152,0.14550786,0.14051445,1.2779694
AGGCATTCAAAGCGTG-1,0.3325752,0.44410506,0.12740864,0.09591104,1.2139606
AGGCATTCACTTCATT-1,0.12294892,0.37157127,0.3753078,0.13017206,1.2587727
AGGCATTCATGGGAAC-1,0.14258374,0.4920926,0.22657782,0.13874592,1.2370965
AGGCATTGTAATGATG-1,0.0076578604,0.071512625,0.39921424,0.52161527,0.9320127
AGGCATTGTCAAAGCG-1,0.13956308,0.004619583,0.47519985,0.38061747,1.020894
AGGCATTGTGTGTCGC-1,0.0051442096,0.012529565,0.032033425,0.9502928,0.24066168
AGGCATTTCCATCACC-1,0.038881283,0.31543246,0.53153396,0.114152275,1.0738652
AGGCCACAGAGGATCC-1,0.49823308,0.35099626,0.112252414,0.038518205,1.0855346
AGGCCACCATACCAGT-1,0.03440572,0.2785759,0.55970716,0.12731119,1.0591943
AGGCCACGTGTTGCCG-1,0.044323776,0.27655402,0.4156349,0.26348728,1.2099239
AGGCTGCAGAGTAACT-1,0.3332929,0.38078886,0.1322856,0.15363263,1.2892251
AGGCTGCCAACGATCT-1,0.080796346,0.24437806,0.40029886,0.2745267,1.2689812
AGGCTGCCATGAATAG-1,0.57100517,0.27780402,0.08686088,0.06432996,1.0645331
AGGCTGCTCAAGCTTG-1,0.27195585,0.03174473,0.45977667,0.23652275,1.1618887
AGGCTGCTCAGACATC-1,0.19282606,0.09077915,0.29837695,0.41801783,1.2606586
AGGCTGCTCTGTCTCG-1,0.009724326,0.18300344,0.61664295,0.19062927,0.9699187
AGGGAGTAGCAGCACA-1,0.23925506,0.31289116,0.16453378,0.28332004,1.359978
AGGGAGTCACAATTCG-1,0.15991715,0.3357814,0.2193187,0.2849827,1.3500838
AGGGAGTGTCACAGAG-1,0.12617065,0.21164969,0.21008617,0.4520935,1.2765288
AGGGAGTTCCTGCCAT-1,0.34341344,0.38570517,0.1576739,0.11320752,1.2723873
AGGGAGTTCTATTTCG-1,0.4337965,0.14786766,0.3616726,0.056663178,1.1754237
AGGGAGTTCTTACACT-1,0.8218917,0.049045727,0.011043125,0.11801947,0.6110406
AGGGCCTAGGGCTTCC-1,0.28400207,0.096040495,0.3038156,0.31614184,1.3085195
AGGGCCTAGGTGCCTC-1,0.1646115,0.394461,0.29170147,0.14922597,1.307183
AGGGCCTCACCCTATC-1,0.9878633,0.0004532433,0.010377311,0.0013060704,0.071630396
AGGGCCTCATGGACAG-1,0.13567442,0.33159298,0.46357763,0.06915494,1.1781679
AGGGCCTGTAGGACTG-1,0.23649512,0.0664452,0.38287485,0.31418484,1.2524762
AGGGCCTGTGTGAGCA-1,0.3097034,0.41528958,0.12275345,0.15225363,1.2720215
AGGGCCTGTGTTTGCA-1,0.115894064,0.41343543,0.41014293,0.060527522,1.1502279
AGGGCCTGTTTCGTGA-1,0.9794423,0.00042410134,5.517207e-05,0.020078363,0.10264772
AGGGCCTGTTTGGGTT-1,0.3315013,0.29142222,0.35809496,0.01898147,1.168333
AGGGCCTTCCAACCGG-1,0.13872205,0.46395433,0.30127123,0.096052326,1.2168038
AGGGCCTTCCGAGATT-1,0.101973616,0.38085103,0.5019263,0.015249057,1.0102326
AGGGCCTTCCGCAGTG-1,0.11964366,0.045682646,0.7226666,0.112007014,0.87494266
AGGGCCTTCGGTCGGT-1,0.16069368,0.04034689,0.51552516,0.28343424,1.1222303
AGGGCCTTCTGTACAG-1,0.002137245,0.010727584,0.027794486,0.95934063,0.20119585
AGGGCTCAGACAACTA-1,0.2862779,0.41852713,0.16234973,0.13284515,1.2859266
AGGGCTCAGAGTTGCG-1,0.06231336,0.320845,0.45387802,0.1629636,1.191875
AGGGCTCAGCGCCGTT-1,0.1549226,0.39899248,0.30837512,0.1377098,1.2913122
AGGGCTCCACAGCATT-1,0.35978904,0.23417395,0.29353216,0.1125048,1.3133364
AGGGCTCGTCGGCTAC-1,0.3730185,0.19609728,0.21761891,0.2132653,1.348727
AGGGCTCGTGACCGAA-1,0.6575567,0.15259762,0.07118179,0.11866392,1.0035664
AGGGTCCAGATGCTTC-1,0.5505818,0.33086154,0.09079216,0.027764589,1.0118623
AGGGTCCCAACTGGTT-1,0.6291125,0.16971596,0.18219724,0.018974362,0.9780203
AGGGTCCCAGATACCT-1,0.25488132,0.23700203,0.18964265,0.31847402,1.3693255
AGGGTCCCAGCGTGAA-1,0.055334203,0.28015703,0.5893848,0.07512403,1.0226914
AGGGTCCGTGTTCGAT-1,0.2718072,0.11341362,0.29008803,0.3246912,1.3251854
AGGGTCCTCCAACTGA-1,0.06812694,0.3411913,0.5107522,0.07992956,1.0950123
AGGGTCCTCCGTGCGA-1,0.18227549,0.26455653,0.37034127,0.18282674,1.3405901
AGGGTCCTCGCGATCG-1,0.14936978,0.39401183,0.44276023,0.013858177,1.0709999
AGGGTGACACTTGGGC-1,0.21718398,0.40355992,0.21428706,0.16496895,1.3252146
AGGGTGAGTCAAGGCA-1,0.21463642,0.22172828,0.16796322,0.3956721,1.3307776
AGGGTGAGTCTTTATC-1,0.10069466,0.17456594,0.08843566,0.6363037,1.0380162
AGGGTGATCTCCTGTG-1,0.34074992,0.32225516,0.21994035,0.11705457,1.3159521
AGGGTTTAGATCCAAA-1,0.32316613,0.4200064,0.16925652,0.08757091,1.2433133
AGGGTTTAGGCGACAT-1,0.18790166,0.28263134,0.22695221,0.3025148,1.3695452
AGGGTTTAGTCATCGT-1,0.011130195,0.03346872,0.08012577,0.8752753,0.48261416
AGGGTTTGTAAGGTCG-1,0.8336145,0.10424435,0.04907707,0.013064102,0.5920098
AGGGTTTTCCCTCATG-1,0.1488326,0.30236456,0.20167622,0.34712657,1.3353658
AGGGTTTTCCCTCGTA-1,0.012265482,0.012215857,0.0014507961,0.97406787,0.1428659
AGGGTTTTCGCTCTCA-1,0.0495316,0.36864653,0.4386505,0.1431714,1.1564833
AGGTAGGAGAATTGTG-1,0.41916302,0.30504754,0.122736685,0.15305275,1.2713817
AGGTAGGCACTGTGAT-1,0.10155443,0.32445127,0.27485323,0.29914105,1.3134733
AGGTAGGGTCAGGAGT-1,0.32730186,0.12928721,0.53671247,0.0066984342,0.9975635
AGGTAGGTCAAGAGGC-1,0.2223579,0.35463703,0.14948335,0.27352175,1.340636
AGGTAGGTCAGACATC-1,0.0010350818,0.0025549491,0.0025969022,0.99381304,0.043995015
AGGTAGGTCAGGACGA-1,0.10385874,0.39187226,0.4317303,0.07253867,1.1552736
AGGTAGGTCTTCGATT-1,0.08771516,0.24296622,0.13640578,0.5329128,1.1643764
AGGTCATCAACACAAA-1,0.3633874,0.2640928,0.058874708,0.3136451,1.2499024
AGGTCATCACTCCGAG-1,0.20210241,0.5068082,0.24072777,0.050361656,1.160921
AGGTCATCAGGAAGTC-1,0.5003575,0.23807274,0.09618051,0.16538927,1.2109604
AGGTCATGTCTCGGAC-1,0.063571006,0.2026202,0.14915578,0.584653,1.0962565
AGGTCATGTTCTCTAT-1,0.11751128,0.27470025,0.25588423,0.35190424,1.3228563
AGGTCATTCGTAGGAG-1,0.99072206,0.00031760902,0.00079777936,0.008162567,0.056731448
AGGTCATTCTGACAGT-1,0.83681136,0.04245913,0.09496745,0.025762074,0.6010549
AGGTCTAAGATGCTGG-1,0.17877105,0.23331095,0.33585885,0.2520592,1.3611422
AGGTCTAAGCACGGAT-1,0.29987797,0.21527223,0.26438951,0.22046025,1.3768632
AGGTCTAAGCGGTAGT-1,0.05696674,0.42067835,0.3554157,0.1669392,1.1939939
AGGTCTACAGCTCGGT-1,0.20850874,0.4095106,0.15804611,0.22393452,1.3191729
AGGTCTACATCACGGC-1,0.80604655,0.06221129,0.08511738,0.04662478,0.69920886
AGGTCTAGTCCTTGTC-1,0.2678276,0.14217927,0.27860144,0.31139165,1.3495305
AGGTCTAGTCTGATCA-1,0.08097246,0.3513711,0.45216516,0.115491286,1.1792214
AGGTGTTCACAGTCGC-1,0.10052183,0.043897133,0.70869565,0.14688541,0.893921
AGGTGTTCATTGCCTC-1,0.18020804,0.17188999,0.24057518,0.40732676,1.3200827
AGGTGTTGTGTTTACG-1,0.15617955,0.3837221,0.19830957,0.26178882,1.3292334
AGGTGTTTCCTGCTAC-1,0.10967074,0.19243671,0.5550852,0.14280735,1.1642175
AGGTTACAGCAGTAAT-1,0.3636533,0.25641033,0.2653338,0.114602536,1.3171213
AGGTTACCAAGTGGAC-1,0.2043551,0.54730564,0.17943501,0.06890426,1.1469624
AGGTTACCACGTATAC-1,0.094641976,0.47622055,0.2228558,0.20628166,1.2366049
AGGTTACTCTCTGGTC-1,0.24558267,0.23509023,0.48325512,0.036072046,1.1564565
AGGTTGTCAATAGGGC-1,0.03556396,0.25098938,0.42484617,0.28860041,1.1879377
AGGTTGTCATCCGCGA-1,0.092195064,0.32890043,0.33110043,0.2478041,1.2972085
AGGTTGTCATCGTGCG-1,0.15811203,0.41062456,0.2805429,0.15072046,1.2989078
AGTAACCAGATTGCGG-1,0.25956717,0.40218943,0.18307428,0.1551691,1.316368
AGTAACCCAAGAGTGC-1,0.674701,0.23332329,0.057781413,0.034194257,0.88521695
AGTAACCCACAATGAA-1,0.772503,0.16770327,0.035412114,0.024381628,0.70769495
AGTAACCCATACCAGT-1,0.010353771,0.020732969,0.067958154,0.9009551,0.40438223
AGTAACCCATGACTTG-1,0.1508526,0.5517055,0.23823453,0.05920742,1.1225618
AGTAACCGTCACCGCA-1,0.25152928,0.20008045,0.21548687,0.3329034,1.3659989
AGTACCAAGACAGTCG-1,0.1752128,0.52801365,0.18077797,0.11599566,1.2014809
AGTACCAAGCATGATA-1,0.17320922,0.43212277,0.32145265,0.0732154,1.2224795
AGTACCAAGGCCTTCG-1,0.016720258,0.20110019,0.46047023,0.3217093,1.1129105
AGTACCACACGCTGAC-1,0.13284425,0.14197765,0.07036764,0.6548105,1.0093192
AGTACCACAGAAATTG-1,0.037136376,0.010805267,0.828942,0.12311635,0.5846156
AGTACCAGTTGCATAC-1,0.68853635,0.11542936,0.008290657,0.18774365,0.8599446
AGTACCATCATCACAG-1,0.14104317,0.28754824,0.46020776,0.11120077,1.2360499
AGTACCATCCCGATCT-1,0.06091813,0.37333274,0.31345898,0.2522902,1.2493892
AGTACCATCGCTGTCT-1,0.30747196,0.41015702,0.24248175,0.039889276,1.2002262
AGTACCATCGGTATGT-1,0.06783843,0.3497908,0.51076984,0.071600914,1.0818951
AGTACCATCTTGGAAC-1,0.8211316,0.08248828,0.012074918,0.08430527,0.629482
AGTACTGAGAGCACTG-1,0.26106855,0.39450392,0.21007414,0.13435337,1.3150089
AGTACTGAGCATGTTC-1,0.055135958,0.38115895,0.4574489,0.10625619,1.1234063
AGTACTGAGCTGCCAC-1,0.14688814,0.46169138,0.22415735,0.16726318,1.2728702
AGTACTGAGTTGAATG-1,0.20798217,0.55557257,0.20703498,0.029410206,1.0829014
AGTACTGCAAGAGGTC-1,0.27644977,0.18206027,0.34956422,0.1919258,1.3497808
AGTACTGCAGGCCCTA-1,0.5032824,0.3255293,0.09484463,0.07634363,1.1307008
AGTACTGTCCGCTTAC-1,0.12852931,0.4434564,0.1966796,0.23133469,1.2827743
AGTAGCTAGCGAGAAA-1,0.19923577,0.4080452,0.17220739,0.22051163,1.3234758
AGTAGCTGTAACACCT-1,0.32861418,0.32997435,0.09799298,0.24341847,1.3031287
AGTAGCTGTACGAGCA-1,0.16307491,0.62590665,0.16642262,0.044595793,1.0261462
AGTAGCTGTTCCACAA-1,0.3478317,0.40456134,0.12068903,0.12691788,1.2506188
AGTAGCTTCACCATAG-1,0.4099943,0.029042583,0.18237624,0.37858692,1.146409
AGTAGTCAGGCTCTAT-1,0.027041143,0.24989665,0.4238784,0.29918382,1.1690056
AGTAGTCCAGAGGGTT-1,0.031397074,0.29013097,0.59215814,0.08631384,0.98940986
AGTAGTCGTTATGTCG-1,0.091186054,0.3678532,0.48305848,0.057902202,1.1027019
AGTAGTCTCGTGGACC-1,0.25917333,0.32091618,0.35214096,0.06776956,1.2646456
AGTAGTCTCTACTTCA-1,0.27346292,0.12780936,0.23426776,0.36445996,1.3253546
AGTCAACCAACATCGT-1,0.37726662,0.06973271,0.29066303,0.26233763,1.2636454
AGTCAACCAATGAAAC-1,0.32999,0.4287063,0.1536086,0.087695174,1.2301673
AGTCAACTCGCCTAGG-1,0.60972875,0.13182475,0.04549921,0.21294734,1.0387352
AGTCAACTCGCTCATC-1,0.27823684,0.30511954,0.33748895,0.07915467,1.2854884
AGTCAACTCTGGAGAG-1,0.06692959,0.11193932,0.063536115,0.75759494,0.81153786
AGTCACAAGTTAGTGA-1,0.08219635,0.35338706,0.3923177,0.17209882,1.2428946
AGTCACACAAGATGGC-1,0.1174356,0.25705364,0.24190216,0.3836086,1.3115917
AGTCACACAATTTCTC-1,0.2151191,0.4385236,0.28392828,0.062429074,1.2226737
AGTCACACATCGGAAG-1,0.249489,0.110710174,0.30273938,0.3370614,1.3183202
AGTCACAGTAGTTCCA-1,0.086664125,0.42096218,0.37533212,0.11704147,1.1950624
AGTCACAGTGCATTAC-1,0.18197642,0.14429961,0.598356,0.07536795,1.0915616
AGTCACAGTGTTCAGT-1,0.096085414,0.1443462,0.2788171,0.48075134,1.2126795
AGTCACAGTTCAAGGG-1,0.6201639,0.24571092,0.098995775,0.035129413,0.9877602
AGTCACATCCGTTGGG-1,0.504315,0.20860703,0.15503095,0.13204695,1.2285212
AGTCACATCGAGATGG-1,0.001186856,0.00039109608,0.009192763,0.98922926,0.064884454
AGTCACATCGCACGGT-1,0.07662974,0.31974825,0.44882149,0.15480046,1.209791
AGTCATGAGGATCACG-1,0.2125568,0.13430665,0.25262037,0.40051618,1.3128369
AGTCATGCACCACTGG-1,0.3348042,0.10575374,0.2553313,0.30411074,1.3145156
AGTCATGGTCACTCGG-1,0.20373026,0.46357703,0.2063205,0.12637217,1.267561
AGTCATGTCACGACTA-1,0.41663277,0.45233274,0.11119084,0.019843725,1.0456516
AGTCTCCAGCATGGGT-1,0.5580168,0.30035412,0.08356766,0.058061454,1.0594728
AGTCTCCGTATCCTCC-1,0.5906599,0.30629116,0.08477237,0.018276613,0.95574623
AGTCTCCGTTCGGCGT-1,0.34726614,0.40103105,0.13847654,0.1132263,1.2541436
AGTGACTAGATGCTAA-1,0.08967041,0.38494888,0.44875512,0.07662568,1.1401552
AGTGACTGTATGCTAC-1,0.35206613,0.10100647,0.28102684,0.26590052,1.3080285
AGTGACTGTCGACTGC-1,0.14507303,0.19865993,0.24699341,0.4092737,1.3121598
AGTGACTGTGTCCACG-1,0.29080692,0.38036972,0.2309493,0.09787402,1.29278
AGTGACTTCACTCGAA-1,0.051889736,0.4398323,0.47640684,0.03187108,0.9778614
AGTGATCAGAAACTGT-1,0.083936386,0.27859607,0.57168025,0.06578732,1.062711
AGTGATCAGGGCAGGA-1,0.21741174,0.54135364,0.16234663,0.07888793,1.159485
AGTGATCAGTAGTCAA-1,0.15236649,0.09779437,0.021426052,0.7284131,0.8272015
AGTGATCAGTGCGCTC-1,0.6389435,0.2259384,0.09233219,0.042785954,0.97710025
AGTGATCAGTTCATGC-1,0.09706346,0.3741933,0.43670806,0.092035204,1.1755816
AGTGATCGTAAGGCTG-1,0.055009015,0.3929334,0.49896005,0.05309753,1.0293515
AGTGATCGTATGGTAA-1,0.13337666,0.29985717,0.46814847,0.09861772,1.2136194
AGTGATCTCAGGGTAG-1,0.011267913,0.004581451,0.027327914,0.9568227,0.21582781
AGTGATCTCATTTGCT-1,0.13355514,0.27578878,0.5580486,0.03260748,1.061265
AGTGATCTCCTGCTAC-1,0.563435,0.32192162,0.10272068,0.011922593,0.97470045
AGTGATCTCGCAATGT-1,0.47212332,0.37545678,0.12154482,0.030875085,1.0856675
AGTGATCTCGTCAACA-1,0.2856238,0.08931348,0.28355604,0.3415067,1.2979445
AGTGCCGAGACCATAA-1,0.16878854,0.3770711,0.39964566,0.05449469,1.1931652
AGTGCCGCATGCACTA-1,0.4630221,0.38735303,0.11718326,0.032441508,1.0863535
AGTGCCGGTTTCCAAG-1,0.22563069,0.09651003,0.33314577,0.34471354,1.2949022
AGTGCCGTCCAGCTCT-1,0.08708714,0.3943765,0.3689463,0.14959006,1.2315911
AGTGCCGTCTCCGAGG-1,0.28852984,0.32272005,0.17600763,0.21274246,1.358638
AGTGCCGTCTTGCAAG-1,0.08067782,0.31669387,0.25654775,0.3460805,1.2834688
AGTGTTGAGCTCCGAC-1,0.0825408,0.3638651,0.28403023,0.26956382,1.2846388
AGTGTTGAGTATGGAT-1,0.05214542,0.47317797,0.3921448,0.082531795,1.0810719
AGTGTTGCACTCCTTG-1,0.27168438,0.11272829,0.26455694,0.35103044,1.3193648
AGTGTTGCAGCGGTTC-1,0.075857386,0.06435775,0.73149586,0.12828903,0.8643309
AGTGTTGCAGGTATGG-1,0.63786155,0.021817254,0.33687493,0.0034462644,0.75633293
AGTGTTGGTCTAACGT-1,0.16072002,0.23797655,0.48211578,0.11918761,1.2407025
AGTGTTGTCACTACTT-1,0.009796105,0.009698555,0.0028020453,0.9777033,0.12878993
AGTTAGCAGCGCCCAT-1,0.266097,0.47056633,0.22251152,0.040825117,1.1719683
AGTTAGCAGCTCAGAG-1,0.27933836,0.15519783,0.27698988,0.28847393,1.3596001
AGTTAGCAGTAGATCA-1,0.24292009,0.12391223,0.30124485,0.33192283,1.3299938
AGTTAGCAGTGTAGAT-1,0.2850507,0.35394493,0.19506207,0.16594228,1.3422441
AGTTAGCCAAGGATGC-1,0.2592502,0.3748281,0.15053251,0.21538918,1.3335257
AGTTAGCCAAGTGATA-1,0.3177381,0.30604696,0.22704951,0.14916548,1.347098
AGTTAGCCACTTCAGA-1,0.33805558,0.28129554,0.23593852,0.14471032,1.3438842
AGTTAGCTCACGATAC-1,0.17684221,0.5351202,0.20420581,0.083831765,1.1731911
AGTTCCCCAACGCCCA-1,0.075241126,0.44630873,0.26894027,0.20950988,1.235361
AGTTCCCCAATAGTCC-1,0.7209547,0.09394475,0.006706636,0.17839392,0.79913795
AGTTCCCCAATCTCTT-1,0.25662747,0.4361735,0.21319853,0.09400052,1.2627115
AGTTCCCCAGCATCTA-1,0.000162762,0.00051164546,0.0008510221,0.99847454,0.012837172
AGTTCCCCATAGCACT-1,0.061966203,0.33402097,0.29806918,0.30594367,1.261747
AGTTCCCGTACGGTTT-1,0.010846615,0.04855698,0.33451116,0.60608524,0.8657608
AGTTCCCTCATCCCGT-1,0.25601864,0.06486221,0.3348979,0.34422126,1.2597132
AGTTCGACACATATGC-1,0.2832548,0.22201857,0.19295524,0.3017714,1.3704534
AGTTCGAGTCCGATCG-1,0.08014365,0.26238927,0.14638062,0.51108646,1.1776614
AGTTCGAGTCTGCAAT-1,0.066867776,0.35201693,0.46853513,0.112580195,1.1495147
AGTTCGATCGCTGTTC-1,0.051511288,0.25775996,0.25487858,0.43585017,1.2125977
AGTTCGATCTGCCTGT-1,0.3859538,0.40270835,0.13777022,0.07356767,1.1987852
ATACCGAAGATCACCT-1,0.20175575,0.052545134,0.5941879,0.15151115,1.0729785
ATACCGAAGTCACACT-1,0.23564464,0.27112076,0.48233598,0.010898568,1.0954025
ATACCGACACCTAAAC-1,0.2503107,0.33943105,0.30517814,0.105080165,1.3123958
ATACCGACAGTACTAC-1,0.14068963,0.15699859,0.67295235,0.029359499,0.936734
ATACCGATCATTTGGG-1,0.09738864,0.23709059,0.23300764,0.4325131,1.2699964
ATACCTTAGAAGCGCT-1,0.38042134,0.35128188,0.18516691,0.08312996,1.2542242
ATACCTTAGCGATGGT-1,0.21680263,0.45885548,0.22286488,0.10147699,1.2556324
ATACCTTCAGGTTCAT-1,0.84057945,0.06621576,0.054881774,0.03832299,0.61003983
ATACCTTGTAACCCTA-1,0.3594236,0.3142135,0.21207182,0.11429112,1.3083265
ATACCTTTCAATCCGA-1,0.0038505043,0.0032244965,0.005048754,0.9878762,0.07865683
ATACCTTTCGCTTTAT-1,0.59357977,0.13323517,0.03462339,0.23856166,1.0364912
ATACTTCAGTTTGTCG-1,0.17874976,0.312861,0.1686958,0.3396935,1.3383008
ATACTTCGTAATGATG-1,0.003195947,0.00047729746,0.0077831945,0.9885436,0.071197726
ATACTTCGTGCTCTTC-1,0.15932292,0.32488793,0.21197088,0.30381832,1.3486894
ATACTTCGTTAATGAG-1,0.31998506,0.42202845,0.1636969,0.09428958,1.2475961
ATACTTCGTTGCATAC-1,0.17151938,0.2903491,0.46373498,0.07439648,1.2111266
ATACTTCGTTTGAAAG-1,0.12998132,0.035528824,0.66841346,0.16607638,0.951211
ATAGACCAGATTAGTG-1,0.98174757,0.003458994,0.00079973985,0.013993691,0.1031304
ATAGACCAGCGACCCT-1,0.12837502,0.20991243,0.6042911,0.057421498,1.0596685
ATAGACCAGCGTCTCG-1,0.614769,0.078526445,0.09594743,0.21075709,1.0519423
ATAGACCCAGTCTCTC-1,0.18151434,0.36679485,0.18423612,0.26745465,1.3419806
ATAGACCGTCCGTTTC-1,0.1825534,0.15251425,0.5059877,0.15894471,1.2343049
ATAGACCTCTCATTGT-1,0.10518324,0.30016673,0.22286123,0.37178883,1.3005232
ATAGAGAAGATACATG-1,0.38178816,0.14755091,0.19617571,0.27448523,1.324361
ATAGAGAAGTAAGCAT-1,0.53274804,0.32388774,0.12618512,0.01717912,1.0316334
ATAGAGAAGTGATCGG-1,0.9256477,0.01581528,0.00089822867,0.05763885,0.30787647
ATAGAGACACTAGGCC-1,0.09922988,0.43583426,0.43793473,0.027001096,1.0503308
ATAGAGACATCATTTC-1,0.28046346,0.2824616,0.2431155,0.1939595,1.3755805
ATAGAGAGTGACCTGC-1,0.7291164,0.14588381,0.022283252,0.10271653,0.82968616
ATAGGCTAGAGCCCAA-1,0.28170782,0.09833909,0.26489908,0.35505402,1.3045193
ATAGGCTAGATAACAC-1,0.11186946,0.31579438,0.38267356,0.18966262,1.2919477
ATAGGCTCAAACTGCT-1,0.6882582,0.25183275,0.048179373,0.011729831,0.80266804
ATAGGCTCAAGAAATC-1,0.0256165,0.16274881,0.34535637,0.4662783,1.1122833
ATAGGCTCATACACCA-1,0.3868001,0.30911112,0.19151995,0.11256879,1.2927232
ATAGGCTGTACAGCGA-1,0.8115873,0.10029944,0.075862184,0.012251073,0.6496449
ATAGGCTGTGAGCGAT-1,0.20904839,0.333577,0.3175648,0.13980977,1.3327703
ATAGGCTGTGTGTTTG-1,0.14916657,0.36620402,0.33128232,0.15334706,1.3052227
ATAGGCTTCTCTCGCA-1,0.26252693,0.09340209,0.2690401,0.3750309,1.2935772
ATATCCTCAAGGTCGA-1,0.30423543,0.086120486,0.29464114,0.31500295,1.2971277
ATATCCTCATAGAGGC-1,0.23125745,0.20443913,0.097653285,0.46665007,1.246
ATATCCTGTACACGCC-1,0.17100969,0.39279947,0.2074451,0.22874574,1.3327839
ATATCCTGTGATGAAT-1,0.29946217,0.119733624,0.2143954,0.36640877,1.3132458
ATATCCTTCTTGGTGA-1,0.42354292,0.31609514,0.12916175,0.1312002,1.2587421
ATCACAGAGACCTGGA-1,0.06510175,0.39689958,0.44551334,0.09248537,1.1249994
ATCACAGAGTCACTGT-1,0.14472555,0.451669,0.33222404,0.071381435,1.1932513
ATCACAGCAGAATGTA-1,0.043485746,0.2402213,0.5065178,0.2097751,1.1510854
ATCACAGCAGCTCCTT-1,0.17407149,0.36014158,0.2719464,0.19384049,1.3442777
ATCACAGTCTCATAGG-1,0.053341027,0.37286133,0.44901934,0.12477833,1.1434069
ATCACGAAGAACCCGA-1,0.38944966,0.36546648,0.20737368,0.037710153,1.1849849
ATCACGAGTATACCCA-1,0.5703651,0.27738085,0.12292484,0.029329274,1.0371318
ATCACGATCGCCTTTG-1,0.24409868,0.40275505,0.2618772,0.09126909,1.2798768
ATCACGATCGCTCTCA-1,0.9475625,0.025041088,0.0007493052,0.026647165,0.24536067
ATCACGATCTGTGCGG-1,0.23015781,0.18264991,0.35548222,0.23171006,1.3551285
ATCACTTAGGAGTCTG-1,0.094685614,0.38055938,0.43696016,0.087794855,1.166204
ATCACTTGTAGACGGT-1,0.1329779,0.2884447,0.20417798,0.3743994,1.3191144
ATCACTTGTCACGTGC-1,0.009203034,0.24373393,0.65672785,0.09033521,0.88055074
ATCACTTGTCGCTTGG-1,0.3883361,0.22485645,0.29409838,0.092709064,1.2832912
ATCACTTGTTGCATGT-1,0.010099317,0.019673962,0.0048984783,0.9653283,0.18381539
ATCACTTGTTTCGATG-1,0.28032517,0.07097592,0.29816267,0.35053626,1.2725552
ATCACTTTCCTGCCAT-1,0.14181437,0.47744048,0.24590161,0.13484354,1.2451109
ATCACTTTCTGCCTGT-1,0.31820965,0.37840226,0.16663446,0.1367536,1.3027772
ATCAGGTAGGGCCCTT-1,0.23042431,0.29491746,0.22209834,0.2525599,1.3800626
ATCAGGTCACGACGAA-1,0.29293847,0.32097718,0.20408426,0.18199997,1.358839
ATCAGGTGTAAGGCTG-1,0.17743537,0.11649444,0.5013132,0.20475703,1.2281644
ATCAGGTTCCTGCCAT-1,0.078217395,0.35849428,0.52681893,0.036469396,1.0254751
ATCAGGTTCTCGTTTA-1,0.33510402,0.40898353,0.19940877,0.05650366,1.215925
ATCATTCAGGTATTGA-1,0.07075968,0.43413475,0.34879312,0.14631246,1.1982363
ATCATTCCAATGTCTG-1,0.9136861,0.04412515,0.0361858,0.006002869,0.37099084
ATCATTCCACAGCATT-1,0.037659016,0.029668098,0.21117617,0.7214967,0.79176223
ATCATTCCAGGGAATC-1,0.027325759,0.27536193,0.5754614,0.121850915,1.0279776
ATCATTCCATCTTTCA-1,0.67816865,0.21477795,0.056582786,0.05047059,0.9069661
ATCATTCGTTCCATTT-1,0.30674905,0.43853688,0.20493837,0.04977567,1.1981592
ATCCACCAGCCACCGT-1,0.5082507,0.17808355,0.04594617,0.26771957,1.14559
ATCCACCAGCTCCCTT-1,0.24062407,0.21470605,0.26219508,0.28247485,1.3811826
ATCCACCAGGACGCAT-1,0.1686441,0.45916262,0.2815308,0.09066252,1.2320597
ATCCACCAGTAGACCG-1,0.6258614,0.07950066,0.26582035,0.028817592,0.9489939
ATCCACCCAGAGTTCT-1,0.5247664,0.37107947,0.09037253,0.013781648,0.98252124
ATCCACCGTACAGAGC-1,0.02398435,0.0473644,0.14454563,0.7841056,0.704204
ATCCACCGTCCCGTGA-1,0.35689428,0.37925643,0.15041988,0.11342939,1.2672508
ATCCACCGTTTACTGG-1,0.004850639,0.0022443258,0.030254664,0.9626503,0.18201356
ATCCACCTCCATCACC-1,0.30136698,0.38721707,0.1893589,0.12205706,1.3006803
ATCCATTCAATTCGTG-1,0.19638738,0.28151083,0.25726473,0.2648371,1.3776405
ATCCATTCACCGGTCA-1,0.2809698,0.29551896,0.2322905,0.19122072,1.3723692
ATCCATTGTACAGTAA-1,0.12492859,0.09091513,0.30685213,0.47730416,1.1933787
ATCCATTGTCCTGTTC-1,0.48917708,0.21005523,0.04148931,0.25927836,1.1595635
ATCCATTTCCGTGGGT-1,0.048084147,0.38833255,0.47534344,0.08823988,1.0809879
ATCCATTTCGGTAAGG-1,0.50428915,0.3259773,0.14712271,0.022610823,1.0782747
ATCCCTGAGTACGTCT-1,0.8442355,0.042223316,0.02469498,0.08884622,0.58306
ATCCCTGAGTGACACG-1,0.15125959,0.31652072,0.32593945,0.20628032,1.3408173
ATCCCTGCAACCTAAC-1,0.3831523,0.007355523,0.0019419882,0.60755014,0.7185798
ATCCCTGGTCACTACA-1,0.94596386,0.014133045,0.026305808,0.0135972705,0.26688427
ATCCCTGGTTCTTAGG-1,0.10376519,0.48325142,0.2576467,0.15533668,1.2251958
ATCCCTGTCCACCCTA-1,0.0074277185,0.03895549,0.10067621,0.85294056,0.5296487
ATCCCTGTCTAGACCA-1,0.12365832,0.43102813,0.37749904,0.06781445,1.1714623
ATCCGTCGTTATGGTC-1,0.2566156,0.08870159,0.31513348,0.3395493,1.2945826
ATCCGTCGTTTGCAGT-1,0.28809,0.21096873,0.26248458,0.23845665,1.3797332
ATCCGTCTCCGTGTGG-1,0.0014900542,0.00036261659,0.005126766,0.9930206,0.046561252
ATCCGTCTCGGCCAAC-1,0.28461358,0.37296063,0.22241364,0.12001213,1.3142775
ATCCTATAGAAGATCT-1,0.2993617,0.4566799,0.17690144,0.06705693,1.2066183
ATCCTATCACTTCCTG-1,0.7563762,0.06539147,0.004535505,0.17369677,0.7180582
ATCCTATCATAGGAGC-1,0.0006395539,0.00029206378,0.0037000515,0.99536836,0.03241972
ATCCTATGTTACCGTA-1,0.0074161603,0.0024264855,0.0001861585,0.98997116,0.06255739
ATCCTATTCTTCGTAT-1,0.70307237,0.043418538,0.001404247,0.25210482,0.74048877
ATCGATGAGCATCCTA-1,0.28526187,0.32929915,0.18288329,0.20255572,1.3577299
ATCGATGAGTCGCCAC-1,0.19208148,0.411348,0.30549118,0.09107939,1.2628
ATCGATGGTAGAGTTA-1,0.021310998,0.002124198,0.013249202,0.9633156,0.18837942
ATCGATGGTCAAAGCG-1,0.0033570454,0.030384727,0.79654163,0.16971658,0.6074903
ATCGATGGTTACCTGA-1,0.090213865,0.055270594,0.6375997,0.21691585,0.99550176
ATCGATGTCTGTTCAT-1,0.25844792,0.2290602,0.4760892,0.036402605,1.1612138
ATCGCCTAGTGCGTCC-1,0.27152935,0.2536101,0.36382443,0.11103611,1.3138342
ATCGCCTCAGAGGAAA-1,0.067423895,0.29489166,0.36866167,0.26902276,1.2630265
ATCGCCTGTCACCCTT-1,0.082176104,0.2649135,0.27437797,0.37853244,1.2798132
ATCGCCTGTGGCTCTG-1,0.2710768,0.40118173,0.122794226,0.20494725,1.3026382
ATCGCCTTCCAGTTCC-1,0.83672315,0.06591559,0.014859523,0.08250177,0.5967876
ATCGCCTTCGAATCCA-1,0.05789864,0.3241942,0.5399411,0.07796605,1.0618253
ATCGGATAGACTTCGT-1,0.23671602,0.43767872,0.15569082,0.16991444,1.293457
ATCGGATAGCGAGTAC-1,0.31876123,0.39714643,0.15455547,0.12953691,1.2845213
ATCGGATCAAGTGATA-1,0.19217893,0.4737574,0.22927694,0.10478677,1.244957
ATCGGATCACTCGATA-1,0.4114576,0.21501137,0.25783503,0.11569594,1.2948915
ATCGGATCATGGGTCC-1,0.017800504,0.0215146,0.13313541,0.8275495,0.57940143
ATCGGATCATTGTAGC-1,0.8826698,0.016320273,0.006284606,0.09472528,0.43243128
ATCGGATGTAGAGGAA-1,0.1211941,0.5402997,0.288561,0.049945254,1.0967038
ATCGGATGTGTCATTG-1,0.0015352105,0.0033158825,0.01534964,0.9797992,0.112982824
ATCGGATTCCATAGAC-1,0.26735196,0.115767084,0.2523514,0.3645296,1.317637
ATCGGATTCCATTTCA-1,0.90409213,0.012789258,0.0006118414,0.08250681,0.35727566
ATCGGATTCTTAGTTC-1,0.27195555,0.27861717,0.30041534,0.14901198,1.3551219
ATCGGCGAGGTTATAG-1,0.017605044,0.3311465,0.5389551,0.11229337,1.0157839
ATCGGCGAGTTGCCCG-1,0.65798014,0.09507413,0.090910815,0.15603489,1.0069916
ATCGGCGCAACGTTAC-1,0.44299302,0.3412125,0.16326325,0.052531168,1.1782463
ATCGGCGCACGAAGAC-1,0.39926508,0.27783078,0.082515225,0.24038896,1.2709374
ATCGGCGGTGTTAACC-1,0.038576957,0.23636779,0.5204606,0.20459466,1.1310183
ATCGGCGGTTAGGACG-1,0.22084111,0.07529216,0.40122506,0.3026417,1.2564039
ATCGGCGTCAACACGT-1,0.18514735,0.18744995,0.59046954,0.036933213,1.0590179
ATCGGCGTCCGTGGTG-1,0.40476137,0.3349989,0.13962144,0.12061828,1.262466
ATCGGCGTCGAGTACT-1,0.35910848,0.33491108,0.13017961,0.1758008,1.3051583
ATCGTAGAGTTCGCAT-1,0.088040344,0.39277565,0.3176753,0.20150875,1.2680777
ATCGTAGCAATAGTCC-1,0.16789885,0.26429185,0.2548234,0.31298593,1.3632452
ATCGTAGGTCGTTCAA-1,0.23464806,0.1899778,0.08652133,0.48885277,1.2173043
ATCGTAGGTTGTATGC-1,0.32308745,0.5292147,0.09098803,0.0567098,1.0826533
ATCGTAGTCGAATGCT-1,0.002077682,0.009853491,0.008398811,0.97967005,0.118620634
ATCGTCCAGCTACAAA-1,0.040507503,0.15413803,0.7238032,0.08155125,0.8564709
ATCGTCCAGTAGGTTA-1,0.05024376,0.112779,0.4353071,0.40167013,1.1248125
ATCGTCCCAAGATTGA-1,0.6996584,0.022986898,0.2732368,0.004117895,0.71373695
ATCGTCCCAATGGCCC-1,0.036533225,0.06592333,0.046816852,0.85072654,0.58103347
ATCGTCCGTAACTTCG-1,0.27733538,0.36126515,0.16437483,0.19702467,1.3403583
ATCGTCCTCCTACTGC-1,0.048245814,0.45026103,0.3830006,0.118492566,1.1258366
ATCGTCCTCGGCATCG-1,0.06988934,0.39507788,0.4995971,0.035435684,1.0179158
ATCGTCCTCTTAGCTT-1,0.13880928,0.46293688,0.37235162,0.025902174,1.093122
ATCGTGAAGAGTACCG-1,0.043244403,0.40049133,0.21400535,0.3422589,1.1992102
ATCGTGAAGCCGAATG-1,0.22187229,0.2879357,0.32203677,0.16815518,1.357243
ATCGTGACAATGGCAG-1,0.45599803,0.34269935,0.11059472,0.09070796,1.1863031
ATCGTGACAGGCGAAT-1,0.5881626,0.2146886,0.16510089,0.032047916,1.0501221
ATCGTGAGTCAACCAT-1,0.20883416,0.51884884,0.19034828,0.08196869,1.1883247
ATCGTGAGTCGGTGAA-1,0.08348716,0.005331959,0.001033895,0.91014695,0.3280085
ATCGTGAGTGCTAGCC-1,0.2533402,0.388484,0.20012906,0.15804666,1.3286954
ATCGTGAGTGTCCGGT-1,0.2449862,0.1786756,0.41047722,0.1658609,1.3157883
ATCGTGATCAGTCTTT-1,0.111654915,0.35512435,0.40053773,0.13268305,1.2469046
ATCGTGATCGATTCCC-1,0.6066321,0.27749288,0.10510923,0.010765759,0.94451857
ATCTCTAAGTTGCGAG-1,0.9548188,0.02195806,0.008831042,0.014392097,0.23079851
ATCTCTACACTTCCTG-1,0.0018091919,0.011613388,0.010926005,0.97565144,0.1365676
ATCTCTACAGGTCTCG-1,0.2849148,0.16780111,0.29069513,0.256589,1.365431
ATCTCTACATCCAATG-1,0.52566856,0.31422788,0.05928059,0.10082305,1.100634
ATCTCTAGTATGACAA-1,0.3096503,0.4376674,0.15743026,0.09525201,1.2396616
ATCTCTAGTATGAGGC-1,0.6022375,0.30238184,0.05900787,0.03637272,0.954599
ATCTCTATCTCGTTTA-1,0.22308518,0.19707917,0.049611192,0.53022444,1.1401714
ATCTTCAAGATTGTGA-1,0.48018384,0.39577168,0.105916455,0.018127989,1.0295963
ATCTTCAAGGTCGCCT-1,0.19234005,0.3148282,0.32679048,0.16604127,1.3445511
ATCTTCAAGTCGCTAT-1,0.20419137,0.37117252,0.22077306,0.20386313,1.3499721
ATCTTCACATAGAGGC-1,0.18514213,0.18846779,0.06658712,0.55980295,1.1319687
ATCTTCAGTACTCGTA-1,0.23268673,0.41242987,0.21996105,0.13492236,1.3079014
ATCTTCATCAACTTTC-1,0.024898509,0.13477105,0.20455875,0.63577175,0.9746193
ATCTTCATCCATTTCA-1,0.0013211004,0.00354587,0.011625861,0.98350716,0.09690741
ATGAAAGAGATCGGTG-1,0.2217885,0.36759546,0.19334882,0.2172672,1.3513079
ATGAAAGAGTAGCAAT-1,0.9357515,0.027371522,0.035015974,0.001861041,0.2897001
ATGAAAGCAAGACGAC-1,0.2675071,0.36381996,0.15062813,0.21804473,1.3378186
ATGAAAGCAGACCATT-1,0.34422573,0.4204639,0.11823526,0.117075205,1.2349515
ATGAAAGCAGCTAACT-1,0.20752445,0.3686264,0.27126223,0.15258701,1.3349863
ATGAAAGTCATAAGGA-1,0.08337493,0.18475144,0.23915958,0.49271408,1.2100387
ATGAAAGTCCTCTCTT-1,0.043569982,0.34871474,0.51263976,0.09507555,1.0701503
ATGAAAGTCGAACCTA-1,0.11829598,0.06426138,0.6147277,0.20271492,1.0515304
ATGACCAAGACAGCGT-1,0.2973547,0.36800677,0.25025943,0.084379114,1.2838156
ATGACCACAGAGACTG-1,0.71007454,0.088454306,0.17669892,0.024772245,0.8555268
ATGACCAGTTAAGTCC-1,0.1117097,0.09049074,0.77958333,0.018216325,0.72933304
ATGACCATCGGCCAAC-1,0.0689688,0.4189859,0.40795928,0.104086116,1.150183
ATGAGGGAGCAACTTC-1,0.12710516,0.46529648,0.28487197,0.12272646,1.2333477
ATGAGGGAGGCGAAGG-1,0.39452246,0.33210164,0.21459344,0.058782395,1.2298632
ATGAGGGCAAACCATC-1,0.29404417,0.36808047,0.17070317,0.16717222,1.3285971
ATGAGGGGTTAGGGTG-1,0.08664021,0.39814338,0.3555679,0.15964846,1.2391797
ATGAGGGTCCGAAGGA-1,0.5140533,0.10708044,0.006437083,0.3724292,0.98163295
ATGAGGGTCTCTTGCG-1,0.15054628,0.3616726,0.3829727,0.10480842,1.256866
ATGAGTCCATCTTTCA-1,0.31414622,0.37565878,0.20656805,0.10362697,1.2922484
ATGAGTCCATGAGATA-1,0.44205648,0.37060606,0.087231204,0.10010623,1.1718985
ATGAGTCGTACTTCCC-1,0.053767666,0.08431877,0.629436,0.23247755,0.9962617
ATGAGTCGTTGCATAC-1,0.98695326,0.0013587837,0.0006814134,0.011006531,0.07653062
ATGAGTCTCATTGTGG-1,0.18408628,0.40383452,0.20317438,0.20890482,1.3286319
ATGAGTCTCCTTGAAG-1,0.32989863,0.3976754,0.14767654,0.12474942,1.2746768
ATGAGTCTCGACGCGT-1,0.65613896,0.16186559,0.018118272,0.16387717,0.9403049
ATGATCGAGAGAGGTA-1,0.24296711,0.22586723,0.13841623,0.39274943,1.3205777
ATGATCGCACGCTTAA-1,0.9865297,0.001979637,0.00018260183,0.0113080675,0.07795942
ATGATCGCAGTAACAA-1,0.820763,0.085076265,0.010126818,0.084033996,0.6263846
ATGATCGGTATGGAAT-1,0.060738403,0.2998881,0.56119305,0.0781805,1.0547652
ATGATCGTCCATACAG-1,0.21701787,0.5718229,0.14751941,0.06363977,1.10878
ATGATCGTCGCACTCT-1,0.32955265,0.2861272,0.1514774,0.23284271,1.3490753
ATGATCGTCTGAGAAA-1,0.16172233,0.41810605,0.27808604,0.14208554,1.2923912
ATGCATGAGCGTCTGC-1,0.31696424,0.37042642,0.13322413,0.17938522,1.308818
ATGCATGCAGTCAGCC-1,0.34340635,0.09821721,0.29527703,0.26309943,1.3064545
ATGCATGCATGCCGGT-1,0.5929325,0.28946206,0.07253661,0.04506877,0.9987712
ATGCATGGTAACACCT-1,0.03659028,0.31836835,0.4767232,0.1683182,1.1385187
ATGCATGGTAACGCGA-1,0.18654269,0.04055908,0.0067609637,0.7661373,0.68109065
ATGCATGGTCCAGCAC-1,0.13425496,0.31968808,0.4294097,0.116647206,1.2477884
ATGCATGGTCTGTAAC-1,0.004672976,0.0064597894,0.00092707854,0.9879402,0.0761073
ATGCATGGTTGGGTAG-1,0.16036417,0.074913,0.018835865,0.745887,0.7811434
ATGCATGTCAACACGT-1,0.0040332633,0.0068195947,0.026522577,0.96262455,0.18919063
ATGCATGTCGCTAATG-1,0.35034877,0.39621723,0.12004879,0.1333853,1.2574626
ATGCATGTCGGAATGG-1,0.3570347,0.24065012,0.24259767,0.1597175,1.3470837
ATGCATGTCTTTACAC-1,0.7630902,0.17703238,0.039049458,0.020827895,0.7201104
ATGCCTCAGAGTCAGC-1,0.064896956,0.07060296,0.36059582,0.5039043,1.0778036
ATGCCTCAGATTGTGA-1,0.27839604,0.28139502,0.29977626,0.14043272,1.349615
ATGCCTCCACAAGCCC-1,0.11274853,0.09300991,0.7451903,0.049051214,0.83404374
ATGCCTCGTAGCGATG-1,0.52122146,0.084741324,0.30031702,0.093720265,1.1319057
ATGCCTCGTAGGCAGT-1,0.3616867,0.33111525,0.16949421,0.13770372,1.3076649
ATGCCTCGTCCTACAA-1,0.25415316,0.3838659,0.3013832,0.06059781,1.2470372
ATGCCTCGTGCCGGTT-1,0.25114006,0.24937002,0.24106239,0.2584275,1.3859887
ATGCGATAGGGAGGCA-1,0.86075807,0.044548962,0.004100426,0.090592526,0.50774884
ATGCGATCAAATTGGA-1,0.17683004,0.08473342,0.28456125,0.4538753,1.2316821
ATGCGATCACATATCG-1,0.08476346,0.4375878,0.18862437,0.28902438,1.2442185
ATGCGATCATAGAAAC-1,0.15593411,0.52118,0.28494287,0.037943054,1.1112812
ATGCGATGTATAGGAT-1,0.07590975,0.10740882,0.31987992,0.49680153,1.1474996
ATGCGATGTGAGTCAG-1,0.07453538,0.26851645,0.36401263,0.29293552,1.2741128
ATGCGATTCCATGCAA-1,0.014157787,0.15719016,0.4998556,0.32879645,1.0634689
ATGCGATTCGCGTCGA-1,0.27485776,0.05752251,0.33048028,0.33713946,1.2517076
ATGGAGGCATAAGCAA-1,0.27552465,0.32173783,0.35472965,0.04800795,1.2334418
ATGGAGGGTAACACGG-1,0.38843477,0.30094618,0.20947638,0.1011427,1.2878811
ATGGAGGGTTGGAGGT-1,0.18953231,0.45358244,0.22602452,0.13086073,1.2760668
ATGGATCAGCATATGA-1,0.0017555663,0.00015891498,7.126291e-05,0.9980142,0.015193312
ATGGATCCAGAACTCT-1,0.29776287,0.35825664,0.18725823,0.15672225,1.3326373
ATGGATCGTGCCTACG-1,0.26568633,0.31696954,0.30742955,0.10991456,1.321646
ATGGGAGAGGTCATAA-1,0.4323812,0.29545337,0.1092148,0.1629506,1.2602509
ATGGGTTCACAAGCCC-1,0.26071998,0.34828708,0.15864962,0.23234332,1.3490335
ATGGGTTCATAACAGA-1,0.3586146,0.27399433,0.3469722,0.020418856,1.1692176
ATGGGTTGTTTGACAC-1,0.007918223,0.0104693035,0.0049457117,0.9766667,0.13536264
ATGGGTTTCACACCCT-1,0.25335097,0.40775946,0.14585152,0.19303805,1.3119483
ATGGGTTTCAGAGCAG-1,0.5661747,0.24089177,0.14020216,0.052731343,1.0955724
ATGGGTTTCCATAGGT-1,0.063083775,0.39296445,0.42126986,0.12268186,1.1629481
ATGGGTTTCGGCAGTC-1,0.1137836,0.4391844,0.35867518,0.08835681,1.1908302
ATGGGTTTCGTAACAC-1,0.23103888,0.3226302,0.17648743,0.26984355,1.363076
ATGGGTTTCTCGTCGT-1,0.74789566,0.18639407,0.04839158,0.017318623,0.7471738
ATGGTTGAGCATGAAT-1,0.007711625,0.011026294,0.003889319,0.9773728,0.13117117
ATGGTTGAGCGAGAAA-1,0.12193289,0.38858378,0.3610455,0.12843788,1.2552989
ATGGTTGAGTGCTAGG-1,0.20562232,0.5225012,0.19741751,0.074459046,1.1781107
ATGGTTGCAAACTGCT-1,0.19722469,0.27343392,0.16499016,0.3643512,1.3398906
ATGGTTGCACAAATCC-1,0.02371231,0.19578482,0.29204464,0.4884582,1.1174434
ATGGTTGGTACGCGTC-1,0.8125462,0.048318043,0.008803616,0.13033229,0.62230957
ATGGTTGGTGAAGCGT-1,0.2887985,0.16714774,0.0541049,0.4899489,1.1650729
ATGGTTGTCCTACGGG-1,0.9516256,0.0059776357,0.04143155,0.00096524425,0.21639688
ATGGTTGTCCTTCAGC-1,0.7010204,0.1341923,0.014823898,0.14996338,0.86550415
ATGTCCCAGGTTGAGC-1,0.15681171,0.46523455,0.16775168,0.21020201,1.2738618
ATGTCCCGTGGCTCTG-1,0.57609874,0.025950091,0.26469687,0.13325433,1.0328643
ATGTCTTAGAGGGTCT-1,0.47315338,0.0424176,0.3760448,0.1083842,1.0967524
ATGTCTTAGGTATTGA-1,0.07653632,0.24117638,0.2769464,0.40534088,1.2613189
ATGTCTTCAGTCGAGA-1,0.11033256,0.47432524,0.31861675,0.09672552,1.1873444
ATGTCTTGTACCGCGT-1,0.016543724,0.20136862,0.57046133,0.21162626,1.0394223
ATGTCTTGTGTACATC-1,0.8591574,0.09974277,0.008867461,0.032232374,0.5129591
ATGTCTTGTGTACGCC-1,0.28512654,0.17335343,0.23041053,0.3111095,1.3630443
ATGTCTTGTTCCATTT-1,0.33269858,0.07593528,0.21224602,0.37912014,1.2585852
ATGTCTTTCATGAAAG-1,0.10836149,0.46140516,0.28466952,0.14556374,1.2358851
ATGTCTTTCGTAGCTA-1,0.08255217,0.48483673,0.31891567,0.11369546,1.1685723
ATTACCTCAGAAATCA-1,0.01692403,0.016959121,0.007035074,0.9590818,0.2131161
ATTACCTGTAGGAGTC-1,0.26680452,0.08825328,0.31173927,0.33320293,1.2963021
ATTACCTGTTAACCTG-1,0.83666015,0.04132632,0.001009389,0.12100421,0.54339963
ATTACTCAGGGTTTCT-1,0.46303403,0.048501637,0.16093573,0.3275287,1.1628591
ATTACTCAGTTTCAGC-1,0.602383,0.31254253,0.06993945,0.015134998,0.91829115
ATTACTCCAGGTGGAT-1,0.2777322,0.38569218,0.19591843,0.1406572,1.3185046
ATTACTCCATAATCCG-1,0.3239454,0.2863476,0.22035486,0.16935214,1.3572581
ATTACTCCATAATGAG-1,0.14919524,0.049025636,0.5110572,0.29072192,1.13389
ATTACTCCATCCTTGC-1,0.2713183,0.41844457,0.17375611,0.13648097,1.2943804
ATTACTCGTCTAATCG-1,0.2088122,0.36703604,0.2992694,0.12488237,1.3157903
ATTACTCGTCTTCATT-1,0.021868078,0.07131001,0.08418323,0.8226387,0.6408491
ATTACTCTCGCTACAA-1,0.04899903,0.3602719,0.48644885,0.10428025,1.1018691
ATTATCCAGCCAGACA-1,0.50094455,0.31632528,0.14889756,0.033832617,1.1085117
ATTATCCCAGAACGCA-1,0.3540416,0.040379293,0.2702425,0.33533663,1.2172012
ATTATCCCAGCTACCG-1,0.059953004,0.208106,0.37001923,0.3619218,1.2310891
ATTATCCGTCAACCAT-1,0.52414787,0.35771188,0.090492345,0.027647888,1.0229408
ATTATCCGTCCGAAAG-1,0.00045854988,0.0022960699,0.007344222,0.9899012,0.063613266
ATTATCCTCGAAATCC-1,0.9219396,0.034968227,0.0068516713,0.036240578,0.3465653
ATTCACTAGAAGAACG-1,0.0836208,0.2900368,0.54905856,0.077283904,1.09355
ATTCACTAGATGTTCC-1,0.14908634,0.42460755,0.32725373,0.09905232,1.2420285
ATTCACTCACTCAGAT-1,0.6606837,0.2534675,0.060786597,0.025062174,0.8843444
ATTCACTCAGATCATC-1,0.14793655,0.4235955,0.21583728,0.21263061,1.3066839
ATTCACTGTCTAGGTT-1,0.091875985,0.119651295,0.0537382,0.73473454,0.85696715
ATTCACTGTGCGTGCT-1,0.14673239,0.27140427,0.14021182,0.44165158,1.2719444
ATTCACTTCGACCACG-1,0.02987078,0.09050496,0.2492188,0.6304054,0.95943195
ATTCAGGAGGCATCGA-1,0.07684729,0.3781586,0.471837,0.07315712,1.1106458
ATTCAGGCATGGAAGC-1,0.085434936,0.14014739,0.40799797,0.36641976,1.2192119
ATTCAGGGTACTAAGA-1,0.017571386,0.06967268,0.29637557,0.61638033,0.9153103
ATTCAGGTCCCATGGG-1,0.3345999,0.3203906,0.14745541,0.19755411,1.3336453
ATTCAGGTCTTAGCAG-1,0.47721058,0.37429565,0.09753327,0.050960526,1.0995721
ATTCATCCAAACACCT-1,0.13367826,0.38589734,0.3396911,0.1407333,1.2791817
ATTCATCCACGTATAC-1,0.26799485,0.10399402,0.27785966,0.35015145,1.3115578
ATTCATCCAGAGTGAC-1,0.35885888,0.32976803,0.119420126,0.19195305,1.3042014
ATTCATCCAGCCGGTT-1,0.029838545,0.36327267,0.500829,0.10605981,1.0569326
ATTCATCGTATGCGTT-1,0.19404948,0.5240927,0.23752837,0.04432951,1.136356
ATTCATCGTTGCTCAA-1,0.10677503,0.36819786,0.37109384,0.15393321,1.2626493
ATTCATCTCAAGCGTT-1,0.8640495,0.017576601,0.0742884,0.044085477,0.5280431
ATTCATCTCATTGCGA-1,0.0168791,0.30622718,0.60826,0.06863372,0.91755885
ATTCATCTCTCACTCG-1,0.0008006265,0.0033472942,0.0022525773,0.99359953,0.04489774
ATTCCATAGGACGGAG-1,0.018624658,0.03230794,0.06952689,0.8795405,0.48333776
ATTCCATCACTTCAGA-1,0.086508915,0.40874106,0.21510042,0.28964964,1.2668552
ATTCCATGTAACATCC-1,0.28756836,0.34681147,0.21485367,0.15076649,1.3413144
ATTCCATGTTAAGAAC-1,0.82442963,0.15066242,0.01985308,0.0050547896,0.54886687
ATTCCATTCCAAGAGG-1,0.06589765,0.2100184,0.245548,0.478536,1.2044715
ATTCCATTCGCAGAGA-1,0.21129106,0.2660047,0.43941182,0.08329246,1.2490616
ATTCCATTCTTCCACG-1,0.4055946,0.25462714,0.20829071,0.1314875,1.3078659
ATTCCCGCATACACCA-1,0.2793013,0.043150976,0.36864203,0.30890572,1.2226206
ATTCCCGGTCTGTGAT-1,0.18967757,0.46953878,0.15687399,0.18390971,1.2722949
ATTCCCGTCCGCCTAT-1,0.09871115,0.2849515,0.28290775,0.33342955,1.3097324
ATTCCTAAGAAATGGG-1,0.07388912,0.09330197,0.11080192,0.722007,0.8927373
ATTCCTACACATCATG-1,0.8684869,0.035843164,0.05138689,0.044282988,0.532339
ATTCCTAGTTATCTGG-1,0.25623536,0.098183945,0.30717665,0.33840406,1.3060179
ATTCCTATCCTTATGT-1,0.19709523,0.3104855,0.18333018,0.3090891,1.3571684
ATTCGTTCAAGCACAG-1,0.3619337,0.3001837,0.16465572,0.17322683,1.3297758
ATTCGTTCATCATTTC-1,0.14508559,0.39357966,0.19360945,0.26772532,1.3177762
ATTCGTTGTGACTGTT-1,0.7474682,0.028845785,0.18613274,0.0375534,0.7560359
ATTCGTTTCCTAAGTG-1,0.6958339,0.115738526,0.17910674,0.00932077,0.8535236
ATTCTACAGAGAGCAA-1,0.26299554,0.3223969,0.1810202,0.23358735,1.3652785
ATTCTACAGTCCCGAC-1,0.6812843,0.26334837,0.046807673,0.008559644,0.79690135
ATTCTACCACGTAGAG-1,0.35680777,0.2920874,0.2554351,0.09566967,1.3003211
ATTCTACCACTAGGTT-1,0.118148,0.24471822,0.21503425,0.4220995,1.291385
ATTCTACGTCGGTAAG-1,0.2555191,0.07247039,0.33272165,0.33928883,1.2717309
ATTCTACGTGACGCCT-1,0.28092426,0.4714252,0.16735357,0.08029694,1.2128704
ATTCTACGTGATTCTG-1,0.23382924,0.4983258,0.24207217,0.025772758,1.1245488
ATTCTACTCCATCTCG-1,0.28079447,0.31482947,0.3164266,0.087949455,1.2984073
ATTCTTGCAGCTAACT-1,0.25151402,0.29865393,0.24614123,0.2036908,1.3772242
ATTCTTGGTGATACAA-1,0.14262733,0.5474367,0.25762036,0.05231558,1.1113622
ATTCTTGGTTGCCAAT-1,0.084185824,0.44643718,0.25968656,0.2096904,1.2460617
ATTCTTGTCAAACCTG-1,0.54530126,0.30562982,0.08078961,0.06827926,1.0794984
ATTGGGTAGGCATCGA-1,0.35855392,0.4579114,0.13792463,0.045610048,1.1394876
ATTGGGTAGTATTAGG-1,0.15381517,0.12794772,0.07708875,0.6411483,1.0335699
ATTGGGTCAACGGTAG-1,0.017155867,0.00065541914,0.034207024,0.94798166,0.24065116
ATTGGGTCACATGGTT-1,0.09591766,0.37408885,0.44385147,0.08614205,1.1644083
ATTGGGTCAGAGGAAA-1,0.06880013,0.20332201,0.19348854,0.5343894,1.1607084
ATTGGGTGTCAAAGCG-1,0.048987996,0.0784385,0.72593534,0.14663814,0.8614442
ATTGGGTTCACGATCA-1,0.07586405,0.3548386,0.48203477,0.0872626,1.1278633
ATTGGGTTCCATCCGT-1,0.060661387,0.5124662,0.38485765,0.042014807,1.0132638
ATTGGGTTCGTAGTGT-1,0.034207713,0.3023423,0.5130163,0.15043373,1.1044899
ATTGGGTTCTTCACGC-1,0.32108396,0.30287793,0.18964744,0.18639067,1.3549587
ATTGTTCAGAGCATAT-1,0.96295357,0.0091277305,0.0023990183,0.025519688,0.18730596
ATTGTTCAGGACATCG-1,0.46025985,0.12471203,0.4088571,0.0061709983,1.013839
ATTGTTCCAACCTATG-1,0.51347864,0.33160302,0.13155201,0.023366276,1.0628949
ATTGTTCCAATAACCC-1,0.23898417,0.2854103,0.24121219,0.23439336,1.382997
ATTGTTCCAGAAACCG-1,0.1527004,0.3386053,0.22647674,0.2822175,1.3470194
ATTGTTCGTAGGTACG-1,0.046885468,0.019384522,0.8331143,0.1006157,0.60308266
ATTGTTCTCGGCATAT-1,0.38697118,0.2035813,0.23978262,0.16966486,1.3348193
ATTTACCAGACGCCCT-1,0.28615317,0.061812542,0.2571449,0.39488935,1.2462511
ATTTACCCAATGAGCG-1,0.229529,0.40161666,0.19986114,0.16899319,1.3264369
ATTTACCCACTTGGCG-1,0.005600479,0.29280636,0.5915692,0.110024005,0.94206476
ATTTACCGTCGGAAAC-1,0.3093872,0.39839587,0.16663519,0.12558176,1.288767
ATTTACCGTGTACAGG-1,0.26023299,0.19005114,0.08096324,0.46875265,1.2245793
ATTTACCTCACCGGGT-1,0.61139196,0.2811382,0.06804997,0.039419826,0.96790266
ATTTACCTCCGGCAAC-1,0.54926693,0.15211514,0.01683528,0.28178263,1.0412266
ATTTACCTCCTTATAC-1,0.95865184,0.01918836,0.014634614,0.0075251968,0.21495794
ATTTCACAGCCTAGGA-1,0.13380772,0.34166577,0.25097325,0.27355325,1.3376002
ATTTCACAGGATTCCT-1,0.18258859,0.16819197,0.053387403,0.59583205,1.0752773
ATTTCACAGTTCCGGC-1,0.25083384,0.25876778,0.12829544,0.36210293,1.327981
ATTTCACCAGCTTTGA-1,0.19872545,0.4593549,0.09326789,0.24865182,1.2457602
ATTTCACGTACAGTTC-1,0.2018633,0.19255535,0.553456,0.052125357,1.121618
ATTTCACGTTGACTGT-1,0.2465947,0.4567081,0.18679728,0.10989986,1.2592369
ATTTCACTCAGCGCAC-1,0.4576499,0.3937996,0.13047384,0.018076701,1.0629743
ATTTCACTCAGGTGTT-1,0.14701872,0.2827941,0.4657111,0.10447613,1.2309248
ATTTCACTCGTAACTG-1,0.0851652,0.3679595,0.4223021,0.12457322,1.2011629
ATTTCTGCAAGTTGGG-1,0.24253689,0.4110833,0.27089024,0.07548956,1.2578554
ATTTCTGCACAGTGAG-1,0.091327295,0.33667228,0.25027987,0.32172054,1.2966268
ATTTCTGCACGCGCAT-1,0.07923355,0.19966806,0.13083436,0.590264,1.0998428
ATTTCTGCATAAGATG-1,0.345966,0.28271648,0.32387826,0.04743927,1.2341177
ATTTCTGCATAGGCGA-1,0.72080505,0.13878952,0.12454104,0.015864374,0.8352338
ATTTCTGTCGATTTCT-1,0.98654246,0.0007357397,0.011763224,0.0009586316,0.07759866
ATTTCTGTCTGGTGGC-1,0.17425476,0.5479242,0.20076166,0.07705938,1.1539729
CAAAGAACAACCGTGC-1,0.096391186,0.43007514,0.38989025,0.08364349,1.1631564
CAAAGAACAAGCCCAC-1,0.11113696,0.33769426,0.42180458,0.1293642,1.2394458
CAAAGAACACACCGAC-1,0.10573104,0.18597993,0.5222823,0.18600672,1.2025075
CAAAGAACAGTCTACA-1,0.6452506,0.2699664,0.053542435,0.031240474,0.901219
CAAAGAACATGTAACC-1,0.2586597,0.04994473,0.29585516,0.39554048,1.226629
CAAAGAAGTGACTAAA-1,0.008798911,0.030827662,0.037282243,0.92309123,0.34540898
CAAAGAAGTTGTTGCA-1,0.32918617,0.14212799,0.37183186,0.15685397,1.3014858
CAAAGAATCAAAGCCT-1,0.032391787,0.06279539,0.13477668,0.7700361,0.7562437
CAAAGAATCGGTCATA-1,0.13671897,0.36322245,0.2209387,0.27911985,1.3296746
CAACAACCACTCCTTG-1,0.752636,0.19097014,0.041143343,0.015250491,0.72512746
CAACAACCATGGAAGC-1,0.83927584,0.07039962,0.048774093,0.041550413,0.613355
CAACAACGTTCCACAA-1,0.088249564,0.4103281,0.45513046,0.046291854,1.0802636
CAACAACTCTACGCGG-1,0.2665649,0.4333342,0.17072901,0.12937188,1.281177
CAACAGTAGAGAGTTT-1,0.44273406,0.19490829,0.044134058,0.3182235,1.1815404
CAACAGTAGGGATGTC-1,0.9399287,0.043974362,0.0018724321,0.014224485,0.26786575
CAACAGTTCACGAACT-1,0.112914495,0.4740866,0.30420426,0.10879464,1.2034808
CAACCAAAGAGTCGAC-1,0.08008023,0.43505844,0.44437405,0.040487368,1.0545291
CAACCAAAGATCGACG-1,0.0487045,0.16725104,0.59592605,0.18811844,1.0690331
CAACCAAAGCCGAATG-1,0.7801531,0.111023374,0.10018482,0.008638679,0.7092616
CAACCAAAGTTCATGC-1,0.25748065,0.3413635,0.24473824,0.15641756,1.3509278
CAACCAACAATGAACA-1,0.067149505,0.43076858,0.3499003,0.1521816,1.1980883
CAACCAACATGACGAG-1,0.13052747,0.19108978,0.327898,0.3504848,1.3151174
CAACCAAGTGCAACAG-1,0.01820858,0.05729463,0.031820428,0.89267635,0.44783002
CAACCAATCGTTATCT-1,0.40223116,0.40194908,0.15246756,0.043352157,1.1554897
CAACCTCAGGGAGGGT-1,0.12650289,0.44710523,0.39738443,0.029007554,1.090865
CAACCTCCATACACCA-1,0.008423308,0.004102692,0.021828428,0.9656455,0.18002613
CAACCTCGTCGTGGAA-1,0.50490016,0.14268973,0.0147529375,0.3376572,1.0516803
CAACCTCGTTGCATTG-1,0.78258824,0.16890626,0.035542306,0.012963195,0.66717446
CAACCTCTCGGTGTAT-1,0.19229975,0.33328766,0.21363302,0.26077965,1.3634943
CAACCTCTCGTTGTGA-1,0.1521023,0.34065214,0.21612774,0.29111776,1.3436157
CAACCTCTCTACGCAA-1,0.15224226,0.36487362,0.32156453,0.1613196,1.3135695
CAACGATCAATGGCAG-1,0.2779992,0.036918312,0.22630288,0.45877966,1.1714058
CAACGATGTATCCTCC-1,0.29285613,0.3805761,0.21386506,0.1127027,1.3032095
CAACGATGTTTATGCG-1,0.2813625,0.3085106,0.17211738,0.23800948,1.3641107
CAACGGCCAACGTTAC-1,0.097528875,0.4157651,0.26744395,0.21926208,1.2773434
CAACGGCCATTCGGGC-1,0.12715682,0.3013536,0.19557215,0.37591743,1.3106368
CAACGGCGTCGTCGGT-1,0.18081784,0.4958948,0.27250034,0.050786987,1.1626958
CAACGGCGTGCAGGAT-1,0.097446606,0.34552833,0.2969105,0.26011455,1.3049104
CAACGGCGTTTCCCAC-1,0.408085,0.28070444,0.21023792,0.10097262,1.2817702
CAACGGCTCAAATGAG-1,0.08275921,0.3990078,0.36728513,0.15094787,1.2261136
CAACGGCTCCCTGGTT-1,0.9913231,0.0018711546,0.00019123254,0.0066144443,0.055224095
CAACGGCTCGCCTAGG-1,0.08713934,0.3649626,0.4097194,0.13817868,1.2195792
CAAGACTCACAAATCC-1,0.3682389,0.3466659,0.19648977,0.08860539,1.269593
CAAGACTCATAGAGGC-1,0.09624646,0.38421208,0.2609911,0.2585504,1.2931333
CAAGACTGTATTTCTC-1,0.37055624,0.0802593,0.30378476,0.24539974,1.2770172
CAAGACTGTGGTATGG-1,0.25809246,0.3845543,0.18392737,0.17342581,1.3323486
CAAGAGGAGCACTCCG-1,0.2987562,0.08894735,0.28657246,0.32572398,1.2996765
CAAGAGGAGTTCGCAT-1,0.16542555,0.38048953,0.3112984,0.14278656,1.3065116
CAAGAGGCACTGTCGG-1,0.44080058,0.12114353,0.051951483,0.3861044,1.1378736
CAAGAGGGTCGACGCT-1,0.032268077,0.24714129,0.45743582,0.2631549,1.1653352
CAAGAGGGTGGGACAT-1,0.25493065,0.13596192,0.26315272,0.34595475,1.3382528
CAAGAGGTCAGGTAAA-1,0.25851244,0.061547738,0.3230367,0.35690314,1.2540523
CAAGAGGTCAGTGTTG-1,0.12065688,0.010932839,0.711449,0.15696125,0.83740604
CAAGCTACAATTTCGG-1,0.06662421,0.632153,0.25000963,0.051213216,0.96915513
CAAGCTACACGAGGTA-1,0.43745053,0.3417062,0.18439491,0.036448438,1.1610699
CAAGCTACAGCGCTTG-1,0.2202022,0.2891304,0.1616242,0.32904327,1.3522978
CAAGCTACAGTGGGTA-1,0.8660614,0.029882124,0.098605886,0.0054505626,0.4862815
CAAGCTAGTAAGTAGT-1,0.10590512,0.16729802,0.11674526,0.61005163,1.0891402
CAAGCTATCATCTGTT-1,0.32617304,0.220429,0.09251325,0.3608847,1.2867802
CAAGCTATCGGCAGTC-1,0.09622251,0.33830503,0.43233657,0.13313586,1.2229125
CAAGGGAAGACAGCTG-1,0.02794448,0.033776768,0.73526716,0.20301157,0.7642182
CAAGGGAAGCGAGAAA-1,0.026619015,0.35029766,0.52750856,0.095574826,1.0257607
CAAGGGAAGGTTGCCC-1,0.05281954,0.42922777,0.4049057,0.11304697,1.1308752
CAAGGGAAGTCACACT-1,0.0004873889,0.00066076696,0.0007736156,0.9980782,0.016017698
CAAGGGAGTCGATTAC-1,0.039006036,0.3033002,0.5270304,0.1306634,1.0918624
CAAGGGAGTGCGTGCT-1,0.20724812,0.28893408,0.4174125,0.08640534,1.2611694
CAAGGGAGTGGGAGAG-1,0.10878104,0.19307324,0.48740026,0.21074545,1.237299
CAAGGGATCACAGAGG-1,0.08986824,0.3715732,0.42369673,0.11486184,1.1967986
CAATACGAGATAACAC-1,0.7038683,0.18980555,0.06303276,0.043293327,0.872743
CAATACGGTGTCGATT-1,0.9799319,0.0011259279,0.00017469173,0.018767564,0.10363391
CAATACGTCAGTCAGT-1,0.27309075,0.305903,0.25151223,0.16949408,1.3647912
CAATACGTCCTACACC-1,0.22946687,0.45553428,0.20697084,0.10802798,1.2623714
CAATCGACAACCGTAT-1,0.7584077,0.10557233,0.010308281,0.12571165,0.7549448
CAATCGACATGAGGGT-1,0.50552964,0.3501829,0.08426842,0.060019057,1.0895911
CAATCGAGTGTTCATG-1,0.04904235,0.3277974,0.48105565,0.14210464,1.1427747
CAATCGATCAATGTCG-1,0.8753523,0.027646396,0.08300639,0.013994895,0.48207158
CAATCGATCACCTGTC-1,0.33775666,0.47849172,0.1501013,0.03365023,1.1181067
CAATCGATCGAGTCTA-1,0.13746987,0.22153024,0.36481097,0.27618894,1.3299086
CAATGACAGTGCAACG-1,0.10203232,0.29249945,0.3516697,0.25379857,1.3079818
CAATGACCAAGCACCC-1,0.05505373,0.02638453,0.0019108697,0.9166509,0.3472697
CAATGACGTCGTTGCG-1,0.030231118,0.255715,0.47996986,0.23408394,1.1467124
CAATGACTCAACGAGG-1,0.076249875,0.07350136,0.56911105,0.2811377,1.065654
CAATGACTCCTTCACG-1,0.22668076,0.355127,0.29399434,0.12419792,1.3230665
CAATTTCAGGGAGTGG-1,0.20934857,0.36281264,0.3993899,0.028448887,1.1630491
CAATTTCAGTGCGTCC-1,0.031247657,0.13327095,0.07412847,0.76135296,0.77735704
CAATTTCCAAGTATCC-1,0.04806794,0.33838034,0.49498284,0.11856878,1.1134644
CAATTTCCACAGCTTA-1,0.18083721,0.013948369,0.6703685,0.13484587,0.9071323
CAATTTCGTAGCACGA-1,0.46497262,0.13021879,0.011051198,0.3937574,1.0382993
CAATTTCTCTTACGTT-1,0.25699985,0.35652244,0.30476496,0.08171266,1.2836621
CACAACAAGGTATCTC-1,0.2667839,0.28650123,0.38945228,0.057262592,1.241672
CACAACAAGTTCACTG-1,0.321962,0.051566526,0.2987645,0.327707,1.2443141
CACAACACAGTAGAGC-1,0.11728742,0.28221083,0.2656931,0.33480868,1.3268867
CACAACACATTAGGCT-1,0.24597189,0.1168675,0.31443176,0.32272884,1.3246478
CACAACAGTCGGTACC-1,0.8582344,0.032126684,0.0023715089,0.107267305,0.49545965
CACAACATCCTCTAAT-1,0.00054309965,0.00022937715,0.0037288533,0.9954986,0.03134701
CACAACATCTCCTGAC-1,0.097018,0.36864594,0.37449795,0.15983817,1.2551063
CACAACATCTCGTCGT-1,0.23030101,0.34710103,0.21290751,0.2096905,1.3623562
CACAACATCTCTGCCA-1,0.41667998,0.32568014,0.18451968,0.0731201,1.2332327
CACACAAAGAGGGTAA-1,0.30787954,0.42074564,0.1456098,0.12576501,1.2682655
CACACAAAGGTCCTGC-1,0.30968612,0.13577083,0.36103395,0.19350913,1.3197589
CACACAAAGTTGGACG-1,0.21866067,0.2954394,0.24786007,0.23803987,1.3800426
CACACAACAACTGCCG-1,0.4322284,0.3549084,0.11114667,0.1017166,1.2068602
CACACAACACACGTGC-1,0.044036392,0.32622722,0.5360479,0.093688555,1.059018
CACACAACACCAGGTC-1,0.27713633,0.13315633,0.2766454,0.31306195,1.3431784
CACACAACACCGGTCA-1,0.0018232195,0.005444703,0.0030314298,0.9897007,0.06770769
CACACAATCAAGCCTA-1,0.014332335,0.016011147,0.06803214,0.9016244,0.40326658
CACACAATCATCCTAT-1,0.45863447,0.07535005,0.39478248,0.07123297,1.1074344
CACACAATCTCCCTAG-1,0.007072303,0.16190876,0.8054003,0.025618637,0.59798914
CACAGATAGCGGTATG-1,0.44564113,0.3954031,0.11499297,0.04396282,1.1131345
CACAGATGTAACACCT-1,0.22456667,0.2986379,0.24283312,0.23396228,1.3798738
CACAGGCAGAGTCACG-1,0.13286655,0.53116286,0.26812756,0.06784302,1.1397086
CACAGGCAGCCTTTGA-1,0.2610007,0.3556627,0.28440785,0.098928705,1.3047152
CACAGGCAGCTATCTG-1,0.19256955,0.35494035,0.24500774,0.20748241,1.355773
CACAGGCAGTGCCCGT-1,0.658756,0.101161025,0.20343345,0.036649544,0.9518573
CACAGGCCAAAGGAGA-1,0.9601274,0.0045231436,0.03186575,0.0034837436,0.19301866
CACAGGCCATGGATCT-1,0.10590797,0.2438208,0.5208004,0.12947084,1.1863339
CACAGGCGTACCATAC-1,0.41402003,0.07452715,0.37664357,0.1348092,1.1965358
CACAGGCGTACGATGG-1,0.5863435,0.21287835,0.18670164,0.014076441,1.0156915
CACAGGCGTGTCGATT-1,0.016692134,0.05734175,0.32614827,0.5998178,0.9042443
CACAGGCTCGAAACAA-1,0.081033796,0.35299233,0.27066842,0.29530543,1.2851262
CACAGGCTCGCCGAGT-1,0.13073604,0.0710619,0.6478188,0.15038326,1.0200527
CACATGAAGAGAGGGC-1,0.9441333,0.02869363,0.003210928,0.02396221,0.2640139
CACATGACAACTAGAA-1,0.8606829,0.010861048,0.015459733,0.11299621,0.48908395
CACATGACAATAACGA-1,0.08790041,0.1644039,0.5280587,0.21963696,1.1806659
CACATGACAGTAGGAC-1,0.3383188,0.104586616,0.26115763,0.29593703,1.3137617
CACATGAGTAATCAAG-1,0.12541962,0.011729326,0.2807416,0.58210945,0.98413646
CACATGAGTCTAGTGT-1,0.2877576,0.0329881,0.4636188,0.21563551,1.158185
CACATGATCTCCCTAG-1,0.3303016,0.17098622,0.20415515,0.29455695,1.3522915
CACCAAATCTGGGTCG-1,0.26679456,0.42259845,0.1732713,0.13733578,1.2928902
CACCGTTAGGGCATGT-1,0.17207082,0.3659175,0.22322647,0.23878519,1.3474222
CACCGTTAGTACAACA-1,0.4956672,0.35759,0.07997287,0.066769965,1.0983484
CACCGTTAGTGATTCC-1,0.5522105,0.23723903,0.1504592,0.060091216,1.1231788
CACCGTTAGTGTACAA-1,0.5006719,0.33820334,0.077133,0.083991766,1.1186986
CACCGTTCAATGCTCA-1,0.45824355,0.37859237,0.13795528,0.025208725,1.0913651
CACCGTTCACTCCGGA-1,0.001147519,0.0052962177,0.07089844,0.9226578,0.29742938
CACCGTTGTACAGTAA-1,0.10908028,0.32111365,0.44184718,0.12795894,1.2304447
CACCGTTTCCACCTCA-1,0.13509499,0.31999043,0.40780088,0.13711362,1.2732728
CACCGTTTCTCGTGAA-1,0.27102265,0.3687142,0.23636353,0.123899594,1.3213775
CACCGTTTCTTCCTAA-1,0.2867077,0.0891712,0.27513292,0.34898818,1.2961712
CACGAATCAACTGCCG-1,0.31273273,0.30679122,0.34735063,0.0331254,1.2061923
CACGAATCAGAGTTGG-1,0.103164546,0.3691609,0.29698732,0.2306873,1.3011177
CACGAATCATAGATCC-1,0.015900945,0.05315184,0.047997646,0.8829496,0.47749704
CACGAATGTCGAGCTC-1,0.05423727,0.44524804,0.47264796,0.027866716,0.9723054
CACGAATTCTAGCAAC-1,0.090300925,0.29369482,0.45709488,0.15890943,1.2271218
CACGGGTAGACATATG-1,0.784957,0.11635794,0.010047597,0.08863735,0.7013638
CACGGGTAGCACTTTG-1,0.5797564,0.22347443,0.06854811,0.12822108,1.0980097
CACGGGTAGGCATTTC-1,0.08802438,0.32283354,0.4761273,0.113014795,1.178632
CACGGGTCAAGTTCCA-1,0.46771005,0.12694965,0.35979095,0.045549303,1.1259255
CACGGGTCATGTCGTA-1,0.38973096,0.36646244,0.1293941,0.114412494,1.2477566
CACGGGTCATTAAAGG-1,0.35301152,0.37299144,0.12066125,0.15333578,1.2781132
CACGGGTTCAATCAGC-1,0.16532756,0.4037532,0.32022262,0.110696666,1.2720345
CACGGGTTCAGAGCAG-1,0.026401863,0.30179092,0.52577645,0.14603077,1.0764695
CACGGGTTCGGCATAT-1,0.37669042,0.25959077,0.21751279,0.14620604,1.3308028
CACGTGGAGGGAGTGG-1,0.3468852,0.37697804,0.14868541,0.1274513,1.2809718
CACGTGGCAATCGAAA-1,0.26497847,0.101117775,0.22813438,0.40576935,1.2867615
CACGTGGCAGAGCGTA-1,0.021003127,0.17510316,0.59370077,0.21019296,1.0236208
CACGTGGGTGTCGCTG-1,0.6336108,0.258635,0.053097386,0.054656792,0.9536354
CACGTGGTCCGAGCTG-1,0.034692712,0.16688597,0.7452226,0.05319868,0.79062957
CACGTGGTCGCGCCAA-1,0.40856776,0.29033893,0.18844472,0.112648636,1.285243
CACGTGGTCTGGTTGA-1,0.21919368,0.300308,0.20752642,0.2729719,1.3747041
CACGTTCGTTAGCGGA-1,0.15340574,0.57837856,0.17708148,0.09113427,1.1291215
CACGTTCTCACCGGGT-1,0.38572282,0.37157783,0.13572359,0.106975764,1.2454801
CACGTTCTCTCCTGTG-1,0.23080827,0.20058896,0.43411005,0.13449277,1.292721
CACGTTCTCTGCGGAC-1,0.0022555753,0.008076678,0.0026917998,0.98697597,0.081533656
CACTAAGAGATGTTAG-1,0.3714473,0.29612327,0.22562483,0.106804594,1.3030624
CACTAAGCACAGCTTA-1,0.17846999,0.3006538,0.48441663,0.03645962,1.140736
CACTAAGCACTTGACA-1,0.27213544,0.18368307,0.49490014,0.04928139,1.1618907
CACTAAGCAGACACAG-1,0.08819344,0.3677671,0.5043672,0.039672267,1.0552738
CACTAAGCATAGGCGA-1,0.80072385,0.1377306,0.028041437,0.03350419,0.6650022
CACTAAGTCGGTAAGG-1,0.29599693,0.36872286,0.20105673,0.13422348,1.3203099
CACTGAAAGAACAAGG-1,0.35093144,0.36609444,0.20280209,0.08017207,1.2612543
CACTGAAAGCGTGTTT-1,0.078417405,0.3620626,0.5043332,0.05518674,1.0725641
CACTGAACAGATACTC-1,0.10386072,0.39781877,0.37967312,0.11864734,1.2225077
CACTGAACAGGATCTT-1,0.44591737,0.41033417,0.105276465,0.03847199,1.0879811
CACTGAAGTGCATGTT-1,0.15216586,0.034771066,0.6935627,0.11950041,0.9109454
CACTGAAGTGGCTACC-1,0.59464514,0.29048264,0.07014086,0.04473135,0.99355453
CACTGAATCGGTTCAA-1,0.4162523,0.3552812,0.13736522,0.09110133,1.2234355
CACTGAATCTATCACT-1,0.11079206,0.37240976,0.17554495,0.34125322,1.2839208
CACTGAATCTCGACGG-1,0.15458469,0.100493625,0.28710976,0.45781192,1.2354805
CACTGGGAGCACCCAC-1,0.87189627,0.06904329,0.019632319,0.039428074,0.5087262
CACTGGGAGCACGTCC-1,0.061585676,0.2258751,0.16244146,0.55009776,1.1317085
CACTGGGAGTCCCTAA-1,0.00042749892,0.0017060699,0.022648348,0.9752181,0.12444677
CACTGGGCAGGAGGAG-1,0.34593067,0.35338748,0.16278626,0.13789566,1.303517
CACTGGGGTAGGAGGG-1,0.13965484,0.3472856,0.3356937,0.1773659,1.3154039
CACTGGGGTCATTCCC-1,0.71363604,0.23071285,0.04437469,0.011276488,0.7679337
CACTGGGGTCGCTCGA-1,0.43813434,0.23699875,0.24328463,0.08158224,1.2511139
CACTGGGGTTACGTAC-1,0.411134,0.38282353,0.16053729,0.045505237,1.167278
CACTGGGTCAGTCACA-1,0.6795366,0.09975793,0.17863445,0.042070996,0.93345803
CACTGGGTCGTTCTAT-1,0.060330916,0.116983086,0.0843319,0.73835415,0.8529361
CACTGTCGTTGGGCCT-1,0.4221961,0.4059224,0.1442196,0.027661882,1.1085424
CACTGTCTCACATTGG-1,0.5920639,0.089377604,0.20419754,0.114360906,1.0985432
CACTGTCTCCATTGGA-1,0.41835472,0.38860905,0.14238235,0.05065387,1.1604958
CACTTCGCAGTCGAGA-1,0.5901488,0.101834506,0.2906182,0.017398514,0.97348213
CACTTCGCATGACTAC-1,0.007320445,0.03909518,0.058789045,0.89479536,0.42879432
CACTTCGGTGGGTTGA-1,0.46651056,0.25072753,0.18559775,0.09716415,1.2416588
CACTTCGGTTGGGTAG-1,0.0059779915,0.0012767074,0.029737903,0.9630074,0.17995107
CACTTCGGTTGGTGTT-1,0.17528744,0.40003547,0.19599156,0.22868559,1.3285549
CACTTCGTCCTCTTTC-1,0.2773262,0.0885694,0.31468922,0.31941515,1.2987483
CACTTCGTCTCGTCGT-1,0.06537057,0.32958964,0.48509562,0.119944155,1.1494157
CACTTCGTCTTTCCAA-1,0.35944918,0.28159025,0.22491378,0.13404678,1.329598
CAGAGCCAGAGGCGGA-1,0.20300148,0.4723017,0.19176528,0.13293159,1.262928
CAGAGCCAGTTGCCTA-1,0.20280004,0.56377906,0.1781896,0.055231318,1.1139951
CAGAGCCTCATCCTAT-1,0.09375873,0.10310219,0.10168505,0.70145404,0.93735635
CAGATACAGAGTCACG-1,0.26864666,0.26610905,0.2279842,0.23726003,1.383778
CAGATACAGGGAGTTC-1,0.6664778,0.043722343,0.28660887,0.0031910182,0.78376585
CAGATACAGGTAACTA-1,0.608429,0.2034272,0.028482778,0.15966102,1.0205455
CAGATACCAGATTCGT-1,0.043587774,0.1877125,0.1805572,0.5881425,1.0718122
CAGATACCAGTGTGCC-1,0.21145919,0.32828367,0.2344495,0.22580764,1.3703072
CAGATACCATACCATG-1,0.49298203,0.26864818,0.1832247,0.055145092,1.1725148
CAGATACTCTCCCATG-1,0.519402,0.1547859,0.26597494,0.059837095,1.1497881
CAGATCAAGTAACGAT-1,0.12158499,0.5619249,0.20317617,0.11331396,1.1506329
CAGATCACAGCGCGTT-1,0.29869455,0.24478388,0.2720394,0.18448213,1.3713819
CAGATCACAGGAGGTT-1,0.23857026,0.31818646,0.1877081,0.2555351,1.3689156
CAGATCAGTACATTGC-1,0.20072202,0.44947886,0.18666588,0.1631332,1.2908573
CAGATCAGTATGGGAC-1,0.2446177,0.39507824,0.18866375,0.17164025,1.3284762
CAGATCAGTGGATTTC-1,0.0021662835,0.0062635904,0.0018465341,0.98972356,0.06691116
CAGATTGAGTGGTTAA-1,0.12565799,0.35458535,0.47608754,0.043669153,1.1183381
CAGATTGTCCGGACTG-1,0.2579013,0.12827526,0.10113547,0.512688,1.1871771
CAGCAATAGTAGGCCA-1,0.062260464,0.41910815,0.24317467,0.2754567,1.2363254
CAGCAATCAAAGCGTG-1,0.9461318,0.0011787968,0.05257456,0.00011488409,0.2162413
CAGCAATCACGGATCC-1,0.21754612,0.33375806,0.20402662,0.24466929,1.3668369
CAGCAATCAGCGTGCT-1,0.031439822,0.34877986,0.5334,0.086380295,1.0229247
CAGCAATGTGGACAGT-1,0.24086042,0.395216,0.21952584,0.1443977,1.3220619
CAGCAATTCACGATAC-1,0.6654709,0.089983776,0.044944286,0.19960107,0.9487883
CAGCACGAGGCTAGCA-1,0.275039,0.11369892,0.26352447,0.34773764,1.3209927
CAGCACGCACGAAGAC-1,0.1684276,0.3989405,0.2116501,0.22098175,1.3288805
CAGCACGCACTGCACG-1,0.33603227,0.09016967,0.20444152,0.36935654,1.2758352
CAGCACGCATGGGATG-1,0.2367812,0.4508929,0.24915616,0.06316974,1.2209756
CAGCACGGTCGCATCG-1,0.009886397,0.0059412615,0.0071675237,0.97700477,0.1342188
CAGCACGGTGCACGCT-1,0.5310173,0.34833828,0.08294568,0.037698727,1.0335443
CAGCACGGTGTGTACT-1,0.51447403,0.29927588,0.16417378,0.022076288,1.0837845
CAGCACGTCAGCTGTA-1,0.97547525,0.0044068648,0.013376964,0.0067410143,0.13954026
CAGCACGTCCTCGCAT-1,0.15603434,0.35724974,0.33561677,0.15109923,1.3095577
CAGCAGCAGACTCCGC-1,0.08094145,0.38961488,0.45393696,0.07550668,1.1243309
CAGCAGCAGATCACTC-1,0.22623934,0.38005343,0.36979315,0.023914082,1.161061
CAGCAGCAGCGAGTAC-1,0.29616997,0.37825292,0.2648642,0.060712915,1.250096
CAGCAGCAGCTGACTT-1,0.20081455,0.39445233,0.2866813,0.11805184,1.2997327
CAGCAGCCAAAGAACT-1,0.22535937,0.39955398,0.18849137,0.1865952,1.330147
CAGCAGCGTCCGGTCA-1,0.14682062,0.047414195,0.40539867,0.40036651,1.1587534
CAGCAGCGTTGCATTG-1,0.12968019,0.25515026,0.20174985,0.4134197,1.3015227
CAGCAGCTCTGAGATC-1,0.5357586,0.29271334,0.13191417,0.039613906,1.0890703
CAGCCAGAGACGACTG-1,0.13415027,0.33288214,0.19451246,0.3384552,1.3207769
CAGCCAGAGGGCAATC-1,0.11466021,0.24605936,0.554926,0.08435446,1.1287421
CAGCCAGCAGCTTTGA-1,0.44560245,0.27065775,0.24514472,0.03859506,1.184179
CAGCCAGGTCTGTGAT-1,0.9907403,0.001557737,0.0014363915,0.0062656286,0.060472302
CAGCCAGGTGCAGTGA-1,0.3382417,0.38966948,0.15671958,0.11536929,1.2735001
CAGCCAGGTGGGTATG-1,0.112447165,0.015637841,0.43558788,0.43632713,1.0346234
CAGCCAGTCTAGAGCT-1,0.6483913,0.20210335,0.13703068,0.012474709,0.9311262
CAGCGTGAGAAGGGAT-1,0.0839004,0.43008375,0.3429859,0.14302993,1.2159777
CAGCGTGAGTTGTCGT-1,0.347023,0.2841046,0.13690531,0.23196708,1.3359702
CAGCGTGCAGAACTAA-1,0.035569508,0.1760997,0.30022684,0.488104,1.1358218
CAGCGTGGTCGACTGC-1,0.10820557,0.26059556,0.18648717,0.44471171,1.2646123
CAGCGTGGTGTTACAC-1,0.08945444,0.37773904,0.4592166,0.07358987,1.1330857
CAGCGTGGTTGAGTCT-1,0.0028760459,0.00047644327,0.0060893213,0.99055815,0.060933154
CAGCGTGTCACCCATC-1,0.26265526,0.39751005,0.21729141,0.1225433,1.3068169
CAGCGTGTCTAGTCAG-1,0.3312213,0.16586441,0.26386786,0.23904648,1.3576303
CAGGCCACAAGAGTAT-1,0.013916982,0.040016398,0.3925324,0.5535342,0.8827305
CAGGCCACACTTTATC-1,0.03698845,0.28253812,0.20908129,0.47139215,1.1608046
CAGGCCACAGCAGAAC-1,0.008218154,0.0018602819,0.02865546,0.9612661,0.19092421
CAGGCCAGTCGTCATA-1,0.14988816,0.324879,0.45244393,0.07278886,1.19928
CAGGCCAGTGATATAG-1,0.06636138,0.01922621,0.3876649,0.52674747,0.9610063
CAGGCCAGTGCAATGG-1,0.0022884477,0.000706631,0.0077112573,0.9892937,0.06720473
CAGGGCTCAACCGTAT-1,0.34021652,0.39409664,0.17650673,0.08918012,1.2554685
CAGGGCTCAGCACACC-1,0.47950894,0.15296097,0.26983336,0.097696714,1.2203308
CAGGGCTGTACCCGAC-1,0.38086438,0.22212303,0.11150159,0.28551108,1.304326
CAGGGCTGTGCGTTTA-1,0.11731692,0.45839447,0.39878127,0.025507338,1.0691525
CAGGGCTTCGGTCACG-1,0.3253984,0.28351516,0.2191501,0.17193636,1.3580803
CAGGTATAGTCCCTAA-1,0.15198131,0.41368866,0.23094499,0.203385,1.3138607
CAGGTATCAGGATCTT-1,0.18655561,0.32755643,0.4803346,0.0055533187,1.0598723
CAGGTATCATACAGAA-1,0.41914022,0.28742477,0.1931175,0.100317545,1.2710677
CAGGTATGTTAATGAG-1,0.46713257,0.040045876,0.45685923,0.035962395,0.9618906
CAGGTATTCAACTACG-1,0.4098745,0.32528707,0.1367266,0.12811182,1.2661872
CAGGTATTCGAGCCAC-1,0.23153362,0.25139302,0.26731446,0.24975888,1.3850048
CAGGTATTCTAACACG-1,0.2763085,0.46419182,0.21227182,0.04722778,1.184819
CAGTGCGAGTTAGTGA-1,0.711666,0.14967844,0.12872471,0.009930864,0.836048
CAGTGCGCAACCGTAT-1,0.25143287,0.35285753,0.21028762,0.18542194,1.355047
CAGTGCGCACAATTCG-1,0.18266256,0.27078578,0.38548833,0.16106337,1.3258686
CAGTGCGGTCATCCCT-1,0.06346936,0.47592682,0.23522688,0.22537702,1.204598
CAGTGCGTCTCTTGCG-1,0.49321747,0.100210264,0.011549111,0.39502317,0.9975648
CAGTTAGAGACCTGGA-1,0.033836853,0.3698248,0.4850568,0.111281574,1.0777262
CAGTTAGAGTATGAAC-1,0.030016847,0.35269898,0.5579926,0.059291616,0.9658549
CAGTTAGCAACTGTGT-1,0.6119227,0.23473771,0.11268308,0.04065654,1.0169611
CAGTTAGGTCGAAACG-1,0.46808562,0.15046728,0.2034724,0.17797467,1.2714906
CAGTTAGGTGGCATCC-1,0.47988155,0.3786046,0.099563695,0.041950163,1.082786
CAGTTAGGTTGGATCT-1,0.23998086,0.39844054,0.3072065,0.05437207,1.2300457
CAGTTCCAGCCGTTGC-1,0.3760052,0.46319446,0.11654034,0.044259943,1.1127625
CAGTTCCAGGATTCCT-1,0.28515607,0.110001914,0.3067097,0.29813236,1.3238842
CAGTTCCCAACAGCCC-1,0.1671082,0.33454752,0.15489733,0.343447,1.3212292
CAGTTCCCACCCTAGG-1,0.09588976,0.32378313,0.4551967,0.1251304,1.2082655
CAGTTCCCAGAGGACT-1,0.33368728,0.36809292,0.12640946,0.17181045,1.2981825
CAGTTCCGTACTAAGA-1,0.27795768,0.01933391,0.6321087,0.07059979,0.90924025
CAGTTCCGTGTCGCTG-1,0.32419077,0.34836826,0.13106024,0.19638076,1.3185048
CAGTTCCGTTTAGACC-1,0.4287892,0.32212117,0.18047139,0.06861824,1.2208438
CAGTTCCTCATTCCTA-1,0.13020024,0.0011515158,0.031081544,0.8375667,0.52957964
CATAAGCAGCATCAGG-1,0.36573362,0.34544325,0.17561388,0.11320927,1.2871572
CATAAGCAGCTAGATA-1,0.7005511,0.18686268,0.078503646,0.034082565,0.8776828
CATAAGCCAAGACCGA-1,0.24339183,0.22535527,0.21656477,0.3146882,1.3748785
CATAAGCCAGCCATTA-1,0.022154542,0.24876668,0.4812949,0.24778393,1.1281632
CATAAGCCAGGACAGT-1,0.14678633,0.3498081,0.1843415,0.31906405,1.3252805
CATAAGCCATACCATG-1,0.30759478,0.13790308,0.23787613,0.31662598,1.3415818
CATAAGCGTAGCGTCC-1,0.18787311,0.24980855,0.23957394,0.3227444,1.3679367
CATAAGCGTCTACGAT-1,0.29480994,0.29871136,0.22670221,0.17977645,1.3659711
CATAAGCTCCTTCTAA-1,0.30132747,0.29149935,0.3544693,0.052703958,1.2435392
CATAAGCTCTGCTGAA-1,0.45481053,0.29350147,0.16970468,0.08198331,1.2241933
CATACAGAGACGAAGA-1,0.60316986,0.021007266,0.33662367,0.039199136,0.8795674
CATACAGAGCCTAGGA-1,0.30747005,0.07152228,0.3148133,0.30619437,1.2775263
CATACAGCATCACGGC-1,0.62013716,0.2611354,0.10129559,0.01743186,0.9494686
CATACAGGTACGACTT-1,0.23367666,0.15443268,0.26867718,0.34321353,1.3483438
CATACAGGTCGAAACG-1,0.94131696,0.003110204,8.5058484e-05,0.055487763,0.2361271
CATACAGGTGGTATGG-1,0.16775683,0.41275182,0.26147553,0.15801583,1.3070297
CATACAGTCATCACTT-1,0.18428127,0.49423888,0.1408528,0.18062693,1.2451694
CATACAGTCTCGCCTA-1,0.1631515,0.3212548,0.27695057,0.23864312,1.3581034
CATACCCGTTCTTGCC-1,0.09697973,0.19904679,0.47432777,0.22964574,1.239222
CATACCCGTTGGTAGG-1,0.05555011,0.19353074,0.3199268,0.43099234,1.205765
CATACCCTCAGACTGT-1,0.45997766,0.2964734,0.15496713,0.08858179,1.2213099
CATACCCTCCGTGTGG-1,0.08629124,0.3273017,0.5296284,0.056778632,1.0764663
CATACTTAGCAGGCTA-1,0.32849446,0.35992268,0.15570234,0.15588056,1.3127909
CATACTTCAACGGCCT-1,0.19158524,0.014686376,0.001509416,0.792219,0.57289535
CATACTTCATGACGTT-1,0.0714742,0.41547275,0.47246024,0.040592827,1.037822
CATACTTTCAACTGAC-1,0.08167895,0.129356,0.3433495,0.44561556,1.1963928
CATACTTTCCTCTGCA-1,0.19402865,0.18193161,0.06291415,0.5611256,1.1264364
CATAGACAGTCGAAGC-1,0.40341747,0.19056721,0.21225026,0.19376501,1.3291037
CATAGACCAAACGAGC-1,0.33928296,0.40905753,0.1382445,0.11341507,1.2528137
CATAGACCACCCTAGG-1,0.82778305,0.06372415,0.08553369,0.022959162,0.62886214
CATAGACGTCGTTTCC-1,0.26808372,0.094284676,0.31624618,0.32138544,1.3044503
CATAGACGTGCGAACA-1,0.17768976,0.11982832,0.017944375,0.68453753,0.8928294
CATCAAGAGGTCACAG-1,0.25860548,0.08375685,0.31424966,0.34338802,1.2882653
CATCAAGAGTCTCCTC-1,0.33652472,0.17335968,0.32603756,0.16407804,1.3322579
CATCAAGCAATTCGTG-1,0.34258527,0.11772974,0.29100898,0.248676,1.3241364
CATCAAGGTCTGTTAG-1,0.19393331,0.48520353,0.25794777,0.06291533,1.1925305
CATCAAGGTGAACTAA-1,0.5058596,0.21357715,0.021666318,0.2588969,1.1073318
CATCAAGGTGCAACGA-1,0.0020102658,0.0024270033,0.0009851652,0.9945775,0.039323643
CATCAAGGTTCCATTT-1,0.40425178,0.35794982,0.19569735,0.04210099,1.1864635
CATCAAGTCTGGTGCG-1,0.27013353,0.39401492,0.25051013,0.08534135,1.2773371
CATCCACAGTTCCGTA-1,0.0063999533,0.012368876,0.003418028,0.9778131,0.12800914
CATCCACGTAGCGTCC-1,0.24308805,0.3210145,0.19630337,0.2395941,1.3705006
CATCCACTCGCGCCAA-1,0.17098196,0.4704747,0.31890345,0.039640002,1.1491507
CATCCCAAGAGATCGC-1,0.27071187,0.3661623,0.16034843,0.20277743,1.3386785
CATCCCAAGGTTTGAA-1,0.26938063,0.18765461,0.47356698,0.06939781,1.2064222
CATCCCACAGACAAGC-1,0.2661464,0.33757845,0.1717872,0.22448799,1.3568691
CATCCCAGTCAGCGTC-1,0.21710922,0.20418029,0.22791252,0.350798,1.3605067
CATCCCATCAGCCTCT-1,0.29490232,0.30976805,0.2342918,0.16103779,1.3572106
CATCCCATCTCAACCC-1,0.26475057,0.24798207,0.115116,0.37215132,1.314345
CATCCGTAGCCGGAAT-1,0.23946312,0.38550088,0.23762392,0.13741207,1.3239548
CATCCGTAGGTGCATG-1,0.26653895,0.5036859,0.19485934,0.034915812,1.1336802
CATCCGTCACAAATGA-1,0.4563641,0.40139154,0.11589129,0.026353078,1.0699807
CATCCGTCACTGGATT-1,0.26852712,0.044784542,0.12277143,0.5639169,1.0726998
CATCCGTGTCAGCGTC-1,0.20654006,0.43544638,0.33338675,0.02462678,1.1452155
CATCCGTTCCACGTGG-1,0.4211039,0.276016,0.090171605,0.2127085,1.2657106
CATCGCTAGAGAAGGT-1,0.77217996,0.16631949,0.044567056,0.016933499,0.705689
CATCGCTAGGGATCTG-1,0.11501993,0.22556248,0.20991555,0.44950205,1.2717632
CATCGCTCAAGCAGGT-1,0.07418236,0.24590398,0.5856955,0.09421818,1.0738004
CATCGCTCAAGTGGAC-1,0.13888873,0.60535544,0.21063602,0.04511983,1.0459219
CATCGCTCAGACGCTC-1,0.19991496,0.37682799,0.20015466,0.22310239,1.3462704
CATCGCTTCATGGAGG-1,0.7678481,0.026693394,0.09637971,0.10907881,0.76671726
CATCGCTTCGCCACTT-1,0.0030171007,0.009051092,0.9404078,0.047524046,0.26265705
CATCGCTTCTCCACTG-1,0.03571132,0.23214464,0.3629866,0.36915746,1.1937472
CATCGGGAGCTACGTT-1,0.22352338,0.46964136,0.15050761,0.1563276,1.2649753
CATCGGGAGTCTGGAG-1,0.22077529,0.41172084,0.16338025,0.20412362,1.3192208
CATCGGGCATCCGATA-1,0.81799066,0.054750532,0.0057303035,0.12152851,0.60910046
CATCGGGCATGTGGTT-1,0.045430887,0.11679029,0.15058696,0.6871919,0.93413275
CATCGGGGTAGGACTG-1,0.0990091,0.06558959,0.48307723,0.35232404,1.1266737
CATCGGGGTCGCGTTG-1,0.32700932,0.22315001,0.33614454,0.11369613,1.3138958
CATCGGGGTTACGCCG-1,0.9457789,0.016957423,0.016130876,0.021132853,0.26994038
CATCGGGGTTCTCGTC-1,0.06990983,0.3673904,0.34013033,0.22256947,1.2550974
CATCGGGTCACCATAG-1,0.041815244,0.055982333,0.57655597,0.32564646,0.97697985
CATCGGGTCCATACAG-1,0.16911778,0.28709272,0.23158367,0.31220582,1.361027
CATCGGGTCGTGGGAA-1,0.2141788,0.28188333,0.21046133,0.29347655,1.3747597
CATCGTCCAAACTCTG-1,0.7225768,0.22628823,0.04135111,0.009783897,0.74804074
CATCGTCCAAATGGCG-1,0.061772805,0.3832124,0.48018482,0.07482998,1.0858133
CATCGTCCATCCAATG-1,0.16056491,0.10917028,0.686357,0.043907788,0.9310342
CATCGTCCATGTTCGA-1,0.37144223,0.3977644,0.20274797,0.028045349,1.1583352
CATCGTCTCGTTGTTT-1,0.14874609,0.3789233,0.26280156,0.20952904,1.329821
CATGAGTAGCAGCACA-1,0.58964276,0.26380777,0.070481576,0.07606788,1.0459112
CATGAGTAGGAGGTTC-1,0.009220401,0.0463615,0.11244088,0.83197725,0.58436185
CATGAGTAGTAGGTTA-1,0.24573529,0.23509116,0.37658706,0.1425865,1.3307585
CATGAGTCACCCTGTT-1,0.43397123,0.36139944,0.117762744,0.086866595,1.1942438
CATGAGTCACCTGCAG-1,0.2809772,0.45264202,0.17918512,0.087195724,1.2362858
CATGAGTGTACTCCGG-1,0.24812546,0.41884556,0.25564587,0.077383175,1.2570578
CATGAGTGTTAGAAAC-1,0.088437796,0.3832791,0.43932843,0.0889546,1.1586518
CATGAGTTCACTCGAA-1,0.23097569,0.5035788,0.206483,0.058962494,1.1765932
CATGAGTTCCGATGTA-1,0.14909253,0.34185347,0.48191097,0.027143024,1.1003755
CATGAGTTCTACAGGT-1,0.21899597,0.39948115,0.24329549,0.13822733,1.3165739
CATGCAACACGCCAGT-1,0.12899311,0.4524528,0.33371878,0.0848353,1.1985393
CATGCAACAGCACGAA-1,0.16780464,0.4351475,0.321764,0.07528386,1.2211779
CATGCAAGTGGGTATG-1,0.31151733,0.19478612,0.23601384,0.25768274,1.3721609
CATGCAATCTCTCTAA-1,0.8531332,0.0015343331,4.7284902e-05,0.14528517,0.42618755
CATGCCTAGACGGTCA-1,0.39442962,0.38311273,0.11706952,0.10538815,1.222759
CATGCCTAGCACCTGC-1,0.24980424,0.39779213,0.1993153,0.1530883,1.321969
CATGCCTAGCGTTACT-1,0.013724872,0.080165274,0.2054708,0.700639,0.83557856
CATGCCTAGGGTAGCT-1,0.08919931,0.08016995,0.58616674,0.24446407,1.0753765
CATGCCTCACACAGAG-1,0.31382194,0.41803995,0.1455992,0.1225389,1.2661068
CATGCCTCACACGCCA-1,0.09535211,0.44318652,0.3088976,0.15256372,1.2344662
CATGCCTCACCATTCC-1,0.24476665,0.39362365,0.14822634,0.21338333,1.324068
CATGCCTCACCCTGAG-1,0.53183734,0.33338526,0.08363674,0.05114076,1.0615965
CATGCCTCACGACAGA-1,0.023253161,0.016701076,0.0177252,0.9423205,0.28327262
CATGCCTCATGAAAGT-1,0.37067077,0.091540925,0.29030302,0.24748531,1.2913854
CATGCCTGTAGACGGT-1,0.33593524,0.2538231,0.30937526,0.10086643,1.3088144
CATGCCTTCTCTCCGA-1,0.035154413,0.0387001,0.021824146,0.9043214,0.4179662
CATGCGGCACGTCTCT-1,0.21116799,0.11648269,0.34883782,0.32351148,1.3112942
CATGCGGCATGATAGA-1,0.1257626,0.3823045,0.3685458,0.12338709,1.2544088
CATGCGGGTCTAGATC-1,0.37999594,0.34002307,0.13303643,0.14694455,1.2846267
CATGCGGTCGGTCAGC-1,0.8023093,0.106248625,0.056884296,0.034557823,0.69428766
CATGCGGTCTAGACCA-1,0.3442088,0.22876224,0.16526192,0.26176703,1.3528966
CATGCTCAGGACGGAG-1,0.0017042287,0.0011471958,0.0015053527,0.99564326,0.03276098
CATGCTCCAGACAAGC-1,0.103777714,0.5000575,0.25230512,0.14385958,1.20805
CATGCTCCAGGACAGT-1,0.13341859,0.41792148,0.41373152,0.03492838,1.1156602
CATGCTCCATGTCTAG-1,0.6894673,0.22223426,0.042744856,0.04555356,0.8660765
CATGCTCGTCCCAAAT-1,0.25387695,0.40788847,0.31588483,0.0223498,1.1627889
CATGCTCGTGCATCTA-1,0.51837474,0.30014542,0.09049831,0.09098153,1.1373302
CATGCTCGTTCAAAGA-1,0.43346414,0.12185768,0.2433492,0.20132902,1.2854594
CATGCTCTCTTCCAGC-1,0.27990285,0.3038842,0.17736931,0.23884365,1.3671381
CATGGATAGCAGTAAT-1,0.9023422,0.008937998,0.00033708784,0.08838268,0.35200894
CATGGATAGCTCATAC-1,0.6916424,0.15873632,0.032075364,0.1175459,0.90914065
CATGGATTCCGTGGCA-1,0.047081307,0.24752492,0.38244802,0.32294577,1.2220908
CATGGATTCGACATCA-1,0.19559288,0.57551473,0.17678785,0.05210453,1.097401
CATGGATTCGTTGTGA-1,0.041455474,0.23094879,0.4706946,0.2569012,1.1742625
CATGGTAAGAGTGTGC-1,0.13521247,0.05313354,0.66804427,0.14360969,0.9746785
CATGGTAAGATGCGAC-1,0.32293516,0.33663842,0.12236616,0.21806026,1.3206899
CATGGTAAGTACCATC-1,0.22670273,0.4272417,0.18060805,0.16544753,1.306536
CATGGTACACTCCCTA-1,0.82866853,0.008933216,0.0003462057,0.16205208,0.49554977
CATGGTACAGAACTTC-1,0.59853834,0.24191865,0.14863606,0.010906937,0.9831479
CATGGTACAGGTATGG-1,0.2993081,0.34536397,0.2204862,0.13484177,1.3317596
CATGGTAGTTAGTCGT-1,0.7236684,0.08781208,0.006910628,0.18160875,0.7918428
CATGGTATCTAATTCC-1,0.3818359,0.27686575,0.21064755,0.13065083,1.3171773
CATTCATAGCGATGGT-1,0.00040486708,0.0005405378,0.005705323,0.99334925,0.043333545
CATTCATCAAGGCGTA-1,0.2666027,0.07885882,0.29151583,0.36302266,1.2799441
CATTCATCAAGTTCCA-1,0.19471025,0.39195162,0.17309234,0.24024579,1.3319063
CATTCCGAGATAACAC-1,0.7787783,0.13977036,0.05586326,0.025588084,0.72470427
CATTCCGCAACACGTT-1,0.7074855,0.123749405,0.017290188,0.1514749,0.85943174
CATTCCGCAATGGCCC-1,0.0025868271,0.028801152,0.07171465,0.89689744,0.40414524
CATTCCGCAGGAAGTC-1,0.98530394,0.006689745,0.007063138,0.00094301935,0.08963638
CATTCCGGTTGCTGAT-1,0.0038682087,0.0033887778,0.017888866,0.9748541,0.13756493
CATTCTAAGCAACTTC-1,0.25372452,0.4310906,0.21894579,0.09623911,1.268572
CATTCTACAAACTCTG-1,0.74738145,0.14384417,0.024677876,0.08409647,0.7960986
CATTCTACAACAGAGC-1,0.14612918,0.40439567,0.35927436,0.09020078,1.2319448
CATTCTACAAGATGGC-1,0.09203335,0.004214609,0.10993816,0.79381394,0.6686278
CATTCTACACAATGTC-1,0.109624006,0.39761925,0.4217515,0.07100527,1.1609777
CATTCTACACACTGGC-1,0.9920025,0.00501158,0.0029051832,8.081822e-05,0.0522383
CATTCTACACGCTGTG-1,0.3825352,0.4530192,0.13225277,0.032192852,1.1044691
CATTCTACAGATACTC-1,0.0008837739,0.028208466,0.46180445,0.5091033,0.80735993
CATTGAGAGCAGTACG-1,0.15355304,0.3243346,0.30589008,0.21622229,1.3463769
CATTGAGAGTACAGAT-1,0.19137712,0.32696122,0.16962829,0.31203339,1.3463118
CATTGAGCAAGTCGTT-1,0.04339777,0.04283494,0.83701783,0.07674939,0.61704665
CATTGAGGTAACTAAG-1,0.05722983,0.07523272,0.14782521,0.71971226,0.8776732
CATTGAGGTACAGAGC-1,0.49498063,0.3605049,0.11709915,0.027415374,1.0656437
CATTGAGGTAGATCCT-1,0.06501268,0.1911761,0.60683876,0.1369725,1.0694125
CATTGAGGTATGCAAA-1,0.5321553,0.3058676,0.08495525,0.07702187,1.1049523
CATTGAGGTCTACGAT-1,0.27675894,0.35301518,0.12165227,0.2485736,1.3253918
CATTGAGGTGTGGACA-1,0.23561694,0.4495224,0.17198025,0.14288038,1.280779
CATTGAGTCCAAGCCG-1,0.5920213,0.17717363,0.13741353,0.09339162,1.1111264
CATTGCCAGGCTTAAA-1,0.02562476,0.27075824,0.4811828,0.22243418,1.1339829
CATTGCCAGGGCCCTT-1,0.0017982803,0.004374366,0.002159645,0.9916677,0.05668132
CATTGCCCAGTTCACA-1,0.27363673,0.3682437,0.15509285,0.20302671,1.3352606
CATTGCCGTCGTCATA-1,0.0352768,0.09434011,0.058701694,0.8116814,0.67649835
CATTGCCGTCTAGATC-1,0.7939022,0.14944662,0.05149991,0.0051512676,0.6471965
CATTGCCTCCTTGAAG-1,0.09999718,0.21020043,0.28438228,0.4054201,1.2817217
CATTGTTAGAAGCGGG-1,0.05899763,0.3560647,0.44703004,0.13790758,1.1678019
CATTGTTAGGGCCCTT-1,0.71366054,0.1718052,0.021404302,0.09312996,0.8467183
CATTGTTAGTTGGAAT-1,0.8413891,0.11914576,0.033099063,0.0063661556,0.5437825
CATTGTTCACATAACC-1,0.10665886,0.29951894,0.28590876,0.30791345,1.3204925
CATTGTTCACCTGCTT-1,0.3696293,0.24301529,0.3245806,0.0627748,1.2506505
CATTGTTCACGGCTAC-1,0.41120628,0.18911599,0.1783058,0.22137193,1.3216293
CATTGTTCAGACCTAT-1,0.25328287,0.07916097,0.30437398,0.36318216,1.2784957
CATTGTTCATAGAATG-1,0.052599106,0.118057,0.3974594,0.43188447,1.1364763
CATTGTTGTTATGTGC-1,0.29833275,0.09397725,0.25755367,0.35013628,1.2998985
CATTGTTGTTGTAGCT-1,0.19064923,0.039539613,0.6076669,0.16214423,1.0413778
CATTTCAAGCCGAACA-1,0.2727625,0.47453174,0.12240316,0.13030256,1.2307321
CATTTCACAAACACGG-1,0.88062614,0.031145385,0.014525101,0.07370334,0.47365832
CATTTCACAGCACACC-1,0.72714216,0.19325146,0.04554556,0.034060806,0.8051557
CATTTCAGTCCTACAA-1,0.65347034,0.059310257,0.20320913,0.08401016,0.97746974
CATTTCAGTCGTACAT-1,0.5014297,0.39733195,0.0840619,0.017176421,0.99082655
CATTTCAGTCTTGCTC-1,0.855653,0.016401485,0.0226487,0.105296835,0.52361006
CCAAGCGAGATGATTG-1,0.074075736,0.16806091,0.36290616,0.39495724,1.2272713
CCAAGCGCACTTGAAC-1,0.05517372,0.3345433,0.19154115,0.41874182,1.2072403
CCAAGCGCAGAACTTC-1,0.03771917,0.33193943,0.52128327,0.1090581,1.0709467
CCAAGCGGTTCTGAGT-1,0.16165249,0.11280697,0.051204495,0.6743361,0.9586164
CCAAGCGTCCTCTCTT-1,0.24787043,0.2956246,0.37487036,0.08163457,1.2783582
CCAAGCGTCTCAACGA-1,0.36165157,0.32438445,0.25750983,0.056454137,1.2446575
CCAAGCGTCTCTAAGG-1,0.41996068,0.30694354,0.1678105,0.10528526,1.263418
CCAATGAAGCCTAACT-1,0.028617607,0.15520072,0.3878395,0.4283422,1.121354
CCAATGAAGTCACTCA-1,0.42621467,0.18604016,0.26637703,0.12136814,1.2846935
CCAATGACAATACCTG-1,0.10891072,0.20871292,0.62573737,0.05663903,1.0244651
CCAATGACACCCTTGT-1,0.09177212,0.33954847,0.40526173,0.16341761,1.2480159
CCAATGACAGCCTACG-1,0.90839845,0.04669781,0.04129996,0.003603785,0.38224927
CCAATGACAGGTCTCG-1,0.02484695,0.13912822,0.097051665,0.73897314,0.8161297
CCAATGAGTCTTCGAA-1,0.004368022,0.018074455,0.023696668,0.9538608,0.2300117
CCAATGAGTGCAATAA-1,0.011034063,0.007082172,0.0016413816,0.9802423,0.114872
CCAATGAGTGGAACCA-1,0.0661217,0.3438497,0.45135608,0.13867258,1.1797009
CCAATTTAGCTCCACG-1,0.10550252,0.26695284,0.18973657,0.43780804,1.2668205
CCAATTTAGGGCCTCT-1,0.2999294,0.13729279,0.14143388,0.4213439,1.2745953
CCAATTTCAATAGAGT-1,0.60339665,0.27174234,0.09390606,0.030954894,0.9885838
CCAATTTCAATTTCGG-1,0.029436305,0.14149715,0.11303787,0.7160287,0.8660776
CCAATTTCATAGAGGC-1,0.054519333,0.29633415,0.3818066,0.26733994,1.2393323
CCAATTTTCACGGGAA-1,0.28390092,0.10368641,0.27086052,0.34155217,1.3131604
CCAATTTTCTCGACCT-1,0.13445199,0.41213682,0.33170033,0.12171087,1.2574775
CCACAAAAGCCTCGTG-1,0.22978461,0.4023508,0.24222879,0.12563585,1.3083014
CCACAAACAAACGGCA-1,0.331233,0.324749,0.2502379,0.09378008,1.2998608
CCACAAACAAGGAGTC-1,0.32511753,0.3351818,0.20128648,0.13841413,1.3280553
CCACAAACAATTGTGC-1,0.306952,0.4085989,0.17228745,0.11216163,1.2766066
CCACAAAGTATGAGCG-1,0.4029338,0.21270119,0.1553758,0.22898923,1.3223372
CCACACTAGAGCTGAC-1,0.08360659,0.3218932,0.17307961,0.4214206,1.2401001
CCACACTAGAGTGGCT-1,0.25383446,0.225758,0.4058006,0.114607,1.2982752
CCACACTAGCCGCACT-1,0.008233171,0.02599963,0.020310534,0.9454567,0.2665763
CCACACTAGCTTCTAG-1,0.08316657,0.2317217,0.6572318,0.027879942,0.92131376
CCACACTAGGTCACTT-1,0.011035829,0.022215297,0.030569948,0.9361789,0.30266693
CCACACTCAGAGATTA-1,0.16570874,0.2987629,0.46409315,0.071435265,1.2035878
CCACACTCAGTGGGTA-1,0.032030426,0.2465767,0.385242,0.33615085,1.1893927
CCACACTCATGCGTGC-1,0.24636492,0.10105385,0.30940703,0.3431742,1.3067639
CCACACTGTCCTGTTC-1,0.020235125,0.19432755,0.30741087,0.4780265,1.1127119
CCACACTGTGACCGTC-1,0.9925303,0.0007116283,0.003803021,0.002955088,0.051000975
CCACACTTCCCTGTTG-1,0.27275518,0.4499684,0.14299665,0.13427971,1.2614231
CCACCATCACCCTTAC-1,0.43260357,0.33922952,0.123702295,0.10446451,1.2237251
CCACCATCACTGGCGT-1,0.1495439,0.35501722,0.35210052,0.14333834,1.2977878
CCACCATCAGCAGAAC-1,0.21219216,0.42303687,0.21074688,0.15402405,1.3091686
CCACCATCATCCAACA-1,0.1332452,0.35307854,0.45376578,0.059910476,1.1633382
CCACCATCATTCTCTA-1,0.24519165,0.2916686,0.16256243,0.30057734,1.3606803
CCACCATGTGCCTTCT-1,0.75563496,0.03951814,0.006664055,0.19818285,0.69357514
CCACCATGTGGTCCCA-1,0.043220796,0.32636726,0.5007468,0.12966512,1.112443
CCACCATGTGGTCTTA-1,0.39367288,0.3521411,0.12765059,0.12653549,1.2588751
CCACCATGTGTCACAT-1,0.3776977,0.36601284,0.12661982,0.12966958,1.2621772
CCACCATGTGTGAATA-1,0.18329032,0.37226233,0.17442952,0.27001777,1.3369595
CCACCATTCAACCGAT-1,0.015087913,0.028610291,0.007491033,0.9488108,0.25147483
CCACCATTCTACGGTA-1,0.86782515,0.0019190189,0.0024668172,0.12778893,0.412755
CCACCATTCTAGTCAG-1,0.91524965,0.0007985366,0.08390609,4.572206e-05,0.29512978
CCACCATTCTCTGCTG-1,0.99883896,1.6788666e-05,1.7991601e-06,0.0011425443,0.009109035
CCACGAGAGAATAACC-1,0.032803655,0.34068438,0.54883486,0.0776771,1.0067035
CCACGAGAGATGCCGA-1,0.014170707,0.22598648,0.6885186,0.07132421,0.841721
CCACGAGCACGTTCGG-1,0.09423118,0.41204128,0.3904546,0.103272885,1.1895726
CCACGAGCAGGCCTGT-1,0.11732143,0.3326521,0.17313907,0.37688735,1.2889342
CCACGAGGTGCAGTGA-1,0.09618859,0.34638286,0.31411874,0.2433098,1.3001025
CCACGAGGTGTCTCCT-1,0.14060518,0.24043508,0.49163145,0.12732828,1.2300255
CCACGAGGTTAGTTCG-1,0.1837705,0.21312094,0.49546605,0.10764256,1.2286553
CCACGAGTCAAACGTC-1,0.123277545,0.49941072,0.24700066,0.13031107,1.2157619
CCACGAGTCTTCGGAA-1,0.24492757,0.33778092,0.21936579,0.19792575,1.3645692
CCACGAGTCTTCTGTA-1,0.116228245,0.18988216,0.38167942,0.3122102,1.2966683
CCACGTTAGCTGTTAC-1,0.023608876,0.02235979,0.021511083,0.9325203,0.3211552
CCACGTTCACCCTTAC-1,0.76608443,0.1432921,0.07365367,0.016969766,0.74382204
CCACGTTCAGCTTCCT-1,0.19832145,0.5235177,0.22226132,0.055899512,1.1551545
CCACGTTGTTGCATTG-1,0.3155425,0.4460063,0.1512525,0.08719861,1.2224948
CCACGTTTCATGCTAG-1,0.4034442,0.30498704,0.19962011,0.09194863,1.2694744
CCACGTTTCCTTCGAC-1,0.96512514,0.012300557,0.0009245865,0.021649828,0.17779672
CCACTTGAGACATAAC-1,0.013065251,0.0013576268,0.023888486,0.96168864,0.19241361
CCACTTGAGTTTGAGA-1,0.21887602,0.35814852,0.22415051,0.19882494,1.356648
CCACTTGGTACTCGCG-1,0.032732725,0.1918551,0.34155783,0.4338543,1.1578844
CCACTTGTCATGAGTC-1,0.25870082,0.32360741,0.15011634,0.26757547,1.352318
CCACTTGTCCTAGCCT-1,0.04111261,0.38020933,0.5136928,0.06498527,1.0187131
CCACTTGTCGTAGCCG-1,0.27400452,0.36678892,0.27098852,0.088217944,1.2906194
CCATAAGAGTGAGTGC-1,0.23393622,0.3345759,0.3355673,0.09592057,1.2974423
CCATAAGCAAGAGATT-1,0.0412662,0.32237816,0.4972877,0.13906793,1.1182373
CCATAAGCACAGCCAC-1,0.33115834,0.41758215,0.17882381,0.07243568,1.228613
CCATAAGCACTAGAGG-1,0.44571695,0.3192249,0.15132913,0.083729036,1.2180977
CCATAAGGTATACCTG-1,0.10948325,0.41150042,0.3790925,0.0999238,1.2054344
CCATAAGTCATGCTAG-1,0.5363335,0.3080252,0.08824699,0.067394264,1.092863
CCATAAGTCCAATCTT-1,0.050937977,0.34989315,0.56853026,0.030638598,0.94692236
CCATCACAGAAACACT-1,0.09776752,0.30233052,0.18560463,0.4142973,1.266634
CCATCACAGCGCCTAC-1,0.04851771,0.22891557,0.6104166,0.11215008,1.0310048
CCATCACAGTCGCTAT-1,0.25217468,0.09224936,0.24399035,0.41158566,1.276818
CCATCACCATCATCTT-1,0.62027454,0.25454494,0.07547623,0.049704302,0.98874855
CCATCACGTACGACTT-1,0.20244928,0.098435976,0.30294123,0.3961735,1.2801698
CCATCACGTAGGATAT-1,0.116457775,0.29484802,0.22706181,0.36163238,1.3149599
CCATCACGTGCGTGCT-1,0.12830673,0.4769226,0.35609576,0.038674913,1.1100515
CCATCACTCACTTGGA-1,0.16183461,0.40548575,0.32082483,0.11185478,1.2705066
CCATCACTCCTGTAGA-1,0.24159256,0.08046157,0.36983752,0.30810836,1.2765555
CCCAACTAGACATCAA-1,0.16461597,0.2583765,0.1371369,0.43987057,1.2803756
CCCAACTAGCGCCGTT-1,0.047200046,0.27950248,0.38053876,0.29275873,1.2277038
CCCAACTAGTCATAGA-1,0.29034042,0.201689,0.44863704,0.059333555,1.2091676
CCCAACTTCACTACTT-1,0.0051936307,0.00057947653,8.5342384e-05,0.9941415,0.038280018
CCCAACTTCAGGTAAA-1,0.07727047,0.055199195,0.026438452,0.8410919,0.5993519
CCCAACTTCCAGCACG-1,0.765693,0.19385293,0.027860388,0.012593684,0.67731327
CCCATTGAGACTCGAG-1,0.35398868,0.49424472,0.11648259,0.03528398,1.0843604
CCCATTGAGTAACGTA-1,0.44127366,0.05306418,0.01617991,0.48948213,0.9332268
CCCATTGTCCTACCGT-1,0.06094654,0.31962383,0.45200786,0.16742177,1.1932222
CCCGAAGCAGTTTCAG-1,0.015765313,0.10621159,0.05063409,0.82738894,0.6114078
CCCGAAGGTGGCCCAT-1,0.0074056853,0.00223325,0.0024993184,0.98786175,0.077000596
CCCGAAGGTGGCTACC-1,0.39633325,0.15097684,0.14498322,0.3077067,1.2948956
CCCGAAGGTGGTAACG-1,0.019984273,0.21810542,0.37526968,0.38664064,1.1455352
CCCGGAAGTCACAGAG-1,0.110125214,0.1392401,0.25041533,0.5002194,1.2107109
CCCGGAAGTCCCACGA-1,0.07484618,0.29559296,0.21133386,0.41822705,1.2473466
CCCGGAATCGAGTCTA-1,0.0053859875,0.012814302,0.007740021,0.9740597,0.14719841
CCCGGAATCTGACCCT-1,0.051292676,0.23662806,0.5553963,0.15668292,1.1104243
CCCTAACAGGCACCAA-1,0.07983829,0.5598465,0.21932796,0.1409873,1.1355419
CCCTAACCACACACGC-1,0.32266998,0.3945361,0.26488099,0.017912917,1.155854
CCCTAACGTCCCGCAA-1,0.27335614,0.33946353,0.25315216,0.13402815,1.3384186
CCCTAACGTTCTCGTC-1,0.13794173,0.3267468,0.21037681,0.32493466,1.3319573
CCCTAACTCGTGGCGT-1,0.8428776,0.06120528,0.018353116,0.07756393,0.5867333
CCCTAACTCTCGACCT-1,0.041259788,0.2867797,0.59736335,0.074597135,0.991138
CCCTAACTCTTCACAT-1,0.40940168,0.32900813,0.20118842,0.060401827,1.2235093
CCCTCAAAGCCTCACG-1,0.05196176,0.40140495,0.5139311,0.032702167,0.9740182
CCCTCAACAATCGCAT-1,0.52075887,0.33322755,0.10696755,0.03904611,1.0716963
CCCTCAACACCAGGTC-1,0.0030158663,0.0003250771,0.016554141,0.98010486,0.107700884
CCCTCAACAGTCAACT-1,0.16026892,0.2191785,0.24322619,0.37732643,1.3377445
CCCTCAACATCTGGGC-1,0.01315447,0.11399414,0.26602688,0.6068246,0.95990247
CCCTCAAGTAGCGTTT-1,0.39954436,0.29706636,0.21426347,0.08912587,1.2726967
CCCTCAAGTCTACAGT-1,0.059062082,0.29998222,0.38160405,0.25935164,1.2459245
CCCTCAAGTCTTGTCC-1,0.69525355,0.044591382,0.029108282,0.23104683,0.83286154
CCCTCAAGTGACCGAA-1,0.047714084,0.38479894,0.33598235,0.23150456,1.2178497
CCCTCAAGTTCGGCTG-1,0.045385633,0.24614102,0.4883686,0.22010468,1.168579
CCCTCAATCCAAGCAT-1,0.27724,0.3985505,0.25427008,0.06993938,1.2565328
CCCTCAATCCCAGTGG-1,0.13023768,0.35242984,0.27482137,0.24251108,1.331562
CCCTCAATCGCCAATA-1,0.32186076,0.08868244,0.25066856,0.33878818,1.293252
CCCTCTCAGATTAGCA-1,0.21519314,0.35549384,0.24276304,0.18655,1.3551526
CCCTCTCAGTCGCCCA-1,0.12858994,0.12036016,0.043646373,0.70740354,0.900144
CCCTCTCCAGTTCTAG-1,0.19879775,0.40022504,0.32724667,0.07373053,1.2454371
CCCTCTCGTTAACCTG-1,0.20747225,0.05603462,0.55645317,0.18004005,1.1226531
CCCTCTCGTTCTCCAC-1,0.23211771,0.40734413,0.18771057,0.17282753,1.3222493
CCCTCTCTCACACCGG-1,0.53445685,0.34638065,0.095075145,0.024087297,1.0155493
CCCTGATAGACGCAGT-1,0.13138646,0.28822115,0.23501629,0.34537613,1.3327224
CCCTGATAGATCACTC-1,0.05037722,0.46484795,0.44081178,0.043963116,1.0050764
CCCTGATAGCGAGGAG-1,0.20318513,0.16138086,0.5218033,0.11363067,1.204699
CCCTGATAGCGCCCAT-1,0.011998985,0.14752303,0.35931817,0.48115978,1.0551703
CCCTGATAGTCACTAC-1,0.23516694,0.28757465,0.36347035,0.113788076,1.313953
CCCTGATGTCACCGAC-1,0.08303661,0.35628128,0.32863864,0.23204345,1.2790132
CCCTGATGTGATACAA-1,0.30282506,0.089793265,0.28751642,0.31986526,1.3011608
CCCTGATGTTAACCTG-1,0.09733986,0.37272966,0.39673325,0.13319728,1.2298973
CCCTGATGTTGTGCCG-1,0.5125928,0.20057438,0.19969681,0.08713597,1.1991283
CCCTGATTCGGTATGT-1,0.33657607,0.44740316,0.16687301,0.049147714,1.1732205
CCCTGATTCGTTCTCG-1,0.92689836,0.018631347,0.0009667882,0.05350354,0.30793884
CCCTGATTCTAACGCA-1,0.31687286,0.36890414,0.16047235,0.1537506,1.3135375
CCCTTAGAGCAGGCAT-1,0.18216051,0.35575333,0.3330874,0.12899873,1.3082355
CCCTTAGAGTGACCTT-1,0.28043193,0.24432312,0.24413638,0.23110855,1.3836462
CCCTTAGCACAAGGTG-1,0.13394508,0.33911404,0.36102548,0.1659154,1.3018427
CCCTTAGCACCGGAAA-1,0.21785049,0.5651964,0.17537424,0.041578878,1.0920081
CCGAACGAGCATGGGT-1,0.09260666,0.17190285,0.4763336,0.25915688,1.2262504
CCGAACGCAATAGTCC-1,0.057691857,0.19257595,0.20936197,0.5403702,1.1417732
CCGAACGCACTTACAG-1,0.116717756,0.06338872,0.02686626,0.7930273,0.70663846
CCGAACGCATCATGAC-1,0.15048075,0.40755114,0.3320986,0.10986951,1.2595345
CCGAACGGTGCCGTAC-1,0.25230366,0.36770597,0.23597413,0.14401622,1.3351656
CCGATCTGTACAACGG-1,0.37663722,0.31615776,0.20079227,0.10641281,1.2926153
CCGATCTGTCGACTTA-1,0.08847256,0.2822319,0.49508217,0.13421336,1.1891847
CCGATCTGTTTCTTAC-1,0.61022526,0.27700362,0.07683236,0.035938676,0.9736949
CCGATCTTCCTGCCAT-1,0.10110079,0.34784716,0.40613115,0.14492089,1.2448909
CCGATCTTCTGTGCAA-1,0.29043275,0.54529184,0.11784859,0.04642682,1.0842965
CCGATGGAGGGATGTC-1,0.4751407,0.28965068,0.0968263,0.13838235,1.2122307
CCGATGGAGTGCGACA-1,0.12431535,0.34063482,0.33869082,0.19635902,1.3123589
CCGATGGAGTTTGAGA-1,0.04167868,0.17207946,0.31533116,0.4709107,1.1538408
CCGATGGGTCGGAACA-1,0.20222127,0.27718213,0.2984573,0.22213928,1.3739468
CCGATGGTCAATGTCG-1,0.07582891,0.18320717,0.5697268,0.17123707,1.1292219
CCGATGGTCAGCGCGT-1,0.22989863,0.37644315,0.21624531,0.17741288,1.3436997
CCGATGGTCCATCACC-1,0.7425342,0.10843652,0.023395974,0.12563331,0.8104123
CCGCAAGAGCCTCAAT-1,0.057746723,0.38801867,0.29328257,0.2609521,1.2423273
CCGCAAGAGTCGAATA-1,0.43831906,0.26049873,0.18775293,0.11342924,1.2728691
CCGCAAGCAACCGTAT-1,0.17294592,0.3694653,0.31794965,0.13963914,1.3105905
CCGCAAGGTATCTCTT-1,0.10995198,0.35321406,0.28913754,0.24769646,1.3147756
CCGCAAGGTTCTTGTT-1,0.088842854,0.24882297,0.4490961,0.21323805,1.2502308
CCGCAAGTCAGCATTG-1,0.18699466,0.36981475,0.37512296,0.068067655,1.2321274
CCGCAAGTCTGGTGGC-1,0.48449826,0.35017523,0.12790324,0.037423242,1.1045173
CCGCAAGTCTTTCCGG-1,0.31546208,0.082168154,0.32239518,0.2799746,1.2906586
CCGGACAAGAGAATCT-1,0.027097177,0.19770066,0.45934582,0.3158564,1.1396117
CCGGACAAGGGTACAC-1,0.10136804,0.44387186,0.20177004,0.25299016,1.2632219
CCGGACAAGTGAGGTC-1,0.5747184,0.28990662,0.0878835,0.047491476,1.0357099
CCGGACACACAACGAG-1,0.17081517,0.43957222,0.26579383,0.123818725,1.2740033
CCGGACACACCACTGG-1,0.18645212,0.37188727,0.33751714,0.10414351,1.2831808
CCGGACACATGTGGCC-1,0.023538055,0.21991174,0.63419366,0.12235655,0.9671711
CCGGACAGTACTGCGC-1,0.30424312,0.07410396,0.2960347,0.32561824,1.2805772
CCGGACAGTCATCCCT-1,0.16390884,0.24949436,0.51626515,0.07033164,1.1708164
CCGGACAGTCCGACGT-1,0.20980868,0.21135,0.47733837,0.10150294,1.241328
CCGGACAGTCTCAGAT-1,0.9795411,0.0006935639,0.0020698532,0.017695347,0.10947612
CCGGACAGTTGGCCGT-1,0.14553621,0.27116936,0.13361904,0.44967538,1.2627127
CCGGACATCACGATCA-1,0.18689057,0.31697273,0.21353655,0.2826002,1.3644586
CCGGGTAAGAAATCCA-1,0.37676218,0.15692428,0.32236475,0.14394872,1.302351
CCGGGTACAGGGCTTC-1,0.38449883,0.17375149,0.22662573,0.215124,1.3385596
CCGGGTATCTAGAACC-1,0.9866707,0.006200621,0.0066692745,0.00045940708,0.08170401
CCGGTAGGTTGCATGT-1,0.25764522,0.31732726,0.13547555,0.28955203,1.3433337
CCGGTAGTCCCGAACG-1,0.07751052,0.3717226,0.4704985,0.080268376,1.1232859
CCGGTAGTCTAGAACC-1,0.90903336,0.040309075,0.047959805,0.0026977686,0.37776828
CCGGTAGTCTCAATCT-1,0.13996388,0.44236428,0.20789522,0.20977667,1.2901789
CCGGTGACAAACCACT-1,0.21972036,0.45250815,0.2931899,0.034581583,1.1678525
CCGGTGACAACACACT-1,0.0741257,0.18364225,0.5713394,0.17089267,1.1258442
CCGGTGAGTGGGAGAG-1,0.43923435,0.3185779,0.1823083,0.05987946,1.2046702
CCGGTGATCACGGGAA-1,0.12912698,0.41686144,0.40937927,0.04463233,1.1334691
CCGGTGATCATGTCAG-1,0.3899096,0.3360654,0.121510476,0.15251453,1.276612
CCGGTGATCCTTACCG-1,0.18293484,0.44803056,0.26320863,0.105825946,1.2594726
CCGGTGATCGGACTTA-1,0.6056336,0.28878716,0.08889485,0.01668432,0.9458517
CCGGTGATCTGAGAGG-1,0.16609819,0.36974907,0.22477606,0.23937665,1.3438032
CCGTAGGAGAATCGAT-1,0.9558289,0.012776115,0.0013157063,0.030079214,0.21300972
CCGTAGGAGGAGAGTA-1,0.14919642,0.48179817,0.15368341,0.215322,1.254149
CCGTAGGCAACACAAA-1,0.26281416,0.29380152,0.13272522,0.31065908,1.3422778
CCGTAGGCACACGCCA-1,0.16814817,0.30641916,0.17080627,0.3546264,1.3317169
CCGTAGGCAGGCATGA-1,0.1134376,0.05087877,0.69929487,0.13638878,0.9202757
CCGTAGGGTACGGGAT-1,0.10975007,0.15253077,0.5938555,0.14386368,1.1177206
CCGTAGGGTACTCCCT-1,0.8178728,0.02706541,0.018172583,0.13688919,0.6071731
CCGTAGGGTGTTGACT-1,0.27057615,0.09691373,0.28157532,0.35093477,1.3042269
CCGTGAGAGGCGAAGG-1,0.2132406,0.38554,0.27782354,0.12339593,1.3110063
CCGTGAGAGTGTGTTC-1,0.51940084,0.22030333,0.061645046,0.19865076,1.1663388
CCGTGAGAGTTGCGAG-1,0.034665965,0.3609966,0.4906762,0.11366122,1.0808687
CCGTGAGAGTTTCGAC-1,0.075877376,0.3004328,0.31211007,0.31157976,1.2836939
CCGTGAGCACAATCTG-1,0.091336854,0.25835428,0.3029011,0.34740776,1.2973187
CCGTGAGGTTCGAACT-1,0.08108846,0.08729294,0.24417758,0.587441,1.0733368
CCGTGAGTCCACCTCA-1,0.27465856,0.33061972,0.14464007,0.25008166,1.3471143
CCGTGAGTCGGCCTTT-1,0.23052666,0.37970212,0.18807302,0.20169821,1.3431349
CCGTTCAAGAGAGAAC-1,0.11241459,0.1961646,0.23821904,0.45320177,1.2656147
CCGTTCAAGTGCACAG-1,0.072026834,0.2848061,0.49106282,0.15210435,1.1828603
CCGTTCACACTCTAGA-1,0.07335057,0.37676206,0.505321,0.044566363,1.0429503
CCGTTCACAGCGGTTC-1,0.07609826,0.0926433,0.10593346,0.725325,0.8871491
CCGTTCACATCATCCC-1,0.108463876,0.44083273,0.3828258,0.06787751,1.1521903
CCGTTCAGTAAGTTAG-1,0.39034742,0.34804103,0.21240024,0.049211256,1.2118158
CCGTTCAGTCATAACC-1,0.10850429,0.5388703,0.23062491,0.12200049,1.1691315
CCGTTCATCACACCCT-1,0.23820898,0.14847447,0.20522988,0.40808672,1.3156931
CCGTTCATCCCATGGG-1,0.9738236,0.0035128396,0.00051884574,0.022144753,0.13398252
CCGTTCATCGAGCTGC-1,0.15391144,0.31757435,0.44621238,0.08230182,1.2179111
CCGTTCATCGCCTTTG-1,0.5326799,0.3396492,0.103238195,0.02443272,1.0273825
CCGTTCATCTCTCGCA-1,0.066328935,0.25059,0.29420543,0.38887563,1.2540047
CCTAACCCAAGCACAG-1,0.19691616,0.3557744,0.37943816,0.06787124,1.2379454
CCTAACCCATGGAATA-1,0.30690604,0.09402082,0.2763802,0.32269293,1.3052113
CCTAACCGTGCATTAC-1,0.46333757,0.36569297,0.13520607,0.035763342,1.1139812
CCTAACCTCGCCGAGT-1,0.3824302,0.3624052,0.1948314,0.060333163,1.223512
CCTAACCTCTTCGTAT-1,0.012489484,0.022784213,0.015333696,0.9493926,0.25426683
CCTAAGAAGACGCAGT-1,0.23332341,0.19861066,0.42686597,0.14119999,1.3003932
CCTAAGAAGGCCATAG-1,0.048282143,0.3100592,0.53545684,0.106201865,1.0820187
CCTAAGAAGTATTAGG-1,0.15078975,0.38709217,0.3878218,0.074296296,1.2131568
CCTAAGAAGTGCGCTC-1,0.0017010572,0.0009375647,0.012540483,0.9848209,0.087359205
CCTAAGACAGGCACAA-1,0.46096095,0.26776528,0.2217612,0.049512558,1.1926249
CCTAAGAGTGGTTTAC-1,0.48422644,0.35450515,0.10067698,0.060591374,1.1198078
CCTAAGATCGGCTTGG-1,0.009166159,0.005163193,0.0021506331,0.98352,0.099752806
CCTAAGATCTTGGTCC-1,0.035830453,0.11650106,0.37068564,0.47698286,1.0907055
CCTACGTAGGTCACCC-1,0.95727396,0.0019069727,0.026351597,0.014467453,0.21084431
CCTACGTAGTCACGAG-1,0.36618543,0.30159435,0.22467601,0.10754422,1.304659
CCTACGTCAAACTCTG-1,0.7396988,0.076697655,0.029049218,0.15455428,0.8113625
CCTACGTCAATTGCTG-1,0.028491301,0.3644449,0.5224938,0.08457006,1.0173155
CCTACGTCACTTTAGG-1,0.018998988,0.22259392,0.35249004,0.40591702,1.1432568
CCTACGTCATCTTCGC-1,0.012960539,0.09639507,0.28552568,0.6051187,0.9436757
CCTACGTGTAAGAACT-1,0.32396367,0.3372944,0.23380616,0.10493571,1.3080682
CCTACGTGTAAGGCTG-1,0.19936544,0.46707737,0.21622719,0.117330015,1.2596138
CCTACGTGTCATCTAG-1,0.2635114,0.3710368,0.21732202,0.1481297,1.3338935
CCTACGTGTCTTGTCC-1,0.041107718,0.35711026,0.48475412,0.11702791,1.101
CCTACGTGTGAATATG-1,0.081715256,0.18916589,0.6958584,0.03326045,0.8851658
CCTACGTGTGGATACG-1,0.005873083,0.008071166,0.0051745963,0.9808811,0.11524483
CCTACGTTCTAGACAC-1,0.74714464,0.18869513,0.041667387,0.02249287,0.75023323
CCTATCGAGAGATCGC-1,0.3326334,0.15421487,0.30482045,0.20833129,1.3433553
CCTATCGCATCCTCAC-1,0.45360717,0.36629978,0.11561545,0.064477675,1.1526635
CCTCAACCAAGGCTTT-1,0.33810505,0.3255652,0.19384491,0.14248487,1.3276627
CCTCAACCACCCTAGG-1,0.16771469,0.5491277,0.24009463,0.043062996,1.1065989
CCTCAACCATAACCCA-1,0.006200406,0.019291766,0.014142728,0.9603651,0.20674932
CCTCAACCATGTGGTT-1,0.28823194,0.40301624,0.15390736,0.15484446,1.3016696
CCTCAACGTAACGGTG-1,0.89067745,0.035185914,0.003465509,0.07067114,0.42777777
CCTCAACGTACGCTTA-1,0.35112038,0.31865153,0.30459005,0.025638072,1.1879426
CCTCAACGTCCGGTCA-1,0.6518087,0.21848784,0.070048824,0.059654653,0.96570885
CCTCAACGTGTGTTTG-1,0.15380268,0.3161177,0.22000222,0.31007743,1.3481748
CCTCAACTCGTTCCTG-1,0.41814256,0.13361973,0.16569257,0.28254515,1.2885025
CCTCACAAGATAGTCA-1,0.053126577,0.2769985,0.29114494,0.37873,1.2385002
CCTCACAAGATTGTGA-1,0.24700388,0.37008372,0.26482007,0.11809225,1.3174179
CCTCACAAGCGTATAA-1,0.15994,0.36688817,0.1903595,0.2828123,1.3340013
CCTCACAAGCGTCTGC-1,0.6863908,0.11022607,0.01494626,0.18843685,0.8786905
CCTCACAAGGCCCGTT-1,0.4871776,0.18587169,0.2763649,0.05058583,1.1694752
CCTCACACACCTCAGG-1,0.10611835,0.40570644,0.32980475,0.15837044,1.2617282
CCTCACACATGGAAGC-1,0.25969878,0.07740846,0.038673542,0.6242192,0.96815145
CCTCACAGTTTAAGGA-1,0.2020016,0.56554997,0.19796574,0.03448271,1.0821874
CCTCACATCATTTCGT-1,0.14500877,0.22269768,0.20953867,0.42275485,1.305938
CCTCACATCGGCCCAA-1,0.06810234,0.31142846,0.32701138,0.29345778,1.2715874
CCTCACATCTAGCCAA-1,0.20456411,0.36655954,0.36576858,0.06310773,1.234729
CCTCACATCTCCTGCA-1,0.04719193,0.24598001,0.52127975,0.18554832,1.1412325
CCTCAGTCACATTCGA-1,0.34164065,0.26018682,0.15548038,0.2426921,1.3502529
CCTCAGTGTATTGCCA-1,0.15978365,0.52923214,0.17536634,0.13561788,1.2060423
CCTCAGTGTCTGATCA-1,0.071851574,0.22167115,0.11297829,0.593499,1.0791532
CCTCAGTGTTACCCTC-1,0.28675237,0.43185094,0.18357521,0.09782146,1.259388
CCTCAGTTCCCTAGGG-1,0.46077085,0.3775502,0.103778146,0.057900872,1.124854
CCTCATGAGAGGTTTA-1,0.1432442,0.27543265,0.19765122,0.38367188,1.3214866
CCTCATGAGTGCAGCA-1,0.37278864,0.3475684,0.08195779,0.19768514,1.2606399
CCTCATGCACAAGCCC-1,0.3005027,0.26674384,0.24701534,0.18573809,1.3718644
CCTCATGGTACAGAAT-1,0.08656317,0.4233261,0.3138861,0.17622465,1.245339
CCTCATGGTTCAAGTC-1,0.44584733,0.39742115,0.12821564,0.028515918,1.0916696
CCTCCAAAGGGTTAAT-1,0.0054643885,0.0026969907,0.011473343,0.9803653,0.115121596
CCTCCAACAGCTGCCA-1,0.33679622,0.2938418,0.23441914,0.13494284,1.3367362
CCTCCAAGTAAGTCAA-1,0.09017237,0.1950245,0.31618565,0.39861748,1.2664444
CCTCCAAGTGAATGTA-1,0.16979437,0.3529198,0.3223075,0.15497836,1.3225298
CCTCCAAGTTTGTTCT-1,0.47907588,0.12776272,0.14135884,0.2518026,1.2392577
CCTCCAATCAAGCTGT-1,0.0027492873,0.0059425733,0.005742939,0.98556525,0.09063266
CCTCCTCAGGTTTACC-1,0.26453307,0.41166872,0.16034308,0.16345523,1.3066952
CCTCCTCCAAAGGTTA-1,0.22386514,0.41207597,0.17992741,0.18413156,1.3205682
CCTCCTCCAATGACCT-1,0.0722744,0.340783,0.57649016,0.010452436,0.9219434
CCTCCTCGTATGGAAT-1,0.06545989,0.3267138,0.3519776,0.2558488,1.2602453
CCTCCTCTCGTCAGAT-1,0.19105121,0.38741755,0.33895716,0.08257407,1.2562563
CCTCCTCTCTGAGATC-1,0.5925303,0.08414636,0.080345385,0.24297792,1.0647274
CCTCTAGAGCCTAGGA-1,0.12578237,0.55950975,0.27907413,0.035633676,1.0606718
CCTCTAGCAACCGCCA-1,0.4172431,0.17264529,0.15658537,0.25352624,1.306205
CCTCTAGCAGTGGGTA-1,0.32389435,0.3224108,0.25571135,0.09798356,1.3064109
CCTCTAGGTCTTCATT-1,0.95678854,0.02870134,0.012457043,0.0020530915,0.21151258
CCTCTAGGTGTGACCC-1,0.08241028,0.38188687,0.49585885,0.039843995,1.0495516
CCTCTAGGTTGGAGAC-1,0.26822716,0.32656276,0.21081501,0.19439502,1.3650167
CCTCTAGTCCTCACGT-1,0.0045336424,0.22700694,0.6512825,0.117176935,0.89157796
CCTCTAGTCGATACAC-1,0.061700188,0.29136923,0.44939286,0.19753778,1.2109921
CCTCTCCCATTGTCGA-1,0.14467585,0.3136716,0.47805014,0.06360242,1.1714208
CCTCTCCGTAACAGGC-1,0.45602703,0.3158099,0.19655031,0.031612765,1.151033
CCTCTCCGTATCGCAT-1,0.09461886,0.32834205,0.3367481,0.24029097,1.2979314
CCTCTCCGTGGCTACC-1,0.47178978,0.33587134,0.098469,0.09386992,1.1711977
CCTCTCCTCGCGAAGA-1,0.046560425,0.26749057,0.31029844,0.3756506,1.2264487
CCTCTCCTCTCATTGT-1,0.9938881,0.0025854623,0.0030878815,0.00043860174,0.042737026
CCTCTCCTCTTCTCAA-1,0.42596406,0.30322275,0.15868756,0.11212568,1.2628107
CCTGCATAGCAGGTCA-1,0.21585163,0.5395448,0.18402506,0.06057848,1.1451981
CCTGCATAGTTAACGA-1,0.010224079,0.029935578,0.029159969,0.93068045,0.32183105
CCTGCATCACACCTAA-1,0.24562036,0.37098408,0.32388636,0.05950918,1.2457595
CCTGCATGTAATGCGG-1,0.039521378,0.34181482,0.56746435,0.05119948,0.9683022
CCTGCATGTTGTGGCC-1,0.2716691,0.18307401,0.20587711,0.3393798,1.3569957
CCTGCATGTTTGTTGG-1,0.078905344,0.3980456,0.48317707,0.039871965,1.046976
CCTGCATTCTACGGTA-1,0.21451588,0.5972129,0.117502674,0.070768595,1.077099
CCTGTTGAGTCACAGG-1,0.35889807,0.102224216,0.24228033,0.2965974,1.3048496
CCTGTTGCAAGATCCT-1,0.3113399,0.12085015,0.26242563,0.3053843,1.3319861
CCTGTTGCACGATAGG-1,0.3007628,0.16138579,0.093190745,0.44466066,1.2372314
CCTGTTGCACTGTCGG-1,0.059757043,0.018740619,0.014041167,0.90746117,0.390911
CCTGTTGCATAATCGC-1,0.28960896,0.3627856,0.20673129,0.14087412,1.3287096
CCTGTTGGTGTCATGT-1,0.21816751,0.37665147,0.29702106,0.10816004,1.3010668
CCTGTTGTCCCTAGGG-1,0.98420596,0.009480962,0.0028507118,0.0034623686,0.09615822
CCTGTTGTCGCCTTGT-1,0.07942626,0.34288526,0.47262102,0.10506741,1.1591356
CCTGTTGTCGCTGTTC-1,0.14328186,0.1462818,0.25357705,0.4568593,1.2653985
CCTGTTGTCGTGGACC-1,0.3445741,0.10511045,0.27074403,0.27957144,1.3139743
CCTTCAGAGCTGTACT-1,0.24471834,0.1091696,0.29935887,0.34675312,1.314593
CCTTCAGCACCAGACC-1,0.030473074,0.17768297,0.18826301,0.60358095,1.0324876
CCTTCAGCAGATACTC-1,0.4214528,0.23705654,0.21146423,0.1300264,1.2991959
CCTTCAGTCCTTCAGC-1,0.99341774,0.0012394065,0.00053610175,0.004806686,0.04455035
CCTTGTGAGACAGCTG-1,0.2708289,0.32799312,0.18772282,0.21345517,1.3630751
CCTTGTGCAGATAAAC-1,0.13764688,0.4684321,0.19851975,0.19540122,1.2682163
CCTTGTGGTCAGTTTG-1,0.37805688,0.30142486,0.16330564,0.15721262,1.3160182
CCTTGTGGTGTATTCG-1,0.34707576,0.35449076,0.14267041,0.15576315,1.302352
CCTTGTGTCATTTGGG-1,0.16015694,0.46089783,0.14900278,0.22994249,1.2720139
CCTTGTGTCCATTGCC-1,0.06972593,0.3226748,0.39338312,0.2142161,1.2477466
CCTTGTGTCCTTCAGC-1,0.35880387,0.32834017,0.12756206,0.18529393,1.3084812
CCTTGTGTCCTTGAAG-1,0.23846962,0.39253005,0.24291056,0.1260898,1.3137561
CCTTGTGTCGTTGTAG-1,0.18691073,0.26787364,0.49157354,0.05364206,1.1723399
CCTTTGGAGCTCCACG-1,0.28274947,0.43374416,0.15726635,0.12623999,1.2716502
CCTTTGGAGGTACAGC-1,0.877696,0.056651354,0.04664116,0.019011552,0.49544185
CCTTTGGCAACCAACT-1,0.22333087,0.33514264,0.2152203,0.22630624,1.3680322
CCTTTGGCAAGACTGG-1,0.03106441,0.070790246,0.14344053,0.7547049,0.7862344
CCTTTGGCATGGAACG-1,0.2893508,0.38755566,0.15907364,0.16401991,1.3151398
CCTTTGGGTCGAGTTT-1,0.016638158,0.006532689,0.107490174,0.8693389,0.46248442
CCTTTGGGTGCAGATG-1,0.8396337,0.034323167,0.0054017655,0.120641366,0.54584587
CCTTTGGGTGTTCATG-1,0.27376318,0.3083561,0.23734334,0.1805374,1.3678443
CCTTTGGTCACGTAGT-1,0.23306556,0.33304197,0.24987718,0.18401535,1.3636358
CCTTTGGTCCTACTGC-1,0.3926644,0.28072807,0.15051919,0.17608842,1.3145486
CCTTTGGTCGCAAGAG-1,0.16348165,0.34742633,0.23347886,0.25561318,1.3516867
CCTTTGGTCGCGTTTC-1,0.16420202,0.31855857,0.32967582,0.18756361,1.3408084
CGAAGGAAGCATCTTG-1,0.10301669,0.36183563,0.39303544,0.14211231,1.2462914
CGAAGGAAGTCGAAAT-1,0.2514893,0.13285625,0.5323111,0.08334337,1.1580403
CGAAGGACACCGAATT-1,0.26702735,0.121861145,0.2953859,0.31572565,1.3332956
CGAAGGACAGACCAAG-1,0.04327819,0.29464832,0.421013,0.24106053,1.2031237
CGAAGGAGTAACAGTA-1,0.0023905493,0.0037325944,0.0054972135,0.9883796,0.07545494
CGAAGGAGTCGAAGCA-1,0.76634794,0.1620835,0.051149778,0.020418795,0.7303977
CGAAGGAGTGCATTAC-1,0.70214254,0.05629272,0.0051068095,0.23645793,0.77817404
CGAAGTTAGCACCGTC-1,0.61789304,0.104915395,0.015185003,0.26200658,0.94853497
CGAAGTTAGGTTATAG-1,0.07821725,0.41553557,0.46007428,0.046172876,1.0634212
CGAAGTTAGTACAGCG-1,0.3742413,0.37285516,0.19007048,0.06283312,1.2251326
CGAAGTTCAAGGCCTC-1,0.43687505,0.24709159,0.10550318,0.21053016,1.2725236
CGAAGTTGTGCTTCAA-1,0.40871647,0.34248447,0.15704262,0.09175639,1.2425686
CGAAGTTGTTATGTGC-1,0.2503915,0.24971801,0.42305148,0.07683903,1.2542961
CGAATTGAGACGCAGT-1,0.013915441,0.18144308,0.64241403,0.16222742,0.9485092
CGAATTGAGGCACTAG-1,0.38198438,0.39984658,0.17371295,0.04445611,1.1766033
CGAATTGCATCGCTGG-1,0.27891126,0.25455981,0.27317476,0.19335416,1.3766339
CGAATTGGTTCGAGCC-1,0.0048408723,0.011499885,0.00601388,0.9776454,0.13001278
CGAATTGTCCTACCAC-1,0.27379757,0.36981276,0.18604435,0.17034528,1.3369253
CGAATTGTCGACGCGT-1,0.5586299,0.13442414,0.14291953,0.16402651,1.16959
CGAATTGTCGCGTGAC-1,0.096143425,0.50205266,0.2988923,0.10291163,1.1660721
CGAATTGTCGCGTGCA-1,0.010741204,0.23864207,0.6907657,0.059851054,0.81470746
CGAATTGTCTATACTC-1,0.08835056,0.05005636,0.60134524,0.26024786,1.0204375
CGAATTGTCTGCGGGT-1,0.2773946,0.37415597,0.154276,0.19417349,1.330128
CGACAGCAGATGACAT-1,0.55043304,0.2091415,0.13833995,0.10208547,1.1624844
CGACAGCCATATACCG-1,0.09743669,0.43697125,0.21972467,0.24586742,1.2665589
CGACAGCGTAACTAAG-1,0.069923356,0.3069577,0.2861493,0.3369696,1.2731367
CGACAGCGTGTCCACG-1,0.4190309,0.3498771,0.14965612,0.08143584,1.2204043
CGACAGCGTTGTGCAT-1,0.2071339,0.058366913,0.45673317,0.27776596,1.2056636
CGACAGCTCCTACTGC-1,0.01535192,0.00038712422,0.00025260495,0.9840083,0.08511464
CGAGAAGAGGTCGTCC-1,0.12523653,0.28559324,0.21947004,0.36970022,1.3187969
CGAGAAGAGGTGGTTG-1,0.0018063837,0.0005306804,0.00079061236,0.99687237,0.024181785
CGAGAAGCACATGAAA-1,0.24569704,0.2641383,0.25948748,0.2306772,1.3849201
CGAGAAGCACTTTATC-1,0.24743323,0.29589814,0.39735842,0.05931023,1.2401743
CGAGAAGCAGGGCTTC-1,0.16936925,0.2399554,0.2581514,0.33252394,1.3589478
CGAGAAGGTCCACTCT-1,0.49879408,0.20228417,0.14103284,0.15788898,1.2379
CGAGAAGGTGGATCGA-1,0.0449397,0.1309108,0.7103872,0.113762334,0.89578766
CGAGAAGGTTTAGAGA-1,0.013326303,0.20216873,0.6140574,0.1704476,0.98177373
CGAGGAAAGAAACACT-1,0.016664328,0.16998996,0.4937289,0.3196168,1.0824804
CGAGGAAAGAGTGTTA-1,0.42678767,0.3727743,0.15131983,0.049118217,1.1650085
CGAGGAAAGCTAGTTC-1,0.0068113827,0.0110866735,0.037609518,0.94449246,0.26121104
CGAGGAACACCTAAAC-1,0.30838972,0.39021966,0.2292137,0.0721769,1.2573829
CGAGGAACACCTGAAT-1,0.8949778,0.07058239,0.0049274056,0.029512541,0.41656563
CGAGGAAGTCACCCTT-1,0.2952708,0.33399326,0.21935856,0.15137744,1.3450329
CGAGGAAGTGTGAATA-1,0.049559664,0.3940425,0.336907,0.21949089,1.2152594
CGAGGAAGTTATGTCG-1,0.27956182,0.2813271,0.112236515,0.32687455,1.3240819
CGAGGAATCACAATGC-1,0.59414375,0.23154669,0.14223973,0.032069817,1.0357951
CGAGGAATCTTGAACG-1,0.05247635,0.31370208,0.48059374,0.15322788,1.1579231
CGAGGCTAGAAGAACG-1,0.8320884,0.06224893,0.016653853,0.08900878,0.60930634
CGAGGCTAGACGCATG-1,0.238048,0.25935403,0.49190238,0.010695595,1.0892086
CGAGGCTAGAGTCCGA-1,0.11869949,0.364153,0.21312124,0.30402622,1.3122772
CGAGGCTCATGAAGGC-1,0.6033632,0.11268416,0.27033567,0.013616937,0.96297705
CGAGGCTCATGTCTAG-1,0.19280401,0.22177313,0.28719047,0.29823238,1.3705114
CGAGGCTGTAGGCAAC-1,0.03060973,0.0019476702,0.014340453,0.9531021,0.22552559
CGAGGCTTCAGGTGTT-1,0.11612271,0.4417311,0.3846544,0.057491787,1.1426486
CGAGTGCCACGACGTC-1,0.023423837,0.23732091,0.5083644,0.23089083,1.1116613
CGAGTGCCAGATTCGT-1,0.18640982,0.3643361,0.39800406,0.05125009,1.1999393
CGAGTGCGTCTGTCCT-1,0.0478074,0.33327568,0.48380077,0.13511623,1.1332908
CGAGTGCTCACGAGGA-1,0.22176044,0.54602706,0.19926816,0.03294429,1.098277
CGAGTTAAGACGATAT-1,0.72513527,0.12707335,0.06681466,0.080976754,0.8795394
CGAGTTAAGGACAACC-1,0.2560809,0.34675908,0.14687945,0.2502806,1.3445281
CGAGTTACAAGCAGGT-1,0.0698084,0.43991584,0.26622763,0.22404815,1.2345556
CGAGTTACACAAGCCC-1,0.17784005,0.25139004,0.42297786,0.14779204,1.3007294
CGAGTTACAGCTACTA-1,0.045641158,0.038948327,0.07032167,0.84508884,0.5962204
CGAGTTACAGGATTCT-1,0.024167156,0.29115072,0.61293155,0.071750574,0.93828595
CGAGTTACAGTCGGTC-1,0.24711934,0.17381744,0.34114546,0.23791772,1.3580743
CGAGTTAGTACGAGCA-1,0.56871,0.17610244,0.05391007,0.2012775,1.1069095
CGAGTTAGTCGATGCC-1,0.024951609,0.254051,0.6015902,0.119407244,0.9996791
CGAGTTATCTGCTGAA-1,0.34677637,0.07535928,0.2529182,0.3249461,1.2750573
CGATCGGCAGCAGTCC-1,0.23695838,0.31537974,0.19756466,0.2500973,1.3721303
CGATCGGTCGCTAAAC-1,0.18269396,0.4197126,0.27887434,0.118719116,1.2840682
CGATGCGAGAGGTCGT-1,0.041640665,0.023450462,0.017987963,0.91692096,0.3721735
CGATGCGAGCTGAGTG-1,0.22230636,0.20493807,0.26482606,0.30792955,1.3736933
CGATGCGCATACCGTA-1,0.021397077,0.037158508,0.026402816,0.91504157,0.38180584
CGATGCGGTAGTCTTG-1,0.0027625326,0.00066223874,0.008903679,0.9876716,0.07541232
CGATGCGGTTCGAAGG-1,0.09660585,0.29231262,0.5085545,0.10252696,1.1626979
CGATGCGTCGGTCATA-1,0.17525914,0.46789458,0.1659437,0.19090262,1.2747693
CGATGGCAGACGGATC-1,0.28983843,0.3351787,0.11611003,0.25887284,1.3251817
CGATGGCAGATGGTAT-1,0.08544309,0.26449087,0.419129,0.23093703,1.2648695
CGATGGCAGCGATGGT-1,0.104070336,0.3959689,0.28488198,0.21507876,1.2905554
CGATGGCCAACGGCTC-1,0.094240606,0.21894443,0.4548378,0.23197709,1.2524235
CGATGGCCAGGTTCCG-1,0.3053094,0.4420682,0.17466864,0.07795374,1.2267674
CGATGGCGTATCGCGC-1,0.1067337,0.31594276,0.20138407,0.37593955,1.2933536
CGATGGCTCGGCAGTC-1,0.0033593161,0.11503216,0.8168956,0.06471299,0.6102798
CGCAGGTCAACACAGG-1,0.15997922,0.5311175,0.19775853,0.111144654,1.1939572
CGCAGGTCAGCCTACG-1,0.21737276,0.55902565,0.1955764,0.028025135,1.076171
CGCAGGTGTACTTGTG-1,0.2230723,0.27392688,0.24377494,0.25922585,1.3834326
CGCAGGTGTATCGCAT-1,0.31590137,0.3968631,0.23489517,0.05234031,1.2254639
CGCAGGTGTCACTCGG-1,0.553019,0.34383458,0.06683396,0.036312442,0.9958834
CGCAGGTGTCGAACGA-1,0.56182843,0.270163,0.102894634,0.06511398,1.0893514
CGCAGGTGTTCTCTAT-1,0.41290748,0.3668115,0.14233321,0.07794779,1.2094989
CGCAGGTTCCATGAGT-1,0.8904172,0.031169262,0.006130528,0.07228296,0.43258265
CGCAGGTTCCGAGAAG-1,0.028202748,0.35249615,0.40611556,0.21318556,1.1636459
CGCATAAAGCATCAAA-1,0.08314432,0.25554574,0.17967251,0.48163745,1.2157457
CGCATAAAGGCCACCT-1,0.13652368,0.24839132,0.52339405,0.09169093,1.1757369
CGCATAACAATCCTTT-1,0.01721674,0.34508172,0.54413974,0.09356182,0.9898864
CGCATAACAATCGAAA-1,0.98878396,0.002743271,0.0009227415,0.0075500244,0.070673555
CGCATAACAGCGCGTT-1,0.0018776612,0.0033935704,0.024281764,0.970447,0.15047511
CGCATAACAGCTATAC-1,0.036927108,0.2638179,0.45320293,0.246052,1.1770407
CGCATAAGTGTTATCG-1,0.8402069,0.018403262,0.0007562182,0.1406336,0.50111276
CGCATAATCAGAGTGG-1,0.4519952,0.14973922,0.18952358,0.20874198,1.2855064
CGCATGGAGACACACG-1,0.53499544,0.31978297,0.12171497,0.023506666,1.0437285
CGCATGGAGAGTTGCG-1,0.44913897,0.21110281,0.21301726,0.1267409,1.279056
CGCATGGAGCTGGAGT-1,0.119183935,0.4449087,0.419145,0.016762355,1.0468376
CGCATGGAGGTTAAAC-1,0.15753707,0.23585159,0.4939263,0.11268502,1.226253
CGCATGGCATCTCCCA-1,0.35649738,0.44594818,0.14340465,0.054149732,1.164233
CGCATGGGTAAGTTAG-1,0.059699293,0.36109984,0.4411899,0.13801102,1.1704121
CGCATGGGTGTAGTGG-1,0.01610495,0.04430772,0.6866624,0.25292498,0.81039214
CGCATGGGTTAAGACA-1,0.31530756,0.032529663,0.2802456,0.37191722,1.1997185
CGCCAGACACCGTGCA-1,0.20154542,0.4646081,0.17900765,0.15483883,1.2757574
CGCCAGAGTAGAATAC-1,0.1567882,0.057206757,0.3461428,0.43986225,1.1826601
CGCCAGAGTATGCAAA-1,0.064105205,0.18885668,0.52152735,0.22551079,1.1662756
CGCCAGAGTATTTCGG-1,0.21475317,0.4834465,0.25043672,0.051363543,1.1809548
CGCCAGAGTGAATGAT-1,0.062387828,0.5024816,0.38311076,0.0520198,1.0402396
CGCCAGAGTTGCAACT-1,0.28652647,0.38178036,0.1994299,0.13226324,1.3148592
CGCCAGAGTTTACGAC-1,0.0055019897,0.08171547,0.25559178,0.6571908,0.85783005
CGCCAGATCCATAGGT-1,0.2374183,0.24288799,0.19771501,0.32197872,1.3704861
CGCCATTAGACGGATC-1,0.30986488,0.11358314,0.27480525,0.3017467,1.3266188
CGCCATTCAGAGTTGG-1,0.27911794,0.08492046,0.3435165,0.29244512,1.2922148
CGCGTGACAAGGTCGA-1,0.50868034,0.33404207,0.09516117,0.062116396,1.1065505
CGCGTGACACTTGACA-1,0.13378464,0.334019,0.4716263,0.060569976,1.159677
CGGAACCAGTTCGGTT-1,0.17011875,0.3865505,0.20874287,0.23458788,1.3359001
CGGAACCCAACCAACT-1,0.2905147,0.44890332,0.18316692,0.077415064,1.2276256
CGGAACCCATGTAACC-1,0.22700988,0.068149775,0.3415214,0.36331892,1.2544179
CGGAACCGTGAAGCTG-1,0.024627322,0.28319484,0.512346,0.17983177,1.0996789
CGGAACCTCCAATGCA-1,0.40808156,0.32850736,0.15355602,0.109855145,1.2617934
CGGAACCTCGGAATGG-1,0.20994814,0.16416806,0.3724445,0.25343928,1.3400662
CGGAACCTCTGTGTGA-1,0.7094497,0.2197164,0.045245063,0.025588868,0.81035376
CGGAACCTCTTGAGCA-1,0.5760575,0.3118066,0.07987546,0.032260414,0.99374163
CGGAATTCATGTGTCA-1,0.15214749,0.47075346,0.24563429,0.13146478,1.2527475
CGGAATTTCGTGGACC-1,0.11659429,0.5297479,0.30201715,0.05164067,1.1017759
CGGAATTTCTCCGAGG-1,0.26874715,0.1070699,0.32397297,0.30020997,1.3187361
CGGACACAGCACTCAT-1,0.0627035,0.35477856,0.4832024,0.0993155,1.1220976
CGGACACAGTCGAGGT-1,0.50006557,0.3018185,0.13269018,0.06542575,1.1545157
CGGACACCAGCGATTT-1,0.35584974,0.11990418,0.26341102,0.26083502,1.3239332
CGGACACCATCCAATG-1,0.22897476,0.29689544,0.17181432,0.30231547,1.362363
CGGACACGTTGTCAGT-1,0.31642944,0.43454987,0.17247571,0.07654496,1.2261113
CGGACACTCGGTCTAA-1,0.42430806,0.40906632,0.11826977,0.048355874,1.1283716
CGGACACTCGTGAGAG-1,0.08403708,0.35603726,0.44960558,0.11032007,1.1783984
CGGACACTCTAAGCCA-1,0.038480874,0.1862351,0.5298569,0.24542709,1.1196716
CGGAGAAAGAATCCCT-1,0.09065742,0.14515035,0.056757305,0.7074349,0.9054615
CGGAGAAAGTGATAAC-1,0.201399,0.37151492,0.29424447,0.13284163,1.318713
CGGAGAATCTGTGCTC-1,0.27909157,0.3935905,0.15303968,0.17427821,1.3149284
CGGCAGTCACCAGCCA-1,0.090078615,0.28017104,0.27957556,0.3501748,1.2970635
CGGGACTAGCACTCCG-1,0.3839253,0.2995909,0.15023464,0.16624925,1.3117163
CGGGACTGTACACTCA-1,0.5893137,0.30399424,0.073838405,0.032853607,0.97823876
CGGGACTGTTAGGCTT-1,0.88902634,0.03745852,0.054465137,0.019050032,0.4615634
CGGGACTTCCGTGACG-1,0.18553132,0.34695387,0.20824516,0.25926965,1.3565356
CGGGCATAGATCCCGC-1,0.08348799,0.37348163,0.44368863,0.09934187,1.1650969
CGGGCATAGGACAACC-1,0.00063470786,1.1715396e-05,5.662829e-06,0.99934787,0.0055262404
CGGGCATCATACATCG-1,0.21550207,0.41050187,0.2714934,0.10250266,1.283715
CGGGCATGTGGCATCC-1,0.20008752,0.37384215,0.2740516,0.15201877,1.3308808
CGGGCATTCTTGGTCC-1,0.47750798,0.3367514,0.12556966,0.06017097,1.1491437
CGGGTCAAGCCGTTGC-1,0.263331,0.4221476,0.24164107,0.0728803,1.2495065
CGGGTCAGTCAGTTTG-1,0.2807385,0.49768806,0.16511665,0.056456808,1.1635735
CGGGTCAGTCGGATTT-1,0.08551083,0.349722,0.53511155,0.02965559,1.0166306
CGGGTCAGTCGTCAGC-1,0.28798327,0.359349,0.24811351,0.10455415,1.3082029
CGGGTGTCAAGCACAG-1,0.03198689,0.33861336,0.53929,0.090109766,1.026678
CGGGTGTCACCTTCGT-1,0.17791879,0.45037135,0.32733056,0.044379298,1.170216
CGGGTGTGTCATAAAG-1,0.5437053,0.1298898,0.09968906,0.22671588,1.1627321
CGGGTGTGTCATTCCC-1,0.36669984,0.07566578,0.20596568,0.3516687,1.2561555
CGGGTGTGTCGGCCTA-1,0.2751492,0.23871532,0.23549207,0.25064343,1.384381
CGGGTGTGTGCGGATA-1,0.096038714,0.3870306,0.32904217,0.18788853,1.2722938
CGGGTGTTCCGAACGC-1,0.18740545,0.46459714,0.28309312,0.06490431,1.2047205
CGGGTGTTCTTTCTAG-1,0.0014644065,0.0009282772,0.007328813,0.99027854,0.06174063
CGGTCAGAGTAAGCAT-1,0.27370772,0.06312827,0.3229825,0.3401815,1.2608695
CGGTCAGCAAGTGACG-1,0.35446057,0.33333814,0.15946195,0.15273933,1.3136011
CGGTCAGCAGCTTCCT-1,0.47444463,0.35085407,0.097102046,0.07759924,1.1460304
CGGTCAGCATCGAACT-1,0.2949254,0.5050777,0.18415426,0.015842654,1.0823576
CGGTCAGCATTAGGCT-1,0.19774988,0.2795864,0.29009232,0.2325713,1.3750451
CGGTCAGGTAACCAGG-1,0.8169467,0.07279123,0.08222755,0.028034529,0.6615266
CGGTCAGGTCAATCTG-1,0.18017657,0.1290761,0.29825917,0.39248812,1.3009601
CGGTCAGTCATGGAGG-1,0.028116925,0.032443136,0.4626273,0.47681266,0.9213911
CGGTCAGTCCATAGAC-1,0.068883516,0.32024044,0.40125823,0.20961781,1.2428695
CGGTCAGTCTGTCCGT-1,0.09700271,0.045077313,0.8036991,0.05422094,0.6996902
CGTAAGTAGGAACGCT-1,0.20878239,0.30584943,0.21035546,0.27501273,1.3723375
CGTAAGTAGGTTCAGG-1,0.03663589,0.32741722,0.5251105,0.110836424,1.0687678
CGTAAGTCAGCCTACG-1,0.0557561,0.3691612,0.53438765,0.04069505,0.99398875
CGTAAGTTCATGGTAC-1,0.49418753,0.24303938,0.19111374,0.071659334,1.1972637
CGTAAGTTCCATGATG-1,0.21577276,0.23305942,0.53358513,0.017582638,1.076549
CGTAATGAGTCATCGT-1,0.9905132,0.003207973,0.0060232095,0.00025564595,0.06076841
CGTAATGGTAAGCGGT-1,0.24664213,0.10734614,0.42175996,0.22425184,1.2841845
CGTAATGGTCTAGGCC-1,0.10805817,0.2220899,0.5865225,0.0833294,1.0946168
CGTAATGGTCTGCGCA-1,0.12059777,0.39755502,0.31251788,0.16932927,1.2860144
CGTAATGGTGGCTGCT-1,0.065766245,0.13733122,0.4452226,0.35168,1.1794275
CGTAATGTCAGTGCGC-1,0.08493094,0.30752248,0.2681608,0.33938578,1.2917565
CGTAATGTCTGAGGCC-1,0.6310626,0.24501435,0.07485482,0.04906822,0.9770647
CGTAGTAGTTCTTGCC-1,0.3657964,0.12522617,0.25995448,0.24902302,1.3244653
CGTAGTATCAACCCGG-1,0.31777734,0.45786417,0.16644411,0.05791436,1.185413
CGTAGTATCACTCCGT-1,0.06439962,0.3811111,0.4403853,0.11410401,1.1531113
CGTAGTATCCTCCACA-1,0.13999234,0.45776027,0.28990358,0.11234381,1.2375125
CGTAGTATCGGTGAAG-1,0.3377796,0.41041726,0.0823934,0.16940969,1.2385733
CGTAGTATCTCCTGAC-1,0.26350704,0.37801334,0.17804396,0.18043564,1.3354034
CGTCAAAAGTCCTGCG-1,0.2804281,0.4171838,0.1869969,0.11539123,1.2839706
CGTCAAACACAAGCTT-1,0.24639428,0.4638038,0.18473902,0.10506282,1.2502087
CGTCAAACACCAGCGT-1,0.22605765,0.38728032,0.19560826,0.19105378,1.3389113
CGTCAAAGTACACGTT-1,0.03415998,0.2743536,0.2513402,0.44014624,1.1784728
CGTCAAAGTGAATGTA-1,0.10301894,0.45429868,0.23696694,0.20571542,1.2590708
CGTCAAAGTTTCGTAG-1,0.15392594,0.47259876,0.25286123,0.120614134,1.2450365
CGTCAAATCGTTCAGA-1,0.02840368,0.33954218,0.5383046,0.09374954,1.023217
CGTCCATCATCGTCCT-1,0.08561689,0.43766165,0.21201652,0.2647049,1.2527659
CGTCCATGTTCCTAGA-1,0.20467119,0.2764751,0.17780349,0.3410502,1.3540828
CGTCCATTCACCTTAT-1,0.46367356,0.32381964,0.069562696,0.14294405,1.1849871
CGTCCATTCAGTCATG-1,0.2938431,0.2014937,0.05070911,0.45395407,1.1923759
CGTCCATTCCGAGGCT-1,0.47754347,0.32007602,0.14703202,0.055348456,1.1596422
CGTGAATAGACAGCTG-1,0.46324646,0.21657497,0.25983164,0.060346857,1.2074001
CGTGAATAGCAGATAT-1,0.91063267,0.05587315,0.02865881,0.0048352913,0.37401053
CGTGAATAGTTTCAGC-1,0.07204502,0.38960087,0.38317814,0.15517595,1.2134511
CGTGAATCAAGGCCTC-1,0.2162885,0.36987564,0.23028442,0.18355142,1.3483688
CGTGAATCACGCGTGT-1,0.36269447,0.15017873,0.24322967,0.24389708,1.3405777
CGTGAATGTACAGAAT-1,0.06823472,0.32213795,0.38488308,0.22474428,1.2510955
CGTGAATGTACGAGTG-1,0.2598777,0.2576672,0.22889139,0.25356364,1.3850428
CGTGAATGTCTACGTA-1,0.5546798,0.06463285,0.003911645,0.3767757,0.89339805
CGTGATAAGATAACGT-1,0.05031804,0.0037476702,0.022495255,0.923439,0.33026668
CGTGATAAGTATTAGG-1,0.037163753,0.34397724,0.55672795,0.062131032,0.9881396
CGTGATACACATAACC-1,0.8507395,0.06051436,0.018221404,0.070524715,0.5672531
CGTGATACATCGATGT-1,0.32916015,0.1427071,0.3363288,0.19180399,1.3268199
CGTGATATCCCGAACG-1,0.37632367,0.38923568,0.13871056,0.095730096,1.2336627
CGTGCTTAGCTGAGCA-1,0.38347337,0.436499,0.1469049,0.03312266,1.1240237
CGTGCTTAGTGGCGAT-1,0.32213926,0.3653272,0.14403237,0.1685012,1.3119438
CGTGCTTCAATCAAGA-1,0.04177344,0.5128679,0.31015763,0.13520098,1.108742
CGTGCTTCACTGTTCC-1,0.14634486,0.12807977,0.44259372,0.28298163,1.262449
CGTGCTTCATGGCGCT-1,0.0484547,0.43665868,0.28553417,0.22935247,1.2041025
CGTGCTTGTCCCGCAA-1,0.47878733,0.3867781,0.08595545,0.048479088,1.0776846
CGTGCTTGTGAATGTA-1,0.25725487,0.093650766,0.630408,0.01868643,0.9362879
CGTGCTTGTGACCTGC-1,0.25096485,0.09312804,0.29613164,0.35977548,1.2961771
CGTGCTTTCCATCCGT-1,0.5936408,0.21141662,0.12234492,0.072597675,1.0855443
CGTGTCTCAAGTGGTG-1,0.13670465,0.36242455,0.32792205,0.17294875,1.3089817
CGTGTCTTCCAAAGGG-1,0.55383515,0.31541368,0.0896443,0.041106887,1.0386107
CGTGTCTTCGCGCTGA-1,0.330103,0.4311646,0.12693316,0.11179922,1.2355535
CGTTAGAAGCAATAGT-1,0.14598203,0.31702045,0.23089926,0.3060983,1.3459189
CGTTAGAGTAGACTGG-1,0.32159582,0.380574,0.19562413,0.10220608,1.2847807
CGTTAGAGTCCTTGTC-1,0.28186673,0.09389641,0.22357903,0.40065783,1.2804315
CGTTAGAGTGCCCAGT-1,0.27299806,0.09871802,0.30912882,0.31915513,1.3104277
CGTTAGAGTTGGAGGT-1,0.89027613,0.060081143,0.0027826698,0.046860103,0.43221653
CGTTAGATCAAGAGGC-1,0.114302725,0.3760132,0.42201054,0.087673575,1.1931902
CGTTAGATCCGGGACT-1,0.24261717,0.2836341,0.19502042,0.27872834,1.3758812
CGTTAGATCCTCGCAT-1,0.2888436,0.06711709,0.30549765,0.33854172,1.268951
CGTTCTGAGACCATAA-1,0.002549245,0.005650545,0.0047304393,0.9870697,0.08264301
CGTTCTGAGTCAGCGA-1,0.06568737,0.4232637,0.2617732,0.24927574,1.2399032
CGTTCTGGTGCTGCAC-1,0.060300462,0.0895249,0.054023348,0.7961513,0.7245476
CGTTCTGTCATCCTAT-1,0.042409237,0.016634911,0.8749943,0.065961495,0.49834377
CGTTCTGTCCTAGCGG-1,0.20379058,0.2638635,0.14836353,0.3839824,1.3263365
CGTTCTGTCGTGGTAT-1,0.25029284,0.0028591643,0.34209862,0.40474942,1.0964782
CGTTGGGAGACCTGGA-1,0.16408873,0.40520382,0.31692043,0.11378705,1.2740949
CGTTGGGAGACTCCGC-1,0.34298456,0.32218653,0.18366243,0.15116651,1.3287884
CGTTGGGCACTTTAGG-1,0.5130767,0.38889584,0.086263224,0.011764238,0.97332174
CGTTGGGGTTCGTTCC-1,0.40351015,0.08108948,0.27857444,0.23682593,1.267089
CGTTGGGTCCAGTACA-1,0.26800516,0.21323927,0.38665292,0.13210261,1.3172301
CGTTGGGTCGGCTATA-1,0.41325876,0.1313618,0.20329672,0.25208274,1.3030664
CTAACCCAGCTCTTCC-1,0.0054273237,0.017727146,0.011734831,0.9651107,0.18623516
CTAACCCCACGTGTGC-1,0.22009471,0.26865903,0.23398007,0.27726617,1.3817899
CTAACCCCACTATCCC-1,0.07834854,0.28947014,0.35586315,0.2763182,1.2814605
CTAACCCGTATACCTG-1,0.02717917,0.3354245,0.5690931,0.06830319,0.9685092
CTAACCCTCGACGATT-1,0.023112468,0.04734561,0.05467349,0.87486845,0.50734663
CTAACTTAGAAGTATC-1,0.33342874,0.4196897,0.15621315,0.09066842,1.2382735
CTAACTTAGTCCTACA-1,0.08657715,0.2793838,0.5252992,0.10873985,1.147544
CTAACTTAGTCTGTAC-1,0.0046527344,0.0007029373,0.013089156,0.98155516,0.105117954
CTAACTTCATTATGCG-1,0.018697133,0.24238268,0.42800042,0.31091982,1.1443542
CTAACTTGTAAGCGGT-1,0.04812928,0.3419174,0.52805746,0.081895895,1.0550785
CTAACTTGTAGCCCTG-1,0.46665198,0.055558242,0.2913253,0.18646446,1.1887157
CTAACTTGTGTTGACT-1,0.27664664,0.3445555,0.26202697,0.1167709,1.3243239
CTAACTTGTTAGGGTG-1,0.6020018,0.16759805,0.030821426,0.19957872,1.0337492
CTAAGTGAGGTGTGAC-1,0.46455866,0.35636643,0.09027918,0.08879581,1.1559787
CTAAGTGAGTGAGCCA-1,0.029724147,0.33292595,0.6223851,0.014964816,0.8286833
CTAAGTGCACGCGGTT-1,0.7194353,0.12289783,0.03488252,0.122784354,0.8691217
CTAAGTGTCACGGGCT-1,0.032138865,0.02916593,0.0103806,0.92831457,0.3300468
CTACAGAAGGAGATAG-1,0.085234396,0.3971105,0.39591822,0.12173693,1.1998267
CTACAGAAGGTTTACC-1,0.90448946,0.036440402,0.012789792,0.046280384,0.4094637
CTACAGAAGTGAATAC-1,0.07917975,0.32001695,0.30607495,0.29472837,1.2878637
CTACAGACAACGGTAG-1,0.15038626,0.20500301,0.5929774,0.051633384,1.0726979
CTACAGACACCGTCGA-1,0.39048982,0.40296385,0.11534895,0.09119732,1.2009785
CTACAGACAGAACCGA-1,0.024688339,0.26466545,0.5444528,0.16619346,1.0724633
CTACAGACATTGTGCA-1,0.35811427,0.31036806,0.1950368,0.13648087,1.3214903
CTACAGATCCGTGGTG-1,0.50345665,0.3855371,0.086350836,0.024655407,1.0157585
CTACATTAGTCCGCCA-1,0.18441617,0.6122359,0.17622946,0.027118456,1.0159123
CTACATTCACTGGATT-1,0.12830731,0.29332545,0.13656166,0.44180554,1.2560084
CTACATTGTCGTATTG-1,0.08199593,0.38762826,0.34073114,0.18964472,1.2545934
CTACATTGTTGCCATA-1,0.2933042,0.20568027,0.25445864,0.24655683,1.3784964
CTACCCAAGAGATTCA-1,0.28099996,0.10001638,0.2745768,0.34440678,1.3089929
CTACCCAAGGTATTGA-1,0.01292088,0.023564784,0.008034456,0.9554799,0.22678497
CTACCCAGTCTCTCTG-1,0.10910933,0.10245822,0.0476193,0.74081314,0.84237874
CTACCCATCTCATGGA-1,0.24550225,0.13113485,0.41862133,0.20474163,1.300452
CTACCTGAGACCGTTT-1,0.25897893,0.44495276,0.15788643,0.13818185,1.2751266
CTACCTGAGACGCCAA-1,0.4340985,0.20267865,0.28683132,0.0763915,1.240433
CTACCTGAGCCTCCAG-1,0.019853406,0.17431559,0.30720147,0.4986295,1.0918901
CTACCTGCACCAGACC-1,0.0356206,0.14660078,0.2829297,0.5348489,1.0921762
CTACCTGCATACCAGT-1,0.05982092,0.037815634,0.11564997,0.7867135,0.7305313
CTACCTGTCCGGTTCT-1,0.1994215,0.31889862,0.26117903,0.22050078,1.3700085
CTACCTGTCTCGACCT-1,0.67774516,0.06529488,0.0033592277,0.25360072,0.80888444
CTACGGGCACAAAGTA-1,0.30066693,0.10832639,0.2779429,0.3130638,1.3215315
CTACGGGGTCGATTCA-1,0.61321944,0.25450635,0.09037101,0.0419032,0.9983283
CTACGGGGTTGGAGGT-1,0.3749743,0.09931019,0.3139092,0.21180622,1.2896214
CTACTATAGAAGGCTC-1,0.28766027,0.2904708,0.2204097,0.20145915,1.3736026
CTACTATCAACAGAGC-1,0.7717013,0.09179456,0.12565549,0.010848763,0.7289291
CTACTATCAATACGAA-1,0.21494351,0.40735307,0.14507654,0.23262693,1.3155972
CTACTATCATTATGCG-1,0.19721813,0.14856118,0.4765759,0.17764479,1.2636117
CTACTATGTAGCTCGC-1,0.16827348,0.11599858,0.07559508,0.64013284,1.0305369
CTACTATGTCAAGCCC-1,0.27989978,0.4509995,0.19369985,0.075400926,1.2283833
CTACTATGTTCCCAAA-1,0.08729359,0.1399289,0.077986225,0.69479126,0.94001484
CTACTATGTTGGTGTT-1,0.055206478,0.34682223,0.48921844,0.10875289,1.1182326
CTACTATGTTTCACAG-1,0.67128754,0.23434842,0.0626811,0.031682868,0.89055
CTACTATTCACCTCTG-1,0.33188513,0.466206,0.15907209,0.042836744,1.1492218
CTACTATTCCCGTGTT-1,0.74286133,0.14498548,0.09018641,0.021966847,0.8016488
CTACTATTCCGGTAAT-1,0.006826397,0.1413213,0.22791938,0.62393296,0.9419248
CTACTATTCCTTATGT-1,0.0012628805,0.0009818876,0.031511545,0.9662437,0.15735762
CTACTATTCTCCTACG-1,0.20998193,0.3651218,0.16584052,0.25905564,1.3434751
CTAGACACAAAGCACG-1,0.021632668,0.22855468,0.47633705,0.27347556,1.1281105
CTAGACATCCTAGCCT-1,0.6245631,0.05270133,0.15309554,0.16964003,1.0373576
CTAGACATCGAGTGAG-1,0.050742395,0.2481035,0.2490343,0.45211983,1.2021916
CTAGGTAAGTAATTGG-1,0.07875818,0.10729937,0.050285887,0.7636565,0.79592687
CTAGGTACAAAGTATG-1,0.302023,0.2596352,0.22123876,0.21710299,1.377051
CTAGGTAGTTATCCAG-1,0.00029251908,0.0025841112,0.01179714,0.9853262,0.08472101
CTAGGTATCAAGCCTA-1,0.065473594,0.31689563,0.3776859,0.23994477,1.2528933
CTAGGTATCGGTTGTA-1,0.18157911,0.32384247,0.25231808,0.24226028,1.3658384
CTAGGTATCGTTGCCT-1,0.09735774,0.33390862,0.47150427,0.097229466,1.1741425
CTAGGTATCTACAGGT-1,0.023186851,0.3255518,0.59752303,0.053738285,0.9174372
CTAGGTATCTAGTGAC-1,0.025524871,0.035878126,0.08110709,0.85748994,0.54859215
CTATAGGAGGCCATAG-1,0.2310185,0.39936885,0.18656196,0.18305069,1.3291249
CTATAGGCAAAGCACG-1,0.6551129,0.16814968,0.16273113,0.014006283,0.9321187
CTATAGGCAACGTAAA-1,0.19165188,0.49213088,0.17987548,0.1363418,1.2457973
CTATAGGCACGTAGAG-1,0.36392137,0.09346963,0.26796883,0.27464014,1.297192
CTATAGGCACGTTCGG-1,0.08000561,0.45256114,0.4294366,0.037996605,1.0481254
CTATAGGCAGGCTATT-1,0.81345665,0.04791253,0.13079633,0.007834568,0.61757094
CTATCCGAGATTAGCA-1,0.11775714,0.20728149,0.10166596,0.5732954,1.1294622
CTATCCGAGTTCACTG-1,0.17889924,0.11562318,0.32150477,0.38397282,1.2896788
CTATCCGGTGAGACGT-1,0.01057118,0.015883688,0.004819134,0.968726,0.17038314
CTATCCGGTGTCATCA-1,0.2011526,0.18551843,0.30154523,0.3117837,1.3599813
CTATCCGTCCACAGCG-1,0.09642517,0.27209365,0.2547878,0.37669334,1.2958491
CTATCCGTCGTTCATT-1,0.26947442,0.2811762,0.23923662,0.21011278,1.3800858
CTATCCGTCTACACTT-1,0.00034392715,0.0021893461,0.017116684,0.98035,0.105231956
CTATCTAAGCTAATGA-1,0.6252609,0.25811583,0.07091914,0.04570427,0.97188294
CTATCTAAGGTTACCT-1,0.7423209,0.10533297,0.027528504,0.12481755,0.8168876
CTATCTAAGTATCCTG-1,0.0033771105,0.018391134,0.021950768,0.956281,0.21928516
CTATCTAGTAGTTACC-1,0.0800402,0.49356952,0.17879286,0.24759747,1.2040555
CTATCTAGTCAAAGTA-1,0.23436706,0.12913072,0.3161431,0.32035908,1.3330836
CTATCTATCGTTGCCT-1,0.43324226,0.07384094,0.17435123,0.31856552,1.223759
CTCAACCAGACGACTG-1,0.25011274,0.25982395,0.43084964,0.059213724,1.2269425
CTCAACCAGCAAATCA-1,0.2638447,0.18087697,0.28148896,0.27378944,1.3723323
CTCAACCAGCGGGTTA-1,0.23214868,0.20211685,0.22418852,0.34154594,1.3643267
CTCAACCCACTCGATA-1,0.14206593,0.31863767,0.2953695,0.24392685,1.3460274
CTCAACCCATCCAATG-1,0.25456303,0.07074983,0.2971109,0.3775763,1.2640246
CTCAACCGTCCGGCAT-1,0.7568268,0.09834707,0.13779306,0.0070331036,0.7469295
CTCAACCTCCATCACC-1,0.01284683,0.013668657,0.004334088,0.9691505,0.16856985
CTCAACCTCTGTGTGA-1,0.10125552,0.33661237,0.38366318,0.1784689,1.2735057
CTCAAGAAGACCTGGA-1,0.24822864,0.46367705,0.17845218,0.10964212,1.2521682
CTCAAGAAGGCTCACC-1,0.4250788,0.27910507,0.056652647,0.2391635,1.2246199
CTCAAGAAGTAAGAGG-1,0.32313862,0.38865486,0.24763201,0.040574558,1.2080182
CTCAAGAAGTCCCTAA-1,0.17981209,0.5015542,0.26493055,0.05370318,1.1635709
CTCAAGACATGGCCCA-1,0.2694728,0.10426808,0.23940681,0.3868523,1.2987368
CTCAAGACATTGCCTC-1,0.41485536,0.35530293,0.13220963,0.0976321,1.2273166
CTCAAGAGTGTCATTG-1,0.8885472,0.08398776,0.020871103,0.006593903,0.42691258
CTCAATTAGCTGAGCA-1,0.48708472,0.04624295,0.09198602,0.3746864,1.0798185
CTCAATTCAACAAGAT-1,0.5318674,0.28079075,0.104693756,0.08264808,1.1347648
CTCAATTGTTTACGAC-1,0.18405896,0.33620667,0.38577867,0.09395569,1.2676445
CTCAATTTCGCCGTGA-1,0.2828377,0.39710298,0.16122408,0.1588353,1.3104055
CTCAATTTCTTCCACG-1,0.28454083,0.086874105,0.295951,0.33263406,1.2963653
CTCACTGAGTGATAAC-1,0.22998357,0.07655562,0.39621884,0.297242,1.2621771
CTCACTGCAAGTTCCA-1,0.30570254,0.4097905,0.16368032,0.12082665,1.2794691
CTCACTGCAGCGTTGC-1,0.35311177,0.3958239,0.17616111,0.07490314,1.2344174
CTCACTGCATACAGGG-1,0.30361587,0.39629048,0.20572987,0.09436375,1.2767704
CTCACTGGTTCCTAGA-1,0.20048462,0.4301675,0.35743994,0.011907925,1.1055518
CTCACTGTCAAACTGC-1,0.325594,0.46003953,0.17351267,0.040853776,1.1570934
CTCACTGTCCAGTTCC-1,0.16531621,0.47304386,0.23654278,0.12509714,1.2526983
CTCAGAAAGATCCCAT-1,0.2918737,0.098273,0.28995097,0.31990236,1.3109944
CTCAGAAAGCGACTGA-1,0.36315018,0.058439728,0.19426124,0.38414884,1.2196356
CTCAGAAAGTTGCTGT-1,0.04950105,0.3982493,0.5185487,0.033700928,0.9702432
CTCAGAACACAGCCAC-1,0.5416763,0.3552098,0.08052884,0.02258504,0.9882246
CTCAGAACAGGCGAAT-1,0.045346465,0.37737328,0.3741586,0.20312165,1.1996257
CTCAGAAGTCTTCATT-1,0.12902197,0.3319877,0.38058496,0.15840536,1.2898163
CTCAGAATCAATGTCG-1,0.9940217,0.00084649463,0.0043286085,0.00080318464,0.041231558
CTCAGAATCAGATGCT-1,0.4787758,0.19745979,0.03491574,0.28884867,1.1487958
CTCAGAATCAGTGTTG-1,0.28036052,0.33408228,0.35498473,0.03057247,1.1970826
CTCAGAATCTCTATAC-1,0.14538898,0.3252104,0.42703494,0.10236571,1.2423348
CTCAGGGAGATACCAA-1,0.0660443,0.3982143,0.3406761,0.19506527,1.2317992
CTCAGGGCACTGTGAT-1,0.77832955,0.12053876,0.010529176,0.09060244,0.7155944
CTCAGGGCAGGCACTC-1,0.26400405,0.51509285,0.15042016,0.07048299,1.1652071
CTCAGGGGTAGTGGCA-1,0.20338278,0.43214372,0.24640352,0.118070014,1.2839001
CTCAGGGTCATACAGC-1,0.3740335,0.3523638,0.23805924,0.035543438,1.1956553
CTCAGGGTCTCGGTAA-1,0.003352642,0.00644931,0.015698412,0.97449964,0.14201899
CTCAGGGTCTGTAACG-1,0.9782015,0.00036356825,0.00018851423,0.021246366,0.107887074
CTCAGGGTCTTCCAGC-1,0.035806987,0.21313833,0.22143082,0.52962387,1.1191573
CTCAGTCCAAGTATCC-1,0.3337374,0.20048228,0.17337975,0.2924006,1.3517776
CTCAGTCCACATCATG-1,0.21670087,0.44623855,0.20184445,0.13521609,1.2850121
CTCAGTCGTAGCTTAC-1,0.31779316,0.4358069,0.16773355,0.07866638,1.2257459
CTCAGTCTCAACTGGT-1,0.0511644,0.5379851,0.34781978,0.06303074,1.0271547
CTCATCGCAATCCTAG-1,0.1145514,0.37068155,0.50751823,0.007248878,0.99599594
CTCATCGCAATTTCGG-1,0.24928197,0.33955988,0.21503572,0.1961225,1.3630415
CTCATCGGTCGGTAAG-1,0.10024618,0.40271524,0.420833,0.076205604,1.1572753
CTCATCGGTTCTCAGA-1,0.104054265,0.2538932,0.21884395,0.42320862,1.2799294
CTCATCGTCATGAGGG-1,0.6011894,0.27348098,0.104316995,0.021012645,0.97744083
CTCATCGTCATGGTAC-1,0.050755706,0.3909751,0.4352756,0.12299364,1.1382583
CTCATCGTCCAGTGTA-1,0.049428638,0.34843525,0.5107283,0.091407776,1.0778528
CTCATCGTCTGGTTGA-1,0.12953559,0.26185217,0.5697536,0.0388587,1.062342
CTCATGCAGCACTCGC-1,0.20019606,0.25643232,0.49726012,0.046111524,1.1602612
CTCATGCAGTCGAGGT-1,0.3947199,0.04901168,0.29149902,0.26476932,1.225915
CTCATGCCAAGTGCAG-1,0.022942998,0.0005053634,0.02745484,0.9490968,0.23873082
CTCATGCTCACGGGCT-1,0.60231286,0.26596504,0.10215124,0.029570805,0.99475664
CTCATGCTCTTCCCGA-1,0.31962216,0.31048375,0.3240149,0.045879193,1.2342569
CTCATTAAGCATTTCG-1,0.22974908,0.044277787,0.25659388,0.4693793,1.1799803
CTCATTAAGTGACCTT-1,0.026811501,0.41320223,0.43283835,0.12714791,1.0869098
CTCATTACAGTGGGTA-1,0.21103545,0.3991854,0.16275893,0.22702023,1.3269906
CTCATTAGTTTCGGCG-1,0.46787298,0.29095632,0.11153495,0.12963575,1.2240784
CTCATTATCTGGGCAC-1,0.5041275,0.35848626,0.09741619,0.039970037,1.0685964
CTCCAACAGAAACTGT-1,0.18117791,0.039172538,0.0669947,0.7126548,0.85892594
CTCCAACCAACAGCCC-1,0.51895976,0.29079625,0.16173731,0.028506692,1.0956385
CTCCAACCACCAGGTC-1,0.61025554,0.26945987,0.06889441,0.05139016,0.9915907
CTCCAACCACCAGTTA-1,0.14735611,0.21387336,0.4644679,0.17430264,1.2727281
CTCCAACCACGCCAGT-1,0.543748,0.04077593,0.2442521,0.17122395,1.108218
CTCCAACGTCACTTAG-1,0.33936682,0.31129774,0.2072166,0.14211884,1.3334748
CTCCAACTCATGGAGG-1,0.062159434,0.2577896,0.2469435,0.4331074,1.2299299
CTCCAACTCTCTGCTG-1,0.60367703,0.23820086,0.050164558,0.107957594,1.0368483
CTCCACAAGTCATTGC-1,0.14881484,0.4130814,0.35843885,0.079664886,1.2180133
CTCCACACAATTGAAG-1,0.08307307,0.32492536,0.46014988,0.13185167,1.1962682
CTCCACACAGCGAACA-1,0.47133684,0.23630756,0.068185404,0.22417027,1.2137599
CTCCACACATGAAAGT-1,0.05750063,0.4473867,0.27822465,0.21688804,1.211493
CTCCACAGTATCAGGG-1,0.8209909,0.11723668,0.03673268,0.025039703,0.62693554
CTCCACAGTCAGGAGT-1,0.8149824,0.025092632,0.14913587,0.010789192,0.591864
CTCCACAGTGATTCAC-1,0.20637433,0.3242825,0.22768983,0.24165337,1.3709966
CTCCACATCTAGGCCG-1,0.3704816,0.4001296,0.18870384,0.04068499,1.179323
CTCCATGAGGCCTTCG-1,0.041464042,0.29790643,0.3895327,0.27109692,1.213846
CTCCATGAGTGAGGCT-1,0.036422163,0.22292757,0.1527614,0.5878889,1.054562
CTCCATGCAGAACTTC-1,0.25591734,0.31987602,0.15912211,0.26508453,1.3578258
CTCCATGCAGTTAGAA-1,0.61058724,0.26305458,0.09547152,0.030886726,0.984167
CTCCATGGTAGCTTAC-1,0.0045224912,0.0010973023,0.0008978856,0.9934823,0.04468905
CTCCATGTCCATCTGC-1,0.054677006,0.25639635,0.33564237,0.35328433,1.2418816
CTCCCAAAGAATCCCT-1,0.0066448785,0.011862458,0.01549523,0.96599746,0.1839093
CTCCCAAAGTTCGGTT-1,0.29895845,0.24397181,0.26917922,0.18789057,1.3725475
CTCCCAATCAGGAACG-1,0.06387839,0.35728678,0.3675433,0.21129149,1.2397759
CTCCCAATCCTGTAAG-1,0.071300164,0.31862593,0.35917005,0.25090387,1.2674146
CTCCCAATCGGTCATA-1,0.13982822,0.31026474,0.33724165,0.21266542,1.333982
CTCCCAATCTAGCATG-1,0.39311385,0.36874196,0.19544293,0.04270123,1.1886292
CTCCCTCAGGACTGGT-1,0.14020705,0.32796863,0.24632493,0.2854994,1.344092
CTCCCTCAGGGCAAGG-1,0.567399,0.3497449,0.076440185,0.0064158724,0.91790587
CTCCCTCCAATTGCAC-1,0.29433692,0.26746413,0.2789661,0.15923284,1.3614253
CTCCCTCCAGATCCAT-1,0.69424206,0.09457345,0.1620928,0.049091693,0.9193003
CTCCCTCCATGAAGGC-1,0.030513892,0.35120916,0.4936974,0.12457948,1.0819197
CTCCCTCGTCTACGAT-1,0.106333695,0.2847008,0.22502558,0.38393983,1.2991552
CTCCCTCTCAAGCCAT-1,0.50082505,0.34493187,0.07788368,0.07635936,1.1086888
CTCCCTCTCATCTCTA-1,0.03844506,0.3186515,0.577086,0.065817475,0.98604417
CTCCCTCTCGCCATAA-1,0.2325263,0.36524463,0.17878464,0.22344436,1.3497112
CTCCCTCTCGTGTCAA-1,0.67177534,0.24725424,0.05609368,0.02487677,0.8662323
CTCCCTCTCTGTCCCA-1,0.085239574,0.28671804,0.56426775,0.06377467,1.066491
CTCCGATAGCAGAAAG-1,0.31187627,0.059312906,0.27426016,0.3545507,1.2533764
CTCCGATAGCCAAGCA-1,0.0816772,0.39437732,0.40467322,0.11927225,1.1912591
CTCCGATAGCCGAATG-1,0.24081853,0.10938349,0.55940855,0.09038946,1.1271195
CTCCGATAGCTGACTT-1,0.39624417,0.22577965,0.052231457,0.32574472,1.222377
CTCCGATCACGTCATA-1,0.2644919,0.119749226,0.072268374,0.5434905,1.1271752
CTCCGATCATCGCTCT-1,0.82018685,0.13585687,0.025750777,0.018205497,0.6009325
CTCCGATCATCGGCCA-1,0.13314599,0.14539737,0.072605304,0.64885134,1.0199159
CTCCGATCATGACTTG-1,0.12573773,0.006483856,0.77100205,0.09677635,0.7199099
CTCCGATGTCACTAGT-1,0.040925194,0.3770167,0.3106399,0.27141827,1.2156949
CTCCGATGTTAAGACA-1,0.5404705,0.27724397,0.14469987,0.037585616,1.091266
CTCCGATTCCCAAGTA-1,0.09479709,0.57001734,0.21996884,0.11521674,1.1258123
CTCCTCCCAGGACAGT-1,0.2792118,0.28233302,0.38893032,0.04952489,1.2293961
CTCCTCCGTATAGGAT-1,0.011235758,0.010817437,0.016035449,0.9619114,0.20302722
CTCCTCCGTCATCTAG-1,0.0825051,0.25248045,0.22211567,0.4428988,1.2482498
CTCCTCCGTGACCGTC-1,0.90349096,0.04304569,0.05099644,0.0024668144,0.39367256
CTCCTCCTCAAGGACG-1,0.30664527,0.3423757,0.21068208,0.140297,1.3331081
CTCCTCCTCGCATAGT-1,0.39297408,0.26247787,0.22706026,0.11748784,1.3063465
CTCCTCCTCTGGACCG-1,0.21831965,0.40093935,0.22945583,0.15128513,1.322159
CTCCTCCTCTGTACAG-1,0.7438334,0.16000856,0.085321926,0.010836178,0.772386
CTCCTTTAGGCTCTCG-1,0.009170811,0.03573668,0.039462127,0.91563034,0.37035036
CTCCTTTCAGACAAAT-1,0.24294572,0.4135133,0.15177058,0.19177039,1.311754
CTCCTTTTCCTTCTGG-1,0.060719155,0.3214264,0.38702723,0.23082726,1.2407212
CTCGAGGAGCAACAAT-1,0.05375021,0.3220667,0.28988543,0.33429763,1.2472885
CTCGAGGAGGCTTCCG-1,0.05605761,0.30417895,0.37094972,0.26881376,1.2445552
CTCGAGGCAATTTCCT-1,0.16683273,0.37197128,0.43128225,0.029913757,1.1343004
CTCTCAGAGGAAAGTG-1,0.21129397,0.3804599,0.3083449,0.09990127,1.289033
CTCTCAGCAGCCGTCA-1,0.91522396,0.039757848,0.04074484,0.0042733746,0.36300707
CTCTCAGTCCATAGAC-1,0.43337202,0.3557184,0.16513878,0.045770716,1.1686158
CTCTCGAAGAGATGCC-1,0.059436,0.12013798,0.6214743,0.19895174,1.0392222
CTCTCGAAGAGGGTAA-1,0.18287848,0.5631503,0.15998475,0.09398653,1.1495055
CTCTCGAAGCGCCCAT-1,0.40559188,0.3412407,0.19880205,0.054365415,1.2123675
CTCTCGAAGGATTTCC-1,0.39983833,0.31529832,0.22113115,0.06373224,1.2396044
CTCTCGACAATGGCCC-1,0.014178433,0.004710234,0.041933276,0.93917805,0.27751377
CTCTCGACACGGGCTT-1,0.24942909,0.3905964,0.12860629,0.23136818,1.31598
CTCTGGTAGCACACAG-1,0.5508387,0.21239716,0.09616408,0.1406,1.1585604
CTCTGGTAGTCGCCAC-1,0.74861187,0.18118656,0.043115653,0.027085867,0.7595529
CTCTGGTCAAGCGAAC-1,0.061137732,0.3033473,0.24903682,0.3864782,1.2463297
CTCTGGTCACCGTGGT-1,0.6047025,0.22339827,0.116037995,0.055861227,1.050086
CTCTGGTCAGGGACTA-1,0.14254147,0.41759598,0.36259806,0.07726446,1.2080287
CTCTGGTGTAAGTCAA-1,0.20661184,0.09770202,0.36033657,0.33534953,1.287246
CTCTGGTTCCTGGGAC-1,0.04967254,0.35496002,0.4504971,0.14487039,1.1558874
CTCTGGTTCTCTCTTC-1,0.23028228,0.38554654,0.19470215,0.18946908,1.3393953
CTCTGGTTCTGTGCTC-1,0.95358986,0.011326401,0.00041767553,0.034666054,0.2158623
CTGAATGAGACGAGCT-1,0.13993935,0.35182342,0.14132561,0.36691168,1.2871294
CTGAATGCAAGTATCC-1,0.38484222,0.26802054,0.19287816,0.15425906,1.3261425
CTGAATGGTATCATGC-1,0.027725328,0.15401646,0.78279215,0.03546613,0.6976487
CTGAATGGTCGCTGCA-1,0.23275709,0.37354663,0.16826366,0.22543265,1.342858
CTGAATGGTTGAAGTA-1,0.20869859,0.50487524,0.116744414,0.16968177,1.2237829
CTGAATGTCAACCTTT-1,0.059631687,0.3471952,0.46377695,0.12939622,1.1563653
CTGAATGTCACTGGGC-1,0.81395215,0.111569874,0.043048684,0.031429186,0.65639126
CTGAATGTCAGTCAGT-1,0.16068362,0.046028737,0.044960428,0.7483272,0.79189694
CTGAGCGAGATAACGT-1,0.6016724,0.21846014,0.12220286,0.057664532,1.0593888
CTGAGCGAGGATACGC-1,0.18374337,0.625398,0.1488233,0.04203537,1.0215701
CTGAGCGCAGCCCACA-1,0.19750494,0.4407692,0.14227355,0.21945234,1.2917042
CTGAGCGGTAATACCC-1,0.5833107,0.24941336,0.116230085,0.051045872,1.0627829
CTGAGCGGTCACCACG-1,0.08108058,0.20350671,0.6547195,0.060693193,0.97505695
CTGAGCGGTGCATTAC-1,0.47619963,0.28442997,0.15429853,0.085071936,1.2089083
CTGAGCGTCATACGAC-1,0.005947591,0.17395759,0.6014044,0.21869041,0.9729597
CTGAGCGTCTTCCGTG-1,0.20155214,0.46619064,0.2273461,0.10491116,1.2519064
CTGAGGCAGCAAGCCA-1,0.19406244,0.016771793,0.65485585,0.13430984,0.9336121
CTGAGGCAGGATTTCC-1,0.2739594,0.39882892,0.18370286,0.14350879,1.3112032
CTGAGGCCAATTGTGC-1,0.8489729,0.06807993,0.0069903764,0.0759568,0.5524167
CTGAGGCCACATATGC-1,0.043387238,0.4015393,0.5043046,0.05076885,0.9990652
CTGAGGCCACTGCATA-1,0.74101186,0.07809225,0.0066946824,0.17420116,0.7591754
CTGAGGCGTACATTGC-1,0.1978808,0.24446943,0.49923092,0.058418855,1.1776856
CTGAGGCGTACCTTCC-1,0.15449148,0.37203807,0.18121926,0.2922512,1.3254282
CTGAGGCTCCCAAGTA-1,0.013259944,0.3219613,0.5962032,0.0685755,0.91431993
CTGATCCCATATGGCT-1,0.62595713,0.24173933,0.11012159,0.022181978,0.9639153
CTGATCCGTAACTTCG-1,0.26838428,0.100639984,0.26733014,0.3636456,1.3046412
CTGATCCGTCCAAAGG-1,0.3132496,0.364671,0.14545771,0.17662168,1.3181119
CTGATCCGTGGGCTTC-1,0.7949935,0.04187259,0.10196411,0.06116975,0.7189677
CTGATCCGTTCTCCTG-1,0.07548571,0.38950688,0.5051221,0.029885255,1.0121814
CTGATCCGTTGCGGCT-1,0.11907779,0.41513246,0.33991432,0.12587552,1.2460225
CTGATCCGTTGGGCCT-1,0.011214078,0.006308677,0.01770746,0.96476984,0.18834643
CTGATCCTCGCGTTTC-1,0.10030052,0.35958287,0.39362782,0.14648882,1.2468101
CTGCAGGCAACACAAA-1,0.04926372,0.49472916,0.36261082,0.0933963,1.08575
CTGCAGGCAGTCAGAG-1,0.28097904,0.4036034,0.1577054,0.15771212,1.3054721
CTGCAGGGTAGCTTGT-1,0.2668221,0.05400061,0.098745026,0.5804323,1.0544937
CTGCAGGGTCTACATG-1,0.18775585,0.5168895,0.19402519,0.1013294,1.2052892
CTGCAGGGTCTGATAC-1,0.1579473,0.27071586,0.4372556,0.13408126,1.2763561
CTGCAGGGTTGCTGAT-1,0.007851482,0.014435957,0.008217536,0.969495,0.16872792
CTGCAGGTCAGGACGA-1,0.4214823,0.38053125,0.13162164,0.06636475,1.1787415
CTGCAGGTCCGACAGC-1,0.3284988,0.37255618,0.26686028,0.032084785,1.196424
CTGCAGGTCCTCACGT-1,0.9920477,0.0021546767,0.00503189,0.00076561485,0.053272136
CTGCATCCACTAAACC-1,0.480356,0.31823567,0.1142171,0.087191164,1.1771063
CTGCATCCATCCGGTG-1,0.12510839,0.33700788,0.16256134,0.37532237,1.2897233
CTGCATCCATGACTCA-1,0.23758473,0.36091688,0.34465802,0.05684035,1.2393981
CTGCATCGTGAACCGA-1,0.42870802,0.3681488,0.1252157,0.07792754,1.1900182
CTGCATCTCATTCTTG-1,0.39892223,0.25302497,0.1641085,0.18394433,1.3223505
CTGCCATAGAGTACCG-1,0.024051027,0.19969948,0.3232825,0.452967,1.1351371
CTGCCATCATCCTCAC-1,0.0023157,0.000738405,0.012237747,0.9847082,0.08843633
CTGCCATGTCCTGGTG-1,0.38897637,0.34501085,0.1993301,0.0666827,1.2364814
CTGCCATGTGGCGTAA-1,0.12020959,0.14327714,0.06764735,0.668866,0.9842535
CTGCCATGTTATCCAG-1,0.058123052,0.35561132,0.29880515,0.28746054,1.252358
CTGCCATTCCTAGCGG-1,0.5569184,0.19111477,0.17422755,0.0777393,1.1452777
CTGCCTAGTAATGTGA-1,0.09820286,0.053725716,0.7039494,0.14412199,0.9112866
CTGCCTAGTACCGGCT-1,0.095397905,0.010703811,0.2960865,0.59781176,0.94065094
CTGCCTATCACCACAA-1,0.71592593,0.017632866,0.23402576,0.03241537,0.761486
CTGCCTATCCATTGGA-1,0.049657766,0.23822924,0.4876086,0.22450434,1.1764467
CTGCGAGAGAGGGTAA-1,0.27376887,0.12768678,0.2526999,0.34584445,1.3322694
CTGCGAGAGCGTGTTT-1,0.38287842,0.286186,0.16780208,0.16313356,1.320942
CTGCGAGAGTCTTCGA-1,0.106138386,0.45234776,0.26062298,0.18089084,1.2566719
CTGCGAGCAACACACT-1,0.3974646,0.36998138,0.15130527,0.08124875,1.2242812
CTGCGAGCATACAGGG-1,0.21952906,0.40376,0.19591594,0.18079503,1.3276361
CTGCGAGGTCGGCTAC-1,0.34170046,0.3265794,0.25795776,0.07376234,1.2742081
CTGCGAGTCATATGGC-1,0.026064584,0.05253752,0.01889729,0.9025006,0.4174319
CTGCGAGTCCATTTAC-1,0.6327546,0.14339384,0.20031558,0.023535935,0.97840947
CTGCGAGTCGCCATAA-1,0.60982436,0.097535715,0.26961648,0.02302342,0.9688555
CTGCTCAAGCTAAACA-1,0.30481246,0.27548373,0.24372162,0.17598224,1.3671116
CTGCTCACAAAGAACT-1,0.18132448,0.2663218,0.26110172,0.29125193,1.3718605
CTGCTCACAGCAGTAG-1,0.39690027,0.18844971,0.17871295,0.23593706,1.3297491
CTGCTCACATACCAGT-1,0.35241294,0.36927876,0.11095984,0.16734847,1.2785463
CTGGACGCAACGTTAC-1,0.09414236,0.22766961,0.14352573,0.5346623,1.1727533
CTGGACGCAGTCGCAC-1,0.27067947,0.2729215,0.23565271,0.22074632,1.3822393
CTGGACGGTACCGCGT-1,0.061383378,0.3102252,0.404206,0.22418538,1.2357652
CTGGACGGTAGATGTA-1,0.34995335,0.44194856,0.053139836,0.15495828,1.173205
CTGGACGGTCTGTGCG-1,0.14039125,0.24281746,0.6077251,0.009066215,0.96463525
CTGGACGTCAGGAGAC-1,0.41426882,0.3105484,0.0950933,0.18008944,1.2607028
CTGGACGTCGGAGTAG-1,0.22568358,0.33939454,0.16509506,0.26982677,1.3535457
CTGGCAGAGGGACCAT-1,0.045095168,0.25106362,0.43174967,0.27209145,1.2035207
CTGGCAGAGGTAAACT-1,0.069231555,0.17716376,0.3107009,0.44290388,1.2153708
CTGGCAGCACCGTCTT-1,0.05524255,0.3346988,0.5308694,0.079189226,1.0633041
CTGGCAGCACCTGATA-1,0.19805744,0.3735873,0.28811657,0.14023863,1.3225452
CTGGCAGGTGGGTTGA-1,0.29094008,0.12658451,0.22696662,0.35550877,1.325086
CTGGCAGGTGTTGCCG-1,0.25626925,0.124121934,0.0260808,0.59352803,1.0126281
CTGGCAGTCAATCCGA-1,0.29577526,0.077201374,0.30942094,0.3176024,1.2852818
CTGGCAGTCCCAAGTA-1,0.002623257,0.0047134226,0.01095529,0.98170805,0.10841738
CTGGCAGTCTTAGTTC-1,0.11912901,0.26678964,0.5526772,0.061404113,1.1050222
CTGGCAGTCTTCGGTC-1,0.30566284,0.4108465,0.16097634,0.122514285,1.2790015
CTGGTCTAGCGACCCT-1,0.6905438,0.24741746,0.055500325,0.0065384847,0.79461503
CTGGTCTGTCTGCCTT-1,0.07672259,0.18699309,0.14057682,0.5957075,1.0949097
CTGGTCTGTGACATCT-1,0.022008015,0.24020201,0.46663362,0.2711563,1.1361327
CTGGTCTTCCTCTTTC-1,0.26509175,0.35648492,0.2896998,0.08872354,1.2934787
CTGTACCAGAGAGTTT-1,0.4796354,0.2942131,0.16392873,0.062222835,1.1815884
CTGTACCAGTACCCTA-1,0.047440022,0.033759255,0.1295413,0.7892594,0.71054125
CTGTACCCACGCACCA-1,0.08855219,0.32611433,0.29633194,0.28900146,1.2992439
CTGTACCCAGACGATG-1,0.10228855,0.36908078,0.45116323,0.07746737,1.1583374
CTGTACCGTCTCTCAC-1,0.058709744,0.018915102,0.79112405,0.13125105,0.693387
CTGTACCTCCTTCGAC-1,0.008561723,0.022505403,0.013423675,0.9555092,0.22749518
CTGTAGAAGCCATGCC-1,0.039955325,0.4437629,0.35126865,0.16501313,1.1540055
CTGTAGAGTACTGCGC-1,0.024249284,0.27431694,0.5202822,0.18115157,1.0944402
CTGTAGAGTAGATGTA-1,0.37395,0.17531873,0.25288868,0.19784252,1.3413197
CTGTATTAGGTCTTTG-1,0.8416002,0.023597414,0.00095023395,0.13385214,0.50933635
CTGTATTAGTGGTTAA-1,0.028668381,0.34679598,0.5422335,0.08230214,1.006509
CTGTATTCACGACGTC-1,0.15046324,0.07662156,0.189929,0.5829862,1.1118808
CTGTATTGTAAGATTG-1,0.30043793,0.0783774,0.30595425,0.31523046,1.2871127
CTGTATTGTGCATGTT-1,0.29823542,0.13546106,0.2583264,0.30797708,1.3439897
CTGTCGTAGCGGGTTA-1,0.10361401,0.50369847,0.22357325,0.1691143,1.2157896
CTGTCGTAGTTCTACG-1,0.10691215,0.28878155,0.21473329,0.38957298,1.2953086
CTGTCGTCACTACAGT-1,0.41324645,0.34061724,0.15265669,0.09347962,1.2405097
CTGTCGTCATCTCGTC-1,0.3858409,0.23477858,0.1786382,0.20074233,1.3376923
CTGTCGTGTAAGTTGA-1,0.0144041395,0.2534662,0.38036108,0.35176858,1.144157
CTGTCGTTCGGAATTC-1,0.1878123,0.2662034,0.27448648,0.27149782,1.3752494
CTGTCGTTCTACCCAC-1,0.3436035,0.22495098,0.15253216,0.2789133,1.3456086
CTGTCGTTCTCAGAAC-1,0.087802574,0.41361877,0.43674856,0.061829988,1.1126382
CTGTGAAAGATGTTCC-1,0.2839445,0.09474056,0.30513263,0.3161823,1.3070052
CTGTGAAAGGCCTGAA-1,0.5731501,0.3184966,0.09084783,0.017505405,0.972144
CTGTGAAGTACACGTT-1,0.1919507,0.04093665,0.7399184,0.027194247,0.76854354
CTGTGAAGTCGCAGTC-1,0.2715446,0.105515674,0.32018352,0.3027562,1.3176731
CTGTGGGAGTCACGAG-1,0.4198188,0.2354162,0.23336394,0.11140119,1.2889442
CTGTGGGCAAATGGCG-1,0.21993145,0.31490067,0.27402171,0.19114617,1.3679669
CTGTGGGCAACCGGAA-1,0.36392173,0.30382776,0.21522366,0.11702686,1.3114704
CTGTGGGCATAGTCGT-1,0.30401883,0.10888009,0.27061543,0.31648564,1.3212466
CTGTGGGCATCGCTAA-1,0.05840129,0.3108516,0.4192454,0.21150172,1.2221175
CTGTGGGGTGGCTTGC-1,0.4243623,0.4609301,0.109990984,0.004716556,0.98879856
CTGTGGGTCAAACTGC-1,0.19607565,0.42282778,0.2884111,0.09268539,1.262481
CTGTGGGTCATCTATC-1,0.0031372798,0.017694395,0.022151675,0.95701665,0.21591312
CTGTGGGTCTTAGCAG-1,0.07920949,0.32488972,0.3528742,0.24302663,1.2774627
CTTACCGCAAGGCAAC-1,0.34386256,0.23602465,0.28035367,0.1397592,1.3394043
CTTACCGCAGTGTGCC-1,0.44535232,0.036665436,0.34854913,0.1694331,1.1496104
CTTACCGGTTGGGATG-1,0.13169459,0.40624058,0.3699979,0.092066936,1.220401
CTTAGGAAGCTTTCTT-1,0.055981085,0.40578863,0.332963,0.20526727,1.2185652
CTTAGGAAGGCTTAAA-1,0.3172308,0.19129016,0.335054,0.15642506,1.3371735
CTTAGGAAGTAATCCC-1,0.07260048,0.20730256,0.17145647,0.54864055,1.1483278
CTTAGGAGTTGGCCGT-1,0.011125727,0.0014875468,0.005453416,0.9819333,0.10605694
CTTCAATAGACTCTTG-1,0.5121036,0.1856737,0.07022408,0.2319986,1.1808201
CTTCAATCACCTGAAT-1,0.43357494,0.3358335,0.16034003,0.0702515,1.2088367
CTTCAATTCAGCATTG-1,0.2290219,0.09728949,0.3054099,0.3682787,1.2943809
CTTCCGAAGGACGGAG-1,0.0034483678,0.007640207,0.0053995457,0.98351187,0.1013375
CTTCCGAGTGTCATCA-1,0.11479783,0.3013954,0.52433735,0.059469398,1.1163254
CTTCCGAGTTGCAACT-1,0.0016408832,0.015068816,0.025397722,0.95789254,0.20823427
CTTCCTTAGCCTAACT-1,0.03902426,0.024299549,0.6572047,0.27947152,0.84906036
CTTCCTTAGTTCATGC-1,0.2149774,0.16453192,0.056262832,0.5642279,1.1122055
CTTCCTTCATAGTCAC-1,0.35257992,0.32360464,0.1967328,0.12708269,1.3146889
CTTCCTTGTAGATCGG-1,0.009842266,0.2257699,0.72183645,0.042551383,0.75110537
CTTCCTTGTAGCGCTC-1,0.2603352,0.050907843,0.30734774,0.38140923,1.2321805
CTTCCTTGTATAGCTC-1,0.054602213,0.31927112,0.43658704,0.18953969,1.2003458
CTTCCTTGTTGTTTGG-1,0.022058785,0.054992568,0.6212841,0.3016645,0.9008796
CTTCCTTTCCCTTGGT-1,0.44633874,0.4055659,0.095378034,0.052717384,1.1053298
CTTCCTTTCGTCCTCA-1,0.53003496,0.3244418,0.11864546,0.026877783,1.0517892
CTTCCTTTCTTTCCGG-1,0.78940135,0.17265512,0.02602871,0.011914852,0.63768923
CTTCGGTCATAGGAGC-1,0.4590053,0.3137353,0.104437135,0.12282233,1.2146099
CTTCGGTCATCCGAGC-1,0.093839884,0.35995764,0.31507364,0.23112884,1.2922812
CTTCGGTGTATGCGTT-1,0.0045280284,0.007889446,0.14846909,0.8391135,0.4930175
CTTCGGTGTCGAATTC-1,0.33792034,0.3800585,0.21708313,0.064938,1.2434555
CTTCGGTGTCTTGTCC-1,0.1165566,0.26010698,0.16577533,0.45756108,1.2564608
CTTCGGTGTGTTCATG-1,0.016442541,0.08803913,0.06513576,0.8303826,0.6137231
CTTCGGTGTTCAAGTC-1,0.046649255,0.24895792,0.30419126,0.40020153,1.2176704
CTTCGGTGTTGGTGTT-1,0.08621228,0.32190093,0.23306026,0.35882655,1.2833893
CTTCGGTTCATGTCAG-1,0.5022899,0.26496714,0.11523692,0.117506035,1.1983932
CTTCTAAAGCAGGCTA-1,0.6960276,0.007969583,0.29092312,0.005079761,0.6767622
CTTCTAAGTACTAAGA-1,0.28641826,0.26246923,0.2263227,0.22478981,1.3809814
CTTCTAATCAGTGCGC-1,0.7897083,0.12709725,0.033173785,0.050020568,0.71143746
CTTCTCTCATCGATCA-1,0.90850824,0.020995433,0.058950335,0.01154603,0.3866909
CTTCTCTCATGAGAAT-1,0.00831211,0.010190506,0.0047390955,0.97675824,0.13488477
CTTCTCTTCAGAATAG-1,0.16216795,0.26119497,0.45563063,0.1210065,1.2593684
CTTCTCTTCGATCCCT-1,0.056908924,0.19981596,0.21444757,0.52882755,1.1519886
CTTGAGAAGATCGCCC-1,0.14475724,0.39890075,0.36184236,0.09449971,1.237148
CTTGAGACAACACAAA-1,0.3665729,0.30745405,0.18996847,0.13600461,1.3173538
CTTGAGACACAAATAG-1,0.42724863,0.3847874,0.1284474,0.059516568,1.1623547
CTTGAGACACATTGTG-1,0.30535617,0.17809276,0.29787788,0.2186732,1.3627005
CTTGAGACAGCACAAG-1,0.22002237,0.26208085,0.32620904,0.19168775,1.3661442
CTTGAGACATGTGTCA-1,0.040017314,0.34107816,0.5619913,0.05691327,0.9826565
CTTGAGAGTACACGCC-1,0.123969585,0.40111682,0.41556966,0.059343882,1.15776
CTTGATTAGAGGATCC-1,0.21035114,0.37512478,0.30483937,0.109684676,1.3003005
CTTGATTAGTATGGCG-1,0.32630557,0.4381885,0.17628683,0.059219047,1.2003428
CTTGATTCAACATACC-1,0.20520161,0.38737315,0.35832506,0.04910019,1.2080995
CTTGATTCAGAGGAAA-1,0.11128671,0.38645607,0.36329597,0.13896123,1.2538635
CTTGATTCAGAGTTCT-1,0.24303487,0.09403426,0.31550044,0.34743044,1.2973511
CTTGATTCAGTCACGC-1,0.73777014,0.21508856,0.035992734,0.011148573,0.72468513
CTTGATTGTTCTATCT-1,0.023365686,0.5532547,0.40833265,0.0150469905,0.84414315
CTTGATTTCATCGCCT-1,0.26478496,0.13729315,0.030640623,0.5672813,1.0528579
CTTTCAACAACCACGC-1,0.08930134,0.3796359,0.43835992,0.092702836,1.1654246
CTTTCAACAAGCACCC-1,0.2732108,0.318855,0.25781733,0.15011688,1.3530967
CTTTCAAGTCGCTTGG-1,0.29225293,0.37298697,0.1999663,0.13479383,1.3193499
CTTTCAAGTGGCAACA-1,0.24607871,0.5081602,0.14269924,0.10306178,1.2010694
CTTTCAAGTGTGAGCA-1,0.10439701,0.45274597,0.2631823,0.17967469,1.2544127
CTTTCAAGTTGATCGT-1,0.35326418,0.3380493,0.19758081,0.11110564,1.2987493
CTTTCAATCCTAAGTG-1,0.16736773,0.4445874,0.33637047,0.05167445,1.179157
CTTTCGGAGTCACGCC-1,0.5708753,0.30844378,0.10945906,0.01122191,0.97535115
CTTTCGGCAAACGTGG-1,0.26211947,0.26956064,0.19058523,0.27773464,1.3760774
CTTTCGGCACACCGAC-1,0.8341783,0.11220322,0.011730805,0.041887652,0.58173084
CTTTCGGCACTTGTCC-1,0.048338495,0.3627082,0.48520914,0.10374418,1.1002433
CTTTCGGGTGCAGATG-1,0.19585086,0.14717661,0.6104892,0.046483334,1.0452387
CTTTCGGTCCAGTGCG-1,0.32511228,0.3590067,0.18938561,0.12649539,1.3097303
GAAACCTAGCGTTAGG-1,0.9354614,0.044030625,0.018235499,0.0022724776,0.28676584
GAAACCTAGTGAGGTC-1,0.35165375,0.32691076,0.1343593,0.18707623,1.3163003
GAAACCTCACACCGAC-1,0.2954723,0.09403729,0.28149113,0.32899928,1.305126
GAAACCTGTCCATCTC-1,0.3808482,0.27995953,0.24015258,0.099039696,1.2956488
GAAACCTGTTCGCGTG-1,0.2867373,0.42956123,0.14738934,0.13631216,1.2750113
GAAACCTTCTGTCGTC-1,0.29747653,0.26619494,0.22546518,0.21086335,1.3770515
GAAATGAAGTTTCAGC-1,0.41100377,0.3754237,0.12777053,0.08580206,1.2068433
GAAATGACAGTAGAGC-1,0.12408692,0.38258404,0.27410266,0.21922633,1.3139977
GAAATGACATGTGGCC-1,0.3194961,0.4124138,0.19125554,0.07683454,1.2433643
GAAATGATCCATGCAA-1,0.10483034,0.3801522,0.31334272,0.20167479,1.2906349
GAAATGATCGTTATCT-1,0.15603814,0.48340064,0.27851477,0.0820465,1.2024293
GAACACTAGGATACAT-1,0.27739885,0.0877848,0.2955798,0.33923656,1.2962688
GAACACTAGGGACTGT-1,0.3985383,0.3580517,0.11323048,0.13017952,1.2464516
GAACACTCAGTTAGGG-1,0.1018791,0.573185,0.151751,0.17318489,1.1414832
GAACACTGTCGTGATT-1,0.15039362,0.060406234,0.5824994,0.20670079,1.0951194
GAACACTGTTGTACGT-1,0.24303128,0.28996736,0.24870634,0.21829505,1.3810549
GAACACTTCAGGAGAC-1,0.1214424,0.31942588,0.5225235,0.03660824,1.0808207
GAACACTTCGTTGTGA-1,0.29847538,0.11414041,0.19035943,0.39702478,1.2911292
GAACGTTAGACAGCTG-1,0.12678102,0.3515643,0.44888708,0.07276758,1.1795899
GAACGTTAGTTTCTTC-1,0.079043284,0.34227693,0.44555148,0.13312823,1.1962081
GAACGTTCAATTGAAG-1,0.5491003,0.2898108,0.13250332,0.028585589,1.0575362
GAACGTTGTCAGTCGC-1,0.6332248,0.09307979,0.25044402,0.023251342,0.94454056
GAACGTTTCGACTCCT-1,0.30725297,0.33904606,0.1811496,0.17255135,1.3419678
GAACGTTTCGCGATCG-1,0.21667401,0.30109626,0.40143177,0.08079796,1.2624519
GAACGTTTCTCTCGCA-1,0.1746167,0.38871142,0.35480857,0.08186335,1.244559
GAACTGTAGATGTTGA-1,0.44519806,0.26052535,0.14521085,0.14906573,1.2746124
GAACTGTAGTTGCCTA-1,0.05704221,0.07674759,0.6787607,0.18744951,0.9372431
GAACTGTCACTGTCCT-1,0.040484,0.32407075,0.5326323,0.10281286,1.0643879
GAACTGTCATTGACCA-1,0.55104,0.33560264,0.090843774,0.02251353,0.99811864
GAACTGTGTGTCTTAG-1,0.24686813,0.3751403,0.27394605,0.10404548,1.3033115
GAACTGTTCATTGAGC-1,0.769953,0.10041544,0.10281941,0.026812157,0.76300657
GAAGAATAGGTGTGAC-1,0.2204594,0.28747192,0.39655185,0.09551674,1.2828218
GAAGAATCAAACCACT-1,0.25867736,0.3474243,0.2447757,0.14912263,1.3453555
GAAGAATCAGCGACAA-1,0.0072886758,0.10014963,0.10973095,0.7828308,0.70046645
GAAGAATGTAGAGCTG-1,0.6396095,0.045514636,0.0030611467,0.31181464,0.8075603
GAAGAATGTATGTCAC-1,0.15104876,0.09292783,0.31066924,0.4453542,1.2297165
GAAGAATGTCAAACGG-1,0.68555766,0.057586774,0.0027414446,0.25411418,0.7874946
GAAGAATGTGACCTGC-1,0.64328194,0.13113207,0.19509776,0.030488258,0.9754555
GAAGAATGTGTAAATG-1,0.033076826,0.04619949,0.055227686,0.865496,0.5397885
GAAGAATTCCGGTAAT-1,0.3608402,0.29019096,0.168735,0.1802338,1.3359227
GAAGAATTCTACGGTA-1,0.09710757,0.5406975,0.30450782,0.057687033,1.0855637
GAAGCCCCATGAGATA-1,0.24603854,0.37218317,0.35960844,0.022169858,1.1650974
GAAGCCCGTACAGTCT-1,0.7030982,0.19502215,0.057976827,0.043902848,0.86879563
GAAGCCCGTACTGCCG-1,0.9865667,0.00568313,0.0009377702,0.0068123783,0.08325106
GAAGCCCTCGCCGAGT-1,0.61836267,0.26428938,0.07695045,0.040397584,0.97590923
GAAGCGAAGAGAGGTA-1,0.95604885,0.033990562,0.0061776703,0.0037829075,0.2104387
GAAGCGAAGAGTCAGC-1,0.18839219,0.37985605,0.2266196,0.20513214,1.3435192
GAAGCGACACCTGAAT-1,0.17178571,0.41798398,0.29729056,0.11293966,1.2741516
GAAGCGACACGTAGAG-1,0.28108135,0.41894722,0.17434661,0.12562484,1.286348
GAAGCGACAGCATACT-1,0.13844028,0.16416417,0.28676483,0.41063073,1.2940488
GAAGCGAGTACCCAGC-1,0.007429697,0.09049726,0.18444729,0.71762574,0.80373764
GAAGCGATCAGACATC-1,0.20305763,0.396706,0.19711994,0.20311645,1.3343804
GAAGCGATCATTCACT-1,0.2215401,0.35874575,0.24183092,0.17788328,1.3520807
GAAGGACCAAGTGATA-1,0.057459135,0.18244591,0.18917719,0.5709178,1.1095366
GAAGGACCACGCGCAT-1,0.18887512,0.33673573,0.3681099,0.10627921,1.2874386
GAAGGACCACGTAGTT-1,0.5072785,0.35649025,0.106134154,0.030097077,1.055493
GAAGGACTCCGAGAAG-1,0.18734457,0.090125084,0.5363014,0.18622893,1.177814
GAAGGACTCGATTGGT-1,0.021115897,0.27553713,0.58818597,0.11516102,0.99770504
GAAGGACTCTCCAAGA-1,0.43984604,0.38242802,0.12675868,0.050967224,1.1423783
GAAGGACTCTGAGGCC-1,0.034862224,0.24256814,0.21189183,0.5106778,1.132573
GAAGGGTCACCATATG-1,0.25671968,0.28910992,0.33902457,0.11514577,1.3234614
GAAGGGTCATAACCCA-1,0.985045,0.0021728675,0.005603864,0.0071783005,0.09265515
GAAGGGTGTACAGCGA-1,0.09607507,0.48006183,0.31487632,0.10898677,1.1827922
GAAGGGTGTTGGTAGG-1,0.32008672,0.39792752,0.19778223,0.08420353,1.2602023
GAAGGGTTCCAAAGGG-1,0.8909069,0.037583925,0.0027328513,0.06877632,0.42647046
GAAGGGTTCTTTCGAT-1,0.050533064,0.28860265,0.3415532,0.31931108,1.2409317
GAAGTAAAGAGCTTTC-1,0.27002376,0.1006388,0.31774706,0.3115904,1.3122478
GAAGTAACACGGTGCT-1,0.9038533,0.006616141,0.072124235,0.01740637,0.38472307
GAAGTAAGTAGGGTAC-1,0.3618646,0.32755518,0.15057151,0.16000873,1.3117138
GAAGTAAGTATCCCTC-1,0.23741278,0.38093984,0.23114577,0.15050155,1.3326172
GAAGTAAGTGCACATT-1,0.09937962,0.2982442,0.29142186,0.31095427,1.312824
GAAGTAAGTTATTCCT-1,0.15046091,0.3116552,0.46497643,0.07290745,1.1953036
GAAGTAATCCGAACGC-1,0.14301804,0.3646499,0.4485818,0.043750267,1.1425225
GAAGTAATCGCGATCG-1,0.052837793,0.2649013,0.456347,0.22591387,1.2013403
GAAGTAATCTGCTAGA-1,0.20780908,0.09621551,0.25146115,0.44451424,1.2592865
GAATAGAAGGGCTAAC-1,0.20804209,0.4418565,0.23430122,0.11580017,1.2771823
GAATAGAAGTAACCGG-1,0.1398998,0.33465636,0.4535949,0.07184889,1.1892725
GAATAGACAAGTGGCA-1,0.34497017,0.42297575,0.12320756,0.108846426,1.2304803
GAATAGACACAGAAGC-1,0.008541511,0.025590887,0.9281224,0.037745256,0.32740304
GAATAGACACCTCAGG-1,0.02693934,0.2132369,0.70074296,0.059080888,0.84321415
GAATAGACAGAAATCA-1,0.24419942,0.087776,0.30627596,0.36174864,1.288056
GAATAGACATTGTCGA-1,0.68688613,0.21600428,0.048021022,0.04908848,0.88275915
GAATAGAGTAGGAAAG-1,0.020233246,0.24822739,0.7114978,0.020041596,0.74534416
GAATAGAGTATCTCTT-1,0.14956115,0.38556007,0.20414296,0.26073578,1.3264983
GAATAGAGTGAACGGT-1,0.054251958,0.3014843,0.45019323,0.19407052,1.197062
GAATAGAGTGAGATCG-1,0.12183647,0.36831492,0.3454151,0.16443346,1.2883767
GAATAGAGTTGATGTC-1,0.0831356,0.4481123,0.42862317,0.040128857,1.058647
GAATAGATCGTTCGCT-1,0.3547848,0.26981372,0.2655858,0.10981572,1.3158019
GAATAGATCTCTATAC-1,0.0052215303,0.000103270715,0.0056607868,0.98901445,0.06860178
GAATCACAGGTAAGTT-1,0.05120718,0.39455354,0.5029491,0.051290166,1.0171212
GAATCACAGGTTGCCC-1,0.17918257,0.3703549,0.17266035,0.2778022,1.3350362
GAATCACCAAGGTCAG-1,0.02955547,0.33635908,0.53217846,0.10190697,1.038978
GAATCACCAGCTCTGG-1,0.29608375,0.09042735,0.27804372,0.33544517,1.2999784
GAATCACCATAGCTGT-1,0.058819182,0.040611107,0.5660688,0.33450085,0.98519075
GAATCACCATTCGATG-1,0.84078074,0.037957333,0.11891685,0.0023450057,0.53739476
GAATCACGTAGTCTGT-1,0.22715382,0.27283356,0.22088319,0.27912942,1.3808045
GAATCACTCGTAATGC-1,0.1103036,0.35600463,0.3846374,0.1490544,1.2620722
GAATCGTAGATCCAAA-1,0.30135995,0.27293828,0.31852984,0.10717191,1.319639
GAATCGTCAACACGAG-1,0.63828593,0.19506721,0.1079435,0.058703348,1.0121279
GAATCGTCAACTGCTA-1,0.046696145,0.15617543,0.15985005,0.6372784,1.0132772
GAATCGTGTACACGCC-1,0.11600003,0.07177287,0.74344474,0.06878237,0.8434702
GAATCGTTCGACGAGA-1,0.022791859,0.10177263,0.22242957,0.6530059,0.93137074
GACACGCAGAAACTAC-1,0.0007871881,0.00057226734,0.0002399812,0.9984005,0.013496945
GACACGCAGACTCTAC-1,0.34279045,0.36936444,0.26411533,0.023729688,1.1752888
GACACGCAGGTAGTAT-1,0.12934971,0.36626276,0.3922331,0.11215449,1.2448974
GACACGCCAAAGTATG-1,0.015696703,0.24865821,0.64677143,0.08887369,0.90822136
GACACGCCATGGGATG-1,0.28661472,0.22399725,0.28648815,0.20289992,1.3750465
GACACGCGTGCCGTAC-1,0.28451303,0.36422458,0.24455436,0.106708005,1.3086736
GACAGCCAGGTCGTCC-1,0.069114804,0.27003476,0.29644954,0.36440083,1.2665141
GACAGCCCAAACACCT-1,0.49912772,0.32404333,0.053298682,0.12353033,1.1265963
GACAGCCGTAACATGA-1,0.20655878,0.111758895,0.31026742,0.37141496,1.301663
GACAGCCGTAGCTTAC-1,0.61010873,0.31255665,0.058144927,0.019189669,0.9062354
GACAGCCTCGATTGAC-1,0.16787727,0.37375218,0.4361736,0.022196999,1.1138349
GACAGCCTCTCAGGCG-1,0.2907424,0.3304069,0.14570087,0.2331498,1.3451942
GACATCAAGCAATAAC-1,0.43480852,0.38445902,0.13818805,0.042544384,1.1374563
GACATCACAGCACCCA-1,0.23059802,0.23113908,0.13324438,0.40501848,1.3114915
GACATCACATGCAGCC-1,0.040551543,0.31460026,0.5077881,0.13706002,1.110303
GACATCACATGGAGAC-1,0.33195764,0.3113242,0.16524658,0.19147162,1.3433579
GACATCAGTGTTAGCT-1,0.51177216,0.29937452,0.14073715,0.04811615,1.1258444
GACATCAGTTACCTTT-1,0.14374372,0.04514814,0.38793352,0.42317456,1.1499434
GACATCATCACTACTT-1,0.6137306,0.28388792,0.08062948,0.021751983,0.9433715
GACATCATCCGCAAAT-1,0.040292297,0.31212696,0.4485216,0.19905914,1.173762
GACATCATCGTTGCCT-1,0.1553689,0.47202647,0.23184419,0.14076047,1.2585222
GACATCATCTTCCAGC-1,0.4587639,0.32578117,0.09865141,0.11680347,1.2021514
GACCAATCAATTGGTC-1,0.02992896,0.13589676,0.36269945,0.4714748,1.0985893
GACCAATCATACAGCT-1,0.9534496,0.015243319,0.02898073,0.0023263898,0.22595215
GACCAATCATCATTGG-1,0.14198634,0.36720648,0.29012632,0.20068078,1.3263547
GACCAATGTATTCCTT-1,0.06501246,0.3147181,0.4669884,0.15328096,1.1845937
GACCAATGTCGCAGTC-1,0.05891767,0.08501565,0.042821296,0.81324536,0.67942286
GACCAATTCGCAGTTA-1,0.7302364,0.17804275,0.068938866,0.02278201,0.80736685
GACCAATTCGTCGACG-1,0.18367448,0.3209853,0.14177792,0.3535623,1.3205671
GACCCAGAGACCAGCA-1,0.21353427,0.058767725,0.41323212,0.31446588,1.2252365
GACCCAGAGGTCATCT-1,0.0825551,0.36637443,0.47293085,0.07813957,1.1271242
GACCCAGCATCTCCCA-1,0.19520605,0.283075,0.2804494,0.24126959,1.3757604
GACCCAGGTCGCATGC-1,0.30836573,0.42404583,0.1621902,0.10539823,1.258746
GACCCAGGTTGATGTC-1,0.18596393,0.23923846,0.4023057,0.17249197,1.3244653
GACCCAGGTTTAGTCG-1,0.18474483,0.43878034,0.21525447,0.16122034,1.2982825
GACCCAGTCAACTGAC-1,0.39314738,0.4190072,0.12972732,0.05811805,1.1618184
GACCCAGTCAGCTCTC-1,0.2532326,0.16592637,0.127214,0.453627,1.266724
GACCCAGTCATCGCCT-1,0.30167583,0.38513264,0.16618744,0.14700407,1.3091067
GACCCTTCAACCCTAA-1,0.17657661,0.40882802,0.28373542,0.1308599,1.2954102
GACCCTTCAGCTGAGA-1,0.21904515,0.4447264,0.18923673,0.14699176,1.2898471
GACCCTTCAGTACTAC-1,0.010977255,0.19260141,0.5061975,0.29022378,1.070439
GACCCTTCATCGCCTT-1,0.15485674,0.37822247,0.3005235,0.16639735,1.3162941
GACCCTTGTCGAAGCA-1,0.21183382,0.43514866,0.32737485,0.025642615,1.1503339
GACCCTTGTCTGATCA-1,0.33145282,0.05836382,0.3313533,0.27883005,1.25394
GACCCTTGTTCCGCTT-1,0.5331054,0.31007668,0.10593218,0.050885692,1.087782
GACCGTGCACCCTTAC-1,0.30595642,0.09086634,0.3194809,0.28369638,1.30224
GACCGTGCATAGGAGC-1,0.27438962,0.09730398,0.28962833,0.33867806,1.3071358
GACCGTGGTCACTCAA-1,0.12202354,0.2272531,0.3263711,0.3243523,1.324041
GACCGTGGTCGCGGTT-1,0.6800754,0.22326477,0.06517826,0.031481523,0.88381857
GACCGTGTCACATTGG-1,0.19272107,0.31805176,0.10623182,0.38299537,1.2874177
GACCGTGTCTGGACTA-1,0.08170443,0.18645276,0.09156693,0.6402759,1.0221813
GACCTTCAGAACTTCC-1,0.9979881,0.0006915297,0.001112921,0.0002073262,0.016368834
GACCTTCAGGTGAGCT-1,0.024295196,0.32989362,0.36017066,0.28564048,1.1818757
GACCTTCCAATGGGTG-1,0.24601233,0.21001218,0.36722812,0.17674741,1.3469322
GACCTTCCATGATCTG-1,0.84905875,0.07022564,0.007809701,0.07290582,0.554257
GACCTTCGTCACTTAG-1,0.86177176,0.006773865,0.0023396036,0.12911478,0.4405123
GACCTTCGTGTGTTTG-1,0.9885655,0.0017273217,7.659583e-05,0.009630608,0.06779566
GACCTTCGTTACGTAC-1,0.12169635,0.3865335,0.19869925,0.2930709,1.3045228
GACCTTCTCTTGGCTC-1,0.46507576,0.28245598,0.07208515,0.18038315,1.2116455
GACGCTGAGCGTGTCC-1,0.12980333,0.065095544,0.7658811,0.039220028,0.77415735
GACGCTGAGCTTAAGA-1,0.2587077,0.09645907,0.30360773,0.3412255,1.304166
GACGCTGAGGATTTCC-1,0.010697521,0.033413902,0.029546311,0.92634225,0.33704117
GACGCTGGTGGCTGAA-1,0.04711121,0.32368648,0.48245698,0.1467453,1.142306
GACGCTGTCACCATGA-1,0.2951704,0.076900765,0.22044717,0.4074817,1.2565945
GACGTTAAGCCGAACA-1,0.37175483,0.23868196,0.2453768,0.14418644,1.3337836
GACGTTACACGGATCC-1,0.7249313,0.14352565,0.122845545,0.008697474,0.81066567
GACGTTACATACATCG-1,0.3246035,0.42448246,0.20999508,0.040918928,1.1874772
GACGTTAGTGGCACTC-1,0.29581162,0.40446046,0.1908665,0.1088614,1.2839556
GACGTTATCATCGACA-1,0.43500507,0.31999934,0.1604176,0.084577985,1.2291907
GACTATGAGCGTTCCG-1,0.079133675,0.39516848,0.290796,0.23490185,1.267071
GACTATGAGCTGTTAC-1,0.70080835,0.026616864,0.20042157,0.07215324,0.8575026
GACTATGCAAAGTGTA-1,0.24999265,0.019970573,0.5505306,0.17950618,1.0616323
GACTATGCAATCCAGT-1,0.43452093,0.30051568,0.19334818,0.0716152,1.2300062
GACTATGGTCGATTCA-1,0.20308198,0.14457083,0.01536702,0.63698024,0.9547943
GACTATGGTCGGAAAC-1,0.101585835,0.28905788,0.3640785,0.24527778,1.3036338
GACTATGGTCTACAAC-1,0.6364277,0.13360843,0.013424724,0.21653916,0.94569516
GACTATGGTTACCTGA-1,0.13781233,0.53520024,0.20324159,0.12374583,1.1900935
GACTATGTCCTCACTG-1,0.2440702,0.57875,0.13861503,0.038564812,1.0601768
GACTCAAAGTGCCTCG-1,0.035315968,0.045039617,0.17359133,0.74605316,0.7802384
GACTCAACAAACCATC-1,0.33447716,0.20251071,0.37270072,0.090311445,1.274718
GACTCAACAAGTAGTA-1,0.7687761,0.1592868,0.046637718,0.025299411,0.73075753
GACTCAACACACACTA-1,0.040969294,0.2821917,0.6099827,0.06685632,0.9703041
GACTCAAGTGGCTTGC-1,0.10222912,0.14833555,0.07048977,0.67894554,0.96605957
GACTCAAGTGTTGATC-1,0.11025292,0.0117313815,0.12219707,0.7558186,0.7637242
GACTCAATCCGAAATC-1,0.41889247,0.17844687,0.25979936,0.14286135,1.300203
GACTCTCCAAAGGCAC-1,0.07876827,0.35372743,0.4978645,0.06963979,1.1005471
GACTCTCCACGTCTCT-1,0.060820874,0.3777864,0.23487656,0.3265162,1.2437611
GACTCTCGTTATGTGC-1,0.18772057,0.4355337,0.25164378,0.125102,1.2832708
GACTCTCTCCCTGTTG-1,0.17099427,0.351567,0.20711994,0.27031887,1.3492296
GACTCTCTCCTACCAC-1,0.33775356,0.09137112,0.56273556,0.008139783,0.94794863
GACTGATAGAGTAACT-1,0.30623403,0.1903356,0.32064342,0.18278694,1.3535019
GACTGATAGGCTAAAT-1,0.524431,0.2893421,0.105883986,0.0803429,1.1376497
GACTGATAGGTTGAGC-1,0.7968721,0.039170366,0.0068806945,0.1570768,0.6328558
GACTGATAGTTACGGG-1,0.71508515,0.22007819,0.05001372,0.014822957,0.7851968
GACTGATCAACACACT-1,0.1555161,0.32930088,0.4828618,0.032321166,1.117661
GACTGATCACTATGTG-1,0.17962013,0.4089035,0.22810434,0.18337205,1.3222344
GACTGATCAGACGGAT-1,0.12991859,0.3762468,0.44812083,0.04571375,1.1336753
GACTGATCAGCTGAGA-1,0.14265795,0.48881152,0.1603148,0.20821567,1.2478822
GACTGATGTATGGTTC-1,0.053369865,0.035083488,0.020107158,0.8914395,0.45492584
GACTGATTCACCTTGC-1,0.33737192,0.43136188,0.17924342,0.05202284,1.1911751
GACTGATTCGTAACCA-1,0.029645301,0.0016198525,0.0010278705,0.96770704,0.15355176
GACTTCCGTAGCGAGT-1,0.22699465,0.37040854,0.37783104,0.02476582,1.1638023
GACTTCCGTGAGTAAT-1,0.17402503,0.3608353,0.26987654,0.19526309,1.3445301
GACTTCCTCAGTCCGG-1,0.2114692,0.33331937,0.17453186,0.28067955,1.3560436
GACTTCCTCCTCAGGG-1,0.5859334,0.3127355,0.06455744,0.03677368,0.9750959
GACTTCCTCTGACAGT-1,0.13729636,0.29343343,0.4920492,0.07722098,1.1791167
GAGAAATAGCGCAATG-1,0.15371172,0.44393322,0.29401448,0.10834055,1.2490572
GAGAAATAGTGTGTTC-1,0.09039116,0.29915237,0.539434,0.07102248,1.0990775
GAGAAATGTCAACCTA-1,0.119692035,0.50587225,0.18184468,0.192591,1.2260298
GAGAAATGTCACGCTG-1,0.9739198,0.0018477034,0.024170028,6.246117e-05,0.12794726
GAGAAATTCAACTTTC-1,0.604162,0.01737067,0.03412172,0.3443456,0.85721505
GAGAAATTCTCTGAGA-1,0.047665507,0.27181202,0.42219654,0.2583259,1.2128527
GAGACCCAGGCGTTGA-1,0.055838,0.29432303,0.39639425,0.25344473,1.2357717
GAGACCCAGGGCAAGG-1,0.23222896,0.22367457,0.35990417,0.18419227,1.3534327
GAGACCCGTCGCGGTT-1,0.27924815,0.17471637,0.2675064,0.27852902,1.3697948
GAGACCCTCTCGCCTA-1,0.4275028,0.26286894,0.21606459,0.093563676,1.2672209
GAGACTTAGGAATCGC-1,0.21918194,0.30098248,0.21931803,0.26051754,1.3772514
GAGACTTCAAGTGGAC-1,0.04907286,0.11676391,0.23200817,0.6021551,1.0430872
GAGACTTCACTCTCGT-1,0.11332665,0.49383405,0.16314001,0.2296993,1.2288748
GAGACTTGTGAGTAGC-1,0.5847883,0.27590832,0.07144845,0.06785495,1.040118
GAGACTTGTGTGTCCG-1,0.27455762,0.3854366,0.14840558,0.19160016,1.3220772
GAGACTTTCCGCACGA-1,0.27706575,0.1793533,0.25684744,0.28673348,1.3711281
GAGACTTTCTTCACGC-1,0.3864182,0.3446705,0.20134434,0.067566946,1.2393221
GAGAGGTAGTAATACG-1,0.06289995,0.3518005,0.4185194,0.16678013,1.2047775
GAGAGGTCACTCTCGT-1,0.014646971,0.02657609,0.016654393,0.9421225,0.28264344
GAGAGGTCAGATCCAT-1,0.3153477,0.22610514,0.25765175,0.20089541,1.3719442
GAGAGGTGTAAGACCG-1,0.42148346,0.35875812,0.14075905,0.07899944,1.2084289
GAGAGGTTCTTCCCGA-1,0.6885308,0.21173505,0.063900195,0.03583402,0.8806976
GAGATGGAGCCATATC-1,0.32308924,0.17607518,0.30307537,0.19776018,1.3531635
GAGATGGAGCGCATCC-1,0.03951427,0.13478085,0.22835362,0.59735125,1.0428208
GAGATGGAGCTACTAC-1,0.06397351,0.41850555,0.2549025,0.26261845,1.2399815
GAGATGGAGGGTGGGA-1,0.06678385,0.2547348,0.21396881,0.46451256,1.2151914
GAGATGGAGTTAGTGA-1,0.9570371,0.016666764,0.01108133,0.015214808,0.22384086
GAGATGGCACACCAGC-1,0.27470666,0.15780783,0.47435707,0.09312848,1.2211472
GAGATGGCAGGCCTGT-1,0.3810425,0.3926509,0.15817633,0.06813023,1.2094151
GAGATGGCATGTGACT-1,0.9315258,0.023289477,0.012485489,0.032699257,0.32020807
GAGATGGGTATACCTG-1,0.063962415,0.21229535,0.35410196,0.36964026,1.2403659
GAGATGGGTCTTGAAC-1,0.16010575,0.2889631,0.20177755,0.3491536,1.3423936
GAGATGGTCAAGAAAC-1,0.27609158,0.3953104,0.18080753,0.14779043,1.3140259
GAGATGGTCCACTGAA-1,0.22016431,0.36742854,0.28735626,0.12505086,1.3193995
GAGATGGTCCGGACGT-1,0.8420662,0.044957984,0.11115833,0.0018174852,0.53987074
GAGATGGTCGAACTCA-1,0.060575347,0.31604803,0.5856383,0.0377383,0.97090757
GAGATGGTCGGTCTAA-1,0.16234829,0.35187212,0.22618432,0.25959527,1.348977
GAGCCTGAGCGTGCCT-1,0.43311518,0.35270473,0.12505624,0.08912387,1.20544
GAGCCTGAGCTGAGTG-1,0.53016734,0.20129573,0.123870686,0.14466622,1.1974905
GAGCCTGCACGGGCTT-1,0.2573797,0.015649196,0.57446164,0.15250947,1.0196105
GAGCCTGCACTTCAGA-1,0.13629986,0.442635,0.33069,0.09037514,1.215559
GAGCCTGCAGACCCGT-1,0.9882158,0.00077093765,0.010033547,0.0009798252,0.07020155
GAGCCTGCATTGTAGC-1,0.25516668,0.08964486,0.2972833,0.35790518,1.2930992
GAGCCTGGTGATTCTG-1,0.18800414,0.42233425,0.33724573,0.05241587,1.1993618
GAGCCTGGTGTAAACA-1,0.21448785,0.32845476,0.18373014,0.27332723,1.3617121
GAGCTGCAGCATTGAA-1,0.2160202,0.41291705,0.30802277,0.06303996,1.233218
GAGCTGCAGGGTGAAA-1,0.18168037,0.41590744,0.33697912,0.065433055,1.2196915
GAGCTGCCAATAGAGT-1,0.09324105,0.28558978,0.26354897,0.3576202,1.2983034
GAGCTGCGTAATCAGA-1,0.6596488,0.25599957,0.048921447,0.035430197,0.8892312
GAGCTGCGTAGCGAGT-1,0.011596807,0.006637555,0.02041834,0.9613473,0.2023249
GAGCTGCGTTCGATTG-1,0.48238337,0.075397715,0.026429225,0.41578975,1.0074785
GAGCTGCGTTGGACCC-1,0.19982722,0.38690186,0.26024902,0.15302189,1.3267523
GAGCTGCTCGACATAC-1,0.3374159,0.054811936,0.29708403,0.31068814,1.2495139
GAGCTGCTCGCAAGAG-1,0.07950655,0.36770836,0.43358737,0.119197674,1.1850458
GAGCTGCTCTACAGGT-1,0.030897519,0.3314145,0.54857135,0.0891166,1.0182924
GAGCTGCTCTGACAGT-1,0.062401406,0.3002925,0.33970687,0.2975992,1.261828
GAGGCAAAGAACTCCT-1,0.32410184,0.49122125,0.128019,0.056657888,1.1401566
GAGGCAAAGGTATAGT-1,0.8185278,0.12714882,0.025156818,0.02916656,0.621879
GAGGCAAAGTCCCAAT-1,0.14915225,0.39874342,0.36934084,0.082763545,1.2245287
GAGGCAACAATCGAAA-1,0.26300284,0.09089986,0.27214822,0.37394908,1.2912472
GAGGCAATCACCGGTG-1,0.115351215,0.25869852,0.48886377,0.13708647,1.2211931
GAGGCAATCTCATGCC-1,0.045803517,0.27668038,0.3931021,0.284414,1.2213694
GAGGCAATCTTACGGA-1,0.32989123,0.40431404,0.18326123,0.082533576,1.2488284
GAGGCCTAGAGGTTTA-1,0.16145451,0.43927726,0.17513946,0.22412872,1.2960932
GAGGCCTCAAGATCCT-1,0.041770823,0.38176796,0.48445573,0.09200549,1.070882
GAGGCCTCAAGCGCTC-1,0.051118262,0.32440767,0.44438615,0.18008791,1.1863602
GAGGCCTCACTCCTGT-1,0.0010962691,0.0010913279,0.0044805924,0.99333185,0.04579216
GAGGCCTCATACTGTG-1,0.39968926,0.31820607,0.12644231,0.1556623,1.281927
GAGGCCTGTCACTGAT-1,0.36982358,0.36920717,0.18297309,0.077996165,1.2454915
GAGGCCTGTCCACGCA-1,0.10104103,0.34573075,0.28638884,0.2668394,1.3094337
GAGGCCTGTGAATAAC-1,0.24338254,0.31654674,0.21034549,0.22972526,1.3738735
GAGGGATAGCGGTAAC-1,0.0649298,0.34315073,0.22006227,0.37185723,1.2455744
GAGGGATAGTGGTTGG-1,0.49235392,0.24885698,0.07010964,0.1886795,1.1959823
GAGGGATCACATGTTG-1,0.013211659,0.017476968,0.0044570537,0.96485424,0.1865373
GAGGGATGTGAGACCA-1,0.4095479,0.27599773,0.17067856,0.14377585,1.3015215
GAGGGTAAGATAACGT-1,0.03357445,0.2634609,0.57720625,0.12575836,1.0433222
GAGGGTAAGGGATGTC-1,0.0046014306,0.22224246,0.46476507,0.308391,1.0779126
GAGGGTAAGTTAACGA-1,0.12563948,0.36741328,0.36047202,0.14647529,1.2776666
GAGGGTAAGTTTGTCG-1,0.09925359,0.23514026,0.13899371,0.52661246,1.1816576
GAGGGTACACTGTTCC-1,0.050631236,0.057763506,0.32151115,0.5700941,1.0009418
GAGGGTATCCAAGCCG-1,0.12513033,0.3435278,0.23573384,0.2956081,1.3280373
GAGTCATAGACTTCAC-1,0.37697157,0.37903133,0.130328,0.113669045,1.2482189
GAGTCATAGCGTTACT-1,0.11418402,0.3864029,0.28428486,0.21512824,1.3033102
GAGTCATAGGTCACAG-1,0.3234469,0.26348358,0.31855685,0.09451266,1.3038778
GAGTCATCAACAAGTA-1,0.1820457,0.24259849,0.37278476,0.20257106,1.345003
GAGTCATGTAGGCTGA-1,0.9529259,0.0006061837,0.00020747722,0.04626051,0.19437885
GAGTCATGTTGTATGC-1,0.34161305,0.35192713,0.20372626,0.10273353,1.2923532
GAGTCTAAGCGAATGC-1,0.1728335,0.42234108,0.26110563,0.14371973,1.2968512
GAGTCTACAAGGTCTT-1,0.7885515,0.08915709,0.008663587,0.113627836,0.69111174
GAGTCTACATTCAGGT-1,0.12576891,0.40957528,0.27845383,0.18620199,1.2953541
GAGTCTATCATAGAGA-1,0.16611515,0.22774576,0.40250358,0.20363553,1.3255138
GAGTCTATCCTCTCGA-1,0.12754235,0.16643238,0.0969599,0.6090654,1.0893342
GAGTCTATCGAGCTGC-1,0.9772604,0.0020139527,0.020067558,0.00065807044,0.11823922
GAGTCTATCGTGTGAT-1,0.3704817,0.4187385,0.12864329,0.0821365,1.2014858
GAGTGAGAGATTGAGT-1,0.8218128,0.098908946,0.04903602,0.030242277,0.6437626
GAGTGAGAGCGCCGTT-1,0.07015136,0.06082278,0.6045933,0.2644326,1.0126612
GAGTGAGAGGTGGGTT-1,0.1968801,0.40458176,0.2320583,0.16647981,1.32353
GAGTGAGCATCACAGT-1,0.4926163,0.2046939,0.18604982,0.11663997,1.2369857
GAGTGAGTCACGATCA-1,0.083644114,0.337335,0.46091586,0.118105,1.1834027
GAGTGAGTCGTGCACG-1,0.0060056173,0.022267876,0.013883484,0.957843,0.21607575
GAGTGAGTCTTACACT-1,0.30804345,0.063132,0.3188651,0.30995947,1.264648
GAGTGTTGTAGTATAG-1,0.09567699,0.34609914,0.3714801,0.18674366,1.2729754
GAGTGTTGTGAAGCTG-1,0.09253178,0.04796322,0.698816,0.16068904,0.91014254
GAGTGTTTCCATGAGT-1,0.1689463,0.24143642,0.5192124,0.070404865,1.1706656
GAGTGTTTCTGCACCT-1,0.0985159,0.47620034,0.2843224,0.14096138,1.2153736
GAGTTACAGTGGCAGT-1,0.27541757,0.3654437,0.18189059,0.17724814,1.3396939
GAGTTACAGTTCATGC-1,0.89309496,0.05803494,0.012564532,0.036305618,0.44155914
GAGTTACCACTCCTTG-1,0.04991725,0.3804477,0.5451411,0.02449398,0.93888766
GAGTTACCACTGTCCT-1,0.11285072,0.3421515,0.44042647,0.104571305,1.2104282
GAGTTACCATCGAAGG-1,0.14874358,0.26923558,0.49598908,0.08603175,1.1955454
GAGTTACGTCTGATAC-1,0.061139543,0.29382798,0.4388096,0.2062229,1.2177565
GAGTTACGTGTATACC-1,0.00053124636,0.0021261906,0.009881366,0.98746115,0.07517225
GAGTTACGTTCGAACT-1,0.09088519,0.07639463,0.036931485,0.7957887,0.71803296
GAGTTACTCCGAGATT-1,0.46077368,0.37099293,0.11784337,0.050389953,1.1274555
GAGTTACTCCGCGAGT-1,0.43666887,0.36162823,0.10737828,0.094324715,1.1919465
GAGTTGTAGCGATTCT-1,0.027134858,0.3894866,0.4437004,0.13967814,1.1006286
GAGTTGTCATCAGTCA-1,0.10402733,0.23891738,0.1411008,0.5159545,1.1952085
GAGTTGTGTCTGATAC-1,0.04287529,0.059637327,0.028730823,0.86875653,0.5273955
GAGTTTGAGAGGGTCT-1,0.10843216,0.2869853,0.18844986,0.41613266,1.2785001
GAGTTTGCAATTCGTG-1,0.926223,0.028611239,0.024123415,0.021042323,0.3437675
GAGTTTGCATCCTAAG-1,0.31062272,0.2912551,0.23639968,0.16172244,1.3580331
GAGTTTGGTACTTCCC-1,0.0002790827,0.00039126424,0.0065640514,0.99276555,0.045553982
GAGTTTGGTAGATGTA-1,0.30325514,0.3708439,0.13973576,0.18616527,1.3176723
GAGTTTGGTAGGACCA-1,0.27146685,0.22860342,0.36104712,0.13888262,1.3333225
GAGTTTGTCACTGATG-1,0.06650963,0.38944045,0.30228758,0.24176231,1.2524319
GAGTTTGTCAGCGGAA-1,0.02854168,0.30486733,0.54851264,0.11807831,1.0453205
GAGTTTGTCCGCACGA-1,0.08053284,0.5658049,0.26426837,0.08939385,1.0926441
GAGTTTGTCGCCGAGT-1,0.08607691,0.2722479,0.48848078,0.15319437,1.2026855
GATAGAAAGACACACG-1,0.40039566,0.29093435,0.108769506,0.19990048,1.2888219
GATAGAAAGGCCTTGC-1,0.050143354,0.29969603,0.4801935,0.16996714,1.1646632
GATAGAAAGTCTAACC-1,0.22994857,0.42594138,0.27114242,0.07296765,1.2464037
GATAGAAGTACTTGTG-1,0.1707236,0.19307593,0.1536116,0.48258883,1.2587106
GATAGAAGTCTAGGCC-1,0.54408616,0.24682406,0.032522045,0.17656773,1.0940759
GATAGCTAGCACGGAT-1,0.4335123,0.37684882,0.14244552,0.04719344,1.1518183
GATAGCTAGTCATCGT-1,0.018260978,0.18130456,0.30711848,0.49331596,1.0938298
GATAGCTCAGAAGCTG-1,0.054184426,0.10047074,0.0640993,0.7812455,0.757802
GATAGCTCATGCTGCG-1,0.22952983,0.3261089,0.23326862,0.21109268,1.3711004
GATAGCTGTCATCCCT-1,0.09357638,0.42302063,0.37143114,0.11197182,1.198645
GATAGCTTCAGTGCGC-1,0.8186835,0.10151889,0.07099184,0.008805778,0.6254684
GATAGCTTCCTACCGT-1,0.1488073,0.40319964,0.32223722,0.12575583,1.2753959
GATAGCTTCTGGTCAA-1,0.049799275,0.16821559,0.52869284,0.2532923,1.1340163
GATCACAAGAAGTCAT-1,0.021378636,0.28338882,0.6242479,0.07098458,0.921469
GATCACAAGCGCCATC-1,0.29853848,0.2887045,0.12982923,0.28292784,1.3418279
GATCACAAGCGCTGCT-1,0.13873516,0.010015471,0.15158923,0.6996602,0.85601187
GATCACACACCGTCTT-1,0.72472775,0.11739516,0.1243798,0.033497266,0.85784346
GATCACACAGGACATG-1,0.6116369,0.12930726,0.015735302,0.24332052,0.9744309
GATCAGTAGCCTCTGG-1,0.28324702,0.42583513,0.16043173,0.13048606,1.2801402
GATCAGTCAAACCATC-1,0.6769453,0.21590984,0.055823002,0.051321797,0.90857553
GATCAGTCAAACTCGT-1,0.118074656,0.18401891,0.084679954,0.6132265,1.0726961
GATCAGTCAATTGCGT-1,0.0737209,0.33916926,0.42918313,0.15792668,1.2134609
GATCAGTCACGTCGTG-1,0.034632742,0.064830974,0.20474173,0.6957946,0.8709309
GATCAGTGTTAACAGA-1,0.0964221,0.31805083,0.1588825,0.42664456,1.2455707
GATCAGTTCAGGCGAA-1,0.3082024,0.26830485,0.23865265,0.1848401,1.3697317
GATCATGAGATGGTCG-1,0.004563691,0.007931697,0.004705088,0.98279953,0.10522809
GATCATGAGGGCCCTT-1,0.105643295,0.44424453,0.23803343,0.21207874,1.2684554
GATCATGCAGTGTATC-1,0.5825775,0.29184622,0.09356367,0.032012656,1.0060178
GATCATGCATTCGATG-1,0.80825865,0.081940435,0.101642385,0.008158504,0.6486683
GATCATGGTATGTCTG-1,0.3871855,0.02872245,0.32704386,0.2570482,1.1840703
GATCATGGTGTGTACT-1,0.14549239,0.3882785,0.36127213,0.104957014,1.252194
GATCATGGTTGTGCCG-1,0.23200184,0.38960332,0.15592113,0.22247373,1.330338
GATCATGTCATTGCCC-1,0.023511063,0.32121643,0.58723485,0.06803765,0.94842684
GATCCCTAGAGAGGGC-1,0.10271077,0.47183058,0.26021898,0.16523966,1.2359674
GATCCCTAGCCAAGCA-1,0.081666164,0.18142313,0.09999279,0.6369179,1.0318305
GATCCCTAGTTCCGGC-1,0.2898296,0.11652261,0.29437613,0.29927167,1.3304622
GATCCCTCACAGAAGC-1,0.28103232,0.0969512,0.29578164,0.32623482,1.30868
GATCCCTCATACAGCT-1,0.6253162,0.27819517,0.065702796,0.030785862,0.9355562
GATCCCTCATGCCGGT-1,0.09305833,0.344526,0.18676488,0.37565082,1.2692633
GATCCCTGTACTGCCG-1,0.0917843,0.14141926,0.19274937,0.5740471,1.1317866
GATCCCTTCACCGGGT-1,0.6668494,0.1358145,0.16540208,0.031933952,0.94895416
GATCCCTTCTCACGAA-1,0.054451875,0.30303267,0.22519642,0.41731906,1.2206897
GATCGTAAGGATACCG-1,0.074638546,0.1915415,0.25826368,0.4755563,1.213343
GATCGTACACAGAGCA-1,0.299379,0.03913446,0.2539374,0.4075491,1.201767
GATCGTACACATTGTG-1,0.13501525,0.26593414,0.358718,0.2403325,1.3329959
GATCGTAGTCTGTGCG-1,0.15689279,0.13982873,0.07838692,0.6248916,1.0590763
GATGACTAGCCTATCA-1,0.84522927,0.011839679,0.00078005786,0.14215091,0.47754696
GATGACTAGTCGAGGT-1,0.117928885,0.24179901,0.4052278,0.23504432,1.3017474
GATGACTCAGGCCCTA-1,0.39767024,0.21241328,0.3225798,0.06733673,1.2424259
GATGACTCAGTCTTCC-1,0.08017008,0.070470825,0.32263178,0.5267273,1.0918908
GATGACTCATTATGCG-1,0.38539416,0.3394948,0.15162504,0.12348596,1.2785279
GATGACTGTTGTTGCA-1,0.3815187,0.34752747,0.19502778,0.075926065,1.2494675
GATGAGGCAAGAAATC-1,0.6880313,0.13150351,0.037643578,0.14282155,0.9254625
GATGAGGTCAAACTGC-1,0.52579784,0.048478946,0.0028952518,0.422828,0.8656186
GATGAGGTCCAAACCA-1,0.03446651,0.29430816,0.60530573,0.065919586,0.95918465
GATGATCAGAATTGCA-1,0.2851352,0.35955384,0.2285624,0.12674858,1.3247211
GATGATCCAACTGTGT-1,0.7167146,0.02481122,0.25572398,0.0027501478,0.6953701
GATGATCGTCGAACGA-1,0.10488515,0.48729977,0.3977732,0.010041926,0.9997117
GATGATCGTGTCTTAG-1,0.758999,0.1851275,0.047299918,0.008573572,0.7066801
GATGATCTCGAATGCT-1,0.3956783,0.26696092,0.24007258,0.09728818,1.2886451
GATGCTAAGAGACAAG-1,0.7376968,0.12236154,0.010798281,0.12914334,0.79471135
GATGCTAAGCATCGAG-1,0.28972834,0.44483736,0.16773911,0.0976952,1.2459596
GATGCTAAGTTCCAGT-1,0.29370648,0.09239303,0.2731448,0.3407557,1.301223
GATGCTACATAGATGA-1,0.54613155,0.2896451,0.13625564,0.027967675,1.0608714
GATGCTATCATTACTC-1,0.002165134,0.0058041075,0.0046138107,0.987417,0.08048997
GATGGAGAGCGACTTT-1,0.009739839,0.016451564,0.012481266,0.9613274,0.2053094
GATGGAGCATGCAGCC-1,0.01209767,0.29221457,0.6238525,0.07183523,0.8964389
GATGGAGGTCTAATCG-1,0.057601854,0.2342544,0.477101,0.2310428,1.1959723
GATGGAGGTTAAGCAA-1,0.261242,0.54195535,0.15205842,0.044744197,1.1080654
GATGGAGTCCGATGCG-1,0.25754517,0.4142023,0.22542286,0.102829635,1.2841884
GATGTTGCATTAGGAA-1,0.5653136,0.23660155,0.057023365,0.14106144,1.1030817
GATGTTGGTCAGATTC-1,0.22397806,0.33497372,0.35299844,0.088049784,1.2830018
GATGTTGGTTTCCATT-1,0.86535335,0.0006704345,0.13315412,0.0008220914,0.40435597
GATGTTGTCAGCTCTC-1,0.045617077,0.49314108,0.3725522,0.08868965,1.072183
GATGTTGTCATTTGTC-1,0.24391969,0.3202426,0.41288567,0.022951981,1.160664
GATTCGAAGACCTCAT-1,0.04169385,0.06975652,0.7215321,0.1670175,0.85261834
GATTCGAAGCGGATCA-1,0.3411592,0.34117374,0.14083828,0.17682879,1.3162024
GATTCGAGTCGAACAG-1,0.9992873,9.2363e-05,9.229661e-07,0.0006194416,0.006158921
GATTCGAGTGTTAAAG-1,0.1348649,0.41910458,0.28574508,0.16028534,1.2860577
GATTCGATCGATAACC-1,0.25446722,0.32626244,0.21186261,0.20740777,1.3687296
GATTCGATCTCAACGA-1,0.509609,0.36455995,0.09890762,0.026923472,1.0375491
GATTCTTCAACGCATT-1,0.37060535,0.4461791,0.14187732,0.041338257,1.1367106
GATTCTTCAGGCACAA-1,0.20714492,0.1404933,0.36314893,0.28921288,1.3284916
GATTCTTCATGGGATG-1,0.004051349,0.0065809693,0.0059552337,0.9834124,0.10233843
GATTCTTCATTACTCT-1,0.26107252,0.4448951,0.21245399,0.08157837,1.2444857
GATTCTTGTACCATAC-1,0.061083365,0.3495481,0.45230725,0.13706122,1.1694176
GATTCTTGTTAGGCCC-1,0.216168,0.15865114,0.21140368,0.41377714,1.3168355
GATTCTTTCAGCCTCT-1,0.12756388,0.39980036,0.4107444,0.061891347,1.1668835
GATTCTTTCCGAGTGC-1,0.2154037,0.40603703,0.28986526,0.088693954,1.2704805
GATTGGTAGATGCAGC-1,0.08577447,0.18468805,0.13791607,0.5916214,1.1063813
GATTGGTAGGGAGGTG-1,0.5337151,0.06885374,0.39028683,0.007144312,0.9218665
GATTGGTGTCCAACGC-1,0.004399993,0.004385707,0.0029354761,0.98827887,0.07645541
GATTGGTTCAAGAAAC-1,0.9610267,0.014432499,0.0006774327,0.02386345,0.19345579
GATTGGTTCACGGAGA-1,0.2693768,0.12530269,0.21382931,0.3914912,1.3105687
GATTTCTCAAGCGCTC-1,0.028130153,0.27186605,0.3492329,0.35077086,1.1894151
GATTTCTCAGCGTGAA-1,0.21696156,0.14187172,0.4458437,0.195323,1.2877053
GATTTCTCATTGAAAG-1,0.0035608693,0.021038443,0.02127957,0.9541211,0.22804971
GATTTCTGTCAAGTTC-1,0.24824315,0.13824116,0.2889448,0.32457092,1.3433888
GATTTCTTCACCGACG-1,0.29584,0.17643097,0.2793741,0.24835496,1.3685828
GATTTCTTCTACGGTA-1,0.32486722,0.13656321,0.2979582,0.24061139,1.3406905
GCAACATAGTTGCATC-1,0.20990153,0.09225779,0.2753459,0.42249477,1.26668
GCAACATCACCTTCCA-1,0.070827074,0.2639341,0.4310083,0.23423052,1.2418131
GCAACATCACTAGAGG-1,0.3033629,0.09353071,0.252542,0.35056436,1.2984848
GCAACATGTACTAACC-1,0.52171236,0.24861921,0.085541256,0.14412722,1.1749908
GCAACATGTTGCAAGG-1,0.10566623,0.022940176,0.7394961,0.13189748,0.81443626
GCAACATTCGGCATCG-1,0.06472399,0.3239697,0.3705803,0.24072607,1.2530243
GCAACATTCTGTCGCT-1,0.24249543,0.26511002,0.20433861,0.28805596,1.3785231
GCAACCGAGAGAGGTA-1,0.0011135816,0.0023741345,0.003321181,0.99319106,0.0476608
GCAACCGAGGCTCAAG-1,0.4014493,0.32631525,0.13977818,0.13245726,1.274633
GCAACCGAGGGCGAAG-1,0.1542946,0.5056724,0.24471289,0.095320165,1.2016871
GCAACCGAGGGTACAC-1,0.3460224,0.17396736,0.2616795,0.21833073,1.3545264
GCAACCGCAAGCTACT-1,0.13321123,0.17570971,0.1102126,0.58086646,1.1326786
GCAACCGCAATGTTGC-1,0.13902546,0.5237626,0.21822004,0.11899193,1.1985207
GCAACCGCAGAATTCC-1,0.25043628,0.44431967,0.25400102,0.05124311,1.2075182
GCAACCGCAGAGGCTA-1,0.027686708,0.35765374,0.5187274,0.095932126,1.0323992
GCAACCGTCCGAACGC-1,0.65753084,0.24256937,0.06381922,0.036080625,0.91474164
GCAACCGTCGGCCAAC-1,0.14862266,0.36047122,0.23830117,0.25260493,1.340473
GCACATAAGGATAATC-1,0.2148798,0.54980826,0.18292174,0.0523902,1.1245322
GCACATAAGGCAGCTA-1,0.40816772,0.38385478,0.19542965,0.0125478525,1.1072739
GCACATACAACACACT-1,0.15012272,0.24562724,0.2542917,0.34995833,1.3451545
GCACATACACCGAATT-1,0.10714201,0.40069276,0.37976718,0.112398006,1.2191288
GCACATACATGGTACT-1,0.33769795,0.3462051,0.19248028,0.123616725,1.3094251
GCACATATCCACTAGA-1,0.17642698,0.3248586,0.26328593,0.23542848,1.3632042
GCACATATCGCTGATA-1,0.09833225,0.35931242,0.48238003,0.05997534,1.1162772
GCACGGTCAAGCTGTT-1,0.16504684,0.38331145,0.3703019,0.08133975,1.236859
GCACGGTCAGTCCCGA-1,0.14643635,0.44011667,0.3988244,0.014622568,1.0709349
GCACGGTCAGTTACCA-1,0.75675607,0.18467782,0.04524846,0.013317572,0.72045064
GCACGGTGTCTTACAG-1,0.007606807,0.023030428,0.015884768,0.95347804,0.23518136
GCACGGTGTGCTGCAC-1,0.16433008,0.3966132,0.38256043,0.056496277,1.1934824
GCACGGTGTTGAGTCT-1,0.11987729,0.10369295,0.065347865,0.71108186,0.9100225
GCACGGTTCATGCCAA-1,0.10572973,0.26466292,0.21308689,0.41652042,1.2836177
GCACGTGCAATTCGTG-1,0.04234876,0.033242628,0.010435446,0.9139731,0.3768822
GCACGTGGTCGAATGG-1,0.27325344,0.50782084,0.1452929,0.07363283,1.1709735
GCACGTGTCACGGACC-1,0.32257396,0.17711088,0.10899634,0.39131877,1.2802749
GCACTAACAACGACAG-1,0.21600436,0.35392353,0.39378738,0.036284693,1.1859496
GCACTAACAACTGAAA-1,0.06274426,0.2316487,0.539527,0.16608009,1.1435962
GCACTAACAATTCACG-1,0.14191194,0.33893147,0.44383553,0.07532109,1.1991074
GCACTAACACAAGTTC-1,0.028462209,0.19623794,0.3002595,0.47504044,1.1357049
GCACTAACATTCTCTA-1,0.70776343,0.19962434,0.053560447,0.03905183,0.8497017
GCACTAATCTGTGTGA-1,0.15812555,0.05376915,0.549525,0.23858035,1.1197102
GCAGCCAAGCTCCATA-1,0.28405026,0.10222798,0.2927748,0.32094696,1.3150227
GCAGCCAAGGGCAACT-1,0.64641595,0.06240935,0.0028328293,0.2883419,0.8303683
GCAGCCAAGTACCGGA-1,0.46243542,0.28896394,0.128415,0.120185696,1.2335975
GCAGCCAAGTTTGTCG-1,0.17903198,0.36968657,0.16689089,0.28439057,1.3322427
GCAGCCACAACATCGT-1,0.19165151,0.2521025,0.17218852,0.3840575,1.3344368
GCAGCCACAGAAGCGT-1,0.4919707,0.120620914,0.25626796,0.13114041,1.2194252
GCAGCCACAGCGTAGA-1,0.19284423,0.28555772,0.31062758,0.21097054,1.3667411
GCAGCCAGTAACGCGA-1,0.25977534,0.28615233,0.19657665,0.25749564,1.3773334
GCAGCCAGTAAGTAGT-1,0.006646219,0.010125416,0.006447394,0.976781,0.13529375
GCAGCTGGTAGACGTG-1,0.04474588,0.03805323,0.093761995,0.8234389,0.6453021
GCAGCTGGTCCTCATC-1,0.0018461876,0.003207591,0.09829677,0.8966494,0.35588092
GCAGCTGTCAAACCCA-1,0.11043215,0.2899513,0.38509768,0.21451886,1.2999971
GCAGGCTAGCGCCATC-1,0.06222067,0.012069354,0.8458753,0.079834655,0.56949365
GCAGGCTCATCGTCCT-1,0.32224527,0.20851345,0.40085834,0.0683829,1.2417113
GCAGGCTGTCGCGGTT-1,0.20024575,0.20913553,0.28352225,0.3070965,1.3692126
GCAGGCTGTGTGTGTT-1,0.43764538,0.27900916,0.08699228,0.19635315,1.249866
GCAGTTAAGCTGTTCA-1,0.19913867,0.28856206,0.19339015,0.31890914,1.3622127
GCAGTTACATGGAGAC-1,0.17500232,0.4893854,0.253348,0.08226419,1.2080642
GCAGTTAGTATCGGTT-1,0.24805436,0.5289828,0.12674363,0.09621922,1.1697319
GCAGTTAGTCCTGGTG-1,0.415941,0.06572674,0.25569996,0.2626323,1.2436434
GCAGTTAGTGGAATGC-1,0.08927507,0.35082918,0.25960556,0.30029023,1.2945224
GCAGTTATCCGAGTGC-1,0.08856316,0.29699165,0.5001771,0.114268124,1.1696341
GCAGTTATCGGCTGGT-1,0.103795804,0.2658433,0.26981574,0.36054513,1.3086026
GCATCGGAGGCCTAGA-1,0.34928563,0.19925025,0.28257275,0.16889136,1.3463248
GCATCGGAGTACTGGG-1,0.7068977,0.040675066,0.020377532,0.23204967,0.7937637
GCATCGGGTCACATTG-1,0.06722631,0.16742717,0.7524476,0.0128988465,0.75084925
GCATCGGGTGCGGTAA-1,0.13655484,0.22315535,0.43433842,0.20595136,1.2942278
GCATCGGGTGGCTGCT-1,0.20578144,0.35652858,0.3265088,0.11118119,1.3027114
GCATCGGGTTGACTGT-1,0.19465135,0.38255748,0.325902,0.09688918,1.2776915
GCATCTCAGCTGCCTG-1,0.21143295,0.11115687,0.32070827,0.3567019,1.3051502
GCATCTCAGGGCGAAG-1,0.91610473,0.0097263465,0.0657536,0.0084153805,0.3445116
GCATCTCAGTCACGCC-1,0.36607674,0.15662183,0.014762101,0.46253935,1.0771008
GCATCTCAGTGCAACG-1,0.25883043,0.48805055,0.21104714,0.0420719,1.1615471
GCATCTCGTCTAACGT-1,0.9884354,0.0028037746,0.008675688,8.51502e-05,0.06995811
GCATCTCGTGTTCCAA-1,0.009931251,0.010112892,0.003925036,0.9760308,0.13768744
GCATGATCAAAGGGTC-1,0.6137915,0.19913319,0.039615396,0.14745986,1.0311164
GCATGATCACCTGTCT-1,0.059105948,0.05045466,0.26820588,0.62223357,0.96603996
GCATGATCATCATCCC-1,0.28329015,0.34352058,0.23771524,0.13547404,1.3366942
GCATGATGTGGAGGTT-1,0.25041112,0.3538565,0.18100525,0.21472707,1.3540537
GCATGATTCCGTGGCA-1,0.15622638,0.45718512,0.22905627,0.1575322,1.2765696
GCATGATTCTGCGGCA-1,0.34625393,0.067148335,0.30863467,0.27796307,1.2672856
GCATTAGCATGCTGCG-1,0.60369444,0.26545691,0.08438057,0.04646811,1.0079871
GCATTAGGTAGGCAGT-1,0.27339143,0.116594,0.27821785,0.33179674,1.3271023
GCATTAGGTCTTGCGG-1,0.74754214,0.11093569,0.11926894,0.02225331,0.7997244
GCATTAGTCTCTATAC-1,0.68815196,0.25592786,0.045056157,0.010864059,0.7947852
GCCAACGCACCGCTAG-1,0.17519778,0.278145,0.2297574,0.3168998,1.3631674
GCCAACGCACTGGACC-1,0.003958965,0.11641128,0.35569453,0.5239352,0.9785975
GCCAACGGTACTAAGA-1,0.093781754,0.4581542,0.39540458,0.05265948,1.1014725
GCCAACGGTAGCGATG-1,0.25963658,0.4782351,0.18350823,0.07862009,1.2139626
GCCAACGGTCTGTGAT-1,0.5110504,0.3097406,0.097115904,0.08209301,1.137768
GCCAACGTCTTGATTC-1,0.7374519,0.16877641,0.027048485,0.06672314,0.8031594
GCCAGCAAGATAGTCA-1,0.72479826,0.2160853,0.039844245,0.019272136,0.76886195
GCCAGCAAGGCCTTCG-1,0.7975761,0.13113354,0.04850987,0.022780448,0.6797397
GCCAGCAAGTGCAAAT-1,0.0041922247,0.0034532116,0.0031526445,0.9892019,0.07142208
GCCAGCAGTACCCAGC-1,0.36100888,0.34454358,0.18311624,0.11133131,1.2902018
GCCAGCAGTTATGTCG-1,0.1436345,0.37221316,0.42303047,0.061121833,1.1813407
GCCAGCATCGATTCCC-1,0.27283904,0.09424078,0.30754855,0.32537165,1.3049314
GCCAGCATCGTTCTGC-1,0.20433173,0.33870113,0.40254223,0.05442491,1.2158941
GCCAGGTAGGGAGTGG-1,0.19145374,0.3414207,0.30904403,0.15808144,1.3379041
GCCAGGTCACAGCATT-1,0.96454763,0.02119371,0.010487404,0.0037713628,0.1853406
GCCAGGTCAGTCTCTC-1,0.3091865,0.4360252,0.19081771,0.063970596,1.2168052
GCCAGGTCATATCGGT-1,0.05121689,0.04852129,0.48538983,0.41487205,1.0148534
GCCAGGTTCCTCACCA-1,0.07112587,0.3678406,0.43322605,0.12780753,1.1812079
GCCAGGTTCTACGGTA-1,0.008893595,0.029967412,0.22093344,0.7402055,0.70337445
GCCAGGTTCTCTCAAT-1,0.09089525,0.34538603,0.5256242,0.038094446,1.0476942
GCCAGTGAGATGAATC-1,0.6678713,0.19405934,0.08479267,0.053276673,0.95322156
GCCAGTGTCGCGCCAA-1,0.100880966,0.43773463,0.33622345,0.12516093,1.2196137
GCCAGTGTCTAGCAAC-1,0.44123977,0.29883373,0.1673893,0.092537194,1.2414086
GCCATGGAGTTGGACG-1,0.3737158,0.3495869,0.17706454,0.099632785,1.2715712
GCCATGGCACCAGACC-1,0.09072141,0.18841338,0.6499251,0.07094009,0.9999652
GCCATGGCATTCATCT-1,0.15163705,0.4296983,0.28779328,0.13087133,1.2735641
GCCATGGGTTTGACAC-1,0.5405257,0.19838576,0.08450705,0.17658152,1.1684335
GCCATGGTCAGCGCGT-1,0.5487024,0.1512005,0.26025406,0.03984299,1.0937045
GCCATGGTCCAGCAAT-1,0.010475697,0.031329717,0.021231333,0.9369633,0.29905206
GCCATGGTCCGCAGTG-1,0.6598618,0.14634795,0.15607814,0.037712067,0.9690788
GCCATTCAGATACAGT-1,0.23927574,0.46890938,0.14825718,0.14355773,1.2589664
GCCATTCAGGTAAGGA-1,0.39429417,0.35271025,0.10235974,0.15063576,1.252957
GCCATTCCAACACAAA-1,0.17648454,0.08449655,0.34613153,0.39288732,1.2491827
GCCATTCCAAGGTACG-1,0.1732698,0.22193956,0.528776,0.07601463,1.17063
GCCATTCCACATTCTT-1,0.009785592,0.0027899456,0.006258534,0.98116595,0.1120963
GCCATTCCAGCGTTGC-1,0.14369883,0.35938665,0.35465154,0.14226292,1.2916241
GCCATTCCATGAATCC-1,0.2737979,0.1906135,0.51417744,0.021411091,1.0949366
GCCATTCTCACCTGTC-1,0.16273518,0.34193256,0.26644978,0.22888243,1.3523053
GCCCAGAAGAATTGCA-1,0.87281495,0.06701376,0.050639823,0.009531447,0.4952699
GCCCAGAAGAGTTGCG-1,0.07060523,0.082979396,0.6323968,0.21401855,1.0134382
GCCCAGACACCACATA-1,0.6345351,0.038397033,0.15730321,0.16976467,1.0057878
GCCCAGACATAGCACT-1,0.00029230016,0.0018240932,0.0041909954,0.99369264,0.04311498
GCCCAGACATCATCTT-1,0.16265608,0.37209758,0.2538014,0.21144491,1.3398123
GCCCAGAGTGGACCAA-1,0.29665306,0.292855,0.21423705,0.19625497,1.369778
GCCCAGATCCGGACGT-1,0.73927057,0.10076972,0.014865903,0.1450938,0.79723674
GCCCGAAAGAGCTGCA-1,0.08218547,0.22195344,0.50200975,0.1938513,1.2034647
GCCCGAAAGGCTCTAT-1,0.47814706,0.37843746,0.11383151,0.02958388,1.0720347
GCCCGAAAGTAGCCAG-1,0.03542631,0.27638584,0.47232664,0.2158612,1.158981
GCCCGAAGTCAATCTG-1,0.3356146,0.2557753,0.3765319,0.032078244,1.1932738
GCCCGAAGTCACTCAA-1,0.78798974,0.11421128,0.08459678,0.013202199,0.7016322
GCCCGAAGTCGACTTA-1,0.05147862,0.40815502,0.49906233,0.041304026,0.9969548
GCCCGAATCACGGGCT-1,0.760095,0.114419006,0.11545575,0.010030331,0.75196546
GCCGATGGTAGGCAAC-1,0.036708064,0.2760562,0.5892342,0.098001555,1.0159371
GCCGATGGTATGACAA-1,0.3301326,0.30657205,0.2852589,0.078036435,1.2851889
GCCGTGAAGTATCTGC-1,0.11690993,0.36461616,0.2752114,0.24326244,1.3177562
GCCGTGACAGCAGATG-1,0.082176246,0.54762083,0.22045971,0.14974317,1.1527927
GCCGTGACATAGGCGA-1,0.62569326,0.029631123,0.012221859,0.33245373,0.81760204
GCCTGTTAGGATCATA-1,0.079337314,0.1889778,0.15544114,0.5762438,1.1228967
GCCTGTTCACCCTTAC-1,0.22296049,0.3031292,0.34176362,0.13214667,1.3307981
GCCTGTTCACCGCTAG-1,0.26107565,0.27123812,0.25917956,0.20850664,1.3813571
GCCTGTTGTGTTCAGT-1,0.5462195,0.004702991,0.005009476,0.44406804,0.74254036
GCCTGTTGTTTCCATT-1,0.13155371,0.4014776,0.37033916,0.09662956,1.2269076
GCCTGTTTCGAGTGAG-1,0.25039962,0.22908896,0.45209816,0.06841335,1.2267216
GCGAGAAAGAGCTGAC-1,0.13311909,0.088689566,0.6735707,0.104620524,0.9856384
GCGAGAAAGCATATGA-1,0.1988086,0.31616315,0.14649197,0.3385363,1.3332751
GCGAGAAGTATCACGT-1,0.39925173,0.117562406,0.20413952,0.27904633,1.2987905
GCGAGAAGTGGTCTAT-1,0.3295276,0.06524498,0.3079582,0.29726925,1.267233
GCGAGAAGTTCCGCAG-1,0.111183934,0.40581298,0.40128505,0.08171806,1.1812788
GCGAGAATCGAAGAAT-1,0.8773432,0.07410594,0.042995557,0.0055552977,0.47179043
GCGATCGAGGATAATC-1,0.110280894,0.29952845,0.46823844,0.121952206,1.216126
GCGATCGGTGACTGTT-1,0.63196677,0.27640766,0.06312037,0.028505243,0.9212434
GCGATCGTCGATCCCT-1,0.018165391,0.22881694,0.5236968,0.22932093,1.0867329
GCGGAAACAACAGCCC-1,0.47848934,0.30265814,0.13064663,0.088205844,1.1944978
GCGGAAACATCGCTCT-1,0.0024790056,0.0043813563,0.013120725,0.9800189,0.115305886
GCGGAAACATCTGGGC-1,0.11372047,0.20164034,0.31806943,0.36656976,1.3023313
GCGGAAAGTACCGTGC-1,0.0034340073,0.0009511112,0.01278729,0.98282754,0.09887015
GCGGAAAGTATGAGGC-1,0.27930266,0.360593,0.21656051,0.14354384,1.3339938
GCGGAAAGTATTTCTC-1,0.4828427,0.28656343,0.096879706,0.13371418,1.2048707
GCGGAAAGTCAAGCCC-1,0.34391332,0.28155282,0.33151937,0.043014485,1.2252845
GCGGATCAGCGACATG-1,0.014073391,0.15416382,0.08987726,0.74188554,0.7862874
GCGGATCAGTGGCCTC-1,0.48325434,0.29806384,0.10601221,0.11266962,1.1961229
GCGGATCCACTTCTCG-1,0.34692514,0.41709292,0.18914185,0.046840083,1.1903447
GCGGATCTCAGACCTA-1,0.0722222,0.45225644,0.24822472,0.2272966,1.23129
GCGGATCTCGAACGGA-1,0.45754606,0.3112192,0.13923872,0.091996044,1.2150398
GCGGATCTCTGGACTA-1,0.20662127,0.4149933,0.23977001,0.1386154,1.3071189
GCGGATCTCTTAGGAC-1,0.07516752,0.1290402,0.22178254,0.5740097,1.1114184
GCGTGCAGTCACTTAG-1,0.364223,0.3624469,0.21852973,0.054800414,1.2271912
GCGTGCATCCCAACTC-1,0.0038158502,0.14916193,0.7827433,0.06427895,0.67321116
GCGTGCATCGCCGAAC-1,0.93685454,0.04993812,0.011114108,0.002093131,0.27369258
GCGTTTCCACGCGTCA-1,0.28907013,0.37666908,0.13801308,0.19624768,1.3194237
GCGTTTCGTAGGACCA-1,0.18099701,0.32139838,0.3305631,0.1670415,1.3390268
GCGTTTCGTGGAATGC-1,0.18446642,0.41973102,0.35484627,0.04095638,1.1746988
GCGTTTCGTTGCGTAT-1,0.23730488,0.28819546,0.2262211,0.24827851,1.3820124
GCGTTTCTCAGACCGC-1,0.13552737,0.288407,0.27537242,0.30069318,1.3459239
GCGTTTCTCGCCTCTA-1,0.006841301,0.0019986054,0.06711484,0.9240453,0.30081925
GCGTTTCTCGGTAACT-1,0.500209,0.28636447,0.13655286,0.07687365,1.1737144
GCGTTTCTCGTTCTAT-1,0.019814102,0.109564625,0.05892922,0.811692,0.6561721
GCTACAAAGATGATTG-1,0.080827594,0.08081231,0.32800376,0.5103563,1.1155353
GCTACAAAGGTTGTTC-1,0.84525305,0.037055235,0.11076855,0.0069231368,0.5423665
GCTACAACAGATCCAT-1,0.34469643,0.24459238,0.11132894,0.29938227,1.3170207
GCTACAATCCAGTGCG-1,0.082284756,0.41640133,0.3825366,0.118777364,1.1909704
GCTACCTAGCTCGTGC-1,0.0035595917,0.0074957116,0.00494775,0.9839969,0.09889012
GCTACCTAGGTTGACG-1,0.06431796,0.38933164,0.46459308,0.08175738,1.1046233
GCTACCTAGTAAACAC-1,0.72745436,0.078194484,0.0071842885,0.18716687,0.77986836
GCTACCTCAACCGCCA-1,0.3605959,0.4051126,0.18482852,0.049462967,1.1946255
GCTACCTCATCAGCGC-1,0.17498228,0.36368942,0.41874507,0.04258325,1.1717819
GCTACCTGTCTTGTCC-1,0.37230837,0.11489229,0.3114666,0.20133269,1.302462
GCTACCTTCCACTGGG-1,0.14310975,0.15574132,0.07892815,0.6222208,1.0634708
GCTCAAAAGGCCTGAA-1,0.034947436,0.32342136,0.60381424,0.03781701,0.91075647
GCTCAAACATGACTCA-1,0.0709985,0.18383788,0.21788685,0.52727675,1.1686486
GCTCAAAGTACGATCT-1,0.80723834,0.09982166,0.05156129,0.041378703,0.6875542
GCTCAAAGTCCGTTTC-1,0.011190497,0.18664645,0.4186864,0.38347664,1.0956445
GCTCAAAGTCTCTCTG-1,0.87427026,0.039368037,0.001051954,0.08530984,0.4620204
GCTCAAATCGGTAAGG-1,0.40374044,0.0043192594,0.25108758,0.34085277,1.1035556
GCTCAAATCGTAACTG-1,0.050500095,0.41878393,0.42820585,0.10251004,1.1119719
GCTGAATAGTGCACTT-1,0.5295734,0.3325745,0.08444054,0.053411596,1.0679632
GCTGAATAGTTTCGAC-1,0.13154854,0.33617875,0.36149275,0.17077997,1.3029594
GCTGAATCACCTGTCT-1,0.20121825,0.1066016,0.32301268,0.36916745,1.2941728
GCTGAATCATGAATCC-1,0.077710785,0.3966489,0.40963483,0.11600545,1.1807992
GCTGAATGTAGGCTGA-1,0.9547639,0.019463148,0.00047431965,0.025298717,0.21752082
GCTGAATGTATCAGGG-1,0.046174448,0.42620412,0.38317233,0.14444911,1.1525342
GCTGAATGTATCGCAT-1,0.7643685,0.13895579,0.010526257,0.086149424,0.73877835
GCTGAATGTGGACCAA-1,0.08062646,0.08596226,0.7893493,0.044061948,0.73823595
GCTGAATTCACCCATC-1,0.2296042,0.2937978,0.26589215,0.21070582,1.3780499
GCTGAATTCCTCGATC-1,0.021763956,0.08682934,0.16792473,0.723482,0.8292903
GCTGAATTCGATTCCC-1,0.057305813,0.35121354,0.47451767,0.11696297,1.1360765
GCTGCAGCAATCTCTT-1,0.14604756,0.34163648,0.22479585,0.28752014,1.3417948
GCTGCAGCAGCAGTAG-1,0.28234994,0.42781964,0.14927867,0.14055169,1.2800106
GCTGCAGCATAGATGA-1,0.057347074,0.25676942,0.25473562,0.43114787,1.2241168
GCTGCAGCATATTCGG-1,0.38687846,0.4157098,0.13262625,0.06478549,1.1775247
GCTGCAGGTAGGACTG-1,0.99056983,0.002865304,0.0001646598,0.006400172,0.05992663
GCTGCAGGTGTTCCAA-1,0.18942384,0.38113543,0.3334284,0.09601226,1.2739979
GCTGCAGGTTAGCTAC-1,0.59459156,0.2687424,0.06357652,0.073089465,1.0286378
GCTGCAGGTTTACTTC-1,0.549773,0.34942922,0.07201104,0.028786752,0.98789763
GCTGCAGTCGCTGACG-1,0.0019451479,0.00044947202,0.0089374855,0.9886679,0.06903694
GCTGCAGTCTCATTTG-1,0.21253772,0.43568078,0.20784774,0.14393379,1.2966468
GCTGGGTAGGCATCAG-1,0.32576507,0.20340428,0.2720167,0.19881389,1.3646023
GCTGGGTAGTTTGTCG-1,0.52170426,0.09372044,0.23067155,0.15390371,1.1876862
GCTGGGTCAGGAATAT-1,0.13134992,0.44398367,0.2941007,0.13056567,1.2528722
GCTGGGTCATACCAGT-1,0.19043164,0.40796658,0.21953076,0.18207102,1.3245928
GCTGGGTTCAAAGACA-1,0.23268317,0.4222992,0.23170727,0.11331034,1.2888778
GCTGGGTTCACTGGGC-1,0.27840346,0.023219816,0.38933596,0.30904073,1.173527
GCTTCACAGAAATTCG-1,0.114877865,0.13265264,0.051983725,0.7004857,0.9196103
GCTTCACAGCGTCAGA-1,0.23528185,0.4728428,0.27740517,0.014470128,1.1116023
GCTTCACAGTCCCAAT-1,0.08006944,0.46562237,0.2983605,0.15594774,1.2087171
GCTTCACCACTGAGTT-1,0.70443183,0.21963784,0.047798365,0.028131973,0.82552755
GCTTCACCATACATCG-1,0.023901705,0.24790262,0.67362654,0.054569125,0.8598375
GCTTCACGTCCTCAGG-1,0.05947672,0.49161342,0.29132965,0.15758018,1.1674066
GCTTCACGTCCTCATC-1,0.65885437,0.2570959,0.059310544,0.024739156,0.8831933
GCTTCACGTTTCCAAG-1,0.27820414,0.46403596,0.16969596,0.08806394,1.227184
GCTTCACTCGAATGCT-1,0.118634395,0.39241996,0.3425137,0.14643195,1.2682809
GCTTGGGCACAAATCC-1,0.13918154,0.27028278,0.21892993,0.37160575,1.328486
GCTTGGGGTACTCGAT-1,0.3101969,0.22348233,0.26150924,0.20481156,1.3734925
GCTTGGGGTCCTATAG-1,0.0014904563,0.08457286,0.4101407,0.50379604,0.9295422
GCTTGGGGTCGTTTCC-1,0.3945259,0.03504649,0.3666995,0.20372808,1.176383
GCTTGGGGTTACCTTT-1,0.2836494,0.39337426,0.1743315,0.14864482,1.3122864
GCTTGGGGTTTGGCTA-1,0.4017832,0.2897757,0.24456324,0.06387783,1.245421
GCTTGGGTCCGTGTCT-1,0.18499559,0.39587238,0.35590956,0.063222475,1.2212522
GCTTGGGTCGTGTCAA-1,0.08822791,0.3201866,0.19373383,0.3978517,1.2635074
GCTTGGGTCGTGTTCC-1,0.24817763,0.26751,0.2490369,0.2352755,1.3852443
GCTTTCGAGCCTTCTC-1,0.09720075,0.18147378,0.6478972,0.07342825,1.0092403
GCTTTCGAGTATTAGG-1,0.18312255,0.35958576,0.22828166,0.22901002,1.3534244
GCTTTCGCACAGTGTT-1,0.20539609,0.39669463,0.18832621,0.20958309,1.3338108
GCTTTCGCATACGCAT-1,0.16476144,0.3607605,0.28989035,0.18458775,1.3357599
GCTTTCGGTAGGGAGG-1,0.6089258,0.2999128,0.046463918,0.04469744,0.94475096
GCTTTCGGTGGTGATG-1,0.31284237,0.3869611,0.2335601,0.06663644,1.2510884
GCTTTCGGTGTCCCTT-1,0.0673595,0.38797876,0.42359528,0.1210664,1.1685367
GCTTTCGGTTAAACCC-1,0.030748522,0.111077845,0.71239054,0.14578307,0.8734773
GCTTTCGGTTCTCACC-1,0.44891486,0.31128585,0.14957587,0.090223424,1.2240463
GCTTTCGTCATACGAC-1,0.007437624,0.10095855,0.48536742,0.4062364,0.98474914
GGAACCCAGACCTCAT-1,0.2687506,0.40792927,0.16825455,0.15506549,1.3078092
GGAACCCAGCGTGTCC-1,0.18858491,0.4719775,0.24365197,0.09578559,1.2376895
GGAACCCCACACCGCA-1,0.09287397,0.40644088,0.41051137,0.09017373,1.1691008
GGAACCCGTGGTCTGC-1,0.1460674,0.20002726,0.25080007,0.4031053,1.3160179
GGAACCCGTGTCGATT-1,0.19394325,0.3544024,0.30846137,0.14319305,1.3268373
GGAAGTGAGCATGGGT-1,0.02696804,0.3742469,0.5629706,0.035814397,0.9079459
GGAAGTGCAATAGTAG-1,0.0521717,0.47681245,0.41957203,0.05144383,1.024271
GGAAGTGCAGAGCCCT-1,0.117077716,0.5406252,0.20028329,0.14201374,1.1828692
GGAAGTGTCCACGAAT-1,0.042171434,0.06842753,0.03053513,0.8588659,0.55423987
GGAATCTAGAATCCCT-1,0.48060668,0.3564688,0.13052876,0.0323958,1.0967305
GGAATCTAGGATTTAG-1,0.61864823,0.29660332,0.063434154,0.0213143,0.91452724
GGAATCTAGTCACTCA-1,0.1115626,0.09842846,0.28612813,0.5038808,1.1762791
GGAATCTAGTGCCAGA-1,0.2817756,0.10377498,0.30279425,0.31165522,1.3171093
GGAATCTAGTTGTCGT-1,0.46521747,0.053132378,0.23725908,0.2443911,1.1976147
GGAATCTCAGGTCAAG-1,0.013114233,0.26594144,0.59315425,0.1277901,0.9817877
GGAATCTCATACCATG-1,0.09052203,0.32473725,0.25696823,0.32777253,1.2974715
GGAATCTGTAGTTCCA-1,0.15481275,0.33822155,0.30326578,0.2036999,1.3414085
GGAATCTGTCGGTACC-1,0.26907438,0.10290743,0.29077673,0.33724147,1.3129699
GGAATCTTCAAGGACG-1,0.04218577,0.14544828,0.09526704,0.7170989,0.8764059
GGAATCTTCCTAGCTC-1,0.29351303,0.354901,0.19365278,0.1579332,1.3368422
GGAATGGAGCGAGTCA-1,0.7290355,0.09125649,0.012763303,0.16694474,0.8033842
GGAATGGCACTCATAG-1,0.06671036,0.1654965,0.649477,0.11831617,1.011147
GGAATGGCAGACTGCC-1,0.3733235,0.28744772,0.094602786,0.24462606,1.2937238
GGAATGGGTACAACGG-1,0.22309142,0.013189721,0.38056797,0.3831509,1.1269951
GGAATGGGTCTCGACG-1,0.06530918,0.4454607,0.3449153,0.14431481,1.1849302
GGACGTCAGCCTCCAG-1,0.5215646,0.18774073,0.07683068,0.21386395,1.1805568
GGACGTCAGGCTAGCA-1,0.29961252,0.07989025,0.28000262,0.34049463,1.2862684
GGACGTCCAAGCGCAA-1,0.5088763,0.33533803,0.084577,0.07120859,1.1072236
GGACGTCCACTGTTCC-1,0.02474226,0.3596339,0.32220513,0.29341874,1.1840096
GGACGTCCAGACTCTA-1,0.023053383,0.012744814,0.008361108,0.9558407,0.22568136
GGACGTCCATGCGGTC-1,0.11599738,0.21884982,0.58583283,0.07931995,1.0966687
GGACGTCGTACCGGAA-1,0.4130224,0.37908408,0.12521736,0.08267621,1.1991888
GGACGTCTCGAAGCAG-1,0.30374107,0.5648779,0.12205281,0.009328217,0.9848798
GGACGTCTCGTCGATA-1,0.6045989,0.08044686,0.12778102,0.18717326,1.0835185
GGAGAACAGGTCGACA-1,0.36406404,0.2688358,0.3189208,0.048179314,1.231603
GGAGAACGTGGATCGA-1,0.24438493,0.04803958,0.34697708,0.36059844,1.2252572
GGAGAACGTGGTGATG-1,0.06275882,0.40184203,0.46694827,0.06845094,1.0792619
GGAGAACTCCCTTGGT-1,0.14659145,0.36430374,0.32708856,0.16201618,1.3097415
GGAGATGCAACCGATT-1,0.25944996,0.2774236,0.05443662,0.40868986,1.2299078
GGAGATGCACACACGC-1,0.6001063,0.08251765,0.21742813,0.099947914,1.0742651
GGAGATGGTCACTCGG-1,0.8439443,0.095382765,0.052886475,0.007786458,0.5605985
GGAGATGTCACTCTTA-1,0.24644864,0.48300385,0.147163,0.123384565,1.2368449
GGAGATGTCCGGGACT-1,0.42969143,0.2566196,0.1311918,0.18249717,1.2888935
GGAGATGTCGCACGGT-1,0.11885172,0.29821357,0.3550701,0.22786461,1.3186283
GGAGATGTCTCGCTTG-1,0.47016627,0.3019405,0.1881345,0.03975872,1.1589172
GGAGATGTCTTACCAT-1,0.00063459034,0.0018896415,0.0016149046,0.9958609,0.031034758
GGAGCAAAGGATGGCT-1,0.19207485,0.42826852,0.305845,0.07381166,1.2347705
GGAGCAAAGGCCTTGC-1,0.13245694,0.12804297,0.5580244,0.1814757,1.166177
GGAGCAATCATGAGTC-1,0.46071193,0.17874512,0.105103895,0.25543904,1.2502005
GGAGCAATCCAGCACG-1,0.35064667,0.36641914,0.14504917,0.13788505,1.2885861
GGAGCAATCTCAGTCC-1,0.008113807,0.13132882,0.60323584,0.25732148,0.95986503
GGAGGATAGATCCCAT-1,0.2410604,0.19271098,0.19367696,0.3725517,1.3460524
GGAGGATCACCACATA-1,0.0252389,0.27098742,0.48257405,0.2211996,1.132022
GGAGGATCACCAGTAT-1,0.11159617,0.32372466,0.39939997,0.16527914,1.2739208
GGAGGATCACGGTCTG-1,0.18208328,0.3911305,0.33776113,0.08902511,1.2592491
GGAGGATGTAAGATCA-1,0.049454898,0.23350841,0.43517768,0.281859,1.2073423
GGAGGATGTGCCTACG-1,0.28749293,0.40844876,0.21512401,0.08893425,1.2698518
GGAGGATGTGTGTGTT-1,0.4744971,0.15476899,0.34137332,0.029360574,1.1129967
GGAGGATTCATCCTGC-1,0.1809136,0.31575686,0.265175,0.23815452,1.3670102
GGAGGATTCGAGTGAG-1,0.15998754,0.51186216,0.30055422,0.027596114,1.0963733
GGAGGTAAGCGCCTTG-1,0.9863659,0.0009120466,0.011818326,0.0009036333,0.07870942
GGAGGTAAGCTTCATG-1,0.29886785,0.55262434,0.11308301,0.035424806,1.0535179
GGAGGTAGTAAGGAGA-1,0.3067085,0.38417998,0.13335268,0.17575887,1.3042644
GGAGGTAGTCCTATAG-1,0.081600904,0.06864624,0.7038538,0.14589909,0.91638875
GGAGGTATCGAACGGA-1,0.4991004,0.1532318,0.23724839,0.11041939,1.2189041
GGAGGTATCGACGCGT-1,0.92050934,0.017694969,0.045559555,0.016236182,0.35525674
GGAGGTATCGCTAGCG-1,0.13821253,0.30448204,0.2026217,0.3546837,1.3266983
GGATCTAGTACCGGCT-1,0.0018908024,0.004423468,0.0032117423,0.9904739,0.06375456
GGATCTAGTTGCGGAA-1,0.5043265,0.36027887,0.086565435,0.048829187,1.072277
GGATCTATCCTCAGAA-1,0.22159171,0.19284606,0.4335758,0.15198642,1.2999902
GGATGTTAGTAGCATA-1,0.07762496,0.42158085,0.21827415,0.28252006,1.2518578
GGATGTTCATAATCGC-1,0.114283994,0.45277122,0.37001663,0.0629282,1.148569
GGATGTTGTACCTATG-1,0.49741426,0.34946373,0.08633691,0.066785164,1.106992
GGATGTTTCATGCAGT-1,0.87400645,0.040185504,0.0053818556,0.080426164,0.47769257
GGATGTTTCGAAGTGG-1,0.18218866,0.38353956,0.3111776,0.12309419,1.2988901
GGCACGTAGGATAATC-1,0.050337803,0.22253072,0.38383093,0.34330058,1.2194324
GGCACGTCACGTCGGT-1,0.31447136,0.37742543,0.13482705,0.17327616,1.3054484
GGCACGTCATGGAATA-1,0.15510762,0.48577046,0.30861154,0.050510336,1.1534282
GGCACGTGTTGCGGCT-1,0.19772813,0.5799072,0.15361391,0.06875081,1.1083053
GGCACGTTCTCGTGGG-1,0.29819354,0.17674525,0.3030199,0.22204126,1.3630664
GGCAGTCAGGCGAACT-1,0.41377047,0.33328074,0.2455033,0.0074454183,1.1126077
GGCAGTCCAGTAGTTC-1,0.78009516,0.07280669,0.02720985,0.1198883,0.7368536
GGCAGTCCAGTATGAA-1,0.20136774,0.3166671,0.46058244,0.021382732,1.1261463
GGCAGTCCATAAGCAA-1,0.0003370961,0.00025916426,0.0001821875,0.99922156,0.0071821767
GGCAGTCGTTCAGCGC-1,0.71757376,0.15650676,0.052780848,0.07313861,0.8749614
GGCAGTCTCGTTGTTT-1,0.317576,0.4959281,0.0978073,0.08868866,1.1543156
GGCAGTCTCTACTGCC-1,0.2057181,0.39488363,0.20527636,0.19412193,1.3354554
GGCGTCAAGCAAGTCG-1,0.03985166,0.36876816,0.5549387,0.036441516,0.94380206
GGCGTCAAGCGACTTT-1,0.28680268,0.39287338,0.2195479,0.100776054,1.2893959
GGCGTCACAAGGGTCA-1,0.1701842,0.41247874,0.25698593,0.16035111,1.3093343
GGCGTCACAGTCAGAG-1,0.025356203,0.31995258,0.5204478,0.13424341,1.0672505
GGCGTCAGTCACCGAC-1,0.037592743,0.40988734,0.49485776,0.057662178,1.0015512
GGCGTCATCCCTTCCC-1,0.71509963,0.18667646,0.02927435,0.06894957,0.8408769
GGCGTCATCTACACAG-1,0.021211492,0.36367825,0.48068088,0.13442944,1.0714731
GGCTGTGAGGTGAGAA-1,0.41792792,0.3758512,0.13649341,0.06972746,1.1899326
GGCTGTGCACTGGCGT-1,0.7229458,0.08096816,0.0048682494,0.19121785,0.7803317
GGCTGTGCAGATCATC-1,0.09188789,0.3668059,0.44004428,0.10126195,1.1803493
GGCTGTGGTTACAGCT-1,0.22285908,0.08499136,0.32210895,0.37004057,1.2768599
GGCTGTGTCGTGCACG-1,0.13605224,0.22907743,0.27924788,0.35562247,1.332873
GGCTTGGCATGTCTAG-1,0.7013468,0.20034625,0.08595017,0.012356771,0.83611387
GGCTTGGGTCTTAGTG-1,0.35511664,0.06315498,0.30572736,0.27600107,1.2597157
GGCTTGGTCCACAAGT-1,0.024909025,0.033105463,0.011953345,0.93003213,0.32517785
GGCTTGGTCGTTGTAG-1,0.4137564,0.020885114,0.03890667,0.5264518,0.9100126
GGCTTTCAGGTGCTGA-1,0.0070144353,0.0016307867,0.0073540304,0.9840007,0.09725492
GGCTTTCCAATGACCT-1,0.0675897,0.14835943,0.1307013,0.6533496,1.0092441
GGCTTTCCACCCGTAG-1,0.013685703,0.18027139,0.23243077,0.5736121,1.0255574
GGCTTTCGTGCGGATA-1,0.19683313,0.45540845,0.24149401,0.1062644,1.2595063
GGCTTTCGTTGCCATA-1,0.080098495,0.3180085,0.4755811,0.12631188,1.1813433
GGCTTTCTCAATCAGC-1,0.23318808,0.4647829,0.27491084,0.027118083,1.1484352
GGCTTTCTCATCCCGT-1,0.48949254,0.37088048,0.087693386,0.051933616,1.0846002
GGCTTTCTCCAACACA-1,0.17202295,0.27285528,0.15551889,0.39960286,1.3131386
GGCTTTCTCGAGAATA-1,0.6264808,0.27782536,0.068529285,0.027164608,0.9304376
GGGAAGTAGATAACGT-1,0.008888151,0.009394717,0.004219923,0.97749716,0.13115188
GGGAAGTAGTGCTACT-1,0.12709574,0.41984227,0.3376905,0.11537143,1.2423074
GGGAAGTTCCGATCTC-1,0.23224755,0.51023054,0.15973502,0.09778693,1.202744
GGGAAGTTCGCACGGT-1,0.06629786,0.4039025,0.44405827,0.08574139,1.1171794
GGGAAGTTCTTGGTCC-1,0.034111213,0.41905564,0.47138575,0.07544741,1.0292057
GGGACAAAGCTTCGTA-1,0.27850008,0.40251642,0.23589183,0.08309167,1.2697489
GGGACAAAGGGAGGAC-1,0.17393051,0.376397,0.36117038,0.08850205,1.2544147
GGGACAAAGGTGAGAA-1,0.701013,0.14014693,0.01227645,0.14656365,0.85988045
GGGACAACAAAGAGTT-1,0.16845584,0.45996812,0.31616104,0.055415057,1.1816149
GGGACAAGTGGACTGA-1,0.10040914,0.3268247,0.28008413,0.29268202,1.3123515
GGGACAAGTTCTCCCA-1,0.22436346,0.31034002,0.42272016,0.042576365,1.1968048
GGGACAATCAGTGATC-1,0.29037794,0.38826203,0.14955051,0.17180952,1.3131821
GGGACAATCTACCCAC-1,0.10761054,0.37167776,0.27711418,0.24359755,1.3073946
GGGACCTCAAACGAGC-1,0.23041236,0.047545977,0.39170128,0.33034045,1.2160664
GGGACCTCAACCGATT-1,0.37315437,0.3283405,0.16037896,0.13812616,1.3004769
GGGACCTCAAGACCTT-1,0.0065769916,0.010245118,0.0060244836,0.9771534,0.13335668
GGGACCTCACCACTGG-1,0.15368953,0.14793916,0.5541336,0.14423777,1.1769569
GGGACCTCACGGGCTT-1,0.0727898,0.3232748,0.538816,0.0651194,1.0668507
GGGACCTCAGATCCAT-1,0.21678457,0.290596,0.13060805,0.36201137,1.3242482
GGGACCTCAGTCGAGA-1,0.16686444,0.35453615,0.25634205,0.22225735,1.3496184
GGGACCTCATCAGCGC-1,0.9018652,0.05214801,0.009986798,0.03600006,0.4128586
GGGACCTTCATGCCAA-1,0.9791768,0.005626882,0.0009271096,0.014269136,0.116866454
GGGACCTTCCGATGTA-1,0.55750185,0.25681636,0.13248754,0.053194243,1.0987114
GGGACCTTCGGTAACT-1,0.28981754,0.3702428,0.12741433,0.21252534,1.3184619
GGGACCTTCTCGTGAA-1,0.08046563,0.39281875,0.3356567,0.1910589,1.2524807
GGGACTCCACATACTG-1,0.30866548,0.11885684,0.1877292,0.38474852,1.2975043
GGGACTCCACGAAAGC-1,0.20664024,0.35274002,0.20754042,0.23307937,1.3591828
GGGACTCCAGAGGTTG-1,0.45867395,0.3547521,0.13314405,0.053429928,1.1501184
GGGACTCCATCCTAAG-1,0.2508209,0.41996503,0.16450518,0.16470893,1.3052104
GGGACTCCATGGGCAA-1,0.2618935,0.36530086,0.16412637,0.20867923,1.3423469
GGGACTCGTAGCGAGT-1,0.94503033,0.025993574,0.0054928726,0.023483206,0.2649876
GGGACTCTCCTACAAG-1,0.5357121,0.23498712,0.05084512,0.17845565,1.1337026
GGGACTCTCGGCTGGT-1,0.0041595153,0.008909986,0.007883946,0.9790466,0.123777986
GGGAGATCACGACAGA-1,0.768876,0.100275174,0.08538595,0.045462828,0.78331447
GGGAGATCAGTAGAAT-1,0.11016797,0.43660942,0.25682876,0.19639389,1.2736045
GGGAGATGTAGAGTTA-1,0.12305662,0.07856161,0.36004263,0.4383391,1.186989
GGGAGATGTTGCCGCA-1,0.07178129,0.19248009,0.17683698,0.55890167,1.1377764
GGGAGATTCGGAAGGT-1,0.005068382,0.00034935682,0.0018591585,0.99272305,0.048505783
GGGAGTACATACCAGT-1,0.32140657,0.07541083,0.046041317,0.5571413,1.0273516
GGGAGTACATTGTGCA-1,0.26778057,0.13553458,0.2844138,0.312271,1.3447418
GGGAGTAGTGTATTCG-1,0.015266647,0.16522963,0.50500643,0.3144973,1.0701455
GGGAGTATCGAAACAA-1,0.1956108,0.3272333,0.15589465,0.32126123,1.3392447
GGGAGTATCGCATTAG-1,0.12466592,0.37245408,0.36356616,0.13931382,1.2698655
GGGATCCAGAGCATCG-1,0.14048104,0.3731492,0.34718722,0.13918254,1.2853116
GGGATCCAGAGTTGTA-1,0.008196396,0.010774868,0.19212957,0.7888992,0.5921873
GGGATCCAGGCTCACC-1,0.18533778,0.3847483,0.36685288,0.063061036,1.222056
GGGATCCCACTATCCC-1,0.2688917,0.25241885,0.23274094,0.24594852,1.3849432
GGGATCCCAGCTCTGG-1,0.018375147,0.34374762,0.5079074,0.12996984,1.0497932
GGGATCCGTGAACGGT-1,0.5501005,0.283277,0.1230907,0.043531764,1.0803703
GGGATCCTCCTCCACA-1,0.014237471,0.16101442,0.42335284,0.4013952,1.0848801
GGGATCCTCTAGTGAC-1,0.8660239,0.06557684,0.054922737,0.013476452,0.5206544
GGGATGACACTACCCT-1,0.059963718,0.42277688,0.268657,0.24860233,1.231843
GGGATGAGTAACCAGG-1,0.03151173,0.32579386,0.46520025,0.17749414,1.1371901
GGGATGAGTGCGACAA-1,0.94081765,0.026254319,0.0012027543,0.03172533,0.27051818
GGGATGATCAAGCCGC-1,0.10798702,0.29763654,0.32385063,0.27052584,1.3198669
GGGATGATCGTTCTCG-1,0.4949787,0.36162722,0.07561865,0.06777541,1.0935878
GGGATGATCTACCCAC-1,0.021131048,0.015175741,0.0052499324,0.9584433,0.2133003
GGGATGATCTTGGAAC-1,0.19516058,0.22629133,0.189524,0.38902405,1.3376397
GGGCCATCAGTGAGCA-1,0.542469,0.27950087,0.12076459,0.05726555,1.1071494
GGGCCATGTGTAGGAC-1,0.109140866,0.36722448,0.2981238,0.22551088,1.3063147
GGGCCATGTTGCCAAT-1,0.25982505,0.227149,0.19955572,0.31347027,1.3721049
GGGCCATTCTGTCCCA-1,0.991844,0.0008829541,0.0060876207,0.0011853187,0.053374037
GGGCGTTAGAGTCAGC-1,0.15049483,0.38318574,0.36571193,0.10060744,1.2514973
GGGCGTTAGTGATCGG-1,0.14715955,0.4232573,0.40122744,0.028355649,1.1133397
GGGCGTTCACGCGGTT-1,0.0060506896,0.046339028,0.3471495,0.60046077,0.8468012
GGGCGTTTCATTCACT-1,0.25734523,0.11677692,0.42981857,0.1960593,1.2824636
GGGCGTTTCTAAGAAG-1,0.22212669,0.45647037,0.23748231,0.08392054,1.2415345
GGGCTACAGTACGAGC-1,0.040698778,0.17201042,0.5814874,0.20580336,1.0736759
GGGCTACAGTCACTAC-1,0.03302964,0.2764867,0.31919396,0.37128967,1.200461
GGGCTACCACGACAAG-1,0.043384206,0.15399379,0.39618716,0.40643486,1.1569664
GGGCTACGTACCGGAA-1,0.029830972,0.3550132,0.5502711,0.06488469,0.97859454
GGGCTACGTCGGTGTC-1,0.6216086,0.13499513,0.19385675,0.04953948,1.0327842
GGGCTACGTGTTTGCA-1,0.08041262,0.29253912,0.18154845,0.4454998,1.2322398
GGGCTACGTTGTAGCT-1,0.65171254,0.28893772,0.047269072,0.012080651,0.83537114
GGGCTACTCATTCGTT-1,0.054315623,0.20075895,0.6882953,0.056630153,0.9002683
GGGCTACTCGGTTGTA-1,0.7832,0.007783481,0.00028427312,0.20873228,0.5585257
GGGCTACTCTTTGGAG-1,0.0604414,0.36295515,0.5149812,0.061622202,1.0509288
GGGCTCAAGATGCTGG-1,0.035513807,0.15809871,0.2741898,0.5321977,1.10062
GGGCTCAAGGTTCAGG-1,0.08689462,0.43656695,0.2244417,0.25209665,1.2568432
GGGCTCACAATCGAAA-1,0.028055316,0.20040208,0.60239345,0.16914916,1.0282836
GGGCTCAGTGAGCGAT-1,0.3981256,0.36409664,0.18462059,0.053157244,1.2024264
GGGCTCAGTGGCACTC-1,0.0346998,0.54053813,0.3192838,0.10547824,1.0509257
GGGCTCATCACTACTT-1,0.14358604,0.39857325,0.21457286,0.24326786,1.3194398
GGGTAGAAGAAAGCGA-1,0.5609898,0.33330482,0.06417909,0.041526273,0.9988365
GGGTAGACAAGACCTT-1,0.118185416,0.37860483,0.30183053,0.20137921,1.3043926
GGGTAGACATGATAGA-1,0.15796185,0.067303434,0.7182676,0.05646706,0.87310034
GGGTAGAGTCTACACA-1,0.23162098,0.38402572,0.20335016,0.18100315,1.3395905
GGGTAGAGTGGCCACT-1,0.52494353,0.23653618,0.11442973,0.12409057,1.1863161
GGGTAGATCTGGGAGA-1,0.4027569,0.35664225,0.10116305,0.13943778,1.2404603
GGGTATTCAGAAATCA-1,0.4659822,0.2911989,0.122060575,0.12075832,1.2270951
GGGTATTCAGGTTCGC-1,0.4381613,0.30951777,0.17512402,0.07719687,1.2273841
GGGTATTGTATCACGT-1,0.36712968,0.4323611,0.16339613,0.037113067,1.1486583
GGGTATTGTCATGCAT-1,0.3937684,0.16119523,0.250163,0.19487338,1.3265264
GGGTATTGTGCAATAA-1,0.019774638,0.001758583,0.015796592,0.9626702,0.1908859
GGGTATTGTGTTAAAG-1,0.020355023,0.25009218,0.52910453,0.20044835,1.0848523
GGGTATTTCTTAGGAC-1,0.521704,0.08626543,0.1761467,0.21588387,1.1876487
GGGTCACAGCTGGCTC-1,0.14986515,0.28311154,0.2263535,0.34066978,1.3448405
GGGTCACCAGGACGAT-1,0.0073460275,0.006405328,0.011561751,0.9746869,0.1450023
GGGTCACGTAAGATAC-1,0.15792839,0.39791676,0.41169986,0.032454982,1.1347799
GGGTCACGTACATACC-1,0.047176883,0.42348984,0.5090099,0.020323392,0.93085235
GGGTCACGTGCTAGCC-1,0.32784963,0.3124966,0.20363532,0.15601844,1.3430203
GGGTCACGTTAAAGTG-1,0.55328506,0.10377205,0.24045327,0.10248958,1.1387528
GGGTCACTCAGATGCT-1,0.2777147,0.07498889,0.31736642,0.32992995,1.2801416
GGGTCACTCCTTACCG-1,0.44019562,0.34718567,0.18044311,0.032175656,1.1480355
GGGTCTGAGAGTCAGC-1,0.10943474,0.34230793,0.35910782,0.18914944,1.2918348
GGGTCTGAGGTTTGAA-1,0.94886607,0.032687973,0.008980915,0.009465161,0.24805403
GGGTCTGAGTCTACCA-1,0.069619216,0.37357765,0.42714277,0.12966037,1.1815693
GGGTCTGCAAGGCAAC-1,0.30093396,0.41063482,0.23642656,0.05200465,1.2215694
GGGTCTGGTATCACGT-1,0.038219128,0.25450897,0.2793099,0.427962,1.1924996
GGGTCTGGTTGCGGAA-1,0.72113556,0.032056175,0.22472467,0.02208365,0.7657312
GGGTGAACACTGTCCT-1,0.07873564,0.27609208,0.38036424,0.264808,1.2749891
GGGTGAACAGCTGTTA-1,0.6873807,0.26183614,0.043881867,0.0069013615,0.78007364
GGGTGAAGTAATCAAG-1,0.12874909,0.37410235,0.39340603,0.10374253,1.2338264
GGGTGAAGTAGCACGA-1,0.06265588,0.40531695,0.44038105,0.09164608,1.1197797
GGGTGAAGTTCATCGA-1,0.18133262,0.3777575,0.2784404,0.16246955,1.3286098
GGGTGAATCGATGGAG-1,0.48719978,0.3159824,0.123934224,0.07288357,1.164019
GGGTGTCAGGCCGCTT-1,0.33104095,0.283406,0.19390348,0.1916496,1.3580096
GGGTGTCCAACTGCTA-1,0.07701782,0.3515459,0.38282382,0.1886125,1.2471604
GGGTGTCCAGATTTCG-1,0.15475167,0.4392319,0.37300032,0.033016097,1.1305786
GGGTGTCCAGCGTGAA-1,0.020055588,0.038775563,0.0481693,0.89299953,0.45158064
GGGTGTCCATGACGGA-1,0.036356747,0.17310853,0.14256889,0.6479658,0.9829818
GGGTGTCGTCATCCCT-1,0.06839898,0.36617658,0.49153015,0.07389423,1.0929525
GGGTGTCGTCGGTGAA-1,0.6695956,0.25107834,0.05649899,0.022827134,0.86418396
GGGTGTCGTGAGTGAC-1,0.06530725,0.23193237,0.27212223,0.4306381,1.234101
GGGTGTCGTGCACGCT-1,0.005088465,0.2180026,0.5915921,0.18531686,0.98187864
GGGTGTCGTGGCCCAT-1,0.025149446,0.3448739,0.5107295,0.11924712,1.0565207
GGGTTATAGAGGTCAC-1,0.2861585,0.11094939,0.2729545,0.3299376,1.3222562
GGGTTATGTATGAAAC-1,0.35662055,0.053365577,0.34328005,0.24673384,1.2364265
GGGTTATGTTCTCGTC-1,0.0100662,0.0038091398,0.063256316,0.92286843,0.31620872
GGGTTTAAGAGCCATG-1,0.05443548,0.33798558,0.26141104,0.34616795,1.2430289
GGGTTTACAACCGTGC-1,0.20701969,0.068829775,0.45316318,0.27098733,1.2227442
GGGTTTAGTAAGACCG-1,0.0070902267,0.00463006,0.00088588154,0.98739386,0.07873038
GGGTTTAGTCAGGAGT-1,0.86773276,0.02696252,0.1027692,0.002535473,0.46951348
GGGTTTAGTCTGTTAG-1,0.13290791,0.3081394,0.2276527,0.3313,1.3338723
GGTAACTAGTCTCGTA-1,0.091703564,0.4471641,0.25947854,0.20165382,1.2519348
GGTAACTGTTATTCTC-1,0.35393384,0.18549919,0.21937357,0.24119341,1.3559229
GGTAACTTCGATTGGT-1,0.07459524,0.3709772,0.3166136,0.23781396,1.2671847
GGTAATCAGATTGATG-1,0.11638149,0.44285157,0.29241386,0.14835308,1.2536637
GGTAATCAGTCTCGTA-1,0.009240042,0.06453063,0.08013592,0.84609336,0.5638053
GGTAATCCACCCTTAC-1,0.10180605,0.36611414,0.3584839,0.17359585,1.2721993
GGTAATCCATTGCCTC-1,0.13333538,0.0765962,0.5024127,0.28765574,1.1696913
GGTAATCGTTCGGTTA-1,0.22081007,0.28305313,0.29275966,0.20337711,1.3743147
GGTAATCGTTGTACGT-1,0.08606365,0.35836434,0.20741224,0.34815976,1.2724512
GGTAATCGTTTACTTC-1,0.9610734,0.014269156,0.0014093785,0.02324801,0.19549811
GGTAATCTCTTTGCGC-1,0.2081803,0.3767292,0.31739727,0.097693235,1.2859542
GGTAGAGCAACTTCTT-1,0.07839045,0.36563656,0.40073782,0.15523523,1.2230871
GGTAGAGCATCAACCA-1,0.3742989,0.4886199,0.11779882,0.019282306,1.0458418
GGTAGAGGTGCTGATT-1,0.07012547,0.29387704,0.23331016,0.4026873,1.2520751
GGTAGAGGTTGTGCCG-1,0.09896394,0.3328988,0.30533484,0.26280245,1.3084941
GGTAGAGTCTGTCGCT-1,0.035444845,0.1122752,0.09474324,0.7575367,0.7975273
GGTCACGCAAGAATAC-1,0.002728008,0.015370469,0.024212394,0.95768917,0.21177758
GGTCACGCACGGAAGT-1,0.0010765018,0.0003900988,0.0077130003,0.99082047,0.057078738
GGTCACGCAGAAACCG-1,0.7930742,0.092668265,0.014424502,0.09983303,0.69548166
GGTCACGCATGGCACC-1,0.13675973,0.32367975,0.21839322,0.3211673,1.3342543
GGTCACGGTTCAATCG-1,0.466469,0.1314847,0.016768534,0.38527778,1.0585054
GGTCACGGTTCCTAGA-1,0.30144316,0.51894933,0.14426772,0.035339735,1.0993333
GGTCACGTCTAGCCAA-1,0.1356858,0.4123274,0.19379629,0.25819045,1.3039315
GGTCTGGGTACTTCCC-1,0.25078636,0.3497866,0.24431728,0.15510978,1.3476825
GGTCTGGGTGCATTTG-1,0.20296484,0.10892147,0.2984717,0.389642,1.2932897
GGTCTGGTCACATTGG-1,0.41815937,0.33280876,0.1915691,0.05746271,1.2114604
GGTCTGGTCTCTCGAC-1,0.23344037,0.18601385,0.25907502,0.3214708,1.367216
GGTGAAGAGGAGACCT-1,0.6090541,0.037861403,0.32851768,0.0245668,0.8826975
GGTGAAGAGTCACTCA-1,0.08302103,0.29843333,0.3502671,0.26827857,1.2879124
GGTGAAGAGTGGCAGT-1,0.03770196,0.3404942,0.49804193,0.123761974,1.0961808
GGTGAAGGTAGTGTGG-1,0.29385227,0.3493608,0.13188277,0.22490413,1.3300287
GGTGAAGTCCCATAAG-1,0.094978735,0.3434023,0.35434487,0.20727411,1.2844534
GGTGAAGTCGACATTG-1,0.23214911,0.07134548,0.45791006,0.23859541,1.2269621
GGTGAAGTCTAGTACG-1,0.03015846,0.10092579,0.13385992,0.7350558,0.8324975
GGTGAAGTCTCTAGGA-1,0.27582934,0.50070786,0.1533241,0.070138685,1.1755084
GGTGAAGTCTTACGTT-1,0.7086264,0.035635125,0.25141212,0.004326385,0.7335563
GGTGATTAGACTGGGT-1,0.0964082,0.22760418,0.21008803,0.4658996,1.2460349
GGTGATTCATGGGCAA-1,0.03918182,0.3012607,0.48605114,0.17350627,1.1429384
GGTGATTGTGTCTTAG-1,0.2533016,0.2281118,0.25329384,0.26529276,1.3848052
GGTGATTGTTGGAGGT-1,0.19637403,0.37989935,0.25180188,0.17192474,1.3373008
GGTGGCTAGTGGAAAG-1,0.11357159,0.36561567,0.4517329,0.06907981,1.1585186
GGTGGCTCAGACGGAT-1,0.15037999,0.2543224,0.3903469,0.2049508,1.3251655
GGTGGCTCAGCGTGAA-1,0.9229021,0.029919,0.0045605632,0.042618256,0.33810356
GGTGGCTCATGGGTCC-1,0.667477,0.05987651,0.16063836,0.11200814,0.97735804
GGTGGCTGTCTACTGA-1,0.11976828,0.039963588,0.63103116,0.209237,1.0006797
GGTGGCTGTTAAACAG-1,0.14100386,0.37032402,0.30563805,0.18303405,1.3171896
GGTGGCTGTTTACGTG-1,0.10218601,0.09810244,0.035145164,0.76456636,0.78377146
GGTGGCTTCCACATAG-1,0.106390476,0.26567683,0.42408204,0.20385066,1.2785176
GGTGGCTTCTGAATCG-1,0.29089156,0.29686952,0.318185,0.094053864,1.3064247
GGTGTCGAGCAAATCA-1,0.139634,0.5000682,0.19669288,0.16360493,1.237473
GGTGTCGGTCAAGCCC-1,0.8752437,0.08767646,0.027562412,0.009517462,0.47332743
GGTGTCGGTCATTCCC-1,0.057786863,0.06985713,0.69843364,0.17392236,0.905555
GGTGTCGGTGCAATGG-1,0.08509025,0.00961629,0.00023593054,0.90505755,0.34658304
GGTGTCGTCGCCATAA-1,0.34230757,0.39068076,0.15078038,0.11623132,1.2695723
GGTGTTAAGGTCTGGA-1,0.27128017,0.31713942,0.1833888,0.22819163,1.3663436
GGTGTTAAGTTGAATG-1,0.7695588,0.049829707,0.01443487,0.16617662,0.71043754
GGTGTTACAGCGTTTA-1,0.10087142,0.17332388,0.38766512,0.33813962,1.2691563
GGTGTTACATAAGCAA-1,0.21027492,0.18150619,0.113177724,0.4950411,1.2322857
GGTGTTAGTCCGAAAG-1,0.22370361,0.33649343,0.2141043,0.22569859,1.367444
GGTGTTAGTGATTAGA-1,0.12432124,0.33016148,0.20536715,0.34015018,1.3169662
GGTGTTAGTGCTTATG-1,0.17408249,0.07858645,0.33096218,0.41636887,1.2350019
GGTGTTATCGCGATCG-1,0.11649975,0.41995355,0.42430532,0.039241344,1.1056374
GGTGTTATCTGTCGTC-1,0.13811478,0.18624772,0.6032374,0.07240015,1.0814371
GGTTAACCAGAATCGG-1,0.35779288,0.09169045,0.30949587,0.24102078,1.2927411
GGTTAACCAGATTAAG-1,0.030590713,0.069159046,0.49982625,0.4004239,1.0045269
GGTTAACCAGTCGCTG-1,0.79859775,0.110367216,0.08383708,0.007198008,0.6661826
GGTTAACGTAGTGGCA-1,0.00745552,0.0013207464,0.025147675,0.966076,0.17123958
GGTTAACGTATCGCGC-1,0.4199282,0.32205978,0.20785514,0.050157,1.2058816
GGTTAACGTCGATTAC-1,0.44699782,0.1326487,0.31315255,0.10720097,1.230856
GGTTAACTCACTGTTT-1,0.12428328,0.41554496,0.3573636,0.10280809,1.2256762
GGTTAACTCGCAGTGC-1,0.6487262,0.23352978,0.045250807,0.07249323,0.95070577
GGTTAACTCGGTAACT-1,0.6165413,0.23309085,0.075002946,0.075364895,1.0267584
GGTTAACTCTATCCAT-1,0.0071818065,0.13633181,0.47990072,0.37658563,1.0272231
GGTTCTCAGAGTATAC-1,0.013987025,0.06499256,0.06485778,0.85616267,0.54775536
GGTTCTCAGTAAGAGG-1,0.19235225,0.22267437,0.51588506,0.06908831,1.1776246
GGTTCTCAGTGAACAT-1,0.6694018,0.25184095,0.056171797,0.022585457,0.86330307
GGTTCTCCACATAACC-1,0.31978133,0.098351374,0.27479735,0.30707,1.3101985
GGTTCTCCATAGGTAA-1,0.032719854,0.12230585,0.7921207,0.052853588,0.70888597
GGTTCTCCATCGCCTT-1,0.39058247,0.33653226,0.10384485,0.1690404,1.2693801
GGTTCTCGTACGTTCA-1,0.15372954,0.37237105,0.3625513,0.111348115,1.2679802
GGTTCTCGTATTGCCA-1,0.060031075,0.3050108,0.5042795,0.13067862,1.1422083
GGTTCTCGTCACAGAG-1,0.45988593,0.4044526,0.11579086,0.01987054,1.0508522
GGTTCTCTCAGTCAGT-1,0.15943705,0.07407627,0.45252174,0.31396496,1.2080722
GGTTCTCTCCATTTAC-1,0.09119195,0.04877957,0.70293444,0.15709405,0.90426695
GGTTCTCTCTTTCGAT-1,0.69929665,0.039607443,0.14643802,0.11465792,0.90766287
GGTTGTAAGATTGCGG-1,0.12920617,0.26060954,0.32991606,0.28026828,1.3372035
GGTTGTACAAGAAACT-1,0.951441,0.02693202,0.019542709,0.0020841926,0.23447457
GGTTGTAGTCCAGTTA-1,0.5824438,0.16879687,0.1382712,0.1104881,1.132087
GGTTGTAGTTCTCGCT-1,0.15714397,0.31622782,0.43823013,0.08839807,1.2308702
GGTTGTATCAGGGTAG-1,0.04274302,0.18750772,0.42451468,0.34523454,1.1795208
GGTTGTATCCATTTCA-1,0.22717854,0.06930539,0.17614418,0.5273718,1.1649797
GTAACACCACACCTTC-1,0.23698549,0.39066258,0.22204188,0.15031013,1.3273838
GTAACACGTATCACCA-1,0.0067353174,0.00038600675,7.840689e-05,0.99280024,0.04462805
GTAACACGTCCCAAAT-1,0.107127056,0.3278624,0.29125506,0.2737555,1.3188485
GTAACACGTCGCGTCA-1,0.2872793,0.07692667,0.32225722,0.31353682,1.2842109
GTAACACGTGTCGCTG-1,0.42083025,0.24691556,0.1905847,0.14166957,1.3023856
GTAACACTCGGCTTCT-1,0.16285616,0.36902788,0.2858208,0.18229516,1.3316922
GTAACCACAGAGGTTG-1,0.39559898,0.3581049,0.17676039,0.06953581,1.2263039
GTAACCAGTACGAAAT-1,0.37249544,0.34877187,0.19086754,0.08786516,1.2650189
GTAAGTCAGGACTTCT-1,0.14523587,0.41498056,0.32019973,0.11958394,1.2638142
GTAAGTCCAAGGGCAT-1,0.13331552,0.22515944,0.524998,0.11652708,1.1931148
GTAAGTCGTACTGTTG-1,0.087033734,0.49386114,0.2768867,0.1422184,1.1938535
GTAAGTCGTCATGGCC-1,0.26313686,0.48206112,0.21482427,0.039977755,1.1621529
GTAAGTCTCCATTCGC-1,0.29653257,0.4190033,0.23339617,0.051067956,1.2164477
GTAATCGAGGGTCAAC-1,0.7910115,0.15053391,0.04794533,0.010509234,0.664011
GTAATCGCATACCACA-1,0.09121817,0.33857423,0.2813425,0.28886515,1.300607
GTAATCGGTCTTCCGT-1,0.15679125,0.31037942,0.44996,0.08286936,1.2193623
GTAATCGGTTTCGTGA-1,0.62529856,0.17799242,0.013454553,0.18325442,0.96974015
GTAATCGTCTTACTGT-1,0.2978319,0.27130675,0.25948796,0.17137341,1.3670111
GTAATGCAGACATCCT-1,4.3556433e-05,0.00012680065,0.0021698405,0.9976598,0.017220447
GTAATGCAGCATCCCG-1,0.031123295,0.030845514,0.1740445,0.76398665,0.725272
GTAATGCAGGATTCAA-1,0.41271755,0.19331619,0.032162804,0.36180338,1.1613235
GTAATGCCAGTTAGAA-1,0.03587557,0.07116051,0.32579702,0.5671669,0.9944636
GTAATGCCATAACTCG-1,0.28320032,0.3856373,0.29540145,0.035760917,1.2040778
GTAATGCGTCTAGGTT-1,0.20159769,0.2576089,0.39582565,0.14496772,1.3190651
GTAATGCGTGTCCACG-1,0.017992029,0.18511312,0.33839893,0.458496,1.1087377
GTAATGCGTTGCCTAA-1,0.76982504,0.120039485,0.012219231,0.0979162,0.7372008
GTAATGCTCCATCACC-1,0.363732,0.35195348,0.12813702,0.1561775,1.2886474
GTAATGCTCCCTCTAG-1,0.40046427,0.41010648,0.1225364,0.06689287,1.17019
GTAATGCTCGGAACTT-1,0.25403428,0.16038598,0.5472338,0.03834592,1.0965997
GTACAACCACTTGTCC-1,0.6065703,0.10173079,0.005925355,0.2857736,0.9240792
GTACAACCATACCATG-1,0.105094135,0.39154437,0.33556527,0.16779628,1.2698345
GTACAACGTATCTCGA-1,0.8830314,0.031352993,0.007390676,0.078224786,0.45400217
GTACAACTCCGCAACG-1,0.18522152,0.4799876,0.29339758,0.041393407,1.1562243
GTACAACTCTGGCCAG-1,0.24022928,0.3073478,0.23231892,0.22010401,1.3774717
GTACAGTAGCTTGTGT-1,0.06972274,0.315643,0.4702355,0.14439876,1.1839092
GTACAGTAGGGCAATC-1,0.24471726,0.08277354,0.3301398,0.3423694,1.2835667
GTACAGTAGTAGGTTA-1,0.14497438,0.31447843,0.34386486,0.19668232,1.3306915
GTACAGTTCTGACGCG-1,0.14442655,0.44869468,0.23686871,0.17001012,1.2814431
GTAGAAAAGACGCATG-1,0.23022664,0.41835323,0.22754781,0.123872325,1.2982655
GTAGAAAAGATGTAGT-1,0.389567,0.043636087,0.30008173,0.26671523,1.2176073
GTAGAAAAGGTCCTGC-1,0.20823307,0.51946527,0.1864675,0.085834175,1.1908883
GTAGAAACAGAGACTG-1,0.0048596323,0.159676,0.61429876,0.22116563,0.95186526
GTAGAAACAGCGAACA-1,0.46718737,0.34374365,0.16898529,0.02008366,1.1015413
GTAGAAACAGGGTTGA-1,0.41734675,0.30124265,0.121568434,0.15984218,1.2753961
GTAGAAAGTGGCTCTG-1,0.5378351,0.10682451,0.0094584925,0.34588188,0.98378015
GTAGAAATCGCACTCT-1,0.9907419,0.003271357,0.005171149,0.00081554515,0.06095977
GTAGAAATCTAACACG-1,0.15547185,0.39616257,0.34545222,0.10291333,1.2573903
GTAGAGGAGGTGCTGA-1,0.4823265,0.26434025,0.19273423,0.060599037,1.190604
GTAGAGGCATACCAGT-1,0.074626386,0.21081592,0.31675735,0.39780036,1.2527115
GTAGAGGCATTCTTCA-1,0.20061177,0.2726991,0.47784367,0.04884549,1.176944
GTAGAGGGTGATACAA-1,0.73678327,0.20580833,0.045063324,0.0123451175,0.7443355
GTAGAGGGTGTGAATA-1,0.12585273,0.026006132,0.34505662,0.5030845,1.0685291
GTAGAGGTCCATCTCG-1,0.7745202,0.124543995,0.0908304,0.010105463,0.7216478
GTAGAGGTCTACACTT-1,0.050482027,0.06214707,0.022518085,0.86485285,0.5344005
GTAGATCAGATACAGT-1,0.023666298,0.25608504,0.29784358,0.42240506,1.1622193
GTAGATCAGGTCGTGA-1,0.06610792,0.32099846,0.42363587,0.18925773,1.2232363
GTAGATCAGTCTAGCT-1,0.45646352,0.37887225,0.10218873,0.062475488,1.1320258
GTAGATCAGTTGTAGA-1,0.0048011392,0.017634707,0.016126249,0.9614379,0.2012066
GTAGATCCACAGCATT-1,0.13369414,0.118727915,0.04985076,0.6977272,0.92263865
GTAGATCCATTCGGGC-1,0.079326786,0.35627174,0.46749252,0.09690894,1.1503748
GTAGATCGTCACAGTT-1,0.1626862,0.3703496,0.2569064,0.21005775,1.3402137
GTAGATCGTGTTGATC-1,0.3087639,0.09322994,0.28941235,0.30859387,1.3057241
GTAGCTAAGCACTCCG-1,0.14362447,0.37191042,0.4060289,0.078436255,1.2121918
GTAGCTACAATTTCTC-1,0.088096455,0.08742315,0.61302155,0.21145888,1.0555987
GTAGCTACAGTTCACA-1,0.1010739,0.40957344,0.2434023,0.24595034,1.2861662
GTAGGTTAGAAACTGT-1,0.11779528,0.43417302,0.33333498,0.11469673,1.2287531
GTAGGTTGTATCAGGG-1,0.11121584,0.069705546,0.5874584,0.23162018,1.0811995
GTAGGTTTCGGTAAGG-1,0.20190732,0.38805625,0.15020111,0.25983536,1.3253071
GTAGTACAGGTAAAGG-1,0.2955078,0.4040539,0.17619531,0.12424303,1.2914126
GTAGTACAGGTTATAG-1,0.07026939,0.33993343,0.43189457,0.15790257,1.2074449
GTAGTACCAACCCTCT-1,0.03965307,0.158409,0.28049186,0.52144605,1.1159678
GTAGTACCACCAGTAT-1,0.49485373,0.35504988,0.08807962,0.062016774,1.1021984
GTAGTACTCCCGAGGT-1,0.2900516,0.40325573,0.1407056,0.16598709,1.2992492
GTAGTACTCGAGCCTG-1,0.14522693,0.20293945,0.11003109,0.5418025,1.1787502
GTAGTACTCGTGCATA-1,0.8134969,0.028252196,0.118599,0.039651867,0.6495153
GTATTGGGTGGTCAAG-1,0.29486334,0.3506206,0.15371998,0.20079613,1.3377986
GTATTGGGTTTGTGGT-1,0.0121839605,0.26794472,0.63405603,0.085815325,0.90619063
GTATTTCAGCCGGAAT-1,0.04644786,0.3928688,0.43991846,0.12076495,1.1261497
GTATTTCGTTGTAAAG-1,0.14574257,0.18896091,0.64004487,0.02525167,0.97403336
GTATTTCTCTGTACAG-1,0.14916107,0.2513559,0.35028046,0.24920264,1.3446226
GTCAAACAGATGGCAC-1,0.9678657,0.0040273983,0.0006872662,0.027419642,0.15744182
GTCAAACAGTGCAGGT-1,0.3086082,0.41849014,0.21902752,0.053874124,1.217351
GTCAAACCAAGGAGTC-1,0.30630183,0.12616798,0.32942304,0.23810714,1.3310845
GTCAAACCAGGAATCG-1,0.21491745,0.37964353,0.24360977,0.16182934,1.3368776
GTCAAACCATCTAACG-1,0.0231657,0.46709386,0.5026843,0.0070561436,0.82348216
GTCAAACGTGCATTAC-1,0.229482,0.35889107,0.19844949,0.2131775,1.3559804
GTCAAACGTTGCGTAT-1,0.059029616,0.24390663,0.5739434,0.12312034,1.0877364
GTCAAACTCCTCGCAT-1,0.14738144,0.30138695,0.22005247,0.33117914,1.3427871
GTCAAACTCCTCTAGC-1,0.3938822,0.30413815,0.19045977,0.11151995,1.2894558
GTCAAGTAGAGAGCAA-1,0.14440364,0.028007865,0.33803052,0.4895579,1.0958797
GTCAAGTAGAGATCGC-1,0.49492466,0.14423655,0.11785384,0.2429849,1.2231629
GTCAAGTCAAACACCT-1,0.20380227,0.52543557,0.17706288,0.09369926,1.1906899
GTCAAGTCAACCTATG-1,0.54163414,0.23347366,0.18526226,0.03962996,1.1120229
GTCAAGTCACAACGCC-1,0.26521152,0.049252164,0.6378498,0.047686573,0.93221056
GTCAAGTCAGCAGTCC-1,0.33173925,0.3985237,0.2188802,0.050856866,1.2166991
GTCAAGTCATAATCCG-1,0.27331206,0.36716312,0.19990051,0.15962434,1.3371298
GTCAAGTCATATCTGG-1,0.3344187,0.36540192,0.10803087,0.1921484,1.291532
GTCAAGTCATTGGCAT-1,0.011388275,0.0069555,0.004059685,0.9775965,0.13002685
GTCAAGTGTACGCTAT-1,0.2608517,0.07030861,0.3015714,0.36726832,1.2665801
GTCAAGTGTATGCTTG-1,0.63335526,0.21300699,0.05081297,0.10282477,1.0039699
GTCAAGTGTGACACAG-1,0.90611196,0.049368978,0.04322271,0.0012964578,0.38225746
GTCAAGTGTTCACCGG-1,0.13592555,0.5319559,0.22179316,0.11032538,1.1842426
GTCAAGTTCAGTGTGT-1,0.17138804,0.3446287,0.26075795,0.22322527,1.3546712
GTCAAGTTCCTTCAGC-1,0.3275407,0.09866786,0.26645085,0.30734056,1.3090954
GTCACGGAGACCTCCG-1,0.27147186,0.41542405,0.185526,0.1275781,1.2941194
GTCACGGAGACTCCGC-1,0.33587846,0.3172067,0.1673901,0.17952476,1.3381839
GTCACGGAGATGCCGA-1,0.10032965,0.1407235,0.08894868,0.6699982,0.99019
GTCACGGAGCTGCCTG-1,0.428676,0.3326762,0.11550752,0.12314022,1.2364728
GTCACGGAGGCCACCT-1,0.826251,0.06484071,0.0046418235,0.104266435,0.59575325
GTCACGGCAGCTAACT-1,0.0139330365,0.20608555,0.7223718,0.057609547,0.7843953
GTCACGGCATCGCTGG-1,0.12755781,0.23857738,0.29483563,0.33902922,1.3313725
GTCACGGGTAGTGATA-1,0.20610513,0.110174045,0.33780822,0.34591258,1.3023518
GTCACGGGTATCGCGC-1,0.0035263433,0.0030552787,0.0037525236,0.98966587,0.06884739
GTCACGGGTCCGATCG-1,0.00074182433,0.005698553,0.07794225,0.91561735,0.3144033
GTCACGGGTCGTACTA-1,0.068460375,0.14340778,0.24519774,0.5429341,1.1383619
GTCACGGGTGATACAA-1,0.025858106,0.12840956,0.5695465,0.2761858,1.0340487
GTCACGGGTGGACAGT-1,0.23705941,0.5483952,0.17178097,0.042764433,1.108081
GTCACGGGTTCAACGT-1,0.43440652,0.2877045,0.19910657,0.078782395,1.2421579
GTCACGGTCCGTGTGG-1,0.22186331,0.25919792,0.4856606,0.03327821,1.1480247
GTCACGGTCGTGCATA-1,0.061815623,0.17690347,0.45396575,0.3073151,1.1996009
GTCACGGTCTCCGAAA-1,0.063388154,0.17781308,0.21239129,0.5464075,1.1412485
GTCACGGTCTGTAAGC-1,0.14333706,0.5223879,0.17091465,0.16336034,1.2155622
GTCACTCAGCTGGTGA-1,0.009556906,0.28058076,0.48995754,0.21990477,1.0836453
GTCACTCAGTAATTGG-1,0.02407741,0.16766585,0.22295867,0.58529806,1.0372537
GTCACTCCAACACAAA-1,0.048529703,0.33190793,0.50721824,0.112344146,1.1028032
GTCACTCCACACCGCA-1,0.14630003,0.36191827,0.3806517,0.111130014,1.2608526
GTCACTCTCCAACCAA-1,0.5581614,0.25855267,0.10903767,0.074248314,1.1099058
GTCACTCTCGTCACCT-1,0.15673041,0.30761397,0.20947714,0.3261785,1.3459698
GTCAGCGCACACCTGG-1,0.7771532,0.17340693,0.037678033,0.011761866,0.67555374
GTCAGCGCACTACCGG-1,0.0013089658,0.11890496,0.8128644,0.0669217,0.6112794
GTCAGCGCAGATTTCG-1,0.084826544,0.24624883,0.33916244,0.32976216,1.2869368
GTCAGCGGTACAGGTG-1,0.12136297,0.2609299,0.527087,0.09062018,1.1616383
GTCAGCGTCAAGGACG-1,0.2332963,0.078723,0.2776272,0.41035345,1.2609391
GTCATCCAGAAACTGT-1,0.569711,0.09726959,0.22731869,0.105700724,1.1214737
GTCATCCCAAATGCTC-1,0.5754796,0.018964443,0.3700296,0.03552633,0.8796213
GTCATCCCAGCGATTT-1,0.04415136,0.37570912,0.3810676,0.19907197,1.1945205
GTCATCCGTACGCTAT-1,0.700832,0.2120236,0.04099629,0.04614811,0.8508979
GTCATCCTCTAAGAAG-1,0.43992648,0.38400736,0.11898091,0.05708524,1.1455083
GTCATGAAGTGGTCAG-1,0.05110224,0.29611763,0.3063815,0.34639862,1.2420149
GTCATGACACTATCCC-1,0.43826234,0.09085624,0.37371698,0.09716436,1.1738132
GTCATGAGTCTCAGAT-1,0.08308431,0.38975275,0.412616,0.114546925,1.1874074
GTCATTTCACAGCATT-1,0.97632277,0.014791844,0.00030369248,0.008581821,0.12901588
GTCATTTCACTTGTGA-1,0.04991494,0.3355078,0.37546465,0.23911254,1.2259573
GTCATTTGTATCAGGG-1,0.15839523,0.40111053,0.30769128,0.13280301,1.289068
GTCATTTGTGTTCGAT-1,0.45285088,0.33159456,0.15765612,0.057898402,1.1809738
GTCATTTTCACCTTGC-1,0.3431552,0.30528012,0.22116652,0.1303981,1.3285989
GTCATTTTCATTCACT-1,0.0067319456,0.011445163,0.2670245,0.7147984,0.6774078
GTCCACTAGAAATTCG-1,0.094318375,0.42003596,0.31485376,0.17079192,1.2527406
GTCCACTAGACTTCGT-1,0.33454362,0.37064523,0.2692827,0.025528451,1.1811248
GTCCACTAGAGGTCGT-1,0.562274,0.12188168,0.19460116,0.12124315,1.1546048
GTCCACTCATGTGACT-1,0.09334985,0.4083333,0.38602778,0.11228903,1.2000815
GTCCACTGTTAGCGGA-1,0.011800067,0.17251423,0.5458193,0.26986644,1.0394976
GTCCACTTCCTGGCTT-1,0.32648802,0.17808199,0.25623065,0.23919936,1.3638089
GTCCACTTCGCCATAA-1,0.628686,0.1697419,0.03395706,0.16761501,1.007061
GTCCACTTCGTTCTAT-1,0.048163526,0.3888747,0.45736983,0.10559198,1.1085513
GTCCCATCAAGAGCTG-1,0.93457276,0.045662474,0.0017474199,0.01801732,0.28763545
GTCCCATCAATAGTGA-1,0.4741959,0.20062873,0.15964833,0.165527,1.266724
GTCCCATGTCGCACAC-1,0.33387798,0.26960662,0.07496739,0.321548,1.2787046
GTCCCATGTGAATGTA-1,0.16507076,0.45899272,0.2844788,0.09145765,1.2311556
GTCCTCACAGTCTTCC-1,0.082613066,0.31782082,0.47929737,0.12026874,1.1775346
GTCCTCACATACAGAA-1,0.29127422,0.4596023,0.2109425,0.038180918,1.1695149
GTCCTCAGTCTGATAC-1,0.21815105,0.52293825,0.18525869,0.073652014,1.1756271
GTCCTCAGTTGCTCGG-1,0.91267127,0.023007147,0.058719374,0.0056021567,0.3656948
GTCCTCATCCCGAAAT-1,0.18378897,0.31310293,0.39948702,0.10362105,1.2763842
GTCCTCATCTTCGCTG-1,0.035885863,0.0040379395,0.0023401938,0.9577361,0.19719808
GTCGAATGTCAAACGG-1,0.00673666,0.006925537,0.10033352,0.88600427,0.40605068
GTCGAATGTGCACGCT-1,0.09001514,0.20737097,0.29596266,0.40665123,1.2692276
GTCGAATTCTAAGCGT-1,0.7976461,0.14742564,0.046769902,0.008158344,0.6450409
GTCGCGAAGAAAGTCT-1,0.9922821,0.001696143,0.005999443,2.2359765e-05,0.049441654
GTCGCGAAGCTGTTAC-1,0.2712454,0.45875362,0.13318639,0.13681464,1.252029
GTCGCGACACACAGAG-1,0.3010915,0.28292295,0.28195837,0.13402718,1.3449398
GTCGCGATCAGTAGGG-1,0.0053095934,0.00076797477,0.0046734046,0.989249,0.06909047
GTCGCGATCCTCCACA-1,0.28837153,0.38192883,0.17358948,0.15611017,1.3200989
GTCGCGATCGTAACCA-1,0.040680297,0.23435186,0.6250857,0.099882156,0.994099
GTCGTAAAGGCTTAAA-1,0.0028083073,0.0074210446,0.0058933967,0.98387724,0.099136226
GTCGTAACAAGACCTT-1,0.054923065,0.25552684,0.35092992,0.33862013,1.2421914
GTCGTAACACACACGC-1,0.118073985,0.40588462,0.30842632,0.1676151,1.2804072
GTCGTAAGTCGTCATA-1,0.9935049,0.0014332073,0.00017532396,0.004886657,0.043377858
GTCGTAAGTTTACCAG-1,0.013360009,0.29950678,0.6087554,0.07837775,0.9204613
GTCGTAATCAGGAGAC-1,0.038408965,0.25543448,0.6458822,0.060274325,0.9254482
GTCGTAATCGCTCATC-1,0.679467,0.17641954,0.04777891,0.09633453,0.939366
GTCGTTCAGATCCAAA-1,0.11775594,0.1307491,0.103253804,0.64824116,1.0333545
GTCGTTCAGTAGCCAG-1,0.95790434,0.00856844,0.030013435,0.00351379,0.20706692
GTCGTTCCAACCTAAC-1,0.5404086,0.22485459,0.16458711,0.07014968,1.1514977
GTCGTTCGTACAATAG-1,0.5400721,0.33228356,0.089580834,0.038063552,1.0393463
GTCGTTCGTATCGATC-1,0.032195847,0.2191131,0.5846956,0.16399546,1.0535477
GTCGTTCGTTCTCCCA-1,0.2971078,0.33217046,0.21490453,0.15581727,1.3467796
GTCGTTCTCATTGAGC-1,0.15185052,0.06762395,0.32993144,0.45059407,1.1934413
GTCGTTCTCCGGGACT-1,0.10692555,0.57340515,0.24804217,0.071627125,1.0925906
GTCGTTCTCTCCATAT-1,0.08617824,0.3404938,0.39242905,0.1808989,1.2544677
GTCGTTCTCTCGACCT-1,0.23227052,0.16278598,0.47620043,0.12874304,1.2518052
GTCTACCCAGGATTCT-1,0.814767,0.05779453,0.08714763,0.04029081,0.6737244
GTCTACCTCCAACACA-1,0.2790294,0.4217968,0.25428393,0.04488984,1.2077817
GTCTAGAAGCGTTAGG-1,0.2691493,0.063978694,0.33508718,0.3317848,1.2615663
GTCTAGACAGTCTGGC-1,0.5922971,0.2960566,0.080570996,0.031075332,0.9813758
GTCTAGAGTGGGTATG-1,0.007482046,0.005183952,0.007329843,0.98000413,0.11973206
GTCTCACAGAGTACCG-1,0.28108513,0.39473996,0.14079165,0.18338324,1.3107152
GTCTCACAGTATCCTG-1,0.16876544,0.30811265,0.16811004,0.35501185,1.3304279
GTCTCACGTACCCGAC-1,0.22913086,0.34373286,0.2738338,0.15330255,1.3468581
GTCTCACGTGGTGATG-1,0.04050496,0.23375587,0.6308635,0.09487566,0.9836986
GTCTCACGTTCGGGTC-1,0.07695392,0.3837586,0.41373226,0.12555517,1.1905556
GTCTCACGTTGTTGAC-1,0.2417188,0.25353724,0.10556593,0.39917806,1.2950917
GTCTCACTCTTCCACG-1,0.049451742,0.17555594,0.50226927,0.27272308,1.1543419
GTCTGTCAGCGTGAGT-1,0.0516173,0.33291999,0.5375775,0.077885196,1.0516198
GTCTGTCAGTAGCTCT-1,0.11944908,0.18793464,0.15110646,0.54150987,1.1856916
GTCTGTCCACGAAGAC-1,0.32233056,0.44462588,0.19101515,0.04202844,1.1747268
GTCTGTCGTGAGGCAT-1,0.116843395,0.34319726,0.26789057,0.2720688,1.324897
GTCTGTCTCAACGAGG-1,0.22663881,0.42892018,0.2629701,0.08147095,1.2550385
GTCTGTCTCCAGTGCG-1,0.00066155015,0.0035348602,0.002021153,0.99378246,0.04353531
GTCTGTCTCGCACGAC-1,0.12606686,0.22076766,0.18483952,0.46832588,1.2619051
GTCTTTAAGCGTATAA-1,0.05879123,0.35779056,0.5263614,0.057056732,1.0355356
GTCTTTACAGTCGTTA-1,0.19906853,0.22732468,0.13482429,0.4387825,1.2896774
GTCTTTACATGCCATA-1,0.30685198,0.31087372,0.33436212,0.047912184,1.2376064
GTCTTTACATTCACCC-1,0.032100253,0.30252904,0.57821244,0.08715828,1.001508
GTCTTTATCCATTTAC-1,0.05827444,0.078238435,0.6255403,0.2379468,1.0000893
GTCTTTATCGACGCTG-1,0.3775711,0.33848932,0.16296169,0.12097789,1.2856005
GTCTTTATCTTCGTGC-1,0.18395878,0.34636614,0.43201256,0.037662514,1.1647753
GTGACGCCAAGTGACG-1,0.07482988,0.26530066,0.59347713,0.06639235,1.0357426
GTGACGCCACCAGTTA-1,0.33555382,0.06673118,0.3150249,0.28269014,1.2681007
GTGACGCCAGCTCGGT-1,0.92500573,0.03249213,0.009065995,0.03343603,0.3397108
GTGACGCGTCAATGGG-1,0.16852006,0.53283817,0.182415,0.11622681,1.1960438
GTGACGCGTTGCCAAT-1,0.27130944,0.096219085,0.2817758,0.3506957,1.3035642
GTGACGCTCGAAGTGG-1,0.15010403,0.35425255,0.22204976,0.2735937,1.3410455
GTGACGCTCGTGTGGC-1,0.31799182,0.10903793,0.25944978,0.3135205,1.3196644
GTGACGCTCTGGACTA-1,0.19216827,0.39224574,0.23190907,0.18367693,1.334218
GTGAGCCAGATGCTAA-1,0.005478304,0.033083916,0.074595906,0.8868419,0.4414246
GTGAGCCAGCACGATG-1,0.35504073,0.077745356,0.2755946,0.2916193,1.2807963
GTGAGCCGTAACAAGT-1,0.112371236,0.3016938,0.4395994,0.14633554,1.2497085
GTGAGCCGTAACCCTA-1,0.15131454,0.032557514,0.5122585,0.30386943,1.1018621
GTGAGCCGTAGGTACG-1,0.14383863,0.5445656,0.22219107,0.08940466,1.1599798
GTGAGCCGTTCGTAAC-1,0.8325643,0.0054601626,0.0070737223,0.15490182,0.50492287
GTGAGGAAGAGAGCAA-1,0.23429917,0.07786248,0.29817125,0.38966715,1.2668328
GTGAGGAAGCCAAGGT-1,0.0076943464,0.00078003213,0.00604611,0.98547953,0.08833262
GTGAGGAAGCTGTTAC-1,0.6801305,0.16594529,0.05262184,0.10130243,0.9471223
GTGAGGAAGGCTAGCA-1,0.0063031716,0.0010549244,0.0065061213,0.9861357,0.08569311
GTGAGGAAGTCTCGTA-1,0.8523911,0.06804047,0.004494429,0.07507396,0.53768396
GTGAGGACAATTGCCA-1,0.32019207,0.37896195,0.26020998,0.040635962,1.212833
GTGAGGACAGACGCTC-1,0.28415203,0.4134054,0.20376393,0.098678656,1.2753799
GTGAGGAGTATTTCTC-1,0.2751192,0.21482106,0.36642775,0.143632,1.3320339
GTGAGGAGTCTTGCTC-1,0.45548406,0.33284515,0.122964196,0.0887066,1.1969465
GTGAGGATCTCACGAA-1,0.21875843,0.47438344,0.22226845,0.084589645,1.2294271
GTGAGGATCTCATTTG-1,0.1353559,0.29861537,0.3308254,0.23520334,1.3379557
GTGAGGATCTTACTGT-1,0.42739502,0.4742396,0.08796942,0.010395852,0.9784128
GTGAGTTAGGTACATA-1,0.43990567,0.20374104,0.110581085,0.24577217,1.2737857
GTGAGTTAGTTAGAAC-1,0.90453094,0.0050598094,0.0017166961,0.08869252,0.34330332
GTGAGTTGTACCGGCT-1,0.7294617,0.028479125,0.009254751,0.23280439,0.7141149
GTGAGTTGTCGCACGT-1,0.25965813,0.09579779,0.29703176,0.34751233,1.302692
GTGAGTTTCACGAGGA-1,0.13009909,0.28433216,0.31175256,0.27381623,1.3409468
GTGAGTTTCGCCAACG-1,0.059297487,0.324264,0.23424369,0.38219485,1.240296
GTGAGTTTCTGACGCG-1,0.27687895,0.33254397,0.2233284,0.16724864,1.355567
GTGAGTTTCTTTGGAG-1,0.42697752,0.25003675,0.23342818,0.08955747,1.265657
GTGATGTAGATGGGCT-1,0.49102712,0.28215158,0.08537538,0.14144598,1.1929837
GTGATGTAGATTCGAA-1,0.19459711,0.45798078,0.29498637,0.052435733,1.1908877
GTGATGTAGTTTGTCG-1,0.09958481,0.17808871,0.30685398,0.41547248,1.264442
GTGATGTCACTCCGAG-1,0.07052085,0.31536925,0.41806996,0.19603999,1.2349863
GTGATGTCAGCTCTGG-1,0.22262062,0.21704656,0.40134978,0.15898298,1.3247738
GTGATGTGTAACGGTG-1,0.17187558,0.56360734,0.19309968,0.07141745,1.131889
GTGATGTTCTGTTCAT-1,0.061105464,0.09780347,0.1507228,0.69036824,0.9391892
GTGCACGCACAAAGTA-1,0.26156136,0.32337022,0.3037337,0.111334644,1.3221813
GTGCACGCATATTCGG-1,0.07669995,0.31915674,0.50683826,0.097305,1.1325947
GTGCACGGTGACTATC-1,0.47162488,0.07624285,0.27975094,0.17238127,1.2101127
GTGCACGGTGGAAGTC-1,0.19184577,0.31761816,0.3096403,0.18089584,1.3533343
GTGCACGTCCGATCGG-1,0.6275688,0.12479442,0.02064139,0.22699545,0.9687863
GTGCACGTCTTAGCAG-1,0.103773534,0.37207675,0.25848773,0.26566198,1.3048121
GTGCAGCAGCCAACCC-1,0.120160565,0.34802228,0.50193757,0.029879553,1.072815
GTGCAGCCACCGTGAC-1,0.26182857,0.098342255,0.31554824,0.32428095,1.3081073
GTGCAGCGTTCCGTTC-1,0.039090183,0.21566644,0.48446336,0.2607801,1.1591688
GTGCAGCGTTGCTTGA-1,0.12362354,0.3530265,0.37274727,0.1506027,1.2789671
GTGCGTGCACAACCGC-1,0.2855112,0.103822045,0.29582307,0.3148437,1.3172146
GTGCGTGCACCATATG-1,0.14638193,0.05238774,0.60679674,0.1944336,1.0573232
GTGCGTGCATCCGCGA-1,0.0410546,0.1588378,0.21384272,0.5862649,1.0662338
GTGCGTGGTGCGTGCT-1,0.39749014,0.30714482,0.2830722,0.012292849,1.1406084
GTGCGTGTCGAGTACT-1,0.35959944,0.48406604,0.13073145,0.025603112,1.0788159
GTGCTGGAGTATCCTG-1,0.0055151465,0.19874628,0.37053233,0.42520624,1.0812979
GTGCTGGCACAACCGC-1,0.28541166,0.05600054,0.29374576,0.36484203,1.2469887
GTGCTGGCACGCGTCA-1,0.86353624,0.088884056,0.029882228,0.01769752,0.5181336
GTGCTGGCACTACGGC-1,0.2912916,0.06305831,0.2967536,0.34889653,1.261455
GTGCTGGCATGACTGT-1,0.057060383,0.2272921,0.5706753,0.14497218,1.1002222
GTGCTGGTCCGTGGGT-1,0.2828975,0.1119531,0.30088076,0.3042686,1.3257498
GTGCTGGTCTTGGCTC-1,0.30403396,0.10048026,0.23127441,0.3642114,1.2993522
GTGCTTCAGTGTTGTC-1,0.11844725,0.058023248,0.7061722,0.11735729,0.91498554
GTGCTTCCATTCCTCG-1,0.2732369,0.33712536,0.37895873,0.010679059,1.1372501
GTGCTTCGTAAGGCTG-1,0.28853643,0.42999908,0.16693367,0.11453076,1.2685549
GTGCTTCGTAGTCCTA-1,0.07719634,0.28110898,0.32547146,0.31622317,1.2838674
GTGCTTCGTGTCCCTT-1,0.23355544,0.31182757,0.18987721,0.26473978,1.3703413
GTGCTTCTCGGTGCAC-1,0.5622487,0.16870296,0.164321,0.10472735,1.1570344
GTGGAAGAGTTGTCGT-1,0.06404394,0.10514498,0.7976152,0.033195935,0.70624185
GTGGAAGCACGCTTAA-1,0.097170636,0.11591129,0.056301802,0.7306163,0.8676115
GTGGAAGCAGCGCGTT-1,0.36476377,0.31893635,0.28228867,0.03401123,1.204375
GTGGAAGGTAGTATAG-1,0.2787542,0.085955925,0.29049897,0.34479097,1.2932576
GTGGAAGTCTGGTTGA-1,0.12981744,0.30482525,0.5374238,0.027933482,1.0608433
GTGGAGAAGCCTTTCC-1,0.76952934,0.16167933,0.05228644,0.016504843,0.71823657
GTGGAGAAGTTATGGA-1,0.9494739,0.005528517,0.0015305321,0.04346711,0.22418715
GTGGAGACAACCGCCA-1,0.8263048,0.006092632,0.14757548,0.020027129,0.5494212
GTGGAGACAATACGCT-1,0.20708287,0.17259602,0.43455517,0.18576588,1.3041633
GTGGAGAGTACTTCCC-1,0.20796803,0.39735115,0.3649924,0.029688414,1.1655984
GTGGAGAGTATCCCTC-1,0.9920548,0.0027959861,0.0024408048,0.0027084474,0.055045992
GTGGAGAGTGTCCGTG-1,0.051291235,0.35954967,0.39998507,0.18917395,1.2016404
GTGGAGAGTTGACTAC-1,0.5190824,0.11968653,0.09432297,0.26690808,1.1696837
GTGGCGTCAGCTACCG-1,0.9900502,0.0025595631,0.007236506,0.00015384158,0.06219215
GTGGCGTGTCAGTCCG-1,0.010671282,0.0010163137,0.02085762,0.9674548,0.16818327
GTGGCGTGTCCAGTTA-1,0.11446781,0.39529055,0.42997614,0.06026562,1.1471839
GTGGGAACACAGCTTA-1,0.019750342,0.25986642,0.6515561,0.06882719,0.8910183
GTGGGAACACGTTGGC-1,0.20213024,0.12763156,0.56623316,0.104005046,1.1433588
GTGGGAACACTCAAGT-1,0.35086304,0.3478089,0.23779896,0.063529104,1.2514617
GTGGGAAGTTTGCCGG-1,0.3174485,0.33593163,0.116731875,0.22988799,1.3194016
GTGGTTACAGAACCGA-1,0.310746,0.24629737,0.2889355,0.15402114,1.3551598
GTGGTTAGTCGTTGGC-1,0.0707928,0.3782883,0.40241945,0.14849941,1.2047133
GTGGTTAGTGAACGGT-1,0.14032961,0.30645585,0.26187715,0.29133737,1.348196
GTGGTTAGTTAGGGAC-1,0.3119225,0.29687762,0.25104466,0.14015518,1.3463092
GTGGTTATCATGTCAG-1,0.20338152,0.38357693,0.17952919,0.23351234,1.3394443
GTGGTTATCGGCATAT-1,0.28708807,0.3594744,0.20186163,0.151576,1.3350459
GTGTAACAGCTTACGT-1,0.40911642,0.17785513,0.3992549,0.01377354,1.0983654
GTGTAACGTAAGGCTG-1,0.17546862,0.35669696,0.17793635,0.28989807,1.339211
GTGTAACGTCGCATTA-1,0.2851918,0.22038409,0.41299006,0.08143412,1.2605588
GTGTAACTCGACGAGA-1,0.12572493,0.2801172,0.32031995,0.27383786,1.3365165
GTGTCCTAGATTTGCC-1,0.36623108,0.23841083,0.17320271,0.2221554,1.3475804
GTGTCCTCAACGTAAA-1,0.23691642,0.25813738,0.09312735,0.41181883,1.2771755
GTGTCCTCACCAACAT-1,0.30991384,0.21061699,0.45162567,0.02784347,1.1498427
GTGTCCTCATACACCA-1,0.37533727,0.39269006,0.15137902,0.08059361,1.223626
GTGTCCTGTATGGTTC-1,0.19393884,0.09586566,0.0320414,0.6781541,0.91651505
GTGTGATAGCGAATGC-1,0.114939086,0.09019793,0.30321,0.49165294,1.1765417
GTGTGATAGCGTCAAG-1,0.6478746,0.12554109,0.013381848,0.21320246,0.9289629
GTGTGATAGGTGGTTG-1,0.19404732,0.27249804,0.36142305,0.17203152,1.3430628
GTGTGGCCACACGGAA-1,0.26272935,0.11832223,0.28536376,0.3335847,1.3277847
GTGTGGCGTGTCATGT-1,0.930047,0.036747284,0.0043280204,0.028877662,0.31476697
GTGTGGCTCAAGCCAT-1,0.2538393,0.29258054,0.15721661,0.29636353,1.3589126
GTGTGGCTCACAGTGT-1,0.00439179,0.008199617,0.017279046,0.9701295,0.16276966
GTGTTAGAGCGATGAC-1,0.38953283,0.38858047,0.10379563,0.11809102,1.2219713
GTGTTAGAGCGTGAAC-1,0.0005591437,0.0024340546,0.0007465851,0.9962603,0.027944349
GTGTTAGAGGACTATA-1,0.12210591,0.097987965,0.57642454,0.20348161,1.1259276
GTGTTAGAGTCTAACC-1,0.0093922,0.009569967,0.02295892,0.95807886,0.21601155
GTGTTAGAGTTGAAAC-1,0.118104495,0.2338195,0.58683974,0.061236292,1.0759025
GTGTTAGGTCTGTCAA-1,0.38205674,0.3989532,0.16221096,0.056779124,1.1921268
GTGTTAGGTGACTAAA-1,0.6806349,0.2004592,0.029930377,0.08897554,0.90431607
GTGTTAGTCCGCACTT-1,0.055330995,0.37674445,0.43381053,0.13411398,1.1596642
GTGTTAGTCCGTTTCG-1,0.007847402,0.0030497024,0.39101505,0.59808785,0.7303014
GTGTTCCAGACAACTA-1,0.3622728,0.048561625,0.31523043,0.2739351,1.2333586
GTGTTCCAGTTTGCTG-1,0.60766274,0.1866527,0.113916524,0.09176803,1.0826427
GTGTTCCCACACCTAA-1,0.050995678,0.10784032,0.5521657,0.2889983,1.0786141
GTGTTCCCACATAGCT-1,0.009034658,0.00062459224,0.013593512,0.9767472,0.12853925
GTGTTCCCAGCACAAG-1,0.16267832,0.2977112,0.14104186,0.39856863,1.2990289
GTGTTCCGTGTGGACA-1,0.36212385,0.11206367,0.19523522,0.33057728,1.2979541
GTGTTCCTCAAGAAAC-1,0.38787326,0.12119309,0.31096098,0.17997262,1.294982
GTGTTCCTCACCCATC-1,0.091543496,0.51182294,0.21654104,0.18009251,1.2017143
GTGTTCCTCGCTGTTC-1,0.17627303,0.47277635,0.20288245,0.1480681,1.2665792
GTTACAGAGACTACGG-1,0.47333834,0.35810146,0.07915692,0.08940331,1.1384199
GTTACAGAGAGCCTGA-1,0.18785827,0.35577765,0.1496194,0.30674464,1.3285083
GTTACAGGTGAATATG-1,0.05514723,0.43179125,0.23597392,0.27708757,1.2188013
GTTACAGTCCGATCTC-1,0.3154467,0.4543166,0.113154285,0.11708238,1.2200805
GTTACCCAGCATCTTG-1,0.33880684,0.3423848,0.23987181,0.07893661,1.2765559
GTTACCCAGCCGATCC-1,0.15008466,0.31705183,0.20633551,0.32652798,1.3399506
GTTACCCCAAACCGGA-1,0.18760595,0.2303937,0.29179287,0.29020748,1.3705894
GTTACCCCACACCGAC-1,0.97332495,0.000863149,0.0009625015,0.024849448,0.13090774
GTTACCCGTAGTTAGA-1,0.22629407,0.3600536,0.32574075,0.08791159,1.2831692
GTTACCCTCAATGTCG-1,0.21668294,0.39508563,0.3065826,0.081648886,1.265295
GTTACCCTCATCACTT-1,0.11968577,0.40862286,0.44459057,0.02710073,1.0779519
GTTACCCTCGTCAGAT-1,0.16231936,0.28813878,0.1274464,0.42209548,1.2802768
GTTACGAAGACTCTAC-1,0.416289,0.12692063,0.2296961,0.22709425,1.301339
GTTACGAAGCGTATAA-1,0.059127264,0.31884685,0.36226174,0.2597641,1.2496653
GTTACGACACGCGTCA-1,0.751705,0.044108015,0.20313007,0.0010569742,0.68322486
GTTACGACATGGCGCT-1,0.13379458,0.22506088,0.6032469,0.03789764,1.0337056
GTTACGAGTGTCATCA-1,0.1215129,0.32253987,0.18837595,0.3675713,1.3034183
GTTACGAGTGTTGAGG-1,0.3051085,0.09899238,0.28573626,0.31016284,1.3121638
GTTACGATCACTCACC-1,0.03327501,0.28323102,0.5832304,0.10026358,1.0155905
GTTACGATCTGCTTAT-1,0.049773294,0.34403023,0.4968802,0.109316215,1.1059165
GTTACGATCTTCTTCC-1,0.81533504,0.14058414,0.03952272,0.004558117,0.5945399
GTTAGACAGAGGTTTA-1,0.2678317,0.28443122,0.103275865,0.34446123,1.3120359
GTTAGACAGCTTTGTG-1,0.6833963,0.25010142,0.05666358,0.009838728,0.81489706
GTTAGACAGTTAACGA-1,0.095099896,0.21283226,0.27404952,0.41801828,1.2724092
GTTAGACCAACATCGT-1,0.41868013,0.32154,0.14896853,0.11081136,1.256769
GTTAGACGTCCAACGC-1,0.24332128,0.47025436,0.22079246,0.0656319,1.2109771
GTTAGACGTCCAGAAG-1,0.86875653,0.06987751,0.00576575,0.055600226,0.49856007
GTTAGACGTTAGAGAT-1,0.69038934,0.05135887,0.21190867,0.046343185,0.8794182
GTTAGACTCCGGTAAT-1,0.24713679,0.2995908,0.25018924,0.20308316,1.3769486
GTTAGTGAGACATCCT-1,0.33977938,0.1650461,0.05827956,0.43689492,1.1915495
GTTAGTGAGATTAGAC-1,0.1035178,0.37656525,0.3630307,0.15688623,1.2609947
GTTAGTGGTAGGACTG-1,0.24594897,0.22674039,0.42888233,0.09842829,1.2727258
GTTAGTGTCGGCTATA-1,0.6990226,0.1998724,0.056074243,0.045030817,0.8732785
GTTAGTGTCTCTTCAA-1,0.12185911,0.5747467,0.23048402,0.07291009,1.103979
GTTATGGAGGATTCCT-1,0.23727697,0.10813148,0.27229282,0.3822988,1.3036778
GTTATGGAGGGAGTGG-1,0.6004344,0.20164691,0.18274598,0.015172691,1.0033201
GTTATGGAGTAAATGC-1,0.13892168,0.4378403,0.3577413,0.065496705,1.1820891
GTTATGGAGTCAGCCC-1,0.06647524,0.32841387,0.3779285,0.22718231,1.2503202
GTTATGGAGTGGTGAC-1,0.07147802,0.112180606,0.55044085,0.2659006,1.1148499
GTTATGGAGTTGCTCA-1,0.3760236,0.37857378,0.13745138,0.1079512,1.2485933
GTTATGGGTATAGGAT-1,0.19168223,0.34321353,0.41667515,0.048429035,1.1950805
GTTATGGGTCTAGGTT-1,0.9743293,0.006282816,0.01708503,0.0023028122,0.14070664
GTTCATTAGGGCAACT-1,0.6145779,0.10181011,0.021586267,0.2620257,0.96552134
GTTCATTCAACAGCTT-1,0.15156448,0.17949194,0.14755607,0.5213875,1.2161784
GTTCATTCATGTACGT-1,0.22536765,0.3725316,0.3085082,0.09359254,1.2881632
GTTCATTGTTCATCGA-1,0.28153643,0.1524396,0.5220262,0.043997776,1.1203513
GTTCATTTCCCTCTTT-1,0.03484172,0.008908091,0.016663041,0.9395872,0.28579274
GTTCATTTCGACATTG-1,0.091355704,0.32526824,0.5262586,0.05711746,1.0852695
GTTCATTTCGTGTGGC-1,0.10731462,0.4270342,0.34518898,0.120462276,1.2249982
GTTCCGTCAGAATGTA-1,0.9834266,0.0025678936,0.00046765932,0.013537922,0.09358153
GTTCCGTCAGCGTTTA-1,0.36018783,0.10925995,0.24630941,0.2842428,1.31238
GTTCCGTCATGCCGGT-1,0.5945413,0.02851954,0.2791352,0.09780398,0.9941561
GTTCCGTCATGTCGTA-1,0.12324144,0.366301,0.1719147,0.33854288,1.2952728
GTTCCGTTCGGTCGAC-1,0.03765972,0.33272472,0.58213735,0.047478214,0.9492898
GTTCCGTTCTAGACAC-1,0.33834615,0.25203195,0.19743843,0.2121835,1.36327
GTTCCGTTCTAGTCAG-1,0.15930271,0.064020306,0.33861798,0.43805903,1.1968526
GTTCGCTAGACTGTTC-1,0.3183578,0.10081713,0.2660454,0.3147797,1.3118212
GTTCGCTAGTCTTCCC-1,0.004135839,0.2814201,0.6796351,0.034808896,0.7588709
GTTCGCTCAGTTAGGG-1,0.74877954,0.008817508,0.0006270207,0.2417759,0.60622954
GTTCGCTGTACAGGTG-1,0.023455363,0.31986755,0.6017313,0.054945726,0.9176865
GTTCGCTGTTAAACCC-1,0.093368374,0.082897015,0.026421353,0.7973133,0.7044236
GTTCGCTGTTTACACG-1,0.22946014,0.12161114,0.63722694,0.011701828,0.9332001
GTTCGCTTCCACTGAA-1,0.09176178,0.366111,0.4126425,0.12948474,1.2170056
GTTCGCTTCCCAAGCG-1,0.21296504,0.29032487,0.4238357,0.07287437,1.2431221
GTTCTATAGCACACAG-1,0.19454844,0.18033284,0.48393965,0.14117905,1.2550225
GTTCTATAGGTACATA-1,0.07126984,0.055176385,0.67303616,0.20051764,0.93679714
GTTCTATCAGAACCGA-1,0.18651192,0.5165187,0.1868596,0.11010975,1.2108074
GTTCTATGTGCATGAG-1,0.57336015,0.28026387,0.060697768,0.08567823,1.0560197
GTTCTATGTTGTCTAG-1,0.3673014,0.35091215,0.14017919,0.14160727,1.2875892
GTTCTATTCATAGGCT-1,0.036797155,0.17680098,0.57295823,0.21344367,1.0766084
GTTCTATTCATTCATC-1,0.21551025,0.35523197,0.28032076,0.14893714,1.3385416
GTTCTATTCCCTGGTT-1,0.33524516,0.33451086,0.21808068,0.11216324,1.3102089
GTTCTATTCCTGCTAC-1,0.20223333,0.22899352,0.13527472,0.43349838,1.293744
GTTCTATTCGACGATT-1,0.510785,0.2596982,0.16311806,0.06639873,1.1691403
GTTCTATTCGCGGACT-1,0.1221793,0.35863203,0.26342812,0.25576058,1.324755
GTTCTATTCTGGGAGA-1,0.27550727,0.09548011,0.3178895,0.3111231,1.3070097
GTTGAACAGCCAGTAG-1,0.356237,0.36752853,0.14281614,0.1334184,1.282261
GTTGAACAGCTGGCCT-1,0.29082826,0.21336477,0.37403363,0.1217733,1.3130085
GTTGAACAGCTTGTGT-1,0.28719142,0.29042998,0.12145697,0.30092165,1.3348207
GTTGAACAGGTTTACC-1,0.3577562,0.25846538,0.22432746,0.15945098,1.3454865
GTTGAACCAAACCATC-1,0.10839561,0.055691507,0.15418252,0.68173033,0.9511323
GTTGAACCACCAGCGT-1,0.12104887,0.37503114,0.2633668,0.24055319,1.317542
GTTGAACGTACGATCT-1,0.15967163,0.46776164,0.2751532,0.09741353,1.2302638
GTTGAACGTCAACCTA-1,0.6758509,0.05603049,0.18746129,0.080657326,0.9431617
GTTGAACTCCAAGCCG-1,0.10964757,0.3274088,0.4410939,0.12184981,1.225465
GTTGAACTCCGCGGAT-1,0.29728302,0.08983376,0.29992464,0.31295854,1.3018417
GTTGCGGAGTGCAGGT-1,0.113136455,0.34281877,0.48484674,0.059197944,1.1318846
GTTGCGGCAAGATCCT-1,0.15223819,0.46459797,0.30181628,0.08134763,1.208372
GTTGCGGCACCGTCTT-1,0.17399473,0.43307593,0.26372218,0.12920716,1.2825922
GTTGCGGCATACAGAA-1,0.26903686,0.08659101,0.28965747,0.35471466,1.2916133
GTTGCGGCATATCTGG-1,0.33941808,0.31481406,0.20003371,0.14573413,1.3331904
GTTGCGGCATTCCTAT-1,0.37558636,0.4034315,0.12211806,0.09886402,1.2195718
GTTGCGGCATTGCAAC-1,0.2274296,0.4371353,0.15907875,0.17635638,1.2970043
GTTGCGGGTGTAGTGG-1,0.055179898,0.32635054,0.32157493,0.29689467,1.2506837
GTTGCGGGTTAAGTCC-1,0.03837266,0.29772606,0.39260957,0.27129167,1.2068127
GTTGCGGTCCTCGCAT-1,0.14862844,0.43359163,0.3734651,0.044314835,1.1516045
GTTGCTCCAAGGTACG-1,0.049811006,0.225938,0.2896614,0.4345896,1.2065601
GTTGCTCGTAACATCC-1,0.00064477674,0.00041642404,0.009282647,0.9896562,0.06170754
GTTGCTCTCAAACCTG-1,0.3136919,0.19946285,0.17421697,0.31262824,1.3531779
GTTGCTCTCGTCCTTG-1,0.111309126,0.3384903,0.38617328,0.16402729,1.2749937
GTTGCTCTCTACGCGG-1,0.08690901,0.3571761,0.44302174,0.112893045,1.186967
GTTGTAGAGCATCAGG-1,0.24843438,0.21707621,0.22740051,0.3070889,1.3768938
GTTGTAGAGTATGAGT-1,0.28139633,0.43888596,0.16220492,0.11751272,1.2648904
GTTGTAGAGTTTCGAC-1,0.09090349,0.36704835,0.43876037,0.10328771,1.1818004
GTTGTAGCAACAAGAT-1,0.20795913,0.35984838,0.27533624,0.15685631,1.3400558
GTTGTAGCAACATACC-1,0.2695135,0.22796984,0.17678986,0.32572687,1.362139
GTTGTAGCATGAAAGT-1,0.74911517,0.19327523,0.038340446,0.019269198,0.7352028
GTTGTAGGTCTGTGCG-1,0.094893575,0.33471945,0.29075825,0.2796287,1.305304
GTTGTAGGTTCATCTT-1,0.09316307,0.3285892,0.38660342,0.19164437,1.2708452
GTTGTCCCACTAGTAC-1,0.20039932,0.35183412,0.3997829,0.047983598,1.2019105
GTTGTCCGTCCTGTCT-1,0.25021467,0.2769084,0.216749,0.25612792,1.3825045
GTTGTCCTCTCTCTAA-1,0.17541546,0.5492812,0.2066171,0.06868626,1.1441947
GTTGTGAGTGAGGAAA-1,0.119290024,0.34433532,0.49484637,0.04152831,1.1009892
GTTGTGATCATTGCTT-1,0.32346848,0.22737387,0.23988773,0.20926996,1.3716463
GTTGTGATCGCCTTGT-1,0.0008104319,0.0001352329,0.00034574894,0.9987086,0.011019441
GTTGTGATCTCCGAAA-1,0.46620032,0.33941007,0.12852535,0.06586432,1.1653719
GTTTACTAGGGTCTTT-1,0.25977343,0.56376684,0.121003956,0.055455737,1.0892029
GTTTACTCACCGTACG-1,0.7932498,0.06919146,0.003504563,0.1340541,0.65772915
GTTTACTCACTCCCTA-1,0.1628132,0.039206848,0.62308204,0.1748979,1.0222275
GTTTACTCATGGGCAA-1,0.16051725,0.090288475,0.70789117,0.04130316,0.88694084
GTTTACTGTATTGCCA-1,0.34543106,0.3234232,0.19624501,0.13490073,1.3220571
GTTTACTGTCATCACA-1,0.01426441,0.004770689,0.023999777,0.95696515,0.21773167
GTTTACTTCCAGCAAT-1,0.27276915,0.343335,0.18112959,0.20276627,1.3544263
GTTTGGAAGACATAAC-1,0.4158511,0.37209722,0.10190493,0.110146694,1.2084339
GTTTGGAAGAGGGCGA-1,0.9756251,0.014710319,0.00028877,0.00937583,0.13227627
GTTTGGAAGCCACCGT-1,0.28443247,0.10081341,0.30773988,0.30701423,1.3141329
GTTTGGAAGCCTATCA-1,0.45744354,0.31157053,0.14715639,0.08382959,1.2109
GTTTGGACATACGCAT-1,0.33254376,0.38468835,0.1644034,0.11836453,1.283034
GTTTGGACATCGCCTT-1,0.79768866,0.13561584,0.05530478,0.011390719,0.6623325
GTTTGGAGTCCTGAAT-1,0.06091195,0.38418263,0.45802465,0.09688078,1.1217617
GTTTGGAGTGAGCTCC-1,0.60166496,0.2572011,0.110653505,0.03048042,1.0049156
GTTTGGATCCACACAA-1,0.22795324,0.5114305,0.24325582,0.017360516,1.09424
GTTTGGATCGAACGGA-1,0.011013602,0.028178958,0.011794754,0.9490127,0.25226662
TAACACGAGAATTTGG-1,0.28014886,0.35263872,0.18174227,0.18547013,1.3464224
TAACACGAGACGATAT-1,0.16746049,0.34540796,0.33396956,0.15316197,1.3200698
TAACACGCAAGTCGTT-1,0.19364586,0.41036108,0.3566443,0.03934878,1.1784399
TAACACGCAAGTTCCA-1,0.3111833,0.2023902,0.24912137,0.23730513,1.3741714
TAACACGCACTGCACG-1,0.18450719,0.30073828,0.2505223,0.26423222,1.3716197
TAACACGGTAATGCTC-1,0.7255113,0.052376237,0.0028006586,0.21931177,0.7364896
TAACACGGTCACATTG-1,0.06571306,0.34833604,0.46386176,0.122089155,1.1593299
TAACACGGTTCGATTG-1,0.607335,0.28667524,0.08669487,0.019294973,0.94921124
TAACACGGTTGCCTAA-1,0.55017436,0.2701803,0.089815125,0.08983017,1.1152464
TAACACGGTTTCACTT-1,0.025465252,0.03531073,0.0770193,0.86220473,0.5368195
TAACACGTCTCATTGT-1,0.6666921,0.0002497415,2.256415e-05,0.3330356,0.6387826
TAACCAGCAGAGTCAG-1,0.031574327,0.3148639,0.62840325,0.025158525,0.8575507
TAACCAGGTACGCTAT-1,0.2811849,0.2165154,0.4320936,0.07020615,1.2371055
TAACCAGGTTGTTTGG-1,0.6290841,0.11924908,0.22431627,0.027350534,0.97888273
TAACCAGTCACTTGTT-1,0.4386409,0.3281984,0.17771955,0.055441193,1.1945096
TAACCAGTCGGCAGTC-1,0.43855035,0.37296999,0.14599197,0.0424877,1.1444503
TAACGACAGATTGAGT-1,0.55423504,0.33138222,0.08768462,0.026698152,1.0032537
TAACGACCACTGGCCA-1,0.0017075723,0.0136062885,0.08865781,0.8960283,0.38253528
TAACGACCAGTAGTTC-1,0.09749681,0.420923,0.36571035,0.115869924,1.2087992
TAACGACCATGCCGGT-1,0.0012105557,0.0006266804,0.0046267733,0.993536,0.044068843
TAACGACTCCGAGATT-1,0.008009979,0.10154321,0.313354,0.5770929,0.9518024
TAACGACTCGACTCCT-1,0.43674475,0.2879874,0.20140003,0.07386785,1.2354969
TAACGACTCGCGAAGA-1,0.016998421,0.0014088616,0.009284209,0.9723085,0.14926088
TAACGACTCGGATAAA-1,0.115635194,0.21145636,0.45277244,0.22013608,1.2699484
TAACGACTCTCAGAAC-1,0.4965046,0.071560875,0.284932,0.1470026,1.175937
TAACTTCAGACCAGAC-1,0.7111877,0.18094987,0.08520899,0.022653375,0.84736454
TAACTTCAGCATGCGA-1,0.7289516,0.1443153,0.037395976,0.089337096,0.8484853
TAACTTCAGCGTCTCG-1,0.52981615,0.030769065,0.20426756,0.23514721,1.1084963
TAACTTCAGGCCACTC-1,0.11749701,0.19968343,0.55369025,0.12912932,1.1649296
TAACTTCCAACAAGAT-1,0.34411272,0.34118694,0.21464097,0.10005943,1.2946044
TAACTTCCAAGTTCCA-1,0.05626153,0.15684316,0.26562992,0.5212654,1.1441946
TAACTTCCACATATCG-1,0.30436176,0.5024167,0.15140766,0.041813884,1.1264397
TAACTTCCAGGAATAT-1,0.040803757,0.18770704,0.5905636,0.18092561,1.0649002
TAACTTCCATGGACAG-1,0.31639475,0.46937615,0.10924201,0.10498713,1.1976237
TAACTTCGTCAGGTGA-1,0.08445404,0.52996707,0.29983783,0.08574112,1.1170049
TAACTTCGTCTGTGAT-1,0.08725252,0.32295623,0.55545217,0.034339085,1.020186
TAACTTCGTGACTCTA-1,0.23228844,0.44791147,0.23175839,0.08804162,1.2516143
TAAGCACAGCGACATG-1,0.2889345,0.089550674,0.31639856,0.3051163,1.301098
TAAGCACAGCTGGCCT-1,0.0036704731,0.0043341643,0.003696997,0.9882983,0.07650208
TAAGCACAGGATATGT-1,0.14109367,0.55732644,0.22756654,0.074013345,1.1316875
TAAGCACAGTTGCCCG-1,0.09511546,0.36045992,0.49950886,0.044915777,1.077675
TAAGCACCAAGATCCT-1,0.008318942,0.053644937,0.3418357,0.5962004,0.87204945
TAAGCACCAATTGCCA-1,0.21047084,0.49261373,0.18155289,0.11536257,1.2356975
TAAGCACCACAGCCAC-1,0.38944954,0.40259412,0.1377707,0.07018564,1.19309
TAAGCACGTACAAGCG-1,0.074970506,0.20878622,0.6233174,0.092925854,1.0367044
TAAGCACGTTGGGACA-1,0.4223027,0.38506463,0.13734537,0.055287305,1.1642573
TAAGCACGTTGTGGCC-1,0.7451563,0.11773822,0.016089031,0.1210164,0.79308003
TAAGCACTCCCTGGTT-1,0.006660383,0.0010001978,0.017351516,0.9749879,0.13532893
TAAGCACTCCTTCTAA-1,0.4799933,0.27545673,0.10798351,0.13656646,1.2197034
TAAGCACTCTATCGGA-1,0.042444006,0.1731674,0.346817,0.4375716,1.1666774
TAAGCACTCTCGCGTT-1,0.17207855,0.26349986,0.35985693,0.20456457,1.3466641
TAAGCCAAGGTTCCGC-1,0.043794967,0.3093413,0.5578253,0.089038424,1.0409184
TAAGCCAAGTCCCAAT-1,0.094610915,0.26912767,0.51044023,0.12582123,1.1804153
TAAGCCACACGCACCA-1,0.16557342,0.3311789,0.26361898,0.23962869,1.3575612
TAAGCCACATAGGCGA-1,0.0030829527,0.0054294677,0.0023547956,0.9891328,0.07120235
TAAGCCAGTCGAGCAA-1,0.0040171794,0.01340531,0.012094961,0.9704826,0.16244484
TAAGCCAGTCTCAGGC-1,0.30011517,0.17402257,0.3393804,0.18648188,1.3454335
TAAGCCATCATTCATC-1,0.05659703,0.3120427,0.42928526,0.20207503,1.2121044
TAAGCCATCTCGCCTA-1,0.048880655,0.03783927,0.017032081,0.896248,0.43898046
TAAGCGTAGGTGATCG-1,0.32118225,0.08776504,0.1976958,0.39335698,1.2658089
TAAGCGTCAAGAGTAT-1,0.15557772,0.35978016,0.43611956,0.048522666,1.1659842
TAAGCGTCACTATCCC-1,0.1426722,0.3234878,0.36463147,0.16920853,1.3113834
TAAGCGTCATATCTCT-1,0.06621826,0.32186568,0.540787,0.07112911,1.0650934
TAAGCGTGTCCTCCAT-1,0.17726071,0.2840115,0.15278043,0.38594735,1.3186612
TAAGCGTGTTAGGCCC-1,0.41766307,0.3748909,0.123668805,0.08377715,1.198686
TAAGCGTTCAAAGACA-1,0.34518433,0.35941213,0.24806616,0.047337458,1.2251655
TAAGCGTTCCGCATAA-1,0.069226466,0.068396375,0.26238298,0.5999942,1.0258828
TAAGCGTTCTCTTCAA-1,0.014384224,0.051472016,0.081880555,0.85226315,0.55486363
TAAGTCGAGAGGATCC-1,0.06724475,0.3949256,0.45341235,0.08441732,1.1157365
TAAGTCGAGAGTCGAC-1,0.029170144,0.017126244,0.00569139,0.9480122,0.25278997
TAAGTCGCAAGACGAC-1,0.96736735,0.017958743,0.005513249,0.009160657,0.17594437
TAAGTCGCAAGTATCC-1,0.051186822,0.34445187,0.5564651,0.047896255,0.990974
TAAGTCGCACTGCATA-1,0.001335757,0.0039524185,0.0060534338,0.98865837,0.07290354
TAAGTCGCAGGGACTA-1,0.289187,0.27452657,0.26288846,0.17339794,1.3687193
TAAGTCGCAGGTTACT-1,0.33205014,0.32706034,0.13579091,0.20509866,1.3276571
TAAGTCGGTGCGTGCT-1,0.09428424,0.4537186,0.29888293,0.15311424,1.2295022
TAAGTCGGTTACGCCG-1,0.19256061,0.43132997,0.35242254,0.02368687,1.1361173
TAATCTCAGACCATGG-1,0.07804019,0.30315334,0.553558,0.06524843,1.0663295
TAATCTCAGCTGTGCC-1,0.17236671,0.20205957,0.1916671,0.43390664,1.3050884
TAATCTCAGGAAAGAC-1,0.14002232,0.32594717,0.4549319,0.07909867,1.1996565
TAATCTCAGTCGGCAA-1,0.15777165,0.29944354,0.20586082,0.33692393,1.3443332
TAATCTCAGTGACACG-1,0.102164224,0.2979939,0.19179009,0.40805173,1.2763053
TAATCTCAGTTGCGCC-1,0.23163888,0.21241683,0.2657595,0.29018477,1.3790689
TAATCTCTCAGTGCGC-1,0.88324016,0.030562542,0.011140871,0.07505637,0.4607246
TAATCTCTCATGGTAC-1,0.7554031,0.16912808,0.06753467,0.007934098,0.7328383
TAATTCCAGTGATGGC-1,0.33235425,0.27345604,0.37211457,0.02207513,1.1727076
TAATTCCCACAACATC-1,0.2537406,0.2080103,0.36294198,0.17530711,1.3476955
TAATTCCCACCCATAA-1,0.20530741,0.5906198,0.17388113,0.030191652,1.0459238
TAATTCCCATTGCTGA-1,0.006497989,0.044197235,0.025262622,0.92404217,0.33650473
TAATTCCTCTGCAGCG-1,0.03370137,0.24307509,0.5845483,0.13867529,1.0458796
TACAACGAGATTGGGC-1,0.24742363,0.3575205,0.16765684,0.22739902,1.349494
TACAACGAGCTGACTT-1,0.26375204,0.33835712,0.19139352,0.20649725,1.3603737
TACAACGAGGCGATAC-1,0.638444,0.2395974,0.045859795,0.076098815,0.96617603
TACAACGAGTGGTTAA-1,0.09679329,0.20530787,0.6055244,0.092374414,1.0748768
TACAACGAGTTGAATG-1,0.2736585,0.09512917,0.28707376,0.34413853,1.3037893
TACAACGCACACTTAG-1,0.8639327,0.057750825,0.03666261,0.04165383,0.5446398
TACACCCAGGTAGTAT-1,0.138571,0.311494,0.17118259,0.37875244,1.3070486
TACACCCCACCAGGTC-1,0.17924674,0.45197257,0.2558774,0.112903304,1.2620931
TACACCCGTCCGGTCA-1,0.12427663,0.41839942,0.20467137,0.25265262,1.295971
TACACCCGTCTTGAGT-1,0.13172211,0.27283013,0.24315198,0.35229576,1.3327677
TACACCCGTGATACTC-1,0.30078962,0.41202942,0.15509586,0.13208517,1.2831172
TACACCCTCACCTCAC-1,0.55772454,0.31524524,0.10912177,0.017908433,1.0033431
TACACCCTCGAGATGG-1,0.27950862,0.33413768,0.21786195,0.1684917,1.3546383
TACACCCTCTTCGTAT-1,0.42871517,0.388166,0.15643252,0.026686352,1.1173394
TACACCCTCTTTGGAG-1,0.09661112,0.3239939,0.34915513,0.23023982,1.2964698
TACAGGTAGCGGACAT-1,0.04803797,0.34743518,0.38048428,0.22404253,1.2159479
TACAGGTAGGGCAATC-1,0.0016909734,0.0054118093,0.0075665233,0.9853307,0.09055396
TACAGGTCAACCTATG-1,0.11650602,0.2916531,0.30653378,0.28530708,1.3301212
TACAGGTGTGCTCGTG-1,0.15945967,0.32747728,0.31779444,0.19526869,1.3415887
TACAGGTTCGTGCATA-1,0.07460276,0.51734495,0.37248778,0.035564497,1.0210993
TACAGGTTCTTCGATT-1,0.614049,0.2140415,0.12237176,0.049537774,1.0353503
TACATTCAGGTTGAGC-1,0.012073169,0.0016341091,0.005815523,0.9804772,0.11307469
TACATTCCAACAAGTA-1,0.10150966,0.3481997,0.32546166,0.22482897,1.3004293
TACATTCCAAGTCGTT-1,0.7151756,0.2166524,0.041240953,0.02693101,0.7999387
TACATTCCAATACCTG-1,0.027846558,0.28530386,0.51036125,0.17648835,1.1069547
TACATTCCACTAGGTT-1,0.19442344,0.4111575,0.3391262,0.055292897,1.210643
TACATTCGTCATTGCA-1,0.09122114,0.26076856,0.26400772,0.38400257,1.2880615
TACATTCTCGAATCCA-1,0.33870333,0.15134415,0.48380625,0.026146304,1.0990144
TACATTCTCTACGCGG-1,0.33745888,0.263233,0.20229246,0.19701566,1.3612448
TACATTCTCTAGCCTC-1,0.14669502,0.031672217,0.6505951,0.17103769,0.9726093
TACATTCTCTGGTCAA-1,0.19273303,0.4245709,0.34751526,0.035180874,1.1661093
TACATTCTCTTCCACG-1,0.120590724,0.263326,0.12510863,0.49097463,1.2157729
TACCCACCACGACTAT-1,0.49445155,0.4229168,0.07226791,0.010363715,0.9494303
TACCCACCAGAGAATT-1,0.19890355,0.4162158,0.30361575,0.081264995,1.251937
TACCCACGTAACATCC-1,0.19997504,0.2938703,0.1914621,0.3146926,1.3620849
TACCCACGTCTGCATA-1,0.010324498,0.14491752,0.27371216,0.5710458,1.0017295
TACCCACGTGCACATT-1,0.44035473,0.4205749,0.11463513,0.024435163,1.0644381
TACCCACGTTCCGCTT-1,0.81960666,0.09698373,0.009324399,0.07408519,0.6257309
TACCCGTAGCGCCATC-1,0.13150162,0.31262493,0.43476248,0.121111065,1.248096
TACCCGTCAGCTTTCC-1,0.5540952,0.3611621,0.06538349,0.019359147,0.9496623
TACCCGTGTAGGACTG-1,0.5087586,0.26833618,0.056121994,0.16678327,1.1571729
TACCCGTGTTGTTGTG-1,0.25881228,0.31175274,0.19744441,0.23199056,1.3724515
TACCCGTTCATCGCAA-1,0.35155162,0.28795382,0.1723463,0.18814825,1.3433354
TACCGAAAGGTCGTCC-1,0.73613536,0.17558305,0.032545123,0.055736464,0.8033496
TACCGAACAAGAGTTA-1,0.09700302,0.29665688,0.21520407,0.39113605,1.2845497
TACCGAACACACCTTC-1,0.39633042,0.25683308,0.11893249,0.22790405,1.3061897
TACCGAACACTGTCCT-1,0.15096153,0.30126575,0.29801524,0.24975744,1.3541352
TACCGAAGTGTCTTCC-1,0.33803734,0.17541057,0.118198246,0.36835384,1.2922379
TACCGAATCATGGATC-1,0.1271619,0.47052768,0.363547,0.03876347,1.1108222
TACCGAATCATGGTAC-1,0.54050386,0.2447496,0.16733482,0.04741171,1.120744
TACCGAATCGCTCTAC-1,0.050723698,0.27366775,0.52217096,0.15343757,1.1327542
TACCGAATCTATCACT-1,0.8244718,0.14205082,0.03091444,0.002562905,0.55912226
TACCGAATCTTCTGGC-1,0.38959092,0.18894905,0.04072369,0.38073635,1.1801043
TACCGGGAGCAGGCTA-1,0.19079326,0.09517664,0.53243834,0.1815917,1.1853029
TACCGGGAGCCATGCC-1,0.15128414,0.11203477,0.024949227,0.71173185,0.8650653
TACCGGGAGTCGCCAC-1,0.2538428,0.0053742537,0.016633775,0.7241491,0.6779773
TACCGGGAGTGGAAAG-1,0.25265735,0.02507177,0.70136607,0.020904858,0.7696485
TACCGGGGTTCGTACA-1,0.066010036,0.22156933,0.38223645,0.3301842,1.2468027
TACCGGGTCAAGTGTC-1,0.083202586,0.2862378,0.2222786,0.40828097,1.2649512
TACCGGGTCCTGCCAT-1,0.14410777,0.32539845,0.4974725,0.033021312,1.1044564
TACCTCGAGATGCTTC-1,0.04621117,0.26348335,0.31074536,0.37956014,1.224392
TACCTCGCATGGCCCA-1,0.11858865,0.53402466,0.2328286,0.11455804,1.1753895
TACCTGCAGATACAGT-1,0.0022520677,0.0062839477,0.010275682,0.98118836,0.11126188
TACCTGCAGCGACCCT-1,0.10867968,0.26767325,0.19226211,0.43138498,1.2736974
TACCTGCTCATGAAAG-1,0.27208138,0.17816512,0.017117197,0.5326363,1.066642
TACCTGCTCTCGTCGT-1,0.3807899,0.38619205,0.17892393,0.054094102,1.2007719
TACCTGCTCTCTTAAC-1,0.023817023,0.04475777,0.028332038,0.9030932,0.42107272
TACCTGCTCTGAGCAT-1,0.5824977,0.294885,0.09669113,0.025926143,0.99549234
TACGCTCAGCATATGA-1,0.27692908,0.27920553,0.20404941,0.23981597,1.3785317
TACGCTCAGGCACGAT-1,0.04887359,0.4562428,0.4172437,0.07763989,1.068682
TACGCTCAGTCACGAG-1,0.3046507,0.3182177,0.26972595,0.107405595,1.3195425
TACGCTCCACTAGAGG-1,0.9875003,0.0002713569,0.00022392016,0.012004475,0.06962113
TACGCTCCAGAGCGTA-1,0.31342354,0.42632464,0.120976254,0.13927561,1.2571743
TACGCTCGTCCCGCAA-1,0.058532443,0.2818702,0.4960121,0.16358523,1.1669995
TACGCTCTCACTTCTA-1,0.08243533,0.31025225,0.36253908,0.24477336,1.281187
TACGCTCTCCGCGGAT-1,0.42494953,0.3483479,0.12989461,0.09680802,1.2221851
TACGCTCTCGTACACA-1,0.959056,0.022103252,0.015188405,0.00365238,0.20844813
TACGCTCTCTACTCAT-1,0.116923705,0.26569262,0.3810896,0.23629406,1.31164
TACGCTCTCTCGCTTG-1,0.77947557,0.08653121,0.016890246,0.11710294,0.7260376
TACGGGCAGGTTGCCC-1,0.75480354,0.16876677,0.04345047,0.03297925,0.76138836
TACGGGCCAAATTGGA-1,0.05258088,0.24077101,0.36576068,0.34088746,1.2324452
TACGGGCGTTCAGCGC-1,0.31518966,0.1779002,0.24178904,0.2651211,1.3662941
TACGGGCTCAAGGAGC-1,0.24672545,0.2039844,0.46282533,0.08646482,1.2377942
TACGGGCTCAGCCTCT-1,0.2655045,0.34988874,0.17939644,0.20521036,1.3527508
TACGGGCTCGATACGT-1,0.03767775,0.08571927,0.6252689,0.25133404,0.97481316
TACGGGCTCTGTCCCA-1,0.00090457033,0.002304036,0.0015460622,0.9952453,0.035081424
TACGGTAAGCATGGGT-1,0.103835896,0.20283431,0.4429888,0.250341,1.2661687
TACGGTAAGTCTGCGC-1,0.24855919,0.18868186,0.3480135,0.2147455,1.3583528
TACGGTACAACTACGT-1,0.17071153,0.41674548,0.2958033,0.116739646,1.2775902
TACGGTACAATTCTTC-1,0.27879432,0.28245315,0.23788393,0.20086856,1.377198
TACGGTACATGGGTCC-1,0.022170506,0.217467,0.5613047,0.19905773,1.0616982
TACGGTAGTGACCTGC-1,0.00042860853,0.0021077425,0.008128323,0.98933536,0.066036366
TACGGTATCAAGTCGT-1,0.9585645,0.0059325094,0.03086565,0.004637349,0.2032562
TACGTCCAGTGACCTT-1,0.15362912,0.4596228,0.3404343,0.046313733,1.1541873
TACGTCCCACACCAGC-1,0.37479573,0.29039332,0.09420476,0.24060613,1.2921963
TACGTCCGTACAGAAT-1,0.10435264,0.52417624,0.25141412,0.120057,1.1760259
TACGTCCGTCGCATTA-1,0.21473281,0.32921028,0.34750113,0.10855578,1.3044599
TACGTCCTCCGCATAA-1,0.2919079,0.45726636,0.16263336,0.088192426,1.226773
TACGTCCTCGAAGCAG-1,0.27385244,0.33922017,0.22546367,0.1614637,1.3516922
TACTGCCAGTTTCTTC-1,0.09067744,0.18617281,0.29649135,0.42665836,1.2545089
TACTGCCCAACTCATG-1,0.25291038,0.36247396,0.3396714,0.044944312,1.2217219
TACTGCCCAATCTCGA-1,0.034132417,0.33352062,0.56803596,0.064311065,0.97924054
TACTGCCGTCCAAGAG-1,0.021211233,0.14223734,0.52710813,0.30944332,1.0596356
TACTGCCGTGCCAAGA-1,0.11283068,0.46697488,0.27996048,0.14023392,1.2336746
TACTGCCTCATACGAC-1,0.0034194223,0.035503067,0.115152895,0.8459246,0.52837723
TACTGCCTCATTCACT-1,0.04383683,0.38062698,0.5068753,0.06866096,1.0330815
TACTGCCTCCAACCAA-1,0.109530136,0.13903353,0.2461636,0.50527275,1.2065406
TACTTACAGGCATCGA-1,0.35216492,0.16974665,0.38499448,0.093093924,1.2570817
TACTTACAGGGCCCTT-1,0.058752757,0.0815691,0.22131722,0.6383609,0.9912775
TACTTACAGTGCAAAT-1,0.16893579,0.21319968,0.54463416,0.07323039,1.1522903
TACTTACCAGGCACTC-1,0.6993759,0.059112497,0.22053088,0.020980647,0.8317151
TACTTACCATCTGGGC-1,0.30553237,0.31214657,0.21479338,0.16752774,1.3553717
TACTTACGTTGGGACA-1,0.4586199,0.3283371,0.13287225,0.08017072,1.193687
TACTTACTCACGGACC-1,0.07074966,0.227371,0.46637806,0.23550135,1.2204416
TACTTACTCCACACCT-1,0.8664434,0.0028633398,0.034042556,0.09665072,0.48188686
TACTTACTCGCTTACC-1,0.66208214,0.22721304,0.053165153,0.057539698,0.93001676
TACTTCAAGCACACAG-1,0.8045535,0.13617809,0.049051523,0.010216982,0.64119154
TACTTCAAGCCGAATG-1,0.027843464,0.4075432,0.4634481,0.101165295,1.0537155
TACTTCACATAAGATG-1,0.38620535,0.39011714,0.11275931,0.11091827,1.2246531
TACTTCATCTTTCGAT-1,0.2361833,0.4165379,0.18873172,0.15854701,1.3123353
TACTTGTAGGCCGCTT-1,0.15635921,0.4182471,0.37953418,0.045859437,1.1637625
TACTTGTGTAGACACG-1,0.5484197,0.15580916,0.23826365,0.057507485,1.1251042
TACTTGTGTTGCCGCA-1,0.25875443,0.294165,0.15555686,0.29152378,1.358542
TACTTGTTCGTTGTGA-1,0.17453709,0.46642557,0.30316344,0.055873845,1.1833951
TACTTGTTCTAACGCA-1,0.027115934,0.39362764,0.45272252,0.12653387,1.0851712
TACTTGTTCTTACTGT-1,0.15590289,0.21840377,0.22195241,0.4037409,1.3223195
TAGACCAAGGTCACAG-1,0.7996291,0.059658106,0.00918483,0.13152787,0.6568743
TAGACCACACCATATG-1,0.17924158,0.27645954,0.19301389,0.35128495,1.3485675
TAGACCACACCGTGGT-1,0.1389819,0.34167138,0.25209117,0.26725554,1.3412211
TAGACCACACTTCAAG-1,0.95363605,0.016051685,0.00093139755,0.0293808,0.22173502
TAGACCACATTGACCA-1,0.21944696,0.38865608,0.168779,0.22311792,1.3351015
TAGACCAGTAGGTGCA-1,0.64433426,0.13429396,0.08913052,0.13224132,1.035862
TAGACCAGTATAATGG-1,0.14214055,0.42793238,0.35041362,0.07951346,1.2093048
TAGACCATCAAGTCTG-1,0.33874378,0.36313,0.21229903,0.085827194,1.2742968
TAGACCATCACCATGA-1,0.1335611,0.32588273,0.29653248,0.24402367,1.3389276
TAGACCATCGGTGCAC-1,0.097405575,0.22180738,0.1979714,0.48281565,1.2330639
TAGACCATCGTCGCTT-1,0.051979013,0.39507613,0.43523797,0.11770681,1.1344942
TAGACTGAGAAATTGC-1,0.08936054,0.39905083,0.44190502,0.069683574,1.1289158
TAGACTGAGTATTCCG-1,0.23255314,0.41563576,0.20305538,0.14875574,1.3112892
TAGACTGCATAGGTAA-1,0.20811152,0.44172558,0.1951577,0.15500516,1.2954408
TAGACTGGTGAATTGA-1,0.2827119,0.09499894,0.29643643,0.32585278,1.3066001
TAGAGTCAGGACTGGT-1,0.13392554,0.31972173,0.3376499,0.20870283,1.3274403
TAGAGTCAGTGATAGT-1,0.23677501,0.24587831,0.28753853,0.22980817,1.3823789
TAGAGTCCACCGGAAA-1,0.40271524,0.19772902,0.25812328,0.14143245,1.3129839
TAGAGTCCACGCGTGT-1,0.10949199,0.50267017,0.30805832,0.079779424,1.1523825
TAGAGTCCATGATGCT-1,0.28260595,0.095458105,0.31780514,0.3041308,1.3076787
TAGAGTCGTCACCTTC-1,0.23693249,0.4021572,0.22724003,0.13367026,1.3132159
TAGAGTCGTCTTTATC-1,0.35281518,0.4224453,0.16789088,0.056848656,1.194183
TAGAGTCGTTGGGAAC-1,0.12371956,0.27900174,0.4028852,0.19439352,1.2993535
TAGAGTCTCACGAACT-1,0.103649706,0.48763385,0.30945647,0.09926005,1.1774259
TAGAGTCTCTAGATCG-1,0.64390874,0.14438225,0.14376278,0.06794623,1.0244201
TAGATCGAGGCACAAC-1,0.37637246,0.41844508,0.12886135,0.0763211,1.1927342
TAGATCGAGGCTATCT-1,0.094024345,0.40356752,0.19146387,0.31094435,1.2682217
TAGATCGAGGGAGATA-1,0.05102687,0.10487315,0.13899095,0.70510894,0.9089593
TAGATCGCACACCTGG-1,0.12473525,0.22701174,0.2625328,0.38572016,1.3148062
TAGATCGGTTCTTGCC-1,0.06326624,0.06281958,0.71997386,0.15394025,0.8730848
TAGATCGTCCATTGCC-1,0.12387839,0.45542634,0.39259502,0.028100252,1.0843575
TAGATCGTCCTGGTCT-1,0.21998905,0.05024163,0.3040611,0.42570814,1.2089188
TAGATCGTCTCTCTTC-1,0.32434243,0.25379875,0.13709857,0.28476024,1.3433194
TAGCACAAGAGGACTC-1,0.08991667,0.121026024,0.5014542,0.28760317,1.1767031
TAGCACAAGATCACCT-1,0.9963168,0.0021446173,0.00014897493,0.0013896085,0.02730924
TAGCACAAGATCCTAC-1,0.15226226,0.3842624,0.2376735,0.22580186,1.3316185
TAGCACAAGTCCCGGT-1,0.81998825,0.12247131,0.045702394,0.011837963,0.61345196
TAGCACACACGACGCT-1,0.2747688,0.0897199,0.3142713,0.32124,1.2998316
TAGCACACAGCGGTCT-1,0.8410372,0.027134014,0.0060638525,0.12576482,0.53518313
TAGCACATCAACCCGG-1,0.032203928,0.2999164,0.5856361,0.08224363,0.9906155
TAGCACATCACACCGG-1,0.01195335,0.083536446,0.2877198,0.61679035,0.91677266
TAGGAGGAGCTCGGCT-1,0.10386266,0.091247395,0.7320985,0.07279148,0.8727019
TAGGAGGAGTACCATC-1,0.103644736,0.390785,0.30788133,0.19768901,1.2852836
TAGGAGGAGTGACACG-1,0.047832783,0.27308267,0.5162622,0.1628224,1.1367298
TAGGAGGCAGAAACCG-1,0.10979049,0.542508,0.29427385,0.053427693,1.0908005
TAGGAGGCATTCTGTT-1,0.30209088,0.38857317,0.21073082,0.0986051,1.2854953
TAGGAGGGTTATGACC-1,0.024734728,0.20933072,0.41804126,0.34789333,1.1507986
TAGGAGGTCTTGTTAC-1,0.08015403,0.32021263,0.28837955,0.31125376,1.2888142
TAGGGTTAGTAACAGT-1,0.054603606,0.040558007,0.015186883,0.88965154,0.45637304
TAGGGTTAGTACGTCT-1,0.039464705,0.26334584,0.46228546,0.234904,1.1759063
TAGGGTTAGTCATAGA-1,0.28934562,0.39603955,0.24668336,0.06793158,1.2536108
TAGGGTTCAAAGGAGA-1,0.12229086,0.42604807,0.33442444,0.117236614,1.2380955
TAGGGTTGTCGATTCA-1,0.108985774,0.38813058,0.39360872,0.1092749,1.2178255
TAGGGTTTCACCCTTG-1,0.9594935,0.011707385,0.0014179128,0.02738121,0.19955808
TAGGGTTTCCGCAACG-1,0.41337535,0.24584179,0.18996197,0.15082093,1.310924
TAGGGTTTCGAGATAA-1,0.3005515,0.31448475,0.26945353,0.115510255,1.3277733
TAGGTACAGGAGGGTG-1,0.117564015,0.42653078,0.25970924,0.19619597,1.2847831
TAGGTACAGGTATCTC-1,0.27397686,0.064776346,0.29734373,0.36390305,1.260498
TAGGTACAGTGCTCAT-1,0.30245006,0.22251132,0.27032444,0.20471421,1.3743922
TAGGTACCACGACGTC-1,0.12221814,0.35126266,0.37357956,0.1529396,1.2794067
TAGGTACCACTGGATT-1,0.20390274,0.56491566,0.18487486,0.046306714,1.1011984
TAGGTACCAGCTATTG-1,0.40279618,0.4143278,0.12292534,0.059950694,1.1577245
TAGGTACGTTCAAGGG-1,0.2772365,0.056483474,0.34456006,0.32171997,1.2499634
TAGGTACGTTCCTTGC-1,0.111399524,0.37323743,0.40213236,0.11323071,1.2253073
TAGGTACTCGGTAGGA-1,0.1329812,0.2664863,0.43214327,0.16838919,1.2832549
TAGGTTGAGAACTTCC-1,0.36116457,0.35639402,0.20151043,0.080930956,1.2617917
TAGGTTGAGACTAAGT-1,0.32118613,0.012813672,0.374334,0.2916662,1.1478127
TAGGTTGCAATGACCT-1,0.077629276,0.119771376,0.048203554,0.7543958,0.8113672
TAGGTTGCACAGTCGC-1,0.025844114,0.24246185,0.47011933,0.26157472,1.1436368
TAGGTTGCAGCCCAGT-1,0.16891925,0.46129632,0.30113414,0.06865025,1.2026234
TAGGTTGTCATAAGGA-1,0.5858947,0.29960316,0.092305504,0.022196587,0.9787912
TAGGTTGTCTAACGGT-1,0.054377053,0.42434284,0.28112793,0.24015215,1.2213972
TAGTGCAAGCCAGTAG-1,0.31977713,0.25429648,0.2245084,0.20141795,1.3709112
TAGTGCACAGCATTGT-1,0.65833926,0.1269207,0.18004431,0.03469573,0.96251017
TAGTGCACATAGAATG-1,0.14013547,0.57290727,0.23510769,0.051849574,1.0883261
TAGTGCACATAGTCGT-1,0.26577523,0.106510065,0.30740196,0.3203127,1.3179843
TAGTGCAGTATAGCTC-1,0.0046420214,0.04587876,0.080488525,0.8689907,0.4911551
TAGTGCATCCTAACAG-1,0.24081597,0.35506704,0.3787783,0.025338694,1.1713588
TAGTGCATCTCATTGT-1,0.04966654,0.2905879,0.56178266,0.09796282,1.0597733
TAGTGCATCTGCGGCA-1,0.07258458,0.2610627,0.25165242,0.4147003,1.2532207
TATACCTAGAGCACTG-1,0.06820206,0.42983103,0.38226128,0.119705655,1.1677786
TATACCTAGTCGCGAA-1,0.5886258,0.16356845,0.103934355,0.14387146,1.1223454
TATACCTCAGCCGTTG-1,0.28189695,0.3918792,0.25913623,0.06708763,1.2552471
TATACCTCATTCATCT-1,0.66401166,0.15872629,0.019641273,0.15762077,0.9324377
TATACCTGTTACCCAA-1,0.14333944,0.3514212,0.39294887,0.112290554,1.2585341
TATACCTGTTTCGTGA-1,0.13119754,0.24082443,0.38005143,0.24792664,1.3227719
TATACCTTCAGACATC-1,0.15882462,0.09329225,0.2979772,0.44990584,1.2336409
TATACCTTCTAGAACC-1,0.0012910337,0.009100361,0.06486985,0.9247388,0.30115348
TATATCCGTGAGTCAG-1,0.2850707,0.07892929,0.32437563,0.31162447,1.2867262
TATATCCTCCTAGAGT-1,0.08038622,0.40067768,0.43667427,0.082261875,1.1363975
TATCAGGCACCGTGCA-1,0.095433004,0.29642242,0.18262307,0.4255215,1.2587466
TATCAGGCAGTTCACA-1,0.67219883,0.2328036,0.062039573,0.03295794,0.89126205
TATCAGGCATCTCATT-1,0.44619188,0.37805367,0.12318647,0.052567948,1.1406257
TATCCTACAGAGTAAT-1,0.09534439,0.04778281,0.7326231,0.12424962,0.8564504
TATCCTACATCTTAGG-1,0.07758794,0.35938656,0.46961626,0.09340925,1.1425279
TATCCTAGTCTGTCAA-1,0.28667223,0.21515304,0.34030572,0.15786898,1.3469789
TATCCTAGTGTTGAGG-1,0.36994958,0.21427593,0.07760624,0.33816817,1.2629795
TATCGCCAGAGGCCAT-1,0.059562396,0.33332932,0.49757227,0.109535985,1.1237649
TATCGCCAGAGTGACC-1,0.22770825,0.07554988,0.37001592,0.32672596,1.26544
TATCGCCAGCTACTAC-1,0.06330082,0.47045812,0.41155368,0.05468741,1.0537615
TATCGCCAGTTTGAGA-1,0.07657687,0.353282,0.3747472,0.19539389,1.2511898
TATCGCCCAAAGGGCT-1,0.32711357,0.28553888,0.20549165,0.18185595,1.3585608
TATCGCCCAACCACGC-1,0.45865414,0.24464108,0.14123808,0.15546674,1.267768
TATCGCCCACCTATCC-1,0.17974478,0.24314678,0.22599955,0.35110885,1.3559153
TATCGCCCACTCCTGT-1,0.77519566,0.14524914,0.06497598,0.014579261,0.7168962
TATCGCCCAGAGTTGG-1,0.2688764,0.3066241,0.1402194,0.28428003,1.3486743
TATCTGTAGCGCCATC-1,0.56264013,0.30311602,0.070499554,0.06374429,1.0478495
TATCTGTCAAACGAGC-1,0.029596712,0.442142,0.35086793,0.17739342,1.1392874
TATCTGTCATCATCTT-1,0.08626402,0.36066157,0.37439978,0.17867462,1.2547181
TATCTGTCATTCCTAT-1,0.101807766,0.30712137,0.3772667,0.2138042,1.2927529
TATCTGTGTAACAGTA-1,0.8167121,0.0022936193,0.16364957,0.017344864,0.54583275
TATCTGTGTCCCTAAA-1,0.4214708,0.35381195,0.112833515,0.11188373,1.223003
TATCTGTGTGAAAGTT-1,0.31883016,0.22479592,0.2268059,0.22956796,1.374301
TATCTGTTCGCATTAG-1,0.35785183,0.2889464,0.22848032,0.124721475,1.3234084
TATCTGTTCTCCTGTG-1,0.4213212,0.3447209,0.18816791,0.045789886,1.1868293
TATCTTGAGAGTCAGC-1,0.4705979,0.38762602,0.10353527,0.038240734,1.0816864
TATCTTGAGCTGTTCA-1,0.65100455,0.226041,0.095785215,0.027169265,0.9382097
TATCTTGCACCCATAA-1,0.46196875,0.2519388,0.17184497,0.1142475,1.2545682
TATCTTGCAGCGGTTC-1,0.14120203,0.3270024,0.35060772,0.18118788,1.3189076
TATCTTGGTCTCAAGT-1,0.9027313,0.058700446,0.014524853,0.024043448,0.40990973
TATCTTGTCAAACGTC-1,0.48582911,0.2425168,0.22733213,0.04432192,1.1691653
TATCTTGTCGCCAGTG-1,0.004814312,0.010205915,0.03230888,0.9526709,0.22957033
TATCTTGTCTGTCTCG-1,0.3279426,0.34955698,0.17777367,0.14472677,1.3198462
TATGTTCAGAAACTCA-1,0.33007798,0.12643419,0.23261529,0.31087255,1.3297911
TATGTTCAGCCGATCC-1,0.17729953,0.4121286,0.35897094,0.051600907,1.1927589
TATGTTCAGCCGTCGT-1,0.16162892,0.5284563,0.16773134,0.1421835,1.2084224
TATGTTCAGCTGGCCT-1,0.3054067,0.4376242,0.100332834,0.15663633,1.244965
TATGTTCAGGAAGTAG-1,0.07500594,0.08639945,0.3097205,0.52887416,1.1057663
TATGTTCAGGCATGGT-1,0.2936299,0.031633873,0.30363166,0.3711045,1.1988488
TATGTTCCAAATGGTA-1,0.48024502,0.3350893,0.12363625,0.061029356,1.1477257
TATGTTCCAAGGTCAG-1,0.15973094,0.122975945,0.19618791,0.52110523,1.2099036
TATGTTCCAATAGTGA-1,0.23971446,0.10844423,0.2935008,0.35834044,1.3108468
TATGTTCGTAGAATGT-1,0.09924502,0.6351054,0.24652022,0.01912927,0.9384781
TATGTTCGTATACCTG-1,0.2635375,0.27364415,0.3604054,0.10241304,1.3072416
TATGTTCTCGAGCACC-1,0.66751516,0.26460916,0.05372791,0.014147793,0.83893824
TATGTTCTCGATTCCC-1,0.08141938,0.36286086,0.48595807,0.06976173,1.1084923
TATGTTCTCGTGGCTG-1,0.19618766,0.3362468,0.23421252,0.233353,1.365548
TATGTTCTCTGCTAGA-1,0.04081466,0.3601741,0.50046927,0.09854199,1.0731306
TATTCCAAGGAAAGGT-1,0.30014485,0.49765027,0.1569005,0.0453044,1.1393003
TATTCCACAACTCGTA-1,0.33681998,0.3152322,0.24275261,0.10519523,1.3110092
TATTCCACACGCGCTA-1,0.19370857,0.30111107,0.29461318,0.2105671,1.3674674
TATTCCACATTGACAC-1,0.061027363,0.30698463,0.40690187,0.2250862,1.2347388
TATTCCAGTCAAGCGA-1,0.64839494,0.18730177,0.13522683,0.029076483,0.968087
TATTCCAGTTCTCCAC-1,0.301245,0.35992295,0.18260005,0.15623201,1.3297708
TATTCCATCAAGAGTA-1,0.9438079,0.008477297,0.047489416,0.00022530984,0.2416268
TATTCCATCGAGAAAT-1,0.67836654,0.22779544,0.047523145,0.04631488,0.8873054
TATTGCTAGCAAATGT-1,0.08560397,0.2364636,0.3361786,0.34175378,1.2847896
TATTGCTAGCAAGTCG-1,0.09075115,0.28229344,0.27421847,0.35273698,1.2971721
TATTGCTCATGTTCAG-1,0.5390434,0.185461,0.22316754,0.052328058,1.1346854
TATTGCTGTCGTACAT-1,0.14231975,0.18937849,0.5568327,0.11146914,1.1631894
TATTGCTGTTTCTATC-1,0.118211515,0.3846302,0.39571983,0.10143844,1.218892
TATTGGGAGTAAACAC-1,0.349592,0.15606833,0.24072358,0.2536161,1.3480685
TATTGGGAGTCCTGCG-1,0.6302625,0.26848918,0.0642945,0.036953773,0.9423084
TATTGGGCATCGATAC-1,0.33970496,0.10790074,0.26937637,0.28301784,1.3175819
TATTGGGGTAATGTGA-1,0.30183083,0.28524077,0.3208269,0.09210153,1.3037548
TATTGGGGTATCGCTA-1,0.30108827,0.48192304,0.15474027,0.06224837,1.1747884
TATTGGGGTGACCTGC-1,0.36891934,0.38862514,0.16269465,0.07976091,1.2323103
TATTGGGGTTTACTGG-1,0.0033143323,0.18009959,0.74842113,0.06816493,0.7276216
TATTGGGGTTTCCAAG-1,0.12212249,0.28546426,0.30263093,0.28978235,1.3353083
TATTGGGTCACCATCC-1,0.6407323,0.21022947,0.057266876,0.0917714,0.9960594
TATTGGGTCCATTTAC-1,0.049052946,0.28761914,0.50865895,0.15466899,1.1388217
TATTGGGTCGCAACAT-1,0.6192132,0.20811561,0.078678064,0.09399314,1.0457437
TATTGGGTCTAGTTCT-1,0.038358428,0.054082744,0.08653922,0.82101953,0.6565378
TATTTCGCAGAAATCA-1,0.15147176,0.1610204,0.55800027,0.12950757,1.170191
TATTTCGGTACTAAGA-1,0.3026473,0.093285054,0.28643543,0.31763223,1.3053949
TATTTCGGTAGTCTGT-1,0.27953756,0.108204514,0.2983983,0.31385964,1.321486
TATTTCGGTCGGCCTA-1,0.21434857,0.08558579,0.2871677,0.41289794,1.2640462
TATTTCGGTGGTCTGC-1,0.2875089,0.36565125,0.16991332,0.17692655,1.3338591
TATTTCGGTTCAGGTT-1,0.344539,0.00044278093,1.2513924e-06,0.65501696,0.64769304
TCAAGACAGTCACGCC-1,0.26022187,0.4780127,0.17454246,0.087222956,1.2205868
TCAAGACGTCGAACAG-1,0.33835948,0.3311953,0.31049833,0.019946929,1.173886
TCAAGACTCTTTCCAA-1,0.7630566,0.022144854,0.2058486,0.008949943,0.65829945
TCAAGCAAGGACTAAT-1,0.84477407,0.07441457,0.07211985,0.008691521,0.56671697
TCAAGCAAGTCATACC-1,0.31654036,0.4184238,0.20711596,0.0579199,1.2197692
TCAAGCACAGACCTAT-1,0.15989284,0.3625453,0.24244045,0.23512146,1.3448765
TCAAGCAGTTTCCCAC-1,0.78501886,0.06880871,0.12907445,0.017097928,0.7080039
TCAAGCATCAGGTAAA-1,0.5515906,0.28491858,0.0830372,0.08045362,1.0952828
TCAAGCATCATCCCGT-1,0.17420077,0.41885677,0.17072242,0.23622,1.3115765
TCAAGCATCGGCAGTC-1,0.49521282,0.32661623,0.11712728,0.061043628,1.13536
TCAAGTGAGTGAGTGC-1,0.2758389,0.08807382,0.30895013,0.32713714,1.2976663
TCAAGTGCAACCAGAG-1,0.8425742,0.062568106,0.08418604,0.010671617,0.5745234
TCAAGTGCAATACAGA-1,0.17673987,0.42907155,0.28883585,0.10535274,1.2651491
TCAAGTGCAGCATACT-1,0.17209026,0.1640468,0.047308672,0.61655426,1.0418779
TCAAGTGCATGATCTG-1,0.90074295,0.07281934,0.017555287,0.0088824155,0.3978529
TCAAGTGGTAGCGAGT-1,0.26932192,0.2444061,0.2698375,0.21643445,1.3823745
TCAAGTGGTGGCCACT-1,0.25262803,0.297502,0.2836815,0.16618845,1.3639053
TCAAGTGTCCACGTGG-1,0.12522952,0.14456053,0.44588968,0.28432027,1.2574804
TCAAGTGTCGTGCGAC-1,0.08155287,0.38389677,0.40254486,0.13200551,1.205543
TCAAGTGTCGTTAGTG-1,0.13342442,0.35818413,0.42277566,0.08561581,1.2109039
TCAATCTAGATTGGGC-1,0.11403485,0.40851963,0.39007422,0.08737142,1.1935097
TCAATCTAGCCGTAAG-1,0.016379341,0.18032572,0.6671888,0.13610615,0.9176824
TCAATCTAGTGCTCGC-1,0.61733824,0.27458856,0.07043208,0.037641034,0.96298003
TCAATCTCAACACGAG-1,0.12482344,0.25921184,0.18497808,0.4309866,1.2846098
TCAATCTCAATACAGA-1,0.6824669,0.17623466,0.02959219,0.11170628,0.9156819
TCAATCTCAGCTACAT-1,0.020621702,0.013164051,0.013072629,0.9531416,0.23948717
TCAATCTGTTCGGTTA-1,0.10665073,0.2828206,0.37213662,0.23839198,1.305562
TCAATCTTCACTTGGA-1,0.012155523,0.033830777,0.025724238,0.9282894,0.3314041
TCAATCTTCGCCAGAC-1,0.02099452,0.10238342,0.18736158,0.68926054,0.88472295
TCAATTCAGAAAGTCT-1,0.064714275,0.48048362,0.1966961,0.25810593,1.1987708
TCAATTCAGAGAAGGT-1,0.040142465,0.3097822,0.5771352,0.0729401,1.0003048
TCAATTCAGAGTATAC-1,0.02122936,0.25085962,0.5388521,0.18905887,1.0767822
TCAATTCAGCCGATAG-1,0.022618359,0.38956556,0.50639534,0.08142073,1.0017371
TCAATTCAGCTGAGTG-1,0.31320378,0.08456696,0.26625234,0.335977,1.2912858
TCAATTCAGTATCCTG-1,0.034570586,0.37600616,0.56299555,0.02642774,0.9035645
TCAATTCAGTCCCTAA-1,0.11437013,0.28617123,0.36602193,0.23343666,1.3135267
TCAATTCAGTGATAGT-1,0.45988142,0.25470203,0.2538492,0.03156733,1.1626918
TCAATTCCAATCTGCA-1,0.00025607107,0.0007093274,0.0020481085,0.99698645,0.022949649
TCAATTCCACCTTCGT-1,0.26012766,0.13420923,0.105502166,0.50016093,1.2036244
TCAATTCCACGAGAAC-1,0.3013557,0.094013385,0.25020593,0.35442495,1.2980263
TCAATTCGTCACCGAC-1,0.3174722,0.40894192,0.14932539,0.12426044,1.273016
TCAATTCGTCTGTCCT-1,0.119721234,0.27885,0.34538195,0.25604683,1.3262471
TCAATTCGTTCTCGCT-1,0.33479935,0.3462686,0.18610828,0.13282381,1.3146404
TCACAAGCAATACAGA-1,0.13940682,0.33186182,0.42190757,0.1068238,1.2437497
TCACAAGCATCGAACT-1,0.9867632,0.0015560122,0.011570549,0.00011026988,0.075810835
TCACAAGCATGCGTGC-1,0.1328469,0.39832118,0.23567347,0.23315847,1.3149205
TCACAAGGTACGGTTT-1,0.28492346,0.5349638,0.1468191,0.03329369,1.0873396
TCACAAGTCGCAAGAG-1,0.4667926,0.31245023,0.119772725,0.10098449,1.2048248
TCACAAGTCGCAATGT-1,0.41407844,0.4709294,0.08974753,0.025244627,1.0289627
TCACACCCAATACGAA-1,0.32800382,0.096630715,0.26737827,0.30798718,1.3068599
TCACACCCACCGTACG-1,0.23355001,0.37854862,0.17049155,0.21740977,1.3407643
TCACACCCACTGGCGT-1,0.03668346,0.28985703,0.6149488,0.058510683,0.94528747
TCACACCGTAATACCC-1,0.63774055,0.25192338,0.06157521,0.048760816,0.95311874
TCACACCGTCCACAGC-1,0.053519487,0.41114777,0.50428784,0.031044897,0.97515607
TCACACCGTCCATACA-1,0.4461846,0.33210236,0.19244626,0.029266723,1.1466507
TCACACCGTGATCGTT-1,0.35129535,0.11187506,0.2513632,0.2854663,1.317514
TCACACCGTGCCCGTA-1,0.33859164,0.41225275,0.16854289,0.08061264,1.2350785
TCACACCTCCACTGAA-1,0.47741693,0.037216574,0.032571703,0.45279473,0.9457575
TCACATTAGAGTGTTA-1,0.18487532,0.37233752,0.1856927,0.2570944,1.3417939
TCACATTAGGCACGAT-1,0.067796096,0.11582721,0.063687466,0.7526892,0.82136154
TCACATTAGGTATAGT-1,0.1754168,0.37315902,0.43294013,0.018484002,1.1093757
TCACATTGTACAGCGA-1,0.32474422,0.25601408,0.2844746,0.13476712,1.3417879
TCACATTGTACGACTT-1,0.1580547,0.55668855,0.20533337,0.079923324,1.1446702
TCACATTGTCACTTCC-1,0.3485789,0.19029656,0.28100172,0.18012276,1.3485522
TCACATTGTGACATCT-1,0.06113494,0.28902304,0.5879733,0.06186871,1.0140233
TCACATTGTGAGGATC-1,0.03300041,0.09571333,0.052846707,0.8184395,0.65652114
TCACATTGTTCTCTCG-1,0.5688232,0.2032965,0.13350157,0.094378695,1.1363912
TCACATTTCGGCATAT-1,0.22471327,0.36448357,0.24144442,0.16935872,1.3472018
TCACGCTAGTCGCGAA-1,0.22332925,0.4745428,0.14774175,0.15438624,1.259485
TCACGCTCACAATTCG-1,0.4249472,0.043396976,0.27349833,0.25815746,1.2039907
TCACGCTCATTGTCGA-1,0.5499767,0.3313944,0.08878332,0.02984563,1.0146301
TCACGCTGTAGTACGG-1,0.27842742,0.108481795,0.2743989,0.3386919,1.3184882
TCACGCTGTGACTAAA-1,0.13753065,0.3325072,0.3416956,0.1882665,1.3202801
TCACGCTGTGAGGATC-1,0.18196374,0.13727464,0.42429334,0.25646827,1.2954016
TCACGCTTCACGTAGT-1,0.12443435,0.06544058,0.621487,0.18863805,1.0479878
TCACGCTTCCTTTGAT-1,0.08876924,0.41860816,0.4619773,0.030645369,1.0430708
TCACGGGAGAGGGTAA-1,0.4839868,0.27189422,0.11306097,0.13105805,1.2181059
TCACGGGAGCCTATTG-1,0.8633778,0.070432745,0.059388623,0.006800831,0.51533145
TCACGGGGTAGTCTTG-1,0.10679773,0.34103602,0.2802395,0.27192673,1.3163673
TCACGGGTCTTCGCTG-1,0.7054618,0.22596346,0.04593138,0.022643331,0.8094984
TCACTATAGGCGCTCT-1,0.20881273,0.20710804,0.20691049,0.37716872,1.346906
TCACTATAGGTTAAAC-1,0.7862401,0.10828331,0.0069517978,0.09852478,0.6926673
TCACTATCAATGTCAC-1,0.6797649,0.121915914,0.060979888,0.13733919,0.962191
TCACTATCATGAGGGT-1,0.46628246,0.33034807,0.111306794,0.092062704,1.1856189
TCACTCGAGATACCAA-1,0.04700683,0.3765316,0.528144,0.048317622,0.9950604
TCACTCGAGTACCATC-1,0.5089296,0.14435476,0.15485616,0.19185947,1.2287555
TCACTCGAGTCCTACA-1,0.3935129,0.19942918,0.22198226,0.18507566,1.3348846
TCACTCGCAACCGGAA-1,0.04396664,0.31509736,0.35647264,0.28446338,1.2265776
TCACTCGCAAGTATAG-1,0.57009184,0.28442985,0.05758064,0.08789768,1.0560707
TCACTCGGTAGCCCTG-1,0.88606757,0.060880937,0.03506645,0.017985055,0.46733457
TCACTCGGTATAGCTC-1,0.2304089,0.5542815,0.11829352,0.09701612,1.1441236
TCACTCGGTTAAACCC-1,0.33091587,0.31066298,0.19077803,0.16764311,1.3445847
TCACTCGTCCGTATAG-1,0.9058038,0.01205936,0.00038797015,0.08174895,0.35064578
TCAGCAAAGATAGCTA-1,0.047089577,0.15730803,0.296905,0.49869734,1.142357
TCAGCAACAGCTATTG-1,0.33022463,0.17619403,0.17100993,0.3225714,1.3387623
TCAGCAACATGGCCCA-1,0.85464245,0.068688795,0.015301719,0.061367027,0.5534268
TCAGCAAGTGACTCTA-1,0.042137437,0.34786105,0.49541935,0.11458213,1.0969623
TCAGCAATCCCTCATG-1,0.06688532,0.33880353,0.28345197,0.31085914,1.2681727
TCAGCAATCCGCATAA-1,0.72154015,0.13645089,0.120416075,0.021592865,0.84498286
TCAGCAATCCTGATAG-1,0.26754814,0.39430466,0.20890127,0.12924598,1.3112619
TCAGCAATCCTGTAGA-1,0.20786804,0.073112495,0.24282254,0.4761969,1.2147732
TCAGCCTCAGAGCTAG-1,0.30394182,0.10994349,0.27991086,0.30620384,1.3235016
TCAGCCTGTCACGTGC-1,0.14223659,0.36846912,0.32061112,0.16868314,1.3101923
TCAGCCTTCACTCTTA-1,0.0054432573,0.0013867132,0.0011699139,0.9920001,0.053369157
TCAGCCTTCCGCGATG-1,0.19149187,0.33764383,0.13292529,0.33793908,1.3179859
TCAGCCTTCCTGTAAG-1,0.08801036,0.5319922,0.19564784,0.18434966,1.1805543
TCAGCCTTCTGTGCAA-1,0.03336367,0.078438655,0.06733185,0.8208658,0.6568117
TCAGCCTTCTTAGCAG-1,0.028077727,0.41667825,0.2803831,0.27486095,1.1766075
TCAGGGCAGGCACGAT-1,0.07817124,0.3574166,0.5346493,0.029762853,1.0063453
TCAGGGCCAGACCCGT-1,0.053195495,0.40126666,0.4119814,0.13355644,1.1566879
TCAGGGCGTCCCTGAG-1,0.28646377,0.39609823,0.29184663,0.02559131,1.1781666
TCAGGGCGTCCGACGT-1,0.27764404,0.05564924,0.42911434,0.23759237,1.2210425
TCAGGGCTCAGCGGAA-1,0.23646373,0.3892022,0.3412625,0.033071537,1.1878805
TCAGGTAAGTCCCAGC-1,0.093928374,0.3845894,0.38474777,0.13673446,1.2292281
TCAGGTACATACATCG-1,0.28912354,0.22454391,0.3291468,0.15718573,1.3507813
TCAGGTAGTCCCGGTA-1,0.359715,0.26606506,0.20723417,0.16698578,1.3451082
TCAGGTAGTGAGACCA-1,0.02427429,0.03396537,0.015968664,0.92579174,0.3425935
TCAGTCCAGATGACAT-1,0.2823603,0.43451193,0.24619482,0.03693299,1.1861479
TCAGTCCAGGACAGTC-1,0.025240418,0.18617417,0.53130066,0.25728473,1.0911311
TCAGTCCCAAGTACCT-1,0.10064789,0.40618548,0.402052,0.09111471,1.1816683
TCAGTCCCATGAGTAA-1,0.06354821,0.2771187,0.37931088,0.28002217,1.2549052
TCAGTCCGTGTAAACA-1,0.7556131,0.038290963,0.17736878,0.028727166,0.7454107
TCAGTCCGTTAAACCC-1,0.3392791,0.4408389,0.13609183,0.08379022,1.2069958
TCAGTCCGTTTCGACA-1,0.24004506,0.07240532,0.3471177,0.34043187,1.2667369
TCAGTCCTCCACGGAC-1,0.024931548,0.09065288,0.17527488,0.70914066,0.85862607
TCAGTCCTCCTGGTCT-1,0.059789553,0.3159912,0.37891376,0.24530548,1.2448888
TCAGTCCTCGCACTCT-1,0.85627174,0.010967674,0.00028034244,0.13248025,0.45243877
TCAGTCCTCGCCTATC-1,0.021981493,0.014623442,0.020211594,0.9431835,0.27972797
TCAGTCCTCTAGTGTG-1,0.64415276,0.23243348,0.079279356,0.04413437,0.961144
TCAGTGAGTAATCAGA-1,0.19285057,0.3177724,0.369229,0.12014807,1.3041761
TCAGTGAGTACGATTC-1,0.28979984,0.36683968,0.16002765,0.18333282,1.3310653
TCAGTTTAGAGATCGC-1,0.09128101,0.2652096,0.32877418,0.3147352,1.3000695
TCAGTTTAGAGTTGTA-1,0.62127066,0.16034484,0.11216095,0.10622355,1.0727808
TCAGTTTCAATCTAGC-1,0.007994078,0.029031523,0.042507883,0.9204665,0.3518833
TCAGTTTCACAGCCAC-1,0.67970973,0.09648438,0.1800242,0.043781605,0.9336989
TCAGTTTCACTTTATC-1,0.44108513,0.32911217,0.16841911,0.061383527,1.1980995
TCAGTTTCAGTCACGC-1,0.014164673,0.058181398,0.29292467,0.6347293,0.873963
TCAGTTTCATGATCTG-1,0.14483598,0.23035385,0.4011236,0.22368655,1.3194301
TCAGTTTGTAAGTTGA-1,0.00064415997,0.0030119717,0.0018103719,0.99453354,0.03910057
TCAGTTTGTCGCACAC-1,0.08101727,0.19470325,0.40616918,0.31811032,1.252495
TCAGTTTGTTACTCAG-1,0.0013274482,0.00086884206,0.00085065234,0.996953,0.023973556
TCAGTTTGTTTACTTC-1,0.1628812,0.34385496,0.19587702,0.29738685,1.342643
TCATACTAGACCAGCA-1,0.8728573,0.100588374,0.016463209,0.010091152,0.4637053
TCATACTAGACTCCGC-1,0.3208955,0.282395,0.24627733,0.15043215,1.3518794
TCATACTAGGTTCAGG-1,0.14599732,0.25872028,0.22881497,0.3664675,1.3360575
TCATACTAGGTTGACG-1,0.51707363,0.31257147,0.09349663,0.076858275,1.1233159
TCATACTAGTAAGACT-1,0.83681077,0.113668896,0.037242163,0.012278112,0.57281435
TCATACTCAACGCATT-1,0.20951566,0.34395114,0.2772577,0.16927552,1.350888
TCATACTCACTGTCGG-1,0.33394215,0.3107107,0.16712882,0.1882183,1.3427964
TCATACTGTTTGGCTA-1,0.30127963,0.075396165,0.29290673,0.33041745,1.2819135
TCATACTTCAGCGTCG-1,0.2700853,0.21841304,0.33464965,0.17685203,1.3585501
TCATATCAGACCTTTG-1,0.9578042,0.010985621,0.0012003928,0.030009825,0.20414488
TCATATCAGCCTCTCT-1,0.58693546,0.12814417,0.19012004,0.09480037,1.1149939
TCATATCAGCTGAAGC-1,0.15983754,0.07955422,0.42060038,0.34000784,1.2255207
TCATATCAGTACTCGT-1,0.17535898,0.34516516,0.31450388,0.164972,1.3335305
TCATATCAGTTCCGTA-1,0.1301592,0.3046102,0.15676056,0.40847,1.2836924
TCATATCCAGGTGGAT-1,0.1273641,0.29855546,0.4137113,0.16036914,1.2820097
TCATATCGTCGCATTA-1,0.7241776,0.19784905,0.06162504,0.0163483,0.7932513
TCATATCGTCTTTATC-1,0.65236104,0.23948906,0.07567538,0.032474577,0.92759097
TCATATCGTGTACGCC-1,0.0050195223,0.010266016,0.009260166,0.9754543,0.14118108
TCATATCTCATTTCGT-1,0.29018524,0.4189561,0.23512466,0.055733968,1.2248038
TCATATCTCGCCGTGA-1,0.030998765,0.1658336,0.15994218,0.64322543,0.98264325
TCATCATAGCGCAATG-1,0.28311744,0.30699566,0.120150894,0.28973597,1.3333231
TCATCATAGTCTACCA-1,0.1131624,0.2705248,0.54519653,0.0711162,1.1189674
TCATCATCAGAGTTGG-1,0.15907633,0.41390726,0.33630672,0.090709716,1.2417501
TCATCATTCCATTTAC-1,0.07250877,0.31845602,0.48563543,0.12339976,1.163632
TCATCATTCGTTCCCA-1,0.48508036,0.2619902,0.16416968,0.08875973,1.2134403
TCATCCGCACTGTTCC-1,0.10918453,0.45691615,0.21572517,0.21817411,1.2627251
TCATCCGGTGGGTATG-1,0.03568952,0.257655,0.5257876,0.1808679,1.1156529
TCATCCGGTTCCTAGA-1,0.1468685,0.4029323,0.2800029,0.17019632,1.305801
TCATCCGTCCGAGCTG-1,0.3472079,0.20104168,0.25476322,0.19698721,1.3582044
TCATCCGTCTTTACAC-1,0.2180505,0.09518586,0.30370513,0.38305852,1.2854624
TCATGAGAGTAAGCAT-1,0.05001563,0.33592248,0.5256265,0.088435434,1.0688301
TCATGAGGTCTCCCTA-1,0.13460438,0.43887737,0.22832908,0.19818924,1.2893791
TCATGAGTCATTCCTA-1,0.12290513,0.3050363,0.20630705,0.3657515,1.3133346
TCATGAGTCCGCGAGT-1,0.12573656,0.1822495,0.1043218,0.58769214,1.1191657
TCATGAGTCCGCGATG-1,0.45676067,0.28788647,0.1046999,0.15065295,1.237813
TCATGAGTCCTGCTAC-1,0.095715865,0.39095154,0.47873238,0.03460027,1.060788
TCATGAGTCTTTCCAA-1,0.388479,0.21778081,0.14393397,0.24980626,1.3247695
TCATGCCAGGAAACGA-1,0.14229153,0.10493911,0.07694337,0.67582595,0.9761606
TCATGCCAGGCACGAT-1,0.10487834,0.24054553,0.2729367,0.3816394,1.301274
TCATGCCAGGGTGGGA-1,0.71490014,0.2148782,0.044806078,0.025415508,0.8028213
TCATGCCCAGATTTCG-1,0.27670065,0.07970169,0.34705824,0.29653946,1.2848575
TCATGCCCAGGATCTT-1,0.3842561,0.3393086,0.19382295,0.082612365,1.2582889
TCATGCCGTGTCCACG-1,0.32330415,0.23867874,0.20189336,0.23612373,1.370856
TCATGCCTCCCTTCCC-1,0.0145735955,0.043366276,0.12699832,0.8150618,0.6264561
TCATGCCTCCTCGATC-1,0.08147811,0.34852827,0.26898286,0.30101073,1.286261
TCATGCCTCTAGTCAG-1,0.34884155,0.47433436,0.1328983,0.043925807,1.1266477
TCATGCCTCTGACCCT-1,0.79297686,0.13398367,0.048510317,0.024529107,0.6909946
TCATGGAAGCAGCAGT-1,0.25876698,0.10967447,0.28997558,0.3415829,1.3181093
TCATGGAAGGAAGTAG-1,0.7376405,0.011276936,0.1284043,0.12267822,0.7960013
TCATGGACAGCGGATA-1,0.041507024,0.21348953,0.24269392,0.50230956,1.1512375
TCATGGACAGGCAATG-1,0.41654956,0.43107644,0.114746526,0.037627477,1.0993795
TCATGGACAGTAGTGG-1,0.3175605,0.27835178,0.24053119,0.1635565,1.3591142
TCATGGATCTCATAGG-1,0.2195811,0.6270902,0.12567097,0.027657792,0.98541796
TCATGGATCTGATGGT-1,0.18369198,0.30001462,0.5113484,0.004944927,1.041678
TCATGTTAGTGCAGGT-1,0.10736647,0.43334216,0.41509652,0.044194773,1.104783
TCATGTTCAATCGTCA-1,0.10021694,0.23646888,0.5313414,0.13197279,1.1747744
TCATGTTCACCCTGAG-1,0.9521145,0.00946265,0.0018054642,0.036617324,0.22332703
TCATGTTCACGTACTA-1,0.25412768,0.04457914,0.3896799,0.31161332,1.2173817
TCATGTTCAGATCATC-1,0.15746365,0.5933153,0.18321198,0.06600902,1.0911504
TCATGTTGTAATCAGA-1,0.068298,0.25681636,0.6613826,0.013503027,0.8639769
TCATGTTGTACAGAGC-1,0.16771123,0.5068141,0.2518211,0.07365354,1.1832739
TCATGTTGTCAGGTGA-1,0.5320381,0.29338613,0.0781017,0.096474044,1.1202488
TCATGTTGTCGTGATT-1,0.46369988,0.21143109,0.2814385,0.04343049,1.1779382
TCATGTTTCATGGGAG-1,0.30618852,0.3968494,0.18670009,0.110261954,1.2856042
TCATGTTTCGTACCTC-1,0.23736793,0.2059808,0.18297756,0.37367368,1.3454149
TCATTACCAAAGGATT-1,0.25451952,0.088107325,0.61900854,0.038364653,0.9843005
TCATTACGTAGAAACT-1,0.0915026,0.33500072,0.45067605,0.1228206,1.2019329
TCATTACGTATGACAA-1,0.18814205,0.49868846,0.24229045,0.07087902,1.192353
TCATTACTCAGCTAGT-1,0.11818705,0.37106505,0.18992364,0.32082424,1.3004739
TCATTCAAGATGACAT-1,0.05848227,0.4778923,0.21820822,0.2454172,1.1958349
TCATTCAAGCATCTTG-1,0.2808713,0.160694,0.5255357,0.032899,1.1008803
TCATTCAAGCTCCCTT-1,0.01804298,0.005993125,0.0016478362,0.97431606,0.13902126
TCATTCAAGTATTCCG-1,0.09291965,0.42310572,0.43006164,0.05391309,1.1050506
TCATTCACACAAGTGG-1,0.03270578,0.3063376,0.6107838,0.0501728,0.92553353
TCATTCAGTATCGAAA-1,0.06153306,0.35305724,0.46818012,0.11722956,1.1457407
TCATTCAGTCCGGATC-1,0.12555027,0.46695918,0.35813662,0.04935397,1.1323609
TCATTCAGTTGGGATG-1,0.25445247,0.37569004,0.098186895,0.2716706,1.2979631
TCATTCATCAAGCTTG-1,0.7589983,0.18027908,0.030025017,0.03069767,0.730358
TCATTGTAGGGTTAGC-1,0.17662367,0.4744186,0.25827196,0.09068576,1.2272875
TCATTGTGTATCGATC-1,0.32027504,0.07160489,0.13783464,0.47028536,1.1813877
TCATTGTGTGAGTTGG-1,0.3439546,0.22093454,0.25189888,0.18321198,1.3589017
TCATTGTGTTCAAAGA-1,0.49497998,0.32150263,0.1476041,0.035913255,1.1147838
TCATTGTTCAAGTCTG-1,0.31937325,0.28288487,0.19688722,0.20085461,1.3641069
TCATTGTTCAGCCTCT-1,0.292861,0.25409016,0.41954854,0.033500228,1.1859539
TCATTGTTCCCAAGTA-1,0.26222402,0.35152766,0.18747504,0.19877331,1.3535022
TCATTGTTCCGATGCG-1,0.24247046,0.13754119,0.5676524,0.052335925,1.0922347
TCATTTGAGCCACCGT-1,0.13283733,0.24089031,0.21065064,0.41562173,1.3040432
TCATTTGAGGCCGCTT-1,0.43318835,0.031532135,0.06143599,0.47384351,0.9966915
TCATTTGCAGTTGAAA-1,0.5852626,0.30010122,0.091996856,0.022639297,0.9799983
TCATTTGCATCCGGTG-1,0.13602169,0.37895,0.38401473,0.10101362,1.2381741
TCATTTGGTGAGACGT-1,0.14452778,0.32975152,0.37868798,0.14703277,1.2949882
TCCACCAAGAAATGGG-1,0.7721671,0.07976682,0.12739472,0.020671377,0.74402606
TCCACCACAGAAACCG-1,0.13016614,0.117671125,0.06334021,0.68882245,0.9487455
TCCACCAGTCCGCAGT-1,0.00692346,0.009279513,0.003676657,0.98012036,0.11814802
TCCACCATCGTCCTTG-1,0.50711304,0.3189596,0.09782464,0.07610278,1.1322296
TCCACCATCTATGCCC-1,0.015328442,0.4067294,0.49996674,0.07797542,0.9754669
TCCACGTAGGTTATAG-1,0.2657536,0.110542625,0.2794013,0.34430248,1.3190005
TCCACGTCATCGATAC-1,0.13995902,0.44141847,0.25538278,0.16323975,1.2806647
TCCACGTCATGACCCG-1,0.37997776,0.25274643,0.1470403,0.22023556,1.3304145
TCCAGAAAGACGGATC-1,0.045655806,0.1436971,0.41405788,0.39658922,1.1515841
TCCAGAACAAATGCTC-1,0.29890162,0.32638496,0.25637287,0.118340515,1.3279277
TCCAGAACATCACAGT-1,0.040683366,0.3015378,0.5871193,0.0706595,0.9916636
TCCAGAACATTCATCT-1,0.04183503,0.07842453,0.04875202,0.8309884,0.6335532
TCCAGAAGTATCTCGA-1,0.31410548,0.09755016,0.20738862,0.3809557,1.284685
TCCAGAAGTCAACATC-1,0.48486367,0.35956305,0.08668475,0.06888859,1.1150522
TCCAGAAGTGCGGATA-1,0.10817832,0.4105378,0.25228563,0.22899817,1.2910812
TCCATCGAGCTCCCTT-1,0.025384426,0.31181717,0.6029399,0.05985849,0.9302231
TCCATCGAGGGATGTC-1,0.27126685,0.24798945,0.27410963,0.2066341,1.3802798
TCCATCGAGTGCCCGT-1,0.24898683,0.28688595,0.11465532,0.3494719,1.3201406
TCCATCGCAATACAGA-1,0.30785036,0.3621834,0.19324347,0.13672274,1.3202318
TCCATCGCACAGAGAC-1,0.23245108,0.18628292,0.29390675,0.28735918,1.37044
TCCATCGCACGCTTAA-1,0.0022240505,0.000650384,0.013280139,0.98384535,0.09177125
TCCATCGCAGCGCGTT-1,0.7713179,0.1788147,0.030507188,0.019360213,0.6909197
TCCATCGTCCCAATAG-1,0.2759769,0.25467235,0.16722095,0.30212983,1.3643216
TCCATCGTCGGCTGTG-1,0.030100089,0.28896543,0.5282752,0.15265925,1.0882258
TCCATGCAGGTTCTAC-1,0.09785094,0.43841615,0.29009613,0.17363681,1.251956
TCCATGCCACGGGTAA-1,0.1436056,0.32359132,0.2495422,0.2832608,1.3474908
TCCATGCCAGGACGAT-1,0.92955774,0.051472727,0.013850178,0.005119349,0.3068795
TCCATGCTCAGCCTCT-1,0.15956229,0.3738699,0.28335497,0.18321282,1.3289368
TCCATGCTCTAGTCAG-1,0.28167287,0.09104042,0.28850558,0.33878118,1.3003772
TCCATGCTCTCAGAAC-1,0.25994053,0.28564733,0.26051143,0.19390069,1.3766265
TCCCACAAGACCGTTT-1,0.3713889,0.31955057,0.231786,0.07727452,1.2691292
TCCCACAAGTATCCTG-1,0.25295392,0.113094985,0.05840512,0.575546,1.0780344
TCCCACAGTCTTTCTA-1,0.040939614,0.048723593,0.06527622,0.8450606,0.5984623
TCCCACAGTTATAGCC-1,0.063292444,0.5297423,0.24511836,0.16184689,1.150646
TCCCACATCATGAGGG-1,0.25961557,0.36550903,0.19593398,0.17894143,1.345249
TCCCAGTCAAACACCT-1,0.51887,0.2698616,0.12105463,0.09021375,1.166533
TCCCAGTGTCATAAAG-1,0.1765797,0.3241448,0.33077818,0.16849737,1.3373647
TCCCAGTGTTTGGAGG-1,0.0010824597,0.0018579467,0.004951426,0.99210817,0.053218067
TCCCAGTTCTCTAAGG-1,0.19406785,0.4145758,0.27312002,0.118236266,1.2901272
TCCCATGAGAAATTGC-1,0.001546002,0.08310049,0.75773114,0.15762244,0.718166
TCCCATGAGTATGATG-1,0.4042795,0.22842936,0.23175551,0.13553558,1.3131318
TCCCATGTCAGTAGGG-1,0.08058307,0.4143197,0.2603183,0.24477887,1.2628613
TCCGAAAAGCAACAAT-1,0.17547385,0.43866843,0.24721172,0.13864602,1.286261
TCCGAAAAGCTGTACT-1,0.28832194,0.0946481,0.23821463,0.37881526,1.2911781
TCCGAAAGTCCACTCT-1,0.4413359,0.39045116,0.12170378,0.04650915,1.1272142
TCCGAAATCGCATTGA-1,0.3508042,0.08988831,0.2746322,0.28467533,1.2966158
TCCGAAATCGGCTGGT-1,0.031301446,0.36122903,0.50335515,0.104114376,1.0573171
TCCGAAATCTACGCAA-1,0.04651425,0.21563901,0.21538897,0.5224578,1.1434022
TCCGAAATCTTAGCTT-1,0.00071637734,0.00019011604,0.0021377096,0.99695575,0.022998631
TCCGATCAGAGTCGAC-1,0.08504335,0.4905398,0.41123918,0.013177703,0.98145205
TCCGATCAGATGCCGA-1,0.12507047,0.27328283,0.3670714,0.23457533,1.3225296
TCCGATCAGGGTACAC-1,0.5006297,0.34388188,0.115796044,0.03969231,1.0911777
TCCGATCGTAATGATG-1,0.28449142,0.41587552,0.16050316,0.1391299,1.2905407
TCCGATCGTGGCGTAA-1,0.12349283,0.36355,0.35500607,0.15795113,1.2852936
TCCGATCGTTGGTGTT-1,0.355147,0.14774859,0.31419152,0.18291284,1.3246661
TCCGATCTCCTGGCTT-1,0.24659413,0.23913053,0.30758157,0.2066938,1.375869
TCCGATCTCGAATGCT-1,0.3692724,0.267148,0.10922156,0.25435802,1.3105764
TCCGATCTCGTCCTTG-1,0.013572932,0.008336146,0.0017243546,0.97636664,0.13258952
TCCGATCTCTGCATGA-1,0.08572609,0.47270617,0.35227373,0.089294,1.1480465
TCCGATCTCTTTCCGG-1,0.231492,0.50520796,0.22776146,0.03553858,1.1392301
TCCGGGAAGAAAGTCT-1,0.001789302,0.0003646425,0.004329514,0.99351656,0.044230614
TCCGTGTCAACAAGAT-1,0.35519022,0.077988215,0.2910441,0.27577746,1.2810972
TCCGTGTCAACACAGG-1,0.1007841,0.14936075,0.079722255,0.6701329,0.9851443
TCCGTGTCACACGCCA-1,0.15169187,0.2618022,0.198151,0.388355,1.3250068
TCCGTGTCACAGCCTG-1,0.0011993533,0.00590118,0.0064141066,0.98648536,0.0841646
TCCGTGTGTCATCCGG-1,0.30977607,0.12083168,0.29354492,0.27584735,1.3334599
TCCGTGTGTGTAGTGG-1,0.46507347,0.20650521,0.24547243,0.082948945,1.2330763
TCCTAATAGGGCAACT-1,0.01436192,0.15734112,0.25151587,0.57678103,1.0164702
TCCTAATCAACCGACC-1,0.13166074,0.42544547,0.3541323,0.08876144,1.2131213
TCCTAATCAGCGACCT-1,0.29498243,0.55528283,0.12649944,0.023235237,1.0357394
TCCTAATTCAGCTTGA-1,0.8470585,0.00555667,0.14672719,0.0006576573,0.45586833
TCCTAATTCCTAGAGT-1,0.12331708,0.3572994,0.3991507,0.12023286,1.2471068
TCCTCCCCAATGGGTG-1,0.48189652,0.373501,0.09848369,0.046118822,1.0897917
TCCTCCCCATTCTGTT-1,0.17139877,0.300265,0.4910898,0.037246425,1.1353287
TCCTCCCGTCGTCTCT-1,0.30563456,0.37190223,0.29982904,0.022634111,1.1770477
TCCTCCCGTCTCTCAC-1,0.1186268,0.2323762,0.25615066,0.39284635,1.30794
TCCTCCCGTCTTGGTA-1,0.047748774,0.49526802,0.43989927,0.017084,0.9240202
TCCTCCCGTGGCTAGA-1,0.038795605,0.4587989,0.40179303,0.100612506,1.080951
TCCTCCCTCGAACCAT-1,0.25672135,0.42998332,0.20489056,0.10840471,1.2776617
TCCTCGAAGGCGCTTC-1,0.3067233,0.33263966,0.21050845,0.1501286,1.3413272
TCCTCGACAAATTGCC-1,0.30053818,0.26512104,0.28483352,0.14950725,1.3551011
TCCTCGACACTGATTG-1,0.34685335,0.2879497,0.2547,0.110496946,1.3174996
TCCTCGACATCCGCGA-1,0.27501842,0.04786405,0.40851545,0.2686021,1.219301
TCCTCGAGTTTCCATT-1,0.064059645,0.08767597,0.32923242,0.519032,1.0955951
TCCTCGATCTCCCATG-1,0.5621933,0.30680156,0.099065624,0.031939585,1.0253092
TCCTCTTAGAACAGGA-1,0.04476623,0.3681292,0.51103747,0.07606712,1.0459621
TCCTCTTAGGCCTAGA-1,0.070870124,0.27780384,0.5305999,0.12072612,1.1349179
TCCTCTTAGGGCCTCT-1,0.080286406,0.344059,0.5419662,0.033688437,1.0157921
TCCTCTTAGGTTACAA-1,0.050756343,0.20890284,0.25119656,0.4891442,1.1752274
TCCTCTTAGTCGGCAA-1,0.1759739,0.36221746,0.34176996,0.12003869,1.2949812
TCCTCTTCACGGTGTC-1,0.26702186,0.065724105,0.3388085,0.32844552,1.2638878
TCCTCTTCACGTAGAG-1,0.11535188,0.39487624,0.39018375,0.099588096,1.2129831
TCCTCTTCATTCATCT-1,0.120401904,0.4033812,0.39059207,0.08562479,1.1987394
TCCTCTTGTACCCGCA-1,0.81436116,0.14985791,0.03003003,0.0057508717,0.5866079
TCCTCTTGTGAGCAGT-1,0.41237685,0.30599153,0.22023809,0.061393537,1.2321913
TCCTCTTGTTAATCGC-1,0.0688692,0.4084542,0.3801542,0.1425224,1.1953297
TCCTCTTTCACCCTTG-1,0.0925962,0.39504164,0.47867954,0.033682603,1.0540986
TCCTCTTTCCATAAGC-1,0.1631544,0.50238645,0.20391387,0.13054529,1.2316736
TCCTCTTTCCTACACC-1,0.9667595,0.01566703,0.0006886235,0.01688489,0.17172372
TCCTCTTTCGACATTG-1,0.9467224,0.027891746,0.023042504,0.0023433892,0.25274056
TCCTGCACACAAAGTA-1,0.3929881,0.37908402,0.12062816,0.10729967,1.2293924
TCCTGCAGTACTGCCG-1,0.025678238,0.30284223,0.6560067,0.015472898,0.79685813
TCCTGCAGTGGATACG-1,0.255991,0.063287176,0.29404166,0.38668022,1.2508178
TCCTGCAGTTGGGATG-1,0.104807355,0.24943808,0.17081389,0.47494066,1.238246
TCCTGCATCCGGTAGC-1,0.29081914,0.37887248,0.20971653,0.12059191,1.3095641
TCCTGCATCTCCTGCA-1,0.31159496,0.44495305,0.19568035,0.04777163,1.1881496
TCCTGCATCTTCACAT-1,0.14335352,0.3231256,0.4570321,0.076488726,1.1979752
TCCTTCTAGGTAGGCT-1,0.14705138,0.3799204,0.21434297,0.2586853,1.3294839
TCCTTCTCACGGGCTT-1,0.31690657,0.10559226,0.28085908,0.29664204,1.3187137
TCCTTCTTCAAGCGTT-1,0.9855284,0.00048399033,0.0011255747,0.012861904,0.081696935
TCCTTCTTCAGCGCAC-1,0.13089909,0.39251915,0.4178242,0.05875748,1.1644044
TCCTTTCAGCAGGCTA-1,0.29957658,0.3439793,0.22157985,0.13486423,1.3323044
TCCTTTCTCGATTGAC-1,0.3219197,0.41872832,0.18458503,0.07476691,1.2351799
TCCTTTCTCTTCGTAT-1,0.3099278,0.12355376,0.24906288,0.31745556,1.3318789
TCGAACACAAATCCCA-1,0.13394259,0.43211693,0.2573799,0.1765605,1.2873311
TCGAACACATGGGATG-1,0.42963138,0.24125955,0.123392686,0.20571636,1.2894824
TCGAACAGTTACAGCT-1,0.18934837,0.31930718,0.17854638,0.3127981,1.3507807
TCGAAGTAGATGGTAT-1,0.28555465,0.24027078,0.22203542,0.2521392,1.3820515
TCGAAGTAGCAACTCT-1,0.15830676,0.036148664,0.0436551,0.76188946,0.7557139
TCGAAGTGTCTTGAGT-1,0.36501607,0.49271604,0.09628692,0.045980964,1.0835755
TCGAAGTGTTAGGAGC-1,0.36865637,0.16938746,0.28457627,0.17737985,1.3330514
TCGAAGTTCCATGATG-1,0.1143848,0.27442473,0.23247033,0.37872016,1.3097541
TCGACCTAGCTATCTG-1,0.25254667,0.40777588,0.29114157,0.048535913,1.2194306
TCGACCTAGGCACGAT-1,0.2943688,0.088026635,0.30947948,0.30812508,1.2996222
TCGACCTCAAGAATGT-1,0.41873062,0.37631834,0.13206874,0.07288228,1.1905363
TCGACCTTCCAAGGGA-1,0.20407166,0.3153796,0.23276858,0.2477802,1.3732845
TCGACCTTCCTCTAGC-1,0.1692472,0.18464994,0.34204075,0.3040621,1.3415209
TCGACCTTCTCTTGCG-1,0.9546826,0.010586385,0.00034630988,0.034384727,0.21106446
TCGACGGAGTGTCATC-1,0.048973966,0.34928995,0.4523821,0.14935403,1.1579592
TCGACGGCACTACTTT-1,0.123846225,0.3284534,0.2793971,0.2683033,1.3336214
TCGACGGGTAACAGTA-1,0.004696634,0.00044478907,0.013375766,0.9814828,0.10466296
TCGACGGGTAAGCGGT-1,0.015021691,0.05045793,0.03821727,0.89630306,0.4366467
TCGACGGGTACCCAGC-1,0.9855399,0.00060920377,0.013024748,0.0008261504,0.08126899
TCGATTTAGAAATTGC-1,0.14966124,0.38309807,0.20326182,0.26397884,1.3272715
TCGATTTAGGTGATAT-1,0.049536508,0.37090605,0.4910608,0.08849664,1.0805485
TCGATTTCAACGTATC-1,0.6554988,0.28144184,0.049442098,0.013617269,0.8408515
TCGATTTCACTATCCC-1,0.3071831,0.13814855,0.35255775,0.20211062,1.3267452
TCGATTTGTCACGACC-1,0.06149569,0.533688,0.21221411,0.19260225,1.1528308
TCGATTTGTGATTGGG-1,0.06387526,0.36760727,0.26393288,0.3045846,1.2572556
TCGATTTGTTATAGCC-1,0.21012972,0.3283604,0.12958595,0.33192393,1.3243446
TCGATTTTCAACTTTC-1,0.35020697,0.07161126,0.28916934,0.28901246,1.2737831
TCGCACTAGCCTGAAG-1,0.13553436,0.38743514,0.18782617,0.28920427,1.3111215
TCGCACTAGGAAAGAC-1,0.46280274,0.39501375,0.11248113,0.029702302,1.0736878
TCGCACTCAAGATGTA-1,0.32871884,0.44217953,0.14448152,0.08462007,1.2150437
TCGCACTGTCCTGGGT-1,0.12194744,0.3087365,0.46945915,0.099856846,1.2045102
TCGCACTGTGAGAGGG-1,0.16084354,0.49789602,0.23830861,0.102951854,1.2169678
TCGCACTGTGGTCTCG-1,0.5574319,0.14363214,0.16582116,0.13311484,1.1708765
TCGCACTGTTCATCTT-1,0.13727331,0.023067802,0.07092417,0.7687347,0.74940467
TCGCACTTCTATACTC-1,0.058192745,0.20625436,0.21325143,0.52230144,1.1598763
TCGCAGGAGAGATCGC-1,0.15255721,0.31715333,0.3544757,0.17581376,1.3243043
TCGCAGGAGCTGACCC-1,0.4711793,0.3380888,0.17282012,0.017911721,1.0966423
TCGCAGGCAACCACAT-1,0.046313208,0.23258406,0.25910255,0.46200022,1.1881921
TCGCAGGCACATTCGA-1,0.043674167,0.1810728,0.23933595,0.53591704,1.1226866
TCGCAGGCACCGTCGA-1,0.00029725637,0.0013447455,0.013925511,0.98443246,0.08626867
TCGCAGGCACTGTGAT-1,0.7449607,0.17289574,0.024403758,0.05773982,0.77805215
TCGCAGGCATTCTCCG-1,0.16019912,0.41989514,0.35639107,0.06351466,1.2005181
TCGCAGGTCATGTCTT-1,0.23285592,0.19568747,0.20137691,0.37007964,1.3491566
TCGCAGGTCCTGTACC-1,0.04360417,0.11259516,0.040678665,0.80312204,0.68883604
TCGCAGGTCTGGGCCA-1,0.70928293,0.14065781,0.13982418,0.010235038,0.84151113
TCGCTCAAGGGTTGCA-1,0.06924688,0.3419734,0.32064855,0.26813114,1.2694837
TCGCTCACACAAACGG-1,0.34292045,0.42171106,0.15112668,0.08424182,1.2251272
TCGCTCACACGCAGTC-1,0.21025266,0.22975923,0.28381974,0.2761684,1.3785951
TCGCTCACACTAAACC-1,0.25983676,0.19309655,0.088408254,0.4586584,1.2397032
TCGCTCACAGGTCCGT-1,0.10079788,0.36303076,0.30079857,0.2353728,1.3009822
TCGCTCACATTAGGAA-1,0.36791465,0.22202988,0.24144942,0.16860606,1.3452953
TCGCTCACATTCTTCA-1,0.009085492,0.021515287,0.012957992,0.95644116,0.2242206
TCGCTCAGTCGTTGGC-1,0.29242626,0.40905434,0.20816132,0.09035806,1.269123
TCGCTCATCAATCAGC-1,0.5457879,0.24523164,0.08148322,0.12749727,1.1420827
TCGCTCATCATGTCTT-1,0.6496529,0.23824182,0.050901845,0.06120342,0.9445102
TCGCTCATCCATTGCC-1,0.18787313,0.5163448,0.1701289,0.12565318,1.2173812
TCGCTCATCCTCACCA-1,0.35181257,0.15971953,0.31247222,0.17599572,1.3297393
TCGCTTGAGCCGCTTG-1,0.37522212,0.19837022,0.25223738,0.17417029,1.3405235
TCGCTTGAGGAGTCTG-1,0.24563569,0.33474857,0.32767048,0.0919453,1.2962203
TCGCTTGAGTCTAGAA-1,0.9233251,0.046213783,0.021155916,0.009305174,0.3408362
TCGCTTGGTAGAGATT-1,0.19863848,0.22675185,0.17156826,0.4030414,1.3262162
TCGCTTGTCTTAGCCC-1,0.48050368,0.06594755,0.0059847855,0.447564,0.92192143
TCGGATACAATCTAGC-1,0.14884984,0.5367393,0.2123264,0.10208447,1.1794935
TCGGATACACACGTGC-1,0.042684346,0.3215219,0.51510257,0.120691195,1.0963682
TCGGATACAGACAATA-1,0.09626621,0.3821619,0.24466914,0.27690282,1.2929549
TCGGATAGTAGGTGCA-1,0.2514056,0.27215135,0.38213345,0.09430959,1.2915775
TCGGGACAGGCAGGGA-1,0.122251354,0.67193586,0.16953665,0.03627617,0.94527704
TCGGGACAGTGGCGAT-1,0.46146777,0.3618105,0.13155429,0.0451674,1.1314389
TCGGGACGTCAACCAT-1,0.0036549985,0.0013349152,0.0063763,0.98863375,0.07288087
TCGGGACGTGAGATCG-1,0.47137767,0.10355222,0.09602863,0.32904145,1.1801031
TCGGGACGTGGACTAG-1,0.16812001,0.34222358,0.29355127,0.19610512,1.3460166
TCGGGACTCGCGTGCA-1,0.24038477,0.21976092,0.10191141,0.43794286,1.2699821
TCGGGCACAAACCACT-1,0.17981905,0.14059445,0.077775694,0.6018108,1.0886034
TCGGGCACATGACAAA-1,0.23487473,0.40742224,0.27116317,0.08653989,1.2717435
TCGGGCAGTCAGTCTA-1,0.17882256,0.29343322,0.2108379,0.3169063,1.359975
TCGGGCATCAGCACCG-1,0.27145502,0.3614124,0.26226848,0.104864135,1.309283
TCGGGCATCGACGATT-1,0.090999015,0.40169376,0.45413893,0.053168297,1.098974
TCGGGTGAGAAGTCAT-1,0.004918477,0.0061049717,0.041269068,0.9477075,0.23971945
TCGGGTGAGGGAGGGT-1,0.02748299,0.07192931,0.06455032,0.8360374,0.6147092
TCGGGTGGTAAGCTCT-1,0.9336734,0.019297209,0.01728371,0.02974575,0.31495363
TCGGGTGGTGACTCTA-1,0.23424754,0.06794604,0.32956994,0.3682365,1.2563821
TCGGGTGTCAGTGTTG-1,0.10390315,0.32944807,0.34906816,0.21758063,1.3003068
TCGGGTGTCGAACGCC-1,0.20128119,0.16809225,0.24462882,0.3859977,1.3342946
TCGGGTGTCTTGCGCT-1,0.0876169,0.0708318,0.69718224,0.14436907,0.9317403
TCGGTCTCACCATTCC-1,0.07189041,0.43030444,0.40448326,0.0933219,1.1395667
TCGGTCTCACTATCGA-1,0.10665496,0.12008349,0.055824358,0.7174372,0.8925585
TCGGTCTCAGGTATGG-1,0.0007236621,0.005849906,0.012577301,0.9808491,0.109312065
TCGGTCTCATCCTCAC-1,0.27720195,0.35455558,0.2018605,0.16638197,1.3447015
TCGGTCTTCCGTTGGG-1,0.07544543,0.40356952,0.32404557,0.1969395,1.2463351
TCGGTCTTCGAGTGGA-1,0.36656705,0.4175871,0.13362625,0.08221965,1.2069052
TCGGTCTTCTGAATCG-1,0.0007882761,0.0008620987,0.002216733,0.99613285,0.029123504
TCGTAGACACGTAGAG-1,0.3465026,0.41673234,0.1744393,0.062325772,1.2095963
TCGTCCAAGCGACAGT-1,0.6304516,0.09634597,0.18649068,0.08671172,1.0414827
TCGTCCAAGTCTAGCT-1,0.28088057,0.10042613,0.27977592,0.33891737,1.3105594
TCGTCCACACCCGTAG-1,0.9488608,0.0077916766,0.04088896,0.0024585053,0.23312385
TCGTCCAGTCTGCCTT-1,0.7806881,0.16372116,0.04573844,0.009852219,0.6761632
TCGTCCAGTTGATGTC-1,0.5260655,0.24400753,0.06964499,0.16028191,1.1610996
TCGTCCATCTTCGATT-1,0.6245873,0.23981959,0.03807864,0.09751439,0.9878362
TCGTGCTAGCAAGCCA-1,0.17203501,0.08838079,0.499543,0.24004121,1.2064513
TCGTGCTAGCAGATAT-1,0.12410768,0.39043766,0.44929254,0.036162123,1.1056848
TCGTGCTGTTCTATCT-1,0.8650883,0.0037851955,0.0002910661,0.13083553,0.4149456
TCGTGCTTCGACACCG-1,0.013022067,0.029131941,0.16308667,0.7947593,0.63786066
TCGTGCTTCTAGCAAC-1,0.44019756,0.31111786,0.0872846,0.16139999,1.2316753
TCGTGCTTCTTTGATC-1,0.04265018,0.00028720542,0.00036045778,0.9567021,0.1820962
TCGTGGGAGATTGCGG-1,0.37794003,0.2608954,0.17334387,0.18782069,1.3361592
TCGTGGGAGTACTGGG-1,0.02716733,0.3596673,0.576443,0.036722366,0.9046399
TCGTGGGCAACGATCT-1,0.6083722,0.018648399,0.32332143,0.04965788,0.8907672
TCGTGGGCAAGTGTCT-1,0.010659587,0.050649147,0.12242363,0.81626767,0.62232155
TCGTGGGCAAGTTGGG-1,0.72788227,0.13474582,0.07668774,0.060684223,0.8682435
TCGTGGGCATTGCTGA-1,0.200554,0.10250906,0.33739766,0.35953924,1.2900844
TCGTGGGGTCCGCAGT-1,0.2939045,0.48689586,0.14893174,0.07026786,1.1805055
TCTAACTAGGATCACG-1,0.5171713,0.20255153,0.13836974,0.14190741,1.2151963
TCTAACTAGTGAGTTA-1,0.079301365,0.3491104,0.4255934,0.14599489,1.2128747
TCTAACTAGTTCGGTT-1,0.07127778,0.39653268,0.28541496,0.24677452,1.2582114
TCTAACTCAAGGGCAT-1,0.59435534,0.172924,0.038705174,0.19401546,1.0567056
TCTAACTCAGTACTAC-1,0.68281215,0.23414177,0.06560673,0.017439328,0.84978086
TCTAACTGTATTTCGG-1,0.013419567,0.06587702,0.12592442,0.794779,0.6805139
TCTAACTGTCGATTTG-1,0.045998987,0.05626097,0.78418916,0.113550924,0.7412132
TCTAACTGTGCAACAG-1,0.10234348,0.32355458,0.18000382,0.39409813,1.2740119
TCTAACTGTGGCTCTG-1,0.7128774,0.19833411,0.06514233,0.023646135,0.82859546
TCTAACTTCATCGTAG-1,0.14686452,0.3863197,0.39603356,0.07078224,1.2034173
TCTAACTTCCTATTTG-1,0.28525406,0.36666277,0.16662274,0.1814604,1.3339865
TCTACATAGTGCTACT-1,0.040476616,0.17714569,0.25112545,0.53125226,1.119443
TCTACATAGTTCACTG-1,0.09576699,0.41593644,0.3530156,0.13528097,1.2277141
TCTACATCAACTCGAT-1,0.91972256,0.001389042,0.0073829144,0.07150552,0.31097388
TCTACATCACGGTAGA-1,0.045065254,0.41669685,0.4566515,0.081586406,1.0668635
TCTACATGTCCTGGGT-1,0.11349883,0.2824431,0.2524252,0.3516329,1.3190699
TCTACATGTCGTTCAA-1,0.07369259,0.07087035,0.23632556,0.6191115,1.017522
TCTACATGTCGTTGCG-1,0.15928942,0.31113294,0.23119114,0.29838648,1.3553185
TCTACATGTGGACTAG-1,0.16559672,0.4407532,0.26026362,0.13338648,1.2779101
TCTACATTCTAAGCCA-1,0.03805102,0.27498665,0.5896561,0.0973062,1.0175776
TCTACCGAGTATGCAA-1,0.15386769,0.41036552,0.37713185,0.058635004,1.1875815
TCTACCGGTACACGCC-1,0.0021194655,0.00072728546,0.0043966575,0.99275666,0.04938161
TCTACCGGTCGTACTA-1,0.26098213,0.11693923,0.26322106,0.35885757,1.3206466
TCTACCGGTTCGGCTG-1,0.011260085,0.0007876599,0.0071176547,0.98083466,0.11032591
TCTACCGTCTAGCCTC-1,0.29710332,0.44904178,0.16767505,0.086179815,1.2307837
TCTATACAGAGAATCT-1,0.34366134,0.23931785,0.25861043,0.15841042,1.3509146
TCTATACTCGAAGCCC-1,0.019306159,0.25342014,0.6685192,0.05875453,0.85981846
TCTATCAAGATTAGTG-1,0.031965446,0.04225653,0.03796451,0.8878135,0.47358966
TCTATCAAGCTCAGAG-1,0.057291504,0.27454498,0.6309937,0.03716976,0.9316383
TCTATCACACACCTAA-1,0.42924368,0.3175588,0.13743335,0.11576414,1.2496569
TCTATCACACAGTATC-1,0.09921454,0.39411914,0.3974529,0.10921344,1.2047666
TCTATCACACGTACTA-1,0.04254643,0.27037093,0.43621516,0.25086743,1.1967602
TCTATCACACTCACTC-1,0.0040088836,0.020875372,0.074309155,0.90080655,0.3901674
TCTATCACATGAGGGT-1,0.28343186,0.3396924,0.27992225,0.096953474,1.3067696
TCTATCATCATCCCGT-1,0.080638744,0.2749566,0.43691143,0.20749325,1.2461275
TCTATCATCCACACCT-1,0.29454216,0.39931947,0.2535766,0.052561775,1.2293658
TCTCACGAGACTTCCA-1,0.31008208,0.10098145,0.2661879,0.3227486,1.3119171
TCTCACGAGTAACAGT-1,0.11136058,0.4141064,0.22298436,0.25154868,1.2913133
TCTCACGCAGGAGGTT-1,0.28053322,0.42594954,0.1705611,0.12295608,1.2794675
TCTCACGCATACTGAC-1,0.29356486,0.4202996,0.16740705,0.11872857,1.2763318
TCTCACGGTATGCGGA-1,0.2501923,0.3570571,0.15807249,0.23467818,1.3461385
TCTCACGTCGCTACGG-1,0.041177414,0.32630214,0.49900296,0.13351747,1.1125054
TCTCAGCAGCCTGTGC-1,0.004302828,0.00051469164,0.00040322077,0.9947792,0.035699748
TCTCAGCCAGCAGGAT-1,0.035544593,0.3323791,0.42490876,0.20716758,1.1745199
TCTCAGCGTTAGGCTT-1,0.0021495663,0.005473699,0.004344393,0.98803234,0.07723397
TCTCAGCGTTCTAAGC-1,0.24609491,0.42028126,0.25255087,0.08107294,1.2605815
TCTCAGCTCATTCCTA-1,0.79305995,0.15811408,0.029380446,0.019445557,0.6557632
TCTCCGAAGGAACGAA-1,0.0896071,0.21022075,0.4692246,0.23094751,1.2375393
TCTCCGAAGTCCGCGT-1,0.2537206,0.11868058,0.29724514,0.3303537,1.3274436
TCTCCGACATCTGTTT-1,0.18046753,0.3556718,0.24909079,0.21476993,1.3532493
TCTCCGAGTTAACAGA-1,0.22417808,0.48015672,0.16196574,0.1336994,1.2513427
TCTCCGATCCCTCTTT-1,0.248628,0.42578235,0.29202744,0.033562195,1.182965
TCTCCGATCTATCCAT-1,0.10549289,0.08993854,0.5458074,0.2587612,1.1341805
TCTCCGATCTGTCTCG-1,0.19791768,0.1689758,0.33852574,0.29458076,1.3477597
TCTCTGGAGATGCCGA-1,0.021029634,0.20941985,0.45803642,0.31151408,1.1295828
TCTCTGGCAACAGTGG-1,0.010959173,0.036858074,0.10519267,0.84699005,0.5486682
TCTCTGGCAGGATGAC-1,0.00578718,0.008876697,0.008494707,0.9768414,0.13514635
TCTCTGGTCAACCTCC-1,0.33340868,0.16613741,0.25148445,0.24896944,1.3577342
TCTGCCAAGAGCACTG-1,0.19913283,0.33805358,0.22278129,0.24003226,1.3650358
TCTGCCAAGCCATTTG-1,0.17639492,0.4090065,0.31718597,0.09741267,1.2627809
TCTGCCACAGGGTCTC-1,0.28499407,0.34025273,0.22836173,0.14639144,1.3431015
TCTGCCATCCGCATAA-1,0.29301575,0.40694883,0.22477122,0.07526421,1.2557594
TCTGCCATCCTAGCGG-1,0.62513363,0.14626832,0.2086508,0.019947307,0.97991705
TCTGGCTGTACGATTC-1,0.17429042,0.22432922,0.2290151,0.37236527,1.3451955
TCTGGCTTCCGTCACT-1,0.16321443,0.27231818,0.1357189,0.4287485,1.2842386
TCTGGCTTCTATTTCG-1,0.075340606,0.2000707,0.18779702,0.5367917,1.1647744
TCTGGCTTCTTCACAT-1,0.2245985,0.5705792,0.14943247,0.055389877,1.099899
TCTGGCTTCTTTGCGC-1,0.3569265,0.2323104,0.25056168,0.16020139,1.3469844
TCTGTCGAGAAGGGAT-1,0.8981323,0.013642856,0.048542246,0.039682586,0.42998853
TCTGTCGAGGTGCTGA-1,0.96447366,0.01900811,0.0035341727,0.012984037,0.18656918
TCTGTCGCAAGTGCAG-1,0.4370475,0.14944898,0.23377633,0.1797272,1.2940595
TCTGTCGCATCGGAGA-1,0.20979246,0.15887077,0.39286187,0.23847489,1.3287898
TCTGTCGGTCGTACTA-1,0.4151323,0.36058566,0.12819466,0.09608737,1.2211962
TCTGTCGGTGATGTAA-1,0.1418042,0.30571428,0.5284419,0.024039598,1.0659636
TCTGTCGGTGCGGATA-1,0.64863914,0.21614161,0.06543005,0.0697892,0.97608346
TCTGTCGGTTAGCTAC-1,0.04714921,0.06503995,0.060048,0.82776284,0.647115
TCTGTCGGTTGCTCGG-1,0.020197272,0.26140824,0.5183134,0.20008105,1.0920978
TCTGTCGTCGGCTGTG-1,0.19608328,0.24040414,0.52299076,0.04052178,1.1310498
TCTTAGTCACGACAAG-1,0.19565803,0.44201908,0.315113,0.047209844,1.1880982
TCTTAGTGTGCGGCTT-1,0.42168912,0.2990263,0.0819441,0.19734043,1.2503648
TCTTAGTTCAATCTTC-1,0.0527436,0.30237854,0.498783,0.14609493,1.1448147
TCTTAGTTCTTGTGCC-1,0.73434997,0.058657877,0.0035880383,0.20340416,0.73723525
TCTTCCTAGATCCCAT-1,0.009374363,0.018685449,0.027458537,0.9444816,0.27080792
TCTTCCTAGATGTTAG-1,0.16501842,0.4028437,0.16863272,0.26350513,1.3151854
TCTTCCTAGCACGATG-1,0.073706985,0.572028,0.25467202,0.09959306,1.0897814
TCTTCCTAGTATGAAC-1,0.24317548,0.13699678,0.2635157,0.356312,1.3352966
TCTTCCTCAAATCCCA-1,0.0774234,0.33539224,0.4369318,0.1502526,1.2110503
TCTTCCTGTCCAGCAC-1,0.7028277,0.23727736,0.01872037,0.041174598,0.79499376
TCTTCCTGTCGAGATG-1,0.87505263,0.03706139,0.0012341808,0.08665193,0.45912224
TCTTCCTTCCGAGAAG-1,0.22587827,0.36990082,0.19753458,0.20668632,1.3501481
TCTTCCTTCCTACTGC-1,0.04500717,0.3035917,0.63672686,0.014674308,0.8508449
TCTTCCTTCTCAATCT-1,0.11059474,0.32709202,0.47852066,0.083792545,1.1694992
TCTTGCGCAGTCAGAG-1,0.29276088,0.3290708,0.26160076,0.11656758,1.3267102
TCTTGCGGTTATCCAG-1,0.24746287,0.33233312,0.21115467,0.20904937,1.3672657
TCTTGCGTCCAGTGTA-1,0.03296505,0.15821657,0.7444462,0.06437218,0.8004797
TCTTTGACACGGTGAA-1,0.32175106,0.28390527,0.23404497,0.16029872,1.3556789
TCTTTGAGTTCCTAGA-1,0.1733441,0.5226405,0.1941217,0.10989364,1.2037923
TCTTTGATCCAGTTCC-1,0.46820918,0.23354374,0.11478698,0.1834601,1.2545393
TCTTTGATCTTGAACG-1,0.030527467,0.36391002,0.45140976,0.15415278,1.121651
TGAACGTCATCGATGT-1,0.056404557,0.15801087,0.22831067,0.5572739,1.1167822
TGAACGTTCCGCTTAC-1,0.0059843916,0.17110087,0.8058903,0.017024428,0.57597023
TGAATCGAGCATGCAG-1,0.3896391,0.39976206,0.14744431,0.063154526,1.1904813
TGAATCGCACCAGCCA-1,0.0032340824,0.012422858,0.023657287,0.96068573,0.20016441
TGAATCGCAGGCCCTA-1,0.26755458,0.19963081,0.4451974,0.087617174,1.2480135
TGAATCGGTAAGCGGT-1,0.3016529,0.28204682,0.1454529,0.27084738,1.352706
TGAATCGTCGAGAATA-1,0.021663208,0.0014039847,0.011007535,0.9659253,0.17536081
TGAATGCAGCATCAAA-1,0.24347188,0.28312993,0.41432005,0.059078205,1.2334234
TGAATGCAGTGGTGGT-1,0.7774779,0.15458006,0.03531672,0.0326253,0.7140423
TGAATGCCAACGATTC-1,0.041835908,0.2585757,0.53343886,0.16614953,1.1159632
TGAATGCTCTTACGTT-1,0.363778,0.23355101,0.18453626,0.2181347,1.3515131
TGACAGTAGCGCCTCA-1,0.53139,0.0602896,0.39115784,0.017162545,0.9422295
TGACAGTAGTTGCCCG-1,0.06257011,0.36737153,0.4898234,0.08023495,1.0932987
TGACAGTCAAACACCT-1,0.3888232,0.36734614,0.18904181,0.054788865,1.2091982
TGACAGTCAAATACGA-1,0.06951459,0.46895328,0.20144543,0.26008666,1.2134894
TGACAGTCAAGAGGTC-1,0.42085475,0.40002477,0.12563206,0.053488433,1.1479908
TGACAGTCACCCGTAG-1,0.18475437,0.38484755,0.23095803,0.19944003,1.3395128
TGACAGTTCAGCGCGT-1,0.23691037,0.16586044,0.23198779,0.36524138,1.3459752
TGACAGTTCCATGAGT-1,0.38307208,0.36228558,0.19511692,0.05952542,1.2222004
TGACAGTTCCTAGCTC-1,0.51673806,0.26006305,0.16374575,0.059453133,1.15552
TGACAGTTCGGTCTGG-1,0.29638103,0.35367373,0.13206875,0.21787648,1.3274035
TGACAGTTCTCGTGGG-1,0.27239642,0.0628376,0.47426742,0.1904985,1.1977985
TGACAGTTCTGAGTCA-1,0.04498248,0.041299716,0.13952306,0.7741947,0.74406576
TGACCCTAGAGGTATT-1,0.21272442,0.25261387,0.34283775,0.19182402,1.360558
TGACCCTAGCGGCTCT-1,0.85116196,0.044556193,0.042804796,0.06147699,0.58212906
TGACCCTAGTATGAAC-1,0.15202205,0.3653562,0.36362633,0.11899539,1.275396
TGACCCTAGTTAGTAG-1,0.7309868,0.16498487,0.044463284,0.059565064,0.8327811
TGACCCTCAAATGAAC-1,0.67011434,0.20064136,0.042512894,0.08673138,0.93683535
TGACCCTCAAGTGCAG-1,0.23050624,0.3801747,0.17857207,0.21074705,1.3417299
TGACCCTCACCATATG-1,0.09953779,0.3322787,0.3880639,0.18011965,1.2718385
TGACCCTGTCGCTGCA-1,0.02607651,0.40795127,0.5073893,0.05858288,0.97133565
TGACCCTTCCTTCACG-1,0.7994152,0.090762876,0.022116486,0.08770546,0.69450545
TGACGCGCAGACCAGA-1,0.34397846,0.33829674,0.1311664,0.18655847,1.3134128
TGACGCGCAGCAGTCC-1,0.17193769,0.457489,0.26196784,0.10860551,1.2524976
TGACGCGGTACGACAG-1,0.37441266,0.08330269,0.22436886,0.31791586,1.2744845
TGACGCGGTAGAATGT-1,0.15250692,0.1528396,0.07442212,0.62023133,1.0634952
TGACGCGGTATAGGGC-1,0.23457253,0.2257786,0.5276211,0.012027805,1.0666498
TGACGCGGTCCTCCAT-1,0.48734674,0.30888468,0.17997977,0.02378883,1.1107534
TGACGCGGTCTGCCTT-1,0.3824421,0.28556043,0.21489835,0.11709911,1.3070605
TGACTCCAGCTACTGT-1,0.7626614,0.13271613,0.050323464,0.054299045,0.78327996
TGACTCCAGCTGGTGA-1,0.20745559,0.14776623,0.2952574,0.3495208,1.3364418
TGACTCCCAAGGTACG-1,0.51795006,0.35351893,0.0924696,0.036061402,1.0483165
TGACTCCCAGAGAATT-1,0.11459988,0.269895,0.49034622,0.1251589,1.2112899
TGACTCCGTTCGTAAC-1,0.14700925,0.2487537,0.44593665,0.15830037,1.2798617
TGACTCCTCACCACAA-1,0.054092348,0.078207426,0.03554241,0.83215785,0.6285949
TGACTCCTCATCGCAA-1,0.12747869,0.35272408,0.36426505,0.15553227,1.2874362
TGACTCCTCCCGAGGT-1,0.031799864,0.036158584,0.015670944,0.91637063,0.37485427
TGACTCCTCCCTCTCC-1,0.34403545,0.3618324,0.18904053,0.1050917,1.2865849
TGACTCCTCCTTCTAA-1,0.6734871,0.024011668,0.0130155245,0.28948563,0.7711341
TGAGACTAGCCAAGCA-1,0.8070584,0.11031776,0.017429963,0.065193795,0.6647721
TGAGACTAGGATGAGA-1,0.27201056,0.3595848,0.3188622,0.04954241,1.2352493
TGAGACTAGTGGATTA-1,0.3548272,0.32051033,0.19290137,0.13176109,1.3168175
TGAGACTGTACTCGCG-1,0.2180192,0.057486113,0.005313034,0.71918166,0.76117283
TGAGACTGTATTCCTT-1,0.013185804,0.36885864,0.5420994,0.07585611,0.95251167
TGAGACTGTCCTGAAT-1,0.33276165,0.3394613,0.21438786,0.11338916,1.3098905
TGAGACTTCAAGCCGC-1,0.28407604,0.27243492,0.3391157,0.10437334,1.3143611
TGAGACTTCTTCTGGC-1,0.2510906,0.15392071,0.09801783,0.4969709,1.2101777
TGAGCATAGTAGTGCG-1,0.3021321,0.28395268,0.21077137,0.20314392,1.3710468
TGAGCATCAAAGTATG-1,0.00037016906,0.0024922788,0.0012502933,0.9958872,0.030326705
TGAGCATCAATTTCGG-1,0.70873374,0.2046312,0.07082575,0.015809301,0.8217335
TGAGCATCACACCGAC-1,0.09116266,0.21671602,0.11416548,0.57795584,1.1143597
TGAGCATCACCGTCTT-1,0.2918808,0.3919027,0.25394398,0.062272463,1.2474858
TGAGCATCATTGAAAG-1,0.18144837,0.39366248,0.20477279,0.22011636,1.3345972
TGAGCATGTGCATCTA-1,0.015208841,0.016621403,0.054032166,0.91413754,0.37150264
TGAGCATTCCCATTCG-1,0.26994565,0.3989056,0.25463235,0.07651642,1.2650963
TGAGCATTCGAAGCCC-1,0.22397974,0.10454844,0.31645474,0.3550171,1.3029566
TGAGCATTCTGTACAG-1,0.07889919,0.41897857,0.35316974,0.14895244,1.2160614
TGAGCGCAGACAGCTG-1,0.3876641,0.110795714,0.3002993,0.201241,1.2950075
TGAGCGCAGGGCCTCT-1,0.13945813,0.5042017,0.1642336,0.19210652,1.2335994
TGAGGAGAGGTCTGGA-1,0.004549039,0.010946385,0.0038378362,0.98066676,0.11444682
TGAGGAGCAATGAACA-1,0.6942423,0.23530844,0.043331247,0.027118128,0.82765245
TGAGGAGCACTGTTCC-1,0.031938616,0.47792926,0.463533,0.026599059,0.91571796
TGAGGAGCAGTTTGGT-1,0.5876559,0.32070124,0.060168643,0.031474244,0.95508856
TGAGGAGGTACCGTGC-1,0.43478194,0.33945706,0.12918277,0.09657824,1.2190049
TGAGGAGGTTCGTTCC-1,0.09191085,0.31023094,0.1831321,0.41472617,1.2583827
TGAGGGAGTCATCCCT-1,0.48375925,0.31628707,0.11902308,0.080930494,1.1721759
TGAGGGAGTGCCGTTG-1,0.5012381,0.28910178,0.10759604,0.10206406,1.1777581
TGAGGGATCGCCGTGA-1,0.13637076,0.010065346,0.707877,0.1456869,0.843186
TGAGGGATCTGCATGA-1,0.23765779,0.45408377,0.15441324,0.15384519,1.2764149
TGAGGTTAGAAACACT-1,0.025781803,0.038890842,0.01731743,0.91801,0.36936378
TGAGGTTAGCATAGGC-1,0.2595522,0.33266756,0.20328848,0.20449172,1.3646609
TGAGGTTAGCGATTCT-1,0.14860836,0.38171437,0.35969758,0.10997969,1.2614989
TGAGGTTAGGTATCTC-1,0.069483235,0.30594736,0.47730148,0.14726795,1.1827427
TGAGGTTCAAATTGCC-1,0.34742734,0.25267896,0.31610924,0.083784394,1.2866911
TGAGGTTCACCTATCC-1,0.6517077,0.17078155,0.15332419,0.024186581,0.9584039
TGAGGTTGTGCCCAGT-1,0.58976537,0.33972815,0.06467394,0.005832455,0.88529474
TGAGGTTTCATCTCTA-1,0.24911855,0.23931065,0.37207946,0.13949138,1.331063
TGAGGTTTCCATTGGA-1,0.29177827,0.37638727,0.23826522,0.09356928,1.2906141
TGAGGTTTCTAGTCAG-1,0.31127557,0.47882146,0.16825408,0.04164898,1.148156
TGAGTCAAGCCAAGGT-1,0.023523357,0.011476947,0.030534655,0.9344651,0.30935046
TGAGTCAAGGTTGTTC-1,0.5145947,0.107596464,0.009563426,0.36824545,0.9941036
TGAGTCACAAACACGG-1,0.42966166,0.084967405,0.2978597,0.18751119,1.2470716
TGAGTCACAGGGAATC-1,0.021006728,0.2333279,0.50546396,0.24020141,1.1081729
TGAGTCAGTCTTGCTC-1,0.1149974,0.37832975,0.37620544,0.13046741,1.2499541
TGAGTCATCAGTCACA-1,0.324848,0.23376727,0.29270178,0.14868303,1.348017
TGAGTCATCGGAATGG-1,0.10789081,0.04443897,0.71026444,0.13740584,0.89432
TGAGTCATCTACTTCA-1,0.29327196,0.10443979,0.29287508,0.30941316,1.318307
TGATCAGAGCAATTCC-1,0.07121951,0.35081178,0.4705382,0.1074305,1.1500348
TGATCAGAGGCCTGCT-1,0.30869618,0.034960315,0.3224517,0.3338918,1.2112918
TGATCAGAGGTCATAA-1,0.06609367,0.16064899,0.63238955,0.14086786,1.0391915
TGATCAGCAACTTGCA-1,0.05704311,0.17909354,0.6826861,0.08117724,0.93582296
TGATCAGCACGACCTG-1,0.22254087,0.27392253,0.11603778,0.3874988,1.3063968
TGATCAGCACTGGACC-1,0.86863905,0.019383434,0.10665141,0.0053261435,0.4653529
TGATCAGGTTCAGTAC-1,0.4167121,0.35877788,0.16973796,0.05477205,1.1926587
TGATCTTAGAGTCGAC-1,0.04027998,0.34324867,0.5142995,0.10217179,1.0714583
TGATCTTCACCAATTG-1,0.12142168,0.23066153,0.13181685,0.51609993,1.2028339
TGATCTTGTACGATTC-1,0.26517096,0.39600888,0.21059602,0.12822413,1.3102517
TGATGCAAGCAACAGC-1,0.22207475,0.5655646,0.17210048,0.040260177,1.0886705
TGATGCAAGGATTTAG-1,0.37076828,0.32784635,0.19824949,0.10313586,1.2885933
TGATGCAAGGTAGTAT-1,0.357163,0.2666295,0.19359502,0.18261242,1.3485707
TGATGCAAGGTATCTC-1,0.43185478,0.38856083,0.12139882,0.05818558,1.1513996
TGATGCAAGTTTCAGC-1,0.02670108,0.09165859,0.09509121,0.78654915,0.7283669
TGATGCACAACAAGAT-1,0.30519244,0.100536205,0.27348143,0.32078993,1.3124645
TGATGCACATTGTGCA-1,0.08718124,0.3675246,0.32051024,0.22478397,1.2807868
TGATGCATCGGACGTC-1,0.4759943,0.33602685,0.110779814,0.07719909,1.1612872
TGATGGTAGAGATGCC-1,0.7764783,0.02073531,0.0014078263,0.20137861,0.60877335
TGATGGTAGTAGGTTA-1,0.9265276,0.00020296074,8.019093e-05,0.07318914,0.26455474
TGATGGTAGTCACTAC-1,0.00566185,0.1604835,0.72562385,0.10823075,0.79628384
TGATGGTAGTGACACG-1,0.046480935,0.36520696,0.45827103,0.13004106,1.1333642
TGATGGTCAAACGGCA-1,0.2970941,0.4576745,0.16359088,0.081640534,1.2190094
TGATGGTCAACTGAAA-1,0.68294346,0.26424524,0.04439691,0.008414395,0.7905943
TGATGGTGTCTAGTGT-1,0.3086963,0.27166852,0.21053013,0.2091051,1.3721367
TGATGGTGTCTGATAC-1,0.07873968,0.3879707,0.40589494,0.12739474,1.195938
TGATGGTTCAGCGGAA-1,0.02246485,0.04126232,0.0148156015,0.9214573,0.35458696
TGATGGTTCTGTACAG-1,0.2753079,0.13649604,0.30388004,0.284316,1.3464701
TGATTCTAGCTGGCCT-1,0.7369334,0.15243849,0.0822533,0.02837481,0.81823355
TGATTCTCAATAACCC-1,0.019548554,0.024953665,0.02928196,0.9262158,0.34339893
TGATTCTCAATGGGTG-1,0.0935823,0.39301643,0.41694757,0.09645376,1.1790471
TGATTCTCACCACTGG-1,0.21190542,0.46013,0.18838245,0.13958211,1.2752845
TGATTCTCACGGTAGA-1,0.14068776,0.4255223,0.3951594,0.038630515,1.1320857
TGATTCTCAGGCCCTA-1,0.09532551,0.35287237,0.3754095,0.17639264,1.2654794
TGATTCTGTCTAGGCC-1,0.01920713,0.24953122,0.45077726,0.2804844,1.138041
TGATTCTTCCAACACA-1,0.10638752,0.50278836,0.33345008,0.057374034,1.1142892
TGATTCTTCCATTTCA-1,0.049127333,0.1820212,0.21713147,0.55172,1.117865
TGATTCTTCCTCCACA-1,0.25291458,0.3561323,0.19167498,0.19927819,1.353457
TGATTCTTCTTACTGT-1,0.31352028,0.35814983,0.19324437,0.13508552,1.3194747
TGATTTCAGGTAGACC-1,0.1410925,0.37166238,0.43553886,0.05170625,1.1593375
TGATTTCCAACAAGTA-1,0.41530707,0.4006932,0.12477798,0.05922168,1.158482
TGATTTCCATCCCACT-1,0.4794286,0.30348325,0.08539986,0.1316882,1.1914318
TGATTTCGTCGGCTAC-1,0.17819254,0.4055964,0.24631642,0.16989462,1.3196461
TGATTTCGTTGGAGAC-1,0.34075746,0.30652466,0.22407989,0.12863797,1.3282793
TGATTTCTCAAGAAAC-1,0.16321672,0.12029268,0.30094016,0.4155505,1.2769165
TGCACGGAGGGCCTCT-1,0.028620956,0.39573312,0.27924752,0.2963984,1.185218
TGCACGGCACCCAAGC-1,0.16190113,0.04774613,0.5363893,0.25396347,1.1222092
TGCACGGCAGTACTAC-1,0.4784757,0.3550648,0.095375724,0.071083695,1.1324263
TGCACGGGTATGCTAC-1,0.8050154,0.15270673,0.02674435,0.015533496,0.62312096
TGCACGGGTATTAAGG-1,0.11731242,0.3752872,0.45316535,0.054235015,1.1359396
TGCACGGGTCAGACTT-1,0.64970094,0.17198218,0.14712436,0.031192554,0.97305334
TGCACGGGTTTGCAGT-1,0.49426103,0.31203896,0.1343084,0.059391633,1.1490487
TGCACGGTCCGATCTC-1,0.117145754,0.45790955,0.2803317,0.14461297,1.2450235
TGCACGGTCCTTATAC-1,0.8031173,0.148067,0.04383088,0.004984804,0.6224121
TGCACGGTCTTGCGCT-1,0.20670904,0.37449408,0.21669398,0.20210291,1.3482269
TGCAGATAGCAGTACG-1,0.1382192,0.38580576,0.39920768,0.07676737,1.2046154
TGCAGATAGCGTTGTT-1,0.049011484,0.32264462,0.59569246,0.03265151,0.9330968
TGCAGATGTCTTGAGT-1,0.66619927,0.23253205,0.08980183,0.011466866,0.8774619
TGCAGATGTGCATTTG-1,0.41532683,0.42950323,0.14704111,0.008128828,1.0489305
TGCAGATGTTCCGGTG-1,0.65067774,0.13936628,0.046470627,0.16348544,0.9929575
TGCAGGCAGAACTTCC-1,0.84889543,0.06949112,0.07246659,0.009146839,0.55750376
TGCAGGCAGTCTGCGC-1,0.23300125,0.43825692,0.18406098,0.1446809,1.2921774
TGCAGGCCAATCGCCG-1,0.0021440452,0.011129208,0.06254933,0.92417747,0.30948317
TGCAGGCCACGAAGAC-1,0.53857267,0.07787654,0.0027787837,0.38077202,0.91608787
TGCAGGCCATCGCTGG-1,0.27264372,0.08905777,0.32669562,0.31160286,1.2985283
TGCAGGCTCGGAAACG-1,0.10045155,0.36408308,0.44816783,0.087297484,1.1712686
TGCAGTAAGATGAATC-1,0.07531222,0.2781036,0.20168936,0.44489485,1.2339102
TGCAGTACATCCTGTC-1,0.29196742,0.28439474,0.16924766,0.25439012,1.365922
TGCAGTAGTGCCCACA-1,0.06696948,0.37219465,0.49806848,0.06276736,1.0698302
TGCAGTATCACGGGCT-1,0.32703975,0.37998605,0.22456361,0.06841059,1.2521062
TGCAGTATCGCCACTT-1,0.08350333,0.07413966,0.32329848,0.51905847,1.1056534
TGCATCCAGCGTGCTC-1,0.14789887,0.13908106,0.057187516,0.6558325,0.9973335
TGCATCCAGGATGTTA-1,0.37600842,0.3626626,0.17242926,0.088899694,1.2538824
TGCATCCCAGCGTGCT-1,0.36579007,0.45655197,0.13619441,0.04146365,1.1293375
TGCATCCGTAACGTTC-1,0.011417046,0.008524181,0.017694348,0.9623644,0.19998717
TGCATCCGTCACCCTT-1,0.0016226268,0.004711524,0.032093607,0.96157223,0.18371926
TGCATCCGTCGATGCC-1,0.39819577,0.37133694,0.13833867,0.09212869,1.2278546
TGCATCCGTTGCTCGG-1,0.10937791,0.25626478,0.22870581,0.40565148,1.2943807
TGCATGAAGAAGTATC-1,0.11641824,0.12504351,0.1078622,0.6506761,1.0301645
TGCATGAAGCGTCAAG-1,0.19401298,0.34596217,0.33828843,0.121736415,1.308382
TGCATGAAGGTCATAA-1,0.20234819,0.14519207,0.12903385,0.5234259,1.2065468
TGCATGAGTCAGGTGA-1,0.18555431,0.36433712,0.12822126,0.3218873,1.3086543
TGCATGAGTGATTCAC-1,0.42683566,0.34822324,0.10954975,0.11539136,1.2221687
TGCATGAGTGGGTTGA-1,0.122713916,0.38012597,0.26449004,0.23267008,1.3161424
TGCATGATCGTTCTCG-1,0.44666186,0.39546105,0.124795884,0.0330812,1.0993357
TGCCGAGAGAGCTGAC-1,0.05918765,0.0759723,0.03771313,0.8271269,0.64373636
TGCCGAGCAACGACTT-1,0.020041147,0.10484576,0.6516122,0.22350083,0.9287846
TGCCGAGCAGCAGTTT-1,0.078603394,0.28595188,0.35229537,0.28314936,1.2827245
TGCCGAGCAGGTATGG-1,0.24398795,0.38348225,0.24437241,0.12815747,1.3193662
TGCCGAGCAGTCGAGA-1,0.13984755,0.33656117,0.2119825,0.31160885,1.3337914
TGCCGAGGTACGTAGG-1,0.09633699,0.43246454,0.20905882,0.2621397,1.266114
TGCCGAGGTCAACCAT-1,0.71809393,0.12571055,0.016043264,0.14015225,0.8401966
TGCCGAGGTTGCTGAT-1,0.21917476,0.114776045,0.26890603,0.39714316,1.3010709
TGCCGAGGTTGTAAAG-1,0.12552081,0.24913184,0.42995793,0.19538945,1.2886659
TGCCGAGTCCGTGGCA-1,0.8616787,0.09497463,0.03215321,0.0111934515,0.5126688
TGCCGAGTCTGGACCG-1,0.18207453,0.45016468,0.33045658,0.037304223,1.1580184
TGCGACGAGAACCGCA-1,0.29230002,0.0987702,0.26806268,0.34086707,1.3079468
TGCGACGAGATTAGTG-1,0.101154156,0.1397307,0.32560235,0.43351275,1.2344468
TGCGACGCACAAGCCC-1,0.1681892,0.09861644,0.29975617,0.43343818,1.2517707
TGCGACGCAGGATCTT-1,0.050003216,0.13184294,0.7419765,0.07617739,0.8344928
TGCGACGCATACATCG-1,0.19172406,0.41424784,0.301583,0.09244516,1.2633785
TGCGACGTCAGCAATC-1,0.15729098,0.35306278,0.284854,0.20479219,1.3409762
TGCGATAAGCAGCAGT-1,0.018080112,0.32311538,0.5906412,0.06816328,0.931669
TGCGATACAAAGCACG-1,0.1227684,0.25207272,0.4199621,0.20519678,1.29421
TGCGATATCCGGACTG-1,0.34632343,0.27058676,0.22334163,0.1597482,1.3487402
TGCGATATCCTCATAT-1,0.20100142,0.125827,0.25370046,0.41947114,1.2957113
TGCGGCACAACACGAG-1,0.1994293,0.48846188,0.24204724,0.07006161,1.201143
TGCGGCACACGCGTCA-1,0.5542066,0.2362717,0.12329481,0.08622686,1.1373893
TGCGGCACAGGGTTGA-1,0.11775649,0.32247573,0.4108074,0.1489604,1.2659504
TGCGGCACATACTGTG-1,0.45144334,0.33213595,0.17068484,0.045735847,1.1679685
TGCGGCAGTCTTCTAT-1,0.3334899,0.2580084,0.23552382,0.17297788,1.3598193
TGCGGCAGTTCTTGTT-1,0.81676114,0.14406152,0.027318636,0.011858726,0.59538275
TGCGGCAGTTGGACTT-1,0.54196656,0.2757503,0.085400365,0.09688277,1.1234885
TGCGGCATCCCTCTCC-1,0.15795365,0.26511532,0.3953418,0.1815892,1.3201325
TGCGGCATCGAACACT-1,0.08818036,0.26552978,0.18749274,0.45879707,1.2375708
TGCGGCATCTCGTTTA-1,0.13831313,0.03195374,0.71196,0.117773056,0.8774402
TGCGGCATCTGCTTAT-1,0.37562189,0.37692532,0.10946386,0.13798891,1.2510177
TGCGGGTCAACTAGAA-1,0.003040579,0.0004995359,0.011535855,0.9849241,0.08785778
TGCGGGTCAATCGAAA-1,0.27779776,0.12017118,0.23997444,0.36205658,1.320774
TGCGGGTTCAAAGGAT-1,0.74916756,0.09772827,0.029723644,0.12338052,0.8063017
TGCGGGTTCGACCATA-1,0.51294535,0.12273196,0.024273846,0.3400488,1.0569544
TGCTCCAAGGTGGGTT-1,0.31754124,0.26302937,0.14554177,0.27388766,1.3507359
TGCTCCACAAGTTCCA-1,0.22193675,0.28814754,0.19913195,0.2907838,1.373158
TGCTCCACACAGTCAT-1,0.2441535,0.42462474,0.17959635,0.15162537,1.3023505
TGCTCCACAGCAATTC-1,0.92735875,0.040086452,0.030512616,0.0020422323,0.31800961
TGCTCCACAGTTCACA-1,0.29184142,0.17716525,0.36416325,0.1668301,1.3326473
TGCTCCAGTGCGTTTA-1,0.05815124,0.02135171,0.0061105476,0.91438645,0.36054462
TGCTCCAGTTCGGTTA-1,0.5441553,0.27906838,0.13280043,0.043975875,1.0928017
TGCTCCATCGCAATTG-1,0.049133062,0.40149167,0.29673275,0.25264242,1.2225256
TGCTCCATCTGCTAGA-1,0.07925869,0.36529505,0.49387243,0.061573844,1.0888485
TGCTCGTAGTAGGATT-1,0.46875018,0.28511676,0.15579654,0.09033652,1.2197915
TGCTCGTCAACCTATG-1,0.04564669,0.05367573,0.7883605,0.11231709,0.73093915
TGCTCGTCACATAGCT-1,0.04319997,0.06477563,0.86499375,0.027030604,0.5360646
TGCTCGTCATAGCTGT-1,0.9818817,0.0018173518,0.0161542,0.00014677072,0.097362205
TGCTCGTGTACTCAAC-1,0.85460496,0.04900154,0.08850921,0.007884399,0.5348429
TGCTCGTGTATCGAAA-1,0.16540046,0.33819267,0.35599104,0.14041582,1.3076094
TGCTCGTTCATGTCTT-1,0.2582087,0.22670747,0.2089775,0.3061063,1.3756025
TGCTGAAAGTCCTACA-1,0.10541115,0.39018783,0.104467526,0.3999335,1.2068808
TGCTGAAAGTCTTGGT-1,0.06295423,0.3986999,0.47646904,0.06187689,1.066124
TGCTGAACATGACTCA-1,0.086587906,0.08505672,0.67280877,0.15554665,0.97753525
TGCTGAAGTAATACCC-1,0.42750114,0.38640368,0.11013313,0.07596206,1.1694652
TGCTGAATCATCGGGC-1,0.27868196,0.1165866,0.28399137,0.32074004,1.3288391
TGCTGAATCCTGCCAT-1,0.012435757,0.35215506,0.5528652,0.08254403,0.95564675
TGCTGAATCGGTAGAG-1,0.2146585,0.2687892,0.1629146,0.3536377,1.3466527
TGCTTCGAGAAGCTCG-1,0.6204256,0.3024064,0.06326041,0.013907609,0.8919225
TGCTTCGAGGTAGTCG-1,0.280561,0.28239423,0.2373252,0.19971953,1.3767236
TGCTTCGGTACAGAGC-1,0.00047412657,0.0019416575,0.002243201,0.99534106,0.034084365
TGCTTCGGTGTTCGTA-1,0.25838792,0.37277514,0.23604344,0.13279353,1.3264117
TGCTTCGTCACCGGTG-1,0.4907264,0.26536712,0.10368257,0.14022392,1.21184
TGCTTCGTCCAGTGTA-1,0.7992112,0.10140521,0.043063212,0.056320366,0.7086606
TGCTTGCAGTTAGTGA-1,0.13426417,0.21141922,0.18687472,0.46744192,1.2670505
TGCTTGCCAATTGCCA-1,0.3114948,0.038984515,0.39294666,0.25657398,1.2058793
TGCTTGCCATGCTGCG-1,0.29606864,0.45464033,0.13326171,0.11602935,1.2372317
TGCTTGCGTGCTCGTG-1,0.1887662,0.15305275,0.27645946,0.3817216,1.3250592
TGCTTGCGTGGCTGCT-1,0.0047478336,0.01943666,0.032515854,0.94329965,0.26845503
TGCTTGCGTTCCACGG-1,0.032001987,0.33717847,0.5192174,0.11160218,1.0617455
TGCTTGCTCGGCACTG-1,0.598714,0.1757989,0.029801272,0.19568583,1.0366439
TGGAACTAGATGGGCT-1,0.53679395,0.2957693,0.0956902,0.07174658,1.1078355
TGGAACTGTGTAACGG-1,0.048550777,0.05144508,0.47832313,0.42168102,1.0163956
TGGAACTTCCCTATTA-1,0.16932628,0.31810167,0.38983798,0.12273399,1.2897601
TGGAGAGAGCGCCTTG-1,0.2808685,0.42307046,0.18597265,0.11008839,1.2763401
TGGAGAGAGGAAGTCC-1,0.71795154,0.08244722,0.005350863,0.19425043,0.78993845
TGGAGAGCAATCGCGC-1,0.97895503,0.0041041626,0.0031911638,0.013749663,0.120659456
TGGAGAGGTAGTCACT-1,0.40716866,0.42177522,0.1278737,0.043182466,1.1286563
TGGAGAGGTTGCTCAA-1,0.2397587,0.3300527,0.15574965,0.27443898,1.3527433
TGGAGGACACACACGC-1,0.09897121,0.22028004,0.47084248,0.2099063,1.244502
TGGAGGACAGCTCCTT-1,0.31892553,0.35043135,0.21571022,0.11493292,1.3114334
TGGAGGACAGTGGCTC-1,0.2574623,0.39540827,0.17218424,0.1749452,1.3241038
TGGAGGAGTATGAAGT-1,0.018213186,0.02689281,0.012368114,0.9425259,0.28031498
TGGAGGAGTCTCGACG-1,0.23455901,0.3100392,0.2300211,0.22538067,1.3770399
TGGAGGAGTGAGACCA-1,0.5247804,0.2699284,0.121388525,0.08390269,1.1557615
TGGAGGAGTTCCGCGA-1,0.5371169,0.31461594,0.088754825,0.059512347,1.0805337
TGGAGGAGTTCCTTGC-1,0.106280975,0.1944944,0.26546884,0.4337558,1.2710874
TGGAGGATCGCTAAAC-1,0.8519707,0.120511346,0.021755356,0.0057625724,0.504483
TGGAGGATCTATCGCC-1,0.070721865,0.31013888,0.43726906,0.18187022,1.2221354
TGGATCAAGAGTCCGA-1,0.06375721,0.27694264,0.29999858,0.35930163,1.260052
TGGATCAAGATCGCCC-1,0.54193544,0.28725356,0.120619945,0.050191082,1.0956036
TGGATCAAGCGTATGG-1,0.9558897,0.020290555,0.009779562,0.014040072,0.2273544
TGGATCAAGGGTTGCA-1,0.0877428,0.5008833,0.26721874,0.14415517,1.1916647
TGGATCAAGGTCATTC-1,0.30336356,0.36640885,0.15797438,0.17225322,1.3242065
TGGATCAAGTAATCCC-1,0.053570677,0.32743034,0.5082716,0.110727355,1.110001
TGGATCACACTAACGT-1,0.10637827,0.50041914,0.23846677,0.15473579,1.2154031
TGGATCACAGACCCGT-1,0.63565415,0.03474826,0.0013626256,0.32823497,0.77940965
TGGATCATCAGCAATC-1,0.10494703,0.2048786,0.5769889,0.113185436,1.125289
TGGATCATCCTTCTTC-1,0.21240993,0.38196573,0.15856104,0.24706337,1.3341169
TGGATGTAGCCTCACG-1,0.23382369,0.10354502,0.3199451,0.34268618,1.3062116
TGGATGTAGCGAGGAG-1,0.3607352,0.35025924,0.21794601,0.07105951,1.2552009
TGGATGTAGCGGATCA-1,0.13174611,0.37835255,0.41075775,0.079143584,1.2009846
TGGATGTAGGTTGGTG-1,0.08766148,0.119433284,0.71881026,0.07409496,0.89733356
TGGATGTCAAGGTACG-1,0.3357587,0.3605943,0.20117854,0.10246847,1.2902873
TGGATGTCAGGGACTA-1,0.5237004,0.22415268,0.13445777,0.1176891,1.1955628
TGGATGTGTAGGGAGG-1,0.08412144,0.08891844,0.17171589,0.65524423,1.0029793
TGGATGTGTCTACAAC-1,0.014277216,0.2769367,0.5932456,0.11554046,0.97535574
TGGATGTTCAGCTGAT-1,0.029191714,0.27464762,0.5369798,0.15918088,1.0844978
TGGCGTGAGACTCTTG-1,0.124752685,0.017356204,0.7147414,0.14314976,0.8483201
TGGCGTGAGCCATTGT-1,0.02834522,0.39049536,0.33228934,0.24887007,1.1804346
TGGCGTGAGCGATTCT-1,0.050596397,0.08341181,0.0785897,0.7874021,0.74626136
TGGCGTGCATCATCTT-1,0.39596736,0.288391,0.16502477,0.15061687,1.3078684
TGGCGTGTCTCATGCC-1,0.04206397,0.2542036,0.3369867,0.36674577,1.2158668
TGGGAAGAGCGTACAG-1,0.12017868,0.4180339,0.42798653,0.033800982,1.0969472
TGGGAAGCACACAGCC-1,0.35254544,0.076717004,0.5554645,0.01527306,0.9549888
TGGGAAGGTCTTCATT-1,0.30466035,0.13828875,0.26322708,0.29382378,1.3469057
TGGGAAGTCAGAATAG-1,0.10289877,0.33148986,0.5372897,0.028321723,1.0347261
TGGGAGAAGAAACTCA-1,0.7580054,0.10428393,0.034042932,0.1036678,0.7958042
TGGGAGAAGTGCCCGT-1,0.70983124,0.22333759,0.039382555,0.027448637,0.804148
TGGGAGAGTCACTAGT-1,0.17167106,0.19252901,0.16528395,0.4705159,1.2719676
TGGGAGATCAAAGGTA-1,0.13375115,0.36209422,0.3477503,0.1564043,1.2944078
TGGGAGATCCGTAGGC-1,0.17955865,0.2938886,0.5014694,0.0250834,1.106797
TGGGATTAGGCGAAGG-1,0.088169515,0.55134547,0.19442984,0.16605517,1.1589427
TGGGATTCAAATAAGC-1,0.13301519,0.1260063,0.36602563,0.3749529,1.2650294
TGGGATTCACCATATG-1,0.2508396,0.08815729,0.32071903,0.3402841,1.2925341
TGGGATTGTAGACAGC-1,0.30953762,0.36542934,0.14079271,0.18424034,1.318523
TGGGATTGTTGGGACA-1,0.16394284,0.28094465,0.2381311,0.3169814,1.3590205
TGGGATTTCCTGTAGA-1,0.05273557,0.004347331,0.08691484,0.8560023,0.52422523
TGGGATTTCGCGCTGA-1,0.2993349,0.37789637,0.28006628,0.042702325,1.2199101
TGGGCGTAGGATGGCT-1,0.0015466033,0.00718549,0.008376809,0.9828911,0.102496535
TGGGCGTCAATCAAGA-1,0.102597564,0.36893338,0.29539818,0.23307091,1.3011516
TGGGCGTCACTGCATA-1,0.017431796,0.029087307,0.009292456,0.9441884,0.27118388
TGGGCGTCAGGCTACC-1,0.1893017,0.2050242,0.42928085,0.1763932,1.3090311
TGGGCGTGTGCCTATA-1,0.6358946,0.09564772,0.21799308,0.050464574,0.9951557
TGGGCGTTCGGTAGGA-1,0.09867867,0.55709076,0.25817084,0.086059675,1.1151195
TGGGCGTTCTTCGTGC-1,0.3081096,0.38446328,0.20583163,0.10159557,1.2879301
TGGGCTGAGCGATGAC-1,0.20450874,0.27474988,0.39640188,0.12433952,1.3055495
TGGGCTGCAATAACCC-1,0.36823472,0.32005432,0.20090103,0.11080991,1.2987156
TGGGCTGGTGCGGCTT-1,0.10271199,0.1981237,0.25909668,0.44006765,1.2656333
TGGGCTGGTTCCAAAC-1,0.014538848,0.24721456,0.60982454,0.12842211,0.97218204
TGGGCTGTCACGAGGA-1,0.0857165,0.16093415,0.080205016,0.67314434,0.973367
TGGGTTAAGCTCGGCT-1,0.24011903,0.27969173,0.236733,0.24345627,1.3839543
TGGGTTACAGTGGCTC-1,0.2795088,0.4001104,0.27112496,0.04925589,1.2249645
TGGGTTATCGCTGACG-1,0.2990788,0.3551105,0.19103472,0.15477598,1.3336549
TGGTACAAGCCTCCAG-1,0.13388148,0.34470156,0.25113624,0.27028078,1.336959
TGGTACACATCATTGG-1,0.085889526,0.42669028,0.27440566,0.21301462,1.2584949
TGGTACAGTAACTAAG-1,0.25434208,0.47567648,0.19229338,0.077688076,1.2171869
TGGTACAGTTCAAGTC-1,0.062006995,0.18680237,0.12566872,0.6255219,1.0399358
TGGTAGTAGCAACAGC-1,0.17885467,0.43395865,0.36278546,0.024401167,1.1285613
TGGTAGTGTATCGTTG-1,0.071491376,0.42210168,0.4130523,0.093354695,1.139263
TGGTAGTTCCCGTTGT-1,0.0777685,0.3984749,0.47588998,0.047866534,1.0641268
TGGTAGTTCTCATTTG-1,0.26609436,0.14245293,0.28641886,0.30503386,1.3501738
TGGTAGTTCTGGTGGC-1,0.11762151,0.38374525,0.36597106,0.13266222,1.2551309
TGGTGATAGCGTGTTT-1,0.06313128,0.5077027,0.28778037,0.14138569,1.1535884
TGGTGATCAAGCAATA-1,0.45466098,0.33301586,0.15644598,0.05587724,1.1759355
TGGTGATCAGCCCACA-1,0.054962005,0.43081042,0.40293434,0.11129327,1.1328448
TGGTGATGTAACGCGA-1,0.9354704,0.0037261187,0.059229046,0.0015745121,0.26080248
TGGTGATGTACCAATC-1,0.29373685,0.4027993,0.19400421,0.10945967,1.28641
TGGTGATTCACAATGC-1,0.1921574,0.57471424,0.18630731,0.046821106,1.0916784
TGGTGATTCATCGCTC-1,0.3113583,0.08434408,0.28757536,0.3167222,1.2944083
TGGTTAGGTCAGCGTC-1,0.003208418,0.059514303,0.20868427,0.728593,0.7440405
TGGTTAGGTCCAAATC-1,0.20333381,0.4398985,0.29645023,0.060317397,1.2149674
TGGTTAGGTCCTACGG-1,0.06525515,0.07025046,0.22345574,0.64103866,0.98457956
TGGTTAGTCACCGCTT-1,0.01631059,0.19079722,0.7021162,0.090776004,0.8493097
TGGTTAGTCGACGAGA-1,0.09074145,0.38907558,0.30754322,0.21263967,1.276872
TGTAACGAGCCTCACG-1,0.25743848,0.30929446,0.22149952,0.21176751,1.3748763
TGTAACGCATCATTTC-1,0.2786003,0.40656912,0.1649799,0.14985068,1.303674
TGTAACGTCCGGTAAT-1,0.08107118,0.05635946,0.13733232,0.7252371,0.87141573
TGTAACGTCCTGTACC-1,0.08845995,0.16038565,0.33825672,0.41289762,1.2399516
TGTAACGTCGTGGCTG-1,0.17953369,0.17763092,0.46360996,0.17922539,1.2797751
TGTAAGCAGAGAGGTA-1,0.1834838,0.23941118,0.20118546,0.37591958,1.3437749
TGTAAGCAGATAACGT-1,0.09345108,0.36073163,0.29367262,0.25214463,1.2965453
TGTAAGCAGCGTATAA-1,0.56716424,0.31696463,0.07052703,0.0453441,1.0131154
TGTAAGCAGCTAAGTA-1,0.26980472,0.3361274,0.37211046,0.021957416,1.1716303
TGTAAGCAGGATTCCT-1,0.086096644,0.40389097,0.37611887,0.1338935,1.2143141
TGTACAGAGCAATTCC-1,0.001954556,0.00033834498,0.00329756,0.9944095,0.039314523
TGTACAGAGTTTGCTG-1,0.37495846,0.18010956,0.38077855,0.064153425,1.2204057
TGTACAGCAACCGCCA-1,0.14588778,0.39318505,0.2500744,0.21085271,1.322665
TGTACAGCAATTGAGA-1,0.206581,0.41482562,0.19822684,0.18036658,1.3205194
TGTACAGCATGACAGG-1,0.064489014,0.16486202,0.5894415,0.1812075,1.0950588
TGTACAGCATGGGTCC-1,0.20768364,0.40483302,0.32996678,0.05751662,1.2226114
TGTACAGCATTGTCGA-1,0.38293412,0.12564264,0.24625751,0.24516574,1.3179566
TGTACAGGTCGAACGA-1,0.17927879,0.019319238,0.47674468,0.32465726,1.102788
TGTACAGGTTGGAGAC-1,0.18910168,0.18245748,0.20103414,0.42740667,1.3111659
TGTAGACAGAATTGTG-1,0.14105901,0.34273553,0.3537059,0.16249955,1.3061523
TGTAGACAGTTGGGAC-1,0.2248443,0.32010385,0.19995987,0.25509202,1.3705313
TGTAGACCACTTCATT-1,0.07126543,0.3536569,0.5155938,0.059483882,1.0652518
TGTAGACCAGATCCTA-1,0.2165951,0.31020355,0.43135992,0.04184148,1.1899246
TGTAGACCAGTCGGTC-1,0.15718676,0.333276,0.28888875,0.22064851,1.349202
TGTAGACGTAAGTTAG-1,0.20483887,0.27134123,0.4099697,0.11385014,1.2916504
TGTAGACGTCAATGGG-1,0.44338518,0.34934175,0.10792437,0.09934867,1.1976994
TGTAGACTCCGATCTC-1,0.11765223,0.06035206,0.6424196,0.17957619,1.0138602
TGTAGACTCGATGCTA-1,0.2636002,0.100813635,0.3030902,0.3324959,1.3107057
TGTAGACTCTAGGCAT-1,0.05199122,0.24381644,0.5866949,0.11749751,1.0622864
TGTAGACTCTCGCTTG-1,0.21105874,0.5261832,0.18220064,0.080557406,1.1793224
TGTCAGAAGGATGTTA-1,0.11881211,0.33933878,0.21275446,0.32909462,1.3148589
TGTCAGAAGTCTCCTC-1,0.2185546,0.4598707,0.24764605,0.07392868,1.2278042
TGTCAGACACTCTAGA-1,0.16331322,0.1317332,0.28888673,0.41606683,1.2865272
TGTCAGAGTTAACAGA-1,0.20146176,0.33873862,0.28209046,0.17770916,1.3534715
TGTCCACAGGTTAAAC-1,0.22264273,0.086616404,0.49444678,0.19629416,1.2141789
TGTCCACAGTGGAAGA-1,0.038662236,0.31877884,0.5306734,0.11188554,1.0715102
TGTCCACTCCCTCGTA-1,0.18525113,0.19217327,0.2879778,0.33459777,1.3541257
TGTCCCAAGTTGGACG-1,0.08985096,0.06288221,0.68013984,0.16712698,0.9516232
TGTCCCACAGCTTCGG-1,0.03580618,0.2425861,0.64815027,0.07345744,0.9356803
TGTCCCATCGATACGT-1,0.3279654,0.38103375,0.24389318,0.04710769,1.2213466
TGTCCTGAGACTGGGT-1,0.21888632,0.07314177,0.29404375,0.41392812,1.2488525
TGTCCTGAGCACTCAT-1,0.23877378,0.3508192,0.22583713,0.18456985,1.3573637
TGTCCTGCAAGTGTCT-1,0.2763972,0.48368734,0.22297893,0.01693645,1.1104252
TGTCCTGTCCCGAATA-1,0.105888955,0.4208035,0.2041439,0.26916364,1.2796326
TGTCCTGTCGATTTCT-1,0.4513808,0.24317306,0.21303344,0.092412755,1.2523854
TGTGAGTCAGAGATTA-1,0.066836156,0.55430156,0.29350865,0.08535364,1.0777379
TGTGAGTCAGGACTAG-1,0.21959533,0.21192583,0.45272923,0.115749665,1.2700708
TGTGATGAGTGGATTA-1,0.25806096,0.40320382,0.21704397,0.12169124,1.303677
TGTGATGCACCGTGCA-1,0.61114496,0.2761342,0.064044066,0.04867677,0.979422
TGTGATGCAGAGTAAT-1,0.119821526,0.2643314,0.46695468,0.14889237,1.245105
TGTGATGGTCAACACT-1,0.29050273,0.10389235,0.30012265,0.30548227,1.3178337
TGTGATGGTGATATAG-1,0.45417124,0.37492174,0.08911577,0.08179121,1.1465182
TGTGATGGTGGCTTAT-1,0.34272173,0.13530895,0.236853,0.28511629,1.3365667
TGTGATGTCGTCAGAT-1,0.3133767,0.057238124,0.3300979,0.2992872,1.254273
TGTGCGGAGCACTCAT-1,0.3307972,0.48700485,0.11768702,0.06451086,1.1449724
TGTGCGGCAACCTATG-1,0.14741065,0.5392804,0.16902442,0.14428452,1.1950458
TGTGCGGGTAACATAG-1,0.3383343,0.32946974,0.284191,0.048004944,1.2357686
TGTGCGGGTGACGCCT-1,0.13647856,0.5065389,0.27826178,0.07872073,1.1723802
TGTGCGGGTTGACTAC-1,0.06452478,0.30624667,0.1966571,0.4325714,1.2215654
TGTGCGGTCTGCCCTA-1,0.010102639,0.033440158,0.031134963,0.9253223,0.3398884
TGTGGCGGTAACACCT-1,0.2016446,0.30511013,0.27657005,0.21667518,1.3719205
TGTGGCGGTAGTCTGT-1,0.06043257,0.52709275,0.33968246,0.07279221,1.0646229
TGTGGCGTCATCTCTA-1,0.12330781,0.61856073,0.22080709,0.03732433,1.011472
TGTGGCGTCTATACGG-1,0.8502466,0.012648133,0.13213354,0.0049717072,0.48701048
TGTGTGACAAGATCCT-1,0.24470927,0.24353737,0.31294844,0.19880494,1.3731794
TGTGTGATCACACGAT-1,0.076716304,0.33333048,0.53291774,0.057035495,1.0619502
TGTGTGATCCTACACC-1,0.06880883,0.3693474,0.5087775,0.05306631,1.0516557
TGTGTGATCGAACACT-1,0.2163536,0.4416572,0.25951862,0.08247064,1.2479963
TGTGTGATCGAAGAAT-1,0.34894347,0.4129379,0.09949659,0.13862212,1.236129
TGTGTGATCTTCTTCC-1,0.32847053,0.14313161,0.2746935,0.2537044,1.346844
TGTTACTAGCAAATCA-1,0.0971955,0.3870413,0.45955446,0.056208707,1.1130643
TGTTACTAGTCCTACA-1,0.12814723,0.2848644,0.4473962,0.13959214,1.2557111
TGTTACTCACACTGGC-1,0.43734735,0.13995554,0.25594085,0.16675626,1.2844071
TGTTACTGTGCGAGTA-1,0.68877995,0.19396658,0.103152916,0.014100536,0.8693251
TGTTACTGTGTTACAC-1,0.06477051,0.34119308,0.43373552,0.16030096,1.1999295
TGTTACTTCTAGAACC-1,0.10748034,0.35723346,0.3115171,0.22376911,1.3057897
TGTTACTTCTCGGCTT-1,0.12105579,0.19574429,0.151973,0.53122693,1.1972194
TGTTACTTCTTGCAGA-1,0.329057,0.29441112,0.19742985,0.17910199,1.3540785
TGTTCATAGCATTGAA-1,0.32977906,0.07685976,0.21878204,0.3745792,1.2633365
TGTTCATAGTATGACA-1,0.18948324,0.33679998,0.3341373,0.13957949,1.3228562
TGTTCATCAGCTACAT-1,0.13488373,0.2764592,0.3206606,0.2679965,1.3432628
TGTTCATCATCGCTCT-1,0.2596582,0.39322466,0.17620866,0.17090853,1.3249911
TGTTCCGAGGTAATCA-1,0.7399866,0.2184161,0.032591656,0.009005709,0.7091152
TGTTCCGCAATCGCAT-1,0.14727913,0.30675724,0.4347829,0.111180745,1.2509506
TGTTCCGCATTACTCT-1,0.053144906,0.39367113,0.30232862,0.2508554,1.2315222
TGTTCCGTCTGGACCG-1,0.012280102,0.017567432,0.009899844,0.9602527,0.20966904
TGTTCTACACGTTGGC-1,0.265504,0.47861737,0.16913934,0.08673926,1.217393
TGTTCTAGTCTTCATT-1,0.04727273,0.35313126,0.48460603,0.114989944,1.1116185
TGTTCTATCGTCAAAC-1,0.89653766,0.031876832,0.0012200268,0.07036548,0.40269762
TGTTGAGAGACATAAC-1,0.39748016,0.23019324,0.2143854,0.15794124,1.3264703
TGTTGAGAGCCGTTGC-1,0.23659158,0.4540246,0.27372956,0.035654213,1.1730425
TGTTGAGGTCAGTCTA-1,0.17231499,0.5335854,0.13044801,0.1636516,1.2000743
TGTTGAGTCAACCTCC-1,0.13610654,0.12132836,0.296603,0.44596207,1.2479556
TGTTGAGTCAGTGCGC-1,0.054299325,0.47074097,0.3627168,0.112242945,1.1261941
TGTTGAGTCGACGATT-1,0.1557731,0.42687944,0.26937407,0.14797339,1.2890818
TGTTGGAAGTCAGCCC-1,0.27422416,0.21397583,0.34958592,0.16221413,1.3471795
TGTTGGACAGTGTATC-1,0.07340467,0.1072116,0.072867855,0.74651587,0.8401983
TGTTGGATCAGTGCGC-1,0.17092189,0.5339348,0.20678677,0.08835656,1.1772721
TGTTGGATCATCCTGC-1,0.054412305,0.32213038,0.38238165,0.24107563,1.2338743
TGTTGGATCATCGTAG-1,0.30000806,0.35518727,0.16744988,0.1773548,1.3348497
TGTTGGATCCACTTTA-1,0.13666268,0.32912087,0.19273749,0.341479,1.3219901
TGTTTGTAGATTGAGT-1,0.040237334,0.0031861458,0.5355407,0.4210358,0.84624326
TGTTTGTAGGGAGGCA-1,0.76134074,0.0969606,0.024261625,0.11743704,0.7756092
TGTTTGTCAACCGGAA-1,0.29353082,0.31956518,0.21321343,0.17369053,1.3579152
TGTTTGTCATACAGCT-1,0.68948907,0.17436792,0.094490685,0.041652266,0.916219
TGTTTGTTCCATTTCA-1,0.2708125,0.5408583,0.15466423,0.033664912,1.0890288
TTAATCCCAATGCAAA-1,0.6964124,0.24358848,0.047011945,0.012987124,0.7961307
TTAATCCGTCTCGGGT-1,0.31831035,0.15735134,0.27165505,0.25268328,1.3569874
TTAATCCGTCTTACAG-1,0.019359162,0.017605955,0.054551218,0.9084836,0.39334682
TTAATCCTCACCACAA-1,0.25499785,0.28664368,0.13788155,0.32047695,1.3444984
TTACAGGCAATCGCCG-1,0.5549845,0.23563437,0.15886693,0.050514158,1.1104623
TTACAGGGTACAGAAT-1,0.24423507,0.3054866,0.44012228,0.010156077,1.1143634
TTACAGGTCCGCTAGG-1,0.18526484,0.11329229,0.24712263,0.45432028,1.2629597
TTACAGGTCTTAGGAC-1,0.80228126,0.07434681,0.11099854,0.012373471,0.66831577
TTACCATCACAACCGC-1,0.10302893,0.4382118,0.24111883,0.21764039,1.270572
TTACCATCACACGGTC-1,0.14697011,0.37132436,0.34872067,0.13298489,1.2853537
TTACCATGTATTCCTT-1,0.0010136547,4.2586882e-05,0.01413682,0.9848069,0.0827023
TTACCATTCGCTCTAC-1,0.005630177,0.0255649,0.037980568,0.9308244,0.31384486
TTACCATTCGTGAGAG-1,0.071573585,0.18692614,0.1147382,0.62676203,1.0434604
TTACCGCAGGTAGACC-1,0.2861554,0.4667187,0.0890777,0.15804823,1.2206843
TTACCGCGTCTTACTT-1,0.08281354,0.35270855,0.36206764,0.2024103,1.2650397
TTACCGCGTGAGATCG-1,0.01270095,0.021811629,0.79061705,0.17487031,0.62956166
TTACCGCGTTCTCCTG-1,0.2014779,0.48737332,0.15893467,0.15221407,1.2519307
TTACCGCTCTATCCAT-1,0.19740963,0.40166166,0.15663345,0.24429531,1.3213446
TTACCGCTCTGCTGAA-1,0.8809653,0.0052818283,0.07336933,0.040383544,0.4606093
TTACCGCTCTTACCAT-1,0.26303235,0.40466425,0.16386396,0.16843942,1.3137773
TTACGCCAGTGCGCTC-1,0.2385177,0.3103837,0.23599756,0.21510102,1.3763016
TTACGCCCAGTGTGGA-1,0.060405195,0.3258078,0.3131262,0.30066082,1.2598264
TTACGCCGTGGTCTTA-1,0.07968397,0.13507532,0.1983812,0.5868595,1.1056587
TTACGTTAGATTTGCC-1,0.036522754,0.3602098,0.5153305,0.08793696,1.044106
TTACGTTAGGCCTGCT-1,0.082001224,0.07929135,0.32697216,0.51173526,1.1144124
TTACGTTCACACAGCC-1,0.11168589,0.40981582,0.43948793,0.03901035,1.0982674
TTACGTTCACTTGAGT-1,0.680152,0.23198202,0.050724566,0.037141405,0.87463987
TTACGTTCATAGGTAA-1,0.014641614,0.0047884565,0.0033296887,0.97724026,0.1289165
TTACGTTGTCCAGAAG-1,0.8892879,0.0772464,0.026821202,0.0066445493,0.4325227
TTACGTTGTCCTCCAT-1,0.09952764,0.0063254763,0.024841491,0.8693054,0.47521994
TTACGTTGTGCATCTA-1,0.5038529,0.20055382,0.10829957,0.18729372,1.2220664
TTACGTTTCACCATGA-1,0.20286492,0.5401332,0.16571888,0.091283016,1.1726885
TTACGTTTCTAAACGC-1,0.8907314,0.0053478214,0.086275436,0.017645366,0.4136758
TTACGTTTCTAGCCTC-1,0.19903675,0.416747,0.30404726,0.08016902,1.2503731
TTACTGTAGCCTATTG-1,0.16965115,0.46853378,0.21492834,0.14688674,1.2683647
TTACTGTAGGAACTCG-1,0.15112954,0.4539285,0.19779791,0.19714402,1.2847568
TTACTGTTCATACAGC-1,0.13540463,0.39803243,0.24278687,0.2237761,1.3161155
TTACTGTTCTCTTGCG-1,0.2792934,0.11514823,0.2926832,0.31287512,1.3282887
TTAGGCAAGAAATTCG-1,0.24063785,0.55920756,0.17226781,0.027886778,1.0706022
TTAGGCAAGTTGCGCC-1,0.23096222,0.32785887,0.20738944,0.2337895,1.3701248
TTAGGCACATCTGGGC-1,0.35869834,0.11239987,0.2984554,0.23044637,1.312543
TTAGGCAGTCATCAGT-1,0.65736514,0.26839408,0.049177423,0.025063328,0.86932373
TTAGGCAGTCGGAAAC-1,0.1877254,0.13592325,0.565672,0.11067932,1.1511844
TTAGGGTAGGAAGTCC-1,0.10474224,0.52691734,0.30767906,0.06066136,1.1065881
TTAGGGTCACCCAATA-1,0.08463835,0.3458451,0.393074,0.17644253,1.2493304
TTAGGGTCACCGCTGA-1,0.18032597,0.3933894,0.23470704,0.19157761,1.3326744
TTAGGGTCATGGGATG-1,0.071108,0.36124724,0.5140097,0.053635065,1.0547897
TTAGGGTGTAAGTTGA-1,0.8141061,0.14550349,0.036240034,0.0041503967,0.59089154
TTAGGGTGTCCACGCA-1,0.078507,0.18801892,0.17781852,0.55565554,1.1475841
TTAGTCTAGAATCGAT-1,0.33746928,0.3534274,0.1980403,0.11106294,1.2989402
TTAGTCTAGACGGATC-1,0.093515545,0.26658553,0.31662712,0.3232718,1.3032284
TTAGTCTCAGCGATTT-1,0.35804233,0.35499936,0.14640373,0.14055462,1.2924868
TTAGTCTCAGCTACTA-1,0.9968406,0.0009336116,0.0005408041,0.0016849148,0.024495693
TTAGTCTGTCTCGCGA-1,0.008906262,0.05650291,0.19052711,0.74406374,0.7402585
TTAGTCTTCACAACCA-1,0.53348863,0.05197061,0.24016006,0.1743807,1.136016
TTATTGCAGAGGGTGG-1,0.009188718,0.03244746,0.038661662,0.9197022,0.35707408
TTATTGCCAGGTGTTT-1,0.30289117,0.02435395,0.06213522,0.6106197,0.92609024
TTATTGCGTCACCGCA-1,0.21939011,0.09752837,0.28828883,0.39479265,1.2852916
TTATTGCGTTGCATTG-1,0.14880757,0.39638275,0.29117164,0.16363803,1.305757
TTATTGCTCCCTTGGT-1,0.395869,0.26259428,0.08022513,0.2613116,1.27106
TTCAATCAGAGTGTTA-1,0.32887957,0.30384725,0.23625457,0.13101858,1.3348501
TTCAATCCACTACACA-1,0.24241222,0.31416222,0.2627091,0.18071641,1.3676172
TTCAATCCATCCCACT-1,0.2103274,0.18521515,0.39570564,0.2087519,1.3341212
TTCAATCGTACGCTTA-1,0.26266602,0.24748233,0.44298536,0.046866328,1.2008584
TTCAATCGTAGTGATA-1,0.40030745,0.33859783,0.15591593,0.10517887,1.259805
TTCAATCGTGATAGTA-1,0.00031994443,0.00033658586,0.0025654316,0.9967781,0.023787417
TTCAATCTCAAACCTG-1,0.060478337,0.40493584,0.4594891,0.075096704,1.0874839
TTCACCGAGTAGCCAG-1,0.47756568,0.34409598,0.15740618,0.020932216,1.0920062
TTCACCGCAAACGTGG-1,0.88599783,0.014671213,0.0018668814,0.09746394,0.4078349
TTCACCGCACTTCAGA-1,0.18987189,0.122878194,0.3967124,0.2905375,1.2989649
TTCACCGGTACAGGTG-1,0.14555094,0.19675788,0.25638548,0.40130568,1.3157597
TTCACCGTCTGGTGGC-1,0.032766756,0.19607307,0.48336616,0.28779402,1.1413119
TTCACGCAGGTGGTTG-1,0.15532735,0.36854708,0.26871145,0.20741412,1.3365211
TTCACGCAGTCCGCCA-1,0.23893033,0.37772566,0.24082391,0.14252007,1.3303239
TTCACGCCAAGGCTTT-1,0.008890795,0.030373378,0.011431967,0.94930387,0.24862424
TTCACGCCACGTCGGT-1,0.028883623,0.009041075,0.17555733,0.78651804,0.6392315
TTCACGCCAGGAACCA-1,0.07070375,0.04775418,0.01191511,0.869627,0.506828
TTCACGCGTACGATCT-1,0.23866619,0.2964447,0.12798488,0.3369043,1.3320341
TTCACGCGTCTGTGCG-1,0.29330415,0.40298277,0.16166416,0.14204895,1.2978166
TTCACGCTCCCTCAAC-1,0.987812,0.00032120076,0.00011178729,0.011755026,0.0679473
TTCACGCTCGCTTTAT-1,0.28936216,0.10933277,0.30485654,0.2964485,1.3234135
TTCAGGAAGGCTCAAG-1,0.074802846,0.35868564,0.249749,0.3167625,1.2723475
TTCAGGAAGTTCATGC-1,0.010500412,0.0007294519,0.02014729,0.96862286,0.16266093
TTCAGGACAGAGTAAT-1,0.23654427,0.08513724,0.30643344,0.37188503,1.281035
TTCAGGACAGCACAGA-1,0.24630798,0.33179533,0.34219357,0.079703085,1.2797347
TTCAGGAGTGGTCTTA-1,0.25769463,0.21722515,0.28580347,0.23927674,1.3812454
TTCAGGATCCATAGAC-1,0.6992454,0.104680635,0.12626375,0.06981019,0.93352604
TTCAGGATCCGCACGA-1,0.19793877,0.4834838,0.17889775,0.13967967,1.254805
TTCATGTAGCGAGTAC-1,0.5766418,0.2809068,0.074123144,0.06832824,1.050362
TTCATGTGTCGCTTGG-1,0.34485015,0.23026785,0.32166648,0.103215486,1.3045372
TTCATGTGTGGCCACT-1,0.26652116,0.25010857,0.23973086,0.24363942,1.3854647
TTCATGTGTTATGGTC-1,0.053121045,0.44614744,0.33465827,0.16607322,1.180496
TTCATGTTCAGCCTCT-1,0.13475445,0.18607725,0.30075568,0.37841266,1.3120699
TTCATGTTCCACGGGT-1,0.08067809,0.40553656,0.41847232,0.09531307,1.1576964
TTCATTGCATCTCAAG-1,0.35091233,0.24373665,0.22996005,0.17539103,1.3548734
TTCATTGTCTGTGCTC-1,0.69948727,0.25943127,0.029156938,0.011924494,0.7559303
TTCATTGTCTTCCCAG-1,0.30272397,0.088392906,0.32271007,0.28617308,1.2992064
TTCCAATAGCGTCTGC-1,0.6332605,0.1967217,0.14117758,0.028840275,0.9878382
TTCCAATAGGCACAAC-1,0.15185778,0.52676094,0.2229954,0.09838597,1.1866522
TTCCAATAGTCCCAAT-1,0.43001547,0.21380161,0.22459053,0.13159247,1.295034
TTCCAATGTACCCAGC-1,0.3150585,0.06322255,0.245703,0.37601596,1.2511218
TTCCAATTCGTGGGTC-1,0.19331522,0.48320204,0.2638481,0.05963455,1.1888306
TTCCACGCACTCCTGT-1,0.98356116,0.010193361,0.0048879394,0.0013576366,0.09802181
TTCCGGTCAAATTAGG-1,0.19374776,0.39007154,0.25054434,0.16563633,1.3297925
TTCCGGTCACCCTTGT-1,0.15092699,0.11649445,0.36711225,0.36546633,1.2715997
TTCCGGTCATTCAGCA-1,0.08099572,0.09048444,0.5937093,0.23481049,1.0707417
TTCCGGTTCGTTCTAT-1,0.37831166,0.34885326,0.21053962,0.062295377,1.2360733
TTCCGTGAGATCCCAT-1,0.19995129,0.41196984,0.25667474,0.13140418,1.3029404
TTCCGTGAGCGTCAGA-1,0.21453378,0.09670936,0.31577304,0.37298384,1.2879925
TTCCGTGAGGATGAGA-1,0.14319098,0.27618998,0.2718723,0.30874673,1.3506092
TTCCGTGAGGTTCTAC-1,0.00020479642,0.0001675119,0.0022022447,0.9974254,0.019241055
TTCCGTGCAATCGCAT-1,0.6143508,0.3025163,0.065351605,0.017781278,0.91092867
TTCCGTGCAGCGACAA-1,0.333741,0.32340693,0.167159,0.17569302,1.3358688
TTCCGTGCAGCTTCCT-1,0.3174446,0.42661238,0.10887996,0.14706306,1.2510214
TTCCGTGGTTCGGTCG-1,0.23952001,0.3012803,0.2933329,0.16586675,1.3615013
TTCCGTGTCAAAGAAC-1,0.045791585,0.29540244,0.3796166,0.2791894,1.2253262
TTCCGTGTCATTCGTT-1,0.05441937,0.310793,0.3759596,0.258828,1.2392392
TTCCTAAAGCAAATGT-1,0.66790193,0.14061111,0.010753024,0.1807339,0.903345
TTCCTAAAGCAAGCCA-1,0.77227867,0.184915,0.03044892,0.012357405,0.6722858
TTCCTAAAGCATCCCG-1,0.24573666,0.26083833,0.24717994,0.24624507,1.3859818
TTCCTAACAATAGTCC-1,0.097141996,0.46503833,0.36610758,0.07171203,1.1393876
TTCCTAACAGCGGATA-1,0.024298964,0.29473764,0.57514256,0.10582082,1.0062063
TTCCTAACATCCGGTG-1,0.33990106,0.3180166,0.1601783,0.18190409,1.3344998
TTCCTAAGTGTTTACG-1,0.05456811,0.26811555,0.6312671,0.046049267,0.9437723
TTCCTAATCATGAGGG-1,0.06600601,0.2992068,0.5135249,0.12126234,1.1385152
TTCCTCTAGAAGAGCA-1,0.66890615,0.002735218,0.2711868,0.05717189,0.80260974
TTCCTCTCAATAACCC-1,0.736314,0.21174064,0.033177633,0.018767724,0.7417017
TTCCTCTCAATCTCTT-1,0.27681738,0.27446935,0.20820189,0.2405114,1.3798552
TTCCTCTCAGCGATTT-1,0.52082753,0.29131964,0.07878717,0.10906567,1.140916
TTCCTCTCATCAGCAT-1,0.0775908,0.24035946,0.4419589,0.24009089,1.2444302
TTCCTCTGTACGGTTT-1,0.19663022,0.15045847,0.45353377,0.1993775,1.2848939
TTCCTCTGTCACTGAT-1,0.6312124,0.22881489,0.093993984,0.04597862,0.99174064
TTCCTCTGTGTATTCG-1,0.06745973,0.24356294,0.52238154,0.16659582,1.1636726
TTCCTCTGTTGGATCT-1,0.26661325,0.1852645,0.27983597,0.2682863,1.3741716
TTCCTCTTCCACCCTA-1,0.082508184,0.40388024,0.48468107,0.02893049,1.0255527
TTCCTTCAGATCCCGC-1,0.054443646,0.17776506,0.43741006,0.3303812,1.1931026
TTCCTTCCAGCTGGTC-1,0.4574521,0.32684082,0.11106008,0.104646966,1.203546
TTCCTTCGTCGGTGTC-1,0.07047186,0.29675245,0.5616748,0.071100906,1.0593998
TTCCTTCTCAGACCTA-1,0.39800504,0.28678912,0.09593682,0.21926905,1.2824935
TTCCTTCTCTATCCAT-1,0.15186134,0.04098699,0.5772479,0.22990377,1.0723277
TTCGATTAGAAGGATG-1,0.07822537,0.21503197,0.20208992,0.50465274,1.198103
TTCGATTAGATACATG-1,0.029352434,0.3550551,0.5540885,0.06150401,0.96988404
TTCGATTCAGCACACC-1,0.5126304,0.30546206,0.10240151,0.07950607,1.1394575
TTCGATTCAGGTATGG-1,0.043266036,0.32000476,0.5862104,0.05051875,0.9643921
TTCGATTCAGTGGGTA-1,0.1835827,0.49511433,0.2158316,0.1054714,1.2274017
TTCGATTGTTGGGCCT-1,0.122548886,0.019093286,0.78131694,0.07704083,0.7231364
TTCGATTTCCCGATCT-1,0.044343155,0.21909726,0.36747465,0.36908492,1.2065631
TTCGATTTCTGCCCTA-1,0.329196,0.4194362,0.1742466,0.07712115,1.2322667
TTCGCTGAGGAACGAA-1,0.24694157,0.36944687,0.26632985,0.11728168,1.3169645
TTCGCTGCAACTAGAA-1,0.062521,0.0046343966,0.101934664,0.83090997,0.584903
TTCGCTGCAATTAGGA-1,0.07775031,0.021164587,0.1359774,0.7651077,0.75635254
TTCGCTGCACGATAGG-1,0.47536984,0.32194838,0.1589838,0.043697998,1.1475576
TTCGCTGCATATCGGT-1,0.06217036,0.49090877,0.41973045,0.027190404,0.984386
TTCGCTGCATGAGTAA-1,0.06304071,0.36370516,0.3928999,0.18035421,1.2180624
TTCGCTGGTCGTCTCT-1,0.19035488,0.4702891,0.22020823,0.1191478,1.2572517
TTCGCTGGTGTCCGGT-1,0.7056166,0.21158862,0.052855007,0.029939799,0.8351076
TTCGCTGTCTCGGTCT-1,0.08177891,0.32044402,0.45163986,0.14613718,1.2094809
TTCGGTCAGCCGTTAT-1,0.14365944,0.28878894,0.51920503,0.04834661,1.1242123
TTCGGTCAGTTGGGAC-1,0.008588806,0.008256694,0.016023217,0.9671313,0.17902257
TTCGGTCCAGAAGTTA-1,0.03379003,0.19212438,0.14951907,0.62456656,1.009515
TTCGGTCCATACTGAC-1,0.0058536627,0.05639658,0.21141651,0.72633326,0.7530194
TTCGGTCTCAGGTGTT-1,0.08790404,0.41979256,0.30743963,0.18486375,1.2528102
TTCGGTCTCCGTCACT-1,0.23071234,0.40489915,0.17732432,0.18706408,1.3247428
TTCGGTCTCTCCTACG-1,0.15026607,0.086739995,0.19145669,0.57153726,1.1331003
TTCTAACAGTCGTTAC-1,0.049346894,0.054032385,0.6409219,0.25569883,0.9399779
TTCTAACAGTCTCGTA-1,0.20762622,0.47395718,0.25817245,0.060244136,1.1991117
TTCTAACCAAAGGGTC-1,0.035447836,0.06925767,0.039542917,0.85575163,0.5643404
TTCTAACCAATGCAAA-1,0.23351574,0.34687513,0.2663561,0.15325303,1.3467376
TTCTAACCACCCAATA-1,0.106091216,0.34085995,0.42740074,0.12564816,1.228806
TTCTAACCATTGCAAC-1,0.14638563,0.3380864,0.45424175,0.061286185,1.177498
TTCTAACGTAGACGGT-1,0.097343095,0.3273967,0.25240424,0.32285595,1.3048228
TTCTAACGTGTTCATG-1,0.02897782,0.04055786,0.014147516,0.9163168,0.37292892
TTCTAACGTTCCGCGA-1,0.060695298,0.15951465,0.12432732,0.65546274,0.99894845
TTCTAACGTTGCCAAT-1,0.21452355,0.26731008,0.22103874,0.2971276,1.3771302
TTCTAACTCAGCTTCC-1,0.32127938,0.3879081,0.22178201,0.0690305,1.2506884
TTCTAACTCCCGAACG-1,0.07910765,0.29683086,0.40707186,0.21698964,1.2586224
TTCTAACTCCTACCAC-1,0.18249355,0.28308916,0.3042722,0.23014508,1.3678122
TTCTAGTAGAAGGTAG-1,0.23944074,0.38323018,0.18479829,0.19253074,1.3390565
TTCTAGTCAAAGGCTG-1,0.10590494,0.3234279,0.5257371,0.044930104,1.0802848
TTCTAGTCACCTGCTT-1,0.71162635,0.22240226,0.042020746,0.02395067,0.7989937
TTCTAGTCAGCATACT-1,0.45093852,0.3315257,0.13469243,0.0828434,1.2015321
TTCTAGTCAGGCTTGC-1,0.8917145,0.047882635,0.004474667,0.055928327,0.4331988
TTCTAGTGTACTTGTG-1,0.22501609,0.25943166,0.4316134,0.08393888,1.2562964
TTCTAGTGTCCACTTC-1,0.22079046,0.12494054,0.43921328,0.21505576,1.2852608
TTCTAGTGTGAGCTCC-1,0.32238355,0.08330502,0.3054867,0.28882465,1.2929387
TTCTAGTGTTCAAACC-1,0.0070856097,0.103264436,0.121392146,0.76825786,0.7280484
TTCTAGTTCACATCAG-1,0.34830704,0.34697822,0.24437979,0.060334958,1.2483735
TTCTAGTTCCAAAGGG-1,0.07673233,0.29524702,0.51242787,0.11559273,1.1492088
TTCTAGTTCTCAGTCC-1,0.33381552,0.41501063,0.21091665,0.04025714,1.1888057
TTCTAGTTCTGCCTGT-1,0.054868244,0.0011222478,0.038275793,0.90573376,0.38146356
TTCTCTCAGCAACTTC-1,0.9256716,0.009355108,0.0028332327,0.062140126,0.3044691
TTCTCTCAGTGGATAT-1,0.5959488,0.15950103,0.04877849,0.19577168,1.0678596
TTCTCTCCAAGATGTA-1,0.0770755,0.18126185,0.46480516,0.27685747,1.2187628
TTCTCTCCAAGTACCT-1,0.21538058,0.2716603,0.20634335,0.30661574,1.3728355
TTCTCTCCACTTCTCG-1,0.56561875,0.24214572,0.061914843,0.13032067,1.1035329
TTCTCTCGTAGACACG-1,0.1914434,0.47285098,0.2215342,0.1141714,1.2522904
TTCTCTCTCCATATGG-1,0.25079387,0.11992428,0.17737074,0.45191115,1.2669301
TTCTCTCTCTTGAACG-1,0.3741215,0.44848725,0.14509794,0.032293197,1.118406
TTCTGTAAGAAACTGT-1,0.16923012,0.069265224,0.3385641,0.42294058,1.2161912
TTCTGTAAGGAGAGGC-1,0.29597092,0.09070452,0.31471288,0.2986116,1.3027904
TTCTGTAAGGCGTTAG-1,0.6675688,0.2515943,0.065726765,0.015110085,0.8592295
TTCTGTACACGCAGTC-1,0.081492566,0.25847566,0.4035537,0.25647798,1.2692232
TTCTGTAGTGTCGCTG-1,0.19128792,0.19245584,0.56132925,0.05492697,1.117054
TTCTGTAGTTATAGAG-1,0.0015069179,0.0008313289,0.003527298,0.9941345,0.041455384
TTCTGTATCGAAGTGG-1,0.04791349,0.3722253,0.47311372,0.10674745,1.1063447
TTCTTCCAGGGTGAAA-1,0.278042,0.4175523,0.19119924,0.113206536,1.2835091
TTCTTCCCACCACTGG-1,0.4655354,0.3517732,0.16281942,0.019871926,1.0968575
TTCTTCCCAGTAGTTC-1,0.1788068,0.29206082,0.18386751,0.34526485,1.34583
TTCTTCCCATTATGCG-1,0.07155328,0.4310624,0.47622326,0.02116101,0.98633176
TTCTTCCCATTGAAAG-1,0.25196272,0.27995014,0.32274935,0.14533783,1.3490437
TTCTTCCGTCGCATCG-1,0.2057693,0.33092412,0.333204,0.13010256,1.3228056
TTCTTCCTCCGTGCGA-1,0.13568714,0.023555083,0.68662435,0.1541334,0.9056846
TTCTTCCTCGTAGAGG-1,0.15697126,0.1344079,0.2682806,0.44034028,1.2745556
TTCTTCCTCTATTGTC-1,0.047854535,0.36090174,0.42953074,0.16171305,1.1708813
TTCTTCCTCTGGGTCG-1,0.26081792,0.36955547,0.16094159,0.20868506,1.3393862
TTCTTGAAGCAGAAAG-1,0.2172729,0.47916833,0.23514543,0.068413325,1.2080972
TTCTTGAAGTAGTCAA-1,0.20554428,0.5754211,0.16696642,0.05206818,1.0959342
TTCTTGACAATACCTG-1,0.007870049,0.025986873,0.025217986,0.9409251,0.28308603
TTCTTGACACCATAAC-1,0.41797218,0.23036037,0.11224586,0.23942158,1.2905575
TTCTTGACACCTTCGT-1,0.4360306,0.26749402,0.064032584,0.23244283,1.2298019
TTCTTGAGTCTCTCAC-1,0.38553962,0.42693114,0.16930427,0.018224876,1.1045214
TTCTTGAGTGACCTGC-1,0.22313024,0.05939704,0.34756356,0.3699091,1.2375853
TTCTTGAGTTACGTAC-1,0.32279232,0.4431256,0.1892997,0.044782333,1.1798232
TTCTTGAGTTAGTTCG-1,0.97280496,0.0015357616,0.024156027,0.0015033117,0.13648161
TTCTTGATCGCCTCTA-1,0.10636602,0.32806408,0.29179937,0.2737705,1.3180611
TTCTTGATCTCGCAGG-1,0.44121414,0.22750044,0.16814868,0.1631367,1.2934376
TTGAACGAGCGAACTG-1,0.4861485,0.32526365,0.11611675,0.07247105,1.1561631
TTGAACGCAAGGTCTT-1,0.33137485,0.37718773,0.21477512,0.07666227,1.2610224
TTGAACGCATGTCAGT-1,0.02285075,0.0359242,0.027774904,0.9134501,0.38807023
TTGAACGGTAATGTGA-1,0.1090518,0.035171125,0.4012682,0.45450884,1.0841935
TTGAACGTCCAACCAA-1,0.44388172,0.18664767,0.18469265,0.184778,1.2977872
TTGACCCAGCGCTTCG-1,0.05053621,0.15318647,0.17052317,0.6257541,1.0332347
TTGACCCCAGGTGTTT-1,0.4210866,0.32781595,0.1720887,0.07900871,1.2331909
TTGACCCGTTCTCGTC-1,0.08249826,0.23004273,0.22999689,0.45746204,1.2396643
TTGACCCTCCATTCAT-1,0.15978673,0.100225314,0.3055413,0.43444666,1.2480488
TTGAGTGAGAATTTGG-1,0.05881114,0.4488623,0.28825778,0.20406875,1.2090832
TTGAGTGAGATTGCGG-1,0.5720416,0.27662644,0.083773576,0.06755839,1.0647813
TTGAGTGAGGATACAT-1,0.3216813,0.36355165,0.20771086,0.10705619,1.2983495
TTGAGTGGTCGAGATG-1,0.6066489,0.19338173,0.033139654,0.16682966,1.0326128
TTGAGTGTCAATGCAC-1,0.11220923,0.37168676,0.46284282,0.053261194,1.1260554
TTGAGTGTCCACGAAT-1,0.17179126,0.36258593,0.23666865,0.22895417,1.349041
TTGATGGAGCACTGGA-1,0.17095137,0.25432637,0.47469613,0.100026146,1.2341514
TTGATGGCAACGGCCT-1,0.013612098,0.06259332,0.47264108,0.45115346,0.9452413
TTGATGGCATAACCCA-1,0.025636002,0.15442221,0.2102567,0.60968506,1.0119545
TTGATGGGTACATACC-1,0.43232465,0.29103303,0.14692748,0.1297148,1.2684773
TTGCATTAGGATTACA-1,0.50915813,0.3134345,0.0935361,0.08387131,1.1368135
TTGCATTAGGTCCGAA-1,0.0714412,0.18131599,0.7102521,0.03699069,0.86308837
TTGCATTCATCAGCGC-1,0.41177097,0.436168,0.108911045,0.04314996,1.1043638
TTGCATTGTGCATTTG-1,0.104821235,0.039964043,0.57019925,0.28501546,1.0431747
TTGCATTTCAACCCGG-1,0.25728005,0.36206108,0.14243354,0.23822528,1.3364433
TTGCCTGAGAATCGCG-1,0.2319977,0.5983181,0.12491704,0.044767212,1.0451709
TTGCCTGAGCATAGGC-1,0.32275996,0.18043369,0.44329253,0.053513832,1.1912735
TTGCCTGAGGCTCTCG-1,0.09291001,0.17552252,0.5298231,0.20174438,1.1856658
TTGCCTGCACCTGAAT-1,0.32106775,0.17431138,0.40418234,0.10043857,1.2662458
TTGCCTGCACTGCACG-1,0.4148083,0.33675575,0.12098155,0.12745441,1.2496128
TTGCCTGCAGTGTATC-1,0.012681277,0.0004371689,0.035783045,0.9510985,0.22562212
TTGCCTGCATCTTCGC-1,0.0057020546,0.0026212444,0.0025537855,0.9891229,0.07110732
TTGCCTGGTAGCGTCC-1,0.78848296,0.06925543,0.004007144,0.13825443,0.66796404
TTGCCTGGTAGCTTGT-1,0.011062957,0.06948755,0.22092658,0.6985229,0.8193289
TTGCCTGGTTATCTTC-1,0.53793526,0.3265571,0.09715616,0.038351506,1.0505717
TTGCCTGTCATTCATC-1,0.22035679,0.098713666,0.2770528,0.40387675,1.2836493
TTGCGTCAGGATGCGT-1,0.1880065,0.4361841,0.27564567,0.10016378,1.2617887
TTGCGTCGTCTTACAG-1,0.011590129,0.23146862,0.70035475,0.056586504,0.8023345
TTGCTGCAGGACGCAT-1,0.11983234,0.36502284,0.40725914,0.10788569,1.2281823
TTGCTGCAGGTCGTAG-1,0.20736945,0.08772238,0.2998847,0.4050235,1.2669566
TTGCTGCAGTGATCGG-1,0.2848744,0.084824786,0.31092653,0.31937423,1.2947508
TTGCTGCAGTTGAAAC-1,0.93297887,0.020956408,0.0008270078,0.045237727,0.29164422
TTGCTGCCAGAGGCTA-1,0.1464772,0.30609176,0.14973757,0.3976935,1.2947739
TTGCTGCGTCAGTCCG-1,0.058428366,0.29000202,0.40933397,0.24223563,1.2339971
TTGCTGCGTCAGTCGC-1,0.5966875,0.21767344,0.03003396,0.15560514,1.0347811
TTGCTGCGTCGACGCT-1,0.30881172,0.14030768,0.25255144,0.29832917,1.3468064
TTGCTGCGTGTGTACT-1,0.24862336,0.3211486,0.21432404,0.21590394,1.3718951
TTGCTGCTCATTCACT-1,0.0649157,0.25218847,0.11532253,0.5675733,1.0954967
TTGGATGAGTTGCTGT-1,0.07865254,0.28703415,0.51241434,0.12189895,1.1574092
TTGGATGCAATCGCCG-1,0.025591914,0.018105123,0.010355278,0.94594765,0.26632714
TTGGATGCACGTAGTT-1,0.03900471,0.3350511,0.5289308,0.09701339,1.0561011
TTGGATGGTCGACTTA-1,0.04350469,0.3702563,0.4474771,0.13876191,1.1381379
TTGGATGGTTAGGCTT-1,0.10018904,0.10559528,0.3364134,0.45780218,1.1920805
TTGGATGGTTTACGTG-1,0.75128555,0.04609778,0.0044022445,0.1982144,0.70136356
TTGGATGTCAACTCTT-1,0.10521128,0.5237784,0.24543339,0.12557693,1.1809529
TTGGATGTCGTTCAGA-1,0.110286534,0.3903672,0.36171442,0.13763188,1.2511269
TTGGATGTCTCAATCT-1,0.44325188,0.19543926,0.27754778,0.083761126,1.243153
TTGGGATAGAGCATAT-1,0.20390311,0.36959463,0.20112386,0.22537838,1.3504813
TTGGGATAGGCCTAAG-1,0.47069228,0.3592563,0.13315281,0.036898624,1.1126885
TTGGGATCACAGTCGC-1,0.46741837,0.33713785,0.13395098,0.06149283,1.162816
TTGGGATCACCGTGCA-1,0.13333695,0.40518323,0.32370374,0.13777609,1.2729099
TTGGGATTCGAGAGAC-1,0.15147702,0.46592945,0.29444322,0.088150315,1.2158244
TTGGGATTCGGCCAAC-1,0.4834348,0.07311006,0.20453866,0.23891646,1.2092649
TTGGGATTCTACCAGA-1,0.06525154,0.45064485,0.24926007,0.23484346,1.2238388
TTGGGCGAGTACGAGC-1,0.079477765,0.23344894,0.19832484,0.4887484,1.2116377
TTGGGTAAGCCAGTAG-1,0.12085743,0.4105365,0.4176212,0.050984893,1.1372871
TTGGGTAAGTTTGTCG-1,0.9705865,0.02175788,0.0058683194,0.001787304,0.15372188
TTGGGTACATGACAGG-1,0.72542953,0.12952808,0.037888285,0.10715415,0.86093366
TTGGGTAGTCATTCCC-1,0.21818943,0.42826918,0.16308287,0.1904585,1.3069351
TTGGGTATCAGACCGC-1,0.042276073,0.26192743,0.3077532,0.38804325,1.2146534
TTGGGTATCCATAGGT-1,0.08242479,0.2677032,0.2891243,0.36074772,1.285105
TTGGTTTAGCAATAGT-1,0.11923664,0.38232395,0.42899048,0.069448955,1.1694686
TTGGTTTTCCTTGGAA-1,0.76088643,0.16701528,0.06411863,0.0079797,0.7215146
TTGTGGATCACGGAGA-1,0.1862596,0.33144736,0.1678291,0.31446397,1.3423849
TTGTGGATCGCCAATA-1,0.005067276,0.008017599,0.020839574,0.96607554,0.17948453
TTGTGGATCTGTACAG-1,0.04247586,0.18489249,0.32476825,0.44786337,1.1712708
TTGTGTTAGGCTAAAT-1,0.6876224,0.0055857366,0.056453217,0.25033858,0.79547143
TTGTGTTCAGACCAAG-1,0.36689103,0.27893043,0.2809192,0.07325937,1.2721759
TTGTGTTGTTACAGCT-1,0.25704172,0.45725164,0.19446035,0.0912463,1.2439001
TTGTTCAAGCACTTTG-1,0.250553,0.35027933,0.3512521,0.047915556,1.2273186
TTGTTCAAGCCAAGGT-1,0.12923378,0.2987025,0.17667077,0.39539292,1.2984822
TTGTTCAAGCTTTGTG-1,0.0012898337,0.03439593,0.46613336,0.4981809,0.82741
TTGTTCAAGGGACCAT-1,0.63144845,0.21027519,0.09614382,0.062132567,1.0159862
TTGTTCAAGTCCTGTA-1,0.12393237,0.41723996,0.34656903,0.11225868,1.2362341
TTGTTCAAGTGTACCT-1,0.20793407,0.33516735,0.20762195,0.24927665,1.3656298
TTGTTCATCGCGTTTC-1,0.16254058,0.3147006,0.214306,0.30845284,1.3520485
TTGTTCATCTACTGCC-1,0.24658588,0.09390518,0.25639555,0.40311337,1.2825679
TTGTTGTAGGAACGTC-1,0.8277121,0.1508057,0.013914687,0.0075675817,0.5382425
TTGTTGTTCCATATGG-1,0.17978923,0.036352444,0.5623119,0.22154646,1.0866228
TTGTTTGAGCTGTTAC-1,0.028377557,0.39713162,0.46690917,0.10758164,1.0632929
TTGTTTGCAAAGACTA-1,0.33078125,0.07585286,0.27498293,0.31838292,1.2809693
TTGTTTGCAAGGAGTC-1,0.09238751,0.21845344,0.6411822,0.047976844,0.98302823
TTGTTTGCAGTATGAA-1,0.09014342,0.13259374,0.72489184,0.052370925,0.8725025
TTGTTTGGTACAAGTA-1,0.6857596,0.14276756,0.086668655,0.08480424,0.9577994
TTGTTTGGTGGACCAA-1,0.70277625,0.059345458,0.22947805,0.0084002875,0.7934239
TTGTTTGTCGCAATTG-1,0.6310638,0.08309705,0.0091773635,0.27666172,0.8957839
TTGTTTGTCGCTAATG-1,0.45434415,0.3608731,0.110236056,0.07454673,1.1628773
TTGTTTGTCTCGCTCA-1,0.8512739,0.041204263,0.10640466,0.0011171843,0.51447624
TTGTTTGTCTCTCAAT-1,0.12637791,0.41980663,0.21359962,0.24021581,1.2981093
TTTACCAAGCATCAAA-1,0.01984244,0.0046040253,0.004523444,0.9710301,0.15552033
TTTACCAAGCGTCGAA-1,0.32126322,0.3931161,0.12726085,0.15835981,1.2860149
TTTACCACAGCGCTTG-1,0.261627,0.18869984,0.33254108,0.21713208,1.363214
TTTACCACAGCTCTGG-1,0.046406105,0.07302719,0.4500511,0.4305156,1.0557328
TTTACCACATGTTTGG-1,0.37075403,0.16573767,0.39391553,0.069592744,1.2182071
TTTACCACATTCAGCA-1,0.08497394,0.35677293,0.3778772,0.18037589,1.2538825
TTTACCAGTTGCTCCT-1,0.043422326,0.117458664,0.06404332,0.77507573,0.7612525
TTTACCATCCATAGAC-1,0.10905704,0.4611797,0.15744412,0.27231914,1.2438878
TTTACCATCGTGCAGC-1,0.03850967,0.28932276,0.4235134,0.24865416,1.1941619
TTTACGTAGACTAAGT-1,0.51958966,0.017659254,0.17477554,0.28797552,1.0748128
TTTACGTAGCTACTAC-1,0.31797495,0.39244583,0.19728616,0.09229315,1.271537
TTTACGTCACTCTCGT-1,0.17325044,0.099081196,0.29557016,0.43209818,1.2555985
TTTACGTGTAGCACGA-1,0.042575575,0.094657466,0.063323356,0.7994436,0.7112305
TTTACGTGTCATCGGC-1,0.33223444,0.45200485,0.13550925,0.08025145,1.1983
TTTACTGCAGAAGCGT-1,0.50919855,0.19287989,0.075237274,0.22268432,1.1902058
TTTACTGCAGAGATGC-1,0.022018606,0.13742507,0.53530073,0.30525556,1.053506
TTTACTGGTATCGTAC-1,0.55263305,0.26043332,0.08026255,0.10667107,1.1193231
TTTACTGTCCGATAAC-1,0.35838863,0.48490936,0.11185763,0.044844415,1.1029794
TTTACTGTCCGGCAAC-1,0.7205971,0.20288247,0.0647925,0.011727948,0.7891941
TTTAGTCAGCAAATGT-1,0.080163494,0.35519946,0.46284193,0.10179515,1.1591063
TTTAGTCAGGTAGATT-1,0.043132596,0.2768375,0.36040214,0.31962773,1.2235053
TTTAGTCAGTAAGAGG-1,0.06927366,0.37625262,0.476091,0.07838273,1.1056277
TTTAGTCCAAAGTGTA-1,0.15281777,0.43149012,0.31050745,0.10518475,1.2497748
TTTAGTCCAATTGAAG-1,0.4622132,0.39559054,0.099085905,0.043110456,1.0881668
TTTAGTCCAGAAATTG-1,0.1159189,0.3707604,0.46551508,0.047805633,1.118954
TTTAGTCGTTCAGCGC-1,0.4808087,0.32788125,0.07562918,0.11568081,1.1624932
TTTAGTCTCCAATGCA-1,0.055207722,0.03245666,0.021730063,0.8906055,0.4575597
TTTAGTCTCTCGGTCT-1,0.059771292,0.20970877,0.11116906,0.6193509,1.0368881
TTTATGCCAACCAGAG-1,0.04004122,0.24603017,0.57423836,0.13969024,1.0673472
TTTATGCCAATTTCTC-1,0.3887237,0.16192673,0.22158542,0.22776414,1.3329873
TTTATGCCATAACCCA-1,0.85069907,0.123855576,0.016446695,0.008998722,0.50619197
TTTATGCCATAATCCG-1,0.008770004,0.21814989,0.61652154,0.15655854,0.9621861
TTTATGCGTAACGTTC-1,0.03194238,0.12615252,0.11707268,0.7248324,0.8555509
TTTATGCTCCTTTAGT-1,0.79913837,0.14746049,0.043487288,0.0099138655,0.6435378
TTTATGCTCGGCTGTG-1,0.86009264,0.008817537,0.014776195,0.11631362,0.4838674
TTTATGCTCGTCGGGT-1,0.12428305,0.124220885,0.26921096,0.4822851,1.2232076
TTTATGCTCTGCAGCG-1,0.9730493,0.013304401,0.0004573102,0.01318898,0.1446583
TTTCACAAGCGAGGAG-1,0.85071665,0.0022278042,0.07074518,0.07631041,0.5348685
TTTCACACACTAGTAC-1,0.08384042,0.3278736,0.35113087,0.2371551,1.2822158
TTTCACACAGGCGTTC-1,0.582373,0.2806479,0.08224241,0.05473667,1.0359337
TTTCACAGTAGGACTG-1,0.36214668,0.40447873,0.1426464,0.09072821,1.2294761
TTTCACAGTCGTATTG-1,0.5086928,0.29073244,0.10419249,0.09638228,1.1641006
TTTCACATCCAGTACA-1,0.07089364,0.3259757,0.3938517,0.20927896,1.2473359
TTTCAGTAGAAGCCTG-1,0.36259657,0.10439733,0.35072526,0.18228085,1.2814853
TTTCAGTCAACACAGG-1,0.030003978,0.26672098,0.6383166,0.06495844,0.92184293
TTTCAGTCAGAAATTG-1,0.49459037,0.27955878,0.18140863,0.044442255,1.1525527
TTTCAGTCAGTTCTAG-1,0.84179217,0.05971354,0.09185109,0.006643212,0.56587225
TTTCAGTGTGGCTAGA-1,0.3649865,0.24559724,0.23790781,0.15150847,1.3402207
TTTCAGTTCACTCACC-1,0.828677,0.09563156,0.007342123,0.068349265,0.59967005
TTTCAGTTCAGGAGAC-1,0.12651081,0.49830377,0.14898612,0.22619934,1.2285069
TTTCAGTTCATTGTTC-1,0.06214849,0.4167247,0.49432278,0.02680401,0.9827266
TTTCATGAGCACTCTA-1,0.43239796,0.3909726,0.115527496,0.061101936,1.1498253
TTTCATGCAAGAATAC-1,0.38525242,0.20445529,0.03922328,0.37106898,1.1869187
TTTCATGCACTTGACA-1,0.8125293,0.009803919,0.15248187,0.02518491,0.5935192
TTTCATGTCATGACAC-1,0.26848042,0.50659686,0.19685377,0.02806897,1.1177899
TTTCCTCAGCTTTCTT-1,0.09399169,0.36256424,0.35570487,0.18773921,1.2717962
TTTCCTCCAAGACCTT-1,0.81784886,0.017748,0.16005245,0.0043505975,0.55291474
TTTCCTCCAAGTGCAG-1,0.15634057,0.4894272,0.17312522,0.18110703,1.2528977
TTTCCTCCATTAAAGG-1,0.39998448,0.30662462,0.26065955,0.032731373,1.1913776
TTTCCTCGTCTACGAT-1,0.209221,0.24605182,0.47144556,0.0732817,1.2183367
TTTCCTCTCCTGGGTG-1,0.33699003,0.36109844,0.17819901,0.12371256,1.3002625
TTTCGATAGATAGCAT-1,0.03944287,0.10631418,0.12707525,0.7271677,0.8596304
TTTCGATAGATCCCGC-1,0.38030863,0.3577455,0.14684083,0.11510512,1.2659576
TTTCGATCAAGCCTGC-1,0.22278768,0.3615681,0.3894622,0.026182028,1.1649798
TTTCGATGTATTGGCT-1,0.2889353,0.18314222,0.26860195,0.2593205,1.3726972
TTTCGATGTCGCTGCA-1,0.056889206,0.39990145,0.24780108,0.29540825,1.2355404
TTTCGATGTGAATTGA-1,0.5332925,0.27093187,0.10532813,0.09044762,1.1434833
TTTCGATGTTGGACCC-1,0.11777109,0.070358045,0.63925135,0.17261954,1.0279278
TTTCGATTCCTACTGC-1,0.764056,0.19047825,0.039259274,0.006206497,0.6801195
TTTCGATTCGAACTCA-1,0.1826851,0.47354072,0.15557788,0.18819632,1.2683512
TTTCGATTCTCGTCGT-1,0.11312965,0.24622378,0.12672932,0.51391727,1.1955168
TTTGACTAGATGGTCG-1,0.35196087,0.37108698,0.15219098,0.124761164,1.2815852
TTTGACTAGTATTAGG-1,0.25413764,0.078503884,0.31565553,0.35170293,1.2794015
TTTGACTTCGGTCTGG-1,0.16198657,0.36811033,0.35413086,0.11577222,1.2799735
TTTGACTTCTCTATAC-1,0.24510188,0.47102952,0.16286726,0.1210014,1.2503645
TTTGATCAGATAGCAT-1,0.12743874,0.031315807,0.50906956,0.3321759,1.0808022
TTTGATCAGCATTTCG-1,0.8732788,0.07655851,0.0021827866,0.04797979,0.47414967
TTTGATCAGGCCCAAA-1,0.5124433,0.30944613,0.07524727,0.102863304,1.1341836
TTTGATCAGTTACTCG-1,0.7946703,0.14837478,0.022594653,0.03436025,0.66719675
TTTGATCCAAGAAATC-1,0.28306466,0.3788764,0.19754979,0.14050919,1.3210931
TTTGATCCACAGCTTA-1,0.10238923,0.19119339,0.25152588,0.45489156,1.2551408
TTTGATCCACCAAAGG-1,0.12362256,0.18390967,0.049930464,0.64253736,1.0037135
TTTGATCGTGCATTAC-1,0.24625264,0.24670254,0.16468102,0.34236377,1.3543917
TTTGGAGAGGTCTGGA-1,0.11669207,0.3365224,0.37215734,0.17462815,1.2897809
TTTGGAGCATTGCTTT-1,0.38660574,0.27545685,0.1689889,0.16894859,1.3234309
TTTGGAGGTCACTCGG-1,0.32159647,0.0923714,0.4016674,0.18436477,1.262965
TTTGGAGGTGCACGCT-1,0.07061576,0.2761388,0.30459762,0.3486478,1.2719792
TTTGGAGGTTTCGTAG-1,0.16995682,0.3834807,0.36485428,0.081708245,1.241266
TTTGGAGTCGAACGCC-1,0.24198748,0.27087295,0.24415007,0.24298954,1.3851483
TTTGGTTAGCACACCC-1,0.09419854,0.16314152,0.22666651,0.5159934,1.1961764
TTTGGTTCAACCACAT-1,0.25048044,0.26528332,0.072679855,0.4115564,1.2547059
TTTGGTTCAGGGCTTC-1,0.13445912,0.13984437,0.6353376,0.090358935,1.050305
TTTGGTTTCACCCTTG-1,0.29402903,0.14091988,0.40702444,0.15802656,1.2934804
TTTGGTTTCACGGGCT-1,0.121348284,0.64069957,0.20760174,0.030350363,0.97362113
TTTGTTGCAGAGTCTT-1,0.99195087,0.0004529917,0.0073081483,0.0002879643,0.049799204
TTTGTTGCAGTAGGAC-1,0.19038385,0.013440111,0.55028856,0.2458875,1.0473577
TTTGTTGCAGTATACC-1,0.17624213,0.4362492,0.30045807,0.08705068,1.2416238
TTTGTTGGTAACAGTA-1,0.3550524,0.35277376,0.17880684,0.11336701,1.2898391
TTTGTTGTCCGTCCTA-1,0.19774088,0.1735871,0.45680192,0.17187016,1.285035
TTTGTTGTCCTTCACG-1,0.04065245,0.21758777,0.6856424,0.056117304,0.88244814
